time_s,x_m,y_m,vx_mps,vy_mps,ax_mps2,ay_mps2,speed_mps,accel_mps2
0.0,50.71439802849242,-4.027260576695547,0.0,0.0,0.0,0.0,0.0,0.0
0.1000000000000227,52.08651182057862,-2.065342193246824,0.13639369561058776,0.19502267257153985,0.006785756000528281,0.009702620525949439,0.23798546808420826,0.011840073039018
0.2000000000000454,51.81979218522504,-2.013138436186493,-1.2241921196724446,0.35451809377522203,-0.1912802583979349,0.03276826939271288,1.2744918299785721,0.1940667326766083
0.3000000000000682,51.43089389022685,-1.3503779893867374,-2.54267539721378,3.426775239160094,-0.49659440630694596,0.7538975445841702,4.267081756343201,0.902755510703418
0.4000000000000909,50.99590434519404,-0.9806291015993943,-3.3137603056257934,3.596479726991776,-0.7782749960735481,0.790722734304683,4.890365404527968,1.109483849391038
0.5000000000001137,50.48957093093084,-1.3309390997044643,-3.9854298937712804,1.1972645280689806,-1.1534804167557793,-0.7751260183913538,4.161381235640157,1.3897256622176621
0.6000000000001364,50.009955214541776,-1.5519430274195416,-4.340556190603295,0.04717911180501222,-1.3740426450736793,-1.7617419641468235,4.340812586644959,2.23421752269491
0.7000000000001592,49.08242444504086,-1.656524248852248,-5.981460901513886,-0.43948802040360135,-3.133586566885937,-2.1251112995193235,5.9975848669625,3.7862201213760276
0.8000000000001819,48.33230335806602,-2.2449542893957863,-6.715266031689237,-2.2987057280014307,-3.690230638696498,-4.305244829613129,7.09780571023932,5.670355827431375
0.9000000000002046,48.3171150346837,-1.2271115411376454,-5.001142805686078,1.1890463955323978,-0.815846210629791,1.1013045410770994,5.1405506216352155,1.3705753286835531
1.0000000000002274,47.73605854460492,0.22975392858075483,-5.317651816436094,5.371696822845818,-1.137241413666499,6.67283496158078,7.558607517090563,6.769050484185573
1.10000000000025,48.05444926439829,1.1868252374746269,-2.8761625275740013,7.193031607569137,2.23346622698561,8.195200745218074,7.746742192206315,8.494097164590727
1.2000000000002728,48.18656716571708,1.9440396996414615,-1.4742681216005202,8.003711272350243,3.7108549221090565,8.184118698654672,8.138357366539877,8.986113905721986
1.3000000000002956,48.733027361651395,2.032077576127728,0.7651357425419456,6.738234821467955,5.92094432462102,5.719025188418401,6.781536788498496,8.231939674282483
1.4000000000003183,49.05164638150438,2.155822775092009,1.9186791787889663,5.781222035969298,6.545918761242063,4.017119985042442,6.091293624534553,7.6802542537996885
1.500000000000341,48.65181966122793,2.3602980339415938,1.0006655023020135,5.19132295613526,4.899480639052321,2.9789535617769234,5.286886180200429,5.7340278038802674
1.6000000000003638,48.269760365318604,2.580812371664588,0.27479404261993934,4.736834971637126,3.701392987634022,2.2375432026663153,4.744798975128862,4.325148509901659
1.7000000000003863,49.012467070768,2.860421077525472,2.2392667643339506,4.490878765504156,5.182191700301203,1.8012814190228246,5.018197657357348,5.486321679339223
1.8000000000004093,48.961490570082205,2.910370365849025,2.100250500147816,3.7792690485116567,4.605851591312336,1.019302438541163,4.3236473843746035,4.717292268071837
1.900000000000432,48.74166105087133,2.3348359669187944,1.6145131248099078,1.8782466422529263,3.8209022785791236,-0.6420933846334969,2.476784827012198,3.874477788946691
2.0000000000004547,48.21090410822063,2.7436046323215026,0.57243887956831,2.262831202871473,2.7013967350810804,-0.28930600129370465,2.334114676602283,2.716844177109036
2.100000000000477,48.74277453178763,2.759984759307141,1.728960595984308,1.8331974336450905,3.3629447195152404,-0.5883693408474703,2.51990427857674,3.4140263132794866
2.2000000000005,49.116024143869204,2.8290716784189365,2.4046590456003765,1.568558813413066,3.6038916853983065,-0.7344704330975558,2.871021051250499,3.677972552531837
2.300000000000523,49.07557024150502,2.620310556844417,2.2321786987589856,0.8499329896792036,3.243435081376318,-1.1708980114556535,2.3885158216219518,3.4483145564657245
2.4000000000005457,49.01747598871743,2.4983800163147314,2.044291698066867,0.3866794465362436,2.9127151026321,-1.3943975168969092,2.080540684812169,3.2292806790722595
2.5000000000005684,48.121793847434525,1.3040094972231027,0.4785950625624207,-1.7952988230554523,1.7664901718842225,-2.6551668933495898,1.857996527976686,3.189106263344522
2.600000000000591,47.37151457644368,0.3625779602917657,-0.6480035274064493,-3.2698360756981177,0.9962184099567245,-3.369746681864889,3.333427145366772,3.5139214305781135
2.700000000000614,46.298052779904275,0.16988230306132113,-2.138118946057623,-3.3697768695576156,0.09516407657083148,-3.23539718585503,3.9908581505856713,3.236796433467546
2.8000000000006366,45.65909784886404,0.19767727718483574,-2.7779209881063087,-3.112144888981837,-0.25828491784465957,-2.919043087577977,4.171605305656001,2.9304476869452545
2.9000000000006594,44.567593640650486,-0.20888523104920828,-4.011297422766656,-3.5240767697244393,-0.8904514803717039,-2.981879033792544,5.339440428809545,3.111993960641266
3.000000000000682,42.94323953575846,-0.5422803224541621,-5.8679604969039065,-3.773066713138778,-1.7816414891595596,-2.957074617789435,6.976316564994782,3.4523233757962517
3.100000000000705,42.24490345123215,-0.8925667250321563,-6.191574362721378,-4.009527263672467,-1.8523594639256256,-2.9282686382133316,7.376442365208411,3.4649664935087885
3.200000000000728,41.57698290347146,-1.1980321628406176,-6.4315871759908845,-4.149637653937383,-1.878076118484208,-2.8565712772692873,7.6540712213400095,3.4186502261770797
3.3000000000007503,40.970367943056694,-1.17083661905514,-6.5569876156553315,-3.8151619959602585,-1.849748911234184,-2.5750871252334053,7.586141815658132,3.1705905975314588
3.400000000000773,40.375741536943465,-1.1696758572778627,-6.648243834257254,-3.5455082273085474,-1.8085689188636758,-2.343451887892413,7.534571963267203,2.9601838262422553
3.500000000000796,39.62384785316564,-1.2515463558673294,-6.931223633870466,-3.4076269974587468,-1.8520600930541347,-2.1849314895638527,7.723586137056686,2.8642716704899702
3.6000000000008185,38.91204846244494,-1.3423609343703264,-7.1285466032958915,-3.2904424634987173,-1.8570674093970831,-2.046213169870739,7.8513176143216175,2.763274814345698
3.700000000000841,38.593207792309045,-1.0627380927953096,-6.803538131458469,-2.7113265388328305,-1.6520323626526905,-1.7315689259606657,7.323893957888018,2.393228336913217
3.800000000000864,38.54103955363689,-0.7623673907233977,-6.174796598313555,-2.160751737810562,-1.3420254548889319,-1.4489777016920975,6.541938634915189,1.9749857471816747
3.900000000000887,38.64174626204894,-0.6785018973464777,-5.417381576646364,-1.9278134451731543,-1.0030450040897516,-1.3053297481116133,5.750172851869571,1.6462032169615444
4.0000000000009095,38.66008649465492,-0.12916829874688474,-4.831771422036584,-1.1496399237216852,-0.7488578214534508,-0.9685800629456269,4.966657530877707,1.224310162943918
4.100000000000932,38.7586787540939,-0.5397809720918677,-4.2047404891442755,-1.595117341480417,-0.49504206568583153,-1.0946421690336494,4.497137079758721,1.2013775946908565
4.200000000000955,38.78091727233634,-0.8753813262769294,-3.726745336637906,-1.9067423623154667,-0.30872378836216113,-1.1660474742400249,4.186203201040383,1.2062243115118456
4.300000000000978,39.54556481245469,-1.4391722091191643,-2.4228880006617306,-2.4538000484754576,0.15224076283900512,-1.3147094419145327,3.4484084650239386,1.3234946794487026
4.400000000001,40.14241702064533,-1.916126552117919,-1.4351466362254501,-2.8462710285446007,0.480972174331832,-1.4029329740192888,3.1876173916267874,1.4830897350032792
4.500000000001023,39.61062935796162,-1.2419663221352553,-1.8358849711662921,-1.8769896159809996,0.33233807669966275,-1.0354918591189903,2.6255596824019745,1.0875164309223717
4.600000000001046,39.14492411819159,-0.6894856425091695,-2.1257382273049297,-1.1319357755150454,0.2274214779290516,-0.759923589116219,2.4083275547392535,0.7932240477435806
4.700000000001069,38.66815470352195,-0.4605319830518311,-2.4025306686454138,-0.8173880716190309,0.13195312745547028,-0.6354497655822985,2.5377700592068733,0.6490054178694333
4.800000000001091,38.1207658156198,-0.502371509583073,-2.7340535838722353,-0.8326891306390656,0.024021938576939364,-0.6203446073587707,2.8580448190623353,0.6208095403681403
4.900000000001114,37.63532302876162,0.19519806902533443,-2.9674937330740745,-0.023266000681828047,-0.048579493916236643,-0.3520761165500526,2.9675849377265737,0.35541181617121836
5.000000000001137,37.3303468236304,0.7585376181936995,-2.9811651024991255,0.5679053286173682,-0.051249220825454744,-0.16233584459084793,3.0347754168357537,0.17023339588412184
5.10000000000116,36.86457347882658,0.5129539865536993,-3.169875839194004,0.2209525093626427,-0.10601464846904773,-0.2609925973568009,3.177567127111485,0.2817023989338127
5.200000000001182,36.42925520032361,0.32698699060281466,-3.308876758115561,-0.030506532660464436,-0.1437639818958756,-0.32724818717900683,3.309017384199169,0.3574345513552152
5.300000000001205,36.45757535545587,0.1548763030125898,-2.9331935790322468,-0.2446718029804505,-0.030660159058734995,-0.37985965960321616,2.9433805162176543,0.3810950096070246
5.400000000001228,36.434230378778274,0.018943744655970277,-2.645090709566732,-0.40075833930703153,0.05266972410997148,-0.4136589672394857,2.6752779497391237,0.41699861032797025
5.5000000000012506,36.01731296888085,-0.32821063368654446,-2.8035586137918584,-0.7692367241731302,0.006388636459189412,-0.5061201584432156,2.907174924008381,0.5061604779695796
5.600000000001273,35.61602791385555,-0.6241011752977452,-2.93203398526111,-1.0508733813079643,-0.02967986237190748,-0.5706576743639672,3.114668225392198,0.5714289768124355
5.700000000001296,35.05962971335498,-0.7783580215205309,-3.214537090161002,-1.1571586394670372,-0.10690434818758701,-0.584255070932066,3.4164696429083,0.5939549878326188
5.800000000001319,34.102170111070805,-1.1782648515637022,-3.8977361065310543,-1.513247092885559,-0.2907454395485073,-0.6656260488070552,4.181179680458908,0.7263545604377707
5.9000000000013415,33.566715434772064,-1.4784511729486582,-4.078852011821504,-1.7332279674152393,-0.33189663990901364,-0.7071499203235133,4.431829523049221,0.7811634844233598
6.000000000001364,33.34508798624413,-1.8585538591674617,-3.9146629034311498,-2.0174203376138795,-0.2789746931635675,-0.7643882864475569,4.4039267098940345,0.8137053102222812
6.100000000001387,33.24546761429614,-2.0621419178848863,-3.6356026845767424,-2.091790822527487,-0.19739988067476888,-0.7638386186642291,4.19442436161529,0.7889335512280427
6.20000000000141,33.101777055752414,-2.2596630841661267,-3.4248912658384665,-2.152025201915849,-0.13666810398769447,-0.7595826812539743,4.044884751448126,0.7717797744878833
6.3000000000014325,32.407872572160905,-1.5653275359801533,-3.8034356927960538,-1.2778111433513426,-0.23206830985527446,-0.5111524365303037,4.012346493924455,0.5613666482878635
6.400000000001455,31.769327914047928,-1.002703694486193,-4.093303630163914,-0.6100299719533356,-0.3012710861539187,-0.32458744222871166,4.13851074366063,0.44285581739990626
6.500000000001478,30.87179090436457,-1.0201683329924023,-4.6270273813101905,-0.5957595947903125,-0.43104724050351406,-0.3125454126410622,4.665223669040849,0.5324343701421482
6.600000000001501,30.04404588057179,-1.0390956728413858,-5.044698607032831,-0.583444225016437,-0.5269356806306398,-0.30139158338175026,5.078325629526332,0.6070404418611944
6.700000000001523,29.239694139311826,-0.2604587597286241,-5.403503653591834,0.24990966006158488,-0.6048128321689562,-0.08171220734260426,5.40927967224587,0.6103076656777586
6.800000000001546,28.05288328761053,0.64728041425633,-6.125189236964156,1.1492827331441493,-0.7720444260604251,0.14782362408865332,6.232077822791113,0.7860689662171346
6.900000000001569,27.156673646694692,1.6305892420391292,-6.489374601654028,2.053877120372084,-0.8442280284247878,0.37163584446966474,6.806643368517282,0.9224067242126356
7.000000000001592,26.641777945714374,2.5750744042671436,-6.432267707851366,2.8456990468809784,-0.8088137402065649,0.5604703340896993,7.03363852716976,0.9840257424181299
7.100000000001614,26.58778023089627,3.1291703750936084,-5.906925346816947,3.1742921298061875,-0.6578599267684209,0.6283361452299322,6.705810732358766,0.9097175356395866
7.200000000001637,26.45083264670026,3.6462053968171566,-5.50646822566507,3.437548462710091,-0.5422936366177322,0.678014326715535,6.4913736415137535,0.8682083940780607
7.30000000000166,26.647392823030895,3.2237966839234184,-4.796845792893659,2.721498117966955,-0.3537743757057912,0.48455905380428616,5.515095789458174,0.5999614867053779
7.400000000001683,26.73644320749393,2.9164916936177923,-4.251956039247915,2.1781184247577015,-0.21114267507309845,0.3390837982674886,4.7773768986720935,0.39944843407445085
7.500000000001705,27.596957606782638,2.9249952630195644,-2.9660462187998142,1.9977011471461643,0.10890903954415534,0.2866017554484461,3.57606488271197,0.3065970402997415
7.600000000001728,28.27157312961736,2.963159918010128,-1.970440248398397,1.8609647304375445,0.34917743551085634,0.24624533634491164,2.7103181548373283,0.4272723336954511
7.700000000001751,28.210193882339933,2.702661134688414,-1.799826844782785,1.4318212404809625,0.3821761240442308,0.13589729964449362,2.299888852943376,0.4056188677072808
7.800000000001773,28.295880861609742,2.351321272711556,-1.4946458367650959,0.9441929065397537,0.44689287781040005,0.014392978985006383,1.7678988721415096,0.4471245934655395
7.900000000001796,28.814531354333205,3.056850615058286,-0.7766811620064332,1.5634560258954346,0.6096261718327678,0.16372341276567445,1.7457457925839057,0.6312285047992643
8.000000000001819,28.83686785913825,3.2472100416863783,-0.6177799740669003,1.6133598112470187,0.6332328851009643,0.17180569515590371,1.7275942743900015,0.6561258138964617
8.100000000001842,28.143014222267983,3.0475120042456596,-1.1955533625670955,1.2653118512941905,0.4791061126722175,0.08400069403130664,1.740793475335607,0.4864142101107088
8.200000000001864,27.540638503382457,2.895303564482408,-1.6369170492078755,0.9922173788696944,0.36176505150819954,0.016490774971256145,1.9141558852189822,0.36214071595428604
8.300000000001887,27.280316090620595,2.4734084962080143,-1.6999249799829612,0.46872322392248256,0.3380321830236894,-0.10916558587593767,1.7633622424829098,0.35522229927103083
8.40000000000191,27.030546624171446,2.1252493885261488,-1.748144675291984,0.06062980741074303,0.3184476572871961,-0.20399909097193164,1.7491957521382162,0.3781858531847509
8.500000000001933,26.44632938684304,1.2841455883917137,-2.1298126313497256,-0.811100296425185,0.21991136577404502,-0.4068632734336288,2.2790317100729127,0.46249187243208245
8.600000000001955,25.922194972852083,0.5689553644428339,-2.421783799392822,-1.4872929799343542,0.1452374232350433,-0.5580144289229988,2.8420199118168656,0.5766055948342989
8.700000000001978,24.96936409422064,0.36592241041637125,-3.1221007683756916,-1.5948587048937743,-0.02448393787290412,-0.5703045856953372,3.505864728774847,0.5708299078349823
8.800000000002001,24.745016640344186,0.6773018442445904,-3.0361859674249567,-1.176136342351675,-0.0035388320174412208,-0.4575348603729189,3.25602855094801,0.4575485458271221
8.900000000002024,25.18537492790906,1.1224029271951876,-2.2897431971355635,-0.6547594925112796,0.1732043763575657,-0.3233130013685531,2.3815192423875606,0.3667847500147127
9.000000000002046,26.06751890811633,1.7227199893863925,-1.158540792606107,-0.017499289488227876,0.4364440033635507,-0.16507090500915092,1.158672944909382,0.46661737189322816
9.100000000002067,26.381343165986404,1.8117835826160795,-0.6862013130197258,0.05788950850695311,0.5376187636450366,-0.14338289192135736,0.6886388292749489,0.5564104498649799
9.200000000002092,26.638271211328934,1.8956853869111032,-0.30881409636130275,0.1225678330747946,0.6138995550296188,-0.12475811481129787,0.3322484308707848,0.6264481230531647
9.300000000002116,27.513779871033194,1.284713566899347,0.657670694993431,-0.5137356853472649,0.8269835372115173,-0.27162415218657543,0.8345388531712388,0.8704489938359106
9.400000000002136,28.259445103390664,0.772836072851155,1.4172030452577422,-1.0007714249097854,0.986151553132766,-0.37977049971753174,1.734937438757888,1.0567499790403927
9.50000000000216,28.702037799187938,0.8527748743314921,1.8121237134994301,-0.8566100023768721,1.0557598656038283,-0.33698239367857497,2.004388447681504,1.1082355469254521
9.600000000002185,29.098753496933224,0.9078481484016575,2.1281129498006233,-0.7477612029768161,1.1051421383017364,-0.30352776689348115,2.25566210762748,1.1460664252675223
9.700000000002206,29.08683849350404,0.7454906828323793,2.0082398897717173,-0.86422824542954,1.0511214447241244,-0.32371964765816674,2.186302338440075,1.0998412166485023
9.800000000002228,28.597811176275577,0.606200700649702,1.418038403062968,-0.9478640103989924,0.8882250573813549,-0.33572960615768094,1.7056608967702325,0.9495568024141067
9.900000000002253,27.18088763390997,-0.24926666713174706,-0.05634852517318145,-1.7404591615054652,0.5222928179846646,-0.5134093743841868,1.7413710831288947,0.7323789821014283
10.000000000002274,26.264050219674,-1.0318121820132378,-0.9177254761592468,-2.3975948672345004,0.3085863771196526,-0.6551140160342848,2.56723220550478,0.7241546286176742
10.100000000002296,25.57073222575119,-1.175440888899329,-1.489675096300883,-2.3637460908272128,0.16767902711569524,-0.631888422826148,2.793998474308813,0.6537577800961016
10.20000000000232,24.959314200175807,-1.3307942446158383,-1.9358782194332338,-2.342811998131986,0.05952973395159693,-0.6122374393976265,3.0391433890271085,0.615124760861169
10.300000000002342,23.76429468892838,-0.37306613417808565,-2.9307596265199023,-1.2100329355205008,-0.17412026800260427,-0.33349126168367166,3.1707304668614515,0.376210432269848
10.400000000002365,22.709969469473673,0.41101131256325724,-3.7077236213494915,-0.3376196862090791,-0.351339922346595,-0.12215760466374251,3.723063456997329,0.37197072655209656
10.500000000002387,22.288761640980525,0.6837327439381591,-3.791474636022076,-0.043130777938367004,-0.3626772211991771,-0.050635279465918975,3.7917199500496213,0.36619489114861853
10.60000000000241,21.86923875588648,0.9130855279244824,-3.866248947985068,0.18538839714096123,-0.3716522974816289,0.003807936265802392,3.870691125056369,0.3716718049596682
10.700000000002431,21.659221958298815,1.3010771212371182,-3.7252326946610594,0.5546131988077215,-0.330141454078707,0.08973732462800164,3.7662918672964567,0.3421201062968886
10.800000000002456,21.802894312089993,1.4679615397715342,-3.2413038231121147,0.6743677633014965,-0.209762460384185,0.1155345298190802,3.3107132696597987,0.2394755047326192
10.900000000002478,22.20989749606159,1.4625088264886608,-2.531476292379001,0.612592382894068,-0.03965233145168867,0.09846568357223105,2.6045425023325626,0.1061498856848245
11.0000000000025,22.208530321738785,1.6395711525762833,-2.2839698834576962,0.7375176626748183,0.018860522730192335,0.12524239607003038,2.400093900517038,0.1266545581138652
11.100000000002524,22.29342491252765,2.1624066279358143,-1.9695547492028416,1.197542632291432,0.09155415291131885,0.2293301576531055,2.3050497318415846,0.24693011992162353
11.200000000002548,22.32965293829923,2.619270290665171,-1.728196466308944,1.555683592975286,0.14554588310279626,0.3072725926752384,2.325255785416997,0.34000007396695636
11.30000000000257,22.33984363881231,2.7448973451550263,-1.5317880914311628,1.5550072376369977,0.1878171438864044,0.29997293503485273,2.182755658829859,0.3539195407025025
11.400000000002592,22.320251849676602,2.878429621037758,-1.3806836370365068,1.5615937525451096,0.21856602802799768,0.29453278681345757,2.0844333411189413,0.3667705973984789
11.500000000002617,22.57015687234773,2.8270606091585484,-0.9729307515803058,1.382577705544442,0.3082150919172242,0.2461024682612638,1.6905961549817723,0.394414715458018
11.600000000002638,22.757513198223442,2.8080611853437154,-0.6597456856957085,1.2491171769239484,0.37379515532623964,0.20938989954908557,1.4126422376102716,0.42844713580387456
11.70000000000266,22.457952936090557,2.5830673868018597,-0.8571823754174803,0.9200553516098504,0.3192713051186269,0.12812041474672878,1.2574829918341957,0.34401890492678616
11.800000000002685,21.719452471208616,1.5728732461983919,-1.477809876920372,-0.16689893396170286,0.16778360891684121,-0.1271855153179345,1.4872045207304065,0.2105409573642337
11.900000000002706,21.08907338618977,1.129059056169834,-1.943086833878701,-0.6048869203269018,0.05590018943842845,-0.22588912215920776,2.035061333320281,0.2327030869780409
12.000000000002728,20.529318986601137,0.5161584018791453,-2.302152562130005,-1.1771462643257604,-0.0287184837485472,-0.3534406086923196,2.5856488058005556,0.35460543591661553
12.100000000002751,20.378106622902127,0.5904396244498079,-2.2261142665813836,-1.0193058731369669,-0.01041069786775085,-0.30862026737844217,2.448380932552916,0.3087958096652782
12.200000000002774,20.20835534308396,0.6290628660878687,-2.174404199775593,-0.9085035099537135,0.0018258760453845318,-0.2757586668499501,2.356567896666666,0.27576471160428573
12.300000000002797,19.929847256997355,0.5015600655067064,-2.2351091865827106,-0.9712437521201471,-0.012295810560199974,-0.2839143586315367,2.4370120028384856,0.28418048841271487
12.40000000000282,19.655670596001634,0.37578197479326353,-2.286783694505642,-1.0267835802031302,-0.023993761918564373,-0.29020994852272947,2.506723795321621,0.2912001284899614
12.500000000002842,19.920635659305013,-0.0878205922636166,-1.796997728464776,-1.4141288643208534,0.09012568407920052,-0.3732920029232447,2.286692213878587,0.3840176537311685
12.600000000002863,20.108525535475646,-0.5011482610416067,-1.4220357502461713,-1.7206313712719485,0.17496451315996148,-0.43569502242405483,2.2322092175204764,0.4695132941998554
12.700000000002888,20.907563189017814,-0.6851533163753772,-0.4672587837821929,-1.773932277055317,0.39222940535888995,-0.4379507957033442,1.8344390135952395,0.5879156452122879
12.80000000000291,21.017683426441565,-1.2581856864156582,-0.273665133303298,-2.209870389532502,0.428008940426473,-0.5288404172033014,2.2267509388610223,0.6803409733014424
12.900000000002931,20.700177744716008,-0.9316461916393834,-0.5221624371028081,-1.7144303060089485,0.36050009739510924,-0.40176538695729713,1.7921843891974623,0.5397923178212432
13.000000000002956,20.626801435072284,-1.3560142488012283,-0.5089971448748453,-2.004672374941494,0.3551970618392198,-0.4597126348304021,2.06828175651779,0.5809480694192254
13.10000000000298,20.60046488909336,-2.3014755782438585,-0.4507682304711056,-2.790797753099,0.36045892966381854,-0.6312110456755928,2.826967296645732,0.7268824005004255
13.200000000003,20.56724811280248,-3.1406131355758187,-0.40469929924470144,-3.408898464921337,0.3627811260719029,-0.7597919826224746,3.432837058025359,0.8419584326386835
13.300000000003024,20.101468110921996,-2.7160525758436393,-0.7940591548212228,-2.7183045967881987,0.2641749702636127,-0.5822025078254396,2.8319092185794457,0.6393341653877194
13.400000000003049,19.69332494297939,-2.407755008825961,-1.0965429431508418,-2.1955293393577673,0.18798537447632746,-0.44761558191219836,2.454130295268502,0.48548760044680955
13.50000000000307,20.125497109857626,-2.2955576970297162,-0.5387667382328853,-1.9074812670325354,0.3128298925430636,-0.37052619502756595,1.9821085697575067,0.4849249456051014
13.600000000003092,20.474114758075636,-2.2343327661306867,-0.10797758242879935,-1.691609724795986,0.4053620816115952,-0.3119448055181593,1.6950523942732625,0.5114958249079339
13.700000000003117,20.52017465200511,-1.9225550797978819,-0.012806437572964714,-1.2420297405846548,0.41801563026581945,-0.20059658312362078,1.242095761743069,0.4636551049081655
13.800000000003138,20.348873278330355,-1.4520852084586853,-0.1424973452112312,-0.6685536374940715,0.378300016549768,-0.0631407698441605,0.6835711079315766,0.38353312678055335
13.90000000000316,20.33395803155281,-0.34450279751134305,-0.10721512211880152,0.495643543163812,0.3777100139978802,0.20792071060477263,0.5071070935127284,0.4311564409500019
14.000000000003183,20.018885710651062,0.5658816073655264,-0.37457230633923877,1.3730963938494987,0.3070535198736477,0.4062919204587957,1.4232702201194243,0.50926907298293
14.100000000003206,19.80686139742114,1.1256977691989367,-0.5193274796951177,1.8326681800111095,0.2664252633277682,0.5032989661087053,1.9048290446104907,0.5694666541821061
14.200000000003229,19.612323271732425,1.6243253297340066,-0.6360956850585485,2.194697398981532,0.2332197057785421,0.5754703417390115,2.285019560889229,0.6209328026321724
14.300000000003251,19.322947235883355,1.5508762348512048,-0.8388725606489227,1.9575349620433113,0.1808706191126625,0.5072357093825716,2.129706623136527,0.5385185658183369
14.400000000003274,19.058439114717213,1.521767545133048,-1.0016414182357047,1.7816986053472288,0.13899836707500457,0.4547819416658823,2.043950941441965,0.4755493250073095
14.500000000003295,18.324008205033884,1.7441265071847365,-1.6203543354906143,1.8689369284003765,-0.0074604347806953575,0.46445000226654953,2.4735548133974845,0.46450991667833624
14.60000000000332,17.669961624581074,1.9549716088285696,-2.1112485073851666,1.9369308215507084,-0.12093273688753531,0.4694387033267819,2.865147686840802,0.48476532779504783
14.700000000003342,17.366609519137402,1.7902625723870802,-2.2146233701217684,1.6244680205507214,-0.14206430210491572,0.38623654181700356,2.746534729669639,0.4115348492744141
14.800000000003363,17.225400695931285,2.3131728655297086,-2.1481681154014582,2.0202859699734566,-0.12339179502591276,0.4689240409956914,2.948928899193577,0.48488688506026406
14.900000000003388,17.162921895290005,2.1972369368224056,-2.008124585984721,1.7480676228137182,-0.08811746669505008,0.3950546532307816,2.6623870430059395,0.4047627292328758
15.00000000000341,16.68539665298618,2.021993307813024,-2.2921724512671235,1.4368675924799899,-0.15182884559837856,0.31387369911081564,2.7052990638129413,0.3486670293406635
15.100000000003432,16.299575518329213,2.3347925150734095,-2.4626143432593155,1.635168336194567,-0.18776715528436175,0.3525096830558743,2.956052247731731,0.3993990251011319
15.200000000003456,15.928159479324608,2.6165773035092585,-2.6051390064862536,1.7864859284508174,-0.2164108347110334,0.3793753824909767,3.1588417522359307,0.43676003734373536
15.30000000000348,15.519323842598382,2.493550926073139,-2.7734641740498036,1.5219971249281765,-0.2503627596763774,0.3093749013419322,3.163633792496754,0.39798786540936365
15.400000000003502,15.126903791268282,2.409565273409377,-2.911892002982702,1.3161010464607497,-0.2766081678244617,0.25455782274506655,3.195502621111379,0.3759145695871793
15.500000000003524,14.902482563196513,2.274557293295049,-2.871659860541444,1.074680323776914,-0.26089408077614273,0.19278822722267783,3.066165056378759,0.3243963963111972
15.600000000003549,14.665858983611674,2.174230214415796,-2.846099016315988,0.8859917938462298,-0.2489396422104849,0.1446542330968801,2.980815504092411,0.2879162944620029
15.70000000000357,14.105382326299255,1.4825525673431734,-3.1445720414498273,0.12242330666423484,-0.31225840361448853,-0.035418552365133,3.1469542084184416,0.31426069509168736
15.800000000003593,13.567503902877496,0.8922256687766242,-3.3968140533428905,-0.48121972686389874,-0.36341090706443413,-0.17430738289800923,3.4307314290848714,0.40305154894398804
15.900000000003615,13.688597008916938,0.5659956360391538,-2.9723250955777996,-0.7748312903359081,-0.25675685699938966,-0.2382263995803753,3.0716575333661766,0.3502511971046404
16.000000000003638,13.70662613496044,0.1316368396725769,-2.6826621750741486,-1.1529824360136183,-0.18377618898835357,-0.32023072932006413,2.9199391848683183,0.3692172905484563
16.10000000000366,13.421421128051596,0.19885236244453947,-2.716998559645817,-1.0015932957321572,-0.18746957327854544,-0.27778309892059627,2.895733120156802,0.3351242917951035
16.200000000003683,13.140248638267378,0.23369331142657418,-2.744248192795949,-0.8935035036030026,-0.1894373494005048,-0.24633911440539802,2.886043425628705,0.3107562849467806
16.300000000003706,11.985661598936105,0.1683107921612343,-3.639044561752271,-0.8930342594203937,-0.3921338747331631,-0.24052954984844102,3.7470195503783152,0.4600254776243786
16.40000000000373,10.96487958720192,0.0961496830473674,-4.3306679615766,-0.8988124702063911,-0.543118036102473,-0.23630031229097404,4.422957025568363,0.5922964112069387
16.50000000000375,10.023266632552112,-0.23121822969934264,-4.888872494447429,-1.1578423795146877,-0.6597304181860444,-0.29077726528309,5.024109198929185,0.7209685448654786
16.600000000003774,9.163174222231492,-0.5286764870314669,-5.321341482356185,-1.366449270629821,-0.7445452536637269,-0.3323240728816981,5.493983871568016,0.8153446658744163
16.700000000003797,8.4159790084154,-0.6386531910958471,-5.606323473648464,-1.3714605318982374,-0.793265305350177,-0.32579316402053493,5.771634680204246,0.8575610942637386
16.80000000000382,7.8971990033566986,-0.2789313980642626,-5.640007255703842,-0.9074570101379713,-0.7827027904964612,-0.21087537797774925,5.712544097828963,0.8106121657662225
16.900000000003843,8.37309406950436,-0.1440842190283545,-4.678478503298198,-0.7027680608250183,-0.54207723898507,-0.15862721262478924,4.7309665030666945,0.5648099907143878
17.000000000003865,9.052775741658765,0.6383583287613872,-3.586868151505903,0.13160057522888036,-0.2769190765530342,0.03812809184375457,3.5892815224899737,0.27953161958288547
17.100000000003888,9.160999154145953,0.641819539664568,-3.1480664993516627,0.12556193655316145,-0.16896670771643132,0.03584834518786989,3.150569549184911,0.17272768211621034
17.20000000000391,9.213515939137022,0.6570034205749186,-2.7982117786351473,0.13158579388214875,-0.0840964210150603,0.03641276176535818,2.8013039783722276,0.09164113294216199
17.300000000003934,9.273025938481307,0.3072719304313326,-2.4681779201389498,-0.22644711286001418,-0.005777332842609811,-0.04728213020829103,2.47854403640203,0.047633784353209696
17.400000000003956,9.293917529128828,0.01744493670367331,-2.2020487397357402,-0.4970928944308971,0.05594089145003762,-0.10881769339342565,2.257458747766047,0.12235470457522458
17.50000000000398,8.545914361321188,-0.43074438506556967,-2.7224975655091783,-0.9043770598856795,-0.06578926428170806,-0.2005480903688332,2.8687786357003686,0.21106341190579223
17.600000000004002,7.880213929132166,-0.814252107130355,-3.1206826192606782,-1.215373137735022,-0.15640935093390662,-0.2678737044257272,3.3489986375159306,0.31019382099314585
17.700000000004025,7.36322094909535,-0.8915999139794037,-3.3396788998001306,-1.1968072259230063,-0.20346683571791363,-0.257378718985738,3.5476474866863157,0.32808925344149864
17.800000000004047,7.304193825178997,-0.6640026961707346,-3.085132155343448,-0.8753250596231152,-0.13985532358058778,-0.17703052065814256,3.206904173176729,0.22560876928507
17.90000000000407,7.276114213518571,-0.22226672433000305,-2.819069799182981,-0.3649205330735824,-0.0750512922124533,-0.05482463554548131,2.842590636747451,0.09294319300225222
18.000000000004093,7.001574671353355,-0.28062473403835836,-2.8188621251481485,-0.39191147377856667,-0.07326652968359526,-0.059801752528289946,2.8459758052158532,0.09457396035554384
18.100000000004115,6.350722362501053,-0.2355998472488655,-3.193365141782026,-0.31370297287083737,-0.15823180467977785,-0.040320340516533326,3.2087365868728677,0.16328819268884254
18.200000000004135,5.757391865649691,-0.2030275395188186,-3.4813358525616724,-0.2538385683375212,-0.22120704105725023,-0.025534634693816612,3.490577794163446,0.22267593624424406
18.30000000000416,4.032020984193604,0.15833424324528794,-4.8742709431764215,0.128986542123659,-0.5384140737688965,0.06364213140248463,4.8759773128618,0.5421623702562451
18.400000000004184,2.5134824071517663,0.46303900236503825,-5.952557393053933,0.425712182349247,-0.77547045220026,0.13083170769541863,5.967760918451877,0.7864294996846031
18.500000000004206,2.2844922898675213,0.9893685154321029,-5.661392209481544,0.9200321054225902,-0.690150731623615,0.24218951476421113,5.735662195822436,0.7314121911906685
18.60000000000423,2.0049745539958495,1.4462941279012318,-5.441456514083963,1.3065563389480028,-0.6232879083859211,0.326026474784954,5.596118160074178,0.7034067663882688
18.70000000000425,1.4337681785977727,1.8849747334860742,-5.527636998889448,1.6443690233513304,-0.6288071464266362,0.39665151502497703,5.7670373916291675,0.7434587088526293
18.800000000004275,0.5243659034435693,2.3140023043427553,-5.942645076186176,1.9456259243391976,-0.7102886010413352,0.4571832388382498,6.253038520509894,0.844704925192158
18.900000000004297,0.5749833684880642,2.7615528707352244,-5.367748822823797,2.2410765278909017,-0.5608233174311811,0.5149705972006562,5.816799070690839,0.7613918238040882
19.00000000000432,0.9551251878500141,3.1214476809389655,-4.507668601030099,2.4252705132089964,-0.34882622112398354,0.5456762430569198,5.1186925360831825,0.6476436479888865
19.100000000004343,1.3773331808742253,2.7980087799249476,-3.671216891843052,1.9133443197632367,-0.1472025732859854,0.41459159975773296,4.139893712756887,0.4399486244684624
19.20000000000437,1.6798671198317732,2.558401166943172,-3.0181398871387444,1.5234642211544946,0.007323080561596362,0.3147813957446172,3.380844807363353,0.3148665663671533
19.30000000000439,2.1523698437873686,1.997631304533245,-2.246124285583265,0.8430183339060494,0.18579473045832914,0.15004522585852148,2.3991152989359774,0.2388163555308093
19.40000000000441,2.516244724433313,1.540468866827637,-1.6422608567661348,0.31790721756638685,0.3212267433355558,0.02506495355675331,1.6727479549074453,0.32220315412914446
19.500000000004437,1.1435373913035685,1.326582758124343,-2.8155409136614957,0.07556313943121726,0.04230246100648405,-0.031592268730413965,2.816554708245965,0.05279743981236018
19.600000000004457,-0.04567042830696777,1.1451746014726383,-3.7156608940116205,-0.11567158782485616,-0.16695949488029296,-0.07511196487622976,3.717460933959785,0.183077251995573
19.70000000000448,-0.3616372247844424,0.8613391805203021,-3.6761412722708893,-0.39402268741788093,-0.15395151771194948,-0.13778284411597896,3.697197388819461,0.20660392527370058
19.800000000004506,-0.6875445009720301,0.7364266731083817,-3.6492243046277446,-0.4922938286018036,-0.14416073395120513,-0.15733401057692734,3.682280711619535,0.2133923805986775
19.900000000004525,-0.772064089668781,0.32583637857858744,-3.38360546705489,-0.8672050408746743,-0.07936231240117395,-0.24044563098913993,3.4929687286894207,0.25320441957325146
20.000000000004547,-1.0143496620302332,0.1770818229387764,-3.295443557683178,-0.9518458193707471,-0.05712579177507983,-0.2544672237583984,3.4301543268093826,0.26080054458002305
20.10000000000457,-1.1558052070027829,-0.22579114356340846,-3.1135113453249716,-1.2825217204439254,-0.013705974838172222,-0.3250953235547006,3.3673156758578133,0.3253841163047147
20.200000000004597,-1.3246434517871963,-0.5802295838585558,-2.972852835518233,-1.53872217166223,0.019158634975215756,-0.37685594437016245,3.3474646978293476,0.37734262428360854
20.300000000004616,-1.2928334681734117,-0.16233123743481015,-2.643212014043796,-1.004975212918671,0.09499199716925202,-0.24463027549736777,2.8278162828879796,0.26242608714859356
20.40000000000464,-1.3109950293462653,0.16943801508093942,-2.3889799536290486,-0.5976277207073639,0.1516215034269397,-0.1447122813987456,2.462597025783823,0.2095965760433009
20.50000000000466,-1.2159393590898484,0.41825094742247815,-2.0419131685997356,-0.30399802332683945,0.228421909878674,-0.07341988642973785,2.0644186073293467,0.23993134150414086
20.600000000004684,-1.1778061493949425,0.6205796297831425,-1.7788230406782777,-0.07914757485199264,0.2840135644758412,-0.01969221688518421,1.7805829799964015,0.28469543061335906
20.700000000004707,-0.749672705654103,1.6042005965739943,-1.1481686739691832,0.9066750335715853,0.4233705238697044,0.20887561692066084,1.4629938210348628,0.4720928127240391
20.80000000000473,-0.6110241195544086,2.4844799237487765,-0.8554569842848017,1.7130743805722544,0.4813053597715096,0.3906372237352182,1.9147925436805577,0.6198808675159617
20.900000000004752,0.11090734217341469,3.5287927921693036,-0.005375560236572263,2.6198149152461516,0.6668707594515955,0.591411107601024,2.619820430257398,0.8913381558114842
21.00000000000477,0.8385884179398728,3.951089943098329,0.7833866658106239,2.8357048215812686,0.8339534356457208,0.6276815820124156,2.94192394587439,1.043773203920713
21.1000000000048,1.3236589534463343,4.629430917146085,1.2677840117957149,3.28858732290202,0.9267421961077033,0.7179510223593499,3.524497535949871,1.1723074547887873
21.20000000000482,1.7430664823156108,5.241594033290793,1.6473375036845168,3.6390130021663705,0.9931238124707955,0.7824239552570674,3.9945132971341373,1.2643109398627543
21.300000000004843,2.1627455546015493,5.136059397105135,1.9956607434113998,3.245741892865224,1.0507429522718839,0.6733194659244199,3.810184016277123,1.2479662875822328
21.400000000004862,2.5376846284845924,5.092729643485544,2.2701949729206397,2.9432422743274094,1.0899546243179847,0.5877434027350549,3.7170499459197646,1.2383228135388364
21.50000000000489,2.5247655508824325,4.911574107379084,2.1347531943102314,2.525452448471834,1.0333938228749284,0.47747030743921,3.3068234410246515,1.1383675538428495
21.60000000000491,2.5404538156470093,4.790896879708935,2.035925208914009,2.1990455305004857,0.9866139431688735,0.39089413585929933,2.996797073794906,1.0612282027464317
21.70000000000493,2.205196029775107,5.202633024327583,1.5929110016335175,2.427276076632986,0.8612746646706042,0.43465983809477043,2.9032799746700144,0.9647399768103496
21.80000000000496,2.1027464193417655,6.047360497368985,1.414022641714017,3.0682435657571276,0.799952199339631,0.5729167333317164,3.3783988234206306,0.9839497469687148
21.90000000000498,1.7498978230522435,6.279880984905395,0.9976986131320038,3.048665915085956,0.6851080692059729,0.5551298135706182,3.207766572625323,0.8817835201488433
22.000000000005,1.7020779855495938,6.358460210500565,0.9157795746708866,2.8760038187651107,0.6502998673880213,0.5023320184689525,3.018285969707955,0.8217222002014855
22.100000000005025,1.8235937822356736,6.043854848856112,1.00739245265049,2.3238637823662347,0.6564509235962342,0.36294794571286193,2.5328210423657396,0.7501060100995962
22.200000000005048,1.932418836347535,5.8116509565960675,1.077822478094183,1.8955616019284065,0.6575581164095756,0.2554441577195782,2.180563019266004,0.7054320620507504
22.30000000000507,1.4007247258552846,5.9202010055215375,0.5033058807774011,1.8391416652639945,0.5094045566015245,0.23647830752688,1.9067666020085243,0.5616181907819345
22.400000000005093,0.9572258067464081,6.033488858793386,0.0597940906614961,1.791259169325054,0.3949925566147924,0.21992680471461337,1.7922568858757713,0.4520917154882067
22.50000000000512,0.8240434295133304,7.30822189278617,-0.041296255103063964,2.903516233796319,0.36246133679018067,0.47220456909463904,2.903809894019286,0.5952775619335727
22.60000000000514,0.6997789593462572,8.415061255726457,-0.12652451123026648,3.761707222207634,0.334353216417544,0.6598561173302493,3.763834438116418,0.7397311463679955
22.70000000000516,0.18812503946877968,9.766098619029608,-0.5918214022474064,4.795493598456005,0.21895092484244946,0.883796787650623,4.8318745249634345,0.9105142883837267
22.800000000005184,-0.536927777187021,10.719615196153319,-1.2343060015621803,5.35160113240762,0.06521927057493335,0.9920249255849987,5.492098504750159,0.9941664881880944
22.900000000005207,-1.4149417489832565,11.334280695078444,-1.9797668222295943,5.525059880339439,-0.10878294225361082,1.009207171840523,5.869051316161542,1.015053123841161
23.00000000000523,-2.1566524990325266,12.11288222541288,-2.5317293448149853,5.846173104578698,-0.23398507185943676,1.060157780565735,6.370823607987954,1.0856719272170257
23.10000000000525,-3.2717655884279426,12.738969937732598,-3.412560879380383,5.988218266173025,-0.4323875072044224,1.0684946619425943,6.892338482605572,1.1526663866818854
23.200000000005275,-4.265314176545869,13.352173522502843,-4.103409616140388,6.104071971619246,-0.5822387263847331,1.0705781632146263,7.355111495588702,1.2186630125076083
23.300000000005294,-3.6543218547408847,13.175594677580076,-3.1413600742532966,5.421862804671391,-0.34615651188621543,0.8879487870219376,6.266158263943849,0.9530358750304009
23.40000000000532,-3.200045400811349,13.108742620287792,-2.4088184013054956,4.89955811548393,-0.16864313137267922,0.746545783083249,5.45967726312393,0.7653568527154927
23.500000000005343,-2.19687149331605,13.008159675633607,-1.1856103814361025,4.382245274166138,0.1182985500313703,0.6095698001483678,4.5397957684812775,0.6209427414765758
23.60000000000537,-1.3840587882759723,12.992970451983107,-0.24660706182325898,3.988510425883703,0.33283820538434694,0.5043581737826606,3.9961269324589903,0.6042834090266365
23.70000000000539,-0.9374696544700623,12.442058034421247,0.2544417398472694,3.0903531730506955,0.4410748341550871,0.28486223001520034,3.10081010917486,0.5250652334845362
23.80000000000541,-0.6671804290635936,12.259093847916185,0.5402481370943341,2.627328685661819,0.4970017948690323,0.17113106029366063,2.682298281723224,0.5256392526250986
23.900000000005434,-0.6676328982444563,11.500056285127918,0.5332068804010511,1.6257806575839757,0.4838723363717233,-0.06457797323535028,1.710985775475999,0.48816262918520886
24.000000000005457,-1.2583134855335336,10.970207334121392,-0.062320190386145224,0.9299021921302985,0.33487636144565935,-0.22410371117349867,0.9319881399773818,0.4029449724426635
24.10000000000548,-1.415826324174231,11.26777035132869,-0.18119470751421157,1.1123876096791956,0.2996211324914427,-0.1766926725000207,1.1270482315317987,0.3478406582771114
24.200000000005502,-1.5631513025583295,11.530369858262114,-0.28142943236029777,1.2463722575206921,0.26949475934470385,-0.14160132541317016,1.2777504958777617,0.30443120844129357
24.300000000005525,-1.8189450917051504,11.778698207224664,-0.4825903803655841,1.3561289217542072,0.21671206894849268,-0.11292809862199316,1.4394370870724527,0.24437036703805734
24.400000000005548,-2.051108908636903,12.007323313139963,-0.6451902539709726,1.438050138841867,0.1740734084531581,-0.09135921631160329,1.576153122524027,0.19659109322543158
24.50000000000557,-1.6005734837554129,12.4925009596102,-0.11559249317876319,1.7694182591045446,0.29258963129519927,-0.012569665909839406,1.7731899503809059,0.2928595035892563
24.600000000005597,-1.2365680272800361,12.923307195545506,0.28631770495234904,2.021103986565783,0.37881774729817586,0.045958979419211066,2.0412837021544266,0.3815954840630587
24.700000000005616,-1.1324020776851462,12.631892981809287,0.3975540408309627,1.5338599412998921,0.3957913267861295,-0.06784831818639134,1.5845426895181887,0.401564650635295
24.80000000000564,-1.0097940059202877,12.425479600436534,0.5176933069877621,1.1690087367028532,0.4144322096065059,-0.15070162302466372,1.2785099868939336,0.4409818993355608
24.90000000000566,-0.29672742148903475,11.90040117065127,1.2158055512494692,0.5151990582405862,0.5663794490711475,-0.29850013760903094,1.3204594685415423,0.6402249702118364
25.000000000005684,0.4025780783527769,11.759050495244075,1.8451074558442855,0.2947130124675734,0.6988886765834549,-0.342611580123611,1.8684959949996907,0.7783495853993695
25.100000000005707,1.1222914779026638,11.653740278828002,2.444642885641408,0.12789935509667927,0.821444066178885,-0.3732830209711323,2.447986332345689,0.9022807587474285
25.20000000000573,1.755769427056253,11.571006680690582,2.910201290467832,-0.0027229180154526716,0.910162570103036,-0.39487039538173874,2.910202564311143,0.9921282846313246
25.300000000005756,1.2959203427601562,11.064526398683126,2.2487266049692827,-0.5444884682089087,0.7360430304223784,-0.5110930608336237,2.31370677396881,0.8960889796586277
25.40000000000577,0.9408632887980771,10.636333305159596,1.7409838863137124,-0.9653472963701664,0.601524636116003,-0.5966497251822367,1.9907084907171082,0.8472442283158549
25.5000000000058,0.5372055491704112,10.791720913233156,1.222624475010445,-0.771095063635393,0.467662271983137,-0.5378956029886702,1.4454750790163893,0.712769023142122
25.60000000000582,0.2162606905315677,10.918962788966832,0.8255726642598018,-0.6186465537993164,0.36496683373959127,-0.4901739982226923,1.0316461517888766,0.6111230140188818
25.700000000005844,0.3633033034860039,11.187653731328679,0.9244868967510911,-0.33594870308591823,0.37940968392444124,-0.41341812210663975,0.9836348679106353,0.5611294431250466
25.800000000005863,-0.04626298841770682,11.32096646941268,0.460469733940306,-0.20897100894842574,0.2632611639352569,-0.3744705280099242,0.5056691195396247,0.4577495131451017
25.90000000000589,-0.4886521795910069,11.40630662042944,-0.0010576215005694833,-0.1387276485137518,0.1503763350947131,-0.3495519519051652,0.13873167996313432,0.38052543835757996
26.00000000000591,-0.6361826683899782,11.735442904931535,-0.133622045738417,0.16973718070388066,0.11622257026051278,-0.2700877023411762,0.21602213224718766,0.29403240092529875
26.10000000000593,0.0012474268127268262,12.177140177402428,0.5256902195116214,0.5671503114190876,0.26609210611163825,-0.17188036164937476,0.7733108576975657,0.31677731556354727
26.20000000000596,0.5361966933757322,12.565317961082652,1.0314839525770245,0.8809958566029936,0.3769710142620545,-0.09528222389423087,1.3565075907548634,0.3888262436924653
26.30000000000598,0.3638821411424019,12.612804766095111,0.7929086636570456,0.831486892895337,0.3130441152382918,-0.10453340100224033,1.1489449951843402,0.3300361344010987
26.400000000006003,0.2256819484904411,12.67616662496868,0.6060061841627049,0.8018440859888272,0.26255304121145734,-0.10897366768919307,1.0050857841391947,0.2842698712474115
26.500000000006025,0.030196567843089273,11.766836414162592,0.37586078621190083,-0.19418830744131066,0.2032242701730459,-0.33692487829976386,0.4230607868365363,0.3934697924932457
26.600000000006048,-0.134261221645833,11.007376045216908,0.19391058843341274,-0.9633747317622975,0.15642024033002047,-0.5071114281981581,0.9826963875504331,0.5306875655167332
26.70000000000607,-0.19080742428907194,10.804682408681593,0.13313072920349064,-1.1175039162690188,0.13873691777643535,-0.5310414140991546,1.1254060573565645,0.5488651162558386
26.800000000006094,-0.17014617358430106,10.25850017364908,0.15363311134950894,-1.600710478173137,0.14027073588921982,-0.6305631666996596,1.608066282165074,0.6459766145497885
26.90000000000612,0.09814898328240584,10.754736853734633,0.4189126513687384,-1.0068633143040548,0.1984082500892211,-0.4785617317666264,1.0905326878035946,0.5180609663108575
27.00000000000614,0.1606295001688458,11.417186030407885,0.4582746984911066,-0.29215951465558054,0.202925281640709,-0.3021123559470058,0.5434821811990702,0.36393755720564397
27.10000000000616,0.20001001988468198,12.77082603679829,0.47113458247327605,1.0566278702935965,0.20120543603775912,0.016975260246154422,1.15690546333028,0.2019202489884792
27.200000000006185,0.234354112294818,13.921934256524864,0.47753314735824615,2.0996325510570406,0.19803029620706242,0.2579241708043942,2.153252134861166,0.325178222058291
27.300000000006207,-0.006490285282127861,15.313414807603234,0.2088711952537745,3.301076289551422,0.13128214962466006,0.529959085622209,3.307677711876616,0.5459776874961095
27.40000000000623,-0.20874764066390128,16.53276655892132,-0.0009336830609252278,4.237228737940747,0.07969748030628744,0.7343133938751254,4.237228840810347,0.7386256486147608
27.500000000006253,-0.8049594765885726,17.28999986309291,-0.5871678825113127,4.639219983329777,-0.05779585234859343,0.8103391366262941,4.676230124360772,0.8123976101004656
27.60000000000628,-1.315646848605513,17.99928468814959,-1.042877666099935,4.960629338390398,-0.1619055647584946,0.8659598043785609,5.0690667049615366,0.8809652630490731
27.7000000000063,-1.6149906182262959,18.19678037050419,-1.2525615020992824,4.745502759363181,-0.20667813092982504,0.7961439777395082,4.90802473054739,0.8225333325133592
27.80000000000632,-1.456748180002919,17.976207034835014,-0.9898006165810945,4.1287236216759045,-0.1410953358470432,0.6350049161098188,4.245711248397483,0.6504914582693826
27.900000000006344,-1.1522367569190917,18.219444774876237,-0.601280474062781,4.020084540944553,-0.047930530907341076,0.5951734018635237,4.064802322971012,0.5971002546297055
28.000000000006366,-0.30228778256294697,18.696828393788216,0.30071336692224715,4.151720448479731,0.16189161772825644,0.6118609751583187,4.1625966909334915,0.6329160677470281
28.10000000000639,0.3655994544968864,19.292181842418707,0.9514389584377485,4.389341848386948,0.30871751189312213,0.6526864814990141,4.491275760141439,0.7220153359043302
28.20000000000641,0.9463704737513927,19.854968718389568,1.4645171957171463,4.574732166462137,0.42029565761786186,0.6804815310851315,4.803434709810739,0.7998146997651367
28.300000000006435,0.7866334111459333,19.944298469648793,1.1994519069561993,4.272675128254178,0.3492367330763183,0.5948425942066102,4.437841550653056,0.6897854794153538
28.400000000006457,0.6771664711654384,20.08165898768628,1.0041135903818068,4.040413837056168,0.2959562268453424,0.5273353576211799,4.1633145541820875,0.6047087460968209
28.50000000000648,0.4225860642505245,19.693653668792205,0.6786198972541124,3.3015454068833883,0.2137918259597003,0.3441659453786243,3.370567762063534,0.40516310642202485
28.600000000006503,0.221872226930304,19.414957227333677,0.43139985131363195,2.7277577043475842,0.15164043574685954,0.2034330668721547,2.761660356622629,0.2537318159997047
28.70000000000653,0.2688855650765763,18.79094649990411,0.44966696660901123,1.8537786155793656,0.15235845799101216,-0.0035049065879355634,1.907536509857334,0.15239876669969862
28.80000000000655,0.2454996668776302,18.033783260279186,0.39605641897304406,0.9145592199671108,0.1364280360604056,-0.22075053191674138,0.9966339618117585,0.25950608155652843
28.90000000000657,0.5043841674837798,18.101113935341573,0.6274483236876435,0.869551939255052,0.18681317425604277,-0.22605683833484266,1.0722928582997537,0.29325902583477936
29.000000000006597,0.2589164900683024,18.886765971207392,0.3381817937568,1.5440597736839212,0.11555687637499557,-0.06475118563869073,1.58066046649412,0.13246172171296203
29.100000000006617,0.12119949321568704,20.089341417747637,0.17829189583980096,2.582012304786362,0.07588594574707569,0.1769197602873114,2.588160648451006,0.1925078656628031
29.20000000000664,0.0023799902640934956,21.13574223141147,0.04938370039605877,3.3839664185864367,0.044301844821927866,0.3583908007989144,3.3843267383610467,0.36111856716584556
29.300000000006666,-0.5905225833648073,21.414194011335617,-0.5419295556078118,3.3583080698376073,-0.09354770397235793,0.3441608618017979,3.401752597585203,0.35664810628216737
29.400000000006685,-1.0986511505761598,21.704032935300393,-1.0029938580606799,3.345196476675742,-0.1980691318948431,0.33316339427423286,3.492325320881668,0.3875941541018191
29.500000000006708,-1.7876216615674594,21.802112122579906,-1.6082027931061147,3.1413298061443684,-0.3335257711609324,0.2782814290255016,3.5290606646422678,0.4343731043342462
29.60000000000673,-2.392833629336064,21.937491658226335,-2.082562747895008,2.989711616486882,-0.4355708187569883,0.236759199525265,3.643548153747472,0.49575886952476944
29.700000000006757,-2.306149134504005,21.44366293327149,-1.8301532966672331,2.2224825607037983,-0.36708688754667185,0.05375106889572326,2.879043212932806,0.37100129435911094
29.800000000006776,-2.334130358858248,21.15883355805059,-1.710600714321512,1.7224785392417448,-0.3309294679395324,-0.06318900893558903,2.4275681498128208,0.33690824210904063
29.9000000000068,-1.8947415378784065,20.46518471090345,-1.1339635804363273,0.8539352107284346,-0.18984354055389255,-0.2626998036954409,1.4195346934392943,0.3241168874829891
30.00000000000682,-1.2945998220345913,19.92001389506249,-0.44123109985669096,0.20085434119452472,-0.025158817396523037,-0.4077380727522517,0.4847961941449538,0.4085135273947634
30.100000000006844,-0.6825588119286841,18.945136368318412,0.2099981383728009,-0.828993627231889,0.12611178454086744,-0.6366007275512964,0.8551781405713819,0.648972009041162
30.200000000006867,-0.16455068278134943,18.120772499776148,0.7170623455595408,-1.628072481577182,0.24052366300509787,-0.806769862676767,1.7789880305072978,0.8418605845321893
30.30000000000689,-0.31259303075477807,18.508299728373174,0.5210202595602057,-1.1565307307117427,0.1895958331796127,-0.6789915312500111,1.2684736662433407,0.7049653037336705
30.400000000006912,-0.42303189233435845,18.816476376175267,0.37712491189847197,-0.7988617889659306,0.1519127016087462,-0.5805189924395069,0.8834044130772029,0.6000664708955569
30.50000000000693,-0.8777713265374298,19.971874863809173,-0.09898285610890695,0.3764724439726431,0.03823062781674019,-0.2951247978659108,0.3892673976512951,0.29759070418723904
30.60000000000696,-1.252645480677326,20.955221233423764,-0.45891086261145564,1.2904619985403283,-0.04593802031114397,-0.07680711458383782,1.3696318299088586,0.08949656172614603
30.70000000000698,-0.4251462502388762,22.118994150357,0.40672783909050864,2.3138783486290766,0.15542576808599534,0.16177925127543227,2.3493532189404083,0.22434280806025642
30.800000000007003,0.14352430669612276,23.35508878393799,0.9474467368810029,3.33006151420153,0.2769467329386141,0.39317125586798185,3.4622196648382446,0.4809190465412844
30.900000000007022,-0.16179439423514103,24.29684222199294,0.5752499361679182,3.9738072460707556,0.1844155281103303,0.5330304696981327,4.015228077953435,0.564030645120302
31.00000000000705,-0.06488657542073431,25.304112814623522,0.6320031031369293,4.631980465665679,0.19328048284265084,0.6729918578333905,4.6748979621680675,0.7001966764830627
31.10000000000707,-0.6288354537194727,25.742236946314655,0.025651108931614708,4.670951050392262,0.04850388252167881,0.6664368804098991,4.671021482989562,0.6681996274992639
31.20000000000709,-1.0927123065516544,26.19248750367435,-0.434373394255249,4.717496242607992,-0.059063886549939285,0.6617862735532288,4.73745195697617,0.6644167476500371
31.30000000000712,-1.6117102348238164,27.10095115933677,-0.9137021881358451,5.2153994206507,-0.16860947155028827,0.7616833589932891,5.294831707007115,0.7801222296946596
31.40000000000714,-2.0556527320087326,27.946658320149133,-1.2809285190593207,5.61068435162558,-0.24968079493558387,0.8355240004365698,5.755046200033121,0.8720325995426973
31.50000000000716,-1.9600684269944986,28.59904700790901,-1.081843197519671,5.781041484444936,-0.1978369012041582,0.8556098162316179,5.8813965474955765,0.8781842614793133
31.600000000007185,-1.893697132450976,29.23872655048965,-0.9267627724029602,5.923677637858199,-0.15737495524619502,0.8688164853837196,5.99573565074156,0.8829546771002806
31.700000000007208,-1.688414289239695,29.748168202569644,-0.6449126749798448,5.923627486730855,-0.08851592672025241,0.8487012674954334,5.95863029226541,0.8533046998180077
31.80000000000723,-1.4039914586566924,30.191761699007593,-0.30576223766554195,5.856078169416934,-0.007991461756900589,0.8134328117806617,5.864055087761696,0.8134720663565563
31.900000000007253,-1.1231082425950114,30.047605100911422,0.0037301590051775357,5.206435339674137,0.06380714373823619,0.64428935746998,5.206436675913186,0.6474412156644891
32.00000000000728,-0.9821004909737195,29.754659051444275,0.14988249231337245,4.457220470373753,0.09614900917315383,0.45601967400045207,4.459739799923408,0.46604567913505834
32.1000000000073,-1.2706283400511107,30.34563483926792,-0.14332068729812708,4.645241692805926,0.026079694074027132,0.48897417803667537,4.647452119601672,0.4896691712060676
32.20000000000732,-1.5110113878384344,30.903621711882028,-0.3660170658985459,4.784804016888983,-0.02605365715166965,0.5099532023861904,4.798782967854029,0.5106183131017801
32.300000000007344,-1.4833221204298899,30.92811911130251,-0.30445098589985287,4.381036797357272,-0.011204975593424265,0.40472533876942623,4.3916026485343425,0.4048804160737786
32.40000000000737,-1.463094741837315,31.010156044159192,-0.2550396836916916,4.064807470917739,0.00048761750303685444,0.3221878133177104,4.072800635421064,0.32218818231163765
32.50000000000739,-1.1826947361473894,30.79464192102139,0.04972446556899757,3.475838505578354,0.07099595189905061,0.1784506895615172,3.476194160189745,0.19205487182321954
32.60000000000741,-0.9400681247361118,30.67066693057731,0.29320310641374436,3.023064432795877,0.12569188612191315,0.06955375434779644,3.0372498459043715,0.14365296718396595
32.700000000007435,-0.806128318096619,30.290807704656146,0.4093601011498327,2.3501528502379685,0.149661150458794,-0.08776119844256815,2.3855385370802646,0.17349492185284732
32.80000000000746,-0.7189374952899952,30.844246164956466,0.46965626937655636,2.659002308369312,0.1601501072922841,-0.014265564909833883,2.700161159501046,0.160784213180047
32.90000000000748,-0.9436926862141242,31.580327828263425,0.2142064277447756,3.126005083530913,0.09733564055413992,0.09412466836107272,3.1333356309128915,0.13540192065169035
33.0000000000075,-1.3644857972328464,31.984986886460227,-0.2170438470651947,3.226650340089862,-0.004703958434031111,0.11523509567705517,3.233941936515076,0.11533106476855727
33.100000000007526,-0.9570631674137977,31.891183011525342,0.20997223866628342,2.822745878488365,0.09421247636970033,0.01910888912563935,2.8305445828556706,0.09613085013317692
33.20000000000755,-0.6155226861608283,31.859430343244977,0.5382245852879153,2.5117519937700026,0.16798705631847966,-0.05329439371629008,2.568770869971849,0.1762383144839254
33.30000000000757,-1.2390153731963816,32.39883668006804,-0.12050220949488655,2.7938014998235268,0.011676676966037663,0.013202447557262825,2.7963990421449756,0.017625249117997444
33.400000000007594,-1.7642085057649153,32.89342809686787,-0.6305458729514801,3.0094327626060453,-0.10661291690359441,0.06279204336491057,3.0747802605296526,0.12373016916109641
33.50000000000762,-1.7735437842483428,33.37039566482808,-0.5871651575558916,3.1907409727651492,-0.09410809418186689,0.10329214332402153,3.2443167042583756,0.1397340340182496
33.60000000000764,-1.7899476062782829,33.81972226466323,-0.5539586269243513,3.330303170898639,-0.0842468341940162,0.1331954655581434,3.376061221370466,0.1576025415942415
33.70000000000766,-1.6838862793797615,33.82773890903606,-0.40113257833360083,3.019205906676875,-0.04693489990674544,0.05812840338408237,3.045736635415658,0.07471141886779296
33.800000000007685,-1.5512334576623397,33.91684472850166,-0.2334961334274218,2.8127396607892945,-0.007059340113128296,0.009008977900603135,2.82241471858808,0.011445346899346384
33.90000000000771,-1.5677816419990522,34.59682446073528,-0.2273918514812315,3.2107554527703464,-0.005483518862101499,0.10089770702026563,3.2187975443656867,0.10104660440142649
34.00000000000773,-1.805751370295994,35.158859421493396,-0.44230886793198554,3.460367774292878,-0.055086453520417626,0.1563210192925002,3.4885215017276185,0.1657431097635837
34.10000000000775,-1.8272252336798123,35.35400050734878,-0.42487436711792265,3.324910715934887,-0.049777620802895925,0.12136037912621114,3.3519471202231843,0.13117222706981307
34.200000000007776,-1.8537316473473946,35.57047023287558,-0.4136851503510377,3.2208708374255344,-0.04603673079503868,0.09447834204279182,3.247328803031689,0.10509775305614115
34.3000000000078,-1.147443281458148,35.93913914140373,0.32669827122614736,3.2762493130461205,0.12634642158939002,0.10510626944605786,3.2924977329767944,0.16434946341656
34.40000000000782,-0.5524019485576822,36.29925373662648,0.8988945126582832,3.318600130020117,0.2558238221002846,0.11247379617078818,3.4381853015590518,0.27945694262098064
34.500000000007844,-0.2819233207588726,37.09422328256388,1.1030916684666525,3.7906011235498176,0.29715363566705033,0.2190879388846786,3.947843475480972,0.36918803901925473
34.60000000000787,-0.03134918655688432,37.82117482801961,1.2710481078382903,4.157961191819719,0.32914134740494505,0.2990221821626648,4.347896567895579,0.44468898344445706
34.70000000000789,0.6623651657509514,38.70020377951016,1.8667354014797568,4.647810720030967,0.4593618732151268,0.40544975356548707,5.008677025759654,0.6127012593670952
34.80000000000791,0.9655043097873254,39.76525201015675,2.026397688038195,5.284275899701447,0.48567704515621096,0.5433402003926355,5.659492854863594,0.7287666056800198
34.900000000007935,0.8729813351414034,40.065623817195416,1.778528188561963,5.108732267809427,0.41708420635496624,0.490148628921179,5.409464659434125,0.6435875337699323
35.00000000000796,1.1108191833088235,40.01635436334011,1.8779117088105928,4.597335191441585,0.43042969321417207,0.3604744676053969,4.966089331511784,0.561437051320841
35.10000000000798,1.6967885533267228,40.17497678880793,2.3154451177101385,4.331643734511843,0.5217111476475956,0.290654864328187,4.9116619932425545,0.5972125013237818
35.200000000008004,2.2245107009145038,40.37283662682695,2.660046983556121,4.124869451605985,0.589376930137484,0.23608371380610993,4.908197015964037,0.6349021071809181
35.300000000008026,2.221806659177407,40.3959482264197,2.4483824102921368,3.7594364586374973,0.5267620579910626,0.14606312520030107,4.486417157773091,0.546637633430281
35.40000000000805,2.2576430742982865,40.471431723147404,2.29024360781042,3.4740201877045775,0.47798140670078215,0.07664066262528678,4.161013343849721,0.4840867859375027
35.50000000000807,2.1410478686087315,40.464211845865165,1.9913816993707423,3.128055704889889,0.3977674641104488,-0.005185726676934496,3.708144221235588,0.3978012660437684
35.600000000008095,2.068307342966391,40.49972506072558,1.758352848141309,2.8513458198708324,0.334642761384894,-0.06909385260379475,3.3499220473111797,0.3417012411668152
35.70000000000812,1.988990726532666,39.949820717351585,1.535987861646403,2.0129795447617735,0.2754462262275902,-0.2614853191040123,2.5320634586744477,0.37979625544487394
35.80000000000814,1.7792422088527775,39.943391602449864,1.2002221871959704,1.7812117727143628,0.19137956961517533,-0.3090637174944672,2.14784745219341,0.3635196296454836
35.90000000000816,2.1060917141211384,39.61047643270122,1.4244322599718429,1.2427899498670245,0.23883136847542713,-0.42649811859933706,1.8903793594776084,0.488815985557571
36.000000000008185,2.2657113028001237,39.10370775093206,1.464235630843954,0.5736636024191487,0.24251516400134057,-0.5714590190061979,1.5726016378515912,0.6207890262996948
36.10000000000821,2.5748255788964896,38.94227616293826,1.6493391447570833,0.3014143682286775,0.27973483475789035,-0.6212319489682144,1.6766544771665746,0.6813080890433273
36.20000000000823,2.851387071432464,38.80908080693687,1.7871141139449807,0.07968184267173059,0.3051418872651653,-0.6581640780594833,1.7888896143454227,0.7254595267908723
36.300000000008254,2.940477662922289,39.60611756705453,1.7268351986286363,0.8031524172922277,0.28413319920673535,-0.4755303397686562,1.9044720025836952,0.5539501592489599
36.40000000000828,3.0364327590279476,40.28243497243934,1.6774024558622813,1.351658950532281,0.2661203372742742,-0.337607645708122,2.1542193290115192,0.4298824913293798
36.5000000000083,2.1196229891259604,41.145614837150326,0.6223444296865757,2.044770737232766,0.015831847751513306,-0.1694160319460274,2.1373815656090374,0.17015416328601682
36.60000000000832,1.356572632200248,41.90589604866068,-0.19823595397577964,2.582321908598921,-0.17440922973613346,-0.04111151087362208,2.589919676954994,0.17918910609594357
36.700000000008345,0.5005327602616508,42.10152307228887,-1.0477820176335944,2.5160531054920345,-0.36695069547588466,-0.05549421906953565,2.725503694022893,0.3711231887936579
36.80000000000837,-0.05621941176769629,42.41802107487147,-1.5328708662774355,2.575421146093823,-0.47070488618281137,-0.04047291614486631,2.9970797741183595,0.4724416861557019
36.90000000000839,-0.439421132187298,43.08227584761327,-1.8066200844879967,2.976711043508073,-0.5231562564637838,0.053318376177251575,3.482051804068736,0.5258662547790829
37.00000000000841,-0.5474867705703756,43.774179707378735,-1.784015197726501,3.3744814208334732,-0.5058203399224559,0.14412503984412683,3.817045334453001,0.5259527007149407
37.10000000000844,-0.830746320846863,44.55180506450936,-1.9365293748993717,3.8266464993979232,-0.5294064990429429,0.24541695383001128,4.2887491709358025,0.5835243974814656
37.20000000000846,-1.0961795368236136,45.26758367214981,-2.0583352031191406,4.181788159489311,-0.5453412670455796,0.32191474078375615,4.660911500902427,0.6332662930211517
37.30000000000848,-1.1286197274109344,45.11811473115402,-1.9374322081581632,3.6469296271613967,-0.504746732897112,0.19070459192579273,4.129617326905264,0.5395715946488396
37.4000000000085,-1.1835888627896651,45.05417685793734,-1.8471569518242348,3.23808146265561,-0.47217849551261293,0.09168816360414894,3.7278895320900394,0.48099818187770293
37.50000000000853,-0.29343234050703937,45.8019635412886,-0.821318717592062,3.669128154575098,-0.22388320075311288,0.18930681844194316,3.759928968818791,0.2931906531389933
37.60000000000855,0.44775850259177497,46.49036018976503,-0.02246172309131378,4.0073532356698385,-0.03385459876973998,0.26318860167260005,4.007416185578652,0.2653570686984589
37.70000000000857,0.470904801000302,46.82980053393554,-0.0003845562179054657,3.971303950467735,-0.02796278145487787,0.24875718725548535,3.9713039690867435,0.2503239008923316
37.8000000000086,0.32632644168918945,47.395924348371736,-0.14702100545388969,4.163278844911774,-0.061246072252276414,0.2874223975043308,4.165873967912927,0.29387534083939165
37.90000000000862,-0.07392100314349437,47.079100395205025,-0.5368909423489617,3.460280541027628,-0.15004120717628594,0.1181043751656547,3.5016843527923545,0.19094765587507712
38.00000000000864,0.244337420481901,46.89528235598946,-0.18064249354959672,2.9437111583024977,-0.06413678189159071,-0.004157848767089176,2.9492485642940385,0.06427141275699066
38.10000000000866,0.34300650625123064,46.461830383115135,-0.07045603561717226,2.218315164397145,-0.03715658430097392,-0.1719115919401087,2.219433761469177,0.17588123038089604
38.200000000008686,0.4368207257454493,46.13896410072653,0.026482102453663434,1.6593945247738613,-0.01386622283006882,-0.29726280428634355,1.6596058238629543,0.2975860328505928
38.30000000000871,0.39058778241702424,45.73865117115926,-0.023527071964685585,1.067092085476379,-0.02511703357176466,-0.4274377460213111,1.0673514144842642,0.4281750717863244
38.40000000000873,0.36094889782416445,45.42282790980076,-0.053094050972524454,0.6055831337840469,-0.03137737517336343,-0.5243361510972345,0.607906168888242,0.5252741560558942
38.500000000008754,0.12018797908789353,45.41995291948627,-0.2906140483693516,0.4925736958980438,-0.0856112714064221,-0.5383528385733661,0.5719137793411542,0.545117481458653
38.60000000000878,-0.07457901218146758,45.4326499050975,-0.46381183355539224,0.40500111955098117,-0.12370667774456004,-0.5461593373288856,0.6157494001487642,0.5599940748526933
38.7000000000088,-0.41757170817100087,45.8887351853247,-0.7710277527415756,0.7670791093438722,-0.19193115334261335,-0.4497402012521632,1.087609376333945,0.4889824293834718
38.80000000000882,-0.7036381344636364,46.274950024555125,-0.9974183172550801,1.032651870209667,-0.2398747347561898,-0.3778825363236368,1.4356925801310942,0.4475880914777974
38.900000000008845,-0.5928302623211317,46.91651231975515,-0.8104777810086868,1.532955536724136,-0.19106793599230112,-0.2533730219272663,1.7340204471349088,0.3173402659684287
39.00000000000887,-0.3239600322019598,47.01105545419491,-0.4800717559635503,1.4503555835687987,-0.11019388883559081,-0.2666230719604242,1.527743502575978,0.28849706348301724
39.10000000000889,0.11316673971597108,46.83072240877339,-0.007289495861675432,1.1009142520446455,0.0017533568368369862,-0.34131116533534483,1.10093838479042,0.3413156689089564
39.20000000000891,0.48539301457884354,46.7012317998946,0.36438617862462136,0.8298300315227161,0.08771511364862598,-0.39613993121615004,0.9063085392898196,0.4057348718884383
39.300000000008936,1.3620687682670325,47.01509212223779,1.2096998886064547,1.0221711384338004,0.28128327369911,-0.3424676574182618,1.5837321922413272,0.44317533374550566
39.40000000000896,2.1213012354042604,47.29619975006035,1.8722148361051398,1.1678269282106182,0.4280744947776588,-0.30083986300738036,2.2065829072994387,0.5232135283547695
39.50000000000898,2.1982910850666824,47.44527778303574,1.8030860073326482,1.1714114219453837,0.40217347094462436,-0.2930492868201672,2.1501915889759444,0.49761570035264685
39.60000000000901,2.298424290948417,47.58956038282209,1.7614357736337534,1.170602273339022,0.3832300667648183,-0.2864556257621399,2.1149386910696077,0.4784580541733478
39.70000000000903,2.465224827538977,47.905963223178,1.788543247289897,1.3419530870586227,0.3806348957210777,-0.24017830629151316,2.2360064926767222,0.45007615206057694
39.80000000000905,2.3917314338803677,48.57681910745493,1.5733417147681392,1.8537111383289975,0.32203170222711625,-0.11620470181675788,2.4313883144809543,0.3423564662214162
39.90000000000907,2.272458346218639,48.51434134449703,1.328406269532822,1.595781608546797,0.2579043791090737,-0.1731983496553989,2.0763386426858004,0.3106643479496652
40.000000000009095,1.8668823458671544,49.03084378151843,0.8165832962955496,1.934864691529073,0.13350558729052384,-0.09072999698051758,2.1001213427596985,0.16141770098063102
40.10000000000912,0.8273037817450415,49.4655655357463,-0.28762032518881997,2.1665434657486378,-0.12508615712528268,-0.03502225386539861,2.185551655861705,0.12989651638971436
40.20000000000914,-0.048729775246562856,49.87352141156051,-1.1434921212846478,2.353775420455233,-0.32023262953118264,0.009111878710190799,2.616836441465013,0.32036223770926076
40.30000000000916,-0.7970238867072723,49.83381470917647,-1.8054071754127623,2.080623634315524,-0.4659837885860857,-0.054303769303866795,2.754721360991748,0.46913728330377813
40.40000000000919,-1.4533613125706144,49.841317769729336,-2.3236364520853483,1.8756820994258523,-0.5751148345300093,-0.10046881371995225,2.986213270944719,0.5838245073879432
40.50000000000921,-1.518776036971147,49.564179510109575,-2.2119819436774253,1.4032310676748598,-0.5359713820643713,-0.2074648752874162,2.6195269703598942,0.5747234090151675
40.60000000000923,-1.606385361928721,49.349680416910815,-2.129838744482884,1.0300715234116669,-0.5045623181841542,-0.28901001082436417,2.3658530006836984,0.5814721999271046
40.70000000000925,-1.9353960403287291,49.22198976830713,-2.293358851156657,0.7728067106443117,-0.5307242574858277,-0.3418512935739883,2.420067154480525,0.6312927564942372
40.80000000000928,-2.6033447748498477,49.26744843235118,-2.7807000509346977,0.7086255944567692,-0.6312100520979181,-0.34879208865771594,2.8695719204068473,0.7211671449668714
40.9000000000093,-2.294038475634514,49.25696427621699,-2.255578520826276,0.5944522941876322,-0.49509614725144535,-0.36714001109471767,2.3325968347911714,0.6163700047616321
41.00000000000932,-2.7532410932258724,48.7775140079121,-2.5353610496602,0.02276097210115069,-0.5483791787186322,-0.490928835925347,2.535463214875156,0.736023671898627
41.10000000000935,-2.194315707692785,48.96766888037404,-1.7781565737479736,0.16326348042196392,-0.3604800478628767,-0.44705820844644706,1.7856359552838943,0.5742881738696773
41.20000000000937,-1.7613553441396868,49.12354782761127,-1.204001461363489,0.259795760055916,-0.2192846666371573,-0.4143770128256583,1.2317115554822275,0.4688220065019186
41.30000000000939,-0.8644746690271055,48.99220282181824,-0.2115014930268353,0.06370736226981902,0.015444730141585122,-0.4501617596340131,0.22088800229971392,0.45042663056921645
41.40000000000941,-0.1195788602254918,48.88072089366144,0.5530416316997945,-0.0964624172022305,0.19199559078391307,-0.4768072428991353,0.5613911687278919,0.5140111416706244
41.50000000000944,0.03490493722209287,49.39212092372572,0.6700799953869339,0.3772575388548183,0.21463458905620747,-0.3561599276671854,0.7689801368309509,0.41583398237183766
41.60000000000946,0.17679467821632164,49.824235941331914,0.7650658263229196,0.7362754398687821,0.23164698878886708,-0.26484527930028123,1.0618037681046062,0.3518570013266661
41.70000000000948,-0.17099972087636717,49.631249949955546,0.3644210482935067,0.4455302757658245,0.13358137919899948,-0.32599275661946087,0.5755865938877572,0.35229996059758784
41.800000000009504,-0.5641714068844127,49.41788497173137,-0.05083407234359033,0.15763672800947875,0.03440421877941653,-0.3850654998727801,0.165630434789527,0.3865993914404108
41.90000000000953,-0.7589137885604433,49.03781471255523,-0.2364885666570897,-0.27325102579890437,-0.009350603226737045,-0.47585889653062935,0.3613764868660913,0.47595075710419044
42.00000000000955,-0.8519949370134667,48.41522453426839,-0.3065401197938866,-0.911423751892425,-0.025343523087727627,-0.6125152510645506,0.961592481541383,0.6130393355643401
42.10000000000957,-0.5791364597433653,47.60851759763679,-0.006612641712112954,-1.6824144994848194,0.044643358732967056,-0.776742370312939,1.6824274947548759,0.7780242536825721
42.2000000000096,-0.35229891140241343,46.90872236556928,0.22424601719302403,-2.285712739237127,0.09702891994722512,-0.8983669234442985,2.2966865268333474,0.9035915783388527
42.30000000000962,-0.5133968682985199,46.609489070196645,0.050654705204532524,-2.441463040146898,0.05461632932043509,-0.913618725389282,2.4419884675326973,0.9152497576128467
42.40000000000964,-0.6456670310665722,46.323142846407556,-0.08095879200452359,-2.570310819512563,0.022898406694146098,-0.922292618976559,2.571585509934712,0.9225768325986572
42.50000000000966,-0.5148052077500879,47.571885644174024,0.059635887535036486,-1.15801133461633,0.054900872594473335,-0.5741585239682048,1.1595458982644824,0.576777354320523
42.600000000009686,-0.40569098664140735,48.60019050954081,0.16760319536580778,-0.07289785643471625,0.07861315759971774,-0.3097877597877731,0.18277015229409213,0.3196067656701358
42.70000000000971,0.2669804622513977,50.22170729070166,0.828440770048096,1.5201570867601626,0.2297058498770651,0.06599868516525137,1.7312399249974069,0.2389991713610881
42.80000000000973,0.029819961067544698,51.219450422987784,0.5315035351129386,2.368876313909374,0.15568212675964693,0.2608573486711113,2.427770787870719,0.30378196284198394
42.90000000000976,-0.1753917023723928,51.858204047818894,0.28893615039758286,2.7939705570738855,0.09595192700195428,0.3531842425457776,2.8088708715073274,0.365986176621499
43.00000000000972,-1.0893097924799449,52.567853914796494,-0.6411024610326059,3.256114391667108,-0.12147068106513718,0.45194771135373396,3.3186282252104897,0.4679870299017979
43.10000000000986,-1.1542402711107618,53.139948688108056,-0.65346158281171,3.5445857689718308,-0.1215197483319187,0.5082396773968157,3.6043168997479134,0.5225654207035443
43.200000000009766,-1.2327751475201418,53.67893024467409,-0.6781458931008546,3.7766858743766365,-0.12441961533119636,0.5501853060642958,3.8370871824921537,0.5640781077902473
43.3000000000099,-0.5331256034814427,53.43550151099122,0.07452008334667715,3.2102751606556086,0.05261931472567158,0.40639230241026114,3.2111399611266385,0.4097846943707298
43.40000000000981,0.042834661765955406,53.283195701338066,0.6458237756351463,2.7773923567550183,0.18359616482452967,0.29682366493927853,2.851490251173381,0.34901552946288933
43.50000000000995,0.7626949662608244,52.73858073243962,1.3160060242380025,1.9864308753666378,0.3344219184848366,0.10693423682767231,2.3828091569491208,0.35110247872807077
43.60000000000986,1.3747067986756762,52.31348465178525,1.82633100118605,1.375271113251308,0.4447682027742909,-0.03695686297802664,2.286231738218314,0.44630097907157834
43.70000000000999,1.305175224599452,51.879036162037785,1.617405710666535,0.802001758182211,0.3861332882182793,-0.1687509640481596,1.8053276857745457,0.4213974420157816
43.8000000000099,1.3406908107242863,51.50650005191769,1.5283603181646177,0.33498636694240236,0.35659423586545586,-0.2729092823938718,1.5646408943196906,0.4490422312758639
43.90000000001004,0.538683082008571,51.72490964569249,0.611102378868008,0.4932486494524604,0.13609793464737574,-0.22997397840738187,0.7853281783081609,0.2672277653235163
44.00000000000995,-0.598379776021545,51.504584776777776,-0.5694927974778294,0.20279250952843497,-0.1402300965081884,-0.2918614679787408,0.6045219998477842,0.32380178575387963
44.10000000001008,-1.2819605362227944,51.53833456619217,-1.2070190603957673,0.18847831729522113,-0.2845030067287049,-0.2884202346660534,1.221646056863083,0.4051273782435529
44.20000000000999,-1.8849621151193596,51.5642257642045,-1.7144818932439225,0.16808885845291135,-0.3953420948760342,-0.2864643890617442,1.7227019552427716,0.4882184123745125
44.30000000001013,-1.9190382122181515,52.65982338335357,-1.6152076321045035,1.215474862688934,-0.36322309322579227,-0.03748039218549071,2.021453644444344,0.3651517427740018
44.40000000001004,-1.983201876297762,53.59188779552608,-1.5527412760159418,2.019287604052318,-0.3403643059123633,0.14938173465022425,2.5472588989191824,0.37170252001609405
44.500000000010175,-1.5304897071058399,54.35207100825111,-0.979453684985809,2.589571557295538,-0.19983512088086142,0.27788363324887255,2.7686116324588244,0.34227677275132534
44.60000000001008,-1.1710953192948819,55.024079974883556,-0.5428754976902339,3.0274260714824344,-0.09419094866503006,0.37276916376978514,3.0757149452255788,0.38448508978638335
44.70000000001022,-1.27451247032833,55.51266005119578,-0.6007645627000263,3.24796324411877,-0.10540645333838712,0.4151738992057938,3.3030566593600357,0.42834552289841926
44.80000000001013,-1.6976818395665942,56.08431110636644,-0.9724652210844358,3.5333103528123235,-0.18897555400471178,0.47159385041098567,3.664692436686815,0.5080477534217103
44.900000000010266,-2.430437534506898,55.39959787135032,-1.6234665162038535,2.5441017109269715,-0.3352385375779613,0.23178783413020024,3.017962399496823,0.4075665309224733
45.000000000010175,-2.4717769736602837,54.83903735736458,-1.5347826759527652,1.7543154542363109,-0.30696080274080606,0.043675211415491494,2.33091839740843,0.3100523480179886
45.10000000001031,-2.4222417578901103,54.16411311255342,-1.3617236152400882,0.9114069536958571,-0.25981373974073496,-0.15237665642565354,1.6385828753980367,0.3012006387468792
45.20000000001022,-2.397420340762617,53.61242549621533,-1.2260414406375448,0.2565925048744703,-0.22240628355266323,-0.30036883342732257,1.252604218306142,0.37374589102517003
45.30000000001036,-1.213419581972204,53.67188705627148,0.05436412632538401,0.26172288161505985,0.07901404842047988,-0.2922314533413097,0.2673094180757815,0.30272502732639733
45.400000000010266,-0.2197464797471671,53.72287810570866,1.0462767443740182,0.2586777531019349,0.3067051802228199,-0.2861741013535273,1.077779757542217,0.41948025443518955
45.5000000000104,0.6778114273264543,53.74157427061818,1.8652752881320274,0.22434186308371268,0.4891170247244137,-0.2874973049301156,1.8787179596863093,0.5673536500432007
45.60000000001031,1.4533909468887622,53.75930971164544,2.4985188000435423,0.19234351953100484,0.6243260236195802,-0.28824900407177295,2.505911455673683,0.6876557802541949
45.70000000001045,1.5583166107616035,53.56752700991747,2.413477619212867,-0.045244548674870294,0.5902019484508818,-0.3365548783512178,2.413901673147894,0.6794170487242871
45.80000000001036,1.081810241428927,53.720270113966755,1.7544876316729825,0.0794339587931828,0.4240610052597197,-0.2999178501247977,1.7562848867717982,0.5194020148260542
45.90000000001049,0.1153894479704125,54.57593694034757,0.6573397494455646,0.8953722880622936,0.160378709163289,-0.10417741286009174,1.110759686174766,0.19124398997904443
46.0000000000104,-0.17646860704459866,55.12167590318997,0.3163733875312264,1.3399062026737742,0.07777121776434509,0.0010942101217929628,1.376750068931045,0.07777891493418906
46.10000000001054,0.02078605997033825,55.51896654805299,0.48873829967239335,1.6022892392022365,0.11585531656934189,0.061781909161504264,1.675170418682811,0.13129911910223463
46.20000000001045,0.1900125362643627,55.8774815535411,0.6196327737375854,1.805676935582148,0.14346230698416218,0.10741437238810608,1.9090348268125101,0.17921852839689514
46.30000000001058,0.4683734500984768,56.28767125263674,0.8488230179269529,2.04461501800943,0.1931752329510226,0.16021697434945065,2.213809180492375,0.25097041557796085
46.40000000001049,0.7134034824575123,56.6648528441983,1.026705159883449,2.2318890956438997,0.22986562529844107,0.19984319786005345,2.4567157793659087,0.3045907244562378
46.50000000001063,0.5586616029955178,56.875940834877845,0.7921325850761457,2.2388240769952725,0.17026881308812877,0.19682370113321113,2.374827842196809,0.26025187422613455
46.60000000001054,0.4393850425580492,57.09085174350023,0.610591258877177,2.248589432939494,0.1243219587224515,0.19452899539210033,2.3300163354243617,0.23086246873159508
46.70000000001068,0.7485612421678869,57.29319266751934,0.8695592424230901,2.2446427544727805,0.1813680693478149,0.18911454855617113,2.4071880631331175,0.2620280310473637
46.80000000001058,0.9257293961055975,57.39302213330479,0.9766551525151437,2.1384607712464865,0.20195238648784788,0.16016907911879358,2.35092955170811,0.2577574447303112
46.90000000001072,0.5102078151492908,57.1072326061863,0.4846473575052511,1.6559816973170443,0.08343332198831156,0.044821700165193185,1.725444418979024,0.0947106331079238
47.00000000001063,-0.4160581646488052,56.74707245302749,-0.4783760069224285,1.1365209595837633,-0.14133198513576573,-0.07641386307251387,1.2330950878063887,0.16066676225057006
47.100000000010766,-0.9738246985843142,56.473152956588564,-0.999756943477754,0.7431913972718782,-0.25870443986877195,-0.16565855473722824,1.2457316721553273,0.30719821608440745
47.20000000001068,-1.4652961290831112,56.25476376225291,-1.4143165724768152,0.435877280220973,-0.34864353737795767,-0.23293502461841828,1.4799595841087685,0.4192982731295211
47.30000000001081,-1.3382801687318688,56.50199835799139,-1.1800377696408662,0.6166011534196923,-0.2863662898073619,-0.18572728293008506,1.3314225926344667,0.3413213669881009
47.40000000001072,-1.257168190603871,56.71831779353968,-1.0089044455518505,0.7530130815289718,-0.24014136258695787,-0.1498652608772811,1.2589348200792783,0.283067960820253
47.50000000001086,-1.192280713537388,56.98906993033926,-0.86658742150415,0.9334659343081017,-0.20165386403424065,-0.10464238864200115,1.2737081336094658,0.22718783061740702
47.600000000010766,-1.1606461777206896,57.2259552044152,-0.7679138584403695,1.0665049807133233,-0.17415562565725765,-0.07143705012369281,1.3142011139361822,0.18823770631423944
47.7000000000109,-0.3587021887881452,56.71680945909295,0.09086601428338914,0.4463086138216523,0.028587928139157143,-0.21329178974887228,0.4554646103959712,0.2151991106151853
47.80000000001081,0.11664349132198992,56.26057378119975,0.5580335570916138,-0.07288264523678711,0.13602469651437102,-0.32849248967407063,0.5627728945294281,0.35554188759426947
47.90000000001095,0.4064803284525209,56.71984592054298,0.8040845451625762,0.3606554916731013,0.1898111427807957,-0.22057474410017136,0.8812629229936282,0.2910008379001815
48.00000000001086,0.38180653427426575,56.46049485358037,0.7174454968103212,0.04542549136558238,0.16537160993027955,-0.2884121664171349,0.7188821295311306,0.3324595420624255
48.10000000001099,0.4405483891136851,56.9907159846059,0.7202067297071053,0.5416609803309732,0.16218398704777243,-0.16691425279775557,0.9011627772653031,0.23273163395152166
48.2000000000109,0.4945418297812308,57.43301394537462,0.717660022067323,0.9124277519109525,0.15784191426990263,-0.07725999460940748,1.16084465357383,0.17573609949988353
48.30000000001104,0.48329669598600555,58.07499569232561,0.6499688080250162,1.4536900078985573,0.1385264742689507,0.049770831413275915,1.5923800081857244,0.14719619469590575
48.40000000001095,0.4777956691836189,58.62861936893212,0.5929069604168545,1.8650908493651543,0.12211751325406543,0.1438135458482494,1.957064776673574,0.18866643319044163
48.500000000011084,0.902623794001258,59.66757484334362,0.9686305305563538,2.7278969096666685,0.2062308001134221,0.3401312085953038,2.894765388506441,0.39776925720312317
48.60000000001099,1.2672039595100006,60.5806165262516,1.2549054806463784,3.397985351127754,0.2677001961444767,0.4873131794056602,3.6223048203920003,0.556001375752115
48.70000000001113,1.1726719269398709,61.26116655241635,1.0611727575029253,3.7837197608862208,0.21667789234324553,0.565292590988603,3.929710275603946,0.6053965827925684
48.80000000001104,1.7640208569553035,60.95180581074124,1.5651115020086732,3.1523675176277073,0.3282709495841892,0.40612314686490975,3.5195162991402835,0.5222047747391461
48.900000000011175,1.9859598245702241,60.27680147097032,1.661477724378523,2.2045557090814056,0.3429733184595283,0.1774109083263676,2.7605387342056,0.38614159005257104
49.000000000011084,2.376202556700791,60.02877003560485,1.9172928591983656,1.754742760903008,0.39423049784583436,0.06922320996242871,2.5990640747920306,0.4002618370882702
49.10000000001122,2.450469466020447,59.72467204335163,1.8377454894797562,1.2836076054613441,0.3667018385133893,-0.04139488708339535,2.241641579044561,0.3690308592052254
49.20000000001113,2.5424395350277824,59.48978641455293,1.781140770265356,0.917836405647622,0.34511888502389027,-0.12507313433511075,2.0037180717440295,0.3670835514328337
49.30000000001127,2.551847511671161,58.609430812769716,1.6458818215282334,-0.06241768997127528,0.3058354769089435,-0.3490008265975916,1.6470649466424951,0.46404408831696486
49.400000000011175,2.5854150205539197,57.873181824621966,1.544429487355015,-0.8227561138533362,0.27528358992162005,-0.5168605773288646,1.749911444700765,0.5855987630424623
49.50000000001131,2.046710242676573,58.09368413157812,0.8801267544951238,-0.5702640079088248,0.11520024716534671,-0.44647655179368784,1.048725008138147,0.4610991306091767
49.60000000001122,1.6087670810057069,58.27366753660748,0.3671565948505,-0.3765971482687018,-0.0061619508396873746,-0.39133276798727396,0.5259556799069032,0.3913812782169483
49.70000000001136,1.414238447833407,58.0008648262348,0.13622345890830403,-0.6480125649067501,-0.059455169690666665,-0.4450807157826132,0.6621760453489445,0.4490342534423285
49.80000000001127,0.6982614899117005,58.066774588150295,-0.5961961803019026,-0.5600996822404595,-0.22755459060995517,-0.4144397265930468,0.8180229455537554,0.47280162720340085
49.9000000000114,0.5968457681040022,58.4051699075341,-0.6594523154407332,-0.20660353028604533,-0.2369260740352974,-0.3230542192324382,0.6910588795947862,0.40062200778496865
50.00000000001131,0.1718319611892296,58.777133416516925,-1.0396411546376099,0.15380149859936285,-0.319416018672964,-0.2321846378545953,1.0509560558784712,0.3948877043420786
50.10000000001145,0.1548085361078147,58.42569820936805,-0.9833882957393193,-0.23365355533269533,-0.2990086327398636,-0.3164656301250053,1.0107653160435868,0.4353810486268084
50.20000000001136,0.11775105059380919,58.13807994247613,-0.9507561904254125,-0.5269521830012044,-0.2845390797493707,-0.37700950802023236,1.0870215898509,0.47233320552579866
50.30000000001149,0.1301340186983712,57.77384407690603,-0.8707510085678278,-0.8731080281887578,-0.25944264529133887,-0.4483831296517474,1.2330956766648522,0.5180327375292638
50.4000000000114,0.12264895717871872,57.463643000605266,-0.816121664971011,-1.1377391237526666,-0.24079865446952253,-0.49924115521101214,1.400180304729552,0.5542794629523616
50.50000000001154,0.0957426751999739,58.05960292684503,-0.7845084460232756,-0.4781949031206276,-0.22791178768468012,-0.33507671656590343,0.918762138560575,0.4052409023657576
50.60000000001145,0.06136361243095343,58.55951942162079,-0.7622635932943586,0.03557842335538164,-0.21749086478675322,-0.20844093416196585,0.7630934476658032,0.3012472394894313
50.70000000001159,0.32507349504527366,59.11902684232145,-0.444311320240126,0.5695663489946365,-0.13888709890612558,-0.08005791506284574,0.7223699711370926,0.16030875212155365
50.80000000001149,0.9346356334692476,59.88841971956108,0.19394909091911955,1.2716330294796152,0.012014201285149517,0.08424631505099398,1.286338529132925,0.08509866410344773
50.90000000001163,1.3190754376125826,60.56435429000589,0.5587200878656474,1.8262814417399662,0.09614085281464697,0.2106374670909874,1.909835605759932,0.23154093832934688
51.00000000001154,1.625260440992275,60.91242464914048,0.8171977260580359,2.011096789254852,0.15372558687673113,0.2485280793334992,2.1707884326266345,0.2922289552350921
51.10000000001168,1.562386681573782,61.36151525076557,0.687771773958805,2.2817311392465287,0.12022054510295857,0.3053996644702083,2.3831338621365155,0.3282101986888407
51.20000000001159,1.5244100820212665,61.77692435145457,0.5928552228037168,2.4972599980832664,0.09547593667724995,0.34820439038567375,2.566668037209425,0.36105671572241516
51.30000000001172,1.5231992813572905,62.203790871665525,0.5416655424781976,2.706799815092287,0.08142189087726519,0.3886328452487374,2.7604649606346827,0.39707053872096626
51.40000000001163,1.532872167115529,62.605374741749706,0.5050810586731375,2.8741237721951647,0.07107255071119051,0.41835746173562055,2.918166262180368,0.4243515915540626
51.50000000001177,1.1656273271079063,63.362673714385345,0.09570124135732211,3.3819404283045906,-0.025298721912576233,0.526181152520381,3.3832942213467585,0.5267889810902334
51.60000000001168,0.8641737736882413,64.0601273053619,-0.21652029512945056,3.7898043402326707,-0.09695852071037257,0.60838175798865,3.79598445405791,0.6160595086448257
51.70000000001181,0.3085135073261631,64.3100096220829,-0.7576708271434034,3.7190148696141843,-0.21993223884866864,0.5779243329237789,3.7954099492301983,0.6183580874140667
51.80000000001172,-0.44058755593726573,64.04374018341552,-1.449291747604093,3.1382325005046767,-0.37487792043558466,0.4301640050455405,3.4567252996003544,0.5705913830990863
51.90000000001186,-0.9483818154998629,63.701366943556856,-1.846370475058487,2.52545436626817,-0.45808395098751653,0.27841918970108637,3.1284187199399422,0.5360579738667666
52.00000000001177,-1.3933723606625734,63.277907168626314,-2.149241295343384,1.8785256202606402,-0.5175658285808837,0.12228347259372241,2.8544871083234775,0.5318154140152356
52.1000000000119,-1.3574724260920745,62.91128877001963,-1.9485686024642737,1.337823949689531,-0.45915601909779424,-0.005659440939737637,2.363618522281561,0.45919089619186093
52.20000000001181,-1.3577994272437728,62.62403666139973,-1.7984217666149602,0.9178842721989475,-0.4137889767733481,-0.10269866033443584,2.0191167345610967,0.42634297476752475
52.30000000001195,-1.3653731101967304,62.704630336736855,-1.6661392279889182,0.8969745647080354,-0.37360531986819456,-0.10516062165269377,1.892242927527192,0.38812329404481377
52.40000000001186,-1.3966533145131235,62.7829164387084,-1.5668300216417435,0.8756151604311558,-0.34198120117245634,-0.10766967114803963,1.794897831603444,0.3585301940429607
52.500000000012,-1.3174533418889696,62.990645368963825,-1.3643565394496338,0.9850859131480735,-0.28721757218934785,-0.07984777019165697,1.682814019142268,0.298110047094899
52.6000000000119,-1.2699675600345894,63.17393182114177,-1.2084395062379065,1.0619479573047181,-0.24449385664269804,-0.0602149972272238,1.6087446982850258,0.2517997057724547
52.70000000001204,-1.0100436203732794,63.26930832152743,-0.8523797193901158,1.0454500182803894,-0.15644753868655334,-0.06263914879158096,1.3488947055830707,0.16852149810162032
52.80000000001195,-0.8553260231790063,63.407371306925256,-0.6282201395276177,1.07288610059571,-0.10095902450550465,-0.05484127982427692,1.2432799879993113,0.11489251760609882
52.900000000012085,-0.5652706736765436,63.6822015501911,-0.2863041407016508,1.2345670977615064,-0.019506712647880092,-0.01616080948814423,1.267330256822656,0.025331474525559262
53.000000000012,-0.6326316388244896,64.36266615919429,-0.3267380279897738,1.7878795802935077,-0.028411374397809594,0.11224454910180988,1.8174903390568917,0.11578447649940436
53.10000000001213,-0.5867557701902139,65.20391951767833,-0.251192568304929,2.458441645783682,-0.01027343777890662,0.26480919956297505,2.4712411926186415,0.26500840684208604
53.20000000001204,-0.5531164880556508,65.94800076811057,-0.19363804433243625,2.9799087999992238,0.0032818668681883975,0.3793444552515132,2.9861935885882724,0.37935865138442254
53.300000000012176,-0.31088749840867125,66.70397253623439,0.06725225135846499,3.4721589218116633,0.06357353906426291,0.48446891840905326,3.4728101652162207,0.4886222751508503
53.400000000012085,-0.10609874984575032,67.39372372693019,0.27058849215453046,3.859399962290087,0.10915263927684067,0.5628627640440712,3.868874022375397,0.5733487505946375
53.50000000001222,0.04016372946402523,67.06217048929659,0.3997015210635109,3.198171720179585,0.13650251346921288,0.3968365129073485,3.223051916692769,0.41965718647471867
53.60000000001213,0.1740450461830261,66.82887830624448,0.5062189256136131,2.6849142372729884,0.15799111739596763,0.2688910271489823,2.7322192558725216,0.3118710914099945
53.70000000001227,-0.34894637054161187,65.98518713890167,-0.05015794963251763,1.602594051563925,0.025594863859085965,0.012230213839971471,1.6033787805816238,0.02836679725553406
53.800000000012176,-0.5900958141435175,65.84806395310545,-0.2829439697396917,1.3075266841707807,-0.028861918765734525,-0.05632865323121504,1.3377904618551786,0.06329239709224427
53.90000000001231,-1.0567748274938218,65.25202797826222,-0.7223711693099654,0.5782038867132576,-0.12987348731885898,-0.2237838382027299,0.9252782505066053,0.25873988666053677
54.00000000001222,-1.3148551469719,65.00070505794116,-0.9198342546333522,0.2489954933364424,-0.17255947370888208,-0.2947814764503206,0.952939563507966,0.34157413664520514
54.10000000001236,-1.3749834685381563,64.49689518846586,-0.904499166065562,-0.3056737832120902,-0.1650182081624218,-0.41630586656661195,0.9547540013828112,0.44781869496807974
54.20000000001227,-1.4364106774334857,64.0721635856416,-0.8912689244881731,-0.7378667444378513,-0.15813848276258563,-0.5066784028868145,1.1570685495274764,0.5307831795398058
54.3000000000124,-1.3034625612155626,63.13914405302003,-0.6850812447800139,-1.641912155117864,-0.10676937386404402,-0.7041421129027239,1.7791042232182805,0.7121908552898109
54.40000000001231,-1.2014285889882241,62.33621157384011,-0.525345594267918,-2.345083819494762,-0.06733747055725789,-0.850556359728317,2.403207463760225,0.8532177072795288
54.50000000001245,-1.5999236273569117,61.300717229446086,-0.8763629590742679,-3.2237832626648446,-0.14700152878597716,-1.0341982271006382,3.340776939676667,1.044593424449684
54.60000000001236,-1.952305630597879,60.385840237963585,-1.1540500967205938,-3.9122533665137667,-0.2078542949001832,-1.1695734737298062,4.078916281261374,1.1878996246993507
54.700000000012494,-1.9765790761393518,60.66072079877363,-1.083022087710547,-3.3598624839711726,-0.1866095108508112,-1.0146924581541232,3.5301009551662754,1.0317092100853011
54.8000000000124,-1.4521871706015497,61.040325017212936,-0.47051279849386185,-2.7434622117145144,-0.04056253044509289,-0.848584063389486,2.7835170559297855,0.8495529598057558
54.90000000001254,-1.0445668066347256,61.74581505545743,-0.021458393920538832,-1.8480572554134524,0.06428310249079217,-0.6217601496899378,1.8481818314105223,0.6250743963787795
55.00000000001245,-0.9064467646112189,62.17609144104926,0.12437174044422915,-1.2944394252173987,0.09653940067337308,-0.47927112549927786,1.3004006134181405,0.4888973998905278
55.100000000012585,-1.059368080402172,62.332270986844456,-0.031172448686610787,-1.0554635054232602,0.05831407508366761,-0.41288440624733236,1.0559237343849583,0.41698209107235745
55.200000000012494,-1.188405055191468,62.45415259381826,-0.15106295073531034,-0.8681494348797096,0.029223183135289696,-0.359987890636376,0.8811943351876577,0.3611720861824541
55.30000000001263,-1.2828911333706752,62.35944462429879,-0.2273581657231093,-0.9102176842684068,0.01089297553818096,-0.36139230785468823,0.9381833340429353,0.36155643693981326
55.40000000001254,-1.3643659637129977,62.27467671359453,-0.284834372111907,-0.9383273520288555,-0.0026585426745104473,-0.35953434092452674,0.980606362972354,0.3595441699613359
55.50000000001268,-1.9170425747411304,62.51358262193158,-0.8072475733217745,-0.6410416524615132,-0.1234786296788294,-0.2824258745925864,1.0308166882741476,0.3082391062580295
55.600000000012585,-2.3938358586099304,62.71323282242714,-1.2135131877861738,-0.4051459413835314,-0.2146275693163665,-0.22130670507593575,1.2793582339401695,0.30828825994873515
55.70000000001272,-3.0844943407984875,62.694571614107794,-1.8010066139332213,-0.404405720802273,-0.34560185292076107,-0.21601459152330912,1.8458517845289781,0.40755728982959616
55.80000000001263,-3.2720838916973407,62.26655658768543,-1.8413053413599223,-0.8110029097090709,-0.34692969871762736,-0.30509905750328314,2.0119967891816226,0.4620017865135322
55.90000000001277,-2.8879712761643694,62.79506425021643,-1.308230630984005,-0.23274906771432713,-0.2155534867585707,-0.16423673310704892,1.3287736874150904,0.2709926385632151
56.00000000001268,-2.6519813827040535,63.42567999069351,-0.9633217706692183,0.40300041145054777,-0.13075704400444904,-0.013329872265197856,1.0442213201589925,0.13143473685212717
56.10000000001281,-2.652426035806612,63.863898144847965,-0.8802305097239922,0.798108980427753,-0.1085048939398294,0.07840305253685807,1.1881850423601479,0.1338669139705213
56.20000000001272,-2.665059123500008,64.24970219475311,-0.8154429434542194,1.1103654383238606,-0.09100294450037241,0.1488421465266114,1.3776278890373193,0.17445778999628284
56.30000000001286,-3.9994997287979652,64.12358486414078,-2.0721281292794003,0.8882740297295401,-0.37968259786619063,0.09400816989862909,2.2544945633207685,0.3911475567226631
56.40000000001277,-5.1464411538794845,64.03854532393245,-3.0442901039127777,0.7240138632150797,-0.5958464193767492,0.053824617767008066,3.1292009061274566,0.5982725507340759
56.5000000000129,-5.663479889715154,64.0147543149351,-3.3126923862931914,0.6333088410300121,-0.644164898124299,0.031590858962585,3.3726860118207944,0.6449390656065753
56.60000000001281,-6.140186719013068,64.01380136816732,-3.518774189536174,0.5722760180616644,-0.6769449468871616,0.016737442471223555,3.5650065410591423,0.6771518316423131
56.70000000001295,-6.589005559596005,63.93913945240561,-3.679662610266996,0.44248829034535664,-0.6985091630391995,-0.013681531355505747,3.70617225887973,0.6986431386265486
56.80000000001286,-6.752671438912581,63.71752721185348,-3.5425263266952616,0.1763580998510324,-0.6506142313801542,-0.0749450282907023,3.5469134405440585,0.6549165102056009
56.900000000012994,-6.415204841916592,63.16967459097248,-2.915310239469936,-0.39405885155372183,-0.4904275914919731,-0.20520009826637864,2.941821913516536,0.5316260930627362
57.0000000000129,-6.113197700177383,62.402304669330825,-2.370673677703934,-1.1386981581514992,-0.3530556645336789,-0.3727546342603021,2.6299671445734663,0.5134143741870199
57.10000000001304,-6.059434390387886,61.55407346442484,-2.1145178439819703,-1.9056309407191856,-0.2856141809490297,-0.5415906176245041,2.8465092648267367,0.6122873977619309
57.20000000001295,-6.037853063949177,60.816222030650174,-1.9095272154976155,-2.502258750936908,-0.23157238843015396,-0.6671128897748527,3.1476329270368253,0.7061624308804603
57.300000000013085,-6.008162481107981,61.017355165192406,-1.7117433333159853,-2.116038567177071,-0.18044864793554993,-0.5623087185699871,2.721706166530934,0.5905529692767525
57.400000000012994,-6.001366052568502,61.155263498676504,-1.551608782177773,-1.8213118584446732,-0.1392195721558554,-0.4811003668088624,2.3926275720726746,0.5008389483804963
57.50000000001313,-5.908562979146845,62.6785976389853,-1.3178348818877719,-0.16817342317638206,-0.08190503205586493,-0.08744713922761888,1.3285221398919251,0.11981417460036531
57.60000000001304,-5.835544125658889,63.954967652508635,-1.1216092377119,1.1116903592599867,-0.03460501826408859,0.21072499849615062,1.579196864546111,0.21354749420271965
57.700000000013176,-6.367769674057233,64.55441511958078,-1.5433331880313155,1.6180984262856235,-0.13138732795803124,0.3230271787061434,2.236094775814951,0.3487250896204659
57.800000000013085,-6.02768375422511,64.62165870029995,-1.063315428612936,1.554592694617315,-0.01727545772644004,0.30085798589720425,1.8834537814567778,0.3013535616477435
57.90000000001322,-4.916957036492238,64.35199316194894,0.1473821232311303,1.1597036714997053,0.26326854319218496,0.20252272625451206,1.1690312638839102,0.33215324849246225
58.00000000001313,-3.9895864146762468,64.13706143528246,1.0814913699072837,0.8493282528445616,0.4733210279319926,0.12601852363722957,1.3751298354206154,0.4898096199364658
58.10000000001327,-3.388878882452541,63.91576924038727,1.6171145191849683,0.5562648387242068,0.5863070788334258,0.05529039620909629,1.710114013438782,0.5889083278432593
58.200000000013176,-2.851127298668486,63.74108159575723,2.047407075971745,0.332097424570705,0.672306207592093,0.0021407523545070722,2.0741659610903045,0.6723096158672028
58.30000000001331,-2.6442351716976336,62.6691417925763,2.1134322773361927,-0.7685634344920302,0.6720272846462876,-0.2525915681708123,2.24884097786496,0.7179297818171723
58.40000000001322,-2.4322345669381877,61.76360059517462,2.177942726490472,-1.6180361169163273,0.6714043160102828,-0.4433069868301772,2.7132038986258324,0.804552571389643
58.50000000001336,-2.7362371253000584,61.12949482011014,1.7219656162856434,-2.13062966309409,0.5503597348502427,-0.551658696948975,2.7394795755629264,0.7792452474438779
58.60000000001327,-2.9655214742022036,60.56827442901139,1.3743363134644428,-2.529855361386756,0.4571866985381326,-0.6312709724288622,2.8790568684977984,0.7794374368424182
58.70000000001341,-3.944661095763691,60.46716578194745,0.3055342303444808,-2.4385503639847337,0.19929686125191137,-0.5955368080775176,2.4576165371355785,0.6279994655093439
58.80000000001331,-4.266480416643711,60.62696199002974,-0.02653510458792885,-2.093051840632385,0.11784752975831456,-0.501811458644088,2.093220036056914,0.5154636556505648
58.90000000001345,-5.19811612012227,60.77150161312659,-0.9407173217582787,-1.7882609022854403,-0.09641269879844461,-0.4196741877191985,2.0206004390029233,0.4306063542580029
59.00000000001336,-6.251777590276892,61.32592677962284,-1.9057472773122253,-1.0977300489924486,-0.3174808413486673,-0.2501808340142776,2.199291691759855,0.40420852827660275
59.100000000013495,-6.767821310076299,61.54378643336127,-2.2601210819712976,-0.7951398323356893,-0.3921334616326185,-0.17437529071668223,2.395912072288534,0.4291566074808912
59.20000000001341,-7.241548696194471,61.72462581530253,-2.544136112739861,-0.5523650339454279,-0.4487783167793729,-0.1141645547479054,2.603408475608971,0.46307183370629945
59.30000000001354,-7.414373718374444,62.35637791635033,-2.505506528449368,0.12111189113133525,-0.4294554698437444,0.04431346551109036,2.5084319911601773,0.43173566427191745
59.40000000001345,-7.60296657374425,62.8961054937093,-2.4845955712988737,0.6508930583468544,-0.4146796629176997,0.16587457543927542,2.568438616420898,0.446624671972672
59.50000000001359,-7.9696515869269255,63.7810064119356,-2.6417652098146798,1.4832871100986962,-0.44145196423553773,0.35464470760230815,3.0296970268942967,0.5662620465453615
59.600000000013495,-8.318056766100662,64.55246349114505,-2.7676137624635437,2.137697389330251,-0.4603573683623431,0.4978630670718429,3.4970610613094792,0.6780829891390023
59.70000000001363,-8.993161891052578,64.29689924094865,-3.2081557883043,1.7174899104437436,-0.5516424901586866,0.38911083381921896,3.6389607245072657,0.6750679061723824
59.80000000001354,-9.75588663785239,64.26633638267475,-3.7007681626630844,1.5529356088136446,-0.6528639573811074,0.34203081768302335,4.013389340557692,0.7370321750725933
59.90000000001368,-9.606331960649698,63.76646823456764,-3.2451863002679464,0.9328138815781241,-0.5323398397465707,0.19062608333770908,3.376592344526003,0.5654414281161929
60.00000000001359,-9.679899665400795,63.504083257517856,-3.0457910556242362,0.5966398045279628,-0.4738837630083838,0.10842758613851453,3.1036788188966598,0.48612998496164694
60.10000000001372,-9.832002262741456,63.347025645719036,-2.938933927849418,0.39106128412844054,-0.43819277399622975,0.058349695456699456,2.9648375267809524,0.44206062270055274
60.20000000001363,-10.004284912607918,63.225009632529584,-2.8594315458780746,0.23610825416663248,-0.4096572778341443,0.02114483325927373,2.8691629220468275,0.4102026197576556
60.30000000001377,-9.354387729736755,63.72493749157405,-1.9661453606754256,0.7125875133702771,-0.19347998981016246,0.1309084734059517,2.0912935096529934,0.2336055112072858
60.40000000001368,-8.840626386082512,64.15547116327657,-1.2769083497482072,1.0829081699457284,-0.029519944722523533,0.2135681611071918,1.6742714947677682,0.215598670160853
60.50000000001381,-8.778360396662823,63.88682359806831,-1.0904930596800262,0.727724501412102,0.014297900810779626,0.12644016097125316,1.3110141353798583,0.12724599904920902
60.60000000001372,-8.733605365930705,63.67540613269337,-0.9359265293403434,0.4566508134370211,0.04973233208759474,0.06079049734392793,1.0413877441835744,0.07854164132606928
60.70000000001386,-8.959821643020168,63.81372434847874,-1.0633103628981546,0.5547209564742657,0.019106125872020065,0.08207638907842815,1.1993099129909373,0.08427085907946467
60.80000000001377,-8.91441846196556,63.946266887523635,-0.9103490503195287,0.6392914035451468,0.05405786664384421,0.09974603957110731,1.1123978119649425,0.11345274503600408
60.900000000013904,-9.138537522715659,63.55621676128401,-1.0377806200602435,0.19655027226830574,0.023320525829474588,-0.005008211962459666,1.0562294376229857,0.023852234948199623
61.00000000001381,-9.217489808096783,63.04550692509101,-1.0108352045609792,-0.3322339516411563,0.029015831314472433,-0.12724812575788,1.0640334625390946,0.13051438225637496
61.10000000001395,-9.344026747153254,62.48179321502472,-1.0334328597088585,-0.8727583023564363,0.023115542429557507,-0.24937607774742637,1.3526605375548286,0.2504451166513396
61.20000000001386,-9.460278242004213,61.99554962154431,-1.0440945916628894,-1.2938746100264387,0.020113643490052208,-0.34104818002065956,1.6626018834377534,0.3416407758887237
61.300000000014,-10.31267324757821,62.01520371350356,-1.787268599964234,-1.1778171625302312,-0.1523153884396843,-0.3063020148078948,2.1404631080139827,0.34208317969597357
61.400000000013904,-11.049708736398241,62.01190864002556,-2.3578852736258926,-1.0928790774530375,-0.28082639343187943,-0.2795605777046698,2.5988473678760844,0.39625443827738444
61.50000000001404,-11.965949397413352,62.282156890702474,-3.0623828714754424,-0.7413782647310247,-0.4373425849175242,-0.19175775274395088,3.1508460106647167,0.47753489120665527
61.60000000001395,-12.776334586851137,62.49744583824615,-3.606130943156972,-0.47129446202045844,-0.5530411760656112,-0.12482575053494545,3.6367978840080384,0.566953270050228
61.700000000014086,-13.297061134846626,62.00257636088895,-3.8181731827256367,-0.9291592248139835,-0.5893089338991904,-0.2278830867218101,3.9296034556100112,0.6318352006554084
61.800000000014,-13.80221129142193,61.94980665217341,-3.9970235657694735,-0.9108219914146655,-0.617057199323387,-0.21836701506066866,4.099487051493283,0.6545561400699931
61.90000000001413,-14.348830086858698,62.560439293438115,-4.202002725951061,-0.2325771860847613,-0.6502093538209367,-0.05637460226504176,4.208434276115911,0.6526486800544239
62.00000000001404,-15.135184630832839,63.054127036895785,-4.628519710223752,0.2770071134560498,-0.7338562100856193,0.0628429676529578,4.636801445914523,0.7365420393057407
62.10000000001418,-15.276896765276902,63.480171288639916,-4.378355677484551,0.6797773568185672,-0.6589898001633354,0.15458616398322433,4.430812080578958,0.6768784520239665
62.200000000014086,-15.463968016202934,63.84974808391819,-4.191180519408242,0.9948956333719244,-0.6004307754705028,0.22392464941961265,4.30764569893691,0.6408270942694339
62.30000000001422,-14.882177946905866,63.96164044811265,-3.2512060350143086,1.028527524828714,-0.36903592199271096,0.2265253491978485,3.410016063223712,0.43301414012733747
62.40000000001413,-14.44613764221556,64.0730273130006,-2.5280621343417717,1.0585528457703053,-0.19316793232673182,0.22823134397850667,2.7407357191785358,0.29900400742067035
62.50000000001427,-13.833676339919615,64.52994668483643,-1.6845044360952524,1.429942066738553,0.006493277760430183,0.3088863260497536,2.2095903487871023,0.3089545679814247
62.60000000001418,-13.340252833059516,64.94073887940827,-1.0245799482697613,1.7260518438988606,0.15904347774400876,0.37025605616176605,2.007241649185051,0.4029694466549218
62.70000000001431,-12.695906792443495,65.50664840957342,-0.2655594695926884,2.153012635829441,0.33099370619144886,0.4604834668963574,2.1693282927974704,0.5670995122756145
62.80000000001422,-12.177108102638934,65.56512702622203,0.3091313461303639,2.0405529337837907,0.4563129784264265,0.4238061643088267,2.0638358618683816,0.6227625544190631
62.90000000001436,-12.714168450811869,65.37590671415138,-0.21328121074108486,1.689072076765318,0.324872862239462,0.3326702468930681,1.7024844655278026,0.4649858812776527
63.00000000001427,-13.162722680557609,64.6142269953369,-0.6079815079695023,0.7937036716172596,0.226025589908933,0.11779256134079827,0.9998034968790561,0.25487772519564533
63.1000000000144,-13.407553211450796,64.18212559341733,-0.7698234799776873,0.2954077374067049,0.18334682420558518,-0.00023413981369409254,0.8245568031644063,0.18334697370757477
63.20000000001431,-13.622779206147396,63.81753203027216,-0.8901095769193544,-0.09722057135463291,0.15127125258538093,-0.09107929649868719,0.8954032043822902,0.1765741490406959
63.30000000001445,-12.762656862384103,63.48066397840768,0.06971711366967737,-0.4317523398331325,0.36986603113696015,-0.16637937558707228,0.43734489695183987,0.40556501033712317
63.40000000001436,-12.04346781236537,63.18625302108507,0.8143172371804247,-0.6978231502746328,0.5336012824993148,-0.22409584504709876,1.072413032291371,0.578748025009405
63.500000000014495,-12.211527681025284,62.94571825434313,0.6164955283149959,-0.8892069506637631,0.4754801188241678,-0.26319492231750974,1.082014666047154,0.5434638079309098
63.6000000000144,-12.352540773562488,62.72593327309961,0.4597985474459847,-1.0445724242910674,0.42821970863741116,-0.2930549738739667,1.1412914850391005,0.5188962676468011
63.70000000001454,-12.307791894668929,62.74058098848999,0.4992615193055455,-0.9537752062018954,0.4274424672048727,-0.26526431168194925,1.076545033254415,0.5030628368527007
63.80000000001445,-12.342742702225689,61.98046369475165,0.4553289960815323,-1.6411426695145215,0.4073862609495454,-0.4181768400463204,1.703136446786888,0.5838111296999886
63.900000000014586,-12.22531052442048,61.10487075117968,0.5656590742638683,-2.3895974586780855,0.42348908201181623,-0.5816861579155473,2.4556356005763194,0.7195149678038406
64.0000000000145,-12.508547931216356,60.45087821961755,0.267413037976365,-2.8582923962178204,0.3446785488025123,-0.6766781677411696,2.870774312821605,0.7594054547487478
64.10000000001463,-12.604333542956498,60.92260035334677,0.17811237146749276,-2.1679760120694302,0.31603965288511165,-0.5012876048289387,2.175280213162949,0.5925962579622622
64.20000000001454,-12.694669706787902,61.27839670102454,0.10041421186282752,-1.6452343666568572,0.2907481478785608,-0.3687306691520745,1.648295827566406,0.46957085926210335
64.30000000001468,-13.088338162310514,61.14467089338924,-0.27410354825475336,-1.6495927194292124,0.197360543211194,-0.3612070637662288,1.672210780721052,0.4116087060926166
64.40000000001459,-13.432496615801279,61.00556823842353,-0.5708703620673636,-1.658158036851616,0.12412469457774031,-0.3548310005526877,1.7536764369354252,0.3759148557283135
64.50000000001472,-13.727515451566099,61.102701135928,-0.7960853164818342,-1.4299447570593977,0.06913989728828221,-0.29381408695068895,1.6366104727025432,0.3018394326255289
64.60000000001463,-13.994007870537047,61.162190296081576,-0.975674921312422,-1.256164296456679,0.025984683241447093,-0.24680430155532893,1.5905628851983515,0.2481684247227517
64.70000000001477,-14.134376890052646,60.58931240280284,-1.0158414349038314,-1.7251426746351481,0.016089260299950718,-0.349610754657715,2.002011755388761,0.34998077671400263
64.80000000001468,-14.534628634508163,60.375793097063145,-1.3118221453857892,-1.7992085136488298,-0.05277024073074784,-0.3586592367802564,2.22666311253207,0.3625205462240411
64.90000000001481,-15.304998651940426,60.360905258364966,-1.9535456610154283,-1.6688950059775107,-0.20003809708152948,-0.3202068469107522,2.5693483980668876,0.37755485044232356
65.00000000001472,-15.243713443213482,60.51055308050576,-1.7169085174848033,-1.3840109313626516,-0.14065374421494178,-0.24687800436154517,2.205280280495697,0.2841341668987054
65.10000000001486,-15.34377970056984,61.081141426898476,-1.6589264837625906,-0.7012288312858335,-0.12398263754106509,-0.08317598531759612,1.8010438507586117,0.14929815452708076
65.20000000001477,-15.450005911547912,61.55091089551524,-1.6112721603227547,-0.1713332708067855,-0.11008702196034076,0.04136158263010939,1.6203558449663173,0.11760073520928309
65.3000000000149,-15.852293801594245,61.81927047968846,-1.8619581229785407,0.11698277941489055,-0.165546132556755,0.10711819227752041,1.8656293904217427,0.19717968739528555
65.40000000001481,-16.21245302746888,62.04804947849685,-2.0509770767279027,0.3434000637883391,-0.20545279251702706,0.15703045022313816,2.0795265261768527,0.25859120683102516
65.50000000001495,-16.065041956995707,62.810470333475955,-1.7193571678634847,1.083578679089775,-0.12396501149651949,0.32466742462546105,2.0323217817219508,0.3475287911645043
65.60000000001486,-15.97148104258874,63.464492832436434,-1.4666690928623827,1.6579771676806825,-0.0626268820555027,0.45006543938325905,2.213595834046546,0.4544018332745147
65.700000000015,-15.635404155566786,63.782926602258755,-0.9917479281779735,1.8527863091721328,0.04871462970678901,0.48472838074612357,2.1015187509277657,0.48717011222798606
65.8000000000149,-15.269570120464172,63.2034597255349,-0.5239133613597088,1.137064735115614,0.15584002795730123,0.30790083215746566,1.2519590336966981,0.3450927944147665
65.90000000001504,-15.008318641518667,62.35054164843604,-0.19667888820884266,0.2034448689462044,0.2279530764363095,0.08474525227208832,0.2829706694475679,0.24319614067545942
66.00000000001495,-14.354932314136414,61.71468620709422,0.4954254877832573,-0.44215816869270047,0.38282503038604226,-0.0666022715941435,0.6640408572422039,0.388575432151306
66.10000000001509,-13.752506233926692,61.89576292259098,1.0825409851931602,-0.22406772665453542,0.5098199304254232,-0.014597036738999668,1.1054869202080637,0.5100288569684495
66.200000000015,-13.227839386057767,62.036783176409266,1.5457818505725895,-0.06266139827571127,0.6052128365001461,0.02308866305031372,1.5470513825964174,0.6056530886786623
66.30000000001513,-13.509651449059941,62.62827802242291,1.1685906810904556,0.5349756095537784,0.5039302062618009,0.16084211191163073,1.285224915238143,0.5289762166177745
66.40000000001504,-13.725526150778421,63.12524186644469,0.8850302430560721,0.9920054485413785,0.42665645170375344,0.26287286898912365,1.3294184221153518,0.5011365812141539
66.50000000001518,-14.303694366832687,63.62575132554917,0.261484689175689,1.4167362861252457,0.2725013161775314,0.35506903687537794,1.4406651058095565,0.4475834986525927
66.60000000001509,-14.779812356259914,64.0617968976952,-0.21294129719427757,1.743705229963425,0.15641808300934582,0.42251066854441593,1.756659308190573,0.45053510598639024
66.70000000001522,-14.889442392391638,63.54447268881012,-0.28607192615333515,1.0948392846455626,0.13587695863871685,0.26259255724922914,1.1315963088205467,0.2956643350348453
66.80000000001513,-14.989603376577323,62.92556573583055,-0.34443731883616435,0.3942241599260744,0.11922767665088561,0.0944005202681622,0.5234976168775409,0.15207464320677475
66.90000000001527,-15.255756543851936,62.67309655496515,-0.5639193482624603,0.11243426722695216,0.06568273788692118,0.02701259334275434,0.5750186916889047,0.07102043547756523
67.00000000001518,-15.453805259308682,63.06835226354531,-0.6987857139779929,0.4975242420026614,0.03295606494605564,0.1154938202218,0.8578064148979396,0.12010380812511358
67.10000000001531,-16.559148066586474,63.634001869753604,-1.7271034194812118,1.0223951585236237,-0.20574975409191112,0.23427169551410276,2.007032157628831,0.3117951068056303
67.20000000001522,-17.50848754990387,64.1233750030058,-2.520271357501529,1.4302879986991517,-0.38452064990936036,0.323233510693261,2.8978425551891918,0.5023306009410609
67.30000000001536,-17.9380573240195,64.11731985359813,-2.733662481986002,1.312495580308572,-0.42499993705355565,0.2884981042355371,3.0324173877860883,0.5136692541344334
67.40000000001527,-18.34035815156683,64.13499945217332,-2.9024803447570915,1.2267789073822999,-0.45422872854333424,0.26198847516787827,3.1510916583462554,0.5243679041997936
67.5000000000154,-17.796655001726695,63.26747461537068,-2.1149233842794826,0.2653097258117063,-0.26148486701585527,0.03345118985082321,2.131499512545678,0.263615852673422
67.60000000001531,-17.37341533935991,62.54528486022472,-1.5074987210861388,-0.477329287616764,-0.11488187546154133,-0.1391626677313865,1.5812639384027802,0.18045523932454102
67.70000000001545,-17.092384490742557,62.52095728921406,-1.0883082575457568,-0.46723783681747716,-0.015226802233874737,-0.1336075030008534,1.1843673668233843,0.134472377700376
67.80000000001536,-16.842522094523293,62.41211117270498,-0.7324527282174232,-0.5418145902727918,0.06746722393389305,-0.1477723223197319,0.9110708256253296,0.16244533095510258
67.9000000000155,-16.8367927313181,61.82329165134258,-0.6473736260484902,-1.0884208019107495,0.08559261515757018,-0.2708326499064103,1.2663934829803924,0.2840359484727948
68.0000000000154,-17.25325824675125,60.801018790425516,-0.9896049771784134,-2.024044060883803,0.004422898240816958,-0.48106043668469567,2.253014063705614,0.48108076844966347
68.10000000001554,-18.069247796927975,60.21145295071406,-1.7034334519183916,-2.455414324514444,-0.16085277810727772,-0.5697442472462715,2.9884352143128905,0.592015306808067
68.20000000001545,-18.779432065410273,59.67335301525092,-2.2564652470540496,-2.8009751665941804,-0.2850972568348851,-0.6365204862854649,3.5968176621897294,0.6974516293735796
68.30000000001559,-19.460457066062133,59.61508381941857,-2.7371677365835874,-2.640488783268482,-0.38973049760595707,-0.5846569174896021,3.803191848008826,0.7026475446001575
68.4000000000155,-20.074078894990063,59.5211221114078,-3.112786745977438,-2.526614876956159,-0.4676272720906253,-0.5447791217792822,4.00914255949935,0.7179551219467173
68.50000000001563,-20.6549336791459,59.11168107975269,-3.425751217544972,-2.734551078869251,-0.5292239039655693,-0.5802879566434372,4.383325336711369,0.7853738301942418
68.60000000001554,-21.195794854985795,58.72215224703275,-3.6735549387058906,-2.905313328289448,-0.5743176490096533,-0.6063734395456037,4.6835725064555955,0.8351823215025216
68.70000000001568,-21.35319390379853,58.94011793396196,-3.5189839218324748,-2.4564052645756917,-0.5252621578937237,-0.48846932522300773,4.2915235832919105,0.7172883772925585
68.80000000001559,-21.66883530246118,58.9783824772061,-3.5327776053026967,-2.2200151074473258,-0.516299806649191,-0.42246808976666017,4.172407540715866,0.6671167643052323
68.90000000001572,-21.85426963193556,59.081132902947175,-3.4146434872166664,-1.9366650723551562,-0.47701795775843536,-0.34712797885910085,3.925616097795555,0.5899525114200572
69.00000000001563,-22.62551985120202,58.97615507994134,-3.8880887954733714,-1.8813041710349574,-0.5755310853663277,-0.3262857544590139,4.319321690432318,0.6615878050461866
69.10000000001577,-23.110794024754,59.166094284360824,-4.038866651757074,-1.5357040063286342,-0.5971024333770208,-0.23876710754771163,4.320975656692504,0.6430715726818128
69.20000000001568,-23.58412368294523,59.29979321329644,-4.164776683679742,-1.272236082577908,-0.6124204547427095,-0.17227820562285368,4.354761701257098,0.6361906895891335
69.30000000001581,-23.3802783498352,59.44587320485078,-3.6050508328620987,-1.0163620010024144,-0.4687342027753053,-0.10908494078956356,3.7455818272467822,0.481260093045812
69.40000000001572,-23.267898643219354,59.55312009621588,-3.178538514762168,-0.8186540486399858,-0.3591971028890591,-0.06081301648088765,3.282270790349439,0.36430863522211226
69.50000000001586,-22.602556014017406,59.39979091870306,-2.2332851172660404,-0.8956191324675207,-0.1321626825418841,-0.07721487082385375,2.406178722672916,0.15306570789373844
69.60000000001577,-22.077286716162835,59.25946000525913,-1.500148050961939,-0.9535281830343245,0.04053660501619505,-0.08882781077697148,1.7775432964194273,0.09764013679664967
69.7000000000159,-20.6825471176813,58.442981202275796,0.04246825220354622,-1.6802983292107083,0.39654583006879945,-0.25494033517918724,1.6808349197923995,0.4714267385779359
69.80000000001581,-20.106968900021737,58.10886936604257,0.6492638200868748,-1.8699606156667674,0.5277770304909349,-0.292927356887678,1.9794686691682284,0.6036182819688535
69.90000000001595,-19.840915498484467,58.06080778349642,0.899760009671253,-1.7593986402660815,0.5735272672496565,-0.2605662648305428,1.9761203532107425,0.6299430963560118
70.00000000001586,-19.96988310449968,58.267438276379146,0.7361615774601518,-1.4030705663358538,0.5224012040747988,-0.17208596699203071,1.584468643503756,0.5500150889333691
70.100000000016,-20.365481662278395,58.39711330211855,0.31840450844356427,-1.1504868564496142,0.4136481832071758,-0.10965851208753544,1.1937342408846716,0.42793668777501354
70.2000000000159,-20.69531434830468,58.49289777522953,-0.002561625321547467,-0.950890898675296,0.32980813803273085,-0.0609364488038788,0.9508943490776459,0.33539030800761754
70.30000000001604,-20.888122192861896,59.00134070821305,-0.1630285110495302,-0.3554892460099961,0.28504612205196184,0.07824402316005016,0.39108937526322846,0.29558995053474396
70.40000000001595,-21.058052333773215,59.42445879456372,-0.28897519522340176,0.10883395944418939,0.2493075145961864,0.1838736417638669,0.30879037255507596,0.30978016878043463
70.50000000001609,-21.222110317056178,60.00301962652538,-0.3999225200088244,0.6917817581823758,0.21786657921647157,0.31450772661056176,0.7990619644083352,0.3825976430105535
70.600000000016,-21.36927340224599,60.50412309326661,-0.4859762438695132,1.1519165684384531,0.19291330810283264,0.41370126464706597,1.2502338542242974,0.4564693645949968
70.70000000001613,-20.967762564516395,61.55286670074876,-0.01928259579234437,2.1211582647656306,0.2964380836564271,0.6284022000364395,2.1212459081125017,0.6948128254807422
70.80000000001604,-20.840009056047805,61.85847252098039,0.13806368981732972,2.2739961386237573,0.325987260726155,0.6492268282425474,2.278183491495304,0.7264731025066381
70.90000000001618,-20.43101709829531,61.3608941493292,0.5626920362891012,1.6135184278718282,0.41669930421781487,0.48137585824708184,1.7088194886485675,0.6366796895132792
71.00000000001609,-20.1942208654024,60.901326445860136,0.7821135755757272,1.040746568081194,0.45782938938240625,0.33770313122789497,1.3018659931316403,0.5689034668758768
71.10000000001622,-20.655420168068897,60.085877797417744,0.28829717590892645,0.1568771060074644,0.33297107224357547,0.12536973888740882,0.3282159167778731,0.3557910993542888
71.20000000001613,-21.040482704206084,59.40554664439919,-0.09235148212047195,-0.5245303532201905,0.23718783468449495,-0.035202611573145,0.5325982422982127,0.23978593116337962
71.30000000001627,-21.827179191037985,59.42487398093671,-0.844260732005259,-0.4563732440040066,0.057714651450908205,-0.01861712823117559,0.9597149167585113,0.06064304127990165
71.40000000001618,-22.502208030916208,59.42852430437812,-1.4270893955578132,-0.4090456996509016,-0.07848199720858531,-0.007235187163179524,1.4845546562240342,0.07881479441789233
71.50000000001631,-22.797830231956308,59.69886778249618,-1.586867039414419,-0.09969201476614359,-0.11363707128200189,0.0645138218790315,1.589995439801013,0.13067293975031777
71.60000000001622,-23.08028729799368,59.91481839868143,-1.7209552005728295,0.13148185116377098,-0.14203437962861012,0.11651253487934972,1.7259705326465222,0.18370883424728332
71.70000000001636,-23.27369862830697,60.534515086748435,-1.7556843774822963,0.7467493811607802,-0.1467838465748244,0.2561837818407785,1.9078947223574487,0.29525519079864654
71.80000000001627,-23.6468326962692,60.73147333157636,-1.966431248146029,0.8929009542317496,-0.19215228840795381,0.28407405300354305,2.159658298841073,0.34295855366249905
71.9000000000164,-23.219926729373526,60.86767037090917,-1.3635581925673816,0.966618556672875,-0.04820678894683325,0.294558415306228,1.6714192707462652,0.2984770586297728
72.00000000001631,-22.82878089120336,61.03393870174605,-0.8426825292296409,1.063943889473471,0.07343450288066002,0.3102627904949437,1.3572363261483986,0.3188347932378758
72.10000000001645,-22.145694759047636,61.52702919316598,-0.07132589832107306,1.4786215385280044,0.2502201161669327,0.39903618401071317,1.48034085195614,0.4709989200459222
72.20000000001636,-21.580512446650914,61.956103813329456,0.522545585994944,1.7966597630879813,0.3818466449357787,0.46339397020231055,1.8711066762058652,0.6004505240805196
72.3000000000165,-21.195300577965178,61.12941153360895,0.8904946715871264,0.8382351237412615,0.45815109478383104,0.23090082625829894,1.2229549798739903,0.5130473830148519
72.4000000000164,-20.863789749494302,60.44688904754202,1.1755491131588576,0.09680072604665069,0.5135088727896626,0.05399690293062803,1.1795279131973668,0.5163400313357561
72.50000000001654,-21.199386804004188,59.70108909994345,0.7729475658375043,-0.6506191292795866,0.4084684604129566,-0.12019860631191276,1.0103233100936801,0.4257865522905312
72.60000000001645,-21.47990897481701,59.05504635202269,0.45533051480935166,-1.2407683795029767,0.32552321615297686,-0.25397242237993944,1.3216777403327151,0.4128769254682466
72.70000000001659,-22.27340411688761,59.358942537648375,-0.349513287530193,-0.8385871471837534,0.13175746565025118,-0.15503470144793044,0.908508635942416,0.20345954980689906
72.8000000000165,-22.86198535762202,58.545910074873746,-0.8884769576390165,-1.5796647893411808,0.003997489942846988,-0.32292588217305346,1.8123830033797492,0.32295062363012705
72.90000000001663,-23.752055040675238,58.63013713302308,-1.6862123268566043,-1.3690945896355626,-0.18068362543241784,-0.2667296698609838,2.1720340712365758,0.3221665551908697
73.00000000001654,-24.315047610089355,59.0107534193156,-2.096222916125661,-0.878920066716396,-0.27137544683298,-0.14713592096235084,2.2730268361299926,0.30869663487190574
73.10000000001668,-25.10881643166578,59.42108511784389,-2.7038903170057074,-0.39660901441131136,-0.40570470876453646,-0.03212899594108656,2.7328230013503503,0.4069749170328556
73.20000000001659,-25.819546934011584,59.752726626158186,-3.1810741542281873,-0.029799226166391746,-0.5067330204433698,0.05349084604427114,3.1812137256994686,0.509548451688544
73.30000000001672,-25.602898253151242,59.30218154818484,-2.6965410632761064,-0.47054625741787515,-0.3828911904584947,-0.04973168653319292,2.737288345480652,0.38610737415408036
73.40000000001663,-25.469393377070027,58.91640202010967,-2.331327436829634,-0.8126832111132809,-0.28952437148997595,-0.12774828104819427,2.4689150692844875,0.31645534439701606
73.50000000001677,-25.44978059369761,58.71752076200297,-2.1070723719349296,-0.9419786614127513,-0.23093448760717813,-0.15471007984654633,2.308046312171497,0.27796752755045806
73.60000000001668,-25.47207923074278,58.53379164830478,-1.941337589344359,-1.0458632040680271,-0.1872413740170578,-0.17516815746355552,2.205135251503818,0.25640439842750884
73.70000000001681,-25.83097673003865,58.862694181747116,-2.123254010640123,-0.6306995963833988,-0.22500256547761227,-0.07504989255209428,2.2149468559262435,0.23718904031086277
73.80000000001672,-25.41638743054716,58.868726424383716,-1.520149809750528,-0.5689965362552684,-0.08024345596478055,-0.05903578734432295,1.6231489464479405,0.09962046181651536
73.90000000001686,-24.991149894518813,58.76822328553485,-0.9527603028115432,-0.618040491115,0.05290200983894053,-0.06901807304850058,1.1356611480856489,0.08696043383244775
74.00000000001677,-24.741836844766702,58.47970483077899,-0.604480667884149,-0.8504338551604704,0.13226660585437475,-0.12119474245738565,1.0433765474883776,0.17939515217404442
74.1000000000169,-24.82408282687677,57.503962736044095,-0.61362616877133,-1.7491946850396904,0.12708989374154867,-0.3263553860124281,1.8537041622578514,0.35022803866989155
74.20000000001681,-24.901177515840995,56.66023842638465,-0.6172212350552886,-2.4464162903616034,0.12331728542576972,-0.480134480885247,2.523076439339443,0.49571793655235674
74.30000000001695,-25.64874458562951,56.97208160826905,-1.288689249700082,-1.9377113620248059,-0.034907677219765926,-0.35131497606445583,2.3271109352182995,0.35304498061302125
74.40000000001686,-26.290305197378604,57.20203493794894,-1.8027098544933942,-1.5490116432540963,-0.15303957943943175,-0.2532443361623394,2.376804554527854,0.29589492505499665
74.500000000017,-26.595089854769355,57.612459186730554,-1.9412824454766393,-1.0099414299765774,-0.18156280579674958,-0.1226486130550917,2.188277684641256,0.2191066743235491
74.6000000000169,-26.879700467686522,57.940145307624775,-2.048665950504458,-0.5945773917421417,-0.20220916373403702,-0.023699224246504128,2.1332028622536634,0.20359321974934402
74.70000000001704,-27.672853482013892,57.98093250271275,-2.653885050192793,-0.49697304809152865,-0.3375723554065835,-0.0005660998590342019,2.700016309240777,0.3375728300734511
74.80000000001695,-28.18748674886024,58.34160753762517,-2.934239271306903,-0.08824573846044653,-0.3946326266622987,0.09402273416129356,2.9355659440108126,0.4056786715684601
74.90000000001709,-28.00712812406359,58.97330003938777,-2.499791585905745,0.5587216822307054,-0.2849739980910867,0.24154943714229044,2.561469869266447,0.3735723626980133
75.000000000017,-27.553878638391694,59.40420226238118,-1.8263678013187126,0.9552494185104714,-0.12255590085182261,0.32771307171644126,2.061096988804346,0.34987970247990546
75.10000000001713,-27.358143252556175,59.24827993798146,-1.4611079793424004,0.7359162472627341,-0.03520231149082649,0.2693784173412499,1.6359734870355624,0.27166879552788864
75.20000000001704,-27.21127574600025,59.13180500257479,-1.1726106152210598,0.5721828521779845,0.032367870516160815,0.2252588492603671,1.3047639139919702,0.22757246804447973
75.30000000001718,-27.19426950468579,59.84647845809011,-1.0357883654438604,1.2484926645419603,0.06327831624288596,0.37653842859295683,1.6222180714700314,0.381818456224667
75.40000000001709,-27.18917483293916,60.4642059307281,-0.921523577343389,1.7752381613527433,0.08825393385120796,0.48970973268850504,2.0001690511361345,0.49759861246798154
75.50000000001722,-26.68019627325338,60.26697805615816,-0.314337740881798,1.4484715083743742,0.2267090293635758,0.40276750659117866,1.4821868728048455,0.46218897472857334
75.60000000001713,-26.255495905426553,60.12447817120696,0.16156947085671525,1.2005093972219054,0.3315837368262401,0.3360716887036974,1.2113329462748967,0.4721143447045516
75.70000000001727,-26.43177931464828,59.22314802827451,0.0013821954855114116,0.21502209778902204,0.28684533438604326,0.10026261479567877,0.21502654022690298,0.30386318925580247
75.80000000001718,-27.006200363496177,58.92596335479733,-0.5436933220584983,-0.09290216858875136,0.15408254302981783,0.02669179103540817,0.5515734233803318,0.15637736976689934
75.90000000001731,-27.146628499945724,58.42608463409996,-0.6147776000074032,-0.5790521528984413,0.13406896767969795,-0.0864164612592802,0.8445430085242447,0.15950640385663695
76.00000000001722,-27.069910034357864,57.740098189241266,-0.4643780860896354,-1.2129092047813428,0.16576779755963397,-0.23108554779651092,1.2987670098534156,0.28439320158573644
76.10000000001736,-27.64050329162629,57.20325097675967,-0.9707499406924638,-1.6488117633880537,0.044762300027177127,-0.3266022783693967,1.913357174821587,0.32965544397113167
76.20000000001727,-28.131069324159153,56.72486323318284,-1.358461911289107,-1.992136241489095,-0.04598643746225772,-0.39848712460261676,2.411229057778948,0.40113182484631105
76.3000000000174,-28.255107154570403,56.32450558002466,-1.3510689412236196,-2.230364326898661,-0.04321168847131192,-0.4443902843906513,2.6076641491268058,0.44648625385485907
76.40000000001731,-28.380858620485746,55.952579639997886,-1.3458557373478612,-2.4209022003416125,-0.041005522436653764,-0.47819621152590025,2.7698547126827817,0.47995111166453863
76.50000000001745,-28.268592825631117,55.44444420566727,-1.1038578671372943,-2.7313537220279227,0.015939385905138874,-0.5389668144187495,2.9459795222772143,0.5392024583287133
76.60000000001736,-28.192235283753035,54.97878147688608,-0.9163240946143608,-2.974346840710669,0.05896415093523112,-0.582721988381487,3.1122964150633794,0.5856976069942463
76.7000000000175,-29.138063309534523,55.107154163017,-1.7616047864462208,-2.605560446820246,-0.13799039210135505,-0.48390456331641263,3.145186268834384,0.5031947681670923
76.8000000000174,-29.557469859944575,55.60238367099786,-2.01701942176457,-1.898685806432765,-0.1938980157143766,-0.30914317607336983,2.7700857638933707,0.3649190921433177
76.90000000001754,-29.703548346469727,55.600233898949014,-1.9800357196328129,-1.7410694823893766,-0.18085370616833973,-0.2655189219991006,2.636638843969618,0.32126058110883854
77.00000000001745,-30.01852478422281,55.6806998440707,-2.113739625616702,-1.5127131537818777,-0.20760677038318015,-0.20653550745833016,2.5992684144826117,0.29284379274624284
77.10000000001759,-29.772279541417227,55.51894998717989,-1.6776215302190174,-1.54277594168481,-0.10188923038343667,-0.20871271827558596,2.2791602850382966,0.23225506245960095
77.2000000000175,-29.594950966011346,55.36709524180899,-1.3435503609399446,-1.5601942423137993,-0.022230615723287023,-0.20791373254276918,2.058964216816549,0.20909882939725563
77.30000000001763,-29.523291090886737,55.97010347012139,-1.1404466225177732,-0.8238655936867482,0.025280114695859925,-0.03272313270141328,1.4069019209856153,0.04135078733023273
77.40000000001754,-29.48142933866717,56.46837794810141,-0.9827426420808337,-0.24856543109117724,0.061186404714188215,0.10115320944939488,1.0136902259061003,0.11821906742891175
77.50000000001768,-29.41990270975096,55.69202009625892,-0.8177474903360219,-0.9875412392295484,0.09794896613942275,-0.07217957854615636,1.2821656122084597,0.12167124363169196
77.60000000001759,-29.388207957963,55.03322595462146,-0.6954109224838697,-1.5522681326403207,0.12399007233336316,-0.2011820114686171,1.700921134773901,0.23632126390951663
77.70000000001772,-28.989384762013167,54.461709077027685,-0.21708127988444448,-1.9860602026201972,0.23180213004571681,-0.2969023347001539,1.9978887382704893,0.37667389588891564
77.80000000001763,-29.26344896213442,54.10269598645579,-0.4464331320296437,-2.1740567644188804,0.17336853603927038,-0.33353296104347313,2.2194200495375562,0.3759001002804159
77.90000000001777,-29.12897320308619,54.040867141749075,-0.2515352309449831,-2.050775287519302,0.21445452705468704,-0.29728911720694773,2.0661435701098854,0.36656726993000316
78.00000000001768,-28.96028925054391,53.531152921381185,-0.03807203212122934,-2.38247896476552,0.25888566498583954,-0.36716329670349757,2.3827831410306777,0.44925568886920164
78.10000000001781,-28.826759665747474,53.064865704829806,0.12333138288898987,-2.644521682431906,0.2902425528134393,-0.4193017475861205,2.6473959958528663,0.5099555813915921
78.20000000001772,-28.718880415419726,52.63257337744126,0.24608567968529452,-2.8515528281598024,0.3119308211481706,-0.4575045916565035,2.8621515846531156,0.5537249213905366
78.30000000001786,-28.74809806678816,52.997069124211684,0.2221076498999175,-2.2478926596911992,0.2991647339910861,-0.3072369536195452,2.2588389091826886,0.4288287347337814
78.40000000001777,-28.774664622043556,53.26575725409757,0.20194591605729728,-1.7855222147769505,0.28757709806533266,-0.1931395110521281,1.7969061557227208,0.3464151527591324
78.5000000000179,-28.578895432999943,54.05258529753849,0.40416511385010756,-0.8422372590489203,0.3277144887714681,0.029597010266788487,0.9341911152348371,0.32904827786736257
78.60000000001781,-28.411206411876943,54.69619461121124,0.5620833480368175,-0.11441413932208977,0.3566723022659774,0.19732372922157929,0.5736098721405452,0.40761720439356325
78.70000000001795,-29.107802367668135,55.8696843027717,-0.1539111218256055,1.0846719154555107,0.18274470781516017,0.4702153091271878,1.0955372187194476,0.5044780125753996
78.80000000001786,-29.904866859788843,56.86348837485801,-0.9151892332067102,2.0112554279788286,0.002363420132936528,0.6737378507357389,2.2096876994615746,0.6737419960702594
78.900000000018,-30.875083074941767,57.58960776949198,-1.7902547608445274,2.5982317475246943,-0.20017337080464737,0.793969091572683,3.1552845073894247,0.8188139573505365
79.0000000000179,-31.188334939218603,57.689280475348056,-1.9429810305253277,2.5141447271976136,-0.23088099553340147,0.7561404160086425,3.1774359150542795,0.7906037963608684
79.10000000001804,-31.490147541014597,57.30873303673723,-2.0720168071688594,1.9564812797201876,-0.2553963122134525,0.609605837644203,2.8497495762059124,0.6609436841230284
79.20000000001795,-31.773612105144952,57.015663187331846,-2.1722515785925762,1.527582704632246,-0.2726800796995773,0.49625693998345594,2.6555951950908305,0.566237914967473
79.30000000001809,-31.75979812449952,56.617906379250364,-1.9680182003293778,1.0263563069228798,-0.21911279109781076,0.36879483941670166,2.2195726853581648,0.4289755806605588
79.400000000018,-31.77641721370167,56.29390978591466,-1.8093541004649756,0.6364210309004895,-0.17732931153738446,0.27003383500758926,1.9180182453360193,0.3230541081293174
79.50000000001813,-32.13039176196102,56.384325026509934,-1.9985719932277086,0.6887488038781208,-0.2170093522440079,0.2758936654900061,2.1139216936674163,0.3510133524794681
79.60000000001804,-32.46024552165469,56.46426933829917,-2.1486845811082445,0.7259905601761975,-0.24672262597245426,0.2781271395775625,2.2680184572787896,0.3717885957588539
79.70000000001818,-32.394291676426874,56.36470897684956,-1.892394613405079,0.5809261701308329,-0.18171055359747498,0.23812496994283683,1.979553633521314,0.2995366865660662
79.80000000001809,-31.793173408636004,56.59786908135544,-1.1223675621359763,0.7779413133858085,0.0006712288192799731,0.27820246705765456,1.3656140126725016,0.2782032768050966
79.90000000001822,-31.623651832106606,56.66997266028526,-0.8416379819135977,0.7987074544751435,0.06561393649229018,0.27657021198768955,1.160296552797498,0.2842468483922554
80.00000000001813,-31.516422065145026,56.59222360047612,-0.6447519589746558,0.6679783602478028,0.10965330278324567,0.23992112364487392,0.9283857917703177,0.26379156996062825
80.10000000001827,-30.978919559975715,56.0254093593615,-0.03468926737883782,0.059620304456058815,0.24827891438942648,0.09360111880099622,0.06897772085763379,0.26533674598741575
80.20000000001818,-30.529419246504673,55.5489572149701,0.44011487199008603,-0.41202936386943523,0.35239927379206126,-0.01770011414537656,0.6028841491012193,0.35284350951934984
80.30000000001831,-30.435303123773615,55.01163742821578,0.523509987489174,-0.9079043499145638,0.36354194080439434,-0.13203145447241715,1.0480233850419092,0.3867751901220239
80.40000000001822,-30.34716642838984,54.54652623439609,0.5937004559027046,-1.2933192089219205,0.3713713430464322,-0.21815781684828275,1.4230793398491532,0.43070814653094236
80.50000000001836,-30.372232018762098,54.450620735044346,0.5448797010608148,-1.2807516222225932,0.3514814791867235,-0.21020182208166763,1.3918400074914958,0.40954125093540966
80.60000000001827,-30.38878345578131,54.35060881865685,0.5075133078107232,-1.27277044149055,0.33470228223323306,-0.2034911738054695,1.370224198566436,0.3917068745233642
80.7000000000184,-30.837981765928536,53.96693285789631,0.04130545299217875,-1.547510765004768,0.2190813759492286,-0.2623549559125397,1.5480619200317962,0.34179931565127203
80.80000000001831,-31.75464157866787,53.68074242919271,-0.8550975153688377,-1.7033692617167264,0.006592643854099495,-0.29234852451893323,1.9059534628503774,0.2924228492122055
80.90000000001845,-31.96995089580904,53.25358860815312,-0.9837673475701012,-1.9869691138176788,-0.023332917950038314,-0.3512062426868306,2.2171703708579824,0.3519804681545045
81.00000000001836,-32.346806601305666,52.953041232122814,-1.263383581508774,-2.121796050262616,-0.0874936369325024,-0.37427736500997505,2.469444583896544,0.38436789988562603
81.1000000000185,-32.694217357691116,53.551599837154754,-1.491912352083935,-1.3497651249407503,-0.13834856747408808,-0.18697608593515394,2.0118817954360386,0.232594889956255
81.2000000000184,-33.01638933110836,54.03064357086884,-1.6773681448565494,-0.7558921266910847,-0.1780600714082723,-0.04523288940552728,1.8398197739379456,0.18371555000568593
81.30000000001854,-33.278365508615714,54.07970325226613,-1.7881612489215835,-0.6360245665116799,-0.19957642920736726,-0.01644999258297207,1.8979061887646522,0.20025322307304597
81.40000000001845,-33.5317963070765,54.113650013406115,-1.8814502304102416,-0.5404166689999502,-0.2165446255561576,0.006053432011604246,1.9575252605378437,0.21662921985820754
81.50000000001859,-33.995680827530926,54.30491327446186,-2.176696471633619,-0.2954877299807893,-0.279851243306626,0.06258766181626951,2.196661222899755,0.28676459647573666
81.6000000000185,-34.419385034031734,54.45910260149017,-2.40852341528471,-0.10651504247973731,-0.32701836287475067,0.10486598037899428,2.410877536551615,0.34342085478044243
81.70000000001863,-34.642131934270026,54.481422140502204,-2.4215612633891705,-0.06370754486577604,-0.3224682971183376,0.11234473885915182,2.4223991420944198,0.3414778806829682
81.80000000001854,-35.03953588957948,54.11364570303218,-2.606847851165658,-0.4130369306199946,-0.3578802876086955,0.028913582601378912,2.6393664438995574,0.35904636959274405
81.90000000001868,-35.08974353736635,54.1590240538646,-2.4311924154636966,-0.3239436498448872,-0.30895421736723894,0.048859913534947126,2.452679361286964,0.31279386116042246
82.00000000001859,-34.973716331496234,54.164041107003406,-2.10279521725007,-0.28203465732916083,-0.2258172142653171,0.0574266950148787,2.1216246778411456,0.23300480587078032
82.10000000001872,-34.66042512940947,54.41413011131738,-1.6027116790048983,0.000635368905672784,-0.10487728702551644,0.12150513480840427,1.6027118049457134,0.16050776653682852
82.20000000001863,-34.42172282648451,54.61957980565438,-1.2152506237162686,0.21677047459434282,-0.012795603595302324,0.1687052907077085,1.234432467613614,0.1691898418467863
82.30000000001877,-35.432452058922564,54.947800010917426,-2.1022226897868834,0.5381552691395232,-0.2177366920173942,0.23916708710314516,2.170011827423397,0.3234349433875088
82.40000000001868,-36.30743726966506,55.22631572038259,-2.785097186585576,0.7847096754868701,-0.3707093346567127,0.290683399800054,2.893533413238838,0.47108624446160663
82.50000000001882,-36.16827639478194,55.536902472817246,-2.404270706036826,1.0435459782854122,-0.27401172196986423,0.3438495901888398,2.6209742151922204,0.43967597665772373
82.60000000001872,-36.088129514454295,55.8140050863897,-2.1109762229712548,1.2482965323475654,-0.19980570101118061,0.3832706197817363,2.452440589824948,0.43222527244996395
82.70000000001886,-36.5088928415019,55.95442515625149,-2.338814353662893,1.3002446359767252,-0.2479020261234504,0.3864224033673418,2.6759463175269085,0.4591053129515106
82.80000000001877,-36.5870373116357,56.118755415871625,-2.2072367651828366,1.3711350297120464,-0.2117199594422971,0.3938843290520365,2.5984428812806812,0.44718028344172434
82.9000000000189,-36.24921692171495,56.568064611202395,-1.6709759827037136,1.7195468151814048,-0.08273514857894379,0.465389486670474,2.3977076519820244,0.47268644904819007
83.00000000001882,-35.514590584355425,56.41251726448737,-0.7806099706808987,1.4375357168179392,0.1252017612972282,0.38936603179715323,1.635805875846428,0.40900047402098433
83.10000000001895,-34.96689164721875,56.00959463398162,-0.1453798577576857,0.9299766013749519,0.26929110539216294,0.2629119558392311,0.9412713647756161,0.3763514261518652
83.20000000001886,-34.502762906125206,55.68041477733431,0.35701869048398327,0.5344178324705438,0.3793103541109341,0.1652997593764755,0.6427011475152448,0.41376364652502146
83.300000000019,-34.67056800063486,55.305029447160734,0.1903426731488236,0.12296019993436835,0.3319661665760181,0.06626736862436704,0.22660437769235556,0.33851573064715074
83.4000000000189,-34.799998525008476,54.985945339796494,0.07399678314776098,-0.20083829932287572,0.29736340785064,-0.010189987733330463,0.2140363202615897,0.29753795082064993
83.50000000001904,-35.248164838911286,54.03649575289957,-0.3515474397996104,-1.127568639671038,0.19201567862508995,-0.2243910661930667,1.181099758529844,0.29533264537655685
83.60000000001895,-35.62686166949816,53.21481112230888,-0.6755122122628342,-1.8550690045339362,0.11261014810214783,-0.38753574759994014,1.9742334614980968,0.403565361649674
83.70000000001909,-35.97026309544449,53.60570161559893,-0.9395926464502029,-1.3177300304837756,0.04889867275215942,-0.2542332377291779,1.6184087167653505,0.25889306549844754
83.800000000019,-36.03526066419252,53.592838138514885,-0.9060969290557905,-1.2234386688527448,0.05551780300432336,-0.22653236212213287,1.522436803709274,0.233236226901097
83.90000000001913,-36.57690722337675,53.348243874265975,-1.3501096092840936,-1.36674000043545,-0.04850727258630646,-0.25444922019854693,1.921138773194571,0.2590315833125584
84.00000000001904,-36.73456141584768,52.32458519647354,-1.3772741718868908,-2.2744629590812027,-0.05367048857020273,-0.45860023192224675,2.658959551550031,0.4617301095472362
84.10000000001918,-36.80536972251115,52.305036030547434,-1.3157142805822095,-2.1109478740604963,-0.03818421102686107,-0.41015276026705505,2.487409293849424,0.4119263535226026
84.20000000001909,-36.88225492036726,52.24080505044243,-1.2648683393739675,-2.0036260028115414,-0.025535381057472314,-0.3758289106013105,2.3694744301412523,0.37669540178971944
84.30000000001922,-36.825501999154014,52.19212798393681,-1.0847654619719522,-1.8882396703972473,0.01672963119007386,-0.34043324116549056,2.1776512944797033,0.3408440585519967
84.40000000001913,-36.79222310243718,52.11110152015496,-0.9419700436877865,-1.8132079155901348,0.04938406755015719,-0.315194272505148,2.0432891396872574,0.3190395203542156
84.50000000001927,-37.10220626110365,52.57566922216318,-1.1522270323287538,-1.199773454318957,-0.0004101649532188209,-0.1659578828514069,1.663455282151453,0.16595838971203036
84.60000000001918,-37.37682815934851,52.939722799870225,-1.3110471224739744,-0.7333886021352626,-0.037150180209796456,-0.05420061099212424,1.50223280455767,0.06571028931255692
84.70000000001932,-37.49398865783201,53.71069003070715,-1.3006869654869553,0.10249354021341783,-0.033893314348032215,0.14046897032954353,1.304718938305543,0.14450013281286875
84.80000000001922,-37.74675834481025,54.20833242419056,-1.4261326985609257,0.6013439639238551,-0.06213604152424542,0.25264804126837076,1.5477302855640978,0.26017670997429254
84.90000000001936,-36.94165164784841,53.936838651785315,-0.48799169276082854,0.295008162423847,0.15637891752997804,0.17591871523209512,0.5702330296468925,0.23537578511129525
85.00000000001927,-36.8858054796499,54.124271498294135,-0.3688930939056183,0.4690434918226616,0.18031877226028617,0.2121182905099738,0.5967276698398144,0.2784044338697403
85.1000000000194,-36.66738702827747,53.52735738366101,-0.09744152263515166,-0.15212318304370703,0.23895775541772246,0.06347782113388359,0.18065523284091708,0.2472453086515119
85.20000000001932,-36.49315087811168,53.03070432916634,0.10853100642886143,-0.625665484581855,0.28108863922061667,-0.04756432434250221,0.6350088802162605,0.28508452790191324
85.30000000001945,-35.79717414593623,52.78654186158273,0.8177069066220523,-0.8110767892685857,0.43868127865449175,-0.08936619791537664,1.1517335382924487,0.44769139099584004
85.40000000001936,-35.20889938917468,52.572950263698594,1.363930203949403,-0.9515385165006867,0.5549216380796038,-0.11979989640541891,1.6630487514290697,0.5677059446471385
85.5000000000195,-36.351732688151614,52.165146943619085,0.1423924640245413,-1.274358983517022,0.2594286800484799,-0.19172551996919962,1.2822895276346593,0.3225862908419335
85.6000000000194,-37.31596166841024,51.81289038545237,-0.80763094795551,-1.5165255313082626,0.03359907169836443,-0.2433242767781302,1.7181727023804458,0.2456330622872091
85.70000000001954,-37.60314061572657,51.02149048905378,-1.010053849283047,-2.176912745505055,-0.01401717488842092,-0.3905014961908929,2.399824551919131,0.39075299067208497
85.80000000001945,-38.03511120040764,50.54359947272311,-1.3410676180089856,-2.473208762631765,-0.09028636775387819,-0.4500258206479102,2.8134007783518578,0.45899331961588896
85.90000000001959,-38.761135903839346,49.64935441136562,-1.9392693230887095,-3.1603856442321248,-0.22661558936147458,-0.5986190390108108,3.707937826844113,0.6400776352973717
86.0000000000195,-39.072186899126365,48.89440428840249,-2.0774721061096586,-3.6544757154552863,-0.25335076445765325,-0.6990954376036469,4.203698741170224,0.7435866060718899
86.10000000001963,-38.950093717183925,48.60417641665253,-1.772983920987695,-3.6459753043360617,-0.17703269946697422,-0.6809520962153713,4.05420866556093,0.7035881849638127
86.20000000001954,-38.880381891244824,48.30962617757896,-1.5437530363548588,-3.6409032761849347,-0.11989441040864085,-0.6640218712791989,3.954661819143204,0.6747590052636309
86.30000000001968,-39.22790194444326,48.19308790728394,-1.7475411507956493,-3.4574060662245083,-0.1642748569304678,-0.6061974524147813,3.8739587995344262,0.6280617644258378
86.40000000001959,-39.54864045932892,48.04674968303966,-1.9085687849922208,-3.3163773875169955,-0.1977339994988194,-0.5595378643340065,3.8263551564747273,0.593448697177153
86.50000000001972,-40.466718813705924,48.36060160377696,-2.6517589861641913,-2.726557592321872,-0.3651259844928125,-0.41011180524487556,3.8034118926235934,0.5490980580488847
86.60000000001963,-41.2825860643875,48.58527091206277,-3.235009051990237,-2.270129500704056,-0.49163599888586773,-0.295008939183148,3.952059148902711,0.5733552385724502
86.70000000001977,-42.12715345057858,48.80991382985053,-3.8007700228006076,-1.8482565202386072,-0.6111718725553634,-0.19056518189151536,4.226334692239158,0.6401922729556924
86.80000000001968,-43.03923901446534,48.758198117275164,-4.38878887128201,-1.7337701082640389,-0.7330920640967145,-0.15966457780787113,4.718837414554428,0.7502777831231223
86.90000000001982,-44.26830652109457,48.88822891348485,-5.245571453301282,-1.4467100108675526,-0.9143805872712976,-0.08954702387309019,5.441414313138976,0.9187548790962314
87.00000000001972,-44.97944824661873,48.83793695091527,-5.518316425868456,-1.3612056352581958,-0.9563333372621005,-0.06769006321105744,5.6837221041733095,0.9587259236175808
87.10000000001986,-44.74505848540011,48.79315930360307,-4.826013843757714,-1.2766487742133943,-0.7740122233797588,-0.046558098631505826,4.9920177997320545,0.7754112318566573
87.20000000001977,-44.62349224459373,48.73790889843904,-4.297735076864325,-1.2089390147839238,-0.633863452301581,-0.029813372398096658,4.464533607486534,0.6345641916602498
87.3000000000199,-43.68057972914594,49.40990916261212,-2.990601030789546,-0.42195218499722276,-0.3167376565117601,0.1529779856920772,3.0202215434936925,0.35174565691557175
87.40000000001982,-42.934748830137096,49.965093815205,-1.9798578649306344,0.18764718978875305,-0.07553197942208159,0.29049389679605925,1.988730407361266,0.30015293433710966
87.50000000001995,-42.36310833031104,50.2982526942912,-1.2203928461386127,0.5284248227627079,0.10194897154394417,0.36262494121689687,1.32988401457349,0.37668347560176546
87.60000000001986,-41.907462307520454,50.58333511669086,-0.6352604140500127,0.7942206405999728,0.2349842218417107,0.41573683827832864,1.0170261646654055,0.47755073365687073
87.70000000002,-42.03009090937019,50.38129032676092,-0.6718057444179037,0.5533482484985822,0.2210906505157481,0.35038141769134673,0.8703546646909768,0.4143044938313784
87.8000000000199,-42.14983936585937,49.92751980129653,-0.7031618935775583,0.07951000787485718,0.20871929237224254,0.23263210965564052,0.7076429113132112,0.31254030372290165
87.90000000002004,-42.62797735373441,48.71838760440318,-1.0895699629458804,-1.1107493271458768,0.11447845182255705,-0.04816583070799624,1.5559327658703332,0.1241984829999178
88.00000000001995,-43.63214309274724,47.64594766319558,-1.9704298158094962,-2.072963281645268,-0.0919933311786031,-0.26969876464142334,2.860029794614134,0.28495648199408624
88.10000000002009,-44.21215374316931,46.5415074973354,-2.3606536580339377,-2.9922550099546426,-0.18015889327636803,-0.4761738227013942,3.811335164714285,0.5091156413356641
88.20000000002,-44.744158889557376,45.567474348680676,-2.6725645047984883,-3.7096918017211644,-0.2481634795978111,-0.631163864892412,4.572134544834175,0.6781983020857691
88.30000000002013,-44.659200326782056,45.489350347167836,-2.345295565073518,-3.4779549491578816,-0.16669418680122372,-0.5629375410310717,4.194827995988073,0.5870993331757675
88.40000000002004,-44.633173376405054,45.36549093122922,-2.1015885588746936,-3.3083771742143036,-0.10644548020151824,-0.5106729495301784,3.9194430723835283,0.5216488298052474
88.50000000002018,-45.07475101425253,45.21378771841306,-2.342224387090152,-3.1784611037726833,-0.15966334417449327,-0.46879506566969126,3.9482439220083276,0.4952385254291439
88.60000000002009,-45.48124753190027,45.034206284263604,-2.5290015777321,-3.0852771759845155,-0.19918740310378558,-0.43638567697125763,3.9893338081467236,0.479695820933321
88.70000000002022,-46.458322536746074,44.81540567788461,-3.2692950650777965,-3.037363086054993,-0.36587548477686804,-0.4152012352141508,4.462495348913155,0.5534048573007512
88.80000000002013,-47.18045185963635,44.27516319312507,-3.697727738620855,-3.3124043646415817,-0.45654483774752774,-0.4692358797211806,4.964394535475872,0.6546873297167334
88.90000000002027,-47.90012834170142,44.29217371258486,-4.089655288356057,-3.0100902755229355,-0.5366692359687952,-0.38842549778899577,5.077984230418248,0.6624864045155641
89.00000000002018,-48.2801131894611,44.23448860373271,-4.111780963573953,-2.804617810686816,-0.5293708815948996,-0.3318932535956637,4.977210439235099,0.6248093005572795
89.10000000002032,-48.655687694401024,44.017452016878984,-4.126615923957922,-2.7729748446461526,-0.520554400155615,-0.3168916584836045,4.971755069681475,0.6094236676876453
89.20000000002022,-49.030264254278975,43.793217982487015,-4.138141328487151,-2.750228002174766,-0.5111761232335487,-0.3042956675245892,4.968698795306435,0.5948923282732057
89.30000000002036,-49.2752406536582,42.75870161642482,-4.018529914184515,-3.5356905810965897,-0.4716709989196808,-0.47900335254035764,5.352540570276039,0.6722482747964413
89.40000000002027,-49.53857236358251,41.83947830808078,-3.925363645546608,-4.144666083483792,-0.43919914993935877,-0.6088309786040531,5.708479367866703,0.7507136963020085
89.5000000000204,-50.287674623794786,41.652995476220546,-4.322279373129872,-3.9754170725224136,-0.5208791298127509,-0.5555805281839664,5.872481577654087,0.7615673254359484
89.60000000002032,-50.98107142799209,41.4384328527127,-4.631929160452401,-3.845938421122113,-0.5804765753405859,-0.5127647390516271,6.020465935998022,0.774519678338658
89.70000000002045,-51.44361118099509,40.860800140553046,-4.686435058877642,-4.086951364695096,-0.5796570449030894,-0.5566680106231383,6.21818663425766,0.8036675704275398
89.80000000002036,-51.97305223080504,40.71162766632063,-4.802075514743798,-3.88132926833808,-0.5930024511758312,-0.4962081662816347,6.174515862685894,0.7732234162162489
89.9000000000205,-52.626629497415216,40.557345179517895,-5.031119709834984,-3.6955349914461353,-0.6322796378250769,-0.4417352818596682,6.24252708505881,0.7713025344492593
90.0000000000204,-52.84592120988548,40.63337970163465,-4.808478802891562,-3.293648176442092,-0.5661322140467389,-0.33852102674761836,5.828343393112471,0.6596227477367077
90.10000000002054,-52.56901699401153,39.96151012904918,-4.107458465405165,-3.6669909124716753,-0.3908227864711019,-0.4170760325314615,5.506181743929128,0.571572276564584
90.20000000002044,-52.39580143502646,39.35353381996366,-3.562897141834458,-3.946962874878914,-0.25577303238847016,-0.4722082107788391,5.3172128017378215,0.5370292714779576
90.3000000000206,-52.131950075256114,38.682826417678775,-2.969464093391509,-4.266772677614568,-0.11253973821448437,-0.5352827905371487,5.19837148387643,0.5469852452512971
90.4000000000205,-51.950839423148004,38.06480443729335,-2.5039541795483973,-4.508237684411263,-0.002220965696614327,-0.5787696184032234,5.156936450299122,0.578773879745137
90.50000000002063,-51.32322519820794,37.94482021713058,-1.6295600985207854,-4.233675318107114,0.20015716241506815,-0.501846219701164,4.536460383805908,0.5402892909307022
90.60000000002054,-50.81601309568809,37.78938919633789,-0.9429717860777694,-4.014462865086925,0.35439592191343283,-0.4395102177476223,4.123725001076165,0.5645933943763728
90.70000000002068,-50.110432722803026,37.924352738134864,-0.1125213169685938,-3.521894984987098,0.538354116628122,-0.31536468529679973,3.523692003006168,0.6239231039341268
90.8000000000206,-50.0188965007001,37.41736424497352,0.04102254831618185,-3.7060594979873875,0.5614257344620796,-0.3506814090534578,3.7062865312996083,0.6619488696055036
90.90000000002073,-50.42427839572395,37.519316040063366,-0.3135274763540189,-3.26865565258509,0.46639524981628083,-0.24135574298033446,3.2836579075179833,0.5251448597489842
91.00000000002063,-50.92913262806746,37.92363910992404,-0.7408763438725705,-2.563235713533039,0.3567187013165987,-0.07254331653864793,2.668159492991604,0.364020280538636
91.10000000002076,-51.55680473304906,37.71046452710971,-1.2584190699141269,-2.527147058915825,0.22870993897565103,-0.06251414871281495,2.8231349264444376,0.23709967308187915
91.20000000002068,-52.104023941791326,37.503123114571366,-1.65643058136139,-2.487889758952947,0.1313216036482162,-0.05198385124426458,2.988872316371542,0.14123627145646767
91.30000000002082,-51.999710377783764,36.98564615498356,-1.3750426313788002,-2.7604753650351648,0.19339352267800874,-0.11385479148582443,3.0839854861972293,0.22441917956825802
91.40000000002073,-51.93705362967089,36.51789820994428,-1.1572816205135195,-2.962250858062259,0.23930646697557323,-0.15790928716842303,3.1802878635854626,0.2867105301700142
91.50000000002086,-51.915657466546065,36.16255659214775,-0.9979502479078722,-3.036142606479121,0.27063694788380394,-0.1713532817272086,3.1959453412374272,0.3203221889263136
91.60000000002076,-51.92003991289397,35.83038277322338,-0.8771918795011737,-3.0808733075345223,0.29231703241299745,-0.17773859685353305,3.2033179565165724,0.34211146758067634
91.7000000000209,-52.096402841635054,35.58735527654055,-0.937716114226616,-3.03295435893427,0.2715483350370578,-0.1625378860597259,3.1746060628460113,0.31647600646204227
91.80000000002082,-52.735886096931175,35.482934357175594,-1.4555093768921945,-2.850295238883319,0.14545236466095493,-0.11651127102291234,3.200420362237127,0.18636326532028233
91.90000000002097,-53.67939809015413,34.14294753878438,-2.2365555031924056,-3.912232712435755,-0.03864014913268679,-0.35953785825088275,4.506411578530379,0.3616082585348794
92.00000000002086,-53.862211773762624,33.06506735869947,-2.1995435662112897,-4.630390141338917,-0.029181830339756798,-0.5173934980315156,5.1262564080106365,0.518215795810265
92.100000000021,-53.99341462050132,32.947734345503235,-2.1139090344768108,-4.335187046421647,-0.008691547729983623,-0.4371142117302934,4.823117055753958,0.4372006142476682
92.2000000000209,-54.13676397015969,32.78629891167001,-2.046957180818415,-4.10569311711713,0.007001608976422855,-0.37389700990395885,4.587673666690674,0.37396256034980274
92.30000000002104,-54.487696428071104,32.72870553084818,-2.191961591649964,-3.7896133333241586,-0.02671308695439718,-0.2921074266474744,4.3778836023102405,0.2933263331466216
92.40000000002097,-54.81547917318235,32.62747604443201,-2.3026653887513135,-3.540714274614817,-0.05171080977139056,-0.22775538005462304,4.223615212944281,0.23355196636089093
92.50000000002107,-55.49047147805836,33.344413668076946,-2.7505802374499866,-2.4954992923713637,-0.15415763986633468,0.01936778993151636,3.7139208878052856,0.1553695247337453
92.600000000021,-56.09959948135287,33.91582503725938,-3.0980028082128097,-1.6758809976183822,-0.23098095710737518,0.2085717616732727,3.522243392764452,0.31121436713900524
92.70000000002112,-55.46266696655105,33.94136457704314,-2.1768886863051344,-1.4636838592250625,-0.012498946327802657,0.2528460666542696,2.623206967114731,0.25315480852995986
92.80000000002104,-54.873101985567104,33.850521340613845,-1.3739526467961516,-1.3843487328746886,0.17358227212445268,0.2653528590936142,1.9504274633653789,0.3170850753741699
92.90000000002118,-55.04496803718291,33.420849451925434,-1.3917960902796802,-1.649242795719224,0.16543692973960575,0.19791879191268563,2.158031083221362,0.2579558603983329
93.00000000002107,-54.67381952184796,33.40809350901397,-0.8677270734104537,-1.4788583770943617,0.28287361528247634,0.23276451855117436,1.7146347638583677,0.3663288185760689
93.10000000002124,-54.37037004961777,33.44233456857014,-0.45213952246037703,-1.275320544096457,0.3724913120049579,0.2744753419053941,1.3530974236784212,0.462694813925181
93.20000000002112,-54.11824580784357,33.457585272336544,-0.12056037600652486,-1.1070109543889666,0.44059656669815805,0.30706952418521205,1.113556490439531,0.5370447162662872
93.30000000002129,-53.898779671044146,32.627478546036244,0.15192927539599788,-1.79444949512459,0.4934531635948272,0.1408972713283706,1.800869649717949,0.5131744983234492
93.40000000002118,-53.7092597489429,31.91059171385955,0.3724679256561153,-2.3164194470838777,0.5330657243356822,0.01685799879988098,2.34617378096145,0.533332221589004
93.50000000002132,-54.70606195269129,32.070499386524176,-0.6069199142992889,-1.9247862465509034,0.29410974862434514,0.10708823581992571,2.0182056082779503,0.31299909662313646
93.60000000002124,-55.55355761645579,32.17238561308273,-1.362726587112055,-1.6213873514228303,0.11241761695886013,0.17481402264346269,2.117999219682578,0.20784047516183676
93.70000000002136,-56.18662873551025,31.978498188083194,-1.8469168330101433,-1.6364022127171662,-0.00222078657367758,0.16729468655286153,2.4675724892780466,0.16730942603997545
93.80000000002129,-56.79872045420752,32.00565663263107,-2.2728706208020144,-1.4304471397419505,-0.10073118299593625,0.21107974858804135,2.685539029413064,0.23388337155888517
93.9000000000214,-56.92498641370736,31.891860648779137,-2.18181264802323,-1.3812551545807945,-0.07733037995732744,0.21757812991283232,2.5822804327048123,0.2309117369921026
94.00000000002132,-57.22075713144803,31.476507455052886,-2.2664491292680924,-1.636733727727032,-0.09512512842957435,0.15342818356139987,2.7956553705775895,0.1805242298687177
94.10000000002144,-57.12187776373307,31.202665193446016,-1.951225817051753,-1.7318967790226347,-0.019984249390672115,0.1278581431044399,2.6089746342803446,0.12941049023098558
94.20000000002136,-57.07704320096377,30.941534384371597,-1.714098009756656,-1.8073479115066646,0.0353473583494184,0.10744092629556115,2.4909111706922094,0.11310609349425169
94.3000000000215,-56.89565629720034,30.672747878474716,-1.3593106078426147,-1.8848492302121431,0.11662399017506259,0.08702175086995682,2.3238721886594296,0.14551268057741884
94.4000000000214,-56.77079337770256,30.415467307165965,-1.0884463293453128,-1.9451093663838486,0.17660091778719364,0.07106450720093113,2.2289382806752327,0.19036293848065677
94.50000000002154,-56.70042694811219,30.8196706010277,-0.8931496557492211,-1.3419641748118927,0.21770438675242262,0.20898238220185192,1.612012454680024,0.3017761357066018
94.60000000002144,-56.659402448269425,31.138191195817,-0.7426294507001429,-0.8711452177840417,0.24749589688105209,0.3130898926770171,1.1447237620994863,0.3990983586404014
94.7000000000216,-56.34534261218876,30.665985731588346,-0.332295502299254,-1.224993340595828,0.33671656618059376,0.2239680843133929,1.2692631663104543,0.40440048062713924
94.8000000000215,-55.93556327509625,31.038215385093565,0.14099019748595415,-0.7109013796058905,0.4384392068390207,0.33774181400790115,0.7247475472967719,0.5534423827490783
94.90000000002163,-55.480347866552705,31.434150348860758,0.6220563600391356,-0.21359517108786452,0.5396084067060731,0.4449988558631154,0.6577058705661618,0.6994292060726007
95.00000000002154,-54.98909017343793,31.314866441923865,1.1007180063991762,-0.2688563352761223,0.6378802615659601,0.42191506776386045,1.1330771635813175,0.7647898747379182
95.10000000002168,-54.57790587175547,31.303900212588264,1.4612739203118494,-0.21290854796059958,0.7065496175030107,0.4250981443826074,1.4767029220456809,0.8245730982461087
95.2000000000216,-54.21363483066997,31.287359912488583,1.745707618340261,-0.16778384836699414,0.7560160481342117,0.4257032047239534,1.7537521228794177,0.8676309604599843
95.30000000002173,-54.28432002910003,30.523143902836924,1.5732388325678062,-0.8718731878814272,0.6986148445289613,0.2529330362830253,1.7986782035833524,0.7429924776466953
95.40000000002163,-54.323932246165114,29.86590048607674,1.4434483167990302,-1.4156853220765613,0.6524172105112386,0.12124727954194534,2.0218080953475703,0.6635880645156214
95.50000000002176,-54.5194410181883,28.609264029665486,1.1669047966404782,-2.5149086713963724,0.5733312536035594,-0.13590842980830495,2.7724416008073502,0.5892196769046227
95.60000000002168,-54.668827882003626,27.51941437411095,0.9563367662972961,-3.362930616741459,0.511341393595269,-0.32898810162338954,3.496266915381184,0.6080322292557472
95.70000000002182,-54.533265717713704,26.991777577541036,1.044697775367781,-3.58479265456358,0.5199553483797046,-0.37271245211595017,3.733916418195698,0.6397406789246283
95.80000000002173,-55.1676576568237,26.830790351801145,0.358106871485922,-3.4234813092886545,0.3490532489840287,-0.32676226966147254,3.442159904254042,0.4781336126028196
95.90000000002186,-54.78234288871129,27.84436648256352,0.7394225586039229,-2.103863463720857,0.42920941629513865,-0.013853876167336243,2.230019550172575,0.4294329434513304
96.00000000002176,-54.798011735451794,28.688574254714737,0.6909421435678883,-1.0546749743850878,0.4080599841869192,0.22923924297066878,1.2608490581161464,0.4680422857097359
96.10000000002192,-55.08545049665887,28.835467249272117,0.3745652526229716,-0.7815108505215413,0.3254111533117418,0.287142520389665,0.866636220080498,0.43398530587498824
96.20000000002182,-55.33200258427391,28.948845264938335,0.122578266149591,-0.5634403071511868,0.2595739711130701,0.330957822195643,0.5766198150036674,0.4206087571031918
96.30000000002195,-54.90465003800016,29.073351991701525,0.5607279947235347,-0.35184339804975684,0.3549514802423472,0.37226133892616753,0.6619740635537589,0.5143627686617066
96.40000000002186,-54.55029048658609,29.173734332473035,0.8915853969418327,-0.1814303396659075,0.4232955855193065,0.40307956657607646,0.9098579494576128,0.5845102990634897
96.500000000022,-54.60524176015153,29.222532906143996,0.7882556641911319,-0.0764479278858147,0.3895913670621488,0.41804463982716433,0.7919540881941561,0.5714391955209036
96.60000000002192,-54.65102744974155,29.25952276564321,0.7011463278404908,0.00773599699696606,0.36042028351183475,0.4278508567563972,0.7011890035459356,0.5594275077201106
96.70000000002204,-55.38874006606215,29.37851113619525,-0.06930161532702006,0.1661465105193364,0.173805932031186,0.4546055158275522,0.18002049006900916,0.48669772655115623
96.80000000002195,-56.31872097853235,29.8676392971784,-0.9722582567599106,0.6800241630563193,-0.03915162757947363,0.56299291877617,1.186473337322954,0.5643526171944566
96.90000000002208,-56.30567463312299,29.15351092662076,-0.866133835311158,-0.04557862943106561,-0.013689481279917919,0.3820679779236835,0.8673322501392592,0.38231314606276035
97.000000000022,-56.36335793936115,28.496844544585095,-0.8386167019948474,-0.6588546992163169,-0.007005508080108883,0.23132084264956174,1.0664743257782336,0.23142689858260593
97.10000000002212,-57.08078138117653,28.00817075723275,-1.4703874646920485,-1.0580236685897757,-0.153029342832437,0.13360426831209535,1.8114782305122183,0.20314546580944873
97.20000000002204,-57.711541080523055,27.57897493018025,-1.9667735194254843,-1.3674681584095494,-0.2643475460359307,0.05891018369483644,2.395447190187525,0.2708321155959497
97.30000000002218,-58.12017256428198,28.00422209525774,-2.203023930289428,-0.8020557281611866,-0.31289695645175875,0.18837828510307866,2.3444845549723823,0.36522716719207865
97.40000000002208,-58.50410146025108,28.341792317903746,-2.3957472403707465,-0.36800029028716796,-0.35025120799743703,0.2844558156752695,2.4238459219586312,0.4512106157606964
97.50000000002224,-58.402604193474154,27.830280843645763,-2.0892784289002253,-0.8138422002838592,-0.2712326572953274,0.17471005840693016,2.242191668977179,0.32263099493389885
97.60000000002212,-58.348982025273344,27.38329173224459,-1.853518829872049,-1.1614285973026637,-0.21040398359247225,0.0902391376345992,2.1873382087191464,0.22893872165410872
97.70000000002229,-57.63490774849404,26.738888599115093,-0.9775726985080909,-1.6790660470024394,-0.0028495620341221495,-0.031625451217671685,1.942913063177246,0.03175356938215988
97.80000000002218,-57.61039773180429,25.904673018818343,-0.8560502732323262,-2.3457964066539843,0.025335544170593357,-0.18516893191181952,2.497114905600438,0.18689414957077746
97.90000000002232,-57.899649568468,25.01382954644249,-1.0565000638117585,-3.0171101805052585,-0.02163293234568873,-0.3362201177109076,3.196739937208331,0.33691534740259266
98.00000000002224,-58.48630941668394,24.6169967016758,-1.537700313496087,-3.1438105972337405,-0.1324776720450496,-0.3577576033479159,3.4997238927385586,0.3814981472349773
98.10000000002236,-59.490652325537766,24.46920216953781,-2.3975629986763822,-3.0118639258201387,-0.32837656657734243,-0.3189481773974043,3.8496275976097722,0.4577762655951593
98.20000000002229,-60.37030645682194,24.29661102982404,-3.0661817340003203,-2.914073568129908,-0.4754904525138748,-0.2889402222284808,4.230046712081391,0.5563970007587148
98.3000000000224,-60.86518469740091,23.29969558946473,-3.2988926248702954,-3.644300931197191,-0.5183351982135669,-0.4512222978840299,4.915650702353488,0.6872211724145596
98.40000000002232,-61.33347303630211,22.411392428117363,-3.486006945009169,-4.209017521432238,-0.5496379294446754,-0.5714516473267248,5.465169065671779,0.7928800910078758
98.50000000002244,-61.03727168694007,21.839873744348424,-2.895931413423522,-4.413349413901798,-0.40038177068546643,-0.6055093005067789,5.278642988537916,0.7259112034522116
98.60000000002236,-60.835117770040675,21.28977020332829,-2.444135160140483,-4.5792313807658225,-0.28657581339243293,-0.6298819323061423,5.190679793594034,0.6920093535980957
98.7000000000225,-60.14466581040911,21.282724157782656,-1.5401249312797456,-4.1899535826686245,-0.07076507216325792,-0.5252317473702247,4.464044783474633,0.5299774371460078
98.8000000000224,-59.20964540069169,21.40617723351371,-0.46203886276038375,-3.6995157191394905,0.18033155330456405,-0.3995955638917163,3.7282564915602427,0.43840173790619896
98.90000000002254,-59.268054634816906,21.247068944221688,-0.45706188996440983,-3.5274593179046927,0.17731047291605273,-0.35053702400554493,3.556947400613408,0.39282974556972927
99.00000000002244,-59.46684831703076,21.21030798099331,-0.5927078460582864,-3.246007410542849,0.1418204469645472,-0.2773005409844675,3.299676756907886,0.31146208309760964
99.1000000000226,-59.85854938929661,22.348564672816508,-0.9103734263210083,-1.8151712094250692,0.06503396292986659,0.06019825679497104,2.0306713901754563,0.08861854464792648
99.2000000000225,-60.19800755224083,23.27179105186029,-1.1516514949209586,-0.7089914070687358,0.007699614068904272,0.3147651427116078,1.352394166303221,0.31485930051861083
99.30000000002264,-60.43315173386929,23.442151070436967,-1.2704336896404465,-0.43875895130453485,-0.019963653760235747,0.37001106858464994,1.3440651684807896,0.3705492387613461
99.40000000002254,-60.64752331952458,23.58199646491042,-1.359320220885508,-0.22059182515018194,-0.0400692378670809,0.4119312168756039,1.377102834297902,0.4138754296402053
99.50000000002268,-60.88079360092912,24.017368144327612,-1.460088400597957,0.2742067773636149,-0.06245890129839651,0.5168913473444937,1.4856135077175487,0.5206513029955931
99.6000000000226,-61.10619125734696,24.386570779949356,-1.5451041893421378,0.6637781576764312,-0.08068553035173814,0.5950741870104272,1.6816504983292282,0.600519310975311
99.70000000002273,-61.76924934010871,24.080477299881565,-2.059346623421061,0.34929472316147075,-0.19780950446581863,0.508536148104406,2.0887592774238426,0.5456533826394546
99.80000000002264,-61.47652406648367,23.74953891728144,-1.5814160047355499,0.03316633291318799,-0.08264363138856294,0.4236198921091312,1.5817637578578723,0.4316060504669051
99.90000000002276,-61.72367543289046,23.41215104996297,-1.6779333780285515,-0.2659649658704009,-0.10306456511092192,0.3446014904864988,1.6988813331638997,0.35968387763009335
100.00000000002268,-61.898538469067674,22.985441145435946,-1.6947687951637096,-0.6317830910665778,-0.10457530646633882,0.2519807844666462,1.8086987430797565,0.2728191900562625
100.10000000002282,-61.49621130490567,22.43286629605413,-1.1351186323547864,-1.0953389114886356,0.027342362997044636,0.13888763378645674,1.5774224673625354,0.14155345150529916
100.20000000002273,-61.1783387541075,21.94881680224502,-0.7028088787451958,-1.4552052929137815,0.12674218122886927,0.052404135636103494,1.616033033253765,0.1371487292482824
100.30000000002286,-60.95610691538387,21.189727138664534,-0.3993874206654881,-2.0614158727800893,0.1940184147165065,-0.0890799926615497,2.0997489641229805,0.21349096079620808
100.40000000002276,-60.7771303745052,20.516103529885534,-0.16288548188962249,-2.5355495353193596,0.24425337769877276,-0.19672892632451885,2.540776087393109,0.3136271400406178
100.50000000002292,-61.03439330998097,19.880576218598684,-0.3797166723221836,-2.93473383795383,0.1884288390920607,-0.28454437122542303,2.959197095644467,0.3412783711248825
100.60000000002282,-61.25728697845225,19.302777008674656,-0.546017236166126,-3.24499440816688,0.14558835048897986,-0.3497517149335199,3.2906114220954157,0.3788432788067385
100.70000000002295,-61.48997144864385,18.562959870489763,-0.7095757419021167,-3.6919348838496497,0.10437363832654906,-0.4450766920427388,3.7595054089709548,0.4571510890036556
100.80000000002286,-61.187175183641635,17.876723997468776,-0.3273536330275948,-4.050038835288569,0.19040120411975492,-0.5176399834693599,4.063246850537382,0.5515467079191134
100.900000000023,-60.85296123747992,18.156583942939164,0.05626461766090296,-3.417016434941001,0.2747612256305768,-0.3591867178267598,3.4174796303500385,0.4522265244025135
101.00000000002292,-60.87256169467767,18.069821528423724,0.05724316079705722,-3.197195447812285,0.2686299297990265,-0.3000109161664331,3.19770785266097,0.4027016128634854
101.10000000002304,-60.87055379303362,18.134157587170527,0.07906620840950006,-2.843135893002782,0.26746373285986746,-0.21114281985633132,2.844235076675798,0.34076111687253535
101.20000000002295,-60.871658128093244,18.14101862132682,0.09550443309180655,-2.573152975436113,0.2650785222130188,-0.14378560894149353,2.5749247235086137,0.3015641296263765
101.30000000002308,-60.73040272726792,18.752912936238886,0.2518862968210868,-1.7209761880107197,0.2951301723111732,0.05672731751712107,1.7393118599682313,0.30053253927172524
101.400000000023,-60.61041573061736,19.233870545915334,0.3743601665787973,-1.0650630194319648,0.31664045739837576,0.2071869657585849,1.1289396660948885,0.3784013980440633
101.50000000002314,-60.3633033246913,19.339372995178998,0.6133105073787717,-0.8341895643085757,0.3646045969283804,0.25581484132046894,1.0353849562662854,0.4453961665092364
101.60000000002304,-60.14848961659812,19.40856277537197,0.8008425334929976,-0.6578652062255022,0.39956116599991254,0.29069535398168134,1.0364050332826473,0.4941183200426237
101.70000000002318,-59.49511202677611,19.046294601720113,1.4098789532460358,-0.9255755420007158,0.5312411068097561,0.22202322519223117,1.6865493609011437,0.5757702893422123
101.80000000002308,-59.00060727255827,18.64804046272463,1.8125032372497203,-1.2089902618085828,0.6121122279523665,0.15130625638987047,2.1787210556169647,0.6305354572357744
101.90000000002324,-58.66940933475637,18.602745284121678,2.020031950960197,-1.11930254415105,0.6459687477377307,0.16855808079770898,2.309408423870294,0.6675982696622714
102.00000000002314,-59.074430245543276,18.519504643413914,1.476741166853905,-1.0747078902422036,0.5053091422359092,0.1749765942424157,1.8264067244811275,0.534746797802348
102.10000000002329,-59.587777717051345,17.657838888270206,0.8662968888257809,-1.809352258148099,0.3523655704583491,0.000937856491911998,2.0060473308610773,0.3523668185559435
102.20000000002318,-60.014751720031846,16.9061725738212,0.38816628218259464,-2.3777811933955526,0.2335771369916763,-0.13061306491924268,2.409256413561877,0.26761549217641833
102.30000000002332,-60.861427319207685,16.134800854933786,-0.4716980474923651,-2.9217165300712966,0.029207690800918562,-0.25345242605117946,2.959548365899765,0.2551298129838037
102.40000000002324,-61.58733974410802,15.441570557968701,-1.145033511699319,-3.345302943078186,-0.12727177313086815,-0.3456017650038668,3.535838447084658,0.36829157499142323
102.50000000002336,-61.84991087636017,14.38527591112264,-1.3046204383874542,-4.097107485730927,-0.16125376652952902,-0.5115655053720445,4.299805139525589,0.5363786381899591
102.60000000002329,-62.10097034425503,13.427709227668537,-1.4400724739640611,-4.691447722464195,-0.18886485638283065,-0.6372532075308974,4.9074932972836,0.6646514759518136
102.7000000000234,-61.42622697442057,12.355246572208229,-0.6424424269342902,-5.352977619510958,6.954900120964558e-05,-0.775579680589364,5.391391440705306,0.7755796837077177
102.80000000002332,-61.191038619326356,11.672808754033023,-0.3441642857772578,-5.573242239084305,0.06908675436568645,-0.8086006853939051,5.583858711600609,0.8115467010889008
102.90000000002344,-60.791249500379756,11.446037420408931,0.09492218874437391,-5.320803826515591,0.16908871663276787,-0.731478486609025,5.321650456595113,0.7507674543188096
103.00000000002336,-60.78638622251124,11.242806618272422,0.10637790302336154,-5.062734014935056,0.16782690623867774,-0.6548377706079292,5.063851495080802,0.6760017575956507
103.1000000000235,-61.109748512211894,11.026107175866487,-0.21038026479476485,-4.836505177649949,0.09064862357108118,-0.58733815837794,4.841078618371104,0.5942922557480635
103.2000000000234,-61.391030503258484,10.76955650011293,-0.461001743434603,-4.666094439045353,0.030559596025864763,-0.5343162189456782,4.688812207962664,0.5351894157563936
103.30000000002354,-61.333164042217426,10.420454986988588,-0.35453448986457287,-4.5998125512373695,0.054488017011892584,-0.5066156153851066,4.613455343993737,0.5095373644296545
103.40000000002344,-61.297139806804736,10.059450813393891,-0.2781565458073002,-4.549357563978897,0.07090036728195659,-0.4832181772964732,4.557853146922073,0.4883919214631239
103.5000000000236,-61.007365606034256,9.966315347756218,0.044938748210367474,-4.234875267614234,0.14402107334913988,-0.3992686467911789,4.235113696625091,0.42444966942983653
103.6000000000235,-60.772606795080776,9.832153425702424,0.28799561454961986,-3.9846098000283363,0.19692967862814365,-0.3321208138326155,3.9950039715226406,0.38611595836668394
103.70000000002364,-61.1712621389298,9.575411533501962,-0.11908967511467794,-3.8749981515908885,0.09817712054674751,-0.29907271818630476,3.876827701298024,0.3147749001464308
103.80000000002354,-61.5783414282581,9.713779631483913,-0.5033989740151241,-3.379587024617143,0.006979760197808257,-0.17751887898990507,3.4168726906339417,0.17765604253796566
103.90000000002368,-60.91638288735826,9.751750337412476,0.20680070338807166,-3.0219830368329452,0.17115191924989692,-0.09066498645710061,3.029050677329099,0.19368303806009826
104.0000000000236,-60.88748198304261,9.810757955401217,0.23125241124298035,-2.670792641005507,0.17284952146534718,-0.007304859111759585,2.6807855208790694,0.17300380931483034
104.10000000002373,-60.41497651150639,9.38670271545898,0.6953142026486732,-2.827854037753732,0.2762295671687272,-0.04347839204149735,2.9120817810022173,0.2796303709412419
104.20000000002364,-60.02073145328282,8.99723449716777,1.0450159113056159,-2.938254474420143,0.3507556239599962,-0.06801798632930935,3.1185569758033758,0.3572897342547927
104.30000000002376,-60.192328384049226,8.634882594445068,0.8033165601162815,-3.01297824230084,0.2867124581068875,-0.08373450443875521,3.118229527205352,0.2986896397053263
104.40000000002368,-60.33428318061658,8.289812305476982,0.6091352767987828,-3.0645373784251433,0.23514643538156227,-0.09372727435667952,3.1244895789881553,0.25313760690775977
104.50000000002382,-61.11717586633214,8.16246878859856,-0.20905556474572673,-2.8950275746818104,0.04038353840390904,-0.05233550418460305,2.902565914379758,0.06610472881932578
104.60000000002373,-61.78339405076424,8.018674568439431,-0.8480287410580065,-2.7548569172057262,-0.10840340741273558,-0.018690309678711055,2.8824276885876365,0.11000284730213875
104.70000000002386,-62.446185933617826,7.747771781114265,-1.434076993417043,-2.7520677250378567,-0.24150122038485564,-0.017612439748237542,3.103297212038046,0.24214259741164895
104.80000000002376,-62.87083063804722,7.35918091956942,-1.7371707858100298,-2.866685684745944,-0.30604621657967684,-0.043726444336713015,3.3519619857926726,0.3091541502504311
104.90000000002392,-63.01786070529398,7.046460631657848,-1.739667578844093,-2.896791247284687,-0.2995423239146472,-0.049680804581068584,3.3790298630267297,0.30363429674529485
105.00000000002382,-63.319183015665295,6.788249974318281,-1.8949916319207976,-2.870165440113691,-0.32855174574088924,-0.042370269969515734,3.4393084971652175,0.3312725304136695
105.10000000002395,-63.64397991173745,5.58425290624312,-2.060983526683098,-3.7876163226475694,-0.3593583565774706,-0.2536795452643472,4.312040178946086,0.43987696021454287
105.20000000002386,-63.95229774649162,4.524239228627288,-2.1969526585522536,-4.490331253604984,-0.38250513999476354,-0.41041139711368335,4.9989674684900205,0.5610237936159385
105.300000000024,-63.51945802547551,3.293256256340144,-1.583293313511029,-5.308246089892821,-0.2316592028287588,-0.590172815344323,5.539340598615611,0.6340109921970599
105.40000000002392,-63.18452035287418,2.1818725546313718,-1.1139510930860639,-5.942631894772556,-0.11769735516429165,-0.7233077923909282,6.046136028452858,0.732821144581751
105.50000000002404,-63.08477190755053,1.918872028645517,-0.9148097889586487,-5.681381982705552,-0.06889448312221422,-0.6461202927654436,5.754561510956837,0.6497829503210896
105.60000000002395,-63.015815442787265,1.6072089711868265,-0.761540761256846,-5.48729529193673,-0.03183528686314042,-0.5862597916122397,5.539887539649759,0.5871235208632721
105.70000000002408,-62.61927308953434,1.2771395100461085,-0.2937022058023596,-5.325189135887781,0.07715488520245331,-0.5351844085103028,5.33328232129806,0.5407173267273081
105.800000000024,-62.79419725694046,0.7283651930742756,-0.43136054983891015,-5.392234402949334,0.043516719269953444,-0.5383143915107267,5.409460581269419,0.5400704481487427
105.90000000002414,-63.32524753884818,0.5347372356262915,-0.9132479324988836,-5.099129288072901,-0.06899451960563982,-0.4580364682615908,5.180264595819053,0.4632036808933671
106.00000000002404,-64.05835664607254,0.7037753642783855,-1.5590995121509275,-4.466333242669607,-0.2168421570806469,-0.3010147495142392,4.730636735510862,0.3709857147013994
106.10000000002418,-64.61591827923873,0.9239002111039656,-1.979797978272883,-3.8307626975163407,-0.3091703796279222,-0.14698437503019574,4.312115823984331,0.3423313163330091
106.20000000002408,-65.11806197322193,1.0529559583037131,-2.3121596436284992,-3.334582863844568,-0.3789218900432403,-0.028771848368134664,4.057773415738009,0.3800126550688285
106.30000000002424,-65.04570178658663,1.4931925394707575,-2.045765550601516,-2.566621920926818,-0.30851284691676306,0.1495929948258759,3.282179881269458,0.34286767245347094
106.40000000002414,-65.02100090843977,1.823711504928795,-1.846691854136594,-1.9675033534116362,-0.25531032393071584,0.2847620692286621,2.6983958660323517,0.3824562688425912
106.50000000002429,-64.72627264205832,1.768788418361355,-1.3934127210215437,-1.7991681295378767,-0.14451806156645997,0.3171241576224736,2.275654844094219,0.3485013650858352
106.60000000002418,-64.50628627281,1.6920285598529505,-1.0492104086137664,-1.6662782281328838,-0.06152880180452126,0.3405356959359719,1.9690925867244358,0.34604964045364467
106.70000000002432,-63.42542215694971,1.28502247165137,0.1261303767489783,-1.8733669212294122,0.21185795061677087,0.284737597316401,1.8776081842321113,0.35490743943323455
106.80000000002424,-62.42106933787041,0.5879900018592881,1.1341552494461906,-2.35403073541776,0.44020342420266956,0.1669278519669422,2.612999968070767,0.4707907841515728
106.90000000002436,-62.073928198053075,-0.09099124284940069,1.4088024412095472,-2.7800275273619963,0.49356835302272495,0.06449356107324285,3.1166131250523272,0.4977641394530881
107.00000000002429,-62.30165876487252,-0.6036517039517454,1.0885195001639705,-3.007647199836373,0.4080371132297347,0.010332143680507284,3.1985647376473088,0.4081679053599021
107.1000000000244,-61.94141638492441,-0.7636677430498944,1.377706587592118,-2.8664625251560394,0.46551073880148736,0.04276190077468591,3.1803589183641927,0.4674706708418943
107.20000000002432,-61.62715474715468,-0.9479699362575879,1.5977457592450266,-2.760452100514839,0.5056542867671328,0.06630226566073646,3.189496403889218,0.5099825959361012
107.30000000002444,-61.17333009171269,-0.9869223362106683,1.938702605360831,-2.5179786291618536,0.5728481862013597,0.12087422034248232,3.1778584249378827,0.5854618873825952
107.40000000002436,-60.77110849892437,-1.064176663350454,2.200677728649636,-2.332626500414538,0.6202116374643515,0.16096607767439153,3.2068877211107183,0.6407593568634721
107.5000000000245,-61.145221745463196,-1.2799497028914495,1.667732806452647,-2.299909808618823,0.48254196492988044,0.16481181204434212,2.8409360854302044,0.5099114445741824
107.6000000000244,-61.43405626897342,-1.4994409790148724,1.2597424868141667,-2.273790499544545,0.37697118599738133,0.16704198606439943,2.599437317748549,0.41232305317628226
107.70000000002454,-61.992435001069595,-1.8022319349260818,0.6138626908364082,-2.333037764753546,0.21879778383987447,0.1494675168651919,2.412445359996188,0.26497737414935424
107.80000000002444,-62.24016028507097,-1.8774240771485493,0.3267397649896693,-2.1613369044660065,0.14729740405561398,0.1857389738597785,2.185894802736903,0.23705588297278404
107.9000000000246,-62.336158331179874,-2.0414159065709603,0.21256278384793062,-2.091748422582762,0.11746957594543053,0.19754327885824513,2.102520963142735,0.22983134750261042
108.0000000000245,-62.534312376364234,-2.2949909740835013,0.005165122158912433,-2.117206042292197,0.06676152940758517,0.18708165059549167,2.1172123426821186,0.19863696986808244
108.10000000002464,-62.9562290210428,-3.042700905271454,-0.4092863890248991,-2.633340659462852,-0.030683533403521257,0.06332395679299467,2.66495748127832,0.07036620443114763
108.20000000002454,-63.319557018041564,-3.711191030758199,-0.7333511577634501,-3.0309087021619194,-0.10495914748753166,-0.03013488464652478,3.1183667971285614,0.10919951425701846
108.30000000002468,-64.50154848052229,-3.4914029261117774,-1.8476817870045208,-2.5129206154194033,-0.36037633388962387,0.09042008133103752,3.1190860849659234,0.37154662309814784
108.4000000000246,-65.52085844400528,-3.3509585094478496,-2.713230332159398,-2.1141114545719084,-0.5523175189161591,0.18060861063820943,3.4396345849089767,0.5810973343067116
108.50000000002473,-65.39526590913358,-4.006511441593684,-2.370334696876918,-2.5393697392770567,-0.46019450835438613,0.07802864336243089,3.4737422541078975,0.4667627391989603
108.60000000002464,-65.32558005724519,-4.593953621430767,-2.108532095508965,-2.864167527860906,-0.3889673205752159,0.0010679155931281048,3.556594329614256,0.38896878656156564
108.70000000002476,-65.5379117894813,-5.106349856499563,-2.146964321804733,-3.0891692905165082,-0.38885983822013204,-0.05102013055883658,3.7619705879462595,0.3921925898112151
108.80000000002468,-66.01069677852581,-5.228939528647165,-2.4410013509069786,-2.908412428600892,-0.4478994401074499,-0.008014098686653079,3.7970186264976147,0.44797113101887104
108.90000000002482,-65.82780894101528,-5.7505689488002325,-2.058228176470716,-3.139067207743624,-0.34896527243790965,-0.061200051342640116,3.7536710246303313,0.35429113402963713
109.00000000002473,-65.11255444023561,-5.938642766122443,-1.173880848748491,-3.0195374191864874,-0.13626071081264704,-0.03212584634137611,3.2396917249833925,0.1399966117958486
109.10000000002486,-65.08010000780772,-6.474621296447455,-1.0375667627474878,-3.2557073428181598,-0.10156593944168552,-0.08603002900321137,3.4170418623772205,0.13310449257994833
109.20000000002476,-65.05838939926866,-6.969838014679338,-0.9222367170972138,-3.432870036517567,-0.0725294867957766,-0.12503318898673305,3.554591010226404,0.14454696400495873
109.30000000002492,-65.37851221480935,-6.473069043197058,-1.1561438778310946,-2.607951998238624,-0.12497518393596733,0.0687384002513386,2.8527324254761703,0.14263156827624834
109.40000000002482,-65.65431315021745,-6.098038728076644,-1.3275843594288574,-1.9680604483744846,-0.16175312172594725,0.2152128680924205,2.3739718110913,0.2692223077322061
109.50000000002495,-65.0887462982442,-6.162108673895108,-0.6473365459436815,-1.8153896453704759,-0.0006072246405572634,0.2455596582274529,1.9273515943471857,0.24556040900468376
109.60000000002486,-64.61550875243988,-6.243393508757899,-0.11150905436202496,-1.6921913278033214,0.12339237245541804,0.2683845899059506,1.6958613619920353,0.2953912078569061
109.700000000025,-64.65956465368579,-6.226943610100699,-0.13256179169186216,-1.4817404980670716,0.11566577708522541,0.31087080139101064,1.4876584057600757,0.33169146378256137
109.80000000002492,-64.1268419815782,-5.784643790044473,0.42229049013050524,-0.8640174674610381,0.24137708525065021,0.44661295729837713,0.961694048090373,0.5076672442761121
109.90000000002505,-64.11581720928399,-5.025353024969314,0.41414271244087664,0.020832718379456217,0.23390652109614754,0.6410249281676372,0.4146663579589793,0.6823673637738157
110.00000000002495,-64.45698085056047,-4.818085792663446,0.05527391966937062,0.28613086380998315,0.14545520623415004,0.6875797491315454,0.2914207909883287,0.7027966479974261
110.10000000002508,-64.54713169570337,-5.2240420038577025,-0.026212255565550097,-0.0814199624066429,0.12323435628304155,0.586621911038641,0.08553532966051429,0.5994263700231438
110.200000000025,-64.62143157603946,-5.568730957209841,-0.08590331962958278,-0.3609214867369591,0.10657086432171876,0.5083739418404583,0.3710036386773035,0.5194241175231314
110.30000000002514,-64.12312232924604,-6.047856015279547,0.4291570284975936,-0.7539311327796714,0.22328513342624653,0.40567182464915574,0.8675182465420096,0.46306142154508195
110.40000000002505,-63.70272392623387,-6.464481062681537,0.8263924369552559,-1.0552932343086092,0.3100351359907768,0.3265525375678811,1.3403612461699912,0.4502869588838232
110.50000000002518,-63.4380125110195,-6.848107176274278,1.0372179631687348,-1.3012828678266832,0.35164429351419685,0.2620766770258355,1.6640787857607993,0.4385634433032497
110.60000000002508,-63.200996849392254,-7.197683142552999,1.2034080002109322,-1.4949772623834574,0.38196241236262674,0.2111933651595865,1.9191528938610418,0.4364606762874609
110.70000000002524,-63.370566816789875,-7.956604826440235,0.9509152111124788,-2.0819706833715714,0.31469964804541994,0.07048167390937385,2.288851604002273,0.32249579041745413
110.80000000002514,-63.116674577081795,-8.839229312791309,1.1390027397263878,-2.7470858492520085,0.350939509832821,-0.08505073065518834,2.973854048917809,0.36109855489420345
110.90000000002529,-63.1570634390886,-9.491716762919074,1.018657925085615,-3.1314813260368566,0.31497241108853813,-0.17202830805244784,3.2929985216603543,0.35888906157518224
111.00000000002518,-63.439828333399895,-9.30777164422462,0.665447148986455,-2.652661603622031,0.22595451914192236,-0.057253257701070814,2.7348552962496586,0.2330952171067493
111.10000000002532,-63.792210336293536,-8.932339340325889,0.2696149009281132,-2.0198876497509657,0.12913420316840363,0.09048959490591393,2.037802324176454,0.1576832559727727
111.20000000002524,-64.08679198977325,-8.649974710411097,-0.038411189820713454,-1.5288140938892623,0.05487175622284034,0.20202564696633335,1.5292965550140656,0.20934486299678903
111.30000000002536,-64.66333791810781,-8.600841744174375,-0.603681426452352,-1.3083866859988533,-0.07719625218644872,0.2483558315718014,1.4409396187011476,0.2600766818216404
111.40000000002529,-65.15953063230823,-8.580567328114222,-1.0451512066746766,-1.1342609309525384,-0.1775620431313956,0.2829002023555593,1.5423647118301338,0.3340071910211096
111.5000000000254,-64.96184297577234,-9.044768179099204,-0.7609920727438402,-1.4567945378464042,-0.10770161456045646,0.20172284619133707,1.6435812302037538,0.22867388231816715
111.60000000002532,-64.80974966007699,-9.463337491928508,-0.5439181193688596,-1.7094586712357822,-0.054980584876966,0.138591011940399,1.7939052007397054,0.14909840141355332
111.70000000002544,-64.83483809838691,-9.032186502793278,-0.519952592577578,-1.096527643071098,-0.04816298260873491,0.27721073827297404,1.2135582270938639,0.2813635838334745
111.80000000002536,-64.30408184677496,-8.588381846266618,0.055962852536324825,-0.5188758869188465,0.08621299415639891,0.40445963319491285,0.5218850705757179,0.4135459771846109
111.9000000000255,-63.79961027439719,-8.774805886770004,0.5610956312712845,-0.6144591600751705,0.2011011775040369,0.37298372073001107,0.832098772281275,0.4237434831630016
112.0000000000254,-63.16138868783736,-9.218950579477626,1.1600589964762746,-0.9602333180093705,0.3350424876145486,0.2843442654585093,1.5059166312650996,0.43943728768287765
112.10000000002556,-63.73237147247238,-9.010218084195536,0.5075696778182315,-0.6296409791375608,0.1763098942472434,0.3542608234378626,0.8087488735385104,0.39570937546682744
112.20000000002544,-64.1945831059633,-8.855864557961826,0.01334299660501892,-0.3795043685871703,0.05787074356986917,0.4039428621393349,0.37973885939570146,0.4080672234260518
112.3000000000256,-64.1160106661062,-8.850813201762866,0.0957804846057533,-0.29828691372189803,0.07560694332188239,0.41338896737596564,0.31328738265217126,0.4202461757430346
112.4000000000255,-64.04506076616367,-8.861308746832776,0.16409848907519187,-0.23974876609363466,0.08966562530105238,0.4173687156236332,0.29053017908675377,0.42689175342462393
112.50000000002564,-63.66988069121367,-8.33921372709191,0.5299975381293823,0.34386183627390626,0.17225651526542007,0.5427533061699784,0.6317739729277146,0.5694325758242395
112.60000000002556,-63.3402659711101,-7.910176942353134,0.8219076244302727,0.7885542464521917,0.23581596357537854,0.6330922225635677,1.139012705238356,0.6755848806385932
112.70000000002568,-63.384455220243346,-7.549340937978911,0.7184247462611856,1.1295974675151739,0.20641441445832714,0.6973573119035175,1.3387025639241688,0.7272648286294847
112.8000000000256,-63.163771748632676,-7.183886165284785,0.8863019759918646,1.4473758959699574,0.24048341979732363,0.7547521075292389,1.6971824229828452,0.7921382575139542
112.90000000002571,-63.03679278100372,-6.6795706152561,0.9473526340287378,1.8772756577272136,0.24904541493445,0.8367626843129039,2.1027698181913137,0.8730380338555754
113.00000000002564,-63.16146972964297,-6.631665926942271,0.7524553468533947,1.8175036285494919,0.1981852961978881,0.8035700694327675,1.9671066287313537,0.8276486380809356
113.10000000002576,-62.91986319009632,-7.322510344188305,0.9370027239599402,1.0246471151243806,0.2363020343217447,0.6015165032851003,1.388479677647845,0.6462667832628636
113.20000000002568,-62.704144161740146,-7.8957080159758135,1.081001620611489,0.40876037696214196,0.26415424131373805,0.445087446632781,1.155703054222363,0.5175715393586912
113.30000000002582,-62.71140572944801,-9.271912855288539,0.9911869861020225,-0.9605337601637723,0.23725967624558914,0.11794648118502155,1.3802451759859067,0.2649594806684418
113.40000000002571,-62.70171433734645,-10.44765295593902,0.9246507077003976,-2.0248267421547297,0.21637382384789017,-0.1310502854468976,2.2259609760720833,0.25296602333568663
113.50000000002586,-62.51901899746624,-11.040406634304729,1.0350908126189444,-2.426036768516136,0.2369219559519333,-0.22085420741951575,2.637625332104687,0.3238959619183177
113.60000000002576,-62.35359678100276,-11.590341460571864,1.1192760556885313,-2.7531616573336177,0.25091948998482766,-0.2914375308596338,2.9719821668794832,0.38457304227910466
113.70000000002592,-61.79277739180309,-12.01703143956505,1.5902694549010663,-2.9316407266809654,0.35409697872567236,-0.32599234763534163,3.33518729451973,0.48130622379047905
113.80000000002582,-61.430247317847694,-12.77318005752744,1.8266295677549351,-3.42380561912743,0.4005950539601165,-0.432331608134488,3.8805953789805434,0.5893954671096997
113.90000000002595,-61.48399320253559,-13.082640915392549,1.6292017103683538,-3.4320934476190668,0.34564266551681266,-0.42424558008849467,3.799153016957451,0.5472231395419885
114.00000000002586,-61.46697235503763,-13.273456566944304,1.516710873339568,-3.320602223986137,0.31161546895426545,-0.3886308858107326,3.6505905006242694,0.49813468650318005
114.100000000026,-61.673940359791,-13.943513781345219,1.1890719336554785,-3.694216084285566,0.22859234098171116,-0.46608913126694085,3.8808664677880067,0.5191276689222705
114.20000000002592,-61.83113519908524,-14.565660007130706,0.9357612049618098,-3.9902482529710515,0.1646891551705037,-0.5238033753667691,4.098503404054962,0.5490833214334548
114.30000000002605,-62.461554122908915,-15.184843604377525,0.2302221509598683,-4.259324824111023,-0.002376839143007514,-0.5739448880083037,4.265542192509762,0.5739498095087897
114.40000000002595,-62.988570712456436,-15.770558868035577,-0.3179096960308395,-4.473023931356606,-0.12915450226757055,-0.6101123371206187,4.484307044050321,0.6236328642420694
114.50000000002608,-63.58383715955769,-15.755777987235966,-0.8914724504245201,-4.070704909563015,-0.25888312478157993,-0.5029019833579643,4.167176692990871,0.5656243251152211
114.600000000026,-64.10235623115192,-15.803274519341551,-1.3437782818875221,-3.760310655593239,-0.3575522112867646,-0.4194429230680886,3.9932037635763886,0.5511587334951318
114.70000000002614,-64.7198835017248,-16.27364112516578,-1.8590286799310938,-3.8941356147484094,-0.46850297898145693,-0.44070326313806696,4.315122225251368,0.6432063490475197
114.80000000002605,-65.218556116292,-16.449663252970318,-2.215102512121912,-3.7234469714649654,-0.5400544568081604,-0.39101001554494946,4.332520800702569,0.6667440652715395
114.90000000002618,-64.52195379291368,-16.925274038093548,-1.3518656095961725,-3.863466172213867,-0.3278130254127713,-0.4143615573623802,4.093154222631942,0.5283529879257345
115.00000000002608,-63.937133081929574,-17.09577287853832,-0.665798795458599,-3.687827737664283,-0.16147819194361146,-0.3641324964692423,3.747447325676531,0.3983311203738676
115.10000000002624,-64.07356859848055,-16.83814418215333,-0.7507271226108869,-3.098444856738375,-0.17739336800328026,-0.21932903555820746,3.188095315838614,0.2820879877811897
115.20000000002614,-64.19783873076628,-16.66446018155665,-0.8165895863554011,-2.6376317874524924,-0.18852861635484794,-0.10762606362650852,2.761144689929145,0.2170861781791063
115.30000000002627,-63.66716588638813,-17.022699863118536,-0.22454600476577435,-2.741968515494305,-0.047172805867071455,-0.12927825354728884,2.751147442108168,0.13761591642542484
115.40000000002618,-63.226020901279504,-17.358129138038574,0.23277361870456376,-2.8152474475295293,0.05973827828238959,-0.14324294378777785,2.8248542879919216,0.15520052460327802
115.50000000002632,-62.67670500668242,-17.463400677548467,0.7624487048816888,-2.653288529876993,0.1809179260743404,-0.10245263212624321,2.76066442190147,0.20791305347340705
115.60000000002624,-62.20629602135419,-17.584597420979904,1.172275138879326,-2.519450286287905,0.2715617141401431,-0.06911303568931958,2.778823266476432,0.2802184438771401
115.70000000002636,-61.82126929851788,-17.26602296729411,1.4648395705835275,-1.9577101006330802,0.3329747411098291,0.06246768152674802,2.4450733742912742,0.33878369124337276
115.80000000002627,-61.845974638306956,-16.662893390373846,1.3259531249832763,-1.1559716504733322,0.29313296793588417,0.2465371301107811,1.7590969690016967,0.3830241420774418
115.9000000000264,-62.37333583869323,-16.379451383604763,0.6964089422022345,-0.7350539661883009,0.14067941536725884,0.33822896339567804,1.0125659227864559,0.36631889056911693
116.00000000002632,-61.88142029851048,-16.25673907532931,1.1304134686560166,-0.5074587964063184,0.23784887341981553,0.38306608279009713,1.2390920224781838,0.4509009984145355
116.10000000002644,-61.320656200168386,-17.136820742422938,1.5990004067123134,-1.297180087487643,0.34077197124210334,0.19146805317537804,2.058999388062219,0.3908779243843253
116.20000000002636,-60.82033919612908,-17.886556217083577,1.9704773300545404,-1.8966002269394284,0.41884316037214947,0.04833735927707522,2.734935708400759,0.42162316503296066
116.3000000000265,-60.9847990082393,-18.808750031744506,1.650169769503522,-2.6217005955698776,0.335035295986936,-0.1205626696832599,3.0978015238221377,0.35606741900686256
116.4000000000264,-61.09172446420714,-19.61798975989735,1.4111166559071517,-3.1781047647481513,0.27196819905104885,-0.24651976070507278,3.4772978176011162,0.3670676963628879
116.50000000002656,-61.986045396834875,-19.58234198859115,0.4055412520373183,-2.849441226039637,0.03299421850165857,-0.16476580468950103,2.8781554870712363,0.1680368675306523
116.60000000002644,-62.72078244451645,-19.59013297430756,-0.36360859943405466,-2.5890187104273195,-0.14574342893758757,-0.10069390415057912,2.6144271067530522,0.17714516479873688
116.7000000000266,-62.36411202019487,-20.204883188334055,0.014050234640471615,-2.9530551064772457,-0.05498428433062422,-0.182598609149835,2.9530885308410224,0.1906974661258118
116.8000000000265,-61.575939552687124,-20.91502218104856,0.7925423748531116,-3.383630458655248,0.12642391254906912,-0.2780046163225953,3.475209129919714,0.3054006751153116
116.90000000002664,-60.989651505848,-21.19411265161132,1.3096228575793585,-3.3510035442150268,0.24314624094305182,-0.26402227804725453,3.597823895417339,0.35892597814869626
117.00000000002656,-60.69166880636298,-21.52527589891522,1.4990992481027847,-3.3721689386441107,0.281363152522904,-0.262810523036379,3.6903688035775613,0.38501246033898956
117.10000000002668,-60.960090529824235,-21.535878321933353,1.109124656573008,-3.071793027022128,0.18461613957593243,-0.18722511015786952,3.2658949622852176,0.26293794109170804
117.2000000000266,-61.16356120746721,-21.591586528289053,0.813502662459892,-2.8390870379868485,0.11194008543920812,-0.1290468709512152,2.953337398790438,0.17083230850877362
117.30000000002671,-60.80035425242246,-20.45800856426712,1.1049029159895467,-1.439358701516902,0.17677722977514043,0.19782340007810095,1.8145423459910284,0.265300370496223
117.40000000002664,-60.477778633378115,-19.533535986004395,1.332963135928234,-0.3562960028667419,0.22545780190842668,0.4438566820499792,1.3797599658645154,0.4978352886666389
117.50000000002676,-59.63259072091112,-19.069388052213345,2.0635172012059266,0.18371860857122196,0.3892843981841423,0.5585406546755612,2.0716794556127853,0.6808156913548589
117.60000000002668,-58.886412647170616,-18.68374262225994,2.6382399158491228,0.6026402467583591,0.5132622586095907,0.6425511470802325,2.706193843868647,0.8223807650517739
117.70000000002682,-58.37728952278175,-19.589309634657077,2.9313577543544045,-0.2983909147269306,0.5692106108279196,0.4191927932425855,2.9465056290469347,0.70691110996052
117.80000000002671,-57.49650095695569,-21.022318417358203,3.5708179348925135,-1.6562883015142882,0.7040047977718037,0.09528810928686321,3.936245884327238,0.7104242247116742
117.90000000002686,-57.24831001563212,-22.490313695923568,3.529243417407244,-2.9445505399506295,0.6780948147166729,-0.20500878662937994,4.5962960067467264,0.7084074959660502
118.00000000002676,-57.433525203787006,-23.547275793258606,3.0576227050550537,-3.7235807328206767,0.5532756361223508,-0.3805254837350643,4.81810233186278,0.6715009853294309
118.10000000002692,-57.206238859186335,-24.658187017935575,3.0320229857497814,-4.495427405280172,0.5345498082111804,-0.5503186856626103,5.422363962540604,0.7671989007083057
118.20000000002682,-56.97302485600289,-25.662941915132066,3.013098669035306,-5.100777643141351,0.5178019053887847,-0.677657287778725,5.924246462978474,0.8528412589127438
118.30000000002696,-56.41522094699173,-26.163591759227035,3.31779936247137,-5.155776860754514,0.5763253803123921,-0.6747032346772472,6.131054366706196,0.8873417599077393
118.40000000002686,-55.90369408626803,-26.66692533372433,3.551611393886654,-5.207690114616878,0.6170916924342135,-0.6711034720541863,6.303489495752639,0.9116918487485264
118.500000000027,-56.15403859415144,-27.428681900560736,3.007089300375564,-5.511511069517662,0.4768153617401164,-0.725876126524365,6.278482326952026,0.8684751235639245
118.60000000002692,-56.31839712888318,-28.15087183090313,2.589131862109616,-5.750858986295304,0.3690707916798124,-0.7644629250042468,6.3068203462319,0.8488915201468396
118.70000000002705,-57.304852635070624,-28.252544590178633,1.3836610308482475,-5.351920329572834,0.08159598574754573,-0.6544632261414847,5.527890109470613,0.6595301503810375
118.80000000002696,-58.42240104815746,-28.090540650712015,0.14036958772743247,-4.719614465063495,-0.20797825919442703,-0.4930097964738387,4.721701422156568,0.5350828120176541
118.90000000002708,-59.25373499153915,-27.933200289443597,-0.7214853125932573,-4.139598296087303,-0.4025911199123856,-0.34739160441511885,4.202001321900873,0.531752326417496
119.000000000027,-59.27184723087711,-27.7567800300502,-0.7059125108728115,-3.5845163734834187,-0.3896721293022344,-0.2109124381647802,3.6533642173724585,0.4430896353194797
119.10000000002714,-59.22618412578479,-28.21333521191396,-0.6271353440259908,-3.7022802872572464,-0.3624271642703581,-0.2332816036189031,3.7550203814546994,0.43101479787596636
119.20000000002705,-59.195156530396176,-28.64475365064559,-0.5681953074899639,-3.7853997034849214,-0.3404027518862862,-0.247116749537202,3.8278057451492162,0.42064322340148164
119.30000000002718,-59.18598479754165,-29.178840653380256,-0.5348047894430858,-3.963824476583027,-0.32479988738224885,-0.28268454472041776,3.999740072050929,0.4305874111807165
119.40000000002708,-59.181510090796586,-29.681486061530418,-0.5079366143769538,-4.096535909405422,-0.3110672688859977,-0.3068516879706368,4.127905771850035,0.43694485256451143
119.50000000002724,-59.117454765794484,-29.721682898399337,-0.4230903821659905,-3.757668602219301,-0.2842368220995597,-0.22134064867797748,3.7814122752731048,0.3602530413396181
119.60000000002714,-59.05265927032408,-29.811342819379355,-0.3434091605713804,-3.4937027101149214,-0.2592223430262754,-0.1551397536706089,3.5105396277821286,0.3021002586774947
119.70000000002727,-58.3135554745587,-29.161047690424443,0.40240533169876547,-2.512654848013553,-0.08064957234199888,0.07545547699212296,2.5446737386599496,0.11044402440628513
119.80000000002718,-56.81321218576541,-28.53370356212311,1.849183191605339,-1.6302823551659396,0.25598765616036434,0.2778823747739261,2.465217847104209,0.3778204524856663
119.90000000002732,-56.0439731656764,-28.65419376616272,2.4555619496446264,-1.56150505395169,0.39037479731093055,0.28736686660542055,2.9099969969158366,0.4847393097306713
120.00000000002724,-55.64088167105009,-28.670033832440623,2.6495795724012563,-1.3944332519758107,0.4262357750099154,0.3193763381961935,2.9941135590858705,0.5326144771764213
120.10000000002736,-55.5400459729073,-28.60760203164403,2.526594368095123,-1.1629939629361257,0.3879154281886878,0.3655391837652457,2.7814086464803887,0.5330077619458979
120.20000000002727,-55.405896642634325,-28.571311444713583,2.4454032770138348,-0.9762623456946887,0.360152551767477,0.40028892011690265,2.633075265701932,0.5384617721927725
120.3000000000274,-55.371546235004224,-28.9589935564514,2.270249854019941,-1.2271583083258109,0.31129006454319813,0.33297158822678985,2.580688263500772,0.45581968238501874
120.40000000002732,-55.30084130170946,-29.301340416625372,2.1441145322157644,-1.4142989507223476,0.274900547419091,0.2819643112994889,2.568553805018139,0.3937945959734732
120.50000000002746,-54.865893795296856,-30.19930042538813,2.389916327347951,-2.1411035041737394,0.3254158734520043,0.10726403717260594,3.208741851148108,0.34263838717384987
120.60000000002736,-54.45856542539075,-30.98449857339447,2.5885211473162224,-2.6997847166282822,0.36384137600645794,-0.024491640855164337,3.7402244914233354,0.3646647602470673
120.7000000000275,-54.71890000181865,-31.830565238405317,2.105919613757569,-3.2759662794122453,0.24375287165870432,-0.15724803372751464,3.8944643384495046,0.29007310553209575
120.8000000000274,-54.96414452386482,-32.28760351383128,1.675011908123072,-3.4198476222127066,0.13840458036920728,-0.18690227660454584,3.8080208312859845,0.2325688905832818
120.90000000002756,-55.10962574108011,-32.81164079586394,1.376394223797332,-3.618953564007829,0.06610464402647176,-0.2286488111916503,3.871858204757456,0.23801282070767005
121.00000000002746,-55.15276735889603,-33.47451452898987,1.2025953940869152,-3.9404909518124915,0.024359594973235525,-0.29775887840706183,4.119915608746759,0.29875364355517325
121.1000000000276,-54.94265604064978,-33.40927997545448,1.2944134018803226,-3.5112810651383635,0.04504177772297953,-0.19155379753217333,3.742272140473831,0.1967780960611296
121.2000000000275,-54.746240638837826,-33.414683792343595,1.3654076103149948,-3.1850986636018255,0.06042695843219744,-0.1116458155695481,3.465428031165016,0.12694961772118918
121.30000000002764,-54.35393013530495,-33.70898579842536,1.6259273252193878,-3.1715931875741106,0.11931059686033874,-0.10593739146046165,3.564076740807019,0.15955484772521755
121.40000000002756,-54.000003592721825,-34.00730586366187,1.8278560485625512,-3.16289309029415,0.1632743063153309,-0.101472975411452,3.653074107501404,0.19223751933898245
121.50000000002768,-53.396773337640134,-34.289369009087615,2.262184627885065,-3.138441540378547,0.25999592225091595,-0.09346712077204357,3.868758792301887,0.2762860514982979
121.6000000000276,-52.858206109874665,-34.57598682351403,2.59802689798328,-3.1202019608751788,0.3316906641997048,-0.08708390697538496,4.060222166248288,0.3429319226484155
121.70000000002771,-53.15698637024098,-34.95823860867373,2.0731269254666858,-3.1984358829110886,0.20255862851367606,-0.10317147458347942,3.8115413347080715,0.22731993127104136
121.80000000002764,-53.24670126675834,-35.54396556764578,1.796498072858789,-3.473091567641669,0.13386223972210926,-0.1643369774991677,3.9102135955736497,0.21195693288255849
121.90000000002776,-52.840858720933205,-36.465856920530314,2.034533245606645,-4.061060991047067,0.1858439374084812,-0.2965850804611591,4.542195713582022,0.35000097003242675
122.00000000002768,-52.673272443306985,-36.93930736775889,2.016464052122115,-4.156325540796795,0.17736263491116244,-0.31176571426702754,4.619650341160087,0.3586856072594218
122.10000000002782,-52.70791409469239,-36.84639676172089,1.7979451034668728,-3.6793780699513636,0.12269535477673843,-0.19419049080605935,4.095171495397906,0.22970436827210738
122.20000000002771,-52.71178619273313,-36.826188354442515,1.626649109190244,-3.3111887739180252,0.08021998186566057,-0.10450148969459348,3.6891677138550056,0.13174143933825885
122.30000000002786,-52.373827737570835,-36.25462110365647,1.8088853973586523,-2.421932524704252,0.12053156402011878,0.10368228437489126,3.02288331481678,0.1589901695650766
122.40000000002776,-52.066132905935305,-35.81642277822244,1.9466528268273506,-1.7343273725815664,0.14962068895495542,0.26038867103246094,2.607172541946657,0.3003141864204998
122.50000000002792,-52.01931162675662,-35.144767034412276,1.8135989622295792,-0.8677737930000177,0.11537116520001689,0.4548760341967082,2.01051549400094,0.4692789279800814
122.60000000002782,-51.955363564884394,-34.59686423762377,1.707604895722659,-0.19233257931556047,0.08817553193253702,0.600641497617264,1.718402252373457,0.6070791818959828
122.70000000002796,-52.21023179816694,-34.70146859516958,1.292004954957359,-0.22030006078356307,-0.010030767202183682,0.5802717889390687,1.310652097398699,0.5803584800183517
122.80000000002786,-52.35732890333752,-35.25617060193664,1.0158255949383599,-0.695769528569153,-0.07370402473067653,0.4568255785048342,1.2312582491976305,0.46273306823456717
122.900000000028,-52.02023303963368,-35.6849955473367,1.243422373022549,-1.0102172319612601,-0.01933478324295087,0.37349475292272577,1.6020730487354495,0.3739948720288286
123.00000000002792,-52.34048370505181,-36.162850790341395,0.7987162226388183,-1.3501003178698867,-0.12178830153547107,0.2862066126457589,1.5686677381200875,0.3110411797705479
123.10000000002805,-52.53194690608431,-36.518884901734786,0.5168612640786967,-1.543072188256205,-0.1841888738793982,0.23493214173185867,1.6273344292046492,0.2985274735760161
123.20000000002796,-52.692250970507246,-36.84783035258103,0.2881915619724544,-1.6947101433747076,-0.23283897595450304,0.19440840214973637,1.7190395127655573,0.30332921974309573
123.30000000002808,-53.459287459475405,-37.29008855466447,-0.5267023293733855,-1.9479670175731751,-0.41601023762703904,0.13130866263321067,2.0179174525535677,0.43624131245564973
123.400000000028,-54.11639584130367,-37.698805500772096,-1.168325776664877,-2.148580906560675,-0.5548499001089097,0.08185009489874812,2.445687026677101,0.560854570887856
123.50000000002814,-54.73939762800086,-38.55290337168023,-1.725253786635773,-2.777564656133012,-0.6708791965403557,-0.06558488750061744,3.2697654422451117,0.674077350026762
123.60000000002805,-55.29552687365211,-39.31694703098233,-2.171116740622466,-3.26819808234042,-0.7585242508935297,-0.1775953696043533,3.9236292647018423,0.7790373254847917
123.70000000002818,-55.433295670789384,-39.204097467841834,-2.1641560296567715,-2.8471085546131114,-0.7393620539354039,-0.07604973792045797,3.5762548067008484,0.7432629477091869
123.80000000002808,-54.92148640978636,-38.85838831566662,-1.5090086243465795,-2.2263592321702705,-0.5706588214197659,0.06934565896357375,2.689569195804814,0.5748567742327548
123.90000000002824,-53.57975437191462,-38.805104350756935,-0.07638713588962154,-1.9449200553913693,-0.22595888417226506,0.13286349768118208,1.946419537610786,0.26212616495201807
124.00000000002814,-52.400388093812154,-38.69839441696867,1.0845447087156899,-1.6322614337053256,0.04789853272959216,0.20213548412640467,1.9597230960431542,0.20773305798708064
124.10000000002827,-52.21321893001125,-38.57691443919427,1.1675054706721808,-1.3294524850868357,0.06598656102975783,0.2675254569756891,1.7693255591193593,0.27554327494349273
124.20000000002818,-52.03111340995464,-38.49806062497071,1.2388770290573434,-1.0930545788668529,0.08097441404688505,0.3160354625262152,1.652145455311893,0.32624418662160887
124.30000000002832,-52.15645090994797,-38.00886230029637,0.9983123488104799,-0.46684202901878247,0.023436289322998384,0.45362250949415744,1.1020748730671028,0.45422752093747937
124.40000000002824,-52.239217671385184,-37.60996185604348,0.8186492873768763,0.020117774117463127,-0.018678382510815952,0.5558041158712359,0.8188964406798387,0.5561178806625683
124.50000000002836,-52.21779244223861,-36.95763955263426,0.7566691373258755,0.7207188547617114,-0.03258781781528737,0.7050559579258098,1.0449803112932403,0.7058086636452146
124.60000000002827,-52.18175131829443,-36.403760451493184,0.7141005240565987,1.2676518238864998,-0.041683750770393456,0.8152968641265312,1.454950413265235,0.8163617529826124
124.7000000000284,-52.530371406576805,-36.711756936637286,0.29173830713420845,0.9120449757092353,-0.1384499541271592,0.7141474961345359,0.9575684192609911,0.7274441806991375
124.80000000002832,-52.40808401034321,-36.80955051120793,0.3713353901903238,0.7916376110583492,-0.11682831778910457,0.6697616256125742,0.874402698560549,0.6798746141610452
124.90000000002846,-52.742906754673086,-36.68220946857495,-0.01027956897212512,0.9032684223320406,-0.20242720491914049,0.6800943000466679,0.9033269133156979,0.7095808835131784
125.00000000002836,-52.617474627974424,-36.16792429044126,0.09645565013860359,1.3902049822182352,-0.17304567918649533,0.7770301795012768,1.3935471233611243,0.7960657679745449
125.1000000000285,-52.05236778694763,-36.01696883112051,0.6333204023000694,1.4759265968211137,-0.04481600252668419,0.7788856089138917,1.6060678849829095,0.780173868990519
125.2000000000284,-51.562042640301144,-35.86936279109311,1.0543994320977603,1.549949158973142,0.05365480777117532,0.7779910524121963,1.8745934380045262,0.7798390321280403
125.30000000002856,-51.78364948633136,-36.2210266647065,0.733719030408838,1.1191791981779962,-0.021789206485764642,0.6603128545509376,1.338247246669474,0.6606722602050785
125.40000000002846,-51.94928375067403,-36.501330717511166,0.4935692245408649,0.7912206093778388,-0.07685347756760746,0.5691472263712897,0.9325452440059459,0.5743126520462237
125.5000000000286,-51.94150275959168,-36.742251372986786,0.4448519355732751,0.5264988958741808,-0.08634789085167031,0.49472351738215614,0.6892708697892439,0.5022024660488084
125.6000000000285,-51.920583862851714,-36.93948756199473,0.41317229454833465,0.3245900889930358,-0.09168025734298545,0.4365562325467733,0.5254237060267101,0.44607915638584644
125.70000000002864,-51.861598874359125,-37.525224852764104,0.4220601440295126,-0.24972781713064207,-0.08750229411623016,0.29356284950446854,0.4904067167434071,0.30632629349239104
125.80000000002856,-51.79767699587013,-37.7853641228246,0.43537738933353765,-0.4560882732260183,-0.08239608371274326,0.23902016662328474,0.6305315092183561,0.25282356429696223
125.90000000002868,-52.249122806588964,-37.74755748178868,-0.06551606184608971,-0.35028470269701784,-0.1963916455013227,0.2579714318588636,0.356358986561808,0.3242205084167711
126.0000000000286,-52.64286871725455,-37.98049809719711,-0.46987001462521794,-0.5229171459091103,-0.2854111041998287,0.21205665314127786,0.7030079459932387,0.3555664811846664
126.10000000002871,-52.48761210485683,-38.52320152679499,-0.29553019904797817,-0.99127777118647,-0.23846632649667726,0.09877552249872588,1.034393405913704,0.25811391422725777
126.20000000002864,-52.359857023894804,-38.99885269699991,-0.16149099269043335,-1.3569555859842035,-0.20193299750955193,0.011875469501549593,1.3665313033567414,0.20228188811427222
126.30000000002876,-51.64133644938951,-40.68318275310651,0.5511424122504232,-2.898456774586803,-0.032363647519695504,-0.3450884954434295,2.9503914372044515,0.3466027630706209
126.40000000002868,-51.0301810716537,-42.141930393079996,1.101952296988153,-4.095616357822069,0.09583755173899663,-0.6141151669811538,4.241270118171816,0.6215482882605463
126.50000000002882,-50.73116812354309,-42.32204370495886,1.2991442905791801,-3.925410578646991,0.13924837020052153,-0.5605210579562312,4.134806416109246,0.5775586247437348
126.60000000002871,-50.46329848278156,-42.537489445542654,1.4497958688119785,-3.802262325220481,0.1708856788373926,-0.5190557453022293,4.0692882487009125,0.5464620590333507
126.70000000002888,-50.356862353145,-42.53242860012032,1.4276393183631413,-3.4677895766545785,0.16180471991037146,-0.42965135995694403,3.7501624726524208,0.45910898324703386
126.80000000002876,-50.45126880408685,-42.337613525097915,1.2067631612339138,-2.969120811557621,0.10695199926939117,-0.30432226379719474,3.2049891920154514,0.3225690164761167
126.90000000002892,-50.86124663120675,-41.72752453972158,0.6883291699223135,-2.0945532029984797,-0.01548362220091351,-0.09491363721603394,2.204756260078908,0.09616829563862263
127.00000000002882,-51.2615596201238,-41.026226347016944,0.2195311568332663,-1.1963498187808703,-0.12360088795224297,0.11511856741273668,1.2163251282932428,0.16890667265014642
127.10000000002896,-51.201094048326084,-40.57565806712485,0.24614979824028088,-0.6174190533774565,-0.11458156878509593,0.24641407683915084,0.6646773733528512,0.2717514179719116
127.20000000002888,-51.15097337514464,-40.20376928230975,0.26066912145997334,-0.1620556735750302,-0.10857061914799247,0.3460791741546195,0.30693717959962274,0.3627097656883832
127.300000000029,-50.64211162777628,-40.315219397637435,0.7312755813828457,-0.22404667472133552,0.0028356054329949504,0.3237270740941668,0.7648273585460361,0.32373949274029235
127.40000000002892,-50.20961258803355,-40.40588336600919,1.0895230192733907,-0.2612809483284727,0.08566514973453321,0.307620659780706,1.1204142731534756,0.31932583391100205
127.50000000002905,-49.815672744372414,-40.444179239404605,1.381545357392559,-0.24417161895753514,0.15125421652744125,0.3044615422741612,1.4029566472408466,0.33996274610799776
127.60000000002896,-49.46692627375156,-40.47348212948794,1.6056927943806583,-0.22010865314380024,0.19961998574281248,0.3029845312656349,1.6207088477313698,0.36283297106825496
127.70000000002908,-49.29406391705687,-40.12846562709451,1.6369059734335074,0.17428495192997212,0.20222340528000152,0.387232796039377,1.6461580757422816,0.4368564340507228
127.800000000029,-49.110787319541835,-40.11436486208627,1.675631172052202,0.20776474838643755,0.20650479622728188,0.38601950233254484,1.688462618900731,0.4377845212498231
127.90000000002914,-48.5449366286284,-40.34207659140999,2.091996324732889,-0.0030805933473992964,0.29806952696414085,0.3282996964292114,2.0919985929133142,0.4434254543665023
128.00000000002905,-48.156738252491216,-40.16102269782581,2.2986233756204637,0.20877295552540193,0.33898406913823614,0.3697241038211792,2.3080848272772876,0.5016035407330082
128.10000000002918,-47.607082987477575,-40.58277560052947,2.6493863484316154,-0.19700996363129392,0.4123036113028773,0.2672745984282009,2.656701140329076,0.49135524710574746
128.2000000000291,-47.1095303889222,-40.933949574849386,2.9202751763781825,-0.5018013695445437,0.46544446532521944,0.19056418624518257,2.963074707166089,0.5029445887780959
128.30000000002923,-46.86377502569598,-41.23516993386283,2.91840869272864,-0.7337608780637128,0.45424262195512694,0.13248141260941948,3.0092381633846994,0.4731677126428383
128.40000000002914,-46.61318741390437,-41.49855739383925,2.9204772526824594,-0.9104471687546997,0.4442105117708083,0.0885323343886332,3.0591014089972783,0.45294696488660147
128.50000000002927,-46.24852510964535,-41.43790351226945,3.0350188758107883,-0.7509245011337768,0.46043576629628136,0.12339585376370199,3.1265359717954295,0.47668399554727736
128.60000000002918,-45.8964834264955,-41.4046807818834,3.1271207804660075,-0.6313043197821202,0.47109323919528234,0.14821959559732353,3.1902083818769422,0.493860191283462
128.70000000002932,-45.500839011315364,-41.91932282432257,3.2544945344059295,-1.066981435772096,0.4896656890510588,0.043978258698825434,3.42493562841119,0.4916366282855957
128.80000000002923,-45.3176839090874,-42.417457744068564,3.1592796707584925,-1.4527216087074744,0.45630343349730595,-0.04629608097821014,3.4772759612192874,0.4586459969686548
128.90000000002937,-45.522172164327365,-42.99192504206821,2.684239061706452,-1.8846515451230976,0.3358249705918104,-0.14516944143219757,3.2797943208264773,0.3658586852853524
129.00000000002927,-45.6061735782801,-43.604811346500696,2.3650901717927506,-2.3212208918838737,0.2542061763706485,-0.24282848021355935,3.313867521436068,0.3515486465737171
129.1000000000294,-45.553195533989,-44.41473745970848,2.206425364832753,-2.9198578649185603,0.21161050458128755,-0.37572873482895297,3.65976540804245,0.4312204631337812
129.20000000002932,-45.47794307601878,-45.1412574990578,2.081706144334773,-3.3884087034450268,0.1778551534675817,-0.4754530665495354,3.976784380997184,0.5076298593525936
129.30000000002946,-45.230263188125925,-45.48314827271824,2.1379619063673543,-3.436624039895092,0.1867568142322602,-0.4756081052730175,4.047377657775809,0.5109610332144445
129.40000000002937,-44.993160408909254,-45.82457217945218,2.178923640611412,-3.479586213500548,0.19191360159613846,-0.47454402304363635,4.105511959402673,0.5118816858259735
129.5000000000295,-44.66239107380968,-46.10964818997262,2.309598438376421,-3.462038315726167,0.21770984227398163,-0.45950308948918084,4.161724912353876,0.5084689416995536
129.6000000000294,-44.34969269048525,-46.394316273299935,2.411706688438136,-3.4444028777103073,0.23629914566626917,-0.4447899332785689,4.2047877871583825,0.5036619610299774
129.70000000002955,-44.56846164140555,-46.51846214486522,1.976003508101098,-3.2672263314521635,0.1300136980522936,-0.3935008829087995,3.818292519564499,0.41442310086581524
129.80000000002946,-44.46834796655571,-46.76162975284039,1.8912486636759105,-3.221385508118546,0.10739381043303373,-0.37378849058367825,3.7355248760745927,0.38891035755319103
129.9000000000296,-44.5461542214562,-46.86404354764381,1.6355570755288904,-3.038029899556769,0.04574413804320117,-0.32271257009746496,3.450314857793927,0.3259385357152889
130.0000000000295,-44.524719841761254,-46.938858483847184,1.498333410341545,-2.840593709465881,0.01293336855229004,-0.26956038248843694,3.21153789185226,0.26987047231852135
130.10000000002964,-44.06607802721814,-46.85157186536896,1.8071733840425888,-2.49630109551733,0.08409682775434327,-0.1836568636419212,3.081784353174791,0.20199534648385073
130.20000000002955,-43.654793474645224,-46.81230132194967,2.044837391191482,-2.225971632268611,0.13714416693764875,-0.11685546495971369,3.022632902632963,0.18017691920990475
130.30000000002968,-43.218097155777876,-47.42217517517539,2.2891809096223494,-2.6228501719321407,0.19050961694093535,-0.2059855758766432,3.481334839021358,0.2805779243208814
130.4000000000296,-42.81755412150851,-47.968785749175126,2.478242475641917,-2.925645865230617,0.22984850495126816,-0.2712833939898691,3.8341999813281498,0.3555629551612424
130.50000000002973,-41.88659288894194,-48.27358006062474,3.1805706264411606,-2.9636053507812714,0.38704228775831884,-0.2737896214524105,4.347296422486014,0.4740912246901935
130.60000000002964,-41.05924577770816,-48.567177020342456,3.724662398170703,-2.986867813528806,0.5039843104806887,-0.2728371014055362,4.774357476754447,0.5730970852430416
130.70000000002975,-40.65352331872532,-48.42891723976903,3.8056779452740974,-2.57754034846197,0.5110688291463219,-0.17180929673599904,4.596400643013523,0.5391750945378606
130.80000000002968,-40.55487317522771,-48.058536403583624,3.5734148915269315,-1.9681663165408874,0.4454996356947579,-0.026830249315489774,4.0795799583477415,0.4463068313195456
130.90000000002982,-40.96179509539361,-48.31553108238969,2.854446055094919,-2.0306604141161633,0.268828417530381,-0.040669980653689285,3.5030620889309643,0.27188741309273645
131.00000000002973,-40.47829915210743,-48.45352664614581,3.0772733503764784,-1.9697066872104503,0.3141681593905264,-0.025624783748846098,3.6536770118031567,0.31521145587844096
131.1000000000299,-39.44589697746745,-47.796743004961314,3.8289902925713384,-1.1216977043467824,0.48083897450250124,0.17118961845392133,3.989908821081302,0.5104037665094334
131.20000000002975,-38.51965076878548,-47.26166307577297,4.415919640626095,-0.4606914156330211,0.6055228489014578,0.32017921556432016,4.439885454930708,0.6849617877087167
131.3000000000299,-38.826808008796085,-47.668675255805624,3.727610160064582,-0.7898116460699884,0.43224313353778465,0.23661517334534424,3.8103648042785196,0.4927685732144558
131.40000000002982,-39.02231035564419,-48.016371696058194,3.2026217452245196,-1.0350019356563367,0.3007639415829637,0.17440534140104386,3.3657116706273746,0.3476725063414349
131.50000000002996,-39.533271258894615,-48.5177763508205,2.403200182819091,-1.4147916132968457,0.10882575427089197,0.08248992896216567,2.7887284607427816,0.13655633699250908
131.6000000000299,-39.93056030718501,-48.95719212469046,1.7784040343889602,-1.7037348189159829,-0.03826444770555135,0.013722391423398927,2.462810029766325,0.04065060866196035
131.70000000003,-40.101733599885065,-49.51799257360367,1.4271077922220825,-2.0913439922750183,-0.11866575855895391,-0.0762843248353011,2.5318681530928497,0.14107040961856487
131.8000000000299,-40.06632578893877,-50.19320286791902,1.3089453489399052,-2.562861144205097,-0.1432616432758764,-0.18362390201031423,2.877776080758833,0.23289833795799822
131.90000000003005,-40.127391329441025,-50.799994497942045,1.1041169748708342,-2.9294553875819176,-0.18734210004782084,-0.2642015455524033,3.130620251967754,0.32388195244966395
132.00000000002996,-40.05774804939005,-51.1814362905028,1.0457055074005779,-3.042712761759456,-0.1965230519901076,-0.2842948783853967,3.2173903957682466,0.3456079973607006
132.1000000000301,-39.670110043048126,-51.60306341725577,1.309001854460099,-3.1866270843402114,-0.1310513398693502,-0.3110170055070574,3.4450076965996135,0.33749967614225784
132.20000000003,-39.32748833086078,-52.00436132210109,1.5074500021295247,-3.2984945040170763,-0.08209985894074967,-0.32970544904493915,3.626633632165119,0.33977355689932076
132.30000000003014,-39.09789791366228,-52.108707241442396,1.5781886136674614,-3.105193784280271,-0.06383188062684902,-0.27734836240909555,3.4832323692573905,0.2845990567717457
132.40000000003005,-38.8823129059476,-52.242404396779705,1.629665502627161,-2.955410669947678,-0.050443591706380395,-0.236272343621079,3.3749462037925317,0.24159713637466243
132.50000000003018,-38.59298981944777,-52.474060687643394,1.7507389657654227,-2.9142240637208494,-0.021261089193661334,-0.22127501785681805,3.399674810892807,0.22229410122906088
132.6000000000301,-38.32177579780093,-52.71032844317726,1.844486086930586,-2.880308694569768,0.0009230932368881929,-0.20830721368774133,3.420278804555954,0.20830925897682587
132.70000000003023,-37.621041288658276,-51.85472667077003,2.3588577742848664,-1.760903770375925,0.11992260470052789,0.055532812904397294,2.9436358619619214,0.13215643921971365
132.80000000003014,-36.96802234830073,-51.18179169796814,2.7857684546259325,-0.9098938656494227,0.21593090557970201,0.2511636887483145,2.930599380593568,0.3312240246874167
132.90000000003027,-36.36382248609958,-51.294834750333884,3.1306464739935898,-0.9079965973078873,0.2907360605894782,0.24579100273731974,3.259663351613353,0.38071074840842867
133.00000000003018,-35.287737614323504,-51.81230282055199,3.918333611100331,-1.3096556687274388,0.4662722446964429,0.14716341554357623,4.131408507822541,0.48894465642719814
133.10000000003032,-33.789104699857866,-52.73031498291116,5.065146396087692,-2.0796670733472538,0.7208450504782252,-0.0344153574266578,5.47546556465885,0.7216661303024825
133.20000000003023,-32.45089658501024,-53.53130985557983,5.962109192918874,-2.673665867986678,0.9117142899081221,-0.1710648679886776,6.53415910442382,0.9276239192057604
133.30000000003037,-32.58576069746426,-54.06822250155583,5.320499475442209,-2.9584212276265873,0.7421554816717729,-0.2329963520661565,6.087690106128303,0.7778702070728751
133.40000000003027,-32.61101574733015,-54.56520114176313,4.835874616004181,-3.180916998712564,0.6128449583802733,-0.27908850327366247,5.7882567543615515,0.6734013184362294
133.5000000000304,-32.88162679567632,-54.547571893124136,4.142832701889835,-2.8730166439731444,0.43830077460956895,-0.20138534608900005,5.041556052687954,0.48235218113193445
133.60000000003032,-33.04292449522393,-54.58103377384881,3.6111306479066383,-2.639296649266009,0.3051279401557464,-0.1426448204914719,4.472823644978349,0.3368242934776721
133.70000000003046,-32.812030671532284,-54.99424060204076,3.510409408601298,-2.8015490062444215,0.2747615935361396,-0.17688785175312371,4.491286124306224,0.32677705761016007
133.80000000003037,-32.617392084450096,-55.207071043761786,3.3807211913046076,-2.751293376730829,0.2383952042935947,-0.16116613997532395,4.358771732745244,0.28776170367985116
133.9000000000305,-33.1872346252895,-55.17015583004259,2.498979182982257,-2.455772701911668,0.028851979121653604,-0.08905614158290502,3.5036718625512298,0.09361320982036007
134.0000000000304,-33.08301926831182,-55.09071637885609,2.3566030105976754,-2.1404783094580946,-0.004760164079669955,-0.014039245997747155,3.1835868360732067,0.014824290547970234
134.10000000003055,-32.83160274390586,-54.65501977136513,2.3718458305095944,-1.494587288701906,-0.0011229701287741403,0.13573884264585595,2.803469958329331,0.13574348774341463
134.20000000003046,-32.580959386655415,-54.314894233663836,2.385145713693139,-0.9940035883131272,0.0019804848399016003,0.24842842864229903,2.5839820450475512,0.24843632278288724
134.3000000000306,-32.81087565690523,-54.596198728901804,1.918719420954738,-1.1515968649845083,-0.10599209001843578,0.20621439085373897,2.23778005080728,0.23185922052326238
134.4000000000305,-32.971016562174896,-54.85030411524771,1.5580002178165355,-1.2704094306456422,-0.1870066319886573,0.17395064636957497,2.0102996791995356,0.2554022470146534
134.50000000003064,-33.445306300669394,-55.27798223888407,0.9125844069694836,-1.5533521913347117,-0.33202274498660095,0.10445523975864987,1.8015863371396317,0.348066086112213
134.60000000003055,-33.8278078148945,-55.66275839762696,0.40911288243006266,-1.771978189096364,-0.44083871817519144,0.051450199421652625,1.818592877255232,0.4438309345492647
134.70000000003068,-33.81190944550027,-55.98126305545558,0.3423087273473994,-1.907848337108305,-0.4460959824645358,0.018820588334070354,1.9383138399715152,0.44649282202095925
134.8000000000306,-33.57403165729758,-56.32323111816038,0.5027782244048236,-2.0566570246583784,-0.39864256862938846,-0.01604786248811823,2.117220834020939,0.39896545140384554
134.90000000003073,-32.94999483021521,-56.11329471586848,1.0364336765072495,-1.6441912962775131,-0.2659353902023574,0.07976424092758283,1.9435945525116762,0.2776399933237889
135.00000000003064,-32.30757202201407,-56.16679278568615,1.5478549544025917,-1.526121189183238,-0.14144371678871792,0.1052389051899982,2.17368370374871,0.17629960914476378
135.10000000003078,-31.852089012886687,-55.994086413920414,1.8339466028088034,-1.1920644011610508,-0.07197186697290134,0.18010143787161131,2.18732203355368,0.19394967790379772
135.20000000003068,-31.436838781741233,-55.8743688519445,2.0580644191643502,-0.9369537106841829,-0.018447705722436585,0.23496432063366943,2.2613074557421764,0.23568739851180723
135.30000000003082,-30.387876752655522,-55.777693183515986,2.8961977379383064,-0.7249946786888936,0.1759154877914464,0.27857283048088216,2.985561692775109,0.329467875106258
135.40000000003073,-29.46098100591013,-55.71273505592342,3.547718022824244,-0.5616002622508494,0.32260075872016536,0.3099348748240772,3.591893375927546,0.4473598955640109
135.50000000003087,-28.42138491594696,-55.829477728139004,4.2605401960658,-0.5924981738993136,0.4800765599427973,0.29561377509696035,4.301541217792342,0.5637916347673017
135.60000000003078,-27.475178985211862,-55.93919559048669,4.824291772492632,-0.6146814865232375,0.5994149530295292,0.28364053037865333,4.8632935790485154,0.6631366649408524
135.7000000000309,-27.076795206255014,-56.181244794319326,4.797528306356244,-0.7676109799345288,0.5793522235219438,0.24169087347897933,4.858549625845707,0.6277447548349985
135.80000000003082,-26.39799979235399,-56.700179633136045,5.050848785450147,-1.185104850754525,0.6245625723959297,0.1394941327602807,5.188019560561152,0.6399507949150183
135.90000000003096,-26.337734088141517,-57.568758249108576,4.667099973343369,-1.9190099072176208,0.5213148289842527,-0.03355250365289786,5.046228411911321,0.5223934546108503
136.00000000003087,-26.53673569631184,-58.62291369938194,4.053504714340153,-2.781109069582368,0.36727179238039176,-0.23225793569188463,4.91583849674612,0.4345484071656013
136.100000000031,-25.95180108350888,-59.43619271862905,4.267290449914419,-3.3362710471350434,0.4082415115730093,-0.3553430694304217,5.4166846210465645,0.5412299222730106
136.2000000000309,-25.398825094560614,-60.17637550188434,4.431838723407667,-3.775014766246242,0.43687013395842494,-0.4486420137693814,5.821677675350369,0.6262069709480229
136.30000000003105,-25.77107763361449,-60.31385335574878,3.6610753408473906,-3.578551536765786,0.2484138135800059,-0.39280106894133865,5.119521828515785,0.46476026351100647
136.40000000003096,-26.02697791970384,-60.4910317765791,3.0650835161220695,-3.435899104224634,0.104758727686349,-0.35070355494992284,4.604360934507076,0.3660155385785912
136.5000000000311,-25.929637222388184,-60.27283288233398,2.866681030214881,-2.9096123013075665,0.05642619929888638,-0.22081067870148147,4.084568994755036,0.2279062785355562
136.600000000031,-25.808133072437176,-60.139580164212035,2.7075190916871947,-2.508024559724547,0.01829194235369378,-0.12277761826577718,3.690643145040192,0.1241327462923775
136.70000000003114,-26.613426046372012,-60.231869663308906,1.6373847165341553,-2.361792499022464,-0.22975055461077146,-0.0860999052387984,2.873863691683795,0.24535384860663415
136.80000000003105,-26.94774061479823,-59.896749999596054,1.1194321454247749,-1.8008899862961159,-0.3442837928930379,0.04568004269288889,2.1204558639481133,0.34730101691362836
136.90000000003118,-27.759526983253156,-59.66094685325825,0.16657073567364633,-1.3822699945935892,-0.5568007371958776,0.14148785908597267,1.3922701418678134,0.5744961925118433
137.0000000000311,-28.306988781146483,-59.57348962577447,-0.4482676013081259,-1.1440167799789838,-0.6861848093588832,0.1933435598433659,1.2287059189472571,0.7129034469882944
137.10000000003123,-28.148868793276513,-60.1274095067844,-0.31130865012104614,-1.563459342111953,-0.6386160849735756,0.09181462221138602,1.594151244417332,0.645182477163474
137.20000000003114,-28.021611250029892,-60.61323753710946,-0.2142153103790385,-1.8829396854434317,-0.6013725923772182,0.015765307445369955,1.8950857653991804,0.6015792049109933
137.30000000003128,-27.293715965996174,-60.005046355243365,0.4750539350742155,-1.0880449368704923,-0.42796682937072106,0.19933183643648478,1.187231243641697,0.4721109912496948
137.40000000003118,-26.675564759697956,-59.514191557469424,1.0028218935833695,-0.47177046576678905,-0.29594342635087456,0.33731971793602766,1.1082504782854588,0.4487394608330504
137.50000000003132,-25.982524828037754,-58.18037496908158,1.565160824395966,0.9359202091839977,-0.15897551869512921,0.6552411074209354,1.82364334347012,0.6742507874660579
137.60000000003123,-25.376676629240954,-57.0490466054022,1.9976448761539567,2.031893285330812,-0.05522414529710283,0.893677507381112,2.849416672618555,0.8953821493768529
137.70000000003137,-24.887308006891,-55.92261606658684,2.280878691644539,3.036471270443587,0.011591386828809683,1.1054487263519557,3.797705278484284,1.105509496495519
137.80000000003128,-24.156887237446345,-55.08192608141261,2.7823651770230393,3.6764707787361943,0.12736252674244658,1.227959652663375,4.610639149316673,1.2345469297630516
137.9000000000314,-23.59378083418245,-55.21969034705839,3.078232374422018,3.289699167801592,0.1928764196609326,1.110050408746503,4.505289687198183,1.1266823967824733
138.00000000003132,-22.71252827056638,-55.76273980903073,3.6677651985138695,2.526537398777289,0.32482590273630185,0.9077762601814424,4.453750417215787,0.9641419011937296
138.10000000003146,-22.33649449259118,-56.67097978875263,3.707851319552968,1.456401448106266,0.3265852897254391,0.6391515507743655,3.983624804867636,0.7177552899995411
138.20000000003137,-21.955341656025613,-57.41611951846406,3.7492107571402973,0.6298074069106222,0.32859859984184586,0.4330959245188769,3.801741531358491,0.5436442951534416
138.3000000000315,-22.3591354385804,-57.66965339007465,3.0047386431320993,0.35567260571028686,0.14873114043798338,0.3596422155520749,3.0257160005499646,0.38918308717516004
138.4000000000314,-22.643335584406653,-57.88822782224721,2.436464078121646,0.13668934344436273,0.01379613840785382,0.3006497159115485,2.440295306021059,0.3009660863164876
138.50000000003155,-23.085035519901783,-57.64466329214773,1.7550861007582608,0.3942610592634027,-0.14418767986719036,0.3532926811447185,1.7988243393745638,0.38158328786243656
138.60000000003146,-23.428476745407128,-57.443800560879424,1.224447894507847,0.5886413601366135,-0.26363610340043897,0.39009562523428387,1.3585916594871992,0.47082756062394415
138.7000000000316,-23.22102307752698,-57.64421643982964,1.2840766055504367,0.3674333640992991,-0.2437382722384247,0.32988367883742,1.3356122214083173,0.41016044045846556
138.8000000000315,-23.052249737042633,-57.45257493135331,1.3011259041014105,0.5530762558150327,-0.2341533424491391,0.3652065296744218,1.4137970020728183,0.43382438508795024
138.90000000003164,-22.389071139133463,-58.009968343621324,1.8098758137918343,-0.02254730173020414,-0.1110152063474278,0.2235619973284796,1.81001625466844,0.24960837864515104
139.00000000003155,-22.01288344347425,-58.670823589607984,1.99377043275765,-0.6573513364204895,-0.06589489559605613,0.07150117165595457,2.0993406865090836,0.09723453508805098
139.10000000003168,-21.343870051061753,-59.3130765783244,2.4553244504180864,-1.2248397166220015,0.04242920028232505,-0.06146488410298026,2.7438750861210033,0.07468714089045347
139.2000000000316,-20.74765297247543,-59.87596553628661,2.8086808830856107,-1.6693773658340658,0.12321085170401501,-0.16290456104504247,3.267339757749361,0.20425182982511259
139.30000000003173,-21.97357448440885,-60.23905007556165,1.319441355883022,-1.8802426909704741,-0.22423644433514434,-0.20792739366680957,2.297006327497231,0.30580350554750135
139.40000000003164,-22.977119627318263,-60.5780388368993,0.16704818518749653,-2.050378944354347,-0.48570098547406676,-0.24248410732770875,2.0571725527106572,0.5428664565038029
139.50000000003178,-23.455938393120963,-60.653081747112914,-0.3727049914931914,-1.9439287137168673,-0.5993562258628599,-0.21224164547442256,1.9793352052385806,0.6358257635187976
139.60000000003168,-23.863494633189468,-60.74728262678316,-0.7985053922387777,-1.8642922927703105,-0.6840139658434783,-0.18890343493662964,2.028101726816775,0.7096193438737283
139.70000000003182,-23.666312359874404,-59.89971904974655,-0.5875413767768045,-0.8522583349087951,-0.6193713825054878,0.04964295338455102,1.035156576970989,0.6213576524735975
139.80000000003173,-23.585356936336442,-59.219284325069644,-0.5072258360519822,-0.08484962147794017,-0.586455422765298,0.22606556947042764,0.5142737666103357,0.6285185793521249
139.90000000003187,-23.294284429709474,-59.0076461267756,-0.22248070889037785,0.15590061221206641,-0.5069979845518587,0.27654200712325155,0.2716664622592604,0.5775140154519225
140.00000000003178,-22.531153349802835,-58.798366255556445,0.5116784562003125,0.37511623232134117,-0.32538884909034793,0.32086755525394417,0.634450179518056,0.45698346920537963
140.1000000000319,-21.941681165507955,-58.76595374513069,1.0169772431883806,0.4005255302348158,-0.2009381654024434,0.31932245306322166,1.093006593545034,0.3772836802004734
140.20000000003182,-21.422519428635805,-58.731680945141036,1.4137294963378773,0.42511001247377256,-0.10448382410924204,0.317622248363752,1.4762620402629065,0.3343662096506404
140.30000000003196,-21.333908624014093,-58.69999476686605,1.3512439502306794,0.44450743487996486,-0.11652474451620688,0.31476114696363033,1.4224791993904788,0.3356375958119522
140.40000000003187,-21.23018566118619,-58.66570822378955,1.308892168804469,0.4642910581461099,-0.12362828140356555,0.31205561213678606,1.3887998042310135,0.3356525838256924
140.500000000032,-20.98506301970958,-59.16955073546498,1.4109355638760201,-0.054195519936736436,-0.09715573505579497,0.18486191387459516,1.4119760337170586,0.20883764999542126
140.6000000000319,-20.7462426197624,-59.58813137557314,1.4990517881651388,-0.44818908903344945,-0.07451835809589985,0.08941789631700929,1.5646180758030803,0.1163982210992427
140.70000000003205,-20.54771349543192,-60.37966979228622,1.540406503093438,-1.1835167201935257,-0.06322497177293349,-0.08279919278874788,1.9425663493817127,0.10417822892599238
140.80000000003196,-20.110964998290413,-61.157832940634854,1.816010537755622,-1.8486372725550648,0.002010231096781015,-0.2347860656546769,2.5914000151885643,0.2347946712654798
140.9000000000321,-18.90749364483924,-61.90398878207725,2.834109494275805,-2.4300621762203614,0.23754243785093404,-0.36388970001015797,3.7332798992094203,0.43455968928749894
141.000000000032,-17.19786600075095,-62.30108856889855,4.277367098142133,-2.618134816269271,0.5660024414729596,-0.3989879042232706,5.015027338752021,0.6924955678340684
141.10000000003214,-16.502530347925433,-62.6043727167634,4.59770961809169,-2.697356264269343,0.6270299749761776,-0.4080868050174693,5.330540736987749,0.7481319602503237
141.20000000003205,-15.832756972304816,-62.89776980394849,4.866477741183714,-2.7597021348727937,0.6747115471390178,-0.4130703124453109,5.594511728351099,0.7911148809537044
141.30000000003218,-15.286554075203677,-62.34496518612226,4.989912614266624,-1.973390608326787,0.6876610361329215,-0.2215670006997274,5.365957360159465,0.7224746614342098
141.4000000000321,-14.742280480886294,-61.91465578566001,5.100360493243253,-1.3692290466305836,0.6973058150547733,-0.07664272343948292,5.280953071479944,0.7015051723012616
141.50000000003223,-13.92407931958066,-61.73123297870439,5.473588250946298,-1.0574080364660765,0.7675322663591352,-0.0027167715883321397,5.574789690784792,0.7675370745118789
141.60000000003214,-13.152274285309442,-61.58815667449861,5.770094604557265,-0.8098138755830676,0.8183811159723138,0.05463710044219348,5.826644854341796,0.8202029405731365
141.70000000003228,-12.876115919892007,-61.886428525386556,5.548172147537729,-1.0210702002519072,0.7480937180880364,0.0044900804430693456,5.6413472267319165,0.7481071927639565
141.80000000003218,-12.76508412394443,-61.789703663724275,5.1771909363499,-0.8225826546082761,0.644941883000189,0.05031437407028018,5.242132029535879,0.6469015138998466
141.90000000003232,-12.458979859113933,-62.15566876099558,5.0276786376715785,-1.100408557722959,0.5954227529545757,-0.015136209355574914,5.146693256607495,0.5956151102596889
142.00000000003223,-11.71256844620747,-62.28009103844011,5.326954151992324,-1.1161724480467419,0.650894816475479,-0.01843359044427019,5.442635526214016,0.6511557873284354
142.10000000003237,-10.113989628088827,-62.28246620718987,6.45055216473483,-1.0091055121784633,0.8958239415023439,0.006767248713628101,6.529005832795232,0.8958495017713337
142.20000000003228,-8.678912055215795,-62.29505013738836,7.322631811705421,-0.9204783622969127,1.076886598853775,0.027118167020543423,7.380258604226347,1.0772279896908572
142.3000000000324,-7.901908950184562,-61.743880091109034,7.469523359538694,-0.27717783822924336,1.0859577860587244,0.17534449395892993,7.474664325085083,1.1000227291575748
142.40000000003232,-7.140366683745386,-61.28240598279238,7.587243760784452,0.2267783139188037,1.088069139698047,0.2878979959377209,7.5906321402915085,1.1255130869200074
142.50000000003246,-6.609653714492426,-61.763288948914905,7.463504143279412,-0.24747400967051592,1.0342600141133396,0.17149868174849847,7.467605873518725,1.0483823608947254
142.60000000003237,-6.05764838864408,-62.17278103965561,7.368187391089154,-0.6144311325919287,0.9882727713891643,0.08261986170857581,7.393761630381615,0.9917202792208918
142.7000000000325,-5.699536800637596,-62.703135010861814,7.084853769906725,-1.0736732761514498,0.8998442592934619,-0.025556288107487835,7.165746803012462,0.9002070955314849
142.8000000000324,-5.274657359608114,-63.30745556633742,6.88785018098537,-1.5711278854333313,0.8334378758721844,-0.14007135407308227,7.064766305270571,0.8451264267375653
142.90000000003255,-4.933368177439753,-63.58206528549488,6.620894534537436,-1.7014787100262592,0.7523818131620534,-0.1669922122027317,6.836027665109345,0.7706911130364624
143.00000000003246,-4.869583414927994,-64.3483862300624,6.096400659722568,-2.311207589926196,0.6136093390216679,-0.3042138133032344,6.5197991938094395,0.6848813511398185
143.1000000000326,-4.511108554261849,-64.9025371665229,5.904514143994331,-2.6618914117304717,0.5550102116352305,-0.3783195923498238,6.476801152148609,0.6716859749727697
143.2000000000325,-4.1326208347423785,-65.41639023747301,5.746109079633652,-2.944542708058317,0.5055143135613884,-0.43496853211961717,6.456632350895295,0.6668900547689524
143.30000000003264,-3.551417832151921,-65.25204733494006,5.800709273653977,-2.5288549877187974,0.5064511599519903,-0.3287174509786255,6.327980374998448,0.6037780552443104
143.40000000003255,-2.985543995089511,-65.16037740791916,5.834689912437071,-2.2168701240578823,0.502595153408168,-0.2489208079079756,6.241643975847655,0.5608595696241077
143.50000000003268,-3.6117018938872283,-65.7073301829195,4.677509695977031,-2.5645269548739944,0.22320472022314464,-0.3236055983379951,5.334406757853625,0.39311694240465406
143.6000000000326,-4.071348874982909,-66.2092127662654,3.7749165538862193,-2.839753981681873,0.009188228550820826,-0.37980266194861406,4.723790603454207,0.379913787019049
143.70000000003273,-4.0567774645792385,-66.60814210283844,3.4142766104692526,-2.9903507967471024,-0.07447313993829399,-0.4058610941369969,4.53866529504032,0.4126372211838735
143.80000000003264,-3.715615691447992,-66.22347291684635,3.4069353613863314,-2.3478623018379334,-0.07444859749478781,-0.24780392194603615,4.137591805030595,0.25874577755159234
143.90000000003278,-3.7211543613829727,-65.36490549200742,3.054971628156106,-1.2822943581927706,-0.15416709173270654,0.004492640648015994,3.313175285114233,0.15423253869826872
144.00000000003268,-3.1517376906561476,-65.20171222547344,3.303218912077823,-0.9915747742327237,-0.09315767212694903,0.07165851922593143,3.4488368639301097,0.11752997597959987
144.10000000003282,-2.86614078535209,-65.03129454988958,3.2498155646125024,-0.7162359639740647,-0.10335913214225631,0.1337112718600305,3.327806358562279,0.1690024095083481
144.20000000003273,-2.5726639296148996,-64.90346901246703,3.2086119035135128,-0.5048550411311599,-0.11050164470485602,0.17952891486648304,3.248086969267318,0.21081092181292493
144.30000000003287,-1.5671743103160618,-64.32487046708111,3.8800858522655997,0.13884843053070656,0.04742814891562419,0.32432183583503504,3.882569395080081,0.32777138756909524
144.40000000003278,-0.6629530302358987,-63.84283189760755,4.398803499800341,0.6360037293320896,0.16635719138153823,0.4318544845065863,4.444544180630906,0.4627883003197068
144.5000000000329,0.9582246167793276,-63.641019377041886,5.591327414931124,0.8147145010461845,0.43844688977628765,0.4632137960952774,5.6503718443280615,0.6378108622840296
144.60000000003282,2.3992137268966967,-63.46000960975663,6.511425295643253,0.9578811446414457,0.6412038078821052,0.4856228982179425,6.581504058192355,0.8043456486586509
144.70000000003296,3.2082606758061694,-62.84759983576905,6.729644225818267,1.5186431678606795,0.6768607929327339,0.6041411990673979,6.898868637492604,0.9072635347131078
144.80000000003287,3.9755421640697577,-62.31862581451559,6.887910470417953,1.9516957371128743,0.6978202089237752,0.6903663041736695,7.159080031593294,0.9816102474611972
144.900000000033,4.278177555448843,-61.70846944196246,6.569558601973527,2.430671587075018,0.6080096017195008,0.7852224639567486,7.004802965749868,0.9931012001228341
145.0000000000329,4.77391572437873,-61.57509028854103,6.466738740611348,2.3960202603869103,0.5701492505959443,0.7590351414956763,6.896348528569898,0.9493179203936257
145.10000000003305,5.356809856247837,-61.51296639540022,6.457381540335146,2.291353362409037,0.5547913520933625,0.7172528112178377,6.851866649963665,0.9067772822239607
145.20000000003296,5.943729624567735,-61.43355166861282,6.451507160512248,2.2103662252240284,0.5405947137926526,0.6819165641325808,6.819652739821283,0.8702027608660778
145.3000000000331,7.173909722308798,-61.32337337183702,7.085635039733892,2.1647330526998134,0.6748172008250352,0.6555785470651577,7.4089333311722925,0.9408302109846383
145.400000000033,8.309333094375251,-61.20657938598426,7.57496045423665,2.127732917082702,0.7724279464517816,0.6318475726832137,7.868117516260569,0.9979360137630996
145.50000000003314,9.565464443885174,-61.439498007128634,8.145057905115042,1.7438069668109977,0.8864699746173396,0.5283902729346281,8.329635707230876,1.0320006281151177
145.60000000003305,10.742991981620973,-61.62383125052992,8.590903851293264,1.436691278513559,0.9691225214788568,0.44510006699951077,8.710207277207722,1.0664485600724052
145.7000000000332,11.714809764642682,-61.80178325974778,8.795279571614106,1.1586103796242937,0.9939885782547264,0.37045550257085974,8.871263763107574,1.0607782864886897
145.8000000000331,12.405823451039574,-62.322881532947946,8.701944460667235,0.5593213656460387,0.9493917129979677,0.22321354517133474,8.719901248672793,0.9752788890656717
145.90000000003323,12.235221114864258,-62.453535019420215,7.755394040215851,0.39466885225730464,0.7084006137875178,0.1799495142034385,7.765429815661052,0.7308989377996014
146.00000000003314,11.894594438903699,-62.523201997845696,6.710867743610187,0.3030568533818372,0.45031511129001894,0.1545874754062196,6.717707148172611,0.4761102676992071
146.10000000003328,11.638387178387013,-63.193575486510326,5.829958004707991,-0.3802165942030933,0.23606083413097798,-0.007092719087038207,5.842343279469821,0.23616736454188741
146.2000000000332,11.506306663657094,-63.76968330332676,5.140084790236928,-0.9168902409692979,0.07096829588304943,-0.13110993909340551,5.221222018341084,0.14908492596376252
146.30000000003332,11.92773499728055,-62.82718091887847,5.054606993085961,0.10083305162473444,0.049547379885816714,0.10741562062012128,5.05561263932013,0.11829225843965976
146.40000000003323,12.351211501884823,-62.048470505935384,4.977648657969727,0.8766863351909884,0.03059344920462435,0.284455426149117,5.054262072004026,0.2860958730913672
146.50000000003337,13.371551122615728,-60.740911467680284,5.501104073513518,2.11887533324629,0.15100830699830003,0.5653044829258091,5.895063927173869,0.5851261976689381
146.60000000003328,14.30820696054406,-59.615634376605804,5.900499371391295,3.0824380623718044,0.2399305072768319,0.7751833987676336,6.6571252985164335,0.8114653104397366
146.7000000000334,14.31507398111399,-58.63683207997445,5.3423758261604695,3.8240538800472708,0.10523408837858172,0.9288494386639057,6.569959478219659,0.9347916843142775
146.80000000003332,14.534290124167628,-58.22216197230145,5.038575176907903,3.944452196601091,0.03250239632188702,0.9352157797002828,6.398901698309147,0.9357804017861632
146.90000000003346,14.323625631308255,-58.48541801241322,4.329912119610055,3.3781648377355147,-0.13222778372842814,0.7825420686845702,5.49182452691805,0.7936348505773033
147.00000000003337,14.133699379619076,-58.898004482576304,3.6968458470673675,2.705028277694407,-0.27565385940074283,0.6086771656761298,4.5808129409642575,0.6681863080145023
147.1000000000335,14.440548624846903,-60.05292623320394,3.6080616938620858,1.3429669872534142,-0.2898193183092116,0.27942449890597737,3.849892143368104,0.40258326822419316
147.2000000000334,14.752000443903121,-61.00313491293471,3.5313602633515964,0.28921757839542606,-0.3008611707978405,0.029130965382994256,3.5431838954860315,0.3022681876049687
147.30000000003355,14.701894264388283,-61.2266313453462,3.1010940054248275,0.04054615901642339,-0.3934591696532568,-0.029083374458169726,3.1013590603947785,0.3945325852880905
147.40000000003346,14.709735595090216,-61.42015334608206,2.762611745998684,-0.1590278286715025,-0.46267656419505926,-0.07458999459547919,2.7671851238075615,0.4686504778073937
147.5000000000336,15.612841444433018,-61.32128315737745,3.343062554760974,-0.051787390756143914,-0.3176596835503901,-0.048049601190950156,3.34346365000224,0.3212731528278442
147.6000000000335,16.42498878187411,-61.24473636969741,3.7888669549710645,0.025055597424019,-0.2071542987799723,-0.029157017947912988,3.7889497998038957,0.20919616439752653
147.70000000003364,16.853951469291236,-61.01399921329353,3.8190651000435047,0.24963173246203624,-0.19537336646032236,0.02348249785133805,3.827214945652034,0.19677952136179594
147.80000000003355,17.336123812474202,-60.20832916950238,3.9003778896874137,1.0295426649600325,-0.17203757608601733,0.2034033411282457,4.033968986164302,0.2664016643485654
147.90000000003369,17.32124408369138,-60.16053081839347,3.48068355506406,0.9939278803825765,-0.26517018859109115,0.19045584202079008,3.6198136197731485,0.326479182609371
148.0000000000336,17.344259793567563,-59.47656022421404,3.1316950086363895,1.594335953838049,-0.3397871300452535,0.32497776757294305,3.5141742644352107,0.4701763957932
148.10000000003373,17.709398630026715,-59.53294713876481,3.151176465424934,1.4102314874210216,-0.3274169391336494,0.2748580034509984,3.452342098396636,0.42749125615937095
148.20000000003364,18.069333038725443,-59.54928146113324,3.1647084912084877,1.2796010171189298,-0.316709626585698,0.23827135470470173,3.4136137153080024,0.39633095519384565
148.30000000003378,18.216422794997975,-59.76222465227318,2.965890627352227,0.9626599923749539,-0.35538588006752136,0.15942074097180797,3.118208055010944,0.38950493758534943
148.40000000003369,18.39082634570384,-59.920691923595285,2.810410347122349,0.7240625242361753,-0.38313928296174404,0.1005226352568705,2.902184153050186,0.3961066906117911
148.50000000003382,18.71145933776795,-60.0745795725808,2.8134431245532445,0.5081976882019557,-0.37357203606766287,0.048247499158933414,2.8589730858106615,0.3766747765736783
148.60000000003373,19.031191328524162,-60.19344674038998,2.8161853665288277,0.34375316913439624,-0.3642933936835626,0.009080149318901075,2.837087636986395,0.3644065391745059
148.70000000003387,19.04797734946031,-60.29504239156699,2.517764817136558,0.20917222562040666,-0.4249157466933268,-0.02227074778593676,2.526438737508131,0.4254989753159134
148.80000000003378,19.658344334291396,-60.429994775372286,2.834589633233694,0.05179085876350517,-0.3417732432434885,-0.05817202197178823,2.8350627297975945,0.3466885258231933
148.9000000000339,20.655985748809307,-60.66510745397207,3.5135277213096363,-0.19309663208115604,-0.17676490474507095,-0.11349068488117145,3.5188298279019365,0.2100618173403519
149.00000000003382,21.655761541973163,-60.972134887606266,4.142640356058937,-0.4904825776055227,-0.02710385822134645,-0.17967698377234304,4.171575515148045,0.1817097620602968
149.10000000003396,22.755994412003762,-61.35506739155691,4.823373919409517,-0.8401449676333758,0.13103877696612906,-0.25642808044796706,4.895996275844132,0.2879696538022852
149.20000000003387,23.761877252845682,-61.68849315423394,5.357340518551786,-1.1129547678797338,0.2515616134621466,-0.3136202459875558,5.471724202393881,0.4020458979531733
149.300000000034,25.0950931983764,-61.33609356675385,6.175633366099405,-0.6808577085789649,0.43508613770671434,-0.20638008252109535,6.213051962748394,0.48155237065760575
149.4000000000339,26.31822682685515,-61.05432093535021,6.820197146773079,-0.3519660091601048,0.5741647674936117,-0.1255021274023106,6.829272962216091,0.587720991809463
149.50000000003405,26.62178579761018,-60.296911970897554,6.497760688320069,0.4256410524905704,0.48627029680685496,0.05733298839026943,6.511686745248344,0.4896385126952184
149.60000000003396,26.979424440567808,-59.66297926761002,6.252961146065139,1.0201643341541513,0.41837409057648756,0.19357356754613583,6.3356340142783205,0.4609854723505302
149.7000000000341,27.479688936045807,-59.23187748270745,6.168167993340612,1.3663668823195079,0.38907294487208055,0.26920253453108867,6.3176937921342065,0.4731255235446456
149.800000000034,28.008629681543237,-58.73708735038104,6.117602156387604,1.7487110282234093,0.36836968632167566,0.351444349721339,6.362628890959179,0.509126071569493
149.90000000003414,29.002803015944878,-57.81114597614464,6.53353471088536,2.5302630133831263,0.4560889133472298,0.5241561822766977,7.006376148569138,0.6948070237822439
150.00000000003405,30.220258180730976,-57.445208728930076,7.13878636086977,2.6925411408490048,0.5855850932806075,0.5495773550594363,7.629682070788056,0.803084784233012
150.1000000000342,31.493876627253776,-56.00303442747578,7.7519976887505315,3.9131337743108436,0.7139266470338562,0.8192945347233435,8.683667664186936,1.0867082368200511
150.2000000000341,32.68218314201342,-54.74722667779553,8.231339465110155,4.852124890722896,0.8083223141808062,1.017610709823742,9.555002111200846,1.2995832102449594
150.30000000003423,33.05892905751063,-54.81197019634054,7.863488617801968,4.400994112128592,0.7045011822215663,0.8896766280726707,9.01128195193623,1.1348332116616704
150.40000000003414,33.500065543127285,-54.805885005226614,7.58655609119945,4.053199332751104,0.6241200376705471,0.7886138216177663,8.601410242275941,1.005702531103737
150.50000000003428,33.67022378897046,-54.62966376399708,7.059644160258216,3.899922585046021,0.48775590696658144,0.7348991964036902,8.065232286724294,0.8820332497449187
150.6000000000342,33.92752284105989,-54.431860038121556,6.659064786753616,3.7783089449348797,0.3837793068966258,0.6897540296187454,7.656289069618316,0.789333375562792
150.70000000003432,34.04898355166833,-54.37032359623736,6.153196609629735,3.52878094575523,0.25784577016059185,0.616055275841191,7.093244918927024,0.6678387111282744
150.80000000003423,34.170675841864906,-54.257811082577184,5.685983651326623,3.3478845897437988,0.1437706810904821,0.5599425734664752,6.598389296593347,0.5781052623194847
150.90000000003437,33.85807589021488,-54.30523396721973,4.821863227949939,3.0203606905684004,-0.05950554730733798,0.47120000432374387,5.68972263736877,0.4749424746588181
151.00000000003428,33.590078642908814,-54.37815361773731,4.0689343521407535,2.69163201679639,-0.2323494509899348,0.3842320827519026,4.878638096423478,0.44902178208989935
151.1000000000344,34.0332570654967,-54.24547671737815,4.0830009400514715,2.5921844453128293,-0.22371821980582723,0.3523300541322998,4.836353675547621,0.4173563332668593
151.20000000003432,34.46561099790724,-54.10437065219548,4.085703940198943,2.5080082387562173,-0.2179161369093606,0.3246998622644371,4.794067376729934,0.39104659988298535
151.30000000003446,34.96176363815358,-54.326323031296475,4.1522403238981065,2.067940942495796,-0.19747785183124733,0.21535908725683273,4.638693722273099,0.2921934948419971
151.40000000003437,35.442134202981165,-54.48993821254114,4.198370022765306,1.7194312364334952,-0.18223440876638367,0.1297339401866473,4.536822084331451,0.22369683720335873
151.5000000000345,35.915907719298,-53.86417418156938,4.234781593279068,2.183819669669157,-0.16959237032967667,0.2341872226415519,4.764708122478134,0.2891456852913458
151.6000000000344,36.3874302495999,-53.31529057407751,4.2665251065632885,2.535292099781128,-0.15832300246803774,0.31009582919937273,4.962957033477872,0.34817466363499344
151.70000000003455,36.93213896996697,-52.17703441917994,4.369079792551694,3.4460535867892266,-0.13092934422027327,0.5136623171200098,5.564543427515544,0.5300862846811341
151.80000000003446,37.38260653882587,-51.049878419720365,4.370145978029776,4.274377726526439,-0.1276530542836226,0.6934432211042845,6.112976428738717,0.7050948894747593
151.9000000000346,38.30888424677836,-50.07138558608511,4.845382430511096,4.889186593782118,-0.014733942093991995,0.8196586930168258,6.883449458427395,0.8197911088122878
152.0000000000345,39.08926016354748,-49.13651764970618,5.138672968438882,5.411290146947705,0.053471716969669486,0.9215024993096471,7.46244068190949,0.9230525882904022
152.10000000003464,39.59467911089403,-48.249996600780825,5.135338227655118,5.842903509289227,0.051462802383722986,1.000051137000458,7.778895816970451,1.001374403829604
152.20000000003455,40.1042953668044,-47.42198048994385,5.136325815339311,6.180708456922373,0.050500519229049246,1.055075828390062,8.036354889549912,1.0562837242404994
152.3000000000347,40.142133619872794,-46.91909138270081,4.667174932010841,6.166226000772864,-0.05922520970569717,1.027311238499604,7.7333605204075235,1.0290170096807312
152.4000000000346,40.25382475211707,-46.40538021147981,4.3078976606677015,6.161328101133829,-0.14098824447624708,1.0024068737483887,7.517974875231205,1.0122732959129723
152.50000000003473,40.74730966275038,-46.310901940789876,4.356953084950232,5.736944391154939,-0.1263749329829463,0.8810136200930008,7.203858072703921,0.890031248033359
152.60000000003464,41.233896490122916,-46.15064678996405,4.395639200614108,5.408821609527326,-0.11449912256947462,0.7847031867603608,6.969719878565078,0.793012698751442
152.70000000003478,41.67051818835026,-46.209312152884166,4.381828750869845,4.886160878060239,-0.11504532920303157,0.6456069982905923,6.56315406860421,0.655777267075661
152.8000000000347,41.93348556925309,-46.0834399695088,4.196361126935006,4.586168713284175,-0.15529878623004598,0.5612528230234259,6.216300360693477,0.5823422055426608
152.90000000003482,41.60443578999152,-45.70731330724722,3.4358219070351543,4.55732826381943,-0.3276870861212362,0.5415925352433586,5.707373571185796,0.6330097160723167
153.00000000003473,41.25182159365713,-45.57850320359943,2.7111884306146217,4.28313499168878,-0.48777822118363956,0.4656147849971244,5.069101307266153,0.6743327969697114
153.10000000003487,40.50263201757274,-45.34918100154861,1.648487921344113,4.129157725250439,-0.7223905925663932,0.41921196641912256,4.446060722348809,0.835216643163564
153.20000000003478,39.9066358016637,-45.104101286549835,0.8219520167086254,4.001805724965713,-0.8969279353670725,0.3800437076892124,4.08534627395766,0.9741216253610239
153.3000000000349,40.30743560314376,-44.606654677851346,1.054095667691863,4.134806127587473,-0.8224579462811161,0.40202491452811207,4.267052775556176,0.9154567741309728
153.40000000003482,40.66250798881138,-44.138712886135735,1.2246409557968456,4.227256291792151,-0.7639644179914876,0.4141145447917103,4.401072735948741,0.868983594876864
153.50000000003496,41.15857612085189,-44.265064525523506,1.524204892332214,3.719657008779289,-0.676970649112749,0.2870785166312357,4.019831938871368,0.7353253256017552
153.60000000003487,41.61182556084165,-44.323750118242636,1.7595420269184727,3.3179536123739144,-0.6068513263526627,0.18748531799910864,3.755636340003845,0.6351529554061862
153.700000000035,42.78155796407337,-45.06347160599678,2.691804160430684,2.2684063646161388,-0.377092474202695,-0.05970848617958277,3.5201529900194606,0.38179030556336496
153.8000000000349,44.502851406603845,-45.49555706818907,4.102455448743518,1.6063618216377278,-0.041955185914998416,-0.2115178964888464,4.4057393262584945,0.2156387213842366
153.90000000003505,45.63215550179019,-45.1342818434691,4.814739256859519,1.786124575073663,0.12383153137180386,-0.165028121680858,5.1353631915597,0.2063214218335026
154.00000000003496,46.27581758371214,-45.102392207180216,4.988064916562531,1.6242898079758195,0.16107214507949166,-0.19865659751616105,5.245865895363329,0.25575120656060807
154.1000000000351,46.78312294847556,-45.03123383797265,5.011835811466403,1.51449687455702,0.16284545013912724,-0.2194649403951453,5.235666049715173,0.27328282180492
154.200000000035,47.29690433584274,-44.95592035452121,5.039858244023008,1.4178024682879273,0.1655614892082885,-0.23676091884232522,5.235488034455815,0.2889054160100297
154.30000000003514,47.13788118385857,-43.95346495682083,4.395151670018941,2.2526434299151434,0.012551385481169464,-0.03810797976805169,4.938801537297297,0.040121757183592406
154.40000000003505,47.08364324621352,-43.0862995068863,3.9045057431230057,2.8884345357475723,-0.10126999055853657,0.1098900099160404,4.85677044602479,0.1494370277644518
154.5000000000352,47.07780742436564,-42.43761456513225,3.500133355127562,3.257322401708896,-0.1924947424827968,0.1927045109521952,4.781326461595269,0.27237704459965595
154.6000000000351,47.132154005171465,-41.8494293798295,3.1873223307298564,3.5370683368395697,-0.26042218142866075,0.2529761389283607,4.761289327424059,0.36306561314335944
154.70000000003523,48.59727403407323,-41.17094968256891,4.304519793310858,3.884619514949443,0.00411295123204608,0.32754264567046504,5.7982031205306175,0.3275684678058085
154.80000000003514,49.97467259821465,-40.3714865758435,5.248185354662363,4.325149893942265,0.22237330088286322,0.42189828285162606,6.800762539742238,0.47691513502791155
154.90000000003528,51.133816377025866,-39.61483326981397,5.901180744502206,4.688119864292595,0.3683249065055234,0.4961238532782902,7.53673682977311,0.6179013793025558
155.0000000000352,52.08015792546278,-39.06206838862715,6.291020950953305,4.8188886122176795,0.4500076406723612,0.5149026881174806,7.924558792910471,0.6838359853752305
155.10000000003532,52.42109440725382,-38.08341088432457,6.046732164978873,5.362656747785479,0.3830687032054807,0.6288112525103675,8.082144348473319,0.7363051151928702
155.20000000003523,52.80617123113387,-37.18651828950169,5.864386222193609,5.781634578823851,0.3320116745079223,0.7112087505099506,8.235188168226994,0.7848882970279782
155.30000000003537,52.06051405052998,-36.88092478569571,4.569003234666594,5.57770014865264,0.024589537563345087,0.647563486194142,7.2101684797703225,0.6480301798600817
155.40000000003528,51.51219420272167,-36.54092975889779,3.57001733855932,5.422300680172879,-0.20713557719414108,0.5966214577950886,6.492023449111797,0.6315554696470348
155.5000000000354,51.537389981234256,-36.7296333078105,3.2198160819640718,4.750891901175801,-0.28337599606851055,0.42745837910654017,5.739180207863513,0.5128573105808389
155.60000000003532,51.60979644125329,-36.814788077923474,2.9442824604722273,4.233437148881383,-0.34057487880947634,0.2978331220889784,5.156625766969456,0.45243321793316393
155.70000000003546,51.743459763514096,-36.847803813382036,2.7517796943890147,3.8071471764384173,-0.37723765687379046,0.1923019645437859,4.697516483155191,0.423424485984251
155.80000000003537,52.11479828531006,-36.50928370151478,2.81172248811718,3.7833885973275816,-0.35463851455295253,0.18235475781294017,4.713789624980333,0.39877529224030517
155.9000000000355,51.95171477308584,-36.5111424863253,2.3354918168729615,3.42199242593827,-0.4566278971043622,0.09451149113863044,4.14301269487066,0.4663061852165371
156.0000000000354,51.71735115145742,-36.02027072346442,1.826004866046688,3.5790688849666585,-0.5639525360762415,0.12867062819516578,4.017963147437102,0.5784449788069416
156.10000000003555,52.07724066033753,-34.863047512961636,1.9490200164165794,4.387512021575096,-0.522438621000397,0.31275960426025334,4.800931239234579,0.6089012093680113
156.20000000003546,52.41102751872398,-33.826093635584215,2.0377245421556034,5.013113361594156,-0.4898244622163754,0.450281023246269,5.411434826910246,0.6653427715706156
156.3000000000356,51.92887162050732,-32.78161253074464,1.307913091305463,5.596962389004005,-0.6473620233204631,0.574959222665948,5.747749528148702,0.8658265975160355
156.4000000000355,51.550631341299734,-31.81791707774164,0.7393433557410573,6.054027348918336,-0.7639444625060414,0.6674158178694354,6.099006127159541,1.0144234893455355
156.50000000003564,52.28961411966565,-31.10332402191374,1.3292235042501395,6.226211721220419,-0.6097746577966585,0.6918143084461201,6.366517691934387,0.922188793394181
156.60000000003555,52.93144439465963,-30.41054620219992,1.7782176977944708,6.361832104869504,-0.49177191276679827,0.7071876702094532,6.605676794341198,0.861367526136544
156.7000000000357,54.34164815923293,-30.181618641265764,2.959093202629496,6.023352149271138,-0.20714904791002392,0.6125028545947995,6.710961458388606,0.6465836952296334
156.8000000000356,55.534637193014014,-30.127600570695886,3.8330112682054116,5.5353607787828105,-0.00013921830998142593,0.4854133940304615,6.732918708366878,0.4854134139946175
156.90000000003573,55.91381723016827,-30.322735852089192,3.828892929835337,4.835716114310356,-0.0010889424946527787,0.31229004367161717,6.168028161928565,0.31229194221461626
157.00000000003564,56.25348452705443,-30.429556820653108,3.7857350585778953,4.2772864203370204,-0.011050079284885779,0.17584845174639768,5.712002193219577,0.17619529571985573
157.10000000003578,57.15517541801967,-30.535326878819923,4.305774057638108,3.7625654007152844,0.10953784409509873,0.05267777727258792,5.7180930938634695,0.12154623608891613
157.2000000000357,57.98142626889286,-30.56951028442979,4.71032147771255,3.3587223669525583,0.20061178631437682,-0.04198669651641471,5.785165888863303,0.20495846284700395
157.30000000003582,57.95115839539798,-30.553382332678183,4.230027281898641,3.036228356546626,0.08483416103759295,-0.11563730680524521,5.206900559709647,0.1434183447266167
157.40000000003573,57.99918847576737,-30.495639530046535,3.864569499642401,2.780313949768651,-0.001692388192077121,-0.17217780273716013,4.760781771604793,0.17218612003639872
157.50000000003587,57.85193900559654,-29.636974645065848,3.3327717436183786,3.3423357744691997,-0.12470633067170135,-0.038147093055020426,4.720018636018052,0.13041038922627335
157.60000000003578,57.791165430209524,-28.871816308413095,2.9283994265128035,3.767964887567427,-0.21538877086780306,0.061222252188455575,4.772115107071657,0.2239207153859817
157.7000000000359,57.776134961760384,-28.50618983158754,2.601256689459873,3.762655488845682,-0.2861026893932521,0.058577079696072225,4.574288217001666,0.2920377084278188
157.80000000003582,57.82892311583495,-28.11425217745528,2.3675378339713444,3.7838327829569023,-0.3335629272309439,0.06212189083288689,4.463476887434851,0.3392983285304086
157.90000000003596,57.836277134497166,-27.861283457983966,2.107332633373762,3.664807309498921,-0.3860536751907378,0.033143049183955414,4.227489023455734,0.38747374341687435
158.00000000003587,58.071633949636166,-27.361671168733377,2.0951781222433215,3.800571875649784,-0.3799331906399143,0.06379081974059907,4.339829253082104,0.38525121418757796
158.100000000036,58.719281630802286,-26.007349050804628,2.4955081011624163,4.777120408807969,-0.2785092165290626,0.2882790952961292,5.389660479400986,0.40083939486580783
158.2000000000359,59.30788489567145,-24.801127247011333,2.806782087531209,5.530197441182898,-0.20003883621889942,0.45586367184789334,6.201702139360767,0.49782248172059834
158.30000000003605,60.83114381940158,-24.78250966223448,4.025537064814201,5.041183340404975,0.08659855498555116,0.3321620473351311,6.451238495961035,0.34326510952243805
158.40000000003596,62.17659352984127,-24.686837941382286,4.9730054832142185,4.665882334115483,0.30383020983232584,0.2376349272270109,6.819181878487304,0.38572419556587567
158.5000000000361,62.14775101475984,-24.30634648884164,4.4777723268312375,4.6026993231874,0.18220746741653837,0.2175163070763502,6.42147070931616,0.2837479603917568
158.600000000036,62.20194835432715,-23.90965530849537,4.103031801775859,4.560035367385716,0.09127984837209702,0.20261113363811556,6.134231208406855,0.22222349604160976
158.70000000003614,62.35106616901568,-23.784274991374,3.851532551138084,4.249946141996305,0.030973106510482747,0.12617110784119673,5.735533558645221,0.12991721125695627
158.80000000003605,62.60807016460044,-23.594859105178873,3.726823242500946,4.027269583916011,0.0013998319309041253,0.07172631996621519,5.487085909877875,0.07173997843135067
158.9000000000362,62.883908593271926,-22.657260647246474,3.6304878752281606,4.566882483010122,-0.02092367561024351,0.19492809389463028,5.834111571250878,0.19604785637807035
159.0000000000361,63.58062076568379,-22.276994178668463,3.9608693085181637,4.509278980764518,0.05600769975860964,0.1770887174542312,6.0018399350137495,0.18573442406251753
159.10000000003623,64.38614948139376,-22.217066711717447,4.374045279362154,4.136621535216904,0.1503168473929854,0.08676154698198099,6.020291507188882,0.17355898318690552
159.20000000003614,65.13618291238625,-22.103244851784844,4.699744962747509,3.846187916697927,0.22220256096726748,0.017550300318447065,6.07295349936287,0.22289457405168012
159.30000000003628,65.28689881473966,-21.140763453485306,4.402837861569604,4.4234774504578045,0.14835942971866187,0.1507236836969074,6.2411644738766086,0.21149030524733742
159.4000000000362,65.4890235763226,-20.267949356690533,4.179699332911125,4.866596319169079,0.09329432877435623,0.24976970148480862,6.415110774358284,0.26662470920990816
159.50000000003632,64.85249360383709,-19.734940003246955,3.1381530741769303,4.936499281406671,-0.149868627496,0.26016516227714254,5.849532449033401,0.3002440959789663
159.60000000003623,64.36754154192295,-19.211603151635888,2.3282425407355176,4.990791826755235,-0.3338066434931757,0.266707974988003,5.507151385834371,0.42727042860743514
159.70000000003637,64.10733591368869,-19.01558377071091,1.8054063039903643,4.714249583299226,-0.447062154964987,0.19654726996186997,5.048132432506607,0.4883599079893867
159.80000000003628,63.68129888983065,-18.58131115777231,1.158701113199538,4.695917099274082,-0.586359173320979,0.18775737920110086,4.836757764555153,0.6156865384123059
159.9000000000364,63.08135007929137,-17.968971299725588,0.3899423259800865,4.85595232540348,-0.7506750650437938,0.22044352374549417,4.871583726487951,0.78237356834177
160.00000000003632,62.66583814606529,-18.04623384792553,-0.13413015414209223,4.316223463008865,-0.8545706805162115,0.09045437588797883,4.318307061902664,0.8593445421454801
160.10000000003646,62.27748801018338,-18.088758932071617,-0.5888142197025596,3.852509482766274,-0.9400064070876224,-0.01893779919243775,3.8972466563110935,0.9401971525185736
160.20000000003637,61.946010672782094,-18.069842290132353,-0.9496719638875503,3.48579619825738,-1.0017546830264286,-0.10335367249621423,3.6128454125217755,1.0070722052483798
160.3000000000365,61.469642869793944,-18.242801643386116,-1.4247797868891037,2.956458916400941,-1.0885105767041752,-0.2234459354281159,3.281866353996516,1.111208064070902
160.4000000000364,61.05320093028867,-18.34426589286954,-1.8011110470697527,2.5396568940753648,-1.150403032020586,-0.31471975141915803,3.113496128711457,1.1926758394532413
160.50000000003655,61.16509582999414,-17.42834226822788,-1.6195479025711472,3.169143575638669,-1.081771725997824,-0.16178000581476223,3.558989521161091,1.0938020101689956
160.60000000003646,61.23954850164159,-16.61910229926214,-1.4868464097237222,3.6441879323275272,-1.0260346213524787,-0.04811567659542011,3.935837640481363,1.027162189017956
160.7000000000366,61.32729924280026,-15.66429815369481,-1.3488209993533242,4.227712113285914,-0.9703553164931699,0.08801979694861879,4.437664678760773,0.9743392247577001
160.8000000000365,61.40008487958141,-14.471374008197927,-1.2341610729302657,5.003242327480035,-0.9213709372513714,0.26543364869626385,5.153211361997897,0.9588427534646555
160.90000000003664,61.70579120479968,-13.355400902719568,-0.8942506868386586,5.64172533316837,-0.8213991296627081,0.4070308454991445,5.712158000775641,0.9167173170603917
161.00000000003655,62.29255102600506,-12.145763562160294,-0.29873658066925024,6.323363139513514,-0.6645962309594218,0.5553372369896816,6.330415858281995,0.8660759764551854
161.1000000000367,62.086054918048994,-11.380312282403809,-0.5378236949914246,6.508729749521226,-0.7045406424965525,0.5853793710955029,6.530912438487969,0.9159948280605199
161.2000000000366,61.9222673991879,-10.634544688219092,-0.714347314287394,6.65887879948459,-0.7290841606131282,0.6065773388537864,6.697085855180218,0.9484196229875734
161.30000000003673,62.192884581179065,-9.257656153793224,-0.442898855129517,7.424759120109432,-0.6494031512808942,0.7697593501887358,7.437957205276407,1.0071017377090266
161.40000000003664,62.42816121369272,-7.991591018977464,-0.22612226034241967,8.01946016123373,-0.584216452993799,0.8895561713930654,8.022647477873955,1.0642457639155274
161.50000000003678,62.59189264970739,-7.49020601532097,-0.09601304500447949,7.804589672165092,-0.5405921482480472,0.8192536087138028,7.805180232107203,0.9815377456511937
161.6000000000367,62.745119709831414,-6.950970511286788,0.014817209399481779,7.642146541550998,-0.5024382437324432,0.7627089904651778,7.64216090593716,0.9133286335713737
161.70000000003682,62.85634056500527,-6.821400310985876,0.07638945025260037,7.082435095168268,-0.47656503608666917,0.6155485332533773,7.082847042353876,0.7784691582912405
161.80000000003673,62.85484757858991,-5.80925952112909,0.022010010386675723,7.443643043103035,-0.4781206616170516,0.6848854994829799,7.44367558358728,0.8352649366920523
161.90000000003687,62.92845485528791,-5.420960025409373,0.04770867203912676,7.15403629476822,-0.4611109562488886,0.6020255455872907,7.1541953722447875,0.7583258346597718
162.00000000003678,63.354199539181074,-4.780090662897719,0.42323566058385564,7.136995136969856,-0.3635477869404235,0.584152061977402,7.149533412015166,0.6880411505874704
162.1000000000369,63.05057061320608,-4.841596246197177,0.044080528807076136,6.420301708466677,-0.44286863138614685,0.4047990628081976,6.420453030803982,0.5999957549151776
162.20000000003682,62.814864653391936,-4.789965596864059,-0.23718353579564055,5.870655250250918,-0.497702973199032,0.2682492572417563,5.875444587173909,0.5653900543358632
162.30000000003696,63.585712950177474,-4.2063868678761605,0.5070107101553107,5.8926708546313415,-0.3139868904533135,0.2671364245775912,5.91444246410715,0.4122494835808047
162.40000000003687,64.25225083095447,-3.6288784450256655,1.0906247392571107,5.9063409263414455,-0.17167861186026998,0.26411826244039416,6.006190594716052,0.3150111146051868
162.500000000037,64.69532817702664,-2.5437845439047404,1.4070316551514321,6.423979797352634,-0.09449248073215545,0.3777836763033243,6.576264480340869,0.38942179573846625
162.6000000000369,65.10331022095205,-1.5397539874946393,1.6642955284439531,6.820106898936059,-0.032777520927608536,0.4607022728788499,7.020237725242199,0.4618668099288994
162.70000000003705,65.45085173823469,-0.7480447573529893,1.8415907220537724,6.973155725418305,0.009005395596178759,0.4854561354388124,7.212236626628984,0.4855396550077349
162.80000000003696,65.7695401414494,-0.4825918118236123,1.9764540959127659,6.589095412487698,0.04000316162941433,0.38535510843695114,6.8791386923158315,0.38742588005811307
162.9000000000371,65.85057554651173,-0.8615141625704689,1.8640973285361528,5.5919039729334985,0.013079204169628069,0.14569743136061253,5.894425238542353,0.14628331103304715
163.000000000037,65.32058704095874,-0.7536911367777319,1.1517197387243703,5.156130882108236,-0.15206104971558065,0.04149224732665133,5.283194491025065,0.15762033317062965
163.10000000003714,64.3670333938044,-0.08586647410030984,0.07268940782845279,5.311694816387183,-0.39822017756739314,0.07652821655687085,5.312192162605276,0.4055069392145854
163.20000000003705,63.57315184379892,0.5538550475347516,-0.7631932186303381,5.427097604607972,-0.5824212705487175,0.10146056642198209,5.480497449949678,0.5911926783429002
163.3000000000372,62.73211551602838,1.0800551507325165,-1.5802863079785512,5.420292685283561,-0.7580123940591128,0.09753826670507852,5.64596117674599,0.7642620643595094
163.4000000000371,62.00464380938224,1.60445544847949,-2.219547212918644,5.412000098118232,-0.8883917710911098,0.09336249275443065,5.849455948411499,0.8932841059795702
163.50000000003723,62.571648115551746,1.7947891805432168,-1.5180618564064479,5.07136556911608,-0.7055179530531008,0.012382477959619123,5.293700079858345,0.7056266065283096
163.60000000003714,63.02966935674907,2.035381317728031,-0.9776369503951042,4.807031264414011,-0.5641435715821314,-0.049068564713800264,4.905438164306182,0.5662735146556969
163.70000000003728,63.94804120020237,2.249017497284526,-0.01904610593476108,4.53633741822778,-0.3292807163220125,-0.11056922618418336,4.536377401205146,0.3473490232036169
163.8000000000372,64.31072656035151,2.726235625294123,0.31284209658038503,4.549324134580495,-0.2448655905128301,-0.10500574957283246,4.560068010333769,0.2664307881243258
163.90000000003732,65.10160758686406,3.790587498933587,1.0462265596338578,5.1464029577603805,-0.0695012161366303,0.03558252723222119,5.251671487986286,0.07808031306739466
164.00000000003723,65.51640628079781,4.3246960934930145,1.3485959112286008,5.169176797176864,0.0020724610715608938,0.04002883701376811,5.342199892577417,0.04008245111726511
164.10000000003737,65.89610337426689,4.440631370940027,1.5926809676833789,4.773552740159882,0.0585035402241511,-0.052441156426966104,5.0322399016649415,0.07856678118744839
164.20000000003728,66.24273030104467,4.612807511432431,1.7848722748694954,4.46457402767822,0.10162112054997594,-0.12272254468106077,4.808137922961105,0.15933510320964334
164.3000000000374,66.18384562038405,4.53233623256221,1.558076765031632,3.928027517755903,0.04679130926954141,-0.24403477872576912,4.225754771159708,0.24848017999609742
164.40000000003732,66.1629801333329,4.527572063351139,1.3865347422177428,3.5088141474696077,0.006015357324853435,-0.3353901515547556,3.77283120651583,0.33544409114436285
164.50000000003746,65.71613793790102,5.02343441157405,0.80388093738541,3.6213643431391707,-0.1289445565872372,-0.3015864536797554,3.7095153682457553,0.3279955605135692
164.60000000003737,65.35342803796125,5.495468995752885,0.3502488459028092,3.7021797971522075,-0.2309271862379263,-0.27590806917592814,3.7187107314899084,0.3597952584181101
164.7000000000375,64.37064362684131,5.920616795112173,-0.6855564023256706,3.7306800078158875,-0.4652595383099848,-0.2629291243167517,3.7931465699979046,0.5344138493736798
164.8000000000374,63.59445323493864,6.1289363514832536,-1.434655940716263,3.541587019466105,-0.6278285949383361,-0.30059956246398206,3.8211354706007574,0.6960810596301144
164.90000000003755,62.77718529372826,6.939725101752355,-2.1655014736742273,3.967883675156578,-0.782412144591369,-0.19500284559453784,4.520342629940713,0.8063466213695153
165.00000000003746,62.51619782199137,7.834452998115164,-2.2841108130079766,4.445363367144805,-0.7917529568891046,-0.08000625630320589,4.997841301207248,0.7957849871606618
165.1000000000376,62.199257426299695,8.809047071974778,-2.44752873169393,4.965763632952348,-0.8112459239597485,0.04226084330100453,5.5361724459069555,0.8123459410976448
165.2000000000375,61.90248136440849,9.706263699417171,-2.576434288867234,5.368865993545587,-0.822301999137282,0.13455713990056517,5.955059672371139,0.8332383822672781
165.30000000003764,61.75949636486146,11.146332065419939,-2.5403550859287574,6.281331163987682,-0.7949262929697831,0.3425796480724186,6.775583012131647,0.8656030421204073
165.40000000003755,61.606987055325135,12.453749057198337,-2.514755969542906,6.990532789992938,-0.7706090309340963,0.4987553949118444,7.4291013100050085,0.9179298570756138
165.5000000000377,62.00066625874471,12.515226072013334,-1.9453255880526386,6.40282019247879,-0.621016901991325,0.3512233723189907,6.691815752151764,0.7134562704343044
165.6000000000376,62.306388671776745,12.672629324785785,-1.506019026135747,5.955186842793642,-0.5049956505187514,0.23951815263972503,6.142665841445828,0.5589181983857776
165.70000000003773,62.07010261743698,13.347659068527152,-1.6393553107346095,6.057148462296538,-0.524163304479697,0.2575689028552103,6.275072376406114,0.5840281752459484
165.80000000003764,61.84616817518777,13.719275457396199,-1.7489272493542742,5.84843177306987,-0.5373885857964075,0.20331387610315144,6.104334585176921,0.5745633336372504
165.90000000003778,61.25804303354648,14.401541817699522,-2.2116196707461606,5.964795952746065,-0.632016673689669,0.2255349797065876,6.361607684062825,0.6710522355919876
166.0000000000377,60.7605845906691,15.282222062738622,-2.5468986302895806,6.269324795718735,-0.6949728532142974,0.2907814774925322,6.766914069735532,0.7533532600032745
166.10000000003782,60.50569744296584,16.263597363561335,-2.613131045000837,6.6500231248563715,-0.69421739222519,0.37214314897585615,7.1450165443805425,0.7876727182006557
166.20000000003773,60.25903000362378,17.1906367213176,-2.664506280732345,6.9464049223231115,-0.6900415975291575,0.43211211745966577,7.439901549411583,0.8141733773442041
166.30000000003787,60.52435277836839,17.336914231754744,-2.200362186464735,6.441227274734681,-0.5666760019474444,0.30521998617724977,6.806688075445344,0.643646588700026
166.40000000003778,60.71955915260245,17.563129563932236,-1.840574924627263,6.053942152845442,-0.4703121825030939,0.2085432665764066,6.3275533694442725,0.5144743366244634
166.50000000003791,61.138689299469526,18.483083303800267,-1.2844149516961818,6.387097610376694,-0.3307392963713699,0.28080687190668024,6.514962597944856,0.43386746994242786
166.60000000003782,61.478758083848234,19.353053366302678,-0.8491479900438124,6.6441432853008155,-0.22236952763725876,0.3337872612563339,6.698185747245545,0.4010762304084121
166.70000000003796,61.68396276609125,19.445858701732387,-0.5812828782185956,6.106466996361377,-0.15524258178755662,0.20165039029752288,6.134071157246289,0.25448602929671704
166.80000000003787,61.870217205229345,20.069318448056478,-0.3525988127923625,6.138391056435199,-0.098735024911302,0.20437131946425932,6.148509631163167,0.22697189553730604
166.900000000038,61.94882796914408,21.07845574627624,-0.24855144843626695,6.551575697805447,-0.07237478555609286,0.2952494758643305,6.556288732705013,0.30399072779026054
167.00000000003791,61.928819861632675,22.056505006438318,-0.25060021355032536,6.901269783658928,-0.07117416505477296,0.36933366563957365,6.90581820596772,0.376129124564967
167.10000000003805,61.828648641576784,22.48143811090317,-0.33218309034372084,6.672198071283981,-0.08840478672409065,0.3077825403313864,6.680462013061371,0.3202272606268452
167.20000000003796,61.745336375103854,22.945246620514055,-0.3904829746224224,6.498820819966537,-0.09984923765068499,0.26054283670498984,6.510541375607754,0.279020501070631
167.3000000000381,61.04225228326821,23.25751394670295,-1.0614315498439029,6.187271803380847,-0.25279013899450176,0.18242454241746386,6.277656354398169,0.3117395837058242
167.400000000038,60.44273519293923,23.616402470220162,-1.5769123668871377,5.94577455250508,-0.3662183213884592,0.12232316690624155,6.151332184336868,0.38610725981591315
167.50000000003814,59.79952988131344,23.6161810364004,-2.095341676976692,5.364905098820174,-0.4777041342460985,-0.014915120176523647,5.759571465189246,0.4779369212413858
167.60000000003805,59.23618584162333,23.703536664863766,-2.4931707875511333,4.916094535170251,-0.5587044926581928,-0.11842062882916159,5.512158021558267,0.5711165865641994
167.7000000000382,58.569270883915145,24.449171451345666,-2.9622371683076554,5.1578826163318725,-0.6543142255906123,-0.05973294947998592,5.947991436204483,0.6570351064165606
167.8000000000381,57.655391195554394,25.36052976338473,-3.639670684494041,5.546243035450793,-0.7959258733982022,0.03151224006524764,6.633853668860336,0.7965494443024995
167.90000000003823,57.25389333517414,26.082210495674754,-3.7526843380576014,5.715645968150489,-0.803659200307881,0.06998135424642288,6.837488469777317,0.8067003781960599
168.00000000003814,56.477161175737066,26.88079971887152,-4.228954572841252,5.948439880426169,-0.8952678123863008,0.1222284173869323,7.298492569715984,0.9035730418244375
168.10000000003828,56.00206537642562,27.482764643444124,-4.366020304795332,5.967147274548589,-0.9062678877389115,0.1237288830845432,7.393847435404505,0.9146749809938484
168.2000000000382,55.53731145181003,28.085428847877893,-4.4801760583637655,5.984830324845883,-0.911712273486043,0.12495760566114014,7.47597294879608,0.9202356615767802
168.30000000003832,55.38317362237573,28.577598118631364,-4.274066157783103,5.890802195320554,-0.8429241584999494,0.10030895859963096,7.277993681331434,0.848871618183922
168.40000000003823,55.19126090761134,29.088213574437013,-4.119579533817139,5.822172978540355,-0.7876728878877175,0.08210773300956331,7.132225019409476,0.7919408173173969
168.50000000003837,55.54040678047047,29.050243996451332,-3.436271121948024,5.212192735389399,-0.611335589620224,-0.060935974538462584,6.242989054481832,0.6143650349175636
168.60000000003828,55.7880107189491,29.108221675605364,-2.9054213331956826,4.744957284865144,-0.47435609524036104,-0.16763995213320812,5.5638199789877625,0.5031072039266649
168.7000000000384,56.00268662495923,29.481167089539145,-2.4472353282680706,4.627871691209348,-0.3573599105292077,-0.19085344603145152,5.235089029063422,0.4051310201842405
168.80000000003832,56.041719285576846,29.560684156539978,-2.1985355338086805,4.2279529608195485,-0.2915440894703101,-0.27897478395326786,4.765411286795947,0.4035156579202902
168.90000000003846,55.892240128814514,30.03157200280891,-2.156136358378784,4.249351016525789,-0.2749872490678528,-0.26756825138357665,4.7650716739175785,0.38368053937927343
169.00000000003837,56.08821307513579,30.429211005343433,-1.772274844181624,4.196736587991897,-0.17980227844664243,-0.27355146265576835,4.555607106885851,0.3273518933131656
169.1000000000385,55.886721078346575,31.14694567932617,-1.8135299720861033,4.467649163921674,-0.18518787595414699,-0.2045350588432301,4.821698871927265,0.27591509508617346
169.2000000000384,55.70190750484449,31.82032661864246,-1.8345735684115858,4.673951675620165,-0.18577209344030648,-0.1520658048413892,5.021103906906027,0.24007348813072515
169.30000000003855,55.616094466856644,31.76830772798901,-1.7549598209536323,4.142102472170574,-0.1630516103940489,-0.2716121494170114,4.498543860308931,0.3167948663773162
169.40000000003846,55.52607199418348,31.79387775342963,-1.685310803605393,3.7291608024851253,-0.1431626051697714,-0.36087819353203554,4.092299206502448,0.38823781640373617
169.5000000000386,54.816222474020876,32.12012297935949,-2.238133476705411,3.6483804917754568,-0.26776802929316834,-0.37121962440542156,4.280177761766113,0.457715771036185
169.6000000000385,54.19277803418896,32.44676227937108,-2.6616581331758487,3.5750567987695567,-0.3595718284780384,-0.379596371433296,4.457067997274618,0.522862606274693
169.70000000003864,54.327654713236065,33.45275273863262,-2.296336998477455,4.18495803061735,-0.266719721648841,-0.2296873332727812,4.7735769951478835,0.35198818301527807
169.80000000003855,54.27474645857923,34.70222536551716,-2.1456403598457547,4.990887949740048,-0.22567825870975503,-0.03788781941292452,5.4325624783024296,0.22883654278574805
169.9000000000387,54.10737029434548,35.51193208209412,-2.1200792714407766,5.29670135714255,-0.21454167122291673,0.03375127570512483,5.705241571042245,0.21718028755585864
170.0000000000386,53.62882884491495,36.60611239978512,-2.405964914679745,5.86222964771767,-0.2757286793312239,0.1638283400849232,6.336750240718814,0.32072734467257724
170.10000000003873,53.663161703725876,37.31758539458681,-2.158301187242286,6.002560882954541,-0.21204146614480082,0.19250885854039687,6.378793080860005,0.2863935124638183
170.20000000003864,53.65668213195691,38.01507881847039,-1.969910457976939,6.117713249701824,-0.1635431422755934,0.21469957794788613,6.427049293262357,0.26989306800356216
170.30000000003878,53.24303704040572,38.134897644197295,-2.2012641858943116,5.6480689437542875,-0.2132920264171901,0.10106026057536273,6.061868260652207,0.23602259383523336
170.4000000000387,52.861761257356385,38.33162191538647,-2.3820555632566727,5.291016263754856,-0.2501901049700435,0.016103117596546798,5.802503064175017,0.2507077960918838
170.50000000003882,51.995041355353095,38.23454343397912,-3.031905723174262,4.668794309577095,-0.39477027813010834,-0.12824592312542432,5.566874582686078,0.4150790157225674
170.60000000003873,51.21628733986258,38.22920529676745,-3.543135975029558,4.186221939958945,-0.5039296292349634,-0.2369412323259662,5.484365657771397,0.5568538576655775
170.70000000003887,50.4474918740122,37.38781555263112,-4.003893753683275,2.908581751401301,-0.5988842680555317,-0.5270928027561479,4.948839560479668,0.7978027257673049
170.80000000003878,49.39048996493523,37.110987716575536,-4.7148658553679565,2.2930129361921896,-0.7495390338158596,-0.6573333150944665,5.242887406731079,0.9969432533232238
170.90000000003892,48.97400574797591,37.71300413517806,-4.731297501364489,2.6018234301623564,-0.7359975224582751,-0.5706673234996271,5.399505644793759,0.9313181771956066
171.00000000003882,48.67009360967,38.33572328671217,-4.632670073406889,2.908730024067558,-0.696145739204872,-0.4864472480689813,5.470131841368345,0.849264278871414
171.10000000003896,48.53252770662527,38.8011831912566,-4.374379233642687,3.0364180369221727,-0.6202714465505759,-0.4456454766327576,5.324943959768092,0.7637647270260532
171.20000000003887,48.34847907741033,39.24487757731571,-4.180910282467478,3.133582597929308,-0.5611520031439571,-0.4128506662389526,5.224878054853307,0.6966614983235565
171.300000000039,49.00545017405552,39.84157835568801,-3.163337085443688,3.376597623935276,-0.31271039687791,-0.3470662432632953,4.626890211590148,0.4671646064594758
171.40000000003892,49.505239701349964,40.40073081543711,-2.3800919594348557,3.564253450141313,-0.12423885798729103,-0.2956136202113241,4.2858768521984745,0.3206597983664794
171.50000000003905,49.41542203106721,41.066709975857606,-2.2442801541766038,3.8445179296727847,-0.08993848435611895,-0.22392277403203475,4.4516414413120104,0.2413096344916165
171.60000000003896,49.29782618560172,41.687807769134295,-2.1464081311184566,4.058969318181706,-0.0652107059478289,-0.1691193311159854,4.59154655767225,0.18125612907521918
171.7000000000391,49.123372648799965,42.82097056881973,-2.112572964371281,4.767345560340229,-0.05587264431565853,-0.0012943274029928453,5.214455697528569,0.05588763428747211
171.800000000039,49.03147203861556,43.7197520971844,-1.998988074197848,5.187633037862892,-0.028297305338677848,0.0959862735107179,5.559450499492895,0.10007048611805935
171.90000000003914,49.09371301428205,44.5393389564606,-1.7405535440874484,5.496410691651105,0.03215683827998286,0.16521354473151567,5.7654190768002245,0.16831392577834284
172.00000000003905,48.741283691589956,45.12931560004289,-1.9151803351469456,5.552288352695071,-0.008994272445358706,0.174320231592798,5.873314368191687,0.17455211278981433
172.1000000000392,48.2584407197663,45.82102783996821,-2.2062302764449564,5.7048063376836,-0.07613242905492339,0.20557787899222335,6.116556824159926,0.21922228692526718
172.2000000000391,47.81365971315893,46.49097724217313,-2.436753128235447,5.823423295106788,-0.12771165951025717,0.22826786767613183,6.3126875957834025,0.26156545526554514
172.30000000003923,48.05102735029736,46.394290559888084,-1.9697105304848659,5.1687171258862215,-0.016687173767363117,0.07149298187016492,5.53131054103207,0.07341463222702885
172.40000000003914,48.21052301734667,46.398805948388315,-1.616211633267252,4.665140708880956,0.06549534108727659,-0.04668424474261314,4.9371730653448545,0.08043045698817645
172.50000000003928,47.39522199823571,46.209379195002406,-2.2611334849381652,4.007307420176386,-0.08524913740454085,-0.19782057855065,4.601221294016333,0.21540751316129197
172.6000000000392,46.669491704208966,46.11547379574345,-2.7669134611851973,3.495792465447261,-0.20030937905316532,-0.3116030419321238,4.458292841791092,0.3704325891144265
172.70000000003932,46.14186645251622,45.97776617047948,-3.035907632331178,2.9807867430120254,-0.257917178225475,-0.423560415403349,4.254623926901523,0.49590795145918865
172.80000000003923,46.02467144345817,45.75269890689185,-2.8747417695436797,2.4194228787682155,-0.21465691598782258,-0.5436540454144008,3.757359086894172,0.5844974873143993
172.90000000003937,45.7115805345199,45.94190089679936,-2.920655740080189,2.3152294094423413,-0.22031402256062915,-0.5551838006793922,3.7269984129873315,0.5973000260117695
173.00000000003928,45.516606614142574,45.93394951049584,-2.844874667814192,2.023930431252021,-0.19768111682805065,-0.609741259499951,3.4913616636090423,0.6409853566868529
173.10000000003942,45.108688846277836,46.312478544758385,-2.98660990031603,2.1414462049549363,-0.2259031852447775,-0.5684403406467968,3.6750007544736127,0.6116834720493785
173.20000000003932,44.72043252431245,46.66317420612013,-3.0973230041449784,2.2234549090687867,-0.24629398613631712,-0.5363110958928833,3.812762977771863,0.5901612654052635
173.30000000003946,44.80823750481297,47.228177485151036,-2.7247298980350507,2.513824072205992,-0.1543803570394573,-0.4567126010930822,3.7072178899072568,0.48209925807538756
173.40000000003937,44.83828475534548,47.74288628986392,-2.4380518223314036,2.732732856457338,-0.08447347140761705,-0.3954912156614573,3.66222958771497,0.40441200407138117
173.5000000000395,44.03058403100223,47.503947381139724,-3.0077874483185214,2.1849274577598177,-0.21435040955894644,-0.5130970370509415,3.7176193094418934,0.5560707396622693
173.60000000003942,43.309230333906285,47.33674181780198,-3.4470990444859684,1.7519705471461564,-0.3110431957109216,-0.6014066856849163,3.866767722602908,0.6770804023043189
173.70000000003955,43.20943324655586,47.773200175242835,-3.2326910233196977,1.9550735008119124,-0.25423390128048506,-0.5404945360246345,3.7779099573479384,0.5973016156288047
173.80000000003946,42.88451387559596,48.56136926037402,-3.2584920425930783,2.494079699929759,-0.254321281186676,-0.4032669201425325,4.103438063532107,0.4767635923030155
173.9000000000396,42.313469349688766,49.35761083378939,-3.5269020593360483,3.0004747523763897,-0.31054412674094206,-0.2767605438873969,4.630538508186388,0.41597362092582507
174.0000000000395,41.00670421842463,49.78270747637074,-4.506785223390413,3.098741417775943,-0.5300943609138359,-0.24761855848521694,5.469306301900656,0.5850769026196
174.10000000003964,40.59159203527788,50.03074062800624,-4.521726036114093,3.013611655395849,-0.5212856320859383,-0.2615871360565147,5.433954504337498,0.5832379788469589
174.20000000003955,40.16388199103837,50.28883620171776,-4.546890573166777,2.9456579785890074,-0.5150464047773592,-0.27125810560156594,5.417666915857597,0.5821114660686849
174.3000000000397,39.820441710294354,50.96602438191364,-4.485012563432985,3.3010219440515183,-0.48881070379456903,-0.1827534942348087,5.568849393659464,0.5218570147072608
174.4000000000396,39.45729050218913,51.58599196345344,-4.446439958152154,3.5723982382658965,-0.46857472871206013,-0.11573077164472337,5.703758188617169,0.48265504026484984
174.50000000003973,40.1394257494257,52.41403467929366,-3.368553542789222,4.030378901043477,-0.20831935208364594,-0.007080360902984986,5.25272377501561,0.20843964105483045
174.60000000003964,40.6521586100601,53.17649524592616,-2.5420540267016642,4.387735126296496,-0.012254658340483365,0.07577241133068828,5.070922816727372,0.07675698645666723
174.70000000003978,40.97375177849274,53.561409724292425,-1.969652573989622,4.341284781312227,0.12047732739610462,0.0632709255076643,4.767209331954817,0.13608084520278593
174.8000000000397,40.71519015394452,54.110100341874855,-2.0195624162034935,4.46141466484268,0.10614091519312896,0.08960384319462561,4.8972291313165055,0.1389055167849069
174.90000000003982,40.335970516539625,54.40601611689187,-2.1860530193736905,4.320285583458813,0.06516052001050249,0.05487452318391204,4.841868991015234,0.08518865336827901
175.00000000003973,39.63435252711568,54.60344395059261,-2.6610012878698983,4.091808678656976,-0.04624588937295722,0.0007373258033170974,4.880965695103563,0.04625176681204767
175.10000000003987,37.87345999285368,54.88409509852805,-4.154391815826546,3.963847399502116,-0.39073261583950264,-0.02888879668495994,5.7420429784133695,0.3917991062453886
175.20000000003978,36.33160299607759,55.18480216876278,-5.313569062558027,3.8657957290453218,-0.6499143616280771,-0.05090859000564475,6.571026769179901,0.6519051786776923
175.30000000003992,35.20374919597387,55.81975451455587,-5.969507474082735,4.108368120815032,-0.7866540489907634,0.006398405196108396,7.246634260072663,0.7866800699030172
175.40000000003982,34.163241770733514,56.42096526728849,-6.486091624436277,4.2986118493686,-0.8879844133724933,0.050270998598648746,7.781224093426082,0.8894062579567318
175.50000000003996,33.24857125370637,56.17265052997437,-6.835497047873215,3.6278423082727467,-0.9482864687895963,-0.10610211990060317,7.73855669393054,0.9542037972764749
175.60000000003987,32.37754351336732,56.0185742866475,-7.112353727482587,3.1029042284343786,-0.9904060790499856,-0.22511285146146126,7.759741632017872,1.0156672670280735
175.70000000004,31.060428652860928,56.04346586436656,-7.809991665957045,2.7972219465325043,-1.1289159881464468,-0.2906360120510318,8.29580740136134,1.1657274980858932
175.80000000003992,30.140600046330242,56.20566948983992,-8.055551693694229,2.652543005659836,-1.1596142406972005,-0.31738833681044265,8.481031628679077,1.2022647560213364
175.90000000004005,29.580469805360444,55.76238743717294,-7.921264248124774,1.916595992745238,-1.1017089571032284,-0.4803356235914156,8.14983235950451,1.20186727114621
176.00000000003996,29.061151582754647,55.44913669444654,-7.75419758419097,1.3680022694167333,-1.0375587392131709,-0.5961606345837297,7.873945033069662,1.1966351321705795
176.1000000000401,29.022919240619373,55.141104505681795,-7.118456845783679,0.8682478955354275,-0.8664460340272959,-0.6980045858565408,7.171212050510444,1.112627130605034
176.20000000004,28.88634648683641,54.899690240618256,-6.627743736724775,0.47495763615671405,-0.732850776939981,-0.7728571463563562,6.644740160144568,1.0650720303977679
176.30000000004014,28.602921319882466,54.5457484052,-6.3195005079980024,0.0016402189712009796,-0.644568640783779,-0.8644952347977392,6.319500720856458,1.0783416636993335
176.40000000004005,28.27445902414018,54.25502536376602,-6.078436059766116,-0.370262722897556,-0.5738738230256175,-0.9305465267316965,6.0897027363109055,1.0932739835770637
176.5000000000402,28.229810826688674,55.045910402651394,-5.571953609407044,0.3660183587943099,-0.4433995370980399,-0.7386458761423003,5.583962434003174,0.8615108123760157
176.6000000000401,28.11227564825226,55.72398008097062,-5.1761297841774425,0.9348131981164498,-0.34154969264508167,-0.5899404037669651,5.259866467698731,0.6816787165099697
176.70000000004023,28.000553769365887,57.04722761071833,-4.804266390720449,2.103755151020975,-0.24760078301905278,-0.30580732444992126,5.244688864790111,0.3934771498306699
176.80000000004014,28.12002928030161,58.02919873405451,-4.230217266634412,2.8433012332824568,-0.10904184873516859,-0.12760707254390619,5.096969690523719,0.16785020029421807
176.90000000004028,27.87062432358805,58.23616550463665,-4.06763479425059,2.75411271496683,-0.0688986340915211,-0.14529176410853892,4.912310013236135,0.16080024408392118
177.0000000000402,27.701371912436375,58.06691633717785,-3.8375913932582577,2.297370935017903,-0.014074458910254009,-0.24761568770355466,4.47269727509865,0.24801536079549738
177.10000000004032,26.540160652505712,58.0242269946686,-4.613366250174415,2.0024725553304985,-0.19325594574769162,-0.3101228577374298,5.0292190738821665,0.36540942442425434
177.20000000004023,25.50599956300871,58.026389661076635,-5.20233262029032,1.7756883652081576,-0.3250655747060809,-0.35542267330655203,5.497029548990287,0.48165641754197636
177.30000000004037,24.687929832536486,57.67667088135541,-5.529901744560625,1.2166732887167178,-0.39334033508016325,-0.4765494600604359,5.662164532753477,0.6179126209140481
177.40000000004028,23.924236788193028,57.41091134577959,-5.7771625611670245,0.7854672537201124,-0.4414526776431989,-0.565299649473062,5.830314405314395,0.7172476282935462
177.50000000004042,23.390929822468284,57.933481649135956,-5.774872033210351,1.1740546810965635,-0.4307078621960274,-0.4623035845067023,5.8930086877723,0.6318495602635312
177.60000000004032,22.8577538657542,58.39396462525073,-5.771658203083591,1.4718740850508305,-0.41999802826375443,-0.38269363825111924,5.956379079228112,0.5682013415184093
177.70000000004046,21.84921371930018,58.64724342917216,-6.241267808833298,1.5411907904789637,-0.5189429982911383,-0.3577992127144434,6.4287396054153545,0.6303349205735566
177.80000000004037,21.27958215519639,59.51395341397373,-6.236293546006669,2.2170207266051993,-0.5057841366630688,-0.19313924577717695,6.6186507759634425,0.5414059116405939
177.9000000000405,20.324516408466156,60.32795119845329,-6.614504075662561,2.788667808778367,-0.581595190747836,-0.05639631168030679,7.178323781682836,0.584323121117207
178.00000000004042,20.01567694113822,60.4097892533432,-6.318523221232772,2.5870443286934552,-0.4996503700202786,-0.10174516927048063,6.827630193257595,0.5099044731430389
178.10000000004055,19.678880852689424,60.67480561306041,-6.072087555368352,2.583664017032685,-0.4310659772848383,-0.10017305274780942,6.598906502820651,0.44255227631246924
178.20000000004046,19.31275541832931,60.938555751921484,-5.872898672279923,2.579508496334073,-0.37500103461209067,-0.0988166897850542,6.414421478007736,0.38780215850380984
178.3000000000406,19.75160737262227,61.675884498914705,-4.886368136601712,3.0476380801410365,-0.13804977623567188,0.011790711533319828,5.758879355735995,0.1385523785331058
178.4000000000405,20.052073024927726,62.34022504633074,-4.113442860817696,3.4069408886303827,0.04399235846489394,0.09465724596391765,5.3411289431948425,0.10438065825035465
178.50000000004064,19.569340988062137,62.375252292625476,-4.180373674998082,3.1114535583555094,0.027487241852245665,0.02409391774338253,5.211205936097722,0.03655222752266583
178.60000000004055,19.106154567224664,62.45000733044538,-4.222735839692131,2.8782692451388807,0.01704899764560182,-0.03042029572789201,5.110374919644619,0.03487209074449281
178.7000000000407,19.099775301011864,62.329497969475455,-3.8068341879968153,2.4686257865042176,0.11289031121010223,-0.12450412153492736,4.537190739730361,0.1680639718806434
178.8000000000406,18.648181765767383,62.605248774946844,-3.866742578602257,2.485571692354545,0.09641588356463889,-0.11770208429462278,4.5967123911563,0.1521505939878267
178.90000000004073,18.092894713850672,62.94356883221364,-4.025540189743957,2.5638025402329365,0.05744060415840145,-0.09687666879213812,4.772636303401787,0.11262553867726358
179.00000000004064,17.649719328891205,62.70424284441188,-4.060546073275992,2.0608132628275073,0.048011442443736035,-0.21102211806456483,4.5535684597294495,0.21641495539352942
179.10000000004078,16.561574901951147,62.44399540437955,-4.735429037039405,1.5762415175711175,-0.10926120012704027,-0.31826469946074476,4.990874220670247,0.336497293861391
179.2000000000407,15.579163024121685,62.24685385069152,-5.252706778165942,1.1926101173139578,-0.22642630165631727,-0.3996691201432085,5.386394655918748,0.4593520171696256
179.30000000004082,14.494252197598609,62.08924333127357,-5.831691782274069,0.8788358545144801,-0.35515880296563396,-0.46302561929618025,5.897540292581569,0.5835499117030122
179.40000000004073,13.495712686972874,61.967873701702224,-6.279198467086241,0.6263976186203295,-0.45048968061547023,-0.5107235157021044,6.31036507388213,0.6810135548079392
179.50000000004087,12.290233651113871,62.23118292898459,-6.897323394734022,0.7777603422038787,-0.5830941795231835,-0.46388190377775657,6.941036029401543,0.7451075377730992
179.60000000004078,11.174352676122213,62.46512094170799,-7.377224869175385,0.8892390202018177,-0.6806466984502824,-0.4273529644200355,7.430625330712703,0.8036855630841342
179.70000000004092,10.963744544804431,62.201213499133324,-6.91682905887461,0.4971689800647192,-0.558365810567875,-0.5081858066704554,6.934673836917697,0.7550001274916591
179.80000000004082,10.333091923852761,62.2844155460955,-6.9090909994371135,0.4822367844361718,-0.5436552242922421,-0.4998820276930983,6.925899996012523,0.7385411596592377
179.90000000004096,9.682071518198311,62.31230800233387,-6.921014762151233,0.4144859133586935,-0.5338345919909879,-0.5039921455419918,6.933415025100408,0.7341576495373489
180.00000000004087,8.97626311767621,62.18843543420035,-6.985393173254719,0.20191676999482538,-0.5363787225960246,-0.5415167734521051,6.988310823579528,0.7621958737645604
180.100000000041,8.485100032697193,62.03849598606625,-6.829787430626662,-0.01900925531634287,-0.4879616772852212,-0.5801068215473917,6.829813884677504,0.7580438792740324
180.2000000000409,7.967576163627527,61.91791585286118,-6.711339936149629,-0.1923496733388046,-0.44926303419736136,-0.6067930602179837,6.714095779432287,0.7550066832981845
180.30000000004105,7.7063894736308045,62.53363097634105,-6.3456709225107515,0.3824812611137117,-0.35425505949235975,-0.4597418437445775,6.357187379014527,0.5803957357403643
180.40000000004096,7.391331663478911,63.05990589494959,-6.0610616527724295,0.8249313163726834,-0.2802019599805017,-0.3467249731752084,6.116942049377354,0.4457929400520646
180.5000000000411,6.495809111959397,63.133368249670994,-6.375980430935297,0.782989962083534,-0.346587649501952,-0.3484069197308614,6.423877313304905,0.49143705650228986
180.600000000041,5.646234354182416,63.20930610662377,-6.620067741380202,0.7475325660633072,-0.3950474860519754,-0.34854961936740425,6.662139433979745,0.5268295297315329
180.70000000004117,5.317709684910728,62.94163514860039,-6.325415900602703,0.37331714731525195,-0.31772672891570025,-0.4270745034980312,6.336422650682095,0.532299639118383
180.80000000004105,4.924661602845282,63.16177284257006,-6.117041240126072,0.5148339292191497,-0.26215884777773113,-0.3844467128953686,6.138668219416842,0.46532411986077143
180.9000000000412,4.741162701668321,63.25312612098234,-5.715406578040712,0.518019325916258,-0.16315817181997175,-0.37481389858424285,5.738834060533008,0.40878606581383675
181.0000000000411,4.792846647497065,63.430673598257755,-5.110101749113742,0.6076626986868061,-0.019320879556855935,-0.3453983993555726,5.1461047250974845,0.34593836252176796
181.10000000004123,5.340451880563552,63.37280962308106,-4.057427034392749,0.4566729040147872,0.22470542144969688,-0.3723438463549595,4.083045956229545,0.43489362647352237
181.20000000004117,5.736422093401653,63.33931814220166,-3.237471429170945,0.3424411905826428,0.40923612005384624,-0.3901603190781966,3.2555317881577843,0.5654195579743649
181.30000000004128,5.863011999582289,62.893439157791576,-2.7499952193212764,-0.1728930057665028,0.5125642783591301,-0.5003759553474048,2.7554247762791224,0.7163087575477798
181.4000000000412,5.92607159563174,62.52412319005812,-2.3645433988567985,-0.5711000885331663,0.5898940142091089,-0.580939167984484,2.4325338222108757,0.8279282969546583
181.50000000004133,5.447215034405307,62.35635238359076,-2.5499543251797903,-0.7365322773380839,0.5333420293435026,-0.6057762555205114,2.6541942008948674,0.8071050687591409
181.60000000004123,5.006916042496381,62.20540457880412,-2.683861527498297,-0.8710876296510813,0.49001609269758223,-0.6228940201438051,2.821685020925729,0.7925356341726955
181.70000000004137,5.467342299016102,61.56656259837722,-1.9113140963122923,-1.479868481917935,0.6574379318918964,-0.7493471084401633,2.4172571850211075,0.99686795676154
181.80000000004128,6.5425743841606865,61.52832271617955,-0.5873916406496693,-1.4417495688282826,0.948568886319173,-0.7231875411076726,1.5568142980849222,1.1928047416514398
181.90000000004144,7.341810257233823,61.950152285469095,0.35738898944603104,-0.9466565913941531,1.1452334121316783,-0.5918936924000815,1.0118723199135609,1.2891461171511043
182.00000000004133,7.7359114825324795,62.61036305354188,0.8231811253015453,-0.2509486122068568,1.226513775958305,-0.41721739872473185,0.8605825765266607,1.2955332494436917
182.10000000004143,8.151983158200602,62.383129745725014,1.2721831300797817,-0.49194699847814494,1.3020283053358475,-0.46332817932492093,1.3639874507381828,1.3820096633715282
182.20000000004137,8.513005700359777,62.198587619686066,1.6287987038475737,-0.6707947680660762,1.354418128815036,-0.49399091864962663,1.7615194686748021,1.4416918864206476
182.3000000000415,8.056240060388001,61.95726963490334,1.1402518818507326,-0.8912963720079539,1.2100329057603152,-0.5335824640569595,1.4472676244629663,1.3224560026601446
182.40000000004144,7.686082929448766,61.75250172169039,0.7729235901738186,-1.0571869337719484,1.0970374752553937,-0.5596214053864556,1.3096011183506675,1.2315304866228203
182.50000000004155,7.397084046090907,61.3826966840517,0.5122924899715353,-1.373424153109978,1.0113454023468165,-0.6198466614367635,1.4658572575892566,1.1861827036938053
182.60000000004143,7.158193894226388,61.06498209885051,0.3193954627882764,-1.6119943710047635,0.9433092057339619,-0.6607069317248472,1.643331772284824,1.1516796026897846
182.7000000000416,6.35573001950125,60.75228174342285,-0.42213985330132425,-1.8256878049497887,0.7498974570600079,-0.6948654743055864,1.8738564557851387,1.0223425176950207
182.8000000000415,5.844289269062229,60.75233853888369,-0.8182923705040861,-1.7097960608975566,0.6408794767343736,-0.6519706450264199,1.8955223484533221,0.9142167279565008
182.90000000004164,4.836718327524251,61.09725478493816,-1.679548488923717,-1.2578504726949127,0.4267633824384351,-0.5323085981743667,2.0983495748575254,0.6822605281566957
183.00000000004155,3.9614813864125624,61.41088257936332,-2.3435372635260316,-0.8707211137477673,0.2632475838483358,-0.43041329935511086,2.5000644318619534,0.5045343384386626
183.1000000000417,3.6126712009401536,61.834909695804,-2.4325362876564847,-0.40250130738080936,0.23656272272866147,-0.31211218122876583,2.465611504923039,0.3916323983740052
183.2000000000416,3.27143387259138,62.194138283424664,-2.507662005379456,-0.03422829645047093,0.21370548004487605,-0.21967520995294237,2.507895593819969,0.30647549668624446
183.3000000000417,3.6206176366590723,62.82866286698201,-1.88973221341551,0.5803720392416,0.35174379467095923,-0.07237927082868836,1.9768458570039638,0.35911343045786875
183.40000000004164,3.871202643505502,63.37871875269224,-1.41845591460754,1.0636054595530888,0.45265376222332654,0.041111281622298726,1.7729280175112156,0.4545168488973316
183.50000000004175,4.414503896707826,64.4236837973298,-0.6929548783461561,2.0024768403416404,0.610054028854234,0.2574061947571275,2.1189855968194724,0.6621358374386835
183.6000000000417,4.845539406954865,65.33784647761186,-0.1365969788493394,2.738082173894989,0.7246740342777102,0.4216623516032404,2.741487319983858,0.8384220862524475
183.70000000004185,5.328689827994226,66.33061591778174,0.42714481661794135,3.494321686439062,0.8383504038633846,0.586892331236704,3.520331908028262,1.0233640643106212
183.8000000000417,5.894245229314403,67.05521914254473,1.027617936105088,3.923804147689791,0.9578956970305744,0.6726904691478836,4.056135798026552,1.1705027268964774
183.90000000004187,6.541402462112958,67.35082194571365,1.6609211169413078,3.8913204327296986,1.082271396042359,0.6496085987922822,4.230961317110003,1.262260950166941
184.00000000004175,6.501041596665211,67.5199000058918,1.5581054371594207,3.7338451314886414,1.03343803138163,0.5981389197891536,4.0458981721302845,1.19405373918952
184.10000000004192,6.617378769403255,67.5042449509193,1.6169817752100364,3.4031488780387837,1.0231486695143288,0.5077784688109769,3.7677649007678324,1.1422224710260964
184.20000000004185,6.722382348436594,67.54530132609544,1.6577259730718175,3.1532995547423557,1.0089017837647607,0.43821611046633524,3.5624925942007577,1.0999618942290499
184.300000000042,6.86296280915595,68.42171553070612,1.7284967500731294,3.7538471976733563,1.0019324316920604,0.5670373866898364,4.132683123407054,1.1512601771886337
184.40000000004187,6.991368698732923,69.2111086307598,1.7794283039129115,4.220129784715942,0.9905337304909225,0.6618101599029945,4.579941100998243,1.1912807221604362
184.500000000042,6.635389325300221,68.53968362141292,1.3416963192234659,3.193816454536873,0.8663265426072893,0.409017030283841,3.4641900291826193,0.9580274575856956
184.60000000004192,6.346762554655261,68.01929837749206,1.002857148894457,2.396170351804896,0.7678762810750978,0.21498479121853017,2.5975670955641394,0.7974035637573973
184.70000000004205,5.543093258038543,67.43484695686139,0.17537040304079543,1.5957249866007681,0.5586355194825358,0.024794555903436544,1.605332679267669,0.5591854912548887
184.800000000042,5.400291002875412,66.55768095972395,0.06873403638951145,0.5653624605952596,0.5210345349743111,-0.2141955659632289,0.5695253107709272,0.5633442350057419
184.9000000000421,4.719384509903419,65.85211566006805,-0.5668705761634201,-0.21413672913573434,0.36190522241468714,-0.3896082110104007,0.6059676467310765,0.5317611758089802
185.000000000042,4.340310114250271,65.10919242648109,-0.8536198282337648,-0.969868933448915,0.28717993297677613,-0.5554625074824774,1.292018792132366,0.6253086526854293
185.10000000004212,4.203267657136933,63.78757798862356,-0.8778122474481446,-2.242527629725739,0.27493695083662756,-0.8370911175365234,2.4082118909791355,0.8810856178566802
185.20000000004205,4.066525948638726,62.641654518204035,-0.9004585436949067,-3.2401643975895773,0.2633350186417933,-1.0485655597097614,3.3629586545659733,1.0811267571624148
185.3000000000422,3.558107173965826,62.505518871289794,-1.292187269465846,-3.1526461795831073,0.16659926960108135,-1.004051808820288,3.4071873844873224,1.017779618300006
185.4000000000421,3.1069798196687843,62.33892363373559,-1.5970175191360165,-3.0999576604141224,0.09220940371560321,-0.9686273366510955,3.487148183370984,0.9730064190134522
185.50000000004223,3.0057489540615685,62.12267329156952,-1.5300116755801991,-3.0986141156806943,0.105580298102294,-0.9459033083285061,3.4557698368536323,0.9517774256905772
185.60000000004212,2.889458070967769,61.89478104088195,-1.4834115618272947,-3.106841947624594,0.11392010437205735,-0.925919821500933,3.4428152360071076,0.9329015521631744
185.70000000004228,3.2920845176773526,61.554977497952514,-0.9237557452800323,-3.2238287185859997,0.24078329949012242,-0.931564550951138,3.3535647129163495,0.9621793543316887
185.8000000000422,2.843770562934477,61.06758698391308,-1.2554348746151236,-3.4767132285231335,0.1584643000068564,-0.9685241517152672,3.6964376902346996,0.981402041383877
185.90000000004235,2.3848990105601877,61.76423269359225,-1.5724132622276488,-2.528474160345215,0.08145170259216569,-0.7266996079630981,2.977526666003654,0.7312500940641875
186.00000000004223,2.4001768050998327,62.03103375585799,-1.3928236022224916,-2.079891197291146,0.12112237848243268,-0.6060864822244629,2.5031789747193938,0.618070752021535
186.1000000000424,2.188450667407544,62.66540780543928,-1.453477501012396,-1.2983843004993885,0.10428496465457107,-0.4112287011553812,1.9489480849249232,0.4242456817776074
186.20000000004228,1.986128674497709,63.178033251453854,-1.5003217298019418,-0.6974863102160087,0.09103258352345076,-0.26267098719549276,1.6545248399025725,0.27799816326229343
186.3000000000424,2.075411254510729,62.5309696500181,-1.2532850715885218,-1.297521548840663,0.146088180838625,-0.3954356502538792,1.8039638689210267,0.42155795576936644
186.40000000004235,2.126556394172728,61.97350434123808,-1.063614500811361,-1.7611502766021585,0.18659585805921813,-0.49356505100455816,2.0574076171512683,0.5276594297631645
186.5000000000425,1.4195172358749577,61.504500329753185,-1.6442328264594066,-2.0998018174522115,0.047928468814357444,-0.5605052578137238,2.666958803615515,0.5625506929688362
186.6000000000424,0.7962736769388219,61.08240297701279,-2.096719870019067,-2.364355359754119,-0.05788188619738931,-0.6087509354834232,3.160128237988263,0.6114965365410587
186.7000000000425,-0.20963384528106221,60.97758527668819,-2.8953678628223942,-2.2910910201427623,-0.24134234249317243,-0.5777123061004152,3.6921881213778263,0.6260971449383487
186.8000000000424,-1.5319774945242508,61.42480160874007,-3.9471021662421224,-1.6722819419848949,-0.47911953410361763,-0.4211578540871518,4.286740300536298,0.6379102335117083
186.90000000004252,-2.9332008241924394,61.9761510771911,-4.995238118266872,-0.9965087622294242,-0.710562155126308,-0.2550449594445137,5.093666024719955,0.7549480165122611
187.0000000000425,-4.2588254956968745,62.83263120279125,-5.885652910767685,-0.06831942291355653,-0.9001541833902426,-0.034368989670138156,5.886049416168316,0.9008100695073854
187.1000000000426,-5.392143931996503,62.73412195459039,-6.513825847341137,-0.16290696576071115,-1.024678876574751,-0.05546040914892511,6.5158626327588305,1.0261786672317155
187.2000000000425,-6.447627678915008,62.662999641853965,-7.013724446203922,-0.22279578366131497,-1.1166406827338593,-0.06803482723592129,7.017262184676853,1.118711380139382
187.30000000004264,-6.437881844541704,61.67239366869836,-6.411466078536202,-1.1938320712129713,-0.9514456064209365,-0.29114941750232126,6.521666373748126,0.9949958418454041
187.40000000004252,-6.533150569735485,60.836107228054374,-5.95811064414624,-1.9356203153651572,-0.8245277593616607,-0.45605545581903884,6.264639530982053,0.9422486958018419
187.5000000000427,-5.706854769076919,60.79891846682034,-4.6198641936852605,-1.8231875005690612,-0.4957910432882879,-0.41948683479146354,4.966604255457286,0.6494443495544862
187.6000000000426,-5.085104746316322,60.75019177806732,-3.587439756142204,-1.7299728314934226,-0.2454253891612339,-0.3882112798909296,3.982779180629401,0.4592838114711826
187.70000000004276,-4.671051234087115,61.173181032783035,-2.8409590000980343,-1.1731848598894452,-0.06701769998124213,-0.2503928199202118,3.073664060321466,0.25920635867657915
187.80000000004264,-4.48398873422086,61.48219103126109,-2.3779955217126014,-0.7723016582609974,0.04165851278684571,-0.15183828003896926,2.5002624967466662,0.15744934097291177
187.9000000000428,-3.983217838634043,61.670926346240634,-1.6383305520670204,-0.5217950525474282,0.21184623468766808,-0.0903599607370806,1.7194176556902052,0.23031228724440495
188.0000000000427,-3.5662750956628173,62.25709412272576,-1.0396772420803575,0.10549105697933614,0.3454671701495039,0.05687911384908083,1.045015373476599,0.3501182646526213
188.10000000004283,-3.543749232356509,62.803436735138334,-0.8808480608911637,0.6446116156825314,0.3742249876938651,0.1803105154205746,1.0915207013376187,0.4153988726341307
188.20000000004276,-3.5346818815187433,63.28152357904117,-0.748513987183115,1.0737664381680267,0.3961866519806889,0.27544076948735874,1.3089108268880716,0.48252614509833125
188.30000000004287,-4.296657807397887,63.525473709270656,-1.3953287409187982,1.2359825672170635,0.2373522810241026,0.30660264198769377,1.8640266097077374,0.38773868182215004
188.4000000000428,-4.953337925267427,63.759744465089526,-1.8879176515193277,1.3753591233930957,0.11787963077352202,0.33175859065313357,2.3357751983482653,0.35207864153262025
188.5000000000429,-5.603829331420132,63.629623416688176,-2.3366261783243103,1.1402635143031614,0.011324984276575786,0.2696830437541682,2.6000043806273614,0.26992072791354366
188.60000000004283,-6.192131925020799,63.551922248452236,-2.688814926468798,0.9749045455554501,-0.07043029802313266,0.22518028412489607,2.8600987013993215,0.2359376765974358
188.70000000004296,-6.66732225180658,63.54603463307276,-2.9010160314030453,0.8933238220787445,-0.11790198706307004,0.20109279170739414,3.0354441957563396,0.2331076777587854
188.80000000004287,-7.458753788845659,63.28170082596694,-3.4116050075993467,0.5601367053597708,-0.23331943014094297,0.11934325962671989,3.457282438067251,0.2620701625512241
188.900000000043,-8.365869015462046,63.06239215394523,-3.9975350846115973,0.297221862657092,-0.36349945671037864,0.05574569341161295,4.00856926949529,0.36774915005025094
189.0000000000429,-9.028506640089423,63.10226528746279,-4.293939350066488,0.3126303707523653,-0.42367363115772694,0.05802117626683434,4.3053052029752985,0.4276281125391088
189.10000000004305,-9.170471252392995,62.69845421972591,-4.0478817582278435,-0.11524357543453484,-0.3569347530309485,-0.042327470659119196,4.049521923668604,0.35943571427122095
189.20000000004296,-9.357467092146242,62.36546064194038,-3.864849644724669,-0.4394882127648267,-0.30632366628619545,-0.11637527469483093,3.889757404451802,0.327684899083424
189.3000000000431,-9.28368082216523,62.5190532210753,-3.4354698226281686,-0.25377069653638457,-0.19988108261652038,-0.070709135261292,3.4448298170750586,0.2120194071243289
189.400000000043,-9.277991225502827,62.646004904395305,-3.10658000440199,-0.10875134479460821,-0.11915394366048318,-0.03551684865908698,3.108482938467719,0.12433466462945114
189.50000000004317,-10.103906864170206,62.642017201583215,-3.6311616396938478,-0.1052654087085344,-0.23778019005538067,-0.03388840798864953,3.6326871128483784,0.2401829364854592
189.60000000004305,-10.855035202420842,62.64066955107737,-4.0402630051049755,-0.09934216573702248,-0.3269404635110116,-0.03173367757027854,4.041484135353398,0.3284769291334317
189.7000000000432,-11.264916027720812,62.56277595288194,-4.077160511351556,-0.17005334601241417,-0.3279131054161442,-0.04736130535069874,4.080705328226298,0.33131570736712956
189.8000000000431,-11.99530723577655,62.194434287732925,-4.429742581445508,-0.524527594298894,-0.4019097418417445,-0.12828748464259887,4.46068924439402,0.42188756713515835
189.90000000004324,-12.75103110224736,61.42431151581701,-4.7794687048538975,-1.251604603041144,-0.47353332449357344,-0.2935579537061652,4.9406310510937335,0.5571445787137186
190.00000000004317,-13.423762584588154,60.78411289053495,-5.0184928760400815,-1.7925393783589598,-0.5178841912517392,-0.4119326179244955,5.329021314447202,0.661734476401673
190.10000000004328,-13.999495003279879,60.37800762664182,-5.141298560307894,-2.057652662007619,-0.5343169323229818,-0.4637456486352666,5.5377689879310665,0.7074988415504199
190.2000000000432,-14.563076191844324,60.00714349238509,-5.24132861055943,-2.2661761784089274,-0.5450993629573407,-0.5012654225978702,5.71026094635411,0.7405405724122887
190.30000000004333,-15.790030164544904,60.90628512209658,-5.993219505315007,-1.1924120531793025,-0.706466893731301,-0.2412074733914572,6.1106895309331115,0.7465095559724898
190.40000000004324,-16.908086676950386,61.63957446689411,-6.577070699241223,-0.36610662009516837,-0.8252176893720351,-0.04442668783127829,6.587252313377327,0.8264127089077093
190.50000000004337,-17.35094612656133,62.413199469007075,-6.441467841116145,0.4367659173342814,-0.7747456596398642,0.1423786153569621,6.456258391257149,0.7877198151892423
190.60000000004328,-17.823330022604985,63.07097634748474,-6.3439868306308265,1.0620137278295567,-0.7342625506242224,0.28376069002628285,6.43226570232572,0.7871858881187981
190.70000000004345,-18.787342440998103,63.493722839495156,-6.742091649941363,1.404294194285307,-0.8093901800387957,0.3563952764766595,6.8867874949291465,0.8843811715759832
190.80000000004333,-19.23338549363902,63.4696668744823,-6.591718022660301,1.274311071261056,-0.7558665643541026,0.3180717205278542,6.71376311740317,0.820063340546341
190.90000000004343,-19.78045508122901,63.20078847902933,-6.551872468194666,0.9097612590904163,-0.7291566139046073,0.22635836490311378,6.614733432877627,0.7634837764893526
191.00000000004337,-20.134226138355324,62.9284852320874,-6.32090905014436,0.5693989537388108,-0.6588417937071646,0.142363938164058,6.346503477405156,0.6740474760911531
191.1000000000435,-19.848222420569083,62.46170280644377,-5.468977129824517,0.06123472691257459,-0.44646760150273856,0.02148524595820593,5.469319933805635,0.4469842670447057
191.20000000004345,-19.68874546135034,62.07200599313753,-4.807764539504535,-0.33100923086848993,-0.28313824890519546,-0.06977354203268595,4.819145876422232,0.291608667842517
191.30000000004355,-19.964390748914354,62.237151662542395,-4.630332402714302,-0.14016118887206225,-0.23553052833240845,-0.02399856736227505,4.6324532721326,0.2367499968574131
191.40000000004343,-20.26104674130626,62.37156229091102,-4.486980257678826,0.0054096969410524776,-0.19691020277477236,0.010240499624455966,4.4869835187596285,0.19717630635895494
191.5000000000436,-19.985633491528798,62.123407858613255,-3.7843870473599663,-0.24134832997045688,-0.02978028419238138,-0.04709399084327715,3.792075202393198,0.05571991834277642
191.6000000000435,-19.806516028818866,61.91095976496971,-3.2318225366948092,-0.43340623854357246,0.09876714269740644,-0.09044471042293822,3.260754188266414,0.13392234361785563
191.70000000004364,-19.615724003041212,61.49720754234735,-2.7104564252396663,-0.8109755484994796,0.2171210782897326,-0.17571796396243283,2.829179275582766,0.27931767845376176
191.80000000004355,-19.05884730733011,61.30484327908283,-1.86511368607105,-0.938507427943663,0.4077016205841504,-0.20116171442607145,2.0879284600471752,0.45462803122748474
191.9000000000437,-17.958609677943365,61.87275640318015,-0.5446145644169211,-0.2984238470631714,0.7038191152831152,-0.04839757230604286,0.6210167600564543,0.7054811634927085
192.0000000000436,-17.012972364928167,62.36438316557343,0.5184827325968394,0.21642456919499875,0.9335243123835485,0.0718534846105672,0.5618397797880873,0.9362855147132514
192.1000000000437,-16.06089374471741,62.75479472047835,1.5039252991871876,0.5905912203543905,1.1399457533811341,0.15676957808611391,1.6157318141000256,1.15067502852238
192.20000000004364,-15.23808916760499,63.09090689421777,2.2820469820126523,0.8814661340811749,1.2936186493144621,0.22044785045912432,2.446368936535343,1.3122676802490496
192.30000000004375,-15.232818350487372,62.940927856280325,2.1828963904421204,0.6652106468477925,1.2407429715238634,0.16530736224533837,2.2820039123728284,1.2517066930388996
192.4000000000437,-15.19499951319767,62.82749017051538,2.121020010919192,0.501657099961725,1.1977156975829224,0.1236375177446572,2.1795379631154987,1.2040801999994049
192.50000000004383,-15.9969989154939,62.65754007543139,1.2246570496119875,0.2941427663556137,0.9625915258901211,0.07275975390732708,1.259485949172785,0.9653374681965506
192.6000000000437,-16.655500052477752,62.51833614685929,0.5381833037826576,0.1330919740879826,0.7814743423176479,0.03381049019330052,0.554395835154858,0.7822054058544415
192.70000000004387,-17.199363667686093,61.99185880578125,0.017074113905093946,-0.40138886255174205,0.642811878768273,-0.0906457963361047,0.4017518442350021,0.6491716043381777
192.80000000004375,-17.012549029401807,61.446904325491346,0.2625431692695065,-0.9128601165041179,0.6847370825295582,-0.20689807351072714,0.9498644682448062,0.7153122989391006
192.90000000004392,-17.186196419812234,61.27838125817803,0.12847988932876708,-1.0094570098261364,0.6378718888664072,-0.22446227408544506,1.017600381608152,0.6762128800116185
193.00000000004383,-18.300461452624535,60.43216258640541,-0.9336524979771594,-1.773168414607265,0.3773444688727253,-0.39598420893366293,2.003954394076829,0.546984773018096
193.100000000044,-18.99584629188154,60.025843385511386,-1.4974826854405552,-2.0389089828326514,0.23814795301072758,-0.44831141901333094,2.529743906696868,0.5076392182849412
193.20000000004387,-19.620418938676263,59.64491474137473,-1.9478372353136857,-2.2578585323760993,0.1284295337288868,-0.48860081487746915,2.9819448431347646,0.5051978834404852
193.300000000044,-20.327102074269536,59.34390033838276,-2.4455484356934782,-2.3792219298868114,0.010292004853118167,-0.505377414435603,3.411950196438562,0.5054822018484052
193.40000000004392,-20.974638472092874,59.048392200203494,-2.8459894684657256,-2.484605235149281,-0.08260450950410571,-0.5180681727650348,3.777951724036325,0.5246123679656398
193.50000000004405,-21.394598097896395,58.61223389400949,-2.988674309421154,-2.7208017307164125,-0.1137090752766091,-0.5607342460568473,4.041650181010652,0.5721474010263461
193.600000000044,-21.812164391641037,58.20080571813951,-3.117717478058177,-2.9128900292965745,-0.14093735271300792,-0.5922068351712158,4.266742386852625,0.6087464767974089
193.7000000000441,-22.670619450054232,58.342559004265816,-3.6756727772779034,-2.5377980146530796,-0.26678190954037395,-0.49171087692088156,4.4666530119093615,0.5594212846686392
193.800000000044,-23.442486684209715,58.3801248207637,-4.103754493760703,-2.2943041706254244,-0.35966298834354377,-0.4239909072216132,4.701556398939651,0.5559907864261914
193.90000000004412,-23.53295784947269,58.396396584094056,-3.8192656117373844,-2.0898420693568083,-0.28551261094733404,-0.36686950103431715,4.353645562956783,0.46487706095174514
194.00000000004405,-23.96616724072612,58.475276686083234,-3.897478823522287,-1.8379536843113946,-0.2970039289408569,-0.3000958263155791,4.309108367804005,0.4222189464938017
194.1000000000442,-24.611966835977302,58.285669940783,-4.180758814364173,-1.8722574489550978,-0.3556799123887848,-0.3010894604829402,4.580839684932401,0.4660075785765738
194.2000000000441,-25.228044723402878,58.101402422713214,-4.411789545011692,-1.8979200289987737,-0.4009081900382696,-0.3000606123413617,4.8027062606356825,0.5007631654968586
194.30000000004424,-26.10834952047135,58.55836119732976,-4.887306705543208,-1.2821886362050439,-0.5016618351068679,-0.15064291284628217,5.052699727161802,0.5237918326908151
194.40000000004412,-26.927341685228384,58.92362913452227,-5.263955194428763,-0.8049293529207429,-0.5772068336053685,-0.036723772086469736,5.325141833993435,0.578373896538385
194.50000000004428,-27.635192576018675,59.60379434448696,-5.499552803277413,-0.05071016866692335,-0.6183659158823931,0.13864535490793176,5.4997865919727,0.6337183446631612
194.6000000000442,-28.313479058382615,60.17315082908648,-5.686143145282997,0.5346639576717611,-0.6472327847227689,0.2708874105161536,5.711224861295696,0.7016339977482114
194.70000000004435,-28.446836766828746,60.16174234509191,-5.31407393177717,0.4957801894549745,-0.5461630250224492,0.255621979491027,5.3371509018061,0.6030229235282715
194.80000000004424,-28.06529235527575,60.29762922667963,-4.456558220375219,0.6060434290783966,-0.3351040779174578,0.2752210204214707,4.497577104344408,0.4336373520797594
194.9000000000444,-27.939818681373843,60.54534837869457,-3.919484692435057,0.8185840238496884,-0.20307621037760926,0.31803259558285457,4.004052953987332,0.37733894455051753
195.00000000004428,-27.898643910654066,60.49995034931582,-3.507337087051089,0.7220402978936196,-0.10301005397998142,0.28833428523541665,3.5808875483581337,0.30618251299376537
195.1000000000444,-28.175990793685518,59.92885536610381,-3.44402277478982,0.10863305680020896,-0.08597614748495447,0.13972570944696122,3.4457356274532627,0.16405844024862382
195.20000000004435,-28.45599914322265,59.45206281519941,-3.388047938475587,-0.3638552380214075,-0.0710346770338145,0.027163145507391212,3.407529819039635,0.07605104742969712
195.3000000000445,-28.14274312534444,58.99088552183307,-2.745265197247505,-0.7844188304285709,0.07934300613512035,-0.07077992647277495,2.8551346561500925,0.10632549371646094
195.4000000000444,-27.920158727061118,58.589722335917685,-2.2425427282531936,-1.1126142303067197,0.19383243120361215,-0.14508353695250734,2.5033793786644267,0.24211617889135909
195.5000000000445,-27.996763853051796,57.98039932510219,-2.077048259558354,-1.6225303077961843,0.22764122308886994,-0.2597163214374376,2.6356657740031393,0.34535936945505197
195.6000000000444,-28.094235660669924,57.43999772318014,-1.9456123457126813,-2.0238906744652287,0.2527868747622414,-0.34657781720366826,2.8074082107839113,0.4289724786390386
195.70000000004453,-27.704254649035185,56.937476607446044,-1.3393170377376489,-2.355790557463681,0.3872287694701012,-0.4153569017821147,2.7098928536400457,0.5678621978643816
195.8000000000445,-27.69945912680063,56.53201089200345,-1.1643334930111324,-2.5644854314993495,0.41875823300714576,-0.45403599735828176,2.816426461195092,0.6176626462790158
195.9000000000446,-28.14039360034695,56.69022886327108,-1.4477861967177943,-2.1945690300785667,0.34348020819635594,-0.3579347742682587,2.6291097541157455,0.49608059431213525
196.0000000000445,-28.131980244689437,57.167598106637044,-1.2625509519791862,-1.5344556056512884,0.3783941221106594,-0.19690832661651492,1.9871056620266099,0.42656183694607835
196.10000000004464,-28.205390789833544,56.58869168066453,-1.1739565315442666,-1.9769768335428861,0.3901383635502049,-0.29474738572292086,2.2992632164066604,0.48896212951938123
196.20000000004453,-28.28528032579393,56.08025900612557,-1.0995251377840076,-2.3145136501214854,0.3983336601312143,-0.36603011326219775,2.5624068695696285,0.5409692677114543
196.3000000000447,-27.51658795790762,56.220458137911464,-0.18643782584890567,-1.9790842042975139,0.6003965803796494,-0.2799452291685997,1.987846410215636,0.6624540626079944
196.4000000000446,-26.87919023363935,56.31180722546201,0.5241091621572074,-1.717548531303209,0.7509179852358245,-0.21295060846391384,1.7957347719635381,0.780529168062143
196.50000000004476,-25.842474072231077,56.39483709887646,1.5759494808874088,-1.4839861819381213,0.9769285967686567,-0.1539789510270664,2.1646782103796807,0.9889888778665675
196.60000000004464,-24.94787200377887,56.447099494282554,2.4029259757848056,-1.2987342272824325,1.1456781131152085,-0.10755042381693619,2.731439883690699,1.150715183064179
196.7000000000448,-24.560914510194554,56.438605760825524,2.657883804065351,-1.1880445693563897,1.1781630700225982,-0.07944923869492769,2.911322073335431,1.1808388548376434
196.8000000000447,-24.8563975034811,56.332741124585006,2.2107371222716568,-1.1827041414927593,1.0474358378337152,-0.07637513066454416,2.5072191188833277,1.050216641918439
196.90000000004483,-24.561216450975635,55.96308376550269,2.3840838195901486,-1.4403734389107292,1.0633099664577788,-0.13423018272234294,2.785414027097421,1.071748956949395
197.00000000004476,-24.488692257229143,55.72614778769128,2.3198779177641646,-1.5456663234314305,1.0238492988292593,-0.1554880236329828,2.7876366220725095,1.0355886790644522
197.10000000004487,-24.623257252240467,55.32378912630787,2.0520319915862375,-1.807271903079258,0.9381812886346358,-0.21242329566606516,2.7344226129391744,0.9619292005578053
197.2000000000448,-24.71492361157157,54.963775295447064,1.8454589715640366,-2.0060476820595676,0.8686735434431269,-0.25350290074295434,2.7257927504531145,0.9049074238634194
197.3000000000449,-25.54336769590798,55.15853606020584,0.9189377385254573,-1.6363028894890583,0.634184757827809,-0.16208153752114918,1.8766815695361116,0.6545691192428318
197.40000000004483,-26.234455606813125,55.29890809493769,0.19925195250332572,-1.3488802387486363,0.45298164418801384,-0.09182416586006942,1.3635172309373158,0.46219481542654056
197.50000000004496,-27.237111722393923,55.75880729749358,-0.7763222087676851,-0.7651244060743376,0.21676119045515557,0.04537628394269366,1.0899961140281855,0.2214597499140288
197.60000000004487,-28.102150635849334,56.123122216886514,-1.5400791762237656,-0.3216947498744385,0.03501920822947635,0.1469318568963679,1.573318588568396,0.15104739493296188
197.700000000045,-28.448744356371723,56.11546533377151,-1.7285907141479244,-0.2833158317403564,-0.009410937643474275,0.15241251723383026,1.751654565704426,0.15270278699775577
197.8000000000449,-28.876418496846334,56.399116699136314,-1.9833119463445936,0.04193953111438026,-0.06813332431250513,0.22414692725964058,1.983755327852524,0.23427333369765244
197.90000000004505,-29.576141069379094,55.98130906766821,-2.4892331404242922,-0.35712741705274187,-0.18362228661791963,0.12661995748449326,2.514720982414818,0.22304653724316886
198.00000000004496,-30.350493791642677,55.6243210947993,-3.030072846631768,-0.6651255363222126,-0.30451876280326695,0.052422160211086935,3.102214279343556,0.30899799316569876
198.1000000000451,-31.395584753956676,54.85722851694018,-3.798214243463838,-1.3580079042890827,-0.4752133235956334,-0.10911743866115196,4.033685276191389,0.48758006352062677
198.200000000045,-32.3379341350237,54.19332499149858,-4.403715448469564,-1.8944311662898725,-0.6043247270232974,-0.23071596389469087,4.793910636933056,0.646868017208796
198.30000000004517,-31.686806598643983,53.690158585528636,-3.373871276036287,-2.2288604672474426,-0.3520447529979007,-0.30276126906700845,4.04361550715708,0.4643273566789043
198.40000000004505,-31.201128286825806,53.232707950833095,-2.587448391628334,-2.49128370951534,-0.16192774930858203,-0.35647797344171017,3.591849621105617,0.3915317886778181
198.5000000000452,-30.449757323055024,53.263670564312996,-1.5966356397186336,-2.246151110912404,0.07108405488645955,-0.29150797586135524,2.7558011864197964,0.300049733960698
198.6000000000451,-29.844679244192598,53.258233232732074,-0.828104958142802,-2.055522113786526,0.24727015672645522,-0.24065295557945374,2.2160615925479417,0.3450454686510928
198.70000000004524,-29.102414620724282,54.154838332672384,0.01726634928408155,-0.9805051700243634,0.4371596875455759,0.01366455183900736,0.9806571853925844,0.437373195785826
198.80000000004517,-28.533979260577723,54.83316908573419,0.6233162784455094,-0.20583596049017572,0.5672785867790768,0.1925996869275801,0.6564233585164935,0.599082326915649
198.90000000004528,-27.75846278872242,54.55735740273269,1.3876381759361245,-0.4417736832150141,0.7310093302822425,0.13354929155369305,1.4562636074889377,0.7431083731422934
199.0000000000452,-27.272817945650786,54.60399370843218,1.8026342115934615,-0.33862237191749384,0.8101207081105272,0.15432734733932144,1.8341633546579788,0.8246893305034894
199.10000000004533,-27.329414732901665,54.95728517373949,1.6436696143854623,0.06169421245830653,0.7545923173624877,0.2433859252916779,1.6448270356195223,0.7928721675355842
199.20000000004524,-27.352918417951532,55.25814360905262,1.5282283458882906,0.37836693648797903,0.7104196998390369,0.31102935086694466,1.5743707999717726,0.7755226669931061
199.30000000004537,-27.711987364715355,55.15494026064299,1.0858250958921014,0.2674276028622875,0.5916132048655217,0.278162078123692,1.1182726240241065,0.6537433180364788
199.40000000004528,-27.998705430042953,55.07485697319379,0.7482720435825928,0.18744656892245493,0.4998171528166899,0.25321878921569774,0.771393069328517,0.5603007598260477
199.50000000004545,-27.7507329035947,55.47647728108741,0.9682383057257168,0.5928982944241665,0.5391500113698413,0.3411773346448588,1.1353474376620103,0.6380319023649758
199.60000000004533,-27.53037591477625,55.81669484748612,1.1425221618528205,0.9051551812394243,0.5670022557940936,0.40553617301477385,1.4576223078868606,0.6971019621971087
199.70000000004543,-27.665754207502847,56.322855445898654,0.947735815142267,1.3577223754517942,0.5088105792062133,0.5008723199871405,1.655781756182209,0.7139756903715019
199.80000000004537,-28.331980858343456,56.29499468249443,0.23803326962996807,1.2423164509781026,0.33281853849407406,0.4625787278034349,1.2649150176282837,0.5698660008998394
199.9000000000455,-29.266901416860247,56.06604006280548,-0.6853489014395041,0.9344536314085187,0.11145529418872899,0.3806384611137957,1.1588385159101775,0.3966206256383733
200.00000000004545,-29.985513536808366,55.740596348491124,-1.3223150098910081,0.5533568511965435,-0.038511769580813704,0.28364855273308986,1.433429729756297,0.28625103993491824
200.10000000004555,-30.543808039633692,55.25499340125119,-1.750385295524866,0.04146784772696166,-0.1366721641882659,0.15863878566261885,1.750876427731203,0.20939327778229805
200.20000000004543,-31.044785216844634,54.84251831767892,-2.0880466048562902,-0.35846478783649605,-0.21164141323991736,0.06242730185939675,2.118592841527259,0.22065642029098928
200.3000000000456,-31.805210099875357,54.943415314380175,-2.6576379294295287,-0.21631973813394167,-0.3385424123232554,0.09387384690886683,2.6664271212708606,0.35131647282061573
200.4000000000455,-32.489256226637124,55.015333191840114,-3.1064664449630452,-0.11421279570963867,-0.43456363740314136,0.11532829860330107,3.108565318018129,0.44960668523920005
200.50000000004565,-32.937168592931656,55.034434759493536,-3.284491882706743,-0.07284987805443,-0.4657016817202971,0.12223070617815149,3.28529968683209,0.48147523497052525
200.60000000004555,-33.36871763847834,55.0444084541251,-3.431442653713274,-0.04404383017091715,-0.4889288286914118,0.12606785438500212,3.4317253014626505,0.5049202941403663
200.7000000000457,-33.15961159731024,55.16377290834859,-2.9277914437956216,0.09122397744463928,-0.3610752146586156,0.1544504851850101,2.929212275070496,0.39272161006831585
200.8000000000456,-33.03565140619755,55.063954917125244,-2.5469771821120437,-0.002618199081018041,-0.2646033539681747,0.12916242786629237,2.546978527817978,0.29444501643519516
200.9000000000457,-32.343117544614685,54.510778395504786,-1.6285609896589632,-0.5411160110864482,-0.04596762791946224,0.0015702942176108181,1.7161053098493377,0.04599444140841354
201.00000000004565,-31.96075137065576,53.95501591931511,-1.089820659701687,-1.0406725009783806,0.0797555711028905,-0.11405881169331743,1.5068869647738075,0.13917745380211505
201.10000000004575,-32.006755420960005,53.35556449540294,-1.019508518959834,-1.5449735959068847,0.09417968242323001,-0.2281102244968431,1.8510378257294269,0.24678753433133654
201.2000000000457,-32.061637931678206,52.826208063526416,-0.9636737919071914,-1.9400540269379287,0.10492009290460227,-0.3142499369692419,2.166212548354122,0.3313023525124488
201.30000000004583,-32.39025616409023,51.51009806263135,-1.1850546376364146,-3.0876674440755814,0.05126684984693371,-0.5725256578419442,3.307271494659579,0.5748164218083709
201.4000000000457,-32.68403942738612,50.360746341872996,-1.3547814438976273,-3.979394046890347,0.010807362407137852,-0.765615264343375,4.203690014874511,0.7656915384655725
201.50000000004587,-32.84757863304187,49.862689541725636,-1.3817067880115164,-4.151871525726717,0.0043270133545049265,-0.78780933232471,4.375745743776414,0.787821215214769
201.60000000004575,-33.00212005622447,49.38333262166816,-1.3976029038388458,-4.2906496320975425,0.0005486754546050457,-0.8016921256033407,4.512534558564349,0.8016923133591571
201.70000000004592,-33.36039988455315,48.8614182078549,-1.61522298635039,-4.4593153491741,-0.04981930316015266,-0.8221694016784507,4.742830239320653,0.823677417453984
201.80000000004583,-33.477952698399136,48.34525968795597,-1.5761577951605228,-4.607392058625774,-0.03962720492620809,-0.8374087457094985,4.869531289265234,0.8383458252779811
201.900000000046,-34.40423396944459,48.171621475815,-2.3456080998845183,-4.400974379933485,-0.21675398162849419,-0.7702687289008325,4.987028459019939,0.8001851056313845
202.00000000004587,-34.59575327970002,48.76894572288524,-2.3233293263844397,-3.4407658132679417,-0.20658339113212226,-0.5302620013268697,4.15171392807734,0.5690821448111201
202.100000000046,-34.70989564760139,49.74349325586403,-2.2252264789216607,-2.177639901777386,-0.17910314637195798,-0.22571652471301173,3.1134785087273555,0.28814212911140685
202.20000000004592,-34.83198912751988,50.53655058287822,-2.1422050014701046,-1.192185541661354,-0.15574845928396594,0.0075314104849625585,2.45160123879678,0.15593044831982686
202.30000000004603,-35.40905951997954,51.16666756972565,-2.5184470481070136,-0.4450399573237436,-0.23920352771316897,0.1802397474431548,2.5574667344334414,0.2995074193217874
202.400000000046,-35.924894483359154,51.696690715344644,-2.80414264376749,0.1443856962540918,-0.29977590791705094,0.3124568332051415,2.8078574030527457,0.43300677544823457
202.5000000000461,-36.63726763285311,52.05372293990399,-3.262911109561763,0.5153403838494603,-0.3989941671456684,0.3910623680086421,3.303356568723347,0.558682486828424
202.600000000046,-37.27896854228143,52.37400218851854,-3.615010071970843,0.8202020276336393,-0.471234266601117,0.4525557215258289,3.70688942195272,0.6533516779689604
202.70000000004612,-37.819861399844555,52.21910396031082,-3.83848271281025,0.6272038275180465,-0.5120398505517987,0.3974259929863406,3.889387378212207,0.6481760782798817
202.80000000004603,-38.78463084314878,51.81118903193708,-4.465805046534782,0.19615660329027013,-0.6453483302723529,0.2884895638877496,4.470110974760011,0.7068951095158729
202.9000000000462,-39.29102408505329,51.72101394859122,-4.586706460084358,0.11420368054468419,-0.6583910378580996,0.2628510295628157,4.588128009507748,0.7089213090845117
203.0000000000461,-39.606701786095876,52.01085242279482,-4.506827890858797,0.41651815021998584,-0.6246733104112453,0.3267216827376871,4.526034136778624,0.7049565963313557
203.10000000004624,-39.666028180131164,51.479557700463474,-4.1763450756453535,-0.12316186352135278,-0.5337482657148596,0.1942846592937967,4.178160723990072,0.5680085738706124
203.20000000004612,-39.7769154239676,51.04120606495292,-3.9215036734638984,-0.5290845291712601,-0.46242986911256556,0.09586232501262104,3.95703443250109,0.472261547454681
203.30000000004628,-40.18762450410232,50.421903727943956,-3.983930226941403,-1.0841734127259337,-0.46617459736221156,-0.03479829607557963,4.128817269146114,0.4674715784254522
203.4000000000462,-40.586667037211384,49.89125612284063,-4.028872843674587,-1.5080729700120394,-0.4657870541169346,-0.1320795489133077,4.301871740693751,0.4841514091935239
203.50000000004636,-41.40256281922506,49.344290633531344,-4.484538680561864,-1.9152451566440796,-0.5604460485686995,-0.223239243651259,4.87639735742527,0.60327069650552
203.60000000004624,-42.15400935411937,48.85316471647658,-4.839609718321245,-2.234896894610208,-0.6296380110509973,-0.29203816127180215,5.330720997689506,0.6940679452325045
203.7000000000464,-42.98298834545488,48.35809900757011,-5.243117731215126,-2.533169151506412,-0.7084368051807958,-0.3542981202933198,5.822991455731852,0.7920920811232445
203.80000000004628,-44.19777970368507,47.57566151495377,-5.998235178089322,-3.0939032274821763,-0.8667714524217298,-0.4758486888165494,6.749152719615468,0.9887996386435951
203.9000000000464,-44.452776127694435,47.10933624314207,-5.737105261624008,-3.2954445043702787,-0.7862921017129887,-0.5114727836609142,6.616217292708739,0.9380083569148375
204.00000000004636,-45.28794369418237,47.27579530560408,-6.072261483072591,-2.8499641010874024,-0.845650089459109,-0.39655771216443847,6.707805520160365,0.9340139682463494
204.1000000000465,-46.343952324384794,47.56759428862792,-6.599656941813286,-2.313085932460225,-0.9481169769874407,-0.2631530684738289,6.993270928583397,0.9839590131194463
204.2000000000464,-47.33298798960691,47.77942936302273,-7.017540421969876,-1.8966652203914587,-1.0228728118945163,-0.1607080313810812,7.269333706208825,1.0354206201652434
204.3000000000465,-47.56295833927025,47.170043247750776,-6.644778843046813,-2.3300277082936693,-0.912950880956449,-0.2572654838982868,7.041456880107894,0.9485066369006471
204.4000000000464,-47.861387711241164,46.6281026840472,-6.366897736203699,-2.662212787926444,-0.8275269096318455,-0.32817716548549813,6.90106975123965,0.8902252737992381
204.50000000004653,-46.936648037998125,44.605719313876264,-4.890153911775076,-4.442748464774896,-0.4666737792350115,-0.7325830046781108,6.606937202827703,0.8685978787498259
204.6000000000465,-46.23172922995161,42.84193970559986,-3.745192309944084,-5.826746368302484,-0.19094180845342956,-1.035876076660628,6.926574815808351,1.0533271193761613
204.7000000000466,-46.56417975917275,42.16054040943725,-3.721429905438434,-6.023516528338447,-0.18102518932065725,-1.0574376610496696,7.080380774242157,1.0728208266876516
204.8000000000465,-46.50562467008151,41.99598661278741,-3.3096027821799083,-5.6878933347598215,-0.08154342985299495,-0.9553094116540307,6.5806991394089875,0.9587832930057556
204.90000000004665,-46.01687017429597,41.759774116689776,-2.500814700702577,-5.447378996402417,0.107489522969764,-0.8775516290145328,5.9939980061471765,0.884110207572748
205.00000000004653,-45.6187887911016,41.83434507159084,-1.8449515432196926,-4.913855961969019,0.2567630084230548,-0.7337935762437242,5.248792871871322,0.7774189700740599
205.1000000000467,-44.88111131151658,42.403907512964,-0.9019572167657658,-3.926746420752218,0.4690219508729684,-0.48840621235994824,4.029002888279704,0.6771426870848388
205.2000000000466,-44.272666801608565,42.82506358142525,-0.16145981961313094,-3.162479439480317,0.6295134924847899,-0.30026060201806015,3.166598408147968,0.6974551357217507
205.30000000004677,-44.27817397546197,42.769713910427676,-0.09104627738593718,-2.931123391429135,0.6312401752118192,-0.23977918954813926,2.932537085939216,0.6752467834368489
205.40000000004665,-44.27973270323568,42.68613339413472,-0.023549582057506076,-2.745187710671061,0.6322519725832041,-0.1912071159194697,2.745288718811649,0.6605321476003981
205.5000000000468,-44.63075704834868,43.10917751335769,-0.3107907903340733,-2.0684980390715006,0.5511572742058751,-0.03020300179729618,2.091715815544531,0.5519842046903314
205.6000000000467,-44.9280293378018,43.43789370040144,-0.5235811962840653,-1.537878603241131,0.4891662624112767,0.09327631819015644,1.624563900685087,0.4979800235115153
205.70000000004683,-45.06362580263154,43.41375406269824,-0.560016501801957,-1.3998700395539458,0.4694166115100532,0.12305190064815445,1.507731610709037,0.48527695743225174
205.80000000004677,-45.384740778616376,42.95675295550923,-0.779498158168404,-1.703962588209806,0.40776870964684775,0.0498403779926196,1.8737945139760108,0.4108033396231126
205.90000000004687,-46.219964639160715,42.845976466462496,-1.4950899011185494,-1.6398381949241843,0.23275197868832553,0.06352491155803902,2.2190906060724247,0.24126520257133524
206.0000000000468,-46.81471626549722,42.960095693884895,-1.9164901358520476,-1.3567774085212339,0.12985817913097109,0.1275526625412568,2.3481438152489287,0.18202425225385518
206.1000000000469,-48.112334597522825,43.12006638752829,-3.005831957308501,-1.0501553899729839,-0.12521028396816775,0.19555072245243346,3.1839993873533277,0.23220185241090965
206.20000000004683,-49.24631002875801,43.24035466816651,-3.8478900765368045,-0.8071440874399848,-0.31715752658936325,0.2472564360658757,3.931633199956443,0.4021500240560494
206.30000000004696,-49.54930893533669,42.297952821634176,-3.796553234738648,-1.6419961331691812,-0.2979399211624648,0.048358075630512115,4.136419679571578,0.30183886446410785
206.40000000004687,-49.86617099834295,41.4891624497443,-3.7623135272300354,-2.279492503537231,-0.2831231128320417,-0.10027167433902673,4.398987286962823,0.3003549661558085
206.500000000047,-49.91683768379569,41.50093277262276,-3.4649134383633604,-2.0502302082528088,-0.2077562633116235,-0.04490229656828531,4.026048812692584,0.21255324317054042
206.6000000000469,-50.02548330343194,41.48390371813554,-3.247730846003253,-1.8672317868136792,-0.1526949231477269,-0.0015191495114558404,3.7462394736279756,0.1527024799089012
206.70000000004703,-49.991294811301124,41.455166667825345,-2.9046701391617837,-1.7100026063506104,-0.06978061535348082,0.034897386457034656,3.3706405223731615,0.07802026570476461
206.80000000004696,-49.668009985592,41.4487427150724,-2.2999286648724953,-1.5427485231811289,0.07176565118098291,0.07279094747851789,2.7694304232603013,0.10221952222668067
206.9000000000471,-49.86879572539539,41.77632329361718,-2.264015662071448,-1.0558449600064408,0.07841499819266234,0.18377163203827504,2.4981143884289647,0.19980221391057307
207.000000000047,-49.89673674675835,41.657935046210596,-2.058873712969206,-1.0511371962518663,0.12406850498140601,0.18060865890353237,2.3116769608446246,0.21911750637330116
207.10000000004715,-49.82525533257063,41.51292723002322,-1.7707915256808182,-1.0737152772324843,0.18785723889144434,0.1712051808901573,2.070885589303627,0.2541683618540055
207.20000000004703,-49.79512597773461,41.372754190811975,-1.54653639998295,-1.0901217877220377,0.2354009660570113,0.16344733526749972,1.892125880732705,0.28658095928833205
207.3000000000472,-49.88124517435792,41.40900806409831,-1.455900046727858,-0.9298883464447832,0.25092642187616515,0.19674185699810948,1.7275234536514958,0.3188595733087526
207.4000000000471,-49.97619416017747,41.42201184247618,-1.3816125160239026,-0.8056124343750658,0.262309665984397,0.22094573307795343,1.5993325291675957,0.34296264787028946
207.50000000004724,-49.58434528964877,41.240698421190054,-0.8287330312462744,-0.8849798122434045,0.38417128255624505,0.1974683720600088,1.2124304949798195,0.43195061327070755
207.60000000004715,-49.26835075326203,41.07817963654509,-0.39490810201709836,-0.9399502724182919,0.47566500591912253,0.18017947760684483,1.0195385837024356,0.5086470701839483
207.70000000004728,-49.46065950753331,41.065402432485904,-0.5019360890939523,-0.8419268318295553,0.4398932653177294,0.19869201178117665,0.9801941785633519,0.4826847837021025
207.8000000000472,-49.56778015434694,40.573339002564026,-0.516844000764256,-1.2293364456828941,0.42626498685273323,0.10445144509963467,1.3335650782058794,0.43887577217244844
207.90000000004733,-49.426635765221306,40.027964626384666,-0.2842594769322372,-1.6402142294983668,0.47021952432149927,0.006961199950868746,1.6646639807705068,0.47027104881960685
208.00000000004724,-49.29587515790567,40.118701601108796,-0.08101020457918834,-1.3857822215170068,0.5063690872673298,0.06567334747423917,1.3881480536018385,0.5106100675744857
208.10000000004737,-49.49434550684224,40.2668551598897,-0.2225264856500589,-1.0939220163861019,0.4619066089162417,0.1316874900784057,1.1163258550933957,0.4803116804780538
208.20000000004728,-49.665963487310364,40.376585613647315,-0.3274225626995215,-0.8631361555537342,0.4269465292947795,0.18204208545886866,0.9231519688484677,0.4641364667369631
208.30000000004745,-48.9804793431974,40.73151435812677,0.4285870760874358,-0.40630720771608075,0.5920010472530761,0.28353581031221325,0.5905695800083305,0.6563975896346225
208.40000000004733,-48.40415458967213,41.020144297237906,1.0162361573262082,-0.05138187369367969,0.7142792733009041,0.35910150616529946,1.0175342865974644,0.7994678054790288
208.50000000004744,-48.64461393165069,40.90177873030653,0.7433500229246947,-0.13004860307249297,0.634608170615377,0.3325894714096227,0.7546402425946094,0.7164797880640651
208.60000000004737,-48.8399187579761,40.79899608707195,0.5350558162983495,-0.18787582013139525,0.5717265610503791,0.3115129719349794,0.5670820490411749,0.6510849347775266
208.7000000000475,-48.94743350499569,39.628379851679334,0.42898495996050423,-1.3056384274273565,0.5339535157754475,0.045664876155613876,1.3743070250301772,0.5359026384738823
208.80000000004745,-49.25107203598919,37.674021779653806,0.13452758408446613,-3.1180217532106402,0.4534635984336518,-0.3747605762053254,3.1209225117542343,0.5882811611654275
208.9000000000476,-49.72359390935727,36.62335675374514,-0.3064748228371142,-3.889629146004534,0.340926973170543,-0.5446318056727101,3.9016844709024077,0.64253794034714
209.00000000004744,-49.94445378175904,35.83145619085729,-0.4635549824741475,-4.342754963784306,0.2966913348103901,-0.6368786681636076,4.367425316734086,0.7025953217275372
209.1000000000476,-50.243143781474345,35.516209866807515,-0.6867196150871648,-4.284703154250658,0.23818792998415977,-0.608709228302201,4.339385319350081,0.6536516003272692
209.2000000000475,-50.509987750959894,35.1794286220714,-0.8614907297417493,-4.251208790792427,0.1922360544047519,-0.5868739701776067,4.337619446233358,0.6175562787998622
209.30000000004765,-51.495541783317435,35.02305764802453,-1.739142048436237,-4.039265382526977,-0.015292542648387836,-0.5242524943971809,4.397758508049276,0.5244754901254386
209.4000000000476,-52.352852993213496,34.82594254175838,-2.421342234867489,-3.883070023437539,-0.1727935272406286,-0.47597960701972636,4.576148055436176,0.506373566998625
209.5000000000477,-52.76279875887184,35.42391866055595,-2.604921814411734,-2.9458385561266183,-0.2112738680695321,-0.24809914784724119,3.9323761846954928,0.3258678175143862
209.6000000000476,-53.14989198578794,35.87712753149107,-2.7511070714833377,-2.2245196630571944,-0.24021110744157398,-0.07545181370056545,3.537948254298488,0.2517823511070866
209.7000000000477,-53.719668125458035,35.96933874426152,-3.06745463615771,-1.9182459916118275,-0.3078527564977876,-0.0028370214914676534,3.617864788686868,0.30786582852637145
209.80000000004765,-54.225275077075416,35.68426123480868,-3.2947970090616687,-2.0114068810439067,-0.35333425847348277,-0.024327947211861788,3.8602389786168025,0.35417078821742065
209.90000000004775,-53.76082207346553,35.18425858140346,-2.537516423918291,-2.3114216205164477,-0.16993067645872292,-0.09318566844000029,3.432442207735762,0.19380403402491092
210.0000000000477,-53.30398672183052,34.73347869509446,-1.8458314759557652,-2.5390621334846415,-0.005949110708666827,-0.14370335598574593,3.1390970605135196,0.14382644555084437
210.10000000004783,-53.08818211538115,34.53944588072636,-1.4475615266574877,-2.4930755015593644,0.0863445443581665,-0.12973730960008228,2.882856193072147,0.15584335033195026
210.2000000000477,-52.92926320118077,34.33717818299112,-1.1368595695743315,-2.458545608287046,0.15624018237057896,-0.1187454084702974,2.7086705574802292,0.19624338618146994
210.30000000004787,-53.44334299541697,34.474127931375804,-1.520855012904043,-2.088508758272542,0.06377191953663748,-0.030374630102787986,2.5835767462292414,0.07063622211916885
210.40000000004775,-53.89608357069635,34.55596822515559,-1.8142847127948776,-1.8018309372226582,-0.005600633956661466,0.036662818294876984,2.5569950616717807,0.037088129449187324
210.50000000004792,-54.588253587535924,34.36732855453753,-2.3235780008332365,-1.8067710447634624,-0.1233168166074878,0.034671379061103576,2.943371592944362,0.12809817244677424
210.60000000004783,-55.2133630476182,34.18265108355529,-2.726524234699736,-1.8074614464336418,-0.21370142635224676,0.03370936269489439,3.271215566536234,0.21634375599559302
210.700000000048,-54.86160586702395,34.04855306097708,-2.1248415893416666,-1.7577911618305204,-0.06953274964740153,0.04442260547333465,2.7576768390087896,0.08251164251527028
210.80000000004787,-55.28200164316575,34.16253669768348,-2.338553977974617,-1.4649309699850006,-0.1173749042587583,0.11115985839074806,2.7595031173604605,0.16165822672293495
210.900000000048,-54.53667151115194,34.5444095712826,-1.3743181814200394,-0.9280514236363517,0.10845632544559189,0.23281670390847964,1.6583214129640682,0.25683923405112546
211.00000000004792,-53.93538763158257,35.42260140638549,-0.6281614377730997,0.06130256430661585,0.2786005441969882,0.45635694047695685,0.631145622099793,0.5346773983892967
211.10000000004808,-54.188419111219325,35.861942417095825,-0.7911667508512394,0.5361962789248484,0.23443605606497425,0.5556832928875003,0.9557464502604031,0.6031120844234471
211.200000000048,-54.41674641612766,36.244349457620814,-0.9175228383500642,0.9165094879105051,0.1997737867645771,0.630826267086147,1.2968568927695663,0.6617033664143637
211.3000000000481,-54.13131544006566,36.70213672417613,-0.5228197428279803,1.3411668191502173,0.28648186634625267,0.7144913235416078,1.4394682769273615,0.7697854968505646
211.400000000048,-53.90466404216306,37.11107359124597,-0.2177466174433853,1.6828119031720044,0.3504440512457907,0.7770121782004664,1.6968410328800454,0.852384278436314
211.50000000004812,-53.779912861655106,36.934264362437915,-0.03848995740861855,1.4128908111566667,0.3838134388092182,0.6965755773733298,1.413414985442089,0.7953177294663719
211.60000000004808,-53.67788858794602,36.81308462112779,0.10344250101940164,1.2176279098318707,0.40777421298960165,0.6352754231150676,1.222013943381449,0.7548871915679303
211.7000000000482,-53.60660241788749,36.25933980870215,0.20289457164073368,0.6051031032873341,0.42135098643791635,0.47884313616279656,0.6382131092427035,0.6378302304080825
211.8000000000481,-53.22425546017847,35.48472294622266,0.6035846885655782,-0.1812864397854418,0.504317315307013,0.28579984954868715,0.6302215876347673,0.5796701721846014
211.90000000004824,-52.98104909785577,34.31340658031229,0.8336435025552719,-1.3028460909226818,0.5458813677878148,0.01966813076569407,1.5467286206652848,0.5462355746980527
212.00000000004812,-53.16735723081169,33.27120154414636,0.6168860014731276,-2.209361646394899,0.48309448633265256,-0.19054632201799324,2.293867307272651,0.5193151100821102
212.10000000004828,-53.32377710939581,33.16260400740521,0.445526591784976,-2.115564212099393,0.43226513570978853,-0.16443339321989722,2.1619680570034476,0.4624840411906245
212.2000000000482,-53.455058353739304,33.031418865296295,0.31144806171368605,-2.05112893707275,0.3912383816247445,-0.14571882676731945,2.0746396823647233,0.41749424873977997
212.30000000004836,-54.49118065858128,32.74730404650375,-0.7145054352822744,-2.143670641877281,0.14478929583754283,-0.16376032549053413,2.2596109926034758,0.21858953404474143
212.40000000004824,-55.3763912961406,32.471519148845296,-1.5113523428978166,-2.2204107304400913,-0.04294403042233699,-0.1777280120874739,2.6859653229772382,0.1828426537476414
212.5000000000484,-55.88440609258708,32.71856811758877,-1.8709286018713294,-1.7700272160539563,-0.12515297967015687,-0.06940095246912173,2.575532989280457,0.14310751386262008
212.60000000004828,-56.34823092292961,32.8974072076967,-2.15847948923518,-1.4221596350852148,-0.188793681925557,0.012698275959790034,2.584873639680415,0.18922024349249572
212.7000000000484,-56.5783029006435,32.56634687368927,-2.1905874236985743,-1.609065169521159,-0.19185465032297147,-0.03084376968288087,2.718044146189041,0.1943181540124346
212.80000000004836,-56.74560717746592,32.142554653332,-2.1572635501362267,-1.8738622763460513,-0.17970447299334427,-0.09140168494678771,2.8574719343257184,0.20161340636209546
212.9000000000485,-56.46983631172046,32.27651309055275,-1.6847475438602992,-1.5624485739231786,-0.06621042511122625,-0.017228471579678148,2.297742333835081,0.06841520756660084
213.0000000000484,-56.02910748015659,32.165360370367225,-1.0841974498703983,-1.5191683225942598,0.0742833837113918,-0.006815169077062446,1.866375230943481,0.0745953592736359
213.1000000000485,-55.4364878434961,32.06868219592084,-0.37881802245601137,-1.4647914286807415,0.23578283745134132,0.005924840088345642,1.5129828233241944,0.23585726651235087
213.2000000000484,-54.94831558443636,31.962260344967138,0.16760017831672436,-1.424326486276259,0.35676317879466635,0.015150959728037145,1.4341533248854086,0.357084748098201
213.30000000004856,-54.88588283129745,32.34380227299024,0.2469952340912004,-0.9009440127909337,0.36687929208552944,0.135906264384851,0.9341877540663852,0.391242798860534
213.4000000000485,-54.82894259312111,32.646623679982085,0.3139715795601264,-0.4966380255256823,0.37388775264600005,0.22631420031604596,0.5875606191445518,0.4370471014014026
213.5000000000486,-55.614042100893144,33.15464861224062,-0.4638324934549563,0.08039247959315243,0.1852596356380384,0.35459704248232116,0.4707478441371532,0.4000752368417068
213.6000000000485,-56.27939544513087,33.576877124448885,-1.0627992431548634,0.5266692977707339,0.04237750901625423,0.4496563389404148,1.1861377577941226,0.45164884193333193
213.70000000004865,-56.77692749696434,33.6933100106639,-1.4485075856787781,0.6329140684939579,-0.04785242552339963,0.4638357668099711,1.5807449015785366,0.46629762298414773
213.80000000004856,-57.013586365231625,33.73993665793765,-1.5445066129370613,0.6603873179524066,-0.06895845520773791,0.4594600912584458,1.6797654857505218,0.46460611705385124
213.9000000000487,-56.55509947091807,32.89479767455018,-0.9404981440844438,-0.20359964270670217,0.07239917659125505,0.2489099827090254,0.9622835203496836,0.25922542364378354
214.0000000000486,-56.724645231704095,32.19589824081978,-1.0088220256547873,-0.8558567666840784,0.05491440940677607,0.09222414388607822,1.3229560402844658,0.10733538594524675
214.10000000004877,-56.37813192688791,32.178694536476655,-0.5579433835573484,-0.7789768672477608,0.1579729056520981,0.10787946278758158,0.9581783649000628,0.1912940600528513
214.20000000004865,-56.10581055365012,32.145750276269766,-0.21608946855438077,-0.7239471094232247,0.23341940550235685,0.11811661050362424,0.7555091499527701,0.2616030438315628
214.3000000000488,-55.783876278744685,31.66046050690839,0.1483010158842399,-1.1240177782299645,0.31233489743500964,0.022810832890691038,1.1337588619672718,0.3131667642852687
214.4000000000487,-55.517146360490514,31.23275114078105,0.42890194892190436,-1.4359352739412,0.37003622709084566,-0.0498918244602362,1.498621697673431,0.3733845249974869
214.50000000004883,-54.975040944268386,30.669584971808877,0.9613420535743888,-1.8586216918662923,0.48467566594662825,-0.14654311767768496,2.0925231509941633,0.5063451258771071
214.60000000004877,-54.51758185094226,30.161022001532906,1.3673194709421619,-2.193995641500544,0.5674001526805817,-0.2207546879900304,2.5851845989292404,0.6088313112279322
214.70000000004887,-54.49128565174811,30.145178041484357,1.311225958393396,-2.0122053099082717,0.5412915135624021,-0.17358201942297935,2.40172515563037,0.5684428028585072
214.8000000000488,-54.807379475226824,29.890345631777343,0.9171768317125796,-2.082102963047477,0.4375871878333351,-0.18573916453142533,2.275162870952629,0.47537520359892393
214.9000000000489,-55.28791880889562,28.879579301557495,0.3887180372509125,-2.8991958667998685,0.3051813255025214,-0.3705091036779994,2.9251390371320203,0.48001316371923636
215.00000000004883,-55.25546054175872,28.760845690289518,0.41132751218050945,-2.7638792219069463,0.30335133496936806,-0.3306248389292216,2.794319000322897,0.44870348398989673
215.10000000004896,-55.72486841289253,28.571214591292268,-0.0684092048067525,-2.7088745724813372,0.18532540662781882,-0.3102469153946599,2.709738228821788,0.36138435889460907
215.20000000004887,-56.122301697931576,28.374748856134964,-0.43987752092367133,-2.6642208963582026,0.09508280035239255,-0.2927356381299504,2.7002898396293795,0.3077903389552736
215.300000000049,-55.986183127357364,28.6528576339324,-0.25143486021222383,-2.149617036180071,0.13648656802057785,-0.1668874114347751,2.1642719078631347,0.21559218757978157
215.4000000000489,-55.88206885799893,28.854192033888655,-0.10970943822612345,-1.7507926815884738,0.1661223518723608,-0.07074150803773542,1.7542266600241971,0.18055746107834325
215.50000000004903,-55.99733175512232,28.41980994979983,-0.1978121500039831,-2.015811852437947,0.14189227758957176,-0.1304276099527357,2.025494278224085,0.1927298105575239
215.60000000004896,-56.100360654802564,28.027128923038187,-0.26725452020690105,-2.2185638462403974,0.12254069608440192,-0.1743245791655527,2.2346029889929007,0.21308514987698415
215.7000000000491,-56.332923533254316,27.26359462966341,-0.46065005962627176,-2.774705586120235,0.07495527062807997,-0.2989769453950711,2.8126836948154206,0.3082296326972733
215.800000000049,-56.276191621846436,26.98295798814147,-0.35112953860949087,-2.806267998686636,0.09856291455908193,-0.29936214581411746,2.8281499311982756,0.31517033882142814
215.90000000004915,-56.334339739710714,26.871865051533586,-0.3647099947955738,-2.665836719419195,0.09313986701170794,-0.25994067685509387,2.690668837837069,0.276123505538451
216.00000000004903,-56.80611106321539,27.097684397025084,-0.7894723265256351,-2.200042423708304,-0.007301395146347145,-0.14614537903120553,2.3374030932781165,0.14632765351517749
216.1000000000492,-56.945125150366664,27.283870415287208,-0.8500000428361476,-1.809313830918018,-0.021138003669653772,-0.052352711877461086,1.9990289171426927,0.056459026205406264
216.2000000000491,-57.081731900341794,27.417325904352424,-0.9034152009123233,-1.5011205324847685,-0.03300866534812817,0.020171772395029652,1.752005102243372,0.03868426540108521
216.30000000004924,-58.66916502696506,26.841965406119673,-2.3978382217345526,-1.9228033455225066,-0.378040598326505,-0.07786850299618271,3.0735648428435125,0.38597693939136885
216.40000000004915,-60.03727419722141,26.337708918952355,-3.557709617066238,-2.2409688122113427,-0.6376766453035808,-0.1496872561814992,4.204668707124203,0.6550097546058185
216.50000000004928,-59.768958387519454,26.6344601614428,-2.9966344182915585,-1.7363634950390465,-0.49309376165853613,-0.02946260805731596,3.4633475170409627,0.49397318050690187
216.6000000000492,-59.59319128899564,26.863148913899316,-2.5699008513886876,-1.3383979481124482,-0.3829418090801011,0.06330469177657722,2.8975333394941143,0.38813903841596253
216.70000000004933,-60.206370960547105,26.60125836214751,-2.9610961908000637,-1.459937008672663,-0.46459988686978443,0.03371686029835834,3.3014400979667538,0.46582172721739323
216.80000000004924,-61.11739945458991,25.7100193041924,-3.61777668333698,-2.199088883545037,-0.6057992912116748,-0.13809625290866012,4.233709962695611,0.621339968374786
216.90000000004937,-61.24178012673512,24.45690808860074,-3.4388628838337616,-3.2414067375877744,-0.5503826481915968,-0.3760835842819302,4.725726988759388,0.6666032716666929
217.00000000004928,-61.14493983092856,24.007121120101534,-3.0521422616615412,-3.4023010643499014,-0.44816371042666486,-0.40461082186676334,4.570691951761451,0.6037885627561135
217.10000000004945,-60.823749406698184,23.93878937835369,-2.4707507685490917,-3.1699028719795237,-0.3032649781568352,-0.3414736988210048,4.019066256989297,0.45669895331932175
217.20000000004933,-60.590586020779234,23.838422235419984,-2.021190507402676,-2.986566316775873,-0.19222360198296284,-0.2911499216252164,3.6062153889798223,0.3488813408906733
217.3000000000495,-60.46112032901341,22.97643312417899,-1.7091564705802067,-3.5753793332828945,-0.11557392264790646,-0.420658889531367,3.962897073832807,0.43624675693692794
217.40000000004937,-60.3744048291122,22.207503894965736,-1.4635060648728602,-4.02514618862164,-0.056058407130769594,-0.5149971381481611,4.282948965572081,0.5180391851113535
217.5000000000495,-59.885900316942056,21.453033628143586,-0.8364392647657671,-4.424671823409919,0.09033621491750682,-0.5955271308753055,4.503038017663137,0.6023397673524431
217.60000000004945,-59.48502871788137,20.761920634591753,-0.34521878099914255,-4.728940121202624,0.20190981381355633,-0.6521520632981663,4.741524087956785,0.6826931130297716
217.7000000000496,-59.453308297457475,20.390296482054215,-0.2600479934683184,-4.690030030430685,0.21694554247994716,-0.6280584285629621,4.6972339355463815,0.6644717887848182
217.8000000000495,-59.44929781554639,19.900342156049778,-0.20953506536826286,-4.770577840927154,0.2236138487665103,-0.632163756467938,4.775177261627475,0.6705476629978112
217.9000000000496,-58.88954853334799,19.687396269830916,0.3901636697586015,-4.567557863476295,0.3572043942256367,-0.5705591164494948,4.584191589081289,0.6731513088583667
218.0000000000495,-58.497870367195404,19.37342951235898,0.7753993477068197,-4.4795366842483295,0.43807900131745625,-0.5369896138095941,4.54615145523669,0.6930159137672647
218.10000000004965,-58.05654259603649,19.401246571561245,1.1794025767418561,-4.056635206161122,0.5214248829569602,-0.42670866169897753,4.224604080134755,0.6737686476347887
218.2000000000496,-57.66937473602577,19.36580493199305,1.4971317084895261,-3.7283944750792553,0.5828791861473389,-0.34088313426253836,4.0177516989438615,0.6752402956492125
218.3000000000497,-58.48206095605724,18.648386430425283,0.5938488936201002,-4.104027913036907,0.3603805746717226,-0.41991353038237994,4.14677002249219,0.5533547972132481
218.4000000000496,-59.15336989526366,17.989603372221527,-0.099768490883822,-4.3913449993802285,0.19154502566749565,-0.4766796455716737,4.392478190652171,0.5137246162685782
218.5000000000497,-60.26052396211725,17.585018485288117,-1.1744908570924633,-4.402223162335172,-0.06156800694938824,-0.4681668243221122,4.556204291336602,0.4721978344672616
218.60000000004965,-61.212312579309426,17.188855165129645,-2.011445348913421,-4.4028199322732124,-0.25380694086836597,-0.4574719622653012,4.840530523371145,0.5231620776507252
218.70000000004976,-62.447162777226744,16.772290194016566,-3.0652593457614206,-4.422663579888196,-0.49177693505746845,-0.4514781196932849,5.381056401641522,0.667590478074921
218.8000000000497,-62.84060371649497,16.548972168276872,-3.198565676381101,-4.2474634054559335,-0.5112435268445944,-0.4004916250875697,5.317120251302447,0.649433203267112
218.90000000004983,-63.762013111839124,16.00523807976004,-3.84636399930266,-4.404044241396393,-0.6493083880746711,-0.42745598104038995,5.847231968659041,0.7773802149214565
219.0000000000497,-64.82810119794851,15.221649180357376,-4.586870207392494,-4.7865146070044515,-0.8056303063466608,-0.5060651633099362,6.629487188503485,0.9513895837248414
219.10000000004987,-66.29729919725968,14.84619108771103,-5.670013376691916,-4.731807378467284,-1.0376181164764984,-0.4816965327074208,7.38505604303601,1.1439767940227579
219.20000000004976,-67.61582734803508,14.462064235387142,-6.5172199444902965,-4.688869313538131,-1.2096443857796324,-0.4606150458356862,8.028676805321139,1.2943746600186499
219.30000000004992,-67.2252235330883,14.295852546601852,-5.593875475394941,-4.431135069269564,-0.9680009228312442,-0.390319507568963,7.136273595955775,1.043731337361784
219.40000000004983,-66.98582926265127,14.093251690220368,-4.890169829595563,-4.22864293940245,-0.7827712678517786,-0.3344330597961082,6.464919339886994,0.8512204939138086
219.50000000005,-65.34257091274868,13.607371746705983,-2.8405409494574005,-4.323191867175477,-0.2903934162760128,-0.34857233788449576,5.1728774203490016,0.4536860268453468
219.60000000004987,-64.00052804737027,13.138684650215279,-1.2483422674609987,-4.392539888661777,0.08474613047450408,-0.35655318849094425,4.566482792063765,0.36648612914196427
219.70000000005,-62.40431554513885,11.92102699967867,0.4740835406841073,-5.201804716198291,0.48133865119776303,-0.5355593037078608,5.223363620217375,0.720076846541347
219.80000000004992,-61.43610236046568,11.6428231762352,1.4370544076436627,-5.011654861932278,0.6930235075975805,-0.4791680297203619,5.213617729145235,0.8425458935802531
219.90000000005008,-61.19303017503807,11.544031026027206,1.601886522089657,-4.656372001846954,0.7151282150669532,-0.3858713412358449,4.924209647165391,0.812591567746058
220.00000000005,-61.24294416737455,11.979251818637792,1.4605496064007648,-3.7956723903537553,0.6658767462671791,-0.17778467090515382,4.066980949998563,0.6892018792982352
220.1000000000501,-60.927505771981075,13.028197701664071,1.6925474490172607,-2.3895913911922526,0.7041511356803386,0.15168329556421217,2.9282868513919467,0.7203031611989016
220.20000000005,-60.636899900945,13.877415881094747,1.8803360397841453,-1.291220681688283,0.7313102772716997,0.4023263497804402,2.2809898007949703,0.8346743157488814
220.30000000005012,-60.58895986204961,13.83269464824061,1.810274349433036,-1.1689183114734991,0.6981768011410385,0.421316530636069,2.1548696571053334,0.8154498541533667
220.40000000005008,-60.52147634355069,13.785865368656415,1.7635110374909249,-1.0590941922271757,0.6712010333127344,0.4369799438500282,2.0570978798690285,0.8009134150750981
220.5000000000502,-61.69309937207784,12.886824906840973,0.4845408547478587,-1.8076282621192488,0.3597281388672746,0.25366474078700346,1.8714432328906054,0.44017057444978175
220.6000000000501,-62.66569142090033,12.111309683861263,-0.498364973695961,-2.3759714078409053,0.12396900510154099,0.1162858029457437,2.427675385607489,0.16997265130779785
220.70000000005024,-63.38324417615336,11.744005767067879,-1.1517126688483572,-2.4941258334257803,-0.03007816269815558,0.08625521071184945,2.747199618620323,0.09134909548672207
220.80000000005012,-63.906355782573165,11.649865572252551,-1.5609292075636312,-2.3312596041733396,-0.12407111981105634,0.12194508999820733,2.805578609320306,0.17396622587686492
220.90000000005028,-64.17160882764888,11.033255802987151,-1.6814552197888948,-2.701669287248212,-0.14908883753155014,0.03341400381080606,3.182186134376112,0.15278735918647693
221.0000000000502,-63.64579683296932,10.07200168918693,-1.0043548887755853,-3.38690176841388,0.011035721226565376,-0.12591565048035064,3.5326806155513815,0.12639833139278497
221.10000000005036,-63.24774862911499,9.039447794025442,-0.5067554844525175,-4.090039422877168,0.12592028397500132,-0.2857016555078622,4.121313334570923,0.31222004079859794
221.20000000005024,-62.916901548319586,8.10856173034865,-0.1147473603308144,-4.6370451161720005,0.21371367402988237,-0.40566286173625027,4.638464656124642,0.45851487637741367
221.3000000000504,-62.60960046274967,7.547760993830059,0.22309933426453166,-4.772310682277516,0.28694314994315784,-0.42757540291378515,4.77752263847377,0.5149340700285691
221.40000000005028,-62.344413055763276,7.001645972184714,0.4923002004901802,-4.8815554876642855,0.3425941507861864,-0.44295994369627245,4.9063166904051325,0.5599859497097344
221.5000000000504,-61.817398245773944,6.478345318987477,1.0007854420520266,-4.958654097814003,0.4523256393227286,-0.450550166869341,5.058638350662249,0.6384308395235198
221.60000000005036,-61.358858039982884,5.957234626929056,1.400836855619317,-5.026612491232896,0.534427453177969,-0.45584979730058,5.218158394786421,0.7024327301665763
221.7000000000505,-61.43710100076525,6.098732667413433,1.2341377513555745,-4.428265530695209,0.48348865673385344,-0.3068498770604604,4.597024211341976,0.5726413609252528
221.8000000000504,-61.66691882786973,6.314175832845661,0.9282166187759616,-3.801704973972803,0.4015138420333798,-0.15476931143842582,3.9133804824603278,0.43031024285686054
221.9000000000505,-62.1443522842199,5.870832872458838,0.3983242932306871,-3.8793385677386296,0.26961097781047944,-0.16915179069425545,3.8997346019597448,0.3182803915590718
222.0000000000504,-62.853099954834136,6.044445399947638,-0.32173487923522653,-3.3360423077437025,0.0967573674766477,-0.03952402335057739,3.3515207908608344,0.1045185944357655
222.10000000005056,-63.42783476464176,6.269591329807749,-0.8529985661678761,-2.783214277788598,-0.028411033006156328,0.08930984062578895,2.9109943782100918,0.09371997881498229
222.2000000000505,-63.92874224668615,6.41969690393148,-1.269694250841965,-2.3479623570090276,-0.12417317145515874,0.1879565788837348,2.66927906382089,0.22527017568890442
222.3000000000506,-64.67346953928106,5.946128397343187,-1.8968555895148165,-2.567949257216451,-0.26641927612512717,0.13270449417395616,3.1925576760823167,0.29764024167609177
222.4000000000505,-65.331176174339,5.516055561309998,-2.3883768865874315,-2.727945773825024,-0.37398808058919725,0.09261211405784883,3.625745757401487,0.3852844249292409
222.50000000005065,-65.25946377110127,5.228588411690905,-2.1145670869191884,-2.733761506039692,-0.3019772750526588,0.08912344816564537,3.456131643468794,0.3148543530922887
222.60000000005056,-65.2345751471637,4.941516146439382,-1.9078318911342849,-2.738936057826465,-0.24715317880140714,0.08586387003467758,3.3379025230960533,0.261643455811477
222.7000000000507,-65.52651669609381,4.716994572242701,-2.032082347994707,-2.6815967364442184,-0.27018469322354244,0.09714485002596203,3.3645682822525633,0.28711825149033354
222.8000000000506,-66.11563505860218,4.118507224006385,-2.442168873677585,-3.0014129044965916,-0.3588231133344028,0.020894491950155414,3.8694532211719928,0.3594309481066548
222.90000000005077,-66.45085096467898,4.464982069211658,-2.5669101916023425,-2.3553186739772163,-0.37938426905097744,0.16991126693989292,3.4837557302052287,0.4156949148551904
223.00000000005065,-66.58791739934011,4.500462771948984,-2.4837983184854218,-2.069212104315704,-0.3513743445225796,0.23218210183724478,3.232784066336264,0.4211560974297216
223.1000000000508,-66.25303391547297,4.249116359914443,-1.936184011044065,-2.091403243774783,-0.21653095870476238,0.22167479655880046,2.8500484298857747,0.30987960808512244
223.2000000000507,-66.00273154035446,3.999693606785142,-1.5145591993452159,-2.1104660719097508,-0.11396053356856932,0.21213448307511426,2.59768293080649,0.24080706410065914
223.30000000005083,-65.78141221868111,3.786344889416393,-1.1540578728326454,-2.0926023668347207,-0.027906905113653374,0.2113593833429007,2.389735181882981,0.21319377167289316
223.40000000005077,-65.61402865643798,3.568380825098937,-0.8750167504363737,-2.081189205732726,0.03730638066761274,0.2091096222400071,2.257654274596234,0.21241139364891728
223.50000000005087,-65.50873718309396,3.7537876627403137,-0.6794263378412105,-1.6693198953907133,0.08170096542781613,0.29957378319243594,1.8022899493975937,0.31051489389088216
223.6000000000508,-65.42748792778012,3.8712251406012297,-0.5230497721707263,-1.3575877676040524,0.11599457737369176,0.3647738650191989,1.4548627464183703,0.38277240572061366
223.7000000000509,-65.24702153138513,4.1104946527055874,-0.28015924767919786,-0.9493530806891828,0.16951319998509945,0.4507950803780423,0.9898285083155648,0.48161284187844694
223.80000000005083,-64.10910089968827,4.245930383648299,0.89736337093971,-0.6770410445631759,0.4380587093995047,0.5033745945220727,1.124119920438863,0.6672940995475838
223.90000000005097,-64.02182687803005,3.8021999436968246,0.9365346736249591,-1.0037789730262294,0.4369863129906354,0.41612282269580547,1.3728326269401527,0.6034196229072057
224.00000000005087,-64.01672022624669,3.5653325621777245,0.8898533747462414,-1.1001994764793515,0.41607322956414955,0.3841833073882504,1.415018698319112,0.5663159418873147
224.100000000051,-63.9818502646942,3.284571175980437,0.8754828574820016,-1.2337739937592556,0.4031204729038339,0.34438574644414355,1.5128345915603314,0.5301958676075292
224.2000000000509,-63.93603075587523,3.0239692195047887,0.8722201465352046,-1.3377431328778366,0.39303767517970795,0.3123594762412249,1.5969735982738422,0.5020428831368511
224.30000000005103,-63.79563415960664,3.442866416183449,0.9625347402643306,-0.7575344286214436,0.4048411105453818,0.4393867159805577,1.2248802132300691,0.5974587943681114
224.40000000005097,-63.66180223785817,3.7742626388848968,1.0384352301050317,-0.31021324986339843,0.4130361344047923,0.5327257129063887,1.0837804148046326,0.6740886688824207
224.5000000000511,-63.72266459895798,4.4824793277225075,0.9136144420527681,0.4767776020282662,0.37459647793726986,0.7025013653500467,1.030537835561225,0.7961348438560438
224.600000000051,-63.75783047643412,5.0749180535943434,0.8231716644878844,1.086177478965694,0.34500103471538557,0.827255649605672,1.362862100517886,0.8963133513226215
224.70000000005115,-63.493457523573305,4.914672024503815,1.0373033074177256,0.8969615602965322,0.38656611850477884,0.7643308949274621,1.3713271645487601,0.856525003088915
224.80000000005103,-63.3239335298847,4.469268312747083,1.1395731279955743,0.43656282315309325,0.40128562911432214,0.640112954568902,1.22033356612404,0.7554963605078495
224.9000000000512,-62.596937141428704,3.7425935617087385,1.788365028235584,-0.2699580713846912,0.5421247194649752,0.4618189025547805,1.8086256756227375,0.7121628396735398
225.0000000000511,-62.023821056474695,3.6740243233293883,2.2326281301540263,-0.2674885501563412,0.6323788427986622,0.45170426296128235,2.2485947816402594,0.7771356007781206
225.10000000005124,-61.85436424186355,3.4977143109287803,2.239119017717965,-0.37354911403068547,0.6192481104094196,0.41671080470253136,2.2700645180477523,0.7464021148157794
225.20000000005115,-61.68007891548155,3.340541225447115,2.2485254482185617,-0.45330708150900767,0.6070958408568332,0.3886132413922698,2.2937641555819765,0.7208228710099812
225.30000000005128,-61.32571707052746,3.4541183032561538,2.435218444556066,-0.25808967630455937,0.6362472421202834,0.4247925984809819,2.4488567033865127,0.7650224211288785
225.4000000000512,-60.9955224021072,3.540351601376431,2.5820110136422354,-0.10611832751010415,0.6554915154322032,0.45012805941982914,2.584190777400799,0.7951631258305855
225.50000000005133,-61.622566654991275,3.4445739470205536,1.7624826457740514,-0.14818302169098538,0.4506927291757109,0.42997912789203085,1.7687010161619094,0.622901265494494
225.60000000005124,-62.13149192093812,3.3487796679230915,1.1227904576701322,-0.18798865666896736,0.2922452338809657,0.41081914957540816,1.138419143756511,0.5041623254310083
225.70000000005135,-62.3879065377566,3.6634152272449603,0.7832953867192772,0.18318864344101365,0.20692691572978095,0.48720018145727495,0.8044313158632381,0.5293229309839519
225.80000000005128,-62.5809564271036,3.547622744728799,0.5326303150837979,0.09589078310818974,0.14413722858087846,0.45572689712833025,0.5411932139553929,0.4779775574534772
225.90000000005145,-62.77202782289599,3.3715069037990735,0.30293913816986606,-0.045791165110300014,0.08765360302701941,0.41239789856248876,0.3063804044603048,0.42161022385892766
226.00000000005133,-63.04591573424053,2.9232592416562992,0.00826558520736459,-0.4485535675482714,0.017440633228589658,0.30965988061175653,0.44862971687027364,0.3101506365427959
226.10000000005147,-63.05436229461569,2.9713324140488933,0.0006856215932615137,-0.326561681233307,0.015283139271469827,0.33072243510153554,0.32656240096939076,0.33107537423595934
226.20000000005135,-63.07131589796341,2.991094612934241,-0.014818345064339891,-0.2429215258099286,0.011342026414760707,0.34242338417799506,0.24337306969397754,0.3426111726069422
226.3000000000515,-63.40753934749822,2.045495959810865,-0.3471842700417526,-1.1281187531996515,-0.06582683151550721,0.12967353686654268,1.180334206352235,0.14542488752221738
226.40000000005145,-63.70098971594768,1.2265743270552776,-0.6111677904472695,-1.8191690340403626,-0.1253870145445292,-0.033229659624374325,1.9190888573725666,0.12971551061897627
226.5000000000516,-64.21782548396196,1.3345788830295031,-1.0770339032028367,-1.5335292217858472,-0.23028280228638137,0.03363366585189641,1.8739567504933095,0.2327260030755172
226.60000000005147,-64.67055754691374,1.3931311785249116,-1.4426060404835046,-1.3192498270386692,-0.30954429591297783,0.08243769219112634,1.954873984220224,0.320333645167129
226.7000000000516,-65.06917566065219,1.2181494011519582,-1.7253899754676474,-1.3543064877556215,-0.36781532406238016,0.07241837150926345,2.193425774951415,0.37487669058927553
226.8000000000515,-65.94043278947593,1.0423043006681185,-2.456348378536351,-1.3876830810479523,-0.5284414584302971,0.0630196408083017,2.821225210819742,0.5321859168707368
226.90000000005165,-66.13631018191033,0.6067800075295144,-2.4569960539876257,-1.6773002919636344,-0.5163636759212401,-0.005453330812998092,2.9749228357609643,0.5163924715057836
227.0000000000516,-66.05639749046314,0.06704723365825516,-2.1817108957356375,-2.0483787492222443,-0.4407170458514569,-0.09119128306581648,2.9926105548228095,0.4500526242687904
227.1000000000517,-65.59229561923685,-0.982349446004694,-1.5439601469274968,-2.89832767410879,-0.28294960985304873,-0.2857515537892036,3.2839178189786127,0.40213733003656427
227.2000000000516,-65.22798718523458,-1.9085798465205968,-1.0541526998194164,-3.559409580700101,-0.1630654844437242,-0.4321077905101134,3.712227697450176,0.46185224351127546
227.3000000000517,-64.69009617793445,-2.789992569440226,-0.428835257856957,-4.123902419741726,-0.014599602544756396,-0.5527276580832432,4.146139269963433,0.552920439488948
227.40000000005165,-64.24469984704787,-3.593192441779726,0.05616402353038452,-4.565716509545426,0.09796258558736322,-0.6421697603353395,4.566061940345837,0.6495988525729619
227.50000000005176,-63.6983371543525,-3.4130096406136956,0.6041218875221349,-3.9924496826746942,0.2224882245119848,-0.49466187969253445,4.0378976861322995,0.5423941235554149
227.6000000000517,-63.22570607565478,-3.3187868605430704,1.0358830726223858,-3.5478978495939577,0.3172456135408303,-0.3803506596231828,3.6960293412389227,0.4952892120637074
227.70000000005183,-62.93368426772514,-2.799244301498511,1.2537303967691686,-2.71309646055238,0.3603127066243796,-0.17838434292801625,2.9887676912140275,0.40205250945224347
227.8000000000517,-62.51633554398984,-2.132272721800586,1.578810623039407,-1.795403439045152,0.42719597275517995,0.03808901951827903,2.3908401227094296,0.4288906300516582
227.90000000005188,-62.67627864762481,-1.5784834744611234,1.3028107362582821,-1.0612981752908492,0.3534472196126247,0.20707287146848954,1.6803778239983809,0.4096390010119893
228.00000000005176,-62.756306551236015,-1.5605696117593366,1.1269015811928427,-0.9180595432743502,0.30456501815775144,0.23542549613391645,1.453526917085486,0.3849480672965279
228.10000000005192,-63.836204304536814,-2.093435564302866,-0.032122428360779276,-1.3350393224001837,0.029330183172671664,0.13349268655959395,1.3354257159267733,0.13667683421063156
228.20000000005183,-64.73540145788162,-2.5567470677172053,-0.9218461757402634,-1.6508836545888563,-0.17722237086792095,0.05732031926094305,1.8908244796161295,0.1862616110104907
228.300000000052,-65.74734335759253,-2.9558025353691075,-1.8548766133913188,-1.8784969957959265,-0.3890162583127542,0.0033263490739921103,2.6399466309227484,0.3890304793069787
228.40000000005188,-66.6232026907328,-3.318239094972341,-2.5795354205977916,-2.052090818733704,-0.5476941541265656,-0.03691863137503186,3.296222036582152,0.5489370381082148
228.500000000052,-67.12837780704592,-3.8305400407440255,-2.8778399438191795,-2.361499904053749,-0.6040459350680104,-0.10765878087326686,3.722720045757812,0.6135649148796768
228.60000000005192,-67.59607562478195,-4.29339028171362,-3.1144522170942244,-2.5975507843059917,-0.6448187692595332,-0.1597876554557414,4.055500300778167,0.664321714251026
228.70000000005209,-66.67278485974076,-4.721061689722231,-1.9457742666276208,-2.7799989349639374,-0.35947694284164955,-0.19830713795547697,3.393292144079387,0.4105476749402816
228.800000000052,-66.31016710790907,-5.323884748867409,-1.4248969198104993,-3.122405605095543,-0.23063275679724315,-0.27294824326462924,3.4321637482523344,0.35734047071265734
228.9000000000521,-65.76590831286724,-5.795241101327044,-0.7627259183372671,-3.306839792429536,-0.07207585620440587,-0.30930884458061375,3.3936617744405293,0.3175954823094819
229.000000000052,-65.60103331978078,-6.134386632935717,-0.529361999176474,-3.34465887173441,-0.01640982570816315,-0.3109027094265565,3.3862910528251717,0.3113354735788168
229.10000000005212,-64.55880962742356,-6.461727501771865,0.5599921032984582,-3.367103266119097,0.23603638869546664,-0.308902133221238,3.413352539727844,0.3887591859969728
229.20000000005209,-63.68142903681184,-6.786634910693287,1.400616568625022,-3.3846978064171758,0.42508748301762733,-0.30582563693919496,3.663046002041494,0.5236684909630576
229.3000000000522,-63.65002425573196,-6.690135873767699,1.3327725677854838,-2.98047496735427,0.3995528732365126,-0.20521567138320435,3.2648910775808355,0.4491725395578096
229.4000000000521,-63.60521710505134,-6.655256867149347,1.2826107784160659,-2.6683388709101306,0.3787006116854578,-0.1282417518717081,2.9605949974488266,0.3998250870243945
229.50000000005224,-63.89097594557375,-6.805154951438693,0.9061801436168935,-2.5640419453812897,0.28283524642814684,-0.10114100787403527,2.719461996491255,0.3003752321611191
229.60000000005212,-64.12001988361567,-6.967584548432512,0.6146325286502443,-2.4800420957657248,0.20882926642923244,-0.0793639065584921,2.555069850717401,0.22340163871734783
229.70000000005228,-64.31588073922444,-7.350639902650841,0.3781490365419334,-2.6221106825331746,0.14927704752474014,-0.11040086135522101,2.64923783856644,0.1856663327199583
229.8000000000522,-64.07191181408068,-7.885465217917786,0.5976878989848915,-2.904158076185885,0.1966221849059411,-0.1731094562849269,2.9650236012667204,0.2619678748481369
229.90000000005236,-63.83872464657853,-7.7907294798890785,0.789116757633927,-2.536948729805371,0.2363674034345925,-0.08413500222037675,2.656842884861611,0.25089489433831497
230.00000000005224,-63.61244492760587,-7.8218615053706175,0.9583728597164729,-2.323243337471994,0.2700623825585015,-0.03273873624105733,2.5131530282394543,0.2720395473526523
230.1000000000524,-64.16812136303433,-7.984819541729055,0.3350465781686559,-2.2572568261043933,0.11958142716434722,-0.016712521055531233,2.2819869825521364,0.12074363785597009
230.20000000005228,-64.62764880035095,-8.156418741915378,-0.14471120593276204,-2.204928235388506,0.0058028904975806345,-0.00421745477565692,2.2096718888414144,0.00717359483882544
230.3000000000524,-64.36952039952526,-8.779093963592524,0.12738268407334724,-2.6059518907841426,0.06862863706604881,-0.09691304710954925,2.609063357851468,0.11875196219684607
230.40000000005236,-64.15091623285235,-9.338816230695649,0.3389713779196208,-2.913127706744852,0.11600030859583604,-0.16574822312279858,2.932782745252919,0.20230804497768795
230.50000000005247,-63.58875324985827,-8.803376019658229,0.8762111237289846,-2.105329796470163,0.23762849739167285,0.02500403456535627,2.2803858193848487,0.23894037858254474
230.6000000000524,-63.10010848462397,-8.383622168466344,1.2982591013060258,-1.4751110668332734,0.3297880076902179,0.1702522738361759,1.9650519976880836,0.37114143767931845
230.7000000000525,-63.03955112710436,-8.774250674019584,1.26059539561187,-1.7011084987946272,0.31344198232579823,0.1140190687494918,2.117279120973226,0.33353594157575783
230.8000000000524,-62.234457093007414,-9.156244626676116,1.9667799646004447,-1.9013359919543542,0.46959382870826594,0.06504997472921417,2.7355624619910937,0.4740779083369732
230.90000000005256,-61.615688439866055,-9.96005670463514,2.4318544613800577,-2.506453892418101,0.5663418151456079,-0.0764739306880273,3.4923097279811737,0.5714816826962165
231.00000000005247,-61.5425792715361,-10.618740585629949,2.316251115528118,-2.9201767002299484,0.52648763765397,-0.17043604162637901,3.7272578648050527,0.5533874563881321
231.1000000000526,-61.33825464073455,-10.922984647615044,2.3390830267702234,-2.948550412061655,0.519588292599062,-0.17305772418851545,3.7636762531590713,0.5476504082964941
231.2000000000525,-61.13361161210685,-11.222668049372903,2.3593021917572425,-2.9698038893981273,0.5122440266147662,-0.17397118674732542,3.7928936148427326,0.5409805140860271
231.30000000005265,-61.49020699546305,-11.582494190439308,1.817747251188734,-3.048936589574606,0.37508034620386177,-0.1882562317101705,3.5496787736992523,0.41967329541694953
231.40000000005256,-61.76397897957607,-11.931297161365142,1.3996068523567162,-3.110563632829546,0.26964749531326193,-0.19816008610822372,3.410939086973794,0.3346299320968378
231.5000000000527,-61.93323010698691,-12.212202844711015,1.1172157641617053,-3.0993589137473956,0.1980654036905447,-0.19098217542697665,3.294570797526873,0.27514377236259396
231.6000000000526,-62.059438333701365,-12.493738564590936,0.8990285993434366,-3.089215874743663,0.14299585227829886,-0.18421601797976578,3.2173758162834623,0.2332023907448602
231.70000000005277,-62.013572224807945,-12.782569911869377,0.8687499813803135,-3.086707628719289,0.13268086663379358,-0.17937304396162349,3.206632270052516,0.22311185820290466
231.80000000005265,-62.37427158157899,-12.677089968523658,0.4355183735208542,-2.6912067297552995,0.029364949669839602,-0.08370725154998047,2.726218977990298,0.08870853527797605
231.9000000000528,-62.499028818782335,-12.65970818761176,0.27065216550524285,-2.4137690155039246,-0.009463050304951023,-0.017573811022406502,2.4288955216104835,0.019959663196689716
232.0000000000527,-62.79456105873918,-12.936548509384355,-0.05159357619587013,-2.4507647772735175,-0.08380878072051472,-0.025727647756523482,2.451307791899906,0.08766882903827944
232.10000000005283,-63.27968060882879,-12.791250637398784,-0.5376561576299869,-2.0643487493033965,-0.19433992733752614,0.06428077622275685,2.1332158593513078,0.2046949573129614
232.20000000005277,-63.698801372585535,-12.703698167820228,-0.9200606833586401,-1.7653934356808596,-0.27832796564366297,0.13196888440073837,1.990760066860755,0.3080296136888716
232.30000000005288,-63.994714582850094,-12.786371222278866,-1.149623717859353,-1.659351515285256,-0.32500648472758453,0.1534523696745276,2.018683269843052,0.35941180402667566
232.4000000000528,-64.26617849478887,-12.884113002282692,-1.336400332521907,-1.5768416168125898,-0.36070452239238415,0.16899365374729725,2.0669773422262776,0.39832977227566024
232.5000000000529,-63.391670766270714,-13.779665977783267,-0.36643563787396993,-2.2957916332473993,-0.12791725518116714,-0.0012751158881596503,2.32485145761893,0.12792361038374453
232.60000000005283,-62.66645326911231,-14.566869558686626,0.38031664877124277,-2.8513749945038676,0.04783423368602363,-0.12980248364533925,2.8766265160104676,0.1383358184738417
232.70000000005297,-61.58542921982605,-15.41284445627624,1.4238099567371547,-3.422371469619296,0.2881821342627032,-0.2589222990780119,3.70673188522828,0.3874141188289995
232.80000000005288,-60.62491446662517,-16.241977611052025,2.2661542489492805,-3.9319821517221105,0.4764245761610595,-0.370850293775341,4.538274861827136,0.6037468982640838
232.900000000053,-59.866736240906576,-16.55351610206116,2.8409254595028606,-3.8858770351576153,0.5983973146329187,-0.3516008602017038,4.81361587570268,0.6940479169729323
233.0000000000529,-59.31764494099462,-17.16443546606009,3.1617560137822096,-4.140755491784436,0.6587881872565435,-0.40244166751134874,5.209851930086971,0.7719852145074267
233.10000000005303,-58.78705659172417,-17.605479983479288,3.4379350155472914,-4.205859647332267,0.7074497127064625,-0.40819403995359227,5.432186718457316,0.8167664722930853
233.20000000005297,-58.290540876142735,-18.045479611420266,3.657286479986402,-4.2639843808343985,0.7418358865310682,-0.41219833381602194,5.617589091121834,0.8486624469988292
233.3000000000531,-58.91358337619271,-19.241799919992573,2.7428381341289665,-5.07008767340654,0.5130755623768468,-0.5891853215479654,5.764455745867169,0.7812719602263332
233.400000000053,-59.392912780345114,-20.32443502310755,2.0408992159700974,-5.699466017301224,0.3387812657473438,-0.7211844679392615,6.053856827851054,0.7967934379864131
233.50000000005315,-59.71472630136746,-21.21876897748554,1.549225779163302,-6.091122048084666,0.21717347441250476,-0.7951225218714187,6.28505117874845,0.82424762224441
233.60000000005303,-59.96866040529654,-22.0679506875343,1.1625901504809997,-6.405812726820638,0.12268435674748324,-0.8495406437359733,6.510457168977667,0.8583535150215648
233.7000000000532,-60.567267825401316,-23.20724483366485,0.46215303877058145,-6.983314647566171,-0.042229142761369465,-0.9635116812393173,6.998590493674931,0.9644366544169586
233.8000000000531,-61.20292736425767,-24.42680610552855,-0.22109038685446364,-7.59407564961959,-0.1993482351771346,-1.0825413789964322,7.597293329291996,1.100743183539074
233.90000000005324,-61.442094368010196,-24.957550839984805,-0.45624864587375236,-7.4691618899252825,-0.24914895590268854,-1.0285884750146659,7.483083733647102,1.0583333374511057
234.00000000005315,-61.70968764717836,-25.739023840953394,-0.7010303478819653,-7.6013205532515284,-0.30002410989194483,-1.0353681825395382,7.6335783026006645,1.0779618453042206
234.10000000005329,-61.340473973291274,-26.14082877526076,-0.2919252193320849,-7.3427629146836315,-0.19841866950805434,-0.9515828601910075,7.348563638898105,0.9720493342514283
234.2000000000532,-61.04381135168038,-26.593457490391238,0.013812783816537999,-7.15262626192704,-0.12308248622068342,-0.8855682389799281,7.152639599183307,0.8940807593860164
234.30000000005333,-60.46996553592186,-26.952543078928297,0.5723623383366756,-6.881976470740966,0.009008751715535265,-0.8024511366119401,6.905736658038627,0.8025017035852738
234.40000000005324,-59.98584263474303,-27.359865334494092,0.9984497369800998,-6.6784386035587575,0.10739299719672624,-0.736786368540968,6.752661997966393,0.744571963422397
234.50000000005335,-59.432354238820565,-27.69494619050621,1.460538550594583,-6.4169748943409575,0.2118311176955779,-0.6592375163858202,6.581089549031761,0.6924352138898644
234.60000000005329,-58.95585003511745,-28.08010238760025,1.809835624307605,-6.224068699107291,0.28775366649618006,-0.5993466505535001,6.481862090342561,0.6648447789609949
234.70000000005345,-58.396607158761746,-27.881592328079158,2.213970395710119,-5.46328446862869,0.37460837562320903,-0.4094398571068646,5.894840294549148,0.5549526391276547
234.80000000005333,-57.57083326445824,-27.892254106323676,2.8515988069348635,-4.968599599319001,0.5134816245091424,-0.2855002733006032,5.728751847834332,0.5875149230132516
234.90000000005347,-57.4375229324486,-26.77520602919025,2.749128772186644,-3.3880776339615073,0.4778895103726365,0.08682416594271963,4.363115751365606,0.48571269276790285
235.00000000005335,-58.38255585283155,-26.12593557673511,1.579322145180299,-2.395580762578928,0.19614910790435053,0.3144697696591324,2.8693319132326147,0.37062880158069256
235.1000000000535,-58.82707105836024,-25.34155800531932,0.9978487138011362,-1.3457347525003043,0.05706280166631025,0.5501179262691488,1.6753220823834554,0.5530695219741161
235.20000000005345,-59.20000027327273,-24.710227166340673,0.5323896729093949,-0.530528402675161,-0.051960514102769986,0.726019945265766,0.7515977314133074,0.7278769511047386
235.3000000000536,-59.59690779567419,-24.617968266573953,0.07905139289839119,-0.31679414561022023,-0.1556564983242894,0.7586766509616776,0.32650827464565924,0.7744799585431547
235.40000000005347,-59.939642799254955,-24.548536298723405,-0.28501951014716653,-0.14398583685088823,-0.23629740411695177,0.7811078230632333,0.3193243529362917,0.8160673345030993
235.5000000000536,-59.16803496645309,-24.99581014720653,0.4895349726030424,-0.5009622186657385,-0.05160492630851449,0.6804326605226068,0.7004338897654515,0.6823867480580057
235.6000000000535,-58.51556219455715,-25.37826157908535,1.0858106020390796,-0.7673744096287343,0.08756185299463792,0.6030427481687846,1.3296045081352263,0.6093665844291223
235.70000000005365,-57.690392484717385,-25.735065862004586,1.8079407163855188,-0.9890545254338283,0.25263000986410755,0.5377941573096885,2.0607955959400046,0.5941754602138808
235.8000000000536,-56.55478443579336,-26.516691517528372,2.7830571027553312,-1.6180265745223998,0.47241733490824867,0.3798117566236198,3.2192261233187067,0.6061642589194222
235.9000000000537,-55.85216433871411,-27.459851653894255,3.2506149948610634,-2.3602648194769102,0.5696746228185391,0.19927616866479256,4.017131795557119,0.6035231290358006
236.0000000000536,-55.49673301011215,-28.12381992464585,3.3349971972985757,-2.7676121426788685,0.5760181411954909,0.1004086828178761,4.333807019041442,0.5847040298916447
236.1000000000537,-55.26294370361692,-28.12816221506323,3.290406307376662,-2.4867087655006053,0.5523716906948828,0.16308377268037244,4.124378032145169,0.5759434013796726
236.20000000005365,-55.017091201190084,-28.178944865319092,3.2600267651289023,-2.274091740640302,0.5325607722425558,0.2085077856925711,3.9748292735921695,0.5719234851149292
236.30000000005376,-55.23078455500847,-27.603498441065028,2.7730270321373673,-1.4545369736182874,0.407550553619228,0.3933205324021706,3.131350623706522,0.5663907617223873
236.4000000000537,-55.366064034197244,-27.153654625570695,2.4007698622246183,-0.8241746809789774,0.3119833286132231,0.5300794862961867,2.5382986105131153,0.6150754905900703
236.50000000005383,-55.78536234144609,-27.23161914071082,1.7735957948795087,-0.7693711663238101,0.15964201894272384,0.5304949637369851,1.933280640565341,0.5539950187162463
236.6000000000537,-56.11118598580971,-27.310649962609915,1.2875327764819822,-0.7210494464807011,0.043477543935095106,0.5294009997915411,1.4756872821792317,0.5311833161978183
236.70000000005388,-56.8200681036313,-28.757124613517114,0.4572765644857987,-2.039786605394117,-0.14964212702336527,0.21200751549691704,2.0904141340828115,0.2594994273736505
236.80000000005376,-57.38873420993176,-29.44006239201058,-0.16895375847765348,-2.4967437106752297,-0.29108347505856635,0.10136619135270336,2.5024537017295723,0.30822831505480464
236.90000000005392,-57.88618166547314,-29.539456128193063,-0.6753010466155229,-2.33741404315739,-0.40151217045777304,0.13588808865156915,2.4330096408993938,0.4238839412658712
237.00000000005383,-58.46249938771866,-29.978292589263514,-1.2202672549361961,-2.528801830406713,-0.5183217099949771,0.08845839218481268,2.807826716686388,0.525815825360971
237.100000000054,-58.44288391664094,-30.403165887356803,-1.1284248947328526,-2.691722771136883,-0.4850767467448855,0.04871314130999268,2.9186836450204177,0.4875165847116271
237.20000000005388,-58.448638046989245,-30.807208552965562,-1.0678434716590193,-2.8214414999749415,-0.4598345342576318,0.017570244967305724,3.016756837689381,0.46017009073183396
237.300000000054,-57.92852533755291,-29.997067306744626,-0.48707043620603274,-1.731721982040223,-0.3148088552796931,0.2693147456036554,1.798915960490443,0.4142886041904512
237.40000000005392,-57.506086020526595,-29.35527978975976,-0.047663914234488125,-0.8943321923745343,-0.2058498461484936,0.45684733524103405,0.895601428671032,0.5010824751237986
237.5000000000541,-57.22229039799376,-29.00836925155517,0.2202194594792276,-0.41627102596285015,-0.13910092488069198,0.5568952595405603,0.4709333046085051,0.5740047015499193
237.600000000054,-56.98264830622222,-28.728477072180773,0.42377848739586993,-0.04308260476317172,-0.08878057335174325,0.6303615796740994,0.4259628120067656,0.6365828393334918
237.7000000000541,-56.49915165232974,-29.835178787543196,0.8547509562116739,-1.081304901569638,0.012996787291090037,0.37554051604299993,1.3783393948165652,0.3757653465525161
237.800000000054,-55.733285358003705,-30.300315506230188,1.5337388501939602,-1.4012431903713591,0.1698075986610082,0.29282008104671253,2.0774593471729825,0.3384940478460756
237.90000000005412,-55.11409535538234,-30.796950143140755,2.013883756158301,-1.7285475365234062,0.27697951623668315,0.21030928290106637,2.6539789692722517,0.34777528217092685
238.0000000000541,-54.77262467181822,-31.61550970706366,2.179741311882908,-2.3517651342359764,0.3089483761489365,0.061236107637700765,3.2065669232587335,0.31495866396033756
238.1000000000542,-54.31813507365481,-31.626293703769825,2.4446957636494226,-2.122424093463764,0.3631076151292584,0.11288656506590733,3.2374714530511173,0.3802505972871535
238.2000000000541,-53.90049233752065,-31.679234507575927,2.651699698958454,-1.9530137757065014,0.40260444342849744,0.14947446114819873,3.2932922891167316,0.42945657801914566
238.30000000005424,-53.90569856320311,-31.597050414790083,2.420627128557954,-1.662401297597504,0.3398204828464817,0.21326081062333554,2.936496853355132,0.40119587972677156
238.40000000005412,-53.875380051502916,-31.563200206809874,2.2419935105430824,-1.44282290866597,0.2906231758962213,0.2591345687221291,2.666134439050031,0.3893745691166923
238.50000000005429,-53.7846929137918,-31.11079525163166,2.136613833841569,-0.8238265397132832,0.2595145366540473,0.39636849216910475,2.2899364276108476,0.47376763958630025
238.6000000000542,-53.67879570242074,-30.755025963748476,2.0539264352750775,-0.349710862856989,0.23437650683244726,0.4969028912507358,2.083485418504763,0.5494040683215958
238.70000000005436,-54.228974754394265,-30.685075335886733,1.3235548196527676,-0.19798057949488518,0.05995198533862542,0.5205140061090795,1.3382801165986142,0.5239552186034276
238.80000000005424,-54.58622612097589,-30.57162922399451,0.841543047515591,-0.015794148523581353,-0.05296833303597241,0.5506260535656479,0.8416912473997891,0.5531678725033562
238.9000000000544,-53.982064309514406,-30.67073268319399,1.3545011800829108,-0.060619887934922366,0.06695109283798509,0.5275128105773459,1.3558570048715464,0.5317445008229152
239.00000000005429,-52.56896465160777,-30.04995956538334,2.6335582207297983,0.6139085779414097,0.3613639250556787,0.6713863244561147,2.70416579448146,0.7624588401994808
239.1000000000544,-51.502053290560376,-29.652328695132024,3.468334511129301,1.0126395201376825,0.5461618418002523,0.7481137309030431,3.613140334782916,0.9262650332406566
239.20000000005436,-50.54797493398303,-29.30429182777546,4.125120757396584,1.329540869625609,0.6854984480643852,0.8041311217458963,4.334085853684602,1.0566621897555502
239.30000000005447,-50.794042286016584,-29.330493720154173,3.534230647707056,1.2474100725552197,0.5329101161636675,0.7665199582074775,3.747908504793581,0.9335663009342008
239.4000000000544,-50.937743731700614,-29.33498449650308,3.089670555803041,1.1915136488979012,0.4177119561140987,0.7358494747368546,3.3114602396686363,0.8461428530402957
239.5000000000545,-52.29028157990892,-29.817124902644768,1.4742989561498436,0.6624733838733922,0.034264375895843635,0.5964075508596475,1.616300837234573,0.5973910061073356
239.6000000000544,-53.39211374284664,-30.21978408688006,0.23313675481552543,0.25205535048668176,-0.25372197224882326,0.48764027653951536,0.3433433356785572,0.5496979884494463
239.70000000005456,-53.91356351648744,-30.179035868100584,-0.3336228527762662,0.31387304719164133,-0.3789940327248594,0.4906607753310968,0.45806167450239765,0.6199874783328811
239.80000000005447,-54.63098879989863,-30.35288047173657,-1.0510451427790584,0.15605922247115342,-0.5362293701769038,0.4427906713535647,1.0625678204603,0.6954175120588059
239.9000000000546,-54.45222010455543,-31.242826532699908,-0.8192248524228876,-0.7039077383512531,-0.4701804363499771,0.23355646876512098,1.0800997467540108,0.524993587416349
240.0000000000545,-54.48899746363363,-31.87528843232437,-0.8189310359787185,-1.2416070120819653,-0.4592329076790466,0.10373352756105045,1.4873587375412438,0.470803046119724
240.10000000005465,-54.21447476961789,-32.33128853816804,-0.5075332884804082,-1.5623029962622828,-0.376552110420184,0.02712713220665193,1.6426748585906596,0.3775279766635204
240.20000000005456,-53.99324387444813,-32.74559916645048,-0.27238344812054033,-1.8168050018182293,-0.3134275341131256,-0.03238998472089795,1.837110001453852,0.31509669984062755
240.3000000000547,-54.16812462319474,-33.75067645864507,-0.44923505351806453,-2.64008670739007,-0.34709694229803517,-0.22214031439168247,2.678034718939827,0.41209538535475143
240.4000000000546,-54.318861632299985,-34.63645474010973,-0.5876191989751123,-3.280553011481263,-0.37108625545024987,-0.3651981960602313,3.3327652758847175,0.5206483759599517
240.50000000005477,-53.75490825741467,-35.45866849223599,-0.0025789032307713677,-3.807496246919753,-0.2271267251759055,-0.4786776575892535,3.807497120294365,0.5298290754236369
240.60000000005465,-53.28316820337932,-36.20799088561652,0.44600740271256134,-4.220123513899179,-0.11807248231488458,-0.5630796466660489,4.2436264062519875,0.5753258203570922
240.7000000000548,-52.21026283912355,-36.423501398648554,1.459105548213497,-4.067925880210186,0.11908118621769483,-0.5148333715834893,4.3216906376684605,0.5284257085031315
240.8000000000547,-51.12563742793766,-36.74542699297159,2.4054955113647223,-4.032307114361931,0.3353116782831009,-0.49467874717499044,4.695307159252701,0.5976127378994258
240.90000000005483,-50.272528214894706,-36.769955091203826,3.047541052390231,-3.7020770115020385,0.4761162997057417,-0.4068201322554648,4.795089223893088,0.6262502302225856
241.00000000005477,-49.52400366389829,-36.549702639488835,3.534831034961432,-3.152562197817335,0.5778538209747724,-0.27025402233547235,4.73642046875416,0.6379281111564581
241.10000000005488,-48.6707481858274,-36.548358496915995,4.087572833004047,-2.8628688412179812,0.6923821769800568,-0.19696821858262514,4.990417784828192,0.7198538449791426
241.2000000000548,-47.891586799681626,-36.58738060886165,4.522330405641769,-2.6352786503144143,0.7769599892090779,-0.13974828139080053,5.234134681358038,0.7894278985337754
241.3000000000549,-47.783917972032555,-36.6162178610005,4.2529285204791485,-2.414776858352652,0.6966447356708578,-0.08549255107453207,4.890659288474352,0.7018709739169664
241.40000000005483,-47.62739595639188,-36.6744980171717,4.051394612931811,-2.2404131362922226,0.6338919280705724,-0.04316817282181643,4.629605742497265,0.635360108613849
241.50000000005497,-47.64916887869332,-37.83986983021388,3.6863696267350803,-3.1821953921473662,0.5347608328266247,-0.26008904106941144,4.869875618403294,0.5946557471426903
241.60000000005488,-47.608139167946234,-38.870576193338046,3.410845335528,-3.9166330135871714,0.45863317632684086,-0.424012921494592,5.19363842272583,0.6246049535682744
241.700000000055,-48.38525381263659,-39.7551374028295,2.34056107511487,-4.447909133200993,0.2003669067023237,-0.5371340539380332,5.026143830368932,0.5732886613228659
241.8000000000549,-48.812354285673464,-40.660742204357966,1.7010069036506774,-4.957974341057107,0.04774365616395779,-0.642729657939356,5.241653751713091,0.6445004809142844
241.90000000005503,-48.78409650148547,-41.464183307667284,1.5642505735376049,-5.325496884868264,0.01499475669726745,-0.7128988173052131,5.550477180166973,0.7130564959689953
242.00000000005497,-48.40487373789366,-42.43518269326851,1.7876091629338347,-5.829985680123275,0.0663309122481895,-0.8131370560489126,6.0978914019394805,0.8158380120094734
242.1000000000551,-47.79358957122496,-43.5379791789243,2.2247580050684412,-6.425031840117962,0.16594829187529775,-0.9320100144193405,6.799307488828969,0.9466686339761492
242.200000000055,-47.24641109776298,-44.56366068507291,2.5639699319799876,-6.895283389764173,0.24059891692270358,-1.0192560385652571,7.356553189997008,1.0472682134850264
242.30000000005515,-47.26403863227168,-44.94130648948119,2.3138695101031437,-6.6814592803428665,0.17716074543237637,-0.9461944630287517,7.0707772008927545,0.9626369469267336
242.40000000005503,-47.242003680898186,-45.36293818361149,2.1221629890625513,-6.525807736497855,0.12870228563692793,-0.8882840609527989,6.862196613758758,0.8975593859299591
242.5000000000552,-47.0336014150329,-44.980853117814426,2.130592957512535,-5.579558074114613,0.1276748503422703,-0.6487765291762722,5.972511586679391,0.6612199726414285
242.6000000000551,-46.82605358770806,-44.74366305058754,2.137234446196501,-4.849141766656727,0.12625735120843165,-0.46475283155672387,5.299240223951315,0.48159745968408285
242.70000000005524,-46.195667477347676,-45.049958524674,2.564278377460801,-4.715376196697072,0.22214990492420666,-0.4230467581989876,5.36752235891853,0.47782752105807674
242.80000000005515,-45.81890601566265,-45.082350005002084,2.7052539496054675,-4.318130512811551,0.24963000971058535,-0.32133885330706363,5.095551987521089,0.4069076067030518
242.9000000000553,-44.93455397357364,-45.360621374281536,3.3404201433637386,-4.195717617597418,0.3908254084320005,-0.28557815169475614,5.363063775567802,0.48404481259634746
243.0000000000552,-44.53464848445972,-45.18661044726213,3.4431642201944768,-3.631572037027635,0.40555610152444305,-0.14843204483371594,5.004367623121675,0.43186551542954044
243.10000000005533,-44.02755589086304,-45.31389317736837,3.64384491135063,-3.410716100727779,0.44260757048570204,-0.09389343449119562,4.991050997309042,0.45245711232315505
243.20000000005524,-43.552117527684395,-45.461721003201745,3.79652446671749,-3.2271433257541466,0.467694681858429,-0.04924377750663969,4.982775538928485,0.47027998581885294
243.30000000005535,-43.4996701373896,-45.94568286905293,3.515028226922121,-3.392444727104111,0.39173702042229874,-0.08635354366408027,4.885090036275254,0.40114190465804583
243.4000000000553,-43.40831150819604,-46.39492044986631,3.293115367612036,-3.5102165921828754,0.331323994783149,-0.11160672707452593,4.813130929908152,0.34961643417801724
243.50000000005545,-43.12219458558574,-46.99611763949366,3.2815704459079797,-3.770026857118758,0.32098607414832436,-0.16914195260529957,4.9981803783830605,0.3628237312088158
243.60000000005533,-42.835107585533635,-47.55045093661095,3.2711595527999817,-3.962741624835281,0.3111497672480696,-0.20982058591430713,5.138463389484909,0.37528503291758253
243.70000000005547,-42.51239987557611,-48.51652905433187,3.2963336610568312,-4.550273159854319,0.3097751050011314,-0.3409149167292891,5.618790032943653,0.4606339068360037
243.80000000005535,-42.021728322202165,-50.01689430220941,3.486182055378453,-5.623951267388814,0.3465363642858285,-0.5814656848456515,6.616818962402325,0.6768971815759488
243.9000000000555,-41.01240281370719,-51.15081253833156,4.177255105318202,-6.248508780208405,0.49842577082242534,-0.7125279606103154,7.516203974829882,0.8695541062357328
244.00000000005545,-40.36953828540279,-52.43973536100846,4.4488812466779635,-6.97770972268365,0.5497444449266751,-0.8647711018607496,8.275323396766849,1.024718504439728
244.1000000000556,-39.10947929312156,-53.232492419541366,5.31312762835162,-7.154497516211849,0.7370025176391318,-0.8856681622072343,8.911574490775177,1.1522069278362974
244.20000000005547,-37.9796910310247,-54.00964792848512,5.979312036411761,-7.300119652846954,0.874097894512287,-0.8988702378605702,9.436308567160195,1.2538001570036317
244.3000000000556,-37.15206661939578,-54.98778525025629,6.291170844071778,-7.6326929903101615,0.9260333301068837,-0.9550256156575236,9.891250319025835,1.3302675125819154
244.4000000000555,-36.367217480551076,-55.92393230201115,6.534290159610838,-7.895646350040589,0.9608613421826041,-0.9937721880985537,10.248813549621064,1.3823305251419222
244.50000000005565,-35.769328061820254,-56.26441901977558,6.570266376445843,-7.542737380156099,0.9469524609240905,-0.8891173296780404,10.003063902797926,1.298941334003965
244.6000000000556,-35.174293822903465,-56.66251454908106,6.598493199467929,-7.272423654881576,0.931572280012658,-0.8059958671767797,9.819789117873439,1.2318507420925764
244.7000000000557,-34.42817359300957,-56.702940520353074,6.772947017267601,-6.664855660013294,0.9503835621346728,-0.646760226954444,9.502268795794262,1.1495771859018225
244.8000000000556,-33.639980460445514,-57.24003710199451,6.973720298002175,-6.597423148813022,0.9748496498297263,-0.616191528956146,9.59993578099674,1.1532665954281573
244.9000000000557,-33.14333073244523,-57.815169599867595,6.866405924020236,-6.571691552496244,0.927460969034803,-0.5959793701057068,9.504454754196617,1.1024405919026072
245.00000000005565,-32.37029443348166,-58.18201677336693,7.040593400277133,-6.339124903864397,0.9463057541263074,-0.5283751758804469,9.473883046292038,1.08382420473952
245.1000000000558,-31.700349373418824,-57.7859909336636,7.0965287935541,-5.363386097773188,0.9373520453702289,-0.29037208796814445,8.895315135031986,0.9812975116806989
245.2000000000557,-31.035022280915218,-57.53428018547704,7.141441499657561,-4.6059834193132065,0.9260549688973608,-0.10839714132054143,8.497956810435047,0.9323774695186265
245.30000000005583,-29.850784070987487,-57.74956708047876,7.6977059221533715,-4.371923010003917,1.0333413738941297,-0.05172950833376485,8.852592121483786,1.0346353642872743
245.4000000000557,-28.748804468799023,-57.99331125932635,8.126814239474909,-4.184140298998712,1.1087225186871488,-0.007081345343319993,9.140685954819647,1.108745132524083
245.50000000005588,-27.585931138989565,-58.31712832841601,8.58099839331789,-4.090583007816386,1.1881617308349037,0.014730805964693488,9.50612448740076,1.1882530434486434
245.6000000000558,-26.485183967575477,-58.64952734912538,8.935603248240259,-4.0128212658393085,1.2427210601530043,0.03238329957482497,9.79529172212518,1.2431429167393264
245.70000000005592,-25.650008865124327,-58.97278049284419,8.995527011823068,-3.932017803026482,1.2278314463748112,0.050331156927660756,9.817345375596991,1.2288625985294441
245.80000000005583,-25.057777959646796,-58.81241224335824,8.806064664318757,-3.3758118334797036,1.1555807153346294,0.17786747890078453,9.430953313807942,1.1691893044771726
245.900000000056,-24.438651578321274,-58.132265180785296,8.655401053619187,-2.345129021671381,1.093979470019135,0.41224229912261373,8.967474423006596,1.1690743321146204
246.00000000005588,-23.88281066158046,-58.065347275945605,8.450851998817518,-2.00569601708745,1.021335025314449,0.4812450630210863,8.685603952453652,1.1290358916421726
246.100000000056,-23.90583405867039,-58.15640344904373,7.683156165900451,-1.8508796211205512,0.8200645283882421,0.5059325836365562,7.902951603134962,0.9635733547093293
246.20000000005592,-23.814809164958046,-58.26559138362073,7.086413701670121,-1.7272004954621198,0.6630082803873717,0.522843980193577,7.29386596413333,0.8443611830768165
246.3000000000561,-23.62603835850171,-58.40241918338683,6.6315576034015,-1.6417671048177382,0.5424173675960359,0.5305143517783648,6.831760788676216,0.758723980188205
246.400000000056,-23.37482988014041,-58.54932287335332,6.272747834146088,-1.5741519124174552,0.4468410533884979,0.5338842710646124,6.467249773601757,0.6962035204475305
246.5000000000561,-23.236631166621116,-58.71204745833239,5.8280267449141325,-1.5287113621420814,0.3335971988814051,0.5320452055673804,6.025184990369732,0.627980247992527
246.600000000056,-23.044583743508827,-58.885978742673494,5.470484868499444,-1.4991352387822672,0.24314616977631148,0.5265778120781223,5.672178696113174,0.5800036655486525
246.70000000005612,-23.04259439315249,-59.04861878099258,4.950642826729026,-1.4617773042070379,0.11723333073019074,0.5230375684818894,5.161943169479722,0.5360148802762302
246.8000000000561,-22.769803659054418,-59.55445386899133,4.7403705944591605,-1.7703413625506652,0.0658656015319832,0.4395360797089445,5.060160265522313,0.4444437454066348
246.9000000000562,-22.653996125510698,-60.25432699127186,4.389788630903205,-2.249388564613906,-0.016779905263062098,0.3185185092057598,4.932544286534368,0.3189601948947502
247.0000000000561,-22.465435697034774,-60.71704738464112,4.13874679018645,-2.4559826577799924,-0.07448040350779334,0.263344313877414,4.81259553760699,0.2736741824839341
247.10000000005624,-21.648589851199564,-61.21661978904682,4.533078333457946,-2.6839491832887346,0.018487691674649448,0.20450141461261345,5.268052998569978,0.20533539227813827
247.20000000005612,-20.901624491423394,-61.686634806374606,4.827353877031047,-2.865355890883153,0.08615255396490569,0.15779359888178848,5.613698409738937,0.17978065080186673
247.3000000000563,-20.0942842581287,-61.73692357436151,5.158886213747904,-2.615031677694278,0.16087259245360042,0.21206511773206055,5.783813416919907,0.2661796482856173
247.4000000000562,-19.342876210513886,-61.829708861326246,5.408778416669893,-2.4268177114063443,0.2149729030315744,0.25070910453577777,5.92826519017407,0.3302550592117466
247.50000000005636,-18.578862431219363,-62.15666179301343,5.651475726975045,-2.486939880622342,0.26615655036502506,0.2309962105449943,6.174467415285142,0.3524181587097314
247.60000000005624,-17.848648391370386,-62.47592875830095,5.841192172963348,-2.535290089037801,0.30389657120140845,0.2144633780724074,6.3676700477538555,0.37195116147446167
247.7000000000564,-16.577464141993925,-63.48655334389812,6.554469141557328,-3.269071810228556,0.4619104055521033,0.039710561016910007,7.32447241977593,0.4636142269318169
247.8000000000563,-15.879354314747886,-64.28962947622729,6.640857070964103,-3.739621119001701,0.47121159541122415,-0.07008908099069668,7.621400707918292,0.4763956831501642
247.9000000000564,-14.971830812044422,-63.92756052931728,6.928125161430312,-3.0131038796379133,0.5267793834275593,0.09964211361437571,7.554979367406164,0.5361203872357958
248.00000000005636,-13.248262955364948,-63.764391698484076,8.004937950180055,-2.5409577700159116,0.7637547553314825,0.20658674808710548,8.398541419510718,0.7912012454342181
248.10000000005647,-12.008326621491575,-63.95727679094305,8.515248037476542,-2.4603546866957497,0.8641632278717285,0.22045733211704627,8.86356555366371,0.8918405236867467
248.2000000000564,-10.828885542938943,-64.16282831012943,8.924005061072476,-2.39907999506285,0.9387498972186096,0.22953455178940774,9.24085770655289,0.9664044080989668
248.3000000000565,-10.54151362408843,-64.57653257831267,8.410521943436924,-2.550392127285045,0.7982128250618562,0.18921109988458248,8.788707491090573,0.820331978172717
248.4000000000564,-10.16222011235194,-64.96809953325676,8.02639944755241,-2.668411753365741,0.6908605077542656,0.15752427480887096,8.458339634772894,0.7085916583819925
248.50000000005656,-10.20263754852039,-64.36845442654905,7.252256206991412,-1.7903174558211683,0.4957450160440403,0.3570622412060292,7.469970326879715,0.6109472686145494
248.60000000005647,-10.117181204058092,-63.89803224838717,6.662073056583606,-1.1094539871633828,0.3477109876602483,0.5063456855688029,6.753821552342789,0.6142384587713524
248.7000000000566,-9.849794859604462,-63.32780405523882,6.297837829112215,-0.3828090235268605,0.25538459869442315,0.6627682648036111,6.3094614722883,0.7102697136166662
248.8000000000565,-10.18731425275571,-62.807688066639436,5.358551908544525,0.23639848981200823,0.03213312328060908,0.7907113331439896,5.363763865286351,0.7913639807156452
248.90000000005665,-10.310247703135747,-62.72521208057285,4.705371023488609,0.37013939354787984,-0.11975044847640376,0.8033614145003442,4.719906740534417,0.812237485110293
249.00000000005656,-9.986816709163245,-62.29073699990669,4.547456712235115,0.8423942688109085,-0.15351945059381916,0.8940477998572506,4.624823310546865,0.9071326750482636
249.1000000000567,-9.863119934711504,-61.95667411307952,4.203104150201616,1.1762009001447429,-0.2296471632022502,0.9506001372708298,4.364577076297697,0.9779460315100018
249.2000000000566,-9.690656404617405,-61.66060913691156,3.934397371336083,1.4442793002149863,-0.28650961314326,0.9906349983377966,4.1911126652245665,1.0312349190922632
249.30000000005677,-8.581335829424917,-61.908438597181785,4.6202783769920615,1.1476724389437423,-0.1211734969640835,0.8990805209787187,4.760685277143562,0.9072093471574623
249.40000000005665,-7.579058147701611,-62.102806635828244,5.1469195432623955,0.9251659248362002,0.0034902615603825266,0.8267906677574213,5.22940845347678,0.8267980347197993
249.5000000000568,-6.243399167668522,-62.11698500575635,5.96503487006975,0.8974458206216286,0.1927138517451436,0.8012453163879971,6.032167935502066,0.8240950707825832
249.6000000000567,-5.023926129753047,-62.12057824078887,6.603900377050147,0.8806037650663718,0.33608222494920503,0.7788081411923297,6.6623541770947705,0.8482295577933251
249.70000000005683,-3.3877200904803373,-62.00183097051862,7.60786692966839,0.9851735415922076,0.5606142053516525,0.7849837212827026,7.671388800379972,0.9646179191373673
249.80000000005677,-2.068023643083851,-61.92980257871922,8.21787870164467,1.03337596412525,0.6887932146851388,0.7779735175779239,8.28259598424171,1.0390759773225708
249.90000000005688,-0.6647545958323915,-61.403393144442816,8.86255386542825,1.5287298867397865,0.8220270694056562,0.8745922622973112,8.99343516595459,1.2002666904092525
250.0000000000568,0.30597183138284695,-60.82168937691974,9.024805874194564,2.0390010737216584,0.8405497405785622,0.9724270558353345,9.252277905766492,1.285355299248914
250.10000000005687,1.4986032133532485,-60.46956961396714,9.39370011600244,2.27904542352691,0.9064589237111096,1.0054700410774444,9.666211766347933,1.3537495277486824
250.20000000005683,2.642054425346996,-60.14752514383714,9.683121153112394,2.4683594666526334,0.9524536614461057,1.0260099163445844,9.992779079038343,1.3999515440326904
250.30000000005697,3.1477083250618287,-60.687035494521666,9.312758482063549,1.7825531011639528,0.8447162499797018,0.8435797152906841,9.481822931468178,1.1938057961953787
250.40000000005688,3.7140955872824484,-61.11826420632058,9.02954919103591,1.2555888126253147,0.7596382724237931,0.7021253747073832,9.116428130563369,1.0344227118248073
250.500000000057,3.989596752823687,-62.03596228572648,8.476708784890455,0.28309265713809095,0.6141387642265741,0.46085218670584394,8.481434623715762,0.7678223490608368
250.60000000005687,4.341186286524635,-62.8116904736588,8.04090611013207,-0.47403720774311797,0.49908743374397807,0.27499561413838336,8.054866997429825,0.5698340585788957
250.70000000005703,5.163656696855257,-63.25925434564394,8.106637623232507,-0.846515802715433,0.502748676927808,0.18244435262688452,8.15071546299193,0.5348291072465152
250.80000000005697,5.62807588101935,-63.30261201204288,7.809506497519188,-0.7880462574091763,0.4223621297300931,0.19175207260991395,7.849166111034409,0.46385194402992186
250.9000000000571,6.318744016160506,-63.677251524777574,7.759706648930167,-1.0645138650354307,0.40106583275458274,0.1233430481725676,7.832383867399741,0.4196037532430177
251.000000000057,7.339246001199188,-63.833798795981366,8.041398816316718,-1.102695519472545,0.45696651186788523,0.11165412046287043,8.11665154677252,0.47040943398813684
251.10000000005715,8.266929472247568,-64.1008711626229,8.207884037360904,-1.248281017107478,0.48491587444677103,0.07538340366886154,8.302262695701383,0.4907403211874679
251.20000000005703,9.166898134474064,-64.34953095169743,8.33283367987219,-1.3644696559390166,0.5026075641956915,0.046754120231778384,8.443808061437128,0.5047774869636856
251.3000000000572,8.515558454221013,-64.98192451176494,6.901724796074896,-1.8540506443775455,0.15983227315069537,-0.06761225863792154,7.146419309883227,0.1735447292735786
251.4000000000571,8.077292656979953,-65.54460507560368,5.7928492608018685,-2.236287714252891,-0.10044968434520823,-0.15449391073697688,6.209515705696473,0.18427834256867232
251.50000000005724,8.45911068124906,-64.47144848855844,5.586603379443653,-0.959210623804921,-0.14584876854735687,0.1445848126680021,5.668352700743971,0.20536949953929803
251.60000000005715,8.85952236838016,-63.59730596338279,5.415109885133946,0.020829853208454097,-0.18215597746769116,0.36801159328663546,5.415149947218458,0.4106255385635165
251.7000000000573,8.561060226451833,-62.98746583979622,4.561085443791466,0.6611986185262991,-0.3755544459144704,0.5076715783380247,4.608761660002335,0.6314836286859272
251.8000000000572,8.921883876975949,-62.65513284465681,4.430485068441446,0.974618139396866,-0.3970841859301759,0.5684469160656146,4.536416918595998,0.6934030192466272
251.90000000005733,8.837743719364486,-62.026173564957844,3.8676099086233746,1.5580681746235838,-0.5181401513826763,0.6902985424421471,4.169650206199146,0.8631229890187235
252.00000000005724,9.57043840144353,-61.842368181504035,4.16296886439457,1.6515499196213317,-0.43780752344450063,0.6959564847558631,4.47860769692098,0.8222109560558926
252.10000000005735,10.270935195945261,-62.471290396930684,4.404466570020136,0.9266811460949196,-0.3717967157400661,0.5121247346757367,4.500895878928187,0.6328542815702468
252.2000000000573,10.936852740983788,-62.98964432635448,4.593735286916681,0.36669014987115767,-0.3193986442814781,0.3706978810914475,4.60834737756129,0.48931831461180275
252.30000000005745,12.256015809899885,-62.68405599186055,5.419841885820363,0.6697902067361606,-0.12085459544054122,0.4322548350912709,5.461071780184957,0.4488319013827768
252.40000000005733,13.454535962792784,-62.42822461174235,6.0623485688564935,0.8989828713317609,0.030611997432148014,0.47528592800093633,6.128640989098992,0.476270729462243
252.50000000005747,14.15337017891014,-62.283624214242295,6.157497602614794,0.9986342493691768,0.051920274076458675,0.4873466604439069,6.237952155172406,0.490104562625164
252.60000000005735,14.853524789189091,-62.15576908186965,6.246508601186145,1.0728247988345287,0.0713152120147875,0.4932369174139,6.3379667681115865,0.4983658457044188
252.7000000000575,15.70186482937537,-62.15930632547778,6.476106742859065,1.0093018543702217,0.1227919390312332,0.4671252451352664,6.554284764803846,0.48299467381507716
252.80000000005745,16.83700098308063,-62.04414582825487,6.97340943229269,1.0678629421954415,0.23502190873669349,0.4698668935580277,7.054698460863013,0.5253667245345004
252.9000000000576,17.97797063972728,-61.65431322750859,7.437649590677242,1.3944581868181394,0.33700461513670016,0.5345657379978568,7.567241575930127,0.6319277164871222
253.00000000005747,18.27028160585379,-61.5329609903706,7.0199681057658125,1.4272288731964453,0.23255899004904723,0.5297792141695516,7.163583911873641,0.578575578138881
253.1000000000576,18.324120438526037,-60.904033119492574,6.396421006252516,1.9618878687666013,0.08289473337277545,0.6412357783526502,6.6905310475957,0.6465716203642662
253.2000000000575,18.4728088374413,-60.35888587733938,5.915247609315406,2.3704230509417963,-0.030362466760920095,0.7209294514993505,6.372523810857661,0.7215685368881893
253.30000000005765,19.324014088657687,-59.434481850855285,6.171036152283221,3.1236217673771303,0.02952720573625732,0.8785310538587684,6.9165526195076925,0.8790271147540271
253.4000000000576,20.13623649416911,-58.62158933315541,6.368204016539667,3.705688759334269,0.0744668012253874,0.9928875954057756,7.3679136515928505,0.9956761931448419
253.5000000000577,20.49406569300715,-58.482186401316326,6.097370406169063,3.569762744375064,0.010075305020625841,0.9384610629601329,7.065488795628684,0.9385151455695966
253.6000000000576,20.885528881308264,-58.320092747857295,5.8809002711365475,3.4648077863095352,-0.04024702377267097,0.892460327663159,6.8256780611983965,0.8933673708923955
253.7000000000577,21.49486393104875,-58.91993180320279,5.898238667549168,2.6069583895710977,-0.035303799470966665,0.6733111682080235,6.448678269562478,0.6742360769721089
253.80000000005765,22.181184883404107,-59.16909758152715,5.991007035378801,2.16305140162554,-0.013021156165542398,0.555015379367008,6.369533473028657,0.5551681023273862
253.9000000000578,23.291296356979508,-59.02977918681277,6.498799072866582,2.1391003977419056,0.10477854200708711,0.536630792963072,6.84179361725499,0.5467642552520294
254.0000000000577,23.98366229769408,-58.935886702358864,6.551076357449206,2.0705385459967793,0.11445054521661552,0.5083490696353599,6.870497166260126,0.5210736069880305
254.10000000005783,25.222128245434554,-58.98486300678198,7.143047688641112,1.8638041743055842,0.24877897887870795,0.4487499108175758,7.382201316840394,0.5130959586575545
254.2000000000577,26.36592127304342,-59.00684569069341,7.594509411067735,1.698888953272019,0.3474865469573608,0.400206387942558,7.7822102818123655,0.5300113708840399
254.30000000005788,27.081892526445102,-59.29538086353517,7.584216277008745,1.2802698137113366,0.3370642918831102,0.2940813673923772,7.691516582075661,0.44732112347846137
254.4000000000578,27.799347146860637,-59.52610283948745,7.575435764027148,0.9508553552039767,0.3272332047779547,0.2110531236778854,7.63487740054951,0.38939053830755005
254.50000000005792,28.926765647605066,-58.96431725855626,7.974969978299908,1.4357998860368193,0.4121098672027593,0.3183812467816937,8.103188722196231,0.5207697772990879
254.60000000005783,29.994581317981197,-58.476232411658835,8.283398903707448,1.809221300354533,0.47394163708603976,0.3974204739560524,8.478677910594216,0.6185173469541891
254.700000000058,30.340954285712392,-57.90218734016691,7.848334476521719,2.238582537718337,0.36230516269011753,0.48757476604651934,8.161348285273514,0.6074489142283741
254.80000000005788,30.862847643235675,-57.718892297689905,7.620839964710557,2.244505668093514,0.30128162015093063,0.477663292841638,7.944495418957299,0.564741388574528
254.900000000058,30.54896867104382,-57.67796829226688,6.577676692295757,2.1070780139259853,0.05293186744575859,0.434811110743356,6.906924672033215,0.43802110065288674
255.00000000005792,30.722452106521466,-57.950425684021184,6.100299848939581,1.667101803932315,-0.05875353203513062,0.3229435393837444,6.323992937349524,0.3282445843518263
255.1000000000581,31.042507137690052,-57.07203469751977,5.805866563209725,2.4067089288933756,-0.12552317994730108,0.4866092001108311,6.284929149816393,0.502538140181007
255.200000000058,31.404517486455298,-56.3122335649849,5.576210660700785,2.9700635228896157,-0.17575894983784257,0.6057045758426086,6.317863773658986,0.6306894970147955
255.3000000000581,32.23439344052038,-55.81363979576169,5.830709358708195,3.228422952313765,-0.11280339487935605,0.6514711222516318,6.664824557687446,0.6611650542974187
255.400000000058,33.02347296240097,-55.3561179778284,6.025200626425067,3.4244826354893974,-0.06518974016850394,0.6817630854394431,6.930376895194188,0.684872693930154
255.50000000005812,33.07542608225967,-54.938638197480806,5.470574245777914,3.5640039247357436,-0.19201674588742373,0.6982716568728902,6.529112233228984,0.7241917822602013
255.6000000000581,33.20762897714194,-54.54076909818179,5.039083021997637,3.671661179862649,-0.2874167503037739,0.7070251911467659,6.234857939223253,0.7632122963313044
255.7000000000582,33.15044036735064,-55.15869879514344,4.452851628189113,2.757566224852084,-0.4164147366407922,0.47915212580958055,5.2375623248904075,0.6348133525371535
255.8000000000581,33.10034085567673,-55.62191650522031,3.919820359650963,2.0669860445018013,-0.5301178093795033,0.308271093570835,4.431413201237209,0.6132340164673531
255.90000000005824,33.21117124956601,-55.3732323623189,3.589387427688256,2.1381005124647534,-0.5943105086241178,0.3175932172978587,4.177939193842888,0.6738474844760218
256.0000000000581,33.76612531086072,-54.710092524168466,3.728171666177024,2.6158655133190254,-0.5484453162694423,0.42079482364860904,4.554340386516688,0.69127458259895
256.1000000000583,34.319503772043255,-53.75730236527263,3.8559198869657707,3.344372610236961,-0.5061950350750493,0.5796278515249618,5.104208688014363,0.7695465286765144
256.2000000000582,34.85225879868941,-52.9127448516472,3.9544139504302516,3.9075907291797223,-0.4716915290425502,0.6965392822645814,5.559375414390424,0.8412252197290314
256.30000000005833,35.97651879819839,-51.90904394750211,4.635586683373794,4.584340583415168,-0.30315992482714726,0.8370156880720414,6.519573796178687,0.8902253659045638
256.40000000005824,36.99913187660115,-51.00434924300861,5.16366726106857,5.1084035494257085,-0.17395210142859474,0.9389112595711642,7.26355604417124,0.9548893584813553
256.5000000000584,37.98724030485332,-50.58222244423577,5.617050938583439,5.109248757624184,-0.06501820278929624,0.9173812911727265,7.593134011324004,0.9196824452427528
256.6000000000583,38.91056566430879,-50.15774669285962,5.971091013378104,5.1103038527410645,0.01840787107007716,0.896398072313331,7.859334154836841,0.8965870586643487
256.7000000000584,39.648075839380205,-49.60234770143965,6.1126967794429925,5.239675613374313,0.050748199938414916,0.9055916803915464,8.051041078693004,0.9070124979245733
256.80000000005833,40.84381012778399,-48.80563220353407,6.699717161523406,5.597414722966219,0.18540504317395223,0.9674146580878589,8.730249803143678,0.9850208884676426
256.90000000005847,41.323289584807334,-48.04150312573647,6.527580619510937,5.892932953642936,0.14128413082573377,1.0134097707058043,8.794087078278544,1.0232109112911052
257.0000000000584,41.29840639601196,-47.087354749542776,5.865991688805414,6.352666866287967,-0.01507063903927322,1.0963385951294031,8.646747065062511,1.0964421732728842
257.1000000000585,41.85997495242324,-46.513704569675156,5.839626130914929,6.395462702747646,-0.020822665596220306,1.0808728921860054,8.660437433011145,1.0810734445286647
257.2000000000584,42.422206544043604,-45.93965805756724,5.816000815648802,6.432920803681693,-0.025807528651256,1.0645299485254522,8.672273955201614,1.064842730098059
257.30000000005856,41.55090154986932,-45.83580950484988,4.366277237697847,5.996719979713205,-0.36066304991052206,0.938964852796992,7.417885644274242,1.0058493079775104
257.40000000005847,40.89384420658812,-45.66232453131672,3.242563007956761,5.661405382583809,-0.6123347622497158,0.8396493614446894,6.5242413939490715,1.0392136023137355
257.5000000000586,40.720562289861014,-46.113290867115936,2.688770345979168,4.7280253604372,-0.726308421267406,0.6042451080401593,5.439090896680644,0.9447941963170686
257.6000000000585,40.62151276339758,-46.421670064814336,2.25325705736999,4.007287698836494,-0.8102760771658499,0.4234913760005491,4.5973385852941,0.9142714404235303
257.70000000005865,40.613046614103126,-46.23217960901199,1.9433798053881746,3.837108363333377,-0.8632297770992897,0.37431424475285685,4.30117724116939,0.9408914931573094
257.80000000005856,40.652274204525234,-46.5030147350321,1.706847298790306,3.2206675466187162,-0.8979868786251118,0.22301423043143623,3.6450002945446776,0.9252652490814712
257.9000000000587,41.227968161364885,-45.554311212269525,2.0249599184465326,3.866065174401615,-0.8035999590073876,0.3671929533715335,4.364278016354593,0.8835177186239018
258.0000000000586,41.984748610170634,-44.739829018755096,2.500737533117343,4.327172190387063,-0.6749148380561918,0.4653923632364757,4.997810257983088,0.8198171078888555
258.10000000005874,43.45325993203384,-44.39434261666604,3.650320553299707,4.284500912788981,-0.3932950073251835,0.4447498719610899,5.62865776304901,0.5937031340630787
258.20000000005865,44.74837870323193,-44.04511006691681,4.539430159797875,4.247850401844971,-0.17846274901592973,0.42597817887300854,6.2169654343688485,0.46185101673839324
258.3000000000588,45.45615510494373,-43.575923166176324,4.775321872512193,4.332556277680492,-0.11975011565759806,0.4357215956588585,6.447847926662197,0.4518776373350532
258.4000000000587,46.13235282496976,-43.12056220585696,4.9618384869014305,4.395977894930835,-0.0738209815579153,0.44031457734969126,6.629061986647644,0.4464599246794849
258.50000000005883,46.21271985174818,-42.70832947144683,4.540619591403757,4.410557370800423,-0.1695790049458017,0.43349966000449486,6.330106049266596,0.46548790977040516
258.60000000005874,46.36201284025761,-42.30019581034227,4.220919084738112,4.418953824135018,-0.2396308556957695,0.42541173910223273,6.110917346826409,0.48826027359132224
258.7000000000589,47.15586874395966,-41.00822548042296,4.5684719689627675,5.306154925769931,-0.15366548201939229,0.6208582668962581,7.001872337273157,0.6395921105968064
258.8000000000588,47.67324792133816,-40.39720132361186,4.614168033590008,5.445245373719633,-0.1395361558092055,0.638676427028366,7.1373134877360505,0.6537414758294984
258.9000000000589,48.284819749423995,-39.89750070815138,4.750482184473333,5.461281901915473,-0.1047655786446002,0.6276087476652686,7.23827886981346,0.6362928308685434
259.00000000005883,49.007913570887666,-40.092225556328046,4.987611216901862,4.782936557853174,-0.04747192554622655,0.4561235943600331,6.910336299154596,0.4585873058066288
259.10000000005897,49.26252314818576,-39.854109834516116,4.739895629245417,4.587030510716226,-0.10369257438682891,0.4002384595103339,6.596018456795083,0.4134525056813336
259.2000000000589,49.559441950443315,-39.597857097020565,4.553658664529898,4.423395621910795,-0.14438674207505522,0.35311370402406256,6.348404213736536,0.38149288231452205
259.300000000059,49.52372084212882,-38.84907183425797,4.05075636466342,4.762205711649251,-0.25741272620797884,0.4233405123964583,6.251978116238568,0.4954578701059453
259.4000000000589,49.5670894172832,-38.16127086777085,3.665992641242085,5.0131912495220625,-0.34048721465694093,0.4716205446827824,6.210602913560462,0.5816850363484746
259.50000000005906,50.06180132381606,-37.66498690594174,3.7612556336859693,5.052988705908242,-0.3105656750441833,0.4699164445159566,6.299185566719772,0.5632694766647376
259.60000000005897,50.549824195469036,-37.18295475632148,3.843209294163407,5.074463375685668,-0.2844161491352595,0.46401205159262837,6.365566450043482,0.5442423448355798
259.7000000000591,50.23760491904991,-36.830259213998666,3.122344910060157,4.964402775575657,-0.4446364005779987,0.4278082308968344,5.864668162438678,0.6170262645479831
259.800000000059,50.11999337235884,-35.82874811784549,2.651916543690042,5.508165232548341,-0.5432007150290674,0.5437307668395173,6.113308889934423,0.768576712902479
259.90000000005915,50.516487295215946,-34.834002094361864,2.7310950815810537,6.002038338119475,-0.5123103663633505,0.6454270256436527,6.594190212368173,0.8240375943575408
260.00000000005906,50.87721031667736,-34.413616675199265,2.7696894516762844,5.884245259339438,-0.4915255945550502,0.6032362051884019,6.503500744275003,0.7781332336771123
260.1000000000592,51.56591929113699,-34.13674100762523,3.133128476993569,5.631223582418724,-0.3960557018870002,0.530730989331741,6.444158058934993,0.6622201311001146
260.2000000000591,52.20104489490853,-33.82669979597509,3.4160604174190516,5.429553504519074,-0.3214234925637941,0.4717857644466009,6.4147891651941755,0.5708720251565765
260.30000000005924,53.420692315655934,-34.195748430066686,4.2601556828261575,4.565914656320544,-0.11867017884873793,0.26103100118898515,6.244718015308518,0.2867399430315132
260.40000000005915,54.51683557681361,-34.44191832028854,4.916408953734562,3.8906812993008,0.03592670246081531,0.09874820445165516,6.269647356358277,0.10508061587245214
260.5000000000593,55.524638038675924,-34.91839165345181,5.433982810756939,3.03787901120123,0.15485721521460993,-0.10086733304240797,6.225502234703546,0.18481064898731367
260.6000000000592,56.460915867849835,-35.27544839365693,5.840053386195198,2.3700124763687134,0.24523495304883194,-0.25307152083672824,6.3026329967524966,0.35239945637795383
260.70000000005933,57.15197438554657,-34.73886813527285,5.96999353621785,2.6443831532900353,0.2696273960427231,-0.18372883129579567,6.5294398752027005,0.3262747556065262
260.80000000005924,58.15740663044337,-34.03837178501142,6.402462538268072,3.0612925499411823,0.3634578103815287,-0.08300852078860457,7.096692090703346,0.37281630121394566
260.9000000000594,58.26185631524405,-33.58489241809541,5.903279086318496,3.200183885482595,0.23954127819608378,-0.048949604241818205,6.714899915253228,0.24449148802206638
261.0000000000593,58.20493329892684,-33.35884887142847,5.281298975361362,3.1019222744064905,0.09007804452254015,-0.07055378727774395,6.1248706650518026,0.11441980162645742
261.1000000000594,58.042787801839246,-33.67186032950365,4.602259319344528,2.4744311152211518,-0.06912980077968645,-0.2141169125419658,5.225284699082735,0.22499995909409176
261.20000000005933,57.982604183897905,-33.894802153025786,4.077299012632914,1.9855248637597551,-0.18900118084653597,-0.3222908480585015,4.535049748682535,0.37362124819615533
261.30000000005947,59.05646983493875,-32.63258755158608,4.722893010656316,3.014438695787932,-0.03524336249859031,-0.07675215043481365,5.602906303051116,0.08445701389804938
261.4000000000594,60.03188585969601,-31.532338384788762,5.220720032148795,3.8028536424771664,0.08076472413991743,0.10745578084561971,6.458917361306117,0.13442353031571078
261.5000000000595,60.21369966852263,-29.53407889794153,4.889455420862648,5.424764370594466,0.002244322768784418,0.48026455742023155,7.3030707780408575,0.4802698013603826
261.6000000000594,60.441838990729416,-27.774939717879093,4.629873744546815,6.682343886109369,-0.05787241789500875,0.760143995233816,8.129541850723644,0.7623438267888331
261.7000000000596,60.089701178276826,-25.73112150462013,3.812410245311941,8.124822231514823,-0.24568682817239146,1.0763311669134261,8.974809645461956,1.1040157600354388
261.80000000005947,59.80784088650195,-24.2110083467259,3.128535126108485,8.931981619802235,-0.39824426521223594,1.238195103388357,9.464038656502813,1.3006635263700361
261.9000000000596,60.13734366064066,-23.650593779868696,3.107278903020344,8.718140950646838,-0.39394775395456705,1.1600636477690112,9.25533164270739,1.2251295848688792
262.0000000000595,60.805398169339426,-22.353753942785524,3.4257872948841053,9.2517471712908,-0.3111322574082446,1.2566924082411206,9.865639579433088,1.2946347324750782
262.10000000005965,61.55358462891832,-21.46794603650554,3.800258663752713,9.33194315048041,-0.21728371772826022,1.2461703143164333,10.076067133322693,1.2649714092711077
262.2000000000596,62.24405215260768,-20.57524212526369,4.088850401916536,9.41002009057917,-0.1454785023972107,1.2354013658252492,10.259979323290892,1.2439375102241377
262.3000000000597,62.54136811750967,-19.515128189195426,3.963890663164031,9.646057236443186,-0.1710267964841986,1.2614321376537438,10.428751094846254,1.272973370900327
262.4000000000596,62.860600023230695,-18.478434829089142,3.870781821893276,9.837725858840104,-0.18861392225214224,1.276594113709377,10.571840047332852,1.2904525341231141
262.50000000005974,62.40155924165942,-18.678909836531368,3.0100217480537985,8.779371436911152,-0.3834215231278275,1.0021614361008,9.28103408845201,1.0730049433275137
262.60000000005965,62.06859305979852,-18.722332304454145,2.3420791575695508,7.956809210162611,-0.5291052657787726,0.7886390201672562,8.2943443132806,0.9496862041775671
262.7000000000598,61.43324353931554,-18.832381654123207,1.425618216122856,7.129526951544074,-0.7289228783129047,0.5789651443778271,7.270663095683546,0.9308755023806394
262.8000000000597,61.323209676058305,-18.804375558200316,1.1047401782568722,6.502249181153417,-0.7863044968741596,0.4204221254563402,6.595429877973483,0.8916442818623086
262.90000000005983,60.467126235515096,-18.80831949491865,0.0672164237331716,5.8905651522999705,-1.0081835760202866,0.26915589414183955,5.8909486384715875,1.0434936599272397
263.00000000005974,60.094862939736814,-18.170863451831224,-0.40609596717415236,5.96435203679711,-1.094375264584963,0.28000148013033177,5.978161017687709,1.1296273937058114
263.1000000000599,59.903328992457034,-17.25815948638403,-0.6604219685020917,6.306000019560123,-1.1279011232188414,0.3525767003341936,6.340488421499755,1.1817238566504749
263.2000000000598,59.74433913201594,-16.40207671130882,-0.8601816969736753,6.564110093955268,-1.1480250913888734,0.40414269418970505,6.62023065137265,1.2170837800765175
263.3000000000599,59.860817526940956,-16.346727983898944,-0.7675549643948554,6.003779852919425,-1.1000278753188657,0.26513594744370805,6.052645136276236,1.1315292294525188
263.40000000005983,59.9581278561329,-16.20950178619694,-0.6986880630850132,5.5676170153503595,-1.0586390767453484,0.15807688234589623,5.611285435541158,1.070376100043551
263.50000000006,61.04871620567857,-15.955261313523279,0.3566781241738368,5.281289196525782,-0.789941127931753,0.08816550873891944,5.293319833677549,0.7948459866724387
263.6000000000599,61.98387815330261,-15.665045289493017,1.1776247027635784,5.052676252923421,-0.5817031405737434,0.033226510488725935,5.1880957255447075,0.5826513063167487
263.70000000006,62.51788539353338,-15.381687708761715,1.5369823861702796,4.834783838535492,-0.48509100747424583,-0.01796061821976872,5.07320900621704,0.4854233918335777
263.8000000000599,63.09451162854033,-15.243912824764093,1.91217740719868,4.488714214643858,-0.3870497760923106,-0.09762234965652722,4.879034508726792,0.39917120678421814
263.90000000006006,63.042046373462156,-15.219336906845697,1.6326620718614895,4.056787922606944,-0.44277107496054136,-0.1953072242501176,4.3729982494742226,0.4839329877844649
264.00000000006,63.53071111508858,-15.027921161641359,1.9147270204688576,3.8247977185456703,-0.3672585288517256,-0.2444683915077882,4.27729554166014,0.4411843395461119
264.1000000000601,63.60001303244994,-14.09555063425024,1.7581332786583086,4.349327007810731,-0.39499485434259163,-0.11744037156878939,4.691234170918956,0.41208394270019855
264.20000000006,63.706520521209825,-13.25022363055464,1.6515640072442015,4.746970873729142,-0.4105141850926124,-0.02271178133901415,5.026071641556389,0.41114197204109776
264.3000000000601,64.00309665039954,-13.351477880756589,1.7434673424932199,4.171094757214457,-0.3797496796119673,-0.15543868106779124,4.520808539188793,0.410330358050055
264.40000000006006,64.29642794876273,-13.370462570072588,1.8259069558486658,3.7219218811834787,-0.3518868545369011,-0.255776439694334,4.145677110080922,0.43502407461953585
264.5000000000602,64.26652720005576,-12.730480424757781,1.5808033844674414,3.964369748492938,-0.40045922578379056,-0.1937578049512471,4.2679230127908445,0.44487040640491976
264.6000000000601,64.27602880995035,-12.128380480053583,1.394749387040846,4.1508245017181515,-0.4342441495410283,-0.14613051518742526,4.378889116741203,0.4581725754337041
264.70000000006024,63.676740763955365,-9.996765695366463,0.6175893801805292,5.8468156626775585,-0.6040238076612668,0.24968754458403902,5.87934265337915,0.6535966876767519
264.8000000000601,63.025781711487674,-7.963731878661131,-0.14975898242452612,7.313277011182818,-0.76760459674943,0.583235654420607,7.314810209097152,0.9640439022877998
264.9000000000603,62.46845511335044,-6.667259182093327,-0.7629440087043217,7.931649322955304,-0.8917283008876754,0.7128257761640818,7.968258563999736,1.1416216316135335
265.0000000000602,62.43053399325719,-5.163450044336043,-0.8094509994695529,8.707270238176745,-0.881855818628845,0.8758031803934294,8.744813658459554,1.2428599662217767
265.10000000006033,62.90039651015774,-3.9990765270186306,-0.3445725671572404,9.08299638445032,-0.7538818995753468,0.9424774711679612,9.089529887402039,1.206897552473485
265.20000000006024,63.2992713622673,-2.87464083572206,0.015445877829773635,9.387847991041669,-0.6531328144285794,0.9912092645480477,9.387860697626857,1.1870460308721305
265.3000000000604,64.09756871102275,-2.3314450906131436,0.7470489092805771,9.087976951185956,-0.46873371937851227,0.8988861983370456,9.11862967436141,1.013759190953769
265.4000000000603,64.78966954191613,-1.728170684150521,1.3175120740381239,8.869049960854571,-0.32588773057621767,0.8274291103963974,8.966375258339944,0.8892928346003307
265.5000000000604,64.98771289864516,-1.0836143599989916,1.3525815195450843,8.70626281570751,-0.3102322419456637,0.7706157167741438,8.810703092443084,0.8307181392517922
265.60000000006033,65.19143887305819,-0.4072931500830245,1.3913057768467316,8.585934605456641,-0.29409331711524633,0.7249415392340426,8.697931065136409,0.7823241748015152
265.70000000006047,64.58834889436713,-0.16997058384338132,0.6240186515102112,8.035956221871386,-0.46483144256273196,0.5809071271471198,8.060148365710525,0.7439901614707485
265.8000000000604,64.28204813733628,0.5879643762068161,0.21257769342543176,8.045670050838787,-0.5492793193505224,0.5697131618084544,8.048477858744862,0.7913790857761906
265.9000000000605,64.42822770780587,1.5464159167771916,0.284822919281268,8.253091687039236,-0.5198526219271127,0.6045259801844122,8.258004994550683,0.7973069730300982
266.0000000000604,65.23150167913928,2.4998367392951764,1.0072142266673931,8.438148269915438,-0.340669015884697,0.6333581946536699,8.4980484067507,0.719164780226899
266.10000000006056,65.40161307004557,3.202683332050734,1.0439649704579725,8.357907955065732,-0.3242824649882079,0.600135999537153,8.42285511242443,0.6821453914227421
266.20000000006047,65.58008342021218,3.920888967039645,1.086938477161442,8.297803292236365,-0.3068351937619414,0.5723417398416002,8.368690144209111,0.6494019581860206
266.3000000000606,65.47091279355116,4.7684766412785535,0.8407634911166173,8.369925150071108,-0.35669793443093245,0.5757866127661717,8.412046734641187,0.6773209282666787
266.4000000000605,65.4085090528378,5.606357509408815,0.660958165950404,8.425520949981875,-0.39004956895550785,0.575327796908648,8.45140633123979,0.6950832612990591
266.50000000006065,64.73913151381406,5.719198723897128,-0.10872562554447673,7.753306855561684,-0.5591219215882604,0.4064710913493407,7.754069154847011,0.6912568779428331
266.60000000006056,64.18938407024487,5.925724174223303,-0.6986384144575752,7.22532982581388,-0.6826847414283141,0.274896702750281,7.259027946354211,0.7359528880044024
266.7000000000607,64.3572911988974,5.947791744914579,-0.5266576995542878,6.553701020591467,-0.6270932918245834,0.11312712653668452,6.574828165039863,0.637215617675712
266.8000000000606,64.63979885918879,6.421540954260582,-0.25236994199216795,6.383533642433132,-0.5491152697602983,0.07113430498955832,6.388520356991652,0.5537035929360336
266.90000000006074,65.0182369238598,6.8685169305536435,0.09756324955761181,6.199657468150932,-0.4554379305916611,0.026941069494435116,6.200425091077536,0.4562340735270862
267.00000000006065,64.86603176571654,7.324314802685586,-0.10704565297447766,6.038686086683991,-0.49224413190323896,-0.01092961713428161,6.039634792380376,0.49236545565654305
267.1000000000608,64.60602348362224,7.998250898143379,-0.40215541796315085,6.107443357699445,-0.5491397376576794,0.005233083385015061,6.120669354548095,0.5491646716937093
267.2000000000607,64.38807476300494,8.653845674573475,-0.6313783490034036,6.152617132872958,-0.5894732249517486,0.0155647901711926,6.184928148597373,0.5896786799843522
267.30000000006083,63.403937730562575,10.422155676935674,-1.6048177102257193,7.302673375368161,-0.801078260064478,0.28131705753484304,7.476929738225787,0.8490380825428231
267.40000000006074,62.56181428854654,12.012990768615067,-2.359934246770191,8.186634808826929,-0.9572690587220627,0.47934817416835807,8.519992907401713,1.0705786859755626
267.5000000000609,62.794263922442596,12.6960986900352,-1.9842667198687949,8.097152242974243,-0.8481927286122367,0.4475510573204928,8.336737303134942,0.959027034957494
267.6000000000608,62.963906443461376,13.390956768119878,-1.6982194876581675,8.025266488645546,-0.7623776350909196,0.42056143658733697,8.202978217820597,0.8706845470267794
267.7000000000609,62.50305757123081,13.823047215666548,-2.060558595542656,7.696228162764879,-0.8285788511306097,0.334693594187828,7.967297512896076,0.8936233627940171
267.80000000006083,62.219294381201784,14.106995404760406,-2.21669566703013,7.244239144066915,-0.8455349799421507,0.22236299665726128,7.575799657901567,0.8742852535575389
267.90000000006097,61.94810008596722,14.801639164075434,-2.34637057702582,7.235703258843392,-0.8559756591023472,0.21524259649166844,7.606632404340922,0.8826231949819656
268.0000000000609,61.21625321219961,15.469590633426458,-2.9229867197897788,7.200752286993524,-0.9695928354101375,0.20217474807060662,7.771401730879048,0.9904468159553461
268.100000000061,60.53956697263792,15.588166333252865,-3.398013922611855,6.620795623931168,-1.0570742698530373,0.06329998028762976,7.441870283210405,1.0589678462964522
268.2000000000609,59.925527881003084,15.790212260716222,-3.771630801284304,6.168560518200671,-1.1190660494755182,-0.042807761248876794,7.230237739376252,1.119884515256767
268.30000000006106,59.76259185048086,15.88691318788767,-3.6645673988414464,5.646354754250103,-1.0683984065215337,-0.16265083324232782,6.731298257505331,1.0807083087550386
268.40000000006097,59.577088729100325,16.05654325927257,-3.585833999666564,5.237426021170898,-1.0254584679910188,-0.2535095852873913,6.347348800909143,1.056329578970064
268.5000000000611,59.45882647111221,16.425073551649312,-3.4438831509404793,5.058727229475326,-0.9688841845083871,-0.2889928615189627,6.11972649221898,1.0110654958999443
268.600000000061,59.315747752802814,16.81918000641343,-3.3354169243775846,4.919934415916813,-0.9213670110082426,-0.31442121162018893,5.943968431641198,0.9735388370737814
268.70000000006115,59.107005980649014,17.959856077434246,-3.2986486514178637,5.536225634417746,-0.8915395872503954,-0.16454168257164345,6.444445453309778,0.906596272294406
268.80000000006106,59.05969435846219,19.008052274808502,-3.1019045687790943,6.0132468839807895,-0.8253854136551179,-0.050356015892184455,6.766162135325852,0.8269200743791167
268.9000000000612,58.86115133253387,19.787053087706422,-3.069117673090911,6.185449262467111,-0.7987001696904914,-0.009344779698814927,6.90501744167485,0.7987548347091485
269.0000000000611,59.01748182204434,20.747084015126674,-2.6835636628169057,6.524723199049238,-0.6910053364318443,0.06937631404315533,7.055035560264924,0.6944792638571009
269.10000000006124,58.676183142718855,20.946802332502454,-2.8218820423330433,6.080316868087553,-0.7070217084570806,-0.03506052188306137,6.703228436894548,0.7078904833547924
269.20000000006115,58.36369902766262,21.220776749640834,-2.9192412490868147,5.7442234931545455,-0.7131899010497411,-0.11201816517255161,6.443451948271093,0.7219334486557363
269.3000000000613,59.03584769830013,21.78461648209467,-2.026673562611191,5.723038013456087,-0.49015540167189264,-0.11432829288121071,6.071290623323062,0.5033123049770056
269.4000000000612,59.58249832667729,22.354060966367815,-1.3268353627577048,5.7093263791383535,-0.31687754331903384,-0.11485558737682694,5.861475904871522,0.33705071341206516
269.50000000006133,59.927758432499886,23.010092968462587,-0.8808544816103505,5.783182258611663,-0.20634942048974428,-0.09510836458597147,5.8498804820349735,0.22721286132319043
269.60000000006124,60.21735636368992,23.65242023806709,-0.5242427843790045,5.837905965457461,-0.11905802267486204,-0.08024508287791396,5.861397150722451,0.14357606377572565
269.7000000000614,60.2701701650595,24.134975062475245,-0.43072559100268937,5.729437901532079,-0.09466411244908618,-0.10348679654785817,5.7456055557492745,0.14025266929905836
269.8000000000613,60.01898927289978,24.901040346570262,-0.6470218994186123,5.911977305005632,-0.14252264571106196,-0.05885427064855,5.9472777800628185,0.15419639980898928
269.9000000000614,59.518843395408055,25.597244702077212,-1.0943195464496405,6.010984464716544,-0.24272535878047452,-0.03458309214966904,6.109784734735372,0.2451766507189104
270.00000000006133,59.102646168100435,25.886781784232834,-1.4229589361419903,5.697345131201163,-0.313153045475452,-0.10635612434549802,5.872355036777659,0.3307211137444139
270.10000000006147,58.98374805373997,26.292107963784865,-1.4294074936223564,5.523468405492806,-0.30739910923166,-0.1441286144747987,5.705428030332254,0.3395103383799132
270.2000000000614,58.86784626897424,26.718975934797378,-1.4316822491423356,5.3847810739520705,-0.3008125344409532,-0.17288458226244743,5.571856178770381,0.3469542616265876
270.3000000000615,58.3908808808928,28.131870890117078,-1.7927681196759568,6.239379938896363,-0.37740395421885997,0.028862114068166744,6.49183175635574,0.37850596598800823
270.4000000000614,57.9692226802094,29.41294416993934,-2.0700703548897095,6.89670960972828,-0.43283635753577077,0.18029430302816923,7.200680156423531,0.46888521848022346
270.5000000000616,57.40928598905423,29.548701214543726,-2.462759353548584,6.362074977044894,-0.513685540421015,0.05241292899617997,6.822109765096998,0.5163525438724872
270.60000000006147,56.90480620749695,29.764252710166925,-2.7687720867480676,5.948030334439662,-0.5726078581558398,-0.044605974775000154,6.5608813224878295,0.5743426261452709
270.7000000000616,56.800705533404624,29.64034139223326,-2.6510743500752088,5.22786440211684,-0.5321240674538763,-0.2102135974735087,5.861634705143878,0.5721413983679313
270.8000000000615,56.74776711154306,29.615003859815396,-2.4902901361724603,4.661891440751982,-0.482607220386202,-0.3363103789780417,5.285336012750225,0.5882298871846365
270.90000000006165,56.2373000580248,30.09383532488826,-2.796571479377753,4.64252873420063,-0.5423108157042923,-0.3330088185185652,5.419767992003678,0.6363928771136471
271.0000000000616,56.21986100239269,30.619054699819692,-2.5869001927483737,4.671616540947625,-0.48124623829475793,-0.31857265058868994,5.340042482312011,0.5771364445050741
271.1000000000617,56.26965043389769,30.501813679309436,-2.325344609657329,4.059209339235556,-0.40958909062800863,-0.4529065589529241,4.678077384289357,0.6106452114804943
271.2000000000616,56.28436431037684,30.47354904199917,-2.11797389484409,3.583672440705359,-0.3521279028270049,-0.5524615768474458,4.162754086120407,0.6551395682158961
271.30000000006174,56.062553772602044,30.448624390198873,-2.161407194380294,3.149372217874066,-0.354030052955782,-0.6401711963610269,3.8197154902735764,0.731543873630408
271.40000000006165,55.85298175435949,30.48514269041668,-2.188503682536417,2.811204204703492,-0.3521080013943412,-0.7036071881420934,3.5626419198423593,0.7867929332747853
271.5000000000618,56.48511441620239,30.106925316018284,-1.3742774691560466,2.087566701446895,-0.15555609994520722,-0.8547694192563952,2.4993145650797577,0.8688086442514705
271.6000000000617,57.00538023129669,29.835643708049037,-0.7339149927768982,1.5281701292934196,-0.003782695890904575,-0.9644300567995637,1.6952684627183334,0.9644374750322661
271.70000000006183,57.386724070852594,30.02659208600227,-0.2813023428058114,1.4745140844800628,0.10103523076124955,-0.9545295481312209,1.5011071891767476,0.9598618526176419
271.80000000006174,58.23794926700521,30.406244246826713,0.6042436479696656,1.6151156533669648,0.3036045547922606,-0.8999087054548952,1.7244445366153955,0.9497428093142438
271.9000000000619,57.69253495268899,30.458417840048394,0.029602458077801486,1.4206928705750872,0.1636127462356746,-0.9240732881105742,1.4210012449069598,0.93844582823425
272.0000000000618,56.68781473253375,30.69581588379578,-0.9586242926278803,1.4278471070836969,-0.06883967037530697,-0.9010356588768907,1.7197987950988878,0.9036615288840693
272.1000000000619,56.07940926096485,30.424195334414915,-1.4757210265396652,0.9294328678254635,-0.18689820547164587,-0.9955149880744768,1.7440177762756746,1.0129072172165856
272.20000000006183,55.548782034421095,30.229543596238482,-1.875049787751629,0.5483597825424096,-0.2749745505831419,-1.0606564903166111,1.9535890452337685,1.0957203995176654
272.300000000062,54.24009134855684,29.587597442182123,-3.018015953655919,-0.24650347192303268,-0.5330837365901109,-1.2200379122546812,3.028066092110896,1.3314168308819128
272.4000000000619,53.10154975694247,29.06536923397668,-3.9021647382654567,-0.8580792049211687,-0.7253325554830194,-1.3333203505285023,3.9953960462613045,1.517844021359565
272.500000000062,52.93844973207584,28.259710212030043,-3.744849600233162,-1.7018303304889035,-0.6721477541566705,-1.4977047849762744,4.113407954742447,1.6416157365104307
272.6000000000619,52.74600859199586,27.577342118526932,-3.6273787325451035,-2.3543403590146856,-0.6294131973329941,-1.6140340865241922,4.324441581916204,1.7324165219250611
272.70000000006206,52.79745576008745,27.373319732456874,-3.274606171427113,-2.4764150401701017,-0.5332208341093296,-1.6049337812065718,4.105566590512109,1.6911939273738754
272.800000000062,53.02071460642984,27.10136375181695,-2.776688467879176,-2.65313506144931,-0.40566902443220565,-1.608688476982927,3.840458892104541,1.6590497199787073
272.9000000000621,52.97886581687278,27.772316081752315,-2.5803292372520277,-1.873356237959484,-0.3508464993752761,-1.3910312694171547,3.188661563559128,1.4345944578940024
273.000000000062,52.8133743278441,28.80687438277303,-2.5214838562437545,-0.7883752085779292,-0.32911195532818643,-1.1077894696960124,2.641858494847551,1.155643625132469
273.1000000000621,53.215298797684945,30.28994034786274,-1.9012192180550935,0.6622104399562029,-0.17797308328092162,-0.7465040827666569,2.0132454350846074,0.7674260641650149
273.20000000006206,53.525344316812635,31.56264739093353,-1.4199020952345154,1.7930858672788987,-0.06248260085366078,-0.46755650753530364,2.287198917341185,0.4717130093054975
273.3000000000622,53.88925716582335,32.596272957018385,-0.9218977600303788,2.599663255991021,0.0541968054323015,-0.27010310156545303,2.7582865196528923,0.2754868040294202
273.4000000000621,54.18213567775484,33.52321587587703,-0.5331728467055379,3.2383885822306295,0.14289010598256185,-0.11605800685748324,3.2819862726687012,0.1840843375831833
273.50000000006224,54.076292074743975,34.74976507437983,-0.5719181611871189,4.126570856477099,0.13061845161548852,0.09214466645945801,4.166014572300702,0.15984936490131102
273.6000000000621,53.97686687731072,35.85802884322287,-0.6015764951146795,4.82823581915507,0.1207333956353882,0.25237133363813724,4.86556835373284,0.2797639055774407
273.7000000000623,54.29485625749567,36.612271404146455,-0.21342373643259932,5.122582526870222,0.20775470945515667,0.3146408105917546,5.127026568672036,0.377042250935665
273.8000000000622,54.53031605408998,36.58283462109242,0.06212339561838698,4.61288491837852,0.26670652533863737,0.18942097983361308,4.613303218572042,0.32712792338676205
273.90000000006233,54.3872906271472,36.56347739057201,-0.06119340310506757,4.152101589797231,0.23200081053115706,0.07841693449060833,4.152552497510449,0.2448950626329943
274.00000000006224,54.46705997646869,36.89959803394293,0.0464068237377564,4.0807698769143395,0.25153022692521126,0.060096937467794924,4.081033739338711,0.2586099320406243
274.1000000000624,54.181031302784774,36.7624108845804,-0.21923519893734555,3.5433304035008257,0.18424293170580947,-0.06565219454105256,3.5501062548642714,0.1955905635034773
274.2000000000623,53.9390971459712,36.713801893282096,-0.4208860828488188,3.1357125687531995,0.13331956266400996,-0.15845207594773994,3.1638328667255182,0.20707768146536512
274.3000000000624,54.58621444603782,36.63860046270469,0.2783153377437967,2.7333913479331873,0.2920234397185404,-0.24787906588915343,2.7475239194917758,0.3830427138729143
274.40000000006233,55.12790685246401,36.62696586036888,0.8179315771667888,2.4259692938922783,0.41012851411513584,-0.3132780044943257,2.5601443474606564,0.516089629996802
274.50000000006247,54.98092545162587,36.49678919287665,0.6290142639154936,2.0248736614167617,0.3569247917134922,-0.3988388751918377,2.1203236283427285,0.5352268260317395
274.6000000000624,54.86404922678574,36.42769069134338,0.48384848485718,1.7164434560295527,0.31507585649871983,-0.46097801978291686,1.7833360575183983,0.5583668418444824
274.7000000000625,54.66979356584837,37.12047927066661,0.27208714133651235,2.1917650772578083,0.2587856668425913,-0.34032636762675705,2.2085890442469376,0.42754187849284103
274.8000000000624,54.222088900675345,37.97658557349969,-0.17639508155359163,2.793887541586655,0.1490229490897934,-0.19312593634582156,2.799450449611391,0.24393742362513687
274.90000000006256,53.350820458696745,38.66307229368401,-1.0125539563663266,3.1810562563032807,-0.04790476714566838,-0.09906990536489813,3.338320598792055,0.1100441405268385
275.00000000006247,52.630789549576285,39.010034233345564,-1.63348201795576,3.200387116755808,-0.19047332953926766,-0.09230453593230732,3.5931519867772606,0.21166061659990756
275.1000000000626,51.634702711817056,39.27025740375773,-2.4810903266420437,3.1320327928059553,-0.3821947081167332,-0.10598525499053638,3.9956774925122014,0.3966177872812109
275.2000000000625,50.75875263346933,39.54257401718412,-3.14281279389229,3.0812340130387925,-0.5264675589093057,-0.1152872235760514,4.401281097653296,0.5389427005756714
275.30000000006265,50.73382506987525,40.03572772688909,-2.904605686973565,3.254592335603873,-0.45916665387553623,-0.07250606422642034,4.362236292060604,0.4648560480200965
275.40000000006256,50.6644737063197,40.50198211248958,-2.727983578353979,3.3879520654464166,-0.4076732311954752,-0.03997012746307601,4.349725692676679,0.40962797087451674
275.5000000000627,50.03898921559156,40.96338675917933,-3.11803901365248,3.5062881442084706,-0.48849528334254555,-0.011663376799498103,4.69214490834158,0.4886345016536193
275.6000000000626,49.46042910609941,41.407719246047385,-3.4301773837529237,3.598520228975068,-0.5494178963860321,0.009948157937079816,4.971465047886069,0.5495079532778336
275.70000000006274,48.75449199461908,41.581847426096864,-3.8438948706579548,3.414461807654369,-0.6324352883398476,-0.03287145675505272,5.141408096290439,0.633288975592269
275.80000000006265,48.25392083362806,41.490717029106776,-4.019719658123066,2.980439141894613,-0.6584855546918984,-0.1325396889450152,5.004114667794745,0.6716918898449932
275.9000000000628,47.84990988406121,41.32171563388526,-4.084319629866222,2.5026109843390416,-0.6581966439173886,-0.24003787738296417,4.790065613104374,0.700600460064531
276.0000000000627,47.38079288898746,41.021736152154055,-4.207310794780526,1.9316957378748927,-0.6714256025777184,-0.366588151771705,4.62956936956352,0.7649831454458633
276.10000000006283,47.12828712389544,40.84374472456275,-4.1035362322904385,1.527140950425533,-0.6318769545536513,-0.4517158913623561,4.378489361890355,0.7767340163822395
276.20000000006274,46.852752988401754,40.71922273467622,-4.029280075336614,1.2080580950863087,-0.6000737129906522,-0.5150964355859328,4.206483363405613,0.790830448943211
276.3000000000629,47.12784761033164,41.070411410839554,-3.410905149934865,1.3886034925089465,-0.443102297566372,-0.46140103637472785,3.6827290969144375,0.6397113118245374
276.4000000000628,47.30530486715892,41.38771165362096,-2.9364713825121838,1.522509432287005,-0.3230697143517213,-0.41974004018728933,3.307703002344061,0.5296751284209313
276.5000000000629,47.802838173159834,42.38869553529473,-2.179056667150391,2.3280679239419997,-0.14033538951653218,-0.22362882662676004,3.1887596675102663,0.26401491179328923
276.60000000006283,48.195203271490605,43.266850024617625,-1.5844868408409196,2.9496641781478576,0.0004898238500695429,-0.07462261334370501,3.3483006604316037,0.07462422093159968
276.70000000006297,48.183136876408625,44.050159366312,-1.4386256138504945,3.429022932458832,0.034229434292760375,0.03802328596082269,3.718580633542223,0.05116077058900595
276.8000000000629,48.35646109227494,44.61618238064787,-1.1194162845778206,3.654891440951934,0.10729949552317071,0.08940735471648263,3.8224761952589996,0.1396669496227575
276.900000000063,47.9943960672535,45.17651275389129,-1.358374282573132,3.857472595425734,0.04952400413498697,0.1342139642078311,4.089654693982931,0.14305948124449205
277.0000000000629,47.331335860462495,45.70771441865735,-1.8788469874039677,4.015115922498765,-0.0720545259516075,0.16758559064885714,4.432969870547292,0.1824192558455307
277.10000000006306,46.78396916118631,46.25457455587305,-2.2437816551317513,4.175824751305452,-0.15482977157796618,0.200894357257255,4.740471334110251,0.2536351729249924
277.20000000006297,46.29253324991888,46.78130830531835,-2.524515700989419,4.303641644829851,-0.21620642586141864,0.22582149880112395,4.989439941682421,0.312634879539304
277.3000000000631,46.503110885020384,46.93153442048124,-2.083825717306612,4.046047265608211,-0.1092320049131567,0.16099123044705435,4.55113481404848,0.19455026902629677
277.400000000063,46.644692654936,47.1241002463061,-1.7455975384325013,3.8501278446499754,-0.02844159147979823,0.1119320920966113,4.227362675041103,0.11548903570048545
277.50000000006315,47.03599285049309,47.05549669552907,-1.1846342423881033,3.4089061486904937,0.10201826087589926,0.007247449869337827,3.608877861443677,0.10227536889081164
277.60000000006306,47.34335387570695,47.05248391741987,-0.7507672362174358,3.067024906866856,0.20005048150879018,-0.07202842001115936,3.157577112648116,0.21262240813517935
277.7000000000632,46.87519108822122,47.68295172100878,-1.1233204145941835,3.3826907069235026,0.10921612342756425,0.0026804100783046902,3.5643295544254427,0.10924901013159262
277.8000000000631,46.491191254321336,47.98014485283605,-1.383557152164996,3.342028733025962,0.04647257867846438,-0.006790418397436554,3.6170964108906514,0.04696605530634127
277.90000000006324,45.569817135259925,48.503222636345754,-2.1591235663327613,3.529526049759314,-0.1340616791116029,0.03675185783568329,4.1375558861026995,0.1390080316406094
278.00000000006315,44.990277958245535,48.69076021075785,-2.5340788638856715,3.368244563423711,-0.21772081777322103,-0.0014175968098063471,4.215047701678533,0.21772543276465267
278.1000000000633,44.73219808756022,48.997913463098975,-2.5594204311317386,3.3385537118447313,-0.21854676383503518,-0.008254984522146156,4.20672958842933,0.21870261258665272
278.2000000000632,44.476144268449616,49.30419262079518,-2.5802979534073103,3.310300042952145,-0.21832065937423706,-0.014601610543287992,4.197144732163395,0.21880840326655535
278.30000000006333,44.62931740959762,48.67912549532035,-2.19143417261613,2.3565227923583385,-0.12328942302949851,-0.23495901403795408,3.218009229914371,0.2653413275549705
278.40000000006324,44.72265352673589,48.1946574533278,-1.891881179003783,1.616869112656523,-0.051122815551710166,-0.40067132798432414,2.4886703524033544,0.40391961494665746
278.5000000000634,44.78239498351681,47.31800370929493,-1.6487745000487148,0.5444831318075836,0.00631276576567643,-0.6395404015667557,1.7363522778612306,0.6395715567845239
278.6000000000633,44.81084316458473,46.59116751417008,-1.455598663809385,-0.2945406434635976,0.05086580349896731,-0.8188843997299304,1.4850998824104784,0.8204626683077324
278.7000000000634,44.57763781542232,46.15069348915626,-1.5380710592655107,-0.7817767476233818,0.03060546293257257,-0.9126781158922848,1.725351403765251,0.9131911287293629
278.80000000006333,44.02638067595974,45.92685890085668,-1.9310718477229725,-1.0135909848557727,-0.06103948212717111,-0.945199264326317,2.1809184225112848,0.9471681306195664
278.90000000006347,43.52499658635315,45.469779466806074,-2.2439533273930587,-1.4577442521215207,-0.13202497742594727,-1.026101199204335,2.675882067676323,1.034559938173181
279.0000000000634,43.7973581631004,45.39032980521822,-1.761667550623079,-1.4891761738654778,-0.017373554246674666,-1.0096312197112787,2.3067549145340394,1.0097806891611893
279.1000000000635,43.89238628761591,45.83293276277873,-1.4931750674777993,-0.9958837904011826,0.045155141529279866,-0.872125968961773,1.794813724630263,0.8732941615194966
279.2000000000634,43.956387616336286,46.194761825674654,-1.2763927727465005,-0.6191243936903081,0.09427171953696936,-0.7647671229129855,1.418623813835751,0.7705555848821437
279.3000000000636,44.12148355341383,46.59847252827135,-0.9758350130103919,-0.22797443294404174,0.16163665618074083,-0.656562617704283,1.0021109293352455,0.6761663105982074
279.40000000006347,44.25136735313132,46.943959697982564,-0.7338911119169268,0.07649595977828894,0.2138801231900643,-0.5709187187928018,0.7378670584956782,0.6096662124177551
279.5000000000636,44.130419752413616,47.597109172081,-0.7609424326214801,0.6652445321588691,0.20267170766404674,-0.4214771883065973,1.0107342248737639,0.46767386216282786
279.6000000000635,44.02191328597221,48.16571873840791,-0.7739712341787144,1.1253342803105277,0.194967326330707,-0.30526406415119367,1.365799660923276,0.36221320682527364
279.70000000006365,43.08739070969301,48.738139210742176,-1.6092474635028537,1.5544320847196373,-0.00281926444172359,-0.19891125499443318,2.237395026542297,0.19893123338343024
279.8000000000636,41.99814791976755,48.975767620485136,-2.5342337914090227,1.6173981830237543,-0.21678734623346374,-0.17973885653736119,3.0063795156247144,0.2816075461281281
279.9000000000637,40.746151661527456,49.08425694604646,-3.54953365427046,1.5472754956739851,-0.44670212386479474,-0.19180560894926235,3.8721119072557526,0.486140081755985
280.0000000000636,40.341287027498524,48.80566497682183,-3.641696751706833,1.097410943834681,-0.4576915400466715,-0.29146191777085073,3.803454483892271,0.5426155133618611
280.10000000006374,39.65803854214707,48.939208527763576,-4.0030278874807905,1.0934265721761538,-0.5307096762411362,-0.2856397043406497,4.149676365295228,0.6026962760394206
280.20000000006365,39.03128977173311,49.07097253981319,-4.279023521842077,1.0886196772390766,-0.5822923909447749,-0.2801425358779101,4.4153295575924885,0.6461766546079243
280.3000000000638,38.52775893819416,49.77899792384301,-4.409687816393659,1.6588408346675423,-0.5990531956366614,-0.14171637163270423,4.711379792885645,0.6155877363879456
280.4000000000637,38.044748353297955,50.399082591719804,-4.508488268300764,2.097814430332804,-0.6080531710292306,-0.036862738311507076,4.972654406805098,0.6091695332783194
280.50000000006384,37.73410456924078,50.46264032352779,-4.426603717748592,1.9486550341628217,-0.5750360498551452,-0.0705238789850913,4.836535631643146,0.5793445228360348
280.60000000006374,37.414573216587385,50.550628161954336,-4.35859171105788,1.8354906569541263,-0.5459928933363474,-0.09507721599950256,4.729307312436817,0.5542092714634176
280.7000000000639,37.18158360066206,50.80204317732447,-4.2083887033433625,1.8940592741020112,-0.4986035280682088,-0.07932497820951287,4.614975190858545,0.5048741728094286
280.8000000000638,37.2115786242134,50.836031338659915,-3.806679942790427,1.7317067374602815,-0.39411459427571904,-0.1150563529541864,4.18205935053632,0.41056580200527293
280.9000000000639,37.939986304378,51.186149989604246,-2.7393532931612974,1.8970360056582383,-0.13802558911225188,-0.07413838496951618,3.3320867442966438,0.15667662038629876
281.00000000006384,38.23938715888604,51.62135454278098,-2.181355356535158,2.1345404318844694,-0.005716220838172886,-0.017466554257207056,3.0519787100886147,0.01837813097925684
281.100000000064,38.29873950575066,51.368289351389194,-1.9054865992053363,1.6681704880827584,0.05824953688872833,-0.12497610391697132,2.5325228443315937,0.13788413649878994
281.2000000000639,38.3243115311945,51.188637191322016,-1.6846690974632679,1.3111695783161577,0.10799683238524607,-0.2046909944502382,2.1347776537732153,0.2314340489519085
281.300000000064,38.51203742679989,51.13168116324541,-1.3195956549459775,1.1043762420090875,0.18997251735243942,-0.24780470677781963,1.7207497134872398,0.3122446637661948
281.4000000000639,38.65284847459037,51.10345178223141,-1.0298316513044443,0.9427006736420593,0.25262544992934655,-0.2794809715527564,1.3961510627842644,0.37673496175969307
281.50000000006406,38.70518315753568,51.544375533345516,-0.8511117405042448,1.26145407928824,0.28813407100509697,-0.19925743699246223,1.5217284872726495,0.35032095151557135
281.600000000064,38.7343143454048,51.94245352884665,-0.7099340361379891,1.513398914746753,0.31413413449545685,-0.1363490889560255,1.671640694295226,0.3424490159342671
281.7000000000641,39.04986069988813,51.819250923775215,-0.2950442724888778,1.2269651637472077,0.402867030040206,-0.19947222848872592,1.261940821028349,0.44954534124120865
281.800000000064,39.55067799881135,51.66071192386514,0.271501282746192,0.9278664234620482,0.5246384815005528,-0.26406531858396065,0.9667724894312418,0.5873466001860014
281.9000000000641,40.21778152752136,51.211851556896605,0.958824058612839,0.3632283530878303,0.6715389902005326,-0.38860713937984587,1.0253186879510656,0.775873781060127
282.00000000006406,40.845343159982434,50.89229454213672,1.5522508956597958,-0.02819676721462938,0.7933137009843058,-0.47018729582614216,1.5525069728532603,0.9221836700602091
282.1000000000642,41.511277062735154,50.45120092691385,2.136359591601397,-0.5094481851978488,0.9101145250875123,-0.5706647405549096,2.1962626796511997,1.0742284183952082
282.2000000000641,42.09899845010046,50.08208561327615,2.5954730094840666,-0.8806091722918405,0.9952899295846644,-0.64334331800074,2.740794165435412,1.1851129350187886
282.30000000006424,41.93291640847738,50.510342029022254,2.266065906093197,-0.42742397423957124,0.8960380674739149,-0.5235940652479691,2.306023838669655,1.0378029502392458
282.4000000000641,41.82418297249097,50.86638951675375,2.017167166089903,-0.07993200466739331,0.8177116958297932,-0.4310721395277139,2.0187502325253903,0.9243784976803804
282.5000000000643,41.34021779694917,50.934255109192286,1.411842505063238,-0.04532756886749714,0.6587240489123429,-0.413090379514284,1.4125699443222897,0.7775352302389429
282.6000000000642,40.95280642107915,50.99093617567138,0.94788809095177,-0.023602700165230542,0.5361270028026948,-0.3985049140691008,0.9481819026027024,0.6680107257158541
282.70000000006434,39.93264609944917,51.53532619461423,-0.11179530822144934,0.4831618437760882,0.2785205390617714,-0.27202322931982215,0.49592696863695357,0.38932034106740976
282.80000000006424,38.74008894491609,51.57851099491331,-1.262127228984999,0.4522028761954601,0.005899618625705316,-0.27289248229209284,1.3406910842490147,0.27295624629502246
282.9000000000644,38.443491754956845,51.02785626713038,-1.4312904434551061,-0.1672916801047144,-0.03337970291805706,-0.40992333625417093,1.4410339481629753,0.41128013102099625
283.0000000000643,38.04416562675788,50.78212097525346,-1.6896658290143458,-0.4343604855103331,-0.09239301186696974,-0.4622353496160326,1.7446030050161867,0.471378814836333
283.1000000000644,37.99856503099134,50.74274475422026,-1.575557327192221,-0.4742377200992488,-0.06385146630787444,-0.46076687416044537,1.6453821156296884,0.4651699926620948
283.20000000006434,37.9254270475846,50.706708925102575,-1.4975340392339374,-0.5066757208152756,-0.04432013196198761,-0.4576110076730039,1.5809264640482146,0.4597522250523971
283.3000000000645,37.653542970378425,50.47128671937785,-1.6234024164207985,-0.7341958767443065,-0.07241938813700351,-0.49966837900133826,1.781706763490903,0.5048891529355359
283.4000000000644,37.39188891610848,50.266176043358705,-1.7292123806090451,-0.9128545096459881,-0.09522712137807605,-0.5294464750883463,1.9553717838387201,0.5379421666214963
283.5000000000645,37.36806659861487,50.38002047267264,-1.5897400214638706,-0.7588277108275998,-0.06075103415664634,-0.4815551886553157,1.7615597720667338,0.48537211278766185
283.6000000000644,37.317135129006715,50.472011628585015,-1.4878889554141277,-0.637361802722404,-0.0357779125632666,-0.442306352700469,1.6186548771164582,0.44375102103158753
283.70000000006456,37.30023379573916,51.25476780743007,-1.3599123892207632,0.16382056036634118,-0.005337445890509721,-0.24668557129763408,1.3697440937470278,0.24674330672801284
283.8000000000645,37.02245643535309,52.130743401821235,-1.5016558886248481,0.996641069084115,-0.038012082585527615,-0.04827049910082418,1.8022940460498698,0.061440699100284005
283.9000000000646,37.06848430263181,53.11511332534349,-1.3098350674073782,1.8733297606058275,0.007253053318459171,0.1557041245358481,2.2858329544788654,0.15587296487818308
284.0000000000645,37.31367497521502,53.44189290975196,-0.9344303419191586,2.0270305682184846,0.09395042027264416,0.1876662257679744,2.2320423357076606,0.20986970663581442
284.10000000006465,37.17134789905547,53.50980663987812,-0.9741977221130736,1.9105958238702474,0.08257468856608953,0.15638187469228565,2.144629945692434,0.17684419674973903
284.20000000006456,37.03689335660291,53.59966018544006,-1.003242691796664,1.8246415285917894,0.07394324785056791,0.13287430987090518,2.0822614164665296,0.15206309916070973
284.3000000000647,36.91421544562807,54.38715374408289,-1.0184836140689952,2.439950537640617,0.06870566015649561,0.2721765582991015,2.6439870457813854,0.2807143505862927
284.4000000000646,36.79451472771048,55.08484853649351,-1.0297383773955602,2.917753082395332,0.06451162588449921,0.37643775162223697,3.094130600945717,0.38192555651679894
284.50000000006474,36.13191150942185,54.66895465742198,-1.581067911350982,2.248596803053566,-0.06455369002754818,0.2128907287753545,2.7488112563445446,0.22246267393581856
284.60000000006465,35.54687172459976,54.35221334051288,-2.0124793027347248,1.7293246379712088,-0.16288459967926833,0.08780983698509176,2.6534198023362032,0.18504583292801782
284.7000000000648,34.65053271671795,53.8466645361954,-2.720352324257002,1.061817852446397,-0.3229108975952373,-0.06867692407189727,2.9202352507742164,0.33013325746694916
284.8000000000647,33.87384859502913,53.59459911283283,-3.2537272075623065,0.6984341263412851,-0.4388570723429779,-0.1511714506879021,3.327844793566749,0.4641641277054212
284.90000000006484,33.76145514132355,54.11491989633249,-3.083273708782458,1.1328005295890329,-0.3892609541768869,-0.047165097437957104,3.284785198929502,0.39210794032132584
285.00000000006474,33.33264032186232,54.50332319938984,-3.2402812986952543,1.402375376604,-0.41658392444962716,0.01630339623952068,3.5307335769751043,0.416902826614063
285.1000000000649,33.394978895062025,54.60839984678402,-2.8949963016263855,1.368899963207861,-0.3270487879396564,0.008180248321453512,3.2023258259741363,0.3271510754306013
285.2000000000648,33.395197387654704,54.715662151881354,-2.6374775512297464,1.3401644370518508,-0.2598937131607626,0.001341828816720663,2.958433462422193,0.25989717706251086
285.3000000000649,33.94159484881856,54.479724870936174,-1.855168655747887,0.9717727265460068,-0.07286093880724748,-0.08393166871832365,2.0942762409310007,0.11114513672543613
285.40000000006484,34.3656421803506,54.29652153433662,-1.254891276628805,0.6845041715961653,0.06772365306769393,-0.1484608650232584,1.429439777357418,0.16317818980576881
285.500000000065,33.835340696273754,54.8458233116895,-1.6516988924814413,1.1493843456728048,-0.025661037522830887,-0.03745662669702288,2.012260819452121,0.045403609220724526
285.6000000000649,33.358657677853635,55.31966379642019,-1.9644424097186586,1.5033356291383444,-0.09743323420921407,0.045311152180546155,2.4736717637831482,0.10745387680486998
285.700000000065,32.81459065642049,54.45963926530376,-2.319975311421838,0.5012006879669655,-0.17744575783476507,-0.18762210167869306,2.3734969086193085,0.2582422312711148
285.8000000000649,32.89386774253841,53.87696043715168,-2.026768464597973,-0.14697223629051598,-0.1054944625662296,-0.3332619439244939,2.0320903639673755,0.34956058831119696
285.90000000006506,32.9163440737925,53.144178843656526,-1.8125123490317576,-0.8939385433472892,-0.053476526063172256,-0.49839169323141397,2.0209718292629644,0.5012524500906315
286.000000000065,32.88428426153268,52.883951610042566,-1.6689807304868207,-1.1114663810584704,-0.019027233925682972,-0.5371933066513024,2.0052067711235004,0.5375301706340053
286.1000000000651,32.48898166072554,53.13838292071334,-1.8983075641850826,-0.798349758483922,-0.07165107843033375,-0.4523108457017889,2.0593527976317314,0.45795084690357035
286.200000000065,32.12811216411347,53.34126953441593,-2.0754913345648327,-0.5597027359155851,-0.11099183103653101,-0.3866240662822612,2.149635185896691,0.40224041963168267
286.30000000006515,32.140291830494675,53.571053512924294,-1.8671609201598973,-0.31179329253764687,-0.060217843162119,-0.3203139795730533,1.8930147804610034,0.3259251971619009
286.40000000006506,32.11812879298832,53.76329149664168,-1.7089677910812944,-0.11967832979403317,-0.022220024653703874,-0.2684485761382371,1.713153178666627,0.2693666043262566
286.5000000000652,30.840972767226706,53.84707038144009,-2.813048794353854,-0.04981069413454452,-0.2771800491057633,-0.24607019593557836,2.8134897591187067,0.37064716503711087
286.6000000000651,29.725681409471303,53.92357577773487,-3.6701389262316484,0.007978364294165471,-0.46908912060811525,-0.22700450236505526,3.6701475981406535,0.5211292039090701
286.70000000006524,29.3034390548087,54.1092527602091,-3.7697257981416734,0.17057080321065238,-0.4812783153430118,-0.18412943439843454,3.773582779280561,0.5152984236646712
286.80000000006515,29.332521501084024,54.04150726703476,-3.4109760419406854,0.06860118988492107,-0.38713058896242036,-0.2034636782369213,3.411665822138354,0.43734146987461403
286.9000000000653,29.739834233276362,54.03496001831544,-2.7022526162595897,0.035912815791271924,-0.21418067046595346,-0.20631950481552105,2.7024912455769132,0.29739048012430924
287.0000000000652,30.05119564990375,54.06929468882504,-2.1432723861208487,0.04693264263746468,-0.0798818500779511,-0.19899557506087698,2.1437861819810977,0.21443028905843825
287.10000000006534,29.36539326953606,53.71513595232623,-2.620509683510983,-0.32943632894057184,-0.1884617728080496,-0.28147931432480666,2.6411359859349677,0.3387453973159137
287.20000000006524,28.755327509351268,53.41999043480265,-2.98508255254837,-0.6173675045333411,-0.2684597450707559,-0.3415907643695216,3.048255317584539,0.43445930192137594
287.3000000000654,28.797798831790946,53.780976471285584,-2.670934021129907,-0.22874159200602806,-0.18955675702500302,-0.24376221185479094,2.6807109618798193,0.3087908354569093
287.4000000000653,28.79567546342743,54.08299049428414,-2.425002989166104,0.07172468360705819,-0.1282644125288806,-0.16859664995788862,2.426063463247215,0.2118409542520088
287.5000000000654,28.71634674445351,54.64450704094549,-2.2746517212765203,0.6078993140806142,-0.09050659353160534,-0.04062960753921338,2.3544812654098393,0.0992079053376581
287.60000000006534,28.625428852561107,55.13591779592339,-2.1472337911734636,1.0329897830624208,-0.05892901883356622,0.05867254351545971,2.3827884601593388,0.08315705997244201
287.7000000000655,29.117381434680613,55.11816930734774,-1.4488974012250213,0.917986713055512,0.10402315320819153,0.03070426369800156,1.715226890129432,0.10845998438415573
287.8000000000654,29.133892539331196,55.8508056617113,-1.278238180110038,1.559257015727332,0.14110512521183152,0.1783778371298687,2.0162279846748303,0.22744078161177828
287.9000000000655,29.6381964681747,56.32017017036716,-0.6351538181522315,1.888429800760108,0.28664388100053895,0.25041788897962847,1.9923823641841991,0.3806229546888425
288.0000000000654,29.420109893644348,56.5898284947626,-0.7618889271262292,1.9927263339633183,0.2506858686370562,0.26875670686032216,2.133408769867707,0.36752356688615295
288.1000000000656,28.808848492623966,56.738412900831584,-1.2710666468000018,1.9677717505573584,0.127066193816199,0.2567636634301086,2.342591744820034,0.28648454839482346
288.2000000000655,28.27499654077575,56.90041099027967,-1.6641610064798233,1.9575250487205051,0.03316758476696341,0.24845139631169955,2.5693065546672615,0.2506555106286453
288.3000000000656,27.457111129722048,57.09665073036341,-2.30995264788744,1.9816180942171027,-0.11703012055223258,0.24827736865589078,3.043467020818661,0.27447714094831865
288.4000000000655,26.73417782210667,57.29523053108212,-2.8111033063250788,2.0056256282945,-0.23028379801753968,0.24808758128492844,3.453235578367554,0.33849383394264215
288.50000000006565,26.42786837923454,57.840199182488746,-2.858086133222103,2.3722693948217217,-0.23582663645028848,0.3271850538617843,3.7143395680153275,0.40331657780209734
288.6000000000656,26.131760975624914,58.3352834803734,-2.8907530920377695,2.660215821696572,-0.23792865868465551,0.3862424441956907,3.928511379279777,0.45364443380442854
288.7000000000657,26.262952638027173,58.62605928502927,-2.494723562476228,2.721574578997707,-0.14078562302769265,0.39150300108721786,3.6919661214887425,0.416047102515561
288.8000000000656,26.366206506721934,59.211411947260224,-2.156742415123705,3.070755728454862,-0.05932224875154421,0.4632412841822969,3.752476327577828,0.467024214112934
288.90000000006575,26.569766631188322,59.652234923555966,-1.7447704154877264,3.2480014227481986,0.03737693982151585,0.4935353287128253,3.686968544066458,0.4949486400810671
289.00000000006565,26.643327851180214,60.056093528287505,-1.4941424009892557,3.373648756763367,0.09450508608134046,0.5111890116168384,3.6897110250594083,0.5198513411476801
289.1000000000658,26.58740230831599,59.927232812320504,-1.3920363955159607,2.957803845485421,0.11594471468087339,0.403137886245425,3.269001210585492,0.4194798352589292
289.2000000000657,26.52125008981231,59.867339399579514,-1.30825123926791,2.641815106574435,0.13264897424877292,0.32069276298896254,2.948000739886426,0.3470440874049672
289.30000000006584,26.286424342019753,59.56282166405771,-1.3992443711033022,2.1057930506561506,0.10852462651458031,0.1892416609450608,2.528289774186498,0.2181513254540859
289.40000000006575,26.067274838191352,59.3415464978178,-1.4678502950261885,1.6935947437980157,0.09013868768840044,0.08948389142526252,2.2411710431889698,0.12701318767275768
289.5000000000659,25.664369737764297,59.47405210457129,-1.7144123244261265,1.6653864834957561,0.031000778755647898,0.08088618496367372,2.390130071262766,0.08662345641588234
289.6000000000658,25.296083937197533,59.60851706069479,-1.9075479427038982,1.6411229144163095,-0.014406353965480317,0.07340018672854111,2.5163512421631755,0.07480060458554738
289.7000000000659,25.165433476013796,60.052381312673475,-1.849045550160644,1.9267645632955646,-0.0005360893871026833,0.1377966207464068,2.670466462800165,0.1377976635540677
289.80000000006584,24.870296708972877,59.93968241881896,-1.9589012700596597,1.6356666721083426,-0.025943286564617103,0.06725076290290274,2.5519991473523906,0.07208133759022707
289.900000000066,23.82996463040215,59.78161679045316,-2.802533970194634,1.3216716484406281,-0.22055181959851336,-0.006960914333165938,3.098550080341879,0.2206616402018458
290.0000000000659,22.525893850047527,59.941168568719135,-3.843338148396695,1.348288654812395,-0.45628095445346817,-0.0006409150599883708,4.072975622271407,0.4562814045839278
290.100000000066,21.100149391028072,60.13849180682015,-4.924066206749028,1.4104798029657628,-0.6957935523990824,0.013764374014378853,5.122097351966487,0.6959296843447205
290.2000000000659,19.824050610113723,60.32540948458713,-5.7708334381123905,1.4574795207418496,-0.8756276688832385,0.024321180893827343,5.952038736753816,0.8759653728053207
290.30000000006606,18.439443903090584,61.086875061749595,-6.658427193391728,2.0731206531268764,-1.0607474711566205,0.16621209902809667,6.9736993003799395,1.0736906721344333
290.400000000066,17.173268009009817,61.75394362078645,-7.3572241209723614,2.546887789539545,-1.1978979246301726,0.27199145601998775,7.7855882358832185,1.2283886966189277
290.5000000000661,16.329592615770263,61.65731671299565,-7.5785820363277665,2.2227788088717553,-1.2213998528053889,0.19070199121701553,7.897825733359737,1.236197738991283
290.600000000066,15.508148321386221,61.60693503691556,-7.757978234993409,1.9692968896594758,-1.2346484132418851,0.12763594129230893,8.004021272726225,1.2412282778885915
290.7000000000661,14.73253674407515,61.08017763871979,-7.875108247302268,1.2605438249990577,-1.233182592152733,-0.039316368243499156,7.97535583165237,1.2338091758454355
290.80000000006606,14.702803667843757,61.08776059473789,-7.237445075477316,1.1387959602624385,-1.057098497796329,-0.06657795827212909,7.326490801172203,1.0591930223386767
290.9000000000662,14.50325301094563,60.823831414169504,-6.815728665213064,0.7561259595903532,-0.9350569189201362,-0.15358371932802733,6.857542103740486,0.9475860913199647
291.0000000000661,14.843309119573627,60.32520187961391,-5.886909644350267,0.16951705117669147,-0.6985003961972006,-0.28576583214165874,5.889349810580437,0.7546952459816221
291.10000000006625,15.778701946557259,60.01275515235141,-4.435106645376483,-0.1857574164321761,-0.34640389778574693,-0.36136071363982525,4.438995018427279,0.500576892957957
291.2000000000661,16.507730604410327,59.744737587697486,-3.3000289901546305,-0.4685682898502217,-0.07574191550230513,-0.4184389909124489,3.3331287971085293,0.4252387880706402
291.3000000000663,16.23301684227851,60.056485759928684,-3.2521511901508626,-0.15111361450240762,-0.06291083538028763,-0.33530060999668143,3.255660100208198,0.3411513920129776
291.4000000000662,15.967178690349614,60.31203244583579,-3.198982209336743,0.08663488382868101,-0.049152324127904636,-0.2725292498955951,3.200155117919911,0.2769262411109325
291.50000000006634,15.788359230306257,60.355655329109574,-3.063120912265644,0.09556315941679203,-0.016577931784424092,-0.26415725331778295,3.064611238084993,0.2646769394991645
291.60000000006625,15.593897935332889,60.39543263513229,-2.953279048094616,0.10056690558988696,0.009222061992812267,-0.25688707699096947,2.9549908355889305,0.25705255640114444
291.7000000000664,14.931205351560388,60.156127094064345,-3.318342977137676,-0.17223766407317273,-0.07546375889910281,-0.3140674114644973,3.3228099444362327,0.32300637431975204
291.8000000000663,14.117349857037684,60.45990061105443,-3.8056656323971705,0.11767244287337567,-0.1864795711128036,-0.23971765220615568,3.80748443324733,0.3037090436942018
291.9000000000664,14.228998241718859,60.653517261051284,-3.3330784476582824,0.27603889371254037,-0.07281228365943615,-0.19752626838019294,3.3444894093248654,0.2105190142288962
292.00000000006634,14.548331271941024,61.24848660314619,-2.6898867994860294,0.822435532936743,0.07770114899037456,-0.06652454255774409,2.8128084186247273,0.10228872526794676
292.1000000000665,15.002609409071272,60.895859554155884,-1.9620413706878883,0.3829300422364077,0.24431994459357484,-0.16668274853074655,1.9990602185872202,0.2957623606613451
292.2000000000664,15.353573158593319,60.619203500363525,-1.3937800238676656,0.05336412250398831,0.3701570479562539,-0.23908438170793783,1.394801234765431,0.44065585407248975
292.3000000000665,15.22023964811557,61.00593668970109,-1.3525868737137643,0.41056436260961016,0.37112367033707644,-0.15089934363948584,1.4135255027015996,0.4006287440951917
292.4000000000664,15.087788323258206,61.34214110603985,-1.3145264529541087,0.6902295281312847,0.37134304123750045,-0.08269572827748818,1.4847210502382078,0.38043953231868544
292.50000000006656,14.614201434079643,62.09680340461563,-1.6200492654722862,1.3653525749720807,0.29205534038494124,0.07543502973547743,2.1186663910441834,0.30164012590926337
292.6000000000665,14.189277463979579,62.75536125154501,-1.8541979074216464,1.892518785592011,0.23111760960429803,0.19567093845911043,2.649467349054423,0.3028241496754737
292.7000000000666,13.389933139056087,62.939891069877426,-2.443781264219073,1.9064075681677068,0.08934560239578493,0.19435702952952777,3.0994284446193108,0.21390954068252171
292.8000000000665,12.653150283834982,63.31728261954703,-2.925787104188765,2.110901911270321,-0.024253484556505778,0.23717789443425413,3.6077883887559112,0.2384147334402781
292.90000000006665,12.47721694287352,63.71678273756626,-2.811898584340166,2.321117767402004,0.0026604732958515794,0.2803318293826143,3.6461433513732686,0.2803444536336703
293.00000000006656,12.383564662565158,64.21059792798651,-2.624835396172511,2.608443371575061,0.04588361124794885,0.3403297075229444,3.7005050573825695,0.3434088170152388
293.1000000000667,12.000602398386427,64.97580963626118,-2.7404871257003083,3.143192952990085,0.01806116170545289,0.45619091953337226,4.170123694311197,0.4565483113832032
293.2000000000666,11.634580240500838,65.66794921642085,-2.8303877787742655,3.5628952023444604,-0.0031589400606253475,0.5427503167776657,4.5503095720097875,0.5427595096030683
293.30000000006675,10.535249797247541,65.42110845713489,-3.643814392232218,3.0136753939760004,-0.1913052716346434,0.4031071690952831,4.7285962721821635,0.44619849476574647
293.40000000006665,9.556964959211076,65.26419889478679,-4.273515059163778,2.5954782814179067,-0.3325855785077822,0.29701268030235256,4.999943846705844,0.44590323983095664
293.5000000000668,8.348595550997642,64.74767073409326,-5.083106602849332,1.8506335297564251,-0.5122218812528454,0.11778986506448583,5.409511733732463,0.5255908179811685
293.6000000000667,7.257568787425961,64.34344336415771,-5.71223420434584,1.274820132470615,-0.6459438712862007,-0.018173600705427312,5.85275883455409,0.6461994774176192
293.70000000006684,6.752020353580224,63.90365543235955,-5.70819106703249,0.7080229610897,-0.6300617802952142,-0.1489047254692017,5.751933741897567,0.6474183070131961
293.80000000006675,6.437999337165607,63.623321825307364,-5.512256809016761,0.344099769412276,-0.5701453482858883,-0.2296676820170815,5.522986491008395,0.6146649187444619
293.9000000000669,6.528329772792732,62.65340554274147,-4.927363220899535,-0.6781550464521111,-0.42161372073431347,-0.460893732609837,4.973811674933209,0.624644828899159
294.0000000000668,6.692755771940462,61.65688637820345,-4.312810557614179,-1.6470514509403074,-0.26965614141569727,-0.674422780404393,4.616612761312442,0.7263336157246163
294.1000000000669,8.078776359022664,61.3715803144496,-2.528178155823009,-1.831267973083047,0.14953095430267693,-0.7014432649762653,3.1217346422814867,0.7172044062017693
294.20000000006684,9.199370810097244,61.10085708036103,-1.1458830253860366,-1.9851754598049516,0.4659213077183596,-0.7208252887772368,2.2921539027909223,0.8582958475530296
294.300000000067,9.693619435065399,62.13186573728076,-0.49513533664433773,-0.8289091849366967,0.6057173394429264,-0.4365966889207118,0.9655306512308766,0.7466660324926707
294.4000000000669,10.100562740137118,62.98031175271892,0.0171064582195668,0.05733129256717784,0.7102296315710143,-0.22142635960507023,0.059828989797932615,0.7439460748531795
294.500000000067,10.282680688353352,64.22403858374973,0.26429980687597204,1.2694848136466723,0.7509938362121913,0.06417840302741379,1.2967058571604442,0.753731125431246
294.6000000000669,10.436785509661561,65.28697309216203,0.4628385563297538,2.207939699810762,0.7795565685653845,0.279843191198089,2.2559293533322022,0.8282636387367052
294.70000000006706,10.616317433722674,65.15436075266534,0.6696429364574412,1.882494269975432,0.8093709764086371,0.19806280244628233,1.9980506347031546,0.8332528134759256
294.800000000067,10.900401752017736,64.55827019650663,0.9628270018078755,1.120015411239259,0.8584829699009625,0.017049226283709,1.4769801477419353,0.8586522495905139
294.9000000000671,11.154357115123837,63.60986911333274,1.2014608071573205,0.06534455911742931,0.8938361293511992,-0.22738639856808135,1.203236461607348,0.9223055894806753
295.000000000067,11.774717031558376,63.17453104931139,1.784666800039161,-0.3964206940111809,1.0081020798711393,-0.32897311335906876,1.8281643672827466,1.060421195918714
295.10000000006715,12.0122227738522,62.91953492996975,1.93926617778421,-0.642198521484107,1.0205483983444528,-0.3782317041224047,2.042834366583388,1.0883833218892902
295.20000000006706,12.238836954283151,62.69977519489014,2.068798876733714,-0.8330746355598257,1.0269065218672697,-0.4136467456388885,2.2302336516131698,1.1070865525473501
295.3000000000672,12.102701602135344,63.155569879354076,1.82468972494762,-0.33536734406751845,0.9466602413212906,-0.2889104576506575,1.855253041446455,0.9897650554744779
295.4000000000671,12.01233369624874,63.53451092574601,1.6428618619868822,0.04805893834594832,0.8826821024102272,-0.19350402543256318,1.643564650120568,0.9036434594318408
295.50000000006725,11.398985397561122,63.194135829402995,0.9521146073373584,-0.3141702290028162,0.7024250987178038,-0.2728430136287495,1.0026091752506827,0.753554463456182
295.60000000006715,10.89287957057606,62.91339407097246,0.4198729608223829,-0.588453571292576,0.5630158139256296,-0.32999631679024183,0.7228906617163768,0.6525981733237267
295.7000000000673,9.675967501780365,62.51754285718756,-0.7806475397756132,-0.9555087185735747,0.27219875972771473,-0.40729368638456315,1.2338587814769695,0.4898778539248667
295.8000000000672,8.34348190709806,62.75536498694967,-2.0043401403441963,-0.6621291844475966,-0.01725086619786298,-0.3299839634925509,2.1108752817474157,0.3304345752896173
295.90000000006734,7.598359037480365,63.33239031597168,-2.5485561039185174,-0.0527400001955004,-0.142778258679136,-0.1813413938553839,2.5491017481538383,0.23080366608193148
296.00000000006725,6.858198942508742,63.41184801611301,-3.045545498389563,0.014432200267879058,-0.2544732697868973,-0.16160229250224917,3.04557969378007,0.30144974038472405
296.1000000000674,6.818509905653512,62.751189651104,-2.8058869092046983,-0.6604574030750981,-0.19313020246346346,-0.3140262026422418,2.8825692235439893,0.36866208246778603
296.2000000000673,6.72900716279179,62.194726555471945,-2.6338930202275974,-1.1788117176640633,-0.1488635456428289,-0.4267023397896037,2.885652353923763,0.4519239338686069
296.3000000000674,6.555490373230435,61.63953517694011,-2.5585139159721777,-1.6549712269310008,-0.1279769498343006,-0.5270077655710879,3.0471171983028142,0.5423239665192031
296.40000000006734,6.3629481338650145,61.155060208618906,-2.5076105396194346,-2.022788174958296,-0.11323710862630941,-0.5999227453683387,3.22176700261853,0.6105161285177739
296.5000000000675,6.648762875630388,61.12306865711691,-1.9838750645756635,-1.9101654984680003,0.010570658993739754,-0.559981235517776,2.753995734089397,0.5600809967884796
296.6000000000674,6.847407035949017,61.07153812285644,-1.5873784907440092,-1.8244294211574918,0.10207171905484183,-0.5271852468376705,2.4183285934011924,0.5369757166894106
296.7000000000675,6.9396550348258685,61.11216674377976,-1.3276670609375845,-1.6523156488424362,0.1598047063505981,-0.47516112406112443,2.1196336542214658,0.5013139116270684
296.8000000000674,6.980284593741994,60.94517078014459,-1.139758603410563,-1.6992227251403813,0.19958725902735164,-0.4750201987150325,2.0460712459936237,0.5152467982950696
296.9000000000676,6.529051521288874,61.65270014262936,-1.4567434243654056,-0.8703095819570549,0.12162162559980796,-0.27222580193747337,1.6969207915745836,0.29815886210884346
297.0000000000675,6.041713180999884,62.34468690207903,-1.7855261902788568,-0.1201792741821176,0.04273010931985538,-0.09235350323211669,1.7895661021920004,0.10175967669824516
297.1000000000676,5.762432150264805,62.68253170857979,-1.8818038336179366,0.21955147584970824,0.019463614012523698,-0.011605961655306737,1.8945681615521115,0.022661213920991945
297.2000000000675,5.4931027950576485,62.975640541339814,-1.9607887255088148,0.4885509574424296,0.0007368673932361888,0.05090659211133207,2.0207361193635345,0.05091192486976653
297.30000000006766,4.42447852658964,63.14704593252196,-2.8298807655664033,0.615463171089043,-0.20038007660294974,0.07909497780760019,2.8960352315346016,0.21542560343141381
297.4000000000676,3.4815974329753505,63.30609786594718,-3.506255006069605,0.7201062607823654,-0.35225023589902216,0.10147824004105699,3.5794381115485328,0.366576133828632
297.5000000000677,2.9081036490252496,63.38053104895142,-3.76172970805514,0.7321618243596992,-0.40321398293759014,0.10191967340765064,3.8323193151816475,0.4158955828857977
297.6000000000676,2.3640895968484195,63.462635190550444,-3.967233122885751,0.7506996649761594,-0.44143558020586304,0.10385083161653727,4.03763403967189,0.4534868980457245
297.70000000006775,1.868439713267843,63.4154477278613,-4.107721039927923,0.6387841376299448,-0.46372877753325614,0.07555159675731692,4.157092411332008,0.469842976839144
297.80000000006766,1.5614225955774161,63.54846019146688,-4.048431593389605,0.7148289831442131,-0.43927948886263096,0.0913994792570873,4.11105568455331,0.4486873456471455
297.9000000000678,1.7882099163050156,63.67934437023481,-3.4609903607338635,0.7826846546702809,-0.2931864752862078,0.10498575691502784,3.548386893469912,0.31141663161393845
298.0000000000677,2.102961886648904,63.503475975280516,-2.830560237099959,0.5395089052016317,-0.1405266860531116,0.04628785446261573,2.881517155014566,0.14795375954608955
298.10000000006784,2.599218151645897,63.918819905336434,-2.067622531118521,0.9038988684290977,0.03926173039448297,0.12953327753108687,2.256567325726481,0.1353527002372492
298.20000000006775,2.9835023752589485,64.27875022319884,-1.4751372415973893,1.1847023154369347,0.1754488892049328,0.19151132817517458,1.891969729607001,0.2597285150742294
298.3000000000679,3.260993934300218,64.3868688849175,-1.0351088919733158,1.1925881735018526,0.27320767085727193,0.18890464735278353,1.5791507115594479,0.33215568218342273
298.4000000000678,3.4794894625797568,64.4966241373302,-0.688391045150365,1.2010710630563812,0.34711321339952245,0.18649643031173943,1.384360476738121,0.3940412433179602
298.5000000000679,3.784469629211034,64.77491284919375,-0.28303879223048267,1.376360088016472,0.43287611129237824,0.22274134061105588,1.4051612184343834,0.4868217667122351
298.60000000006784,4.04164105824017,65.02117274030338,0.04246119405646831,1.5057275215060748,0.49817745567325755,0.24752174374878738,1.5063261008233004,0.5562803168992417
298.700000000068,3.8662764232744,64.72669037001715,-0.0891165936444934,1.0859174874993758,0.45620419996295386,0.14465414323329812,1.0895680597923907,0.47858864718921024
298.8000000000679,3.367550768361845,64.3510189385581,-0.5336830667298686,0.6172770105388588,0.3427794676200413,0.032867889489006125,0.8159954187702206,0.34435165395470435
298.900000000068,2.2133162454005406,63.43405349594667,-1.597709923100414,-0.35449811392643993,0.08864185177504286,-0.19275245676603936,1.6365652786097271,0.212157694829701
299.0000000000679,1.6599351982261608,63.15247990768938,-1.9813710404635927,-0.6179827537526874,-0.0021848879988399933,-0.24926026135646534,2.075508102591636,0.2492698369780445
299.10000000006806,1.2722228612573332,63.353189139344494,-2.1704187924940475,-0.3801776903637373,-0.045878240356321286,-0.1884667070446732,2.203463821137444,0.19397039104578578
299.200000000068,0.9158037305090074,63.51390045736697,-2.3136149239181223,-0.20012717656747828,-0.07795092607666027,-0.14244373043278108,2.322254271818125,0.16237784090144738
299.3000000000681,0.5308380235811972,63.294644825535045,-2.4740303795669627,-0.4121324322599207,-0.11326587242129571,-0.18820377726178006,2.508122696508432,0.21965841579816367
299.400000000068,0.17080138703029724,63.10557105914895,-2.5969896895023004,-0.5773026264062701,-0.13909665629351473,-0.22206777687126328,2.6603822600966263,0.2620343056101268
299.50000000006816,-0.01753130291151439,63.188173120674726,-2.539117015991752,-0.4586151921657209,-0.12248688414578211,-0.18946615389416782,2.580202146224993,0.22561130348276154
299.60000000006806,-0.2198008320902503,63.25199484116933,-2.499313717462037,-0.36736021274080194,-0.11044253377574935,-0.16396651983215346,2.5261675685114144,0.197693128086627
299.7000000000682,0.19923856294866055,63.0324755446735,-1.8434311008061468,-0.5650147348388666,0.04387820142440098,-0.20590792155665236,1.928076729283458,0.210531158549087
299.8000000000681,0.4119812800975742,63.055262026050954,-1.4437157142417094,-0.5055994676970478,0.13535335925102643,-0.18739525630650927,1.5296881660273076,0.23116555527742388
299.90000000006825,-0.06304175888548452,62.71368484009285,-1.7602238705838236,-0.8132944552548016,0.05898433490485391,-0.25425688886069203,1.9390296401863747,0.261009036811537
300.00000000006816,-0.5946758465735946,62.670651964736365,-2.1088520133597486,-0.7993057158971805,-0.023049849584787882,-0.24513675317961575,2.255248642992025,0.24621804021095853
