time_s,method1_time_s,method2_time_s,x_method1_interp_m,y_method1_interp_m,x_method2_filter_input_interp_m,y_method2_filter_input_interp_m,x_kalman_m,y_kalman_m,vx_kalman_mps,vy_kalman_mps,kalman_position_std_x_m,kalman_position_std_y_m
0.0,469.05,101.1019705115126,49.6771293276998,-5.51230635336737,53.58858646207407,0.041798052328097524,50.71439802849242,-4.027260576695547,-4.171667059327703,0.43022136122678756,2.302986260272128,2.3124795385929415
0.10000000000002274,469.15000000000003,101.20197051151263,51.25585930387832,-3.538317572711434,52.91657342623803,0.0068288832032526725,52.100083332579665,-2.045936952194934,-4.123339886206169,0.4817547919549174,1.639159114538362,1.6569767282255534
0.20000000000004547,469.25000000000006,101.30197051151265,52.83458928005684,-1.5643287920554982,51.1488923913749,0.155801782133938,51.687749343958956,-1.9977614729994315,-4.123339886206169,0.4817547919549174,1.6888174791487436,1.7061742086894507
0.3000000000000682,469.3500000000001,101.40197051151267,52.784868025913056,-0.8961898243319555,50.75304634181717,-1.1652327640245574,51.3076236951083,-1.0592229706384946,-4.076142368065863,0.9113057739362624,1.3287478056190571,1.3438687770763487
0.40000000000009095,469.4500000000001,101.5019705115127,51.10669554145068,-1.5339006695378352,50.891472345062446,-3.058773408756321,50.90000945830162,-0.9680923932448476,-4.076142368065863,0.9113057739362624,1.4628628555085545,1.4769460062625825
0.5000000000001137,469.5500000000001,101.60197051151272,49.428523056989924,-2.1716115147450425,49.66552567345397,-2.868675425068356,50.37807495681955,-1.7962464283548432,-4.249724309787807,-0.10009269277340438,1.2817547580666124,1.2947048621561346
0.6000000000001364,469.65000000000015,101.70197051151274,49.18435948458923,-3.9772543401098654,47.90821320523795,-1.8670877948648625,49.95310252584068,-1.806255697632186,-4.249724309787807,-0.10009269277340438,1.4885664634632578,1.500719801584484
0.7000000000001592,469.75000000000017,101.80197051151276,48.940195912188535,-5.782897165474688,48.83422016674946,0.6757651083227694,48.68100930287835,-1.7394218404428092,-5.461610385219518,0.008786737963359922,1.44997187997972,1.4640147187347665
0.8000000000001819,469.8500000000002,101.90197051151279,47.93875316800574,-4.137316989283358,50.80526723541463,3.8188760382616547,48.21498265592057,-2.704448622443295,-5.3382591239086885,-1.4663101570150388,1.5511020357535883,1.5638711778800785
0.9000000000002046,469.9500000000002,102.00197051151281,46.18003125204602,0.959486188440585,51.57600826599813,3.2391966314767453,48.907707937628054,-0.11624075552895255,-3.5327019067080876,2.5336525459413117,1.4938634814756762,1.5093832721181866
1.0000000000002274,470.05000000000024,102.10197051151283,44.42130933609489,6.056289366151031,51.87928055739436,1.2096469001635204,47.6681224009572,1.407457538991325,-4.941546545271901,4.540664267650541,1.5562172680540727,1.5706020581067521
1.1000000000002501,470.15000000000026,102.20197051151285,46.44027960059219,5.216909562139152,51.60773639790621,-0.219034650271706,48.82192202148093,1.533451047190461,-2.6039139823194715,4.07776012480358,1.488822276143419,1.505585448942507
1.2000000000002728,470.2500000000003,102.30197051151288,48.45924986508949,4.377529758127274,51.112325396935105,-1.4137033056448522,48.56153062324892,1.9412270596709118,-2.6039139823194715,4.07776012480358,1.742402452012775,1.7603209656447365
1.3000000000002956,470.3500000000003,102.4019705115129,48.18353220991288,3.978818547796196,50.299195273712726,-0.8359638072727998,49.37242326875493,1.318907014212405,-1.1208138870597142,2.686045883227961,1.4598790634461394,1.476961815385797
1.4000000000003183,470.45000000000033,102.50197051151292,45.613126635088456,4.02077593114091,49.36232690975708,0.4320541523128396,49.260341880048934,1.5875116025352622,-1.1208138870597142,2.686045883227961,1.7019730671364268,1.7201568737649704
1.500000000000341,470.55000000000035,102.60197051151295,43.042721060274246,4.062733314480553,50.68458499977947,1.4300334669391777,48.013905526544065,1.958059391243948,-2.829367598892965,2.8933357477167494,1.4201874540870891,1.436965548563569
1.6000000000003638,470.6500000000004,102.70197051151297,43.46702295514134,2.618104795062946,52.88667786659434,2.322844082179634,47.730968766654705,2.2473929660156884,-2.829367598892965,2.8933357477167494,1.6526026406762249,1.6703090176588096
1.7000000000003865,470.7500000000004,102.80197051151299,43.89132485000844,1.1734762756453394,51.469418805781935,1.1444311522905453,49.78327989016449,2.6333299998735393,0.34716419976670565,3.023887902433509,1.5387110424796342,1.5576261059798502
1.8000000000004093,470.8500000000004,102.90197051151301,44.235507571578694,2.283624214418989,48.64257433209313,-0.8406362711102378,48.61582251936491,2.4413675224425226,-1.3431512047998708,2.333751002822165,1.605125340004849,1.6220776632166753
1.900000000000432,470.95000000000044,103.00197051151304,44.4995711198534,5.948548611343233,49.86914929988338,-0.5951176187055595,48.20225073702553,1.1931392638791525,-1.719091734869653,0.35246052466193456,1.5069718790043547,1.5251994296771794
2.0000000000004547,471.05000000000047,103.10197051151306,44.7636346681373,9.613473008232088,52.67436072834853,0.5191205330695998,47.33478154691794,3.019695257939271,-2.742893388300245,2.969330193680774,1.5506999209695782,1.567000544256212
2.1000000000004775,471.1500000000005,103.20197051151308,47.05082703575446,5.496377100951464,51.06236800342255,1.3638703657815197,49.328727081874796,2.4950955440539215,0.2735230666615944,1.884157480020808,1.4716582807096634,1.4892123885568385
2.2000000000005002,471.2500000000005,103.3019705115131,49.33801940337162,1.37928119367084,47.730059966587035,2.103665827908295,49.35607938854096,2.6835112920560453,0.2735230666615944,1.884157480020808,1.7097680672496438,1.7281439534836789
2.300000000000523,471.35000000000053,103.40197051151313,49.31054703668565,-1.4058862283093079,46.03817500599078,0.5835072455834514,48.674026616167914,2.134136326560897,-0.6612652260024474,0.874536078415514,1.440146769071766,1.4570432514709466
2.4000000000005457,471.45000000000056,103.50197051151315,46.96840993574392,-2.8591251650162346,44.98516586776096,-1.8168084252221353,48.60790009356766,2.221589934402468,-0.6612652260024474,0.874536078415514,1.674531267177386,1.6921872110648282
2.5000000000005684,471.5500000000006,103.60197051151317,44.62627283482295,-4.312364101699158,44.237736750889475,-0.5917403154576721,46.552304698752216,-0.4223216985591718,-3.4086981972637043,-2.9130428086944384,1.4070868399784824,1.4234177137761161
2.600000000000591,471.6500000000006,103.7019705115132,45.9356617723156,-1.5430042969496642,43.60931820529769,2.045262360303411,46.21143487902577,-0.7136259794286819,-3.4086981972637043,-2.9130428086944384,1.6370084457937215,1.6540549395936732
2.700000000000614,471.7500000000006,103.80197051151322,47.245050709808254,1.2263555077998296,42.74027442182629,1.042876643130075,44.81276425512232,0.3913426049987661,-4.849889730884307,-1.023753180153299,1.5298815698505412,1.5482626064464378
2.8000000000006366,471.85000000000065,103.90197051151324,45.26893640311036,2.005029727318881,41.77751722444449,-1.3768978477780358,45.02438242596407,0.7657785547287701,-3.8667260954906157,-0.3556774022749539,1.5985903575976075,1.6150862594416389
2.9000000000006594,471.95000000000067,104.00197051151326,40.00731885230408,0.7930183616572797,43.07108396036256,-1.6710338166455336,43.33629607147553,-0.33127346291253873,-5.625680394513158,-1.7807646399011294,1.5038390683644536,1.521760554141016
3.000000000000682,472.0500000000007,104.10197051151329,34.74570130155856,-0.4189930039863043,45.24339400907748,-1.137322946192062,41.0683671357125,-0.49009715780362817,-8.145152971896607,-1.7525311828424628,1.5488854142890234,1.5649608176316447
3.100000000000705,472.1500000000007,104.20197051151331,38.39072908988583,1.0103283022492944,43.87689742155523,-0.9703363913259629,42.08484108221431,-0.8273675539857162,-5.70247605037606,-1.967245185539882,1.471151977294722,1.4885834081336349
3.2000000000007276,472.25000000000074,104.30197051151333,42.0357568782131,2.439649608484893,41.13218442593159,-0.9461735397435478,41.514593477176575,-1.024092072539749,-5.70247605037606,-1.967245185539882,1.7098022727540834,1.7280741980456276
3.3000000000007503,472.35000000000076,104.40197051151335,43.78966554195175,1.5565889599383496,39.20468072937461,-0.17441227859046615,41.0437688238108,-0.4414606344973945,-5.544405210397052,-0.8929578771778759,1.4404514316962989,1.457326329787569
3.400000000000773,472.4500000000008,104.50197051151338,43.652455081157676,-1.6388536433219851,37.59544569810472,0.8885071329367754,40.48932830277097,-0.5307564222152024,-5.544405210397052,-0.8929578771778759,1.6751341969459697,1.692792678828828
3.500000000000796,472.5500000000008,104.6019705115134,43.515244620362765,-4.834296246538061,38.596014871138706,1.343421155712222,39.49655520621378,-0.7875790918256681,-6.000110957586976,-1.2526281305233318,1.407428193023286,1.423774678076159
3.6000000000008185,472.65000000000083,104.70197051151342,43.27204667015827,-2.4683772228572676,40.61299306168064,1.5615426410238937,38.89654411045494,-0.9128419048780297,-6.000110957586976,-1.2526281305233318,1.6374454329821744,1.6545235648303367
3.7000000000008413,472.75000000000085,104.80197051151345,43.02884871995377,-0.10245819917647392,41.1530817600762,0.7252655443542111,39.262897062343676,-0.03504123135373934,-4.683507619671063,0.10464706835020765,1.5301339927511157,1.5485428828178975
3.800000000000864,472.8500000000009,104.90197051151347,42.26934427928958,2.063464478420992,41.117984091923034,-0.5216554715044297,39.6062221887715,0.20861505319586623,-3.538102370626718,0.43133802837053126,1.5987695590445226,1.615291652221095
3.9000000000008868,472.9500000000009,105.00197051151349,40.99353334818329,4.029390809941951,40.94607513691514,-2.478090858717438,39.8638346987284,-0.16062394122983528,-2.7118571801808264,-0.12220145518388303,1.5039112996149506,1.5218504235140462
4.0000000000009095,473.0500000000009,105.10197051151351,39.717722417114466,5.995317141423932,40.72088393742848,-4.710852264527448,39.61921868046024,1.1414994754998142,-2.672610351849243,1.8048880683917916,1.548910511410974,1.5649994030065286
4.100000000000932,473.15000000000094,105.20197051151354,42.56133625422187,3.6755670055257275,41.18769585850959,-4.908622818656554,39.75870781687356,-1.0364631793172332,-2.1300563707104776,-1.3201714142911805,1.471136807471364,1.4885753243332769
4.200000000000955,473.25000000000097,105.30197051151356,45.404950091329276,1.3558168696275228,41.92401390220475,-4.313849990117703,39.54570217980246,-1.1684803207463812,-2.1300563707104776,-1.3201714142911805,1.7097533907845497,1.728031165111326
4.300000000000978,473.350000000001,105.40197051151358,45.53747746641017,0.6795273961395965,39.22925739369651,-1.2505100653706371,41.51257925636951,-2.0735382073604085,0.8512045938558985,-2.3315089851668738,1.440414795180077,1.4572905496170188
4.4000000000010004,473.450000000001,105.5019705115136,42.95891837956935,1.6466985849984213,35.198241594618295,2.774232961091367,41.59769971575512,-2.306689105877149,0.8512045938558985,-2.3315089851668738,1.6750779284109976,1.692735522863705
4.500000000001023,473.55000000000103,105.60197051151363,40.3803592927391,2.613869773824554,35.537486305160144,2.1453284575583593,38.92932318788961,0.4423033219624142,-2.814227866480698,1.7366667777377087,1.4073989423020232,1.4237439760780064
4.600000000001046,473.65000000000106,105.70197051151365,38.83604648857903,0.38592977429565556,37.57876375189778,-0.2959761125914451,38.64790040124147,0.6159699997362246,-2.814227866480698,1.7366667777377087,1.637408374473675,1.6544838322607254
4.700000000001069,473.7500000000011,105.80197051151367,37.29173368441896,-1.8420102252332429,37.93870336797281,1.1392087687063994,38.20156973182606,0.147812197426338,-3.0389027536390985,0.8681992901365623,1.5301115773614766,1.5485181562607435
4.800000000001091,473.8500000000011,105.9019705115137,36.976581725765996,-2.071773151206152,37.64383258496825,4.084123317913953,37.57748728217554,-0.42633873080624296,-3.4907476950886576,-0.0577947804029777,1.598751875384476,1.6152717855019658
4.900000000001114,473.9500000000011,106.00197051151372,37.890590612567046,-0.3033590037093936,36.98675692203161,1.7678197749917244,37.25954980036681,1.5837122264735228,-3.4486700825829324,2.64812725034725,1.5039019991619162,1.5218395945882335
5.000000000001137,474.05000000000115,106.10197051151374,38.80459949934536,1.4650551437437398,36.18861768599798,-2.597507025313181,37.316159943159406,1.7668139889057521,-2.855632481778946,2.528321715801857,1.5489044570392012,1.5649921344826163
5.10000000000116,474.15000000000117,106.20197051151376,37.71900506634435,-0.6038035820829946,37.27965050275361,-1.901180773007388,36.56621900122078,-0.024514361640855777,-3.4750587266003397,-0.1803071311272837,1.4711344192406455,1.4885722111647475
5.200000000001182,474.2500000000012,106.30197051151379,36.633410633343345,-2.6726623079097287,39.1064364104412,0.7664465437965102,36.218713128560665,-0.04254507475358825,-3.4750587266003397,-0.1803071311272837,1.7097521332176342,1.7280292008549565
5.300000000001205,474.3500000000012,106.40197051151381,34.391580375104134,-4.049944643214785,39.2846185365623,1.1766437873541937,37.10254259229938,-0.1451372168183948,-1.830821753639166,-0.3273245899843026,1.4404150042895172,1.4572905377612273
5.400000000001228,474.45000000000124,106.50197051151383,30.99351429168192,-4.735650588031185,38.820738799542745,0.7076669231338582,36.91946041693542,-0.1778696758168325,-1.830821753639166,-0.3273245899843026,1.675078893480582,1.6927363501299824
5.5000000000012506,474.55000000000126,106.60197051151385,27.595448208306873,-5.4213565328337765,37.04307400061594,0.25714117510365686,35.74244751520051,-0.8773417919645163,-3.4465430551427843,-1.3724765291012184,1.4073996257400452,1.4237446602454609
5.600000000001273,474.6500000000013,106.70197051151388,27.969150806886038,-5.002905554263098,34.7537451535749,-0.18619863888314414,35.39779320968616,-1.0145894448746695,-3.4465430551427843,-1.3724765291012184,1.6374093683973288,1.6544848944557387
5.700000000001296,474.7500000000013,106.8019705115139,28.342853405465203,-4.584454575692419,34.51688338898747,-0.6879169787332939,34.584114327553955,-0.862084979449413,-4.085554802976885,-0.9804060790381832,1.5301122162295382,1.5485188782056156
5.800000000001319,474.85000000000133,106.90197051151392,30.18126969317806,-4.1709585499292485,35.079371264212995,-1.2123713000861986,32.9513041091816,-1.6876563661786503,-5.8131836532696575,-1.999647936066185,1.5987523818971063,1.615272382768594
5.9000000000013415,474.95000000000135,107.00197051151395,33.48439966994801,-3.7624174769733276,35.06328715576713,-1.301628577337842,33.30506631988363,-1.7424698196428507,-4.549555663407585,-1.8048060857837511,1.503902248559923,1.521839911950667
6.000000000001364,475.0500000000014,107.10197051151397,36.7875296466644,-3.3538764040016447,34.82187358371801,-1.221394902250604,33.686541265445925,-2.227856747876655,-3.314031887624526,-2.251863007449662,1.5489045938192332,1.5649923277633122
6.100000000001387,475.1500000000014,107.20197051151399,36.16456483497126,-1.7899654337210091,32.44806567730249,0.5077210746157308,33.779091902695114,-2.0585462482071364,-2.748526596926197,-1.729132500873253,1.4711344383040459,1.4885722640742536
6.20000000000141,475.2500000000014,107.30197051151401,35.541600023278114,-0.22605446344037405,29.24377982671996,2.8790073865302306,33.50423924300243,-2.231459498294501,-2.748526596926197,-1.729132500873253,1.709752081494914,1.7280291818475828
6.3000000000014325,475.35000000000144,107.40197051151404,33.04327124937357,0.036446162021021244,29.680468705212547,1.3690827998974857,31.76791246659087,0.10118297303100422,-4.681595329682475,1.620488661840694,1.4404149430057223,1.4572904856506699
6.400000000001455,475.45000000000147,107.50197051151406,28.669578513364215,-1.0024635572628466,31.535164168616845,-1.6524102597658583,31.299752933622518,0.26323183921511045,-4.681595329682475,1.620488661840694,1.6750787842480168,1.6927362447585212
6.500000000001478,475.5500000000015,107.60197051151408,24.295885777409538,-2.041373276490951,30.956106381984604,0.1378764387469369,29.9816574824977,-0.9375721653312674,-6.020013478670292,-0.2424109705435964,1.4073995634597583,1.4237445958579182
6.600000000001501,475.6500000000015,107.7019705115141,23.621829787191466,0.6928033434859784,29.42920402311843,3.802149058594983,29.379656134630533,-0.9618132623856326,-6.020013478670292,-0.2424109705435964,1.6374092838111929,1.6544848032504922
6.700000000001523,475.75000000000153,107.80197051151413,22.94777379697339,3.4269799634629083,28.678422462858858,4.493616230375106,28.694944678647527,1.2761950501826826,-6.132699960947914,2.8186921557463407,1.530112161805718,1.5485188169732396
6.800000000001546,475.85000000000156,107.90197051151415,24.180980531038355,4.804178422205613,28.22990732436761,4.027300661357492,26.87260629082523,2.267284478513005,-7.838898331001773,3.812281628535497,1.598752336449721,1.6152723301776941
6.900000000001569,475.9500000000016,108.00197051151417,27.32144998926927,4.824398719797397,28.941795880324154,3.1566924224738004,26.642930302180346,3.223500026143893,-7.0899573838276515,4.584107822813405,1.5039022228440384,1.5218398808530726
7.000000000001592,476.0500000000016,108.1019705115142,30.461919447404103,4.844619017336598,30.105612890145686,2.1286291857512136,26.89581967896406,3.9296644145135997,-5.66911975146583,4.947366827371754,1.548904575693562,1.5649923050743741
7.100000000001614,476.1500000000016,108.20197051151422,27.565788640759525,1.5610051365508588,31.095310913077046,1.3114422805490424,27.678666184342248,3.619610850931168,-3.8686982763254067,3.88097435302668,1.4711344298445155,1.4885722526722445
7.200000000001637,476.25000000000165,108.30197051151424,24.669657834114947,-1.72260874423488,32.01719691083984,0.5763828409146412,27.291796356709618,4.007708286233925,-3.8686982763254067,3.88097435302668,1.709752075139227,1.728029172370693
7.30000000000166,476.35000000000167,108.40197051151426,24.973762346654265,-2.112288250452374,32.4061235851574,1.4220223773351184,28.028178867247465,1.8068574294207456,-2.4065492610435077,0.3759882159106358,1.440414942092181,1.4572904836009657
7.400000000001683,476.4500000000017,108.50197051151429,28.478102178166463,0.3919666177075558,32.58748500940829,2.8832777099556197,27.78752394114306,1.8444562510118176,-2.4065492610435077,0.3759882159106358,1.6750787851196853,1.6927362446838345
7.500000000001705,476.5500000000017,108.60197051151431,31.982442009609503,2.896221485803473,30.171890090139367,2.237109862698886,29.969012481488857,2.536025981438534,0.928813833413036,1.2642466671815487,1.407399564614953,1.4237445967994289
7.600000000001728,476.65000000000174,108.70197051151433,31.431409408738418,1.6467606915639792,26.744889855040242,0.7701892861364517,30.061893864830182,2.6624506481567174,0.928813833413036,1.2642466671815487,1.6374092858570948,1.654484805298109
7.700000000001751,476.75000000000176,108.80197051151436,30.880376807867332,0.39729989732448523,28.11353072920829,3.4159047225711787,28.45731784822472,1.876275430619383,-1.3838479179110397,0.029386199183425887,1.530112163291886,1.548518818620196
7.8000000000017735,476.8500000000018,108.90197051151438,29.444914802603876,-0.40265790033865256,31.349872199429676,7.66331898462945,28.78282828089173,1.4370879106593648,-0.7292139191779923,-0.5900150398301435,1.5987523377502726,1.6152723317114714
7.900000000001796,476.9500000000018,109.0019705115144,27.125023393010387,-0.7531127014571186,29.127425311268457,5.804221234773424,30.04440468260541,4.185430471500685,1.0741694703880047,3.178383612230687,1.5039022235756676,1.521839881788966
8.000000000001819,477.05000000000183,109.10197051151442,24.805131983492473,-1.103567502537326,24.779009853241373,1.5668937832836312,29.016018105241585,3.308546105832035,-0.6035697563794453,1.4266682887461561,1.54890457617611,1.5649923057432644
8.100000000001842,477.15000000000185,109.20197051151445,26.639949390045732,0.6492819814557367,24.930735841830202,0.03363205426374244,26.96880751788943,2.378574224171584,-3.253802342350861,0.005361490889199461,1.4711344300152616,1.4885722529677945
8.200000000001864,477.2500000000019,109.30197051151447,28.474766796598992,2.4021314654487993,26.835077731113856,-0.44650975887251343,26.643427283654272,2.379110373260504,-3.253802342350861,0.005361490889199461,1.70975207517396,1.7280291725396895
8.300000000001887,477.3500000000019,109.40197051151449,29.155223031189376,2.818492515212022,25.828655192253116,-1.5255969938773677,27.09823145395926,1.509340759348479,-2.184221733103022,-1.1400185359004478,1.4404149420154342,1.457290483571396
8.40000000000191,477.4500000000019,109.50197051151451,28.68131809390351,1.8983651308456864,23.68861228157756,-2.837948290126884,26.87980928064891,1.3953389057584085,-2.184221733103022,-1.1400185359004478,1.675078784932163,1.69273624453194
8.500000000001933,477.55000000000194,109.60197051151454,28.207413156655363,0.9782377465441423,22.633756586675677,-1.2023644808449059,25.685651341891287,-0.28192034869608834,-3.415367383718057,-3.1924485126965982,1.4073995644922053,1.4237445966809599
8.600000000001955,477.65000000000197,109.70197051151456,29.68530176260686,3.4105293369325294,22.00153568940174,1.5813161163801275,25.344114603519404,-0.6011651999658207,-3.415367383718057,-3.1924485126965982,1.6374092856750064,1.6544848051068732
8.700000000001978,477.750000000002,109.80197051151458,31.163190368558354,5.8428209273209175,24.72493805366493,2.619196594609634,23.65203933624058,0.2705300114280067,-5.255377506697253,-1.5809593723570126,1.5301121631665775,1.5485188184796532
8.800000000002001,477.850000000002,109.9019705115146,32.31410699148581,6.733746251464035,28.755214602804386,2.977161322575786,24.907985143609718,1.5547341893605169,-2.74140529107115,0.43964605614351737,1.598752337639628,1.615272331582054
8.900000000002024,477.95000000000203,110.00197051151463,33.13805163141523,6.0833053094845475,28.120688758043993,1.8651085936206069,26.56372875950728,2.169148741893577,-0.1334421850258236,1.2053814848477264,1.5039022235090438,1.5218398817066345
9.000000000002046,478.05000000000206,110.10197051151465,33.96199627134711,5.432864367424661,25.669418496232648,0.1805458669597022,28.124841874669034,2.959445260647482,2.192249515060382,2.187388417376253,1.5489045761262863,1.564992305679157
9.100000000002069,478.1500000000021,110.20197051151467,34.905644681942604,0.8535589271619317,26.161192107318023,-0.059026682485141785,27.17365651941879,1.9816253725157258,0.6310577313706149,0.6018806036714401,1.471134429989579,1.4885722529321772
9.200000000002092,478.2500000000021,110.3019705115147,35.849293092538105,-3.7257465131007965,27.799157576861973,0.26416369251377714,27.236762292555863,2.0418134328828836,0.6310577313706149,0.6018806036714401,1.7097520751515225,1.7280291725059689
9.300000000002115,478.3500000000021,110.40197051151472,34.48215358797049,-5.003563021910284,28.623605232956503,1.9154145148874449,29.188563256287967,0.1303856031749268,3.239651533367472,-2.0895414158861945,1.4404149420101697,1.457290483561604
9.400000000002137,478.45000000000215,110.50197051151474,30.804226168434173,-2.979890599544277,29.131221902237712,4.083889047834043,29.51252840962479,-0.07856853841374015,3.239651533367472,-2.0895414158861945,1.6750787849308948,1.692736244526358
9.50000000000216,478.55000000000217,110.60197051151476,27.126298748931333,-0.9562181772082352,28.401646963555507,2.899425761748286,29.25089025401005,1.1901535034490018,2.377988721883063,-0.18138676711572022,1.4073995644939936,1.4237445966814162
9.600000000002183,478.6500000000022,110.70197051151479,24.998095807895965,-0.31976165144531643,27.190237906988,0.4091341577537442,29.48868912619841,1.1720148267374257,2.377988721883063,-0.18138676711572022,1.6374092856792297,1.6544848051103282
9.700000000002206,478.7500000000022,110.80197051151481,22.869892866860603,0.31669487431760224,24.255793019431735,-1.988894731965698,28.65969966591196,0.5858345269128767,0.9245675207659454,-0.9500173100051325,1.5301121631702677,1.5485188184834053
9.800000000002228,478.85000000000224,110.90197051151483,22.946511496272855,-0.017656396739094804,20.65029811475312,-4.350991173339866,27.308167687727305,0.5111183907882674,-1.1131428645914954,-0.921597993736823,1.5987523376432624,1.6152723315861086
9.900000000002251,478.95000000000226,111.00197051151486,25.227951695937215,-1.3228154645293204,21.641486224281056,-2.4753672013507204,24.280387519789702,-1.6576153517612096,-5.054330442418432,-3.709057694986596,1.5039022235115198,1.5218398817096117
10.000000000002274,479.0500000000023,111.10197051151488,27.509391895437613,-2.627974532202546,24.422889116291344,1.0506707114264966,24.568265377004217,-2.1562545828764654,-3.882500288844855,-3.8963418714766678,1.5489045761282927,1.5649923056816806
10.100000000002296,479.1500000000023,111.2019705115149,22.579770960931373,1.2125756608750033,24.401325753331605,2.731619487781943,24.451457368761268,-0.9909521272001466,-3.5204280737190667,-1.835963107385234,1.471134429990795,1.4885722529337848
10.20000000000232,479.25000000000233,111.30197051151492,17.65015002642513,5.053125853952553,23.288124875032217,3.6939836158590684,24.09941456138928,-1.1745484379387117,-3.5204280737190667,-1.835963107385234,1.7097520751525952,1.7280291725075025
10.300000000002342,479.35000000000235,111.40197051151495,16.734795772549116,5.259757809129215,23.509729049791925,2.8860246588946517,21.904848040461957,1.8452674484796008,-6.064351104150914,2.4901881838670357,1.4404149420106724,1.4572904835622937
10.400000000002365,479.4500000000024,111.50197051151497,19.8337081989291,1.8324715267437552,24.251183675479286,1.388599287387279,21.298412930046727,2.094286266866361,-6.064351104150914,2.4901881838670357,1.6750787849312427,1.6927362445268792
10.500000000002387,479.5500000000024,111.60197051151499,22.932620625274488,-1.5948147555467205,24.00254557672714,1.6181727791753469,22.198388228054075,1.2538611945161828,-4.007459556766369,0.9353181722787136,1.407399564494278,1.4237445966817486
10.60000000000241,479.6500000000024,111.70197051151501,24.582432516468142,-1.0436169531189672,23.368307986813804,2.5203397225511575,21.797642272377345,1.3473930117440756,-4.007459556766369,0.9353181722787136,1.6374092856794553,1.6544848051105678
10.700000000002433,479.75000000000244,111.80197051151504,26.2322444076618,-0.4924191506912139,23.935149223266254,1.9608379735486807,21.990594670969276,1.9870341431966247,-3.1985889037099335,1.6742715897568474,1.5301121631705372,1.5485188184836551
10.800000000002456,479.85000000000247,111.90197051151506,25.5442843778977,0.5574727889309576,24.969760167401727,0.8320777196468889,22.764480152710146,1.674029280313235,-1.6551320752244352,1.0012053248461452,1.5987523376435722,1.6152723315863806
10.900000000002478,479.9500000000025,112.00197051151508,22.518552427404412,2.10605886569879,24.668341307608223,2.034565742335512,23.56956107932941,1.3260802152361946,-0.3435125672153341,0.399745429491854,1.5039022235118993,1.521839881709954
11.000000000002501,480.0500000000025,112.1019705115151,19.492820476992613,3.6546449424999192,23.84659500791694,4.144976959519638,22.676480334024735,1.8537149183781332,-1.6119750409275648,1.1147580060937021,1.5489045761287379,1.5649923056820878
11.100000000002524,480.15000000000254,112.20197051151513,19.725144450935822,6.534533395823939,23.787654711978643,2.055660320952571,22.875093311422052,2.995279624836281,-1.1320295345146978,2.479683912580704,1.4711344299912692,1.4885722529342316
11.200000000002547,480.25000000000256,112.30197051151515,19.957468424879035,9.414421849147956,24.025795284972396,-1.6692737544545588,22.761890357970557,3.243248016094408,-1.1320295345146978,2.479683912580704,1.7097520751531556,1.7280291725080292
11.30000000000257,480.3500000000026,112.40197051151517,20.354763675597987,9.132638598445602,24.614008081294553,-1.1530863723079288,22.67840886973701,2.686431848056658,-1.1177132702060764,1.4840677034190257,1.4404149420111665,1.457290483562775
11.400000000002592,480.4500000000026,112.5019705115152,20.917030203075793,5.689183644040371,25.338559291031757,1.0148395143271136,22.566637542716375,2.8348386183985945,-1.1177132702060764,1.4840677034190257,1.6750787849318314,1.6927362445274539
11.500000000002615,480.5500000000026,112.60197051151522,21.479296730476662,2.2457286896026476,23.581232261473176,1.344484830361674,23.288792313586086,2.4388385593993354,-0.053829356427490205,0.7481913455059741,1.4073995644947805,1.4237445966822477
11.600000000002638,480.65000000000265,112.70197051151524,19.09908458781108,-2.4403776542621936,20.857317999665746,0.9581971482739235,23.283409377943336,2.5136576939499498,-0.053829356427490205,0.7481913455059741,1.637409285680054,1.6544848051111638
11.70000000000266,480.7500000000027,112.80197051151526,16.7188724451455,-7.126483998127036,20.254364381588534,1.4447519713317165,22.020562469455484,1.93112337064117,-1.7670321935193685,-0.14128915139009846,1.5301121631710883,1.5485188184842076
11.800000000002683,480.8500000000027,112.90197051151529,16.406005142015314,-8.158344737066773,20.477435765813333,2.2712422545091755,20.50381308182067,-0.47587363366385604,-3.6580621833950406,-3.4936027231753872,1.598752337644148,1.6152723315869582
11.900000000002706,480.9500000000027,113.00197051151531,18.160482678199592,-5.5359598714719205,21.27166476197904,3.1309068224261702,20.190965771508978,0.33674808360690833,-3.5864957742763055,-1.9338326123165697,1.50390222351245,1.5218398817105085
12.000000000002728,481.05000000000274,113.10197051151533,19.91496021433967,-2.913575005912975,22.288335635655276,4.003491379551493,19.849872359797043,-0.5080177522100877,-3.560562884246555,-2.8888967553943976,1.548904576129319,1.5649923056826716
12.100000000002751,481.15000000000276,113.20197051151536,20.04948602125918,-1.6071561205337024,21.446649727359386,2.710196573021594,20.52514925135451,0.9504231220631614,-2.184883878740873,-0.5735852118049216,1.47113442999182,1.488572252934786
12.200000000002774,481.2500000000028,113.30197051151538,20.184011828178694,-0.3007372351544304,19.881211980651653,0.5733828112347799,20.306660863480374,0.8930646008826562,-2.184883878740873,-0.5735852118049216,1.70975207515379,1.7280291725086676
12.300000000002797,481.3500000000028,113.4019705115154,20.416501403167004,-0.25031848502151,20.773524953938228,-0.41463651046725636,19.816370188581914,0.4360237014644436,-2.5472129628862383,-1.1084221809789592,1.4404149420116834,1.457290483563295
12.40000000000282,481.45000000000283,113.50197051151542,20.7469547462132,-1.4558998699950074,22.62302850505477,-0.955248694835548,19.56164889229323,0.3251814833665225,-2.5472129628862383,-1.1084221809789592,1.675078784932434,1.6927362445280598
12.500000000002842,481.55000000000285,113.60197051151545,21.077408089184264,-2.6614812549731988,24.03469928079954,-0.5900457857648465,20.838056195821654,-0.7557276457601599,-0.47367750184578883,-2.4718408663964606,1.407399564495284,1.4237445966827533
12.600000000002865,481.6500000000029,113.70197051151547,18.764554210806818,-4.032217457178771,25.275852597698403,0.1279340203445234,20.790688445637063,-1.0029117323998622,-0.47367750184578883,-2.4718408663964606,1.6374092856806475,1.6544848051117593
12.700000000002888,481.7500000000029,113.80197051151549,16.451700332429372,-5.402953659384342,22.993873802432223,1.757028684538096,22.65484172027674,-0.7032946008801978,2.130630306257143,-1.7319512173552511,1.5301121631716332,1.5485188184847551
12.80000000000291,481.8500000000029,113.90197051151551,16.789525282901756,-6.643757024894143,19.33978316735824,3.740964281288662,21.305477137501626,-1.9892589499141469,-0.07421721607575105,-3.290896902587945,1.5987523376447166,1.6152723315875284
12.900000000002933,481.95000000000294,114.00197051151554,19.778029061916598,-7.754627553723239,19.255722428989202,0.49832285241874974,20.157081882045368,0.09064837121201202,-1.6160801765815223,-0.0572137911683277,1.503902223512996,1.5218398817110566
13.000000000002956,482.05000000000297,114.10197051151556,22.76653284072044,-8.865498082372007,20.56203824584847,-4.77985059460733,20.584133158242867,-1.8222583815614806,-0.7465488119493723,-2.8535495171297316,1.548904576129896,1.56499230568325
13.100000000002979,482.150000000003,114.20197051151558,18.616789960928376,-3.875674144743553,20.96947177834688,-3.468083683223812,20.64280783203517,-3.6815458626172557,-0.5687026288056172,-4.9390989023951075,1.4711344299923685,1.4885722529353367
13.200000000003001,482.250000000003,114.3019705115156,14.467047081136313,1.1141497928849002,21.02682845147909,0.4101879465421945,20.585937569154595,-4.1754557528568785,-0.5687026288056172,-4.9390989023951075,1.7097520751544224,1.728029172509302
13.300000000003024,482.35000000000304,114.40197051151563,14.671778040732534,2.067411571027103,21.833835781938006,0.6630460871787488,19.307771196030902,-1.2866061370475153,-2.2777856569272923,-0.37713401768719335,1.4404149420121999,1.4572904835638134
13.400000000003047,482.45000000000306,114.50197051151565,19.23098283919229,-1.01588880983051,22.932800526959593,-0.4960419082441372,19.079992630338122,-1.3243195388162432,-2.2777856569272923,-0.37713401768719335,1.675078784933037,1.6927362445286647
13.50000000000307,482.5500000000031,114.60197051151567,23.790187637438663,-4.099189190517191,21.896721767735087,-0.40829766606786233,21.130612573968126,-1.6749158292376345,0.8854737103295568,-0.8773478242606848,1.4073995644957873,1.423744596683259
13.600000000003092,482.6500000000031,114.7019705115157,21.3977409614406,-1.6138533512894502,20.02913332411964,0.1650353139082189,21.219159945001103,-1.7626506116637228,0.8854737103295568,-0.8773478242606848,1.6374092856812412,1.654484805112355
13.700000000003115,482.7500000000031,114.80197051151572,19.005294285442535,0.871482487938291,20.050795024601957,2.066297444649836,20.62206724342919,-1.0259244791436735,-0.04866081994418214,0.23824972151820079,1.5301121631721786,1.5485188184853032
13.800000000003138,482.85000000000315,114.90197051151574,17.51140927528642,2.07355383995807,20.80824022922682,4.484732151429502,20.029035756275892,-0.3451269470151349,-0.8786608949322158,1.1586422993919032,1.5987523376452855,1.6152723315880992
13.90000000000316,482.9500000000032,115.00197051151576,16.916085930859886,1.9923607049303678,20.626235356486823,3.484577077444913,20.329206239419836,1.8385857437621311,-0.3542848240407338,3.9343894726692255,1.5039022235135422,1.5218398817116052
14.000000000003183,483.0500000000032,115.10197051151579,16.320762586435386,1.911167569893445,20.07835417454102,1.1530250066309167,19.449785505440282,2.163655423277492,-1.6009783561250903,3.83414571628745,1.5489045761304734,1.5649923056838289
14.100000000003206,483.1500000000032,115.20197051151581,15.789455087560468,1.5403173566059798,20.133323075953648,-0.17640644169770936,19.47959922447388,1.9070932621296601,-1.3476583391796144,2.9861404449410496,1.4711344299929177,1.488572252935888
14.200000000003229,483.25000000000324,115.30197051151583,15.258147588685546,1.1694671433185149,20.423076740087957,-1.1155540382634008,19.344833390555888,2.205707306623833,-1.3476583391796144,2.9861404449410496,1.7097520751550552,1.7280291725099373
14.300000000003251,483.35000000000326,115.40197051151586,14.252480963663158,0.6384013203250221,19.70917434361959,0.5761271693123211,18.901218912606325,1.0011727170654363,-1.8012559398064356,0.9799854610800213,1.4404149420127164,1.4572904835643326
14.400000000003274,483.4500000000033,115.50197051151588,12.772455212554782,-0.05288011235373402,18.604390106794604,3.2924055920022397,18.72109331862564,1.0991712631734607,-1.8012559398064356,0.9799854610800213,1.67507878493364,1.6927362445292702
14.500000000003297,483.5500000000033,115.6019705115159,11.29242946159991,-0.7441615448701024,18.458045344377215,2.3634782468038957,17.14399154144462,1.8220219458256894,-3.883213979982827,1.7314561211652149,1.407399564496291,1.4237445966837643
14.60000000000332,483.65000000000333,115.70197051151592,14.468432927713632,3.4899903178730005,18.684972462967664,0.014896505086380962,16.75567014344625,1.9951675579422503,-3.883213979982827,1.7314561211652149,1.6374092856818352,1.6544848051129508
14.700000000003342,483.75000000000335,115.80197051151595,17.644436393827355,7.724142180616103,18.49950976770618,-0.8970919558882969,17.19633597268771,1.1198376906136334,-2.7537794194001806,0.3127391747658619,1.530112163172724,1.5485188184858512
14.800000000003365,483.8500000000034,115.90197051151597,17.80307286587702,7.926337812748624,18.153438577453606,-1.249587730612328,17.375866396734892,2.9794804191420203,-2.111827385890118,2.8742115798949524,1.5987523376458548,1.6152723315886701
14.900000000003388,483.9500000000034,116.00197051151599,14.944342344267412,4.096577214811455,17.515642680245982,0.8844131062553315,17.447179269904566,1.60196215133297,-1.730074867225849,0.6393036587581995,1.5039022235140889,1.5218398817121537
15.00000000000341,484.0500000000034,116.10197051151601,12.085611822814839,0.26681661698477377,16.76423227423652,3.9867998371808233,16.171959932624286,1.3677729227472826,-3.3581945359924754,0.20219750006153353,1.548904576131051,1.5649923056844073
15.100000000003433,484.15000000000344,116.20197051151604,13.831274518987795,-0.3233496080052092,15.912244036516732,3.747763296146031,16.00994561276048,2.6461632077781605,-3.126358618977741,1.869344431051254,1.4711344299934666,1.488572252936439
15.200000000003456,484.25000000000347,116.30197051151606,15.576937215160752,-0.9135158329951922,15.021084961793242,2.2073828692804627,15.697309750862633,2.8330976508833285,-3.126358618977741,1.869344431051254,1.7097520751556883,1.7280291725105723
15.300000000003479,484.3500000000035,116.40197051151608,16.372161321196042,-0.4957864382477911,14.989061203720576,1.531676272767638,15.245684327096122,1.9293738502195077,-3.3031478332340787,0.38373585742971716,1.440414942013233,1.4572904835648517
15.400000000003502,484.4500000000035,116.5019705115161,16.216946837225485,0.929838576097201,15.29163453210639,1.1927237809525129,14.915369543772638,1.967747435962488,-3.3031478332340787,0.38373585742971716,1.6750787849342432,1.6927362445298755
15.500000000003524,484.55000000000354,116.60197051151613,16.061732353219494,2.355463590355609,14.30711614782232,-0.28108611181973053,15.029139395462987,1.77668928001558,-2.669241429976125,0.09566873258713202,1.4073995644967943,1.4237445966842701
15.600000000003547,484.65000000000356,116.70197051151615,14.901094835964832,1.324317541003382,12.821329652779953,-2.196875251104106,14.762215252465314,1.7862561532742953,-2.669241429976125,0.09566873258713202,1.6374092856824292,1.6544848051135468
15.70000000000357,484.7500000000036,116.80197051151617,13.740457318710169,0.29317149165115497,14.321464449284948,-1.368156080204183,13.595002159675824,0.031077898373475132,-3.8958193807495785,-2.292249600724476,1.530112163173269,1.5485188184863992
15.800000000003593,484.8500000000036,116.9019705115162,13.313992409623934,-0.5906809496297305,16.98449005609512,0.5294336941353808,13.155180321909782,-0.22731171648099355,-3.9667163089693367,-2.3331081288165922,1.5987523376464237,1.615272331589241
15.900000000003615,484.9500000000036,117.00197051151622,13.621700108600965,-1.327239782860373,15.754427249253578,1.7571865005162788,14.548318712154122,0.050754387742476745,-1.5480433984511603,-1.6466685472826257,1.503902223514635,1.5218398817127026
16.000000000003638,485.05000000000365,117.10197051151624,13.929407807520105,-2.0637986160597404,13.008170176760295,2.7240659688606943,14.294923672868698,-0.5294004815585848,-1.6936755260996894,-2.2558615470329535,1.5489045761316285,1.5649923056849864
16.10000000000366,485.1500000000037,117.20197051151627,12.645859169981254,-1.9406609335659242,10.349913338657652,2.2542526069155424,13.391648183373116,0.5410293070349187,-2.672623707291708,-0.5385673152632104,1.4711344299940154,1.4885722529369902
16.200000000003683,485.2500000000037,117.30197051151629,11.362310532442402,-1.8175232510721082,7.725928892183937,1.2249077883655741,13.124385812643885,0.4871725755085854,-2.672623707291708,-0.5385673152632104,1.7097520751563207,1.7280291725112074
16.300000000003706,485.3500000000037,117.40197051151631,10.88740604229689,-2.282660916339635,7.401293800253837,0.7100105973636788,10.351638289128953,0.21514417467885616,-6.039251016635389,-0.8490028065750015,1.4404149420137498,1.4572904835653702
16.40000000000373,485.45000000000374,117.50197051151633,11.221145699425206,-3.3360739292815627,7.972158613706509,0.39546912911585375,9.747713187465276,0.1302438940213367,-6.039251016635389,-0.8490028065750015,1.6750787849348465,1.6927362445304803
16.50000000000375,485.55000000000376,117.60197051151636,11.554885356522547,-4.3894869420304685,8.330843369639693,0.30068910604965865,9.083176657048433,-0.6703931825544435,-6.03760351671559,-1.9322421965525076,1.407399564497298,1.4237445966847757
16.600000000003774,485.6500000000038,117.70197051151638,11.063009022883515,-0.29794549129164327,8.606892913547814,0.2914969267696356,8.479416305376738,-0.8636174022097381,-6.03760351671559,-1.9322421965525076,1.6374092856830234,1.6544848051141428
16.700000000003797,485.7500000000038,117.8019705115164,10.571132689244482,3.793595959447183,11.054638970107945,0.012707012924217276,8.02320413469862,-0.5860018326837506,-5.836579894771498,-1.295137752008292,1.5301121631738148,1.5485188184869474
16.80000000000382,485.85000000000383,117.90197051151642,11.240530895873789,6.5522622022916375,14.348169516853893,-0.37107988422721105,7.982353650204088,0.6475320079033712,-5.0705874275374345,0.6144380587426457,1.598752337646993,1.6152723315898119
16.900000000003843,485.95000000000385,118.00197051151645,13.071203642594526,7.978053237444769,12.639469602686255,-1.3592206739115753,10.31303048495191,0.27714336038660126,-1.2357926239311379,0.03477386451876252,1.5039022235151813,1.521839881713251
17.000000000003865,486.0500000000039,118.10197051151647,14.901876389196547,9.403844272281756,8.982611225529574,-2.5827318967613433,11.190517202945575,2.224626570450254,0.24292057587305704,2.8850961305790292,1.5489045761322058,1.5649923056855648
17.100000000003888,486.1500000000039,118.20197051151649,13.661303732165546,2.6506898150074614,8.442555643210365,-1.2903348267636343,10.031334248271083,0.6234397343697526,-1.3356980117063588,0.38114173967441767,1.4711344299945643,1.4885722529375416
17.20000000000391,486.2500000000039,118.30197051151652,12.420731075134544,-4.102464642266835,9.11636371424719,0.9819027506036906,9.897764447100418,0.6615539083372031,-1.3356980117063588,0.38114173967441767,1.7097520751569537,1.7280291725118422
17.300000000003934,486.35000000000394,118.40197051151654,9.960711206274912,-6.085630800944522,8.529212024853948,0.20570167210599521,9.90446207410227,-0.3675058331030081,-1.1294655605698698,-1.1117452930386138,1.440414942014266,1.4572904835658893
17.400000000003956,486.45000000000397,118.50197051151656,6.281244125777967,-3.2988086617739576,7.4509695214821585,-1.7577381017500984,9.791515518045257,-0.47868036240689477,-1.1294655605698698,-1.1117452930386138,1.6750787849354491,1.6927362445310858
17.50000000000398,486.550000000004,118.60197051151658,2.6017770455864904,-0.511986522653142,7.334474671113102,-1.3051466951601145,7.564468073446798,-1.1703183801498427,-4.148812697615069,-1.867484790357432,1.4073995644978015,1.4237445966852815
17.600000000004002,486.650000000004,118.7019705115166,6.599229782430667,1.0245410928936038,7.592540098221092,0.08838728250418137,7.149586803685197,-1.3570668591856283,-4.148812697615069,-1.867484790357432,1.6374092856836173,1.6544848051147387
17.700000000004025,486.75000000000404,118.80197051151663,10.596682519274843,2.5610687084403496,7.878616178836132,1.0126422460016233,6.983816170182292,-0.8069832446263457,-3.809417646938818,-0.8704598733928594,1.5301121631743602,1.5485188184874954
17.800000000004047,486.85000000000406,118.90197051151665,11.035465918112251,1.6985890568102815,8.175601231380696,1.7541327627012724,7.81706984546092,-0.01618498502879979,-2.0959841512131936,0.35936520398562866,1.5987523376475623,1.615272331590383
17.90000000000407,486.9500000000041,119.00197051151667,7.9155799795173865,-1.5628978616093163,6.722150293759744,1.4204064620209786,7.79860798546048,0.7630394752687347,-1.8376903643755678,1.3571072712489196,1.5039022235157276,1.5218398817138
18.000000000004093,487.0500000000041,119.1019705115167,4.795694040921156,-4.824384779739477,4.586978129024377,0.6679284147606799,7.015964704586123,-0.32075381430979283,-2.722310626797265,-0.4309426461638832,1.5489045761327833,1.5649923056861437
18.100000000004115,487.1500000000041,119.20197051151672,1.6424550747157514,-1.01387588387855,2.365377105718882,0.4158958200378527,5.6656681501229516,-0.07852599134329918,-4.160325123363868,-0.05287478539671725,1.4711344299951135,1.4885722529380927
18.200000000004138,487.25000000000415,119.30197051151674,-1.5107838914896536,2.796633011982377,0.11011567560423074,0.3587656895716326,5.24963563778647,-0.08381346988297211,-4.160325123363868,-0.05287478539671725,1.7097520751575865,1.7280291725124775
18.30000000000416,487.3500000000042,119.40197051151677,-1.4869285258937066,4.52445986243136,2.30600083126611,0.9008865380331179,1.4744357822014051,0.8773510171790198,-8.723053902196533,1.2742802565959035,1.4404149420147827,1.4572904835664084
18.400000000004184,487.4500000000042,119.50197051151679,1.714021170976249,4.169604667814092,6.235420448944978,1.6763904493414012,0.6021303919815535,1.0047790428386392,-8.723053902196533,1.2742802565959035,1.6750787849360524,1.6927362445316914
18.500000000004206,487.5500000000042,119.60197051151681,4.914970867567836,3.814749473198919,4.906131619906031,2.0892685519675798,2.972415679767784,1.8872340922632673,-4.283317620459388,2.3503044766826,1.4073995644983053,1.4237445966857873
18.60000000000423,487.65000000000424,119.70197051151683,1.4981899695318028,3.5097107803215737,1.5287969351776285,2.3609191474668028,2.544083917721748,2.1222645399315807,-4.283317620459388,2.3503044766826,1.6374092856842113,1.6544848051153345
18.700000000004252,487.75000000000426,119.80197051151686,-1.91859092850423,3.2046720874442283,2.689196600137428,2.750457478605956,1.3892668779012647,2.4544203941441642,-5.273100760066784,2.481727159321797,1.5301121631749055,1.5485188184880432
18.800000000004275,487.8500000000043,119.90197051151688,-1.4764707755132092,3.0102806814125462,5.616853020865735,3.1859081265924436,-0.13261640698969085,2.8020676187557583,-6.6766104372991535,2.6210870124627434,1.598752337648131,1.6152723315909534
18.900000000004297,487.9500000000043,120.0019705115169,2.824550427846805,2.926536562207659,5.538119569539187,1.4726334843232778,1.780120507541665,3.2274917834260135,-3.1895707144915915,2.840311217976905,1.5039022235162738,1.5218398817143484
19.00000000000432,488.05000000000433,120.10197051151692,7.1255716308563155,2.8427924429200595,4.288523656372667,-1.0774793227335318,2.664460282703557,3.369027666639334,-1.4121344962731368,2.631383165184341,1.5489045761333604,1.5649923056867225
19.100000000004343,488.15000000000435,120.20197051151695,3.313282750215901,0.8444437678059091,5.254572124913657,-0.9603165593720788,3.0030310877948447,1.7410691177075965,-0.7721578726189294,0.1255731436717582,1.471134429995662,1.488572252938644
19.200000000004366,488.2500000000044,120.30197051151697,-0.49900613042451347,-1.1539049073082408,7.083520930977242,0.19563790223381305,2.925815300532934,1.7536264320747752,-0.7721578726189294,0.1255731436717582,1.709752075158219,1.7280291725131125
19.30000000000439,488.3500000000044,120.40197051151699,-2.5139561275499256,-1.687829780086893,2.311908436143364,1.0691879460216431,3.591398939185992,0.6693523220293573,0.16845573837875705,-1.3660997444971477,1.4404149420152992,1.4572904835669271
19.40000000000441,488.4500000000044,120.50197051151702,-2.731567241475007,-0.7573308507864345,-5.030345187472006,1.8327533417926454,3.6082445130238714,0.5327423475796116,0.16845573837875705,-1.3660997444971477,1.6750787849366555,1.6927362445322964
19.500000000004434,488.55000000000445,120.60197051151704,-2.9491783553466404,0.17316807850423707,-3.305160849640443,1.2538758741023561,-1.1054570009570153,0.86974990678238,-6.275165177427293,-0.7547959409275699,1.4073995644988087,1.423744596686293
19.600000000004457,488.65000000000447,120.70197051151706,-1.9613177335026486,0.8829243858903633,1.9514093648970219,0.15217334949209183,-1.7329735186998874,0.7942703126896058,-6.275165177427293,-0.7547959409275699,1.6374092856848053,1.6544848051159307
19.70000000000448,488.7500000000045,120.80197051151708,-0.9734571116586566,1.5926806932764896,2.5998392438334617,-0.7068551114530307,-0.2567522420400642,0.3560158698649845,-3.4089760573493044,-1.2456751610070405,1.5301121631754508,1.5485188184885912
19.800000000004502,488.8500000000045,120.9019705115171,-0.8011175398149297,2.0125024251405454,1.4535921954861222,-1.471372226998074,-0.6086000369796076,0.5787828731426827,-3.4244286116497857,-0.7590732340010897,1.5987523376487003,1.6152723315915245
19.900000000004525,488.95000000000454,121.00197051151713,-1.444299017824979,2.1423895815346112,0.7163572676524337,-1.8207596369450019,-0.24958455870985086,-0.34430526085442725,-2.4765077354639704,-1.8962744287700164,1.5039022235168202,1.521839881714897
20.000000000004547,489.05000000000456,121.10197051151715,-2.0874804958546807,2.2722767377592343,0.13841536524870335,-2.00847147926443,-0.8350529691225671,0.0640234333148198,-2.975511206311583,-1.0195447035561278,1.5489045761339382,1.5649923056873012
20.10000000000457,489.1500000000046,121.20197051151717,-3.162808609293797,-1.3239134191110158,0.8551645905059533,1.488967188530777,-0.8057036947776399,-0.7952777579405255,-2.539463943421085,-2.023071829882329,1.471134429996211,1.4885722529391952
20.200000000004593,489.2500000000046,121.3019705115172,-4.238136722732913,-4.9201035759812655,2.076141579143085,6.421617050512754,-1.0596500891198062,-0.9975849409288043,-2.539463943421085,-2.023071829882329,1.709752075158852,1.7280291725137475
20.300000000004616,489.3500000000046,121.40197051151722,-5.005129986924296,-5.381202418711539,2.6109906862802776,5.503258146662116,-0.6813745114911218,0.903829713318014,-1.7300546255859357,0.7126710784273729,1.4404149420158159,1.4572904835674463
20.40000000000464,489.45000000000465,121.50197051151724,-5.463788401924733,-2.7072099478792353,2.8786218294652595,2.306177314102814,-0.8543799740497547,0.9750968211607675,-1.7300546255859357,0.7126710784273729,1.6750787849372586,1.692736244532902
20.50000000000466,489.5500000000047,121.60197051151727,-5.9224468168353726,-0.03321747709193823,2.7428756433170327,3.43930977557772,-0.596681691062856,0.9930963720272598,-1.3287696427759876,0.6070103854053008,1.4073995644993125,1.4237445966867985
20.600000000004684,489.6500000000047,121.70197051151729,-4.454631260071751,1.6751998702471222,2.4500309460092904,6.2588782661185505,-0.7295586553404849,1.0537974105678036,-1.3287696427759876,0.6070103854053008,1.6374092856853995,1.6544848051165264
20.700000000004707,489.7500000000047,121.80197051151731,-2.986815703308129,3.3836172175861825,3.149917247461551,6.739341955144408,0.37399345374853005,3.4471938786655327,0.35577467983842337,3.763435692028499,1.5301121631759964,1.5485188184891394
20.80000000000473,489.85000000000474,121.90197051151733,-1.0842899352706474,3.20045029503492,4.236430536961367,6.3088226636177005,-0.14388227984926644,3.950065353886663,-0.42524065153786805,3.940696285069018,1.5987523376492696,1.6152723315920954
20.900000000004752,489.95000000000476,122.00197051151736,1.252946043958656,1.125699102950314,3.3549991290183963,6.333050927967694,1.6071647386883314,5.147679768292782,1.9985147984632965,5.019323278438588,1.5039022235173665,1.5218398817154455
21.000000000004775,490.0500000000048,122.10197051151738,3.5901820230731993,-0.9490520889955483,1.7071359969072177,6.534384247030226,2.1858162124209652,4.243547499794802,2.558054890744176,2.9577362308117756,1.5489045761345157,1.5649923056878796
21.100000000004798,490.1500000000048,122.2019705115174,3.523988795614608,-0.11809966516026138,1.6022241220977242,5.206561319436799,2.0718375279347114,5.357295594531278,2.064805634336558,4.041598546836622,1.47113442999676,1.4885722529397463
21.20000000000482,490.25000000000483,122.30197051151742,3.4577955681560173,0.7128527586750255,2.0982268939114648,3.283196321902718,2.2783180913684142,5.761455449215032,2.064805634336558,4.041598546836622,1.7097520751594848,1.7280291725143826
21.300000000004843,490.35000000000485,122.40197051151745,3.4208767832446716,1.3826247056573553,1.3316015245436459,3.194923816725845,2.627343383609766,4.256322055416451,2.2651513198147337,1.4638558365008616,1.4404149420163324,1.457290483567965
21.400000000004866,490.4500000000049,122.50197051151747,3.4132324408749137,1.891216175817879,0.07323557705806083,3.821342687148168,2.853858515591291,4.402707639066571,2.2651513198147337,1.4638558365008616,1.6750787849378617,1.692736244533507
21.50000000000489,490.5500000000049,122.6019705115175,3.405588098505163,2.3998076461432705,-0.3609736974749414,5.322601193516321,2.068700904329578,4.02241308159304,0.9455423854457987,0.7039698774154022,1.4073995644998158,1.4237445966873044
21.60000000000491,490.6500000000049,122.70197051151752,3.3980865945222574,6.280942120201058,-0.47420859673605154,7.164572958450734,2.1632551428741795,4.092810069334597,0.9455423854457987,0.7039698774154022,1.6374092856859934,1.6544848051171224
21.700000000004934,490.75000000000495,122.80197051151754,3.390585090539352,10.162076594258844,-0.4970831218010928,6.13554729910542,1.19455148830228,5.555527732179398,-0.5030688498487723,2.5879518830145667,1.530112163176542,1.5485188184896874
21.800000000004957,490.85000000000497,122.90197051151756,3.505673646086011,10.53365111279083,-0.48476608000913074,3.9883888442540427,1.6082865754218723,7.1621637341719975,0.15177223441970666,4.476223565347423,1.5987523376498387,1.6152723315926663
21.90000000000498,490.950000000005,123.00197051151758,3.7433522611379852,7.3956656764912605,0.640375192360039,3.1297590472598165,0.8238777752756206,6.136460121620508,-0.9287542080715622,2.498525261312844,1.5039022235179127,1.5218398817159942
22.000000000005002,491.050000000005,123.1019705115176,3.9810308761620234,4.257680240407589,2.1989147176557906,2.77295699072687,1.4214097080697399,5.932736805326664,0.0910731429853161,1.8334874783456008,1.5489045761350928,1.5649923056884587
22.100000000005025,491.15000000000504,123.20197051151763,3.6602370817760304,5.435740225354521,0.3277137860324224,3.923485018967104,1.8731914872328563,4.919961668912162,0.6815496053025629,0.24855585962264892,1.4711344299973086,1.4885722529402974
22.200000000005048,491.25000000000506,123.30197051151765,3.3394432873900373,6.613800210301452,-2.8792268618668713,5.661054744694179,1.9413464477631281,4.944817254874432,0.6815496053025629,0.24855585962264892,1.7097520751601174,1.7280291725150176
22.30000000000507,491.3500000000051,123.40197051151767,1.9804556800862707,8.202024107105082,-1.1660714593911492,8.492285069216663,0.20611997335857246,5.7672739020169566,-1.714312713626744,1.3275539409530044,1.4404149420168488,1.4572904835684841
22.400000000005093,491.4500000000051,123.5019705115177,-0.4167257399251785,10.200411915682409,2.4632545061095743,11.749450217753875,0.03468870199585908,5.9000292961122875,-1.714312713626744,1.3275539409530044,1.6750787849384645,1.6927362445341123
22.500000000005116,491.5500000000051,123.60197051151772,-2.8139071598515213,12.198799724083102,1.3612282676332956,12.713223125190895,0.5617347119654335,9.342411117695288,-0.8859978263038153,5.857396853266923,1.4073995645003192,1.4237445966878097
22.60000000000514,491.65000000000515,123.70197051151774,-3.5475251756673,10.744572441192384,-1.5834607407809815,12.783816172547361,0.47313492933503176,9.928150803022113,-0.8859978263038153,5.857396853266923,1.6374092856865874,1.654484805117718
22.70000000000516,491.7500000000052,123.80197051151777,-4.281143191483079,9.290345158301665,-2.8649088522184645,11.717452955259194,-0.7423977386031753,11.571798417756842,-2.4213615886120534,7.288877070593091,1.5301121631770869,1.5485188184902352
22.800000000005184,491.8500000000052,123.90197051151779,-4.278497524433782,9.740727339576111,-3.4985945595561647,10.208293072327956,-1.7765117908313388,11.59229083507209,-3.538975282168493,6.296443281725641,1.5987523376504076,1.6152723315932367
22.900000000005207,491.9500000000052,124.00197051151781,-3.53958817467175,12.095718984621634,-4.79038836370739,10.509921494939839,-2.8179735732330844,11.472826279739213,-4.46812028425886,5.290887553033345,1.5039022235184591,1.5218398817165426
23.00000000000523,492.05000000000524,124.10197051151783,-2.8006788248648116,14.450710629490114,-6.338487603663751,11.51677583416064,-3.1661948571959515,12.523712279536166,-4.322488090105562,6.0559522901253295,1.5489045761356706,1.5649923056890371
23.100000000005252,492.15000000000526,124.20197051151786,-1.2030714353233602,13.42030087076176,-3.1346503240148955,10.417792034722108,-4.871544259565928,12.806192726542204,-6.020656821772953,5.627806977400914,1.4711344299978577,1.4885722529408485
23.200000000005275,492.2500000000053,124.30197051151788,0.39453595421809107,12.389891112033405,1.9198664510990069,8.498672813039153,-5.47360994174336,13.368973424282423,-6.020656821772953,5.627806977400914,1.7097520751607502,1.7280291725156522
23.300000000005298,492.3500000000053,124.4019705115179,0.39816141476101397,13.056385508792069,3.734640421961942,8.004148799334509,-1.7507191745651245,11.702998485877492,-0.17981664163266708,2.6556855911380195,1.4404149420173653,1.457290483569003
23.40000000000532,492.45000000000533,124.50197051151792,-1.1921950533575316,15.419784060678925,4.28767077447933,8.064444726902286,-1.7687008387283953,11.968567044991355,-0.17981664163266708,2.6556855911380195,1.6750787849390676,1.6927362445347176
23.500000000005343,492.55000000000535,124.60197051151795,-2.7825515213614582,17.783182612354857,2.4080077343865427,7.987676625836455,0.11682715609817013,11.903680378070854,2.290132072454463,2.4093640758831687,1.407399564500823,1.4237445966883153
23.600000000005366,492.6500000000054,124.70197051151797,-2.2278056811257683,16.199069977637137,-0.4190871078490792,7.857527848006438,0.3458403633436685,12.144616785659226,2.290132072454463,2.4093640758831687,1.6374092856871814,1.6544848051183139
23.70000000000539,492.7500000000054,124.801970511518,-1.673059840890078,14.614957342919416,-1.4630402171014816,7.3411058150475785,-0.06472436513105624,10.67219460530587,1.4187538400158899,0.09097808439485622,1.5301121631776324,1.5485188184907832
23.80000000000541,492.8500000000054,124.90197051151802,-2.867382605935844,13.165226066282921,-1.8125345874578311,6.674246588755096,-0.21622406376492317,11.342044284269804,1.0047523729955437,1.0166653268981374,1.598752337650977,1.6152723315938078
23.900000000005434,492.95000000000545,125.00197051151804,-5.810773975885256,11.849876147698621,-1.148347670255335,9.696625709290416,-0.7734997895558219,9.599461326178371,0.11589578067591988,-1.458936927228246,1.5039022235190052,1.5218398817170913
24.000000000005457,493.05000000000547,125.10197051151806,-8.754165345523791,10.534526229299514,-0.08937450831534388,14.155808064492494,-2.459714301407097,9.683901769109799,-2.3919961741288716,-1.121218537954895,1.5489045761362477,1.564992305689616
24.10000000000548,493.1500000000055,125.20197051151808,-6.000643624967741,12.612861265150787,-0.8678222766874562,13.482133964618974,-1.700100208316267,11.650060312696416,-1.0596943742670286,1.632620222191097,1.4711344299984062,1.4885722529413998
24.200000000005502,493.2500000000055,125.3019705115181,-3.2471219044116912,14.691196301002059,-2.3618682493283196,10.809428068913316,-1.8060696457429941,11.813322334915563,-1.0596943742670286,1.632620222191097,1.7097520751613826,1.7280291725162875
24.300000000005525,493.35000000000554,125.40197051151813,-1.7631794586098102,14.744553661065844,-0.8400243352920984,11.982976958599465,-2.2445484198154553,12.00989939568971,-1.5036935812133163,1.7134056851409052,1.4404149420178818,1.457290483569522
24.400000000005548,493.45000000000556,125.50197051151815,-1.5488162872820894,12.772933345788756,1.8563818968120165,14.654480384545923,-2.394917777936821,12.181239964203838,-1.5036935812133163,1.7134056851409052,1.6750787849396707,1.6927362445353227
24.50000000000557,493.5500000000056,125.60197051151818,-1.334453115946907,10.801313030646064,0.978840356422664,12.910700744663519,-0.6449400092094183,13.127805814952294,1.036563678849142,2.6743623333902913,1.4073995645013264,1.4237445966888214
24.600000000005593,493.6500000000056,125.7019705115182,-0.9861480060204808,11.242261374729644,-1.290603586918745,9.447353976145365,-0.5412836413244806,13.395242048291385,1.036563678849142,2.6743623333902913,1.6374092856877753,1.65448480511891
24.700000000005616,493.7500000000056,125.80197051151822,-0.6378428960940544,11.683209718813224,0.10605045659207635,8.650005074583722,-0.9955387664456563,11.714228937841701,0.27645001094216204,0.037869485042858475,1.530112163178178,1.5485188184913314
24.80000000000564,493.85000000000565,125.90197051151824,0.11886914477756988,12.414762114769777,2.930495537403474,8.89095025941972,-0.8594866952093059,11.757407301835688,0.42943057654107875,0.0930553004897495,1.5987523376515462,1.6152723315943787
24.90000000000566,493.9500000000057,126.00197051151827,1.2839881165024594,13.43691856253389,3.261072018339988,9.851539838083776,0.9284711013192193,10.708655125247404,2.787569053534398,-1.327213517064203,1.5039022235195518,1.52183988171764
25.000000000005684,494.0500000000057,126.10197051151829,2.4491070880731973,14.459075010066282,2.620391525821611,11.092400653150698,1.4710418299758516,11.403366002598036,3.1772586348922127,-0.11402347540500002,1.5489045761368254,1.5649923056901944
25.100000000005707,494.1500000000057,126.20197051151831,0.9023541261983294,11.40475783242956,0.17525242594416746,10.925171059866035,2.1104943346409137,11.406426753361236,3.6064047094747225,-0.09485905430441319,1.4711344299989555,1.4885722529419512
25.20000000000573,494.25000000000574,126.30197051151833,-0.6443988356765384,8.350440654792838,-2.9726474391921935,10.209549450886886,2.471134805588468,11.396940847930793,3.6064047094747225,-0.09485905430441319,1.7097520751620159,1.7280291725169228
25.300000000005753,494.35000000000576,126.40197051151836,-0.3523585686151587,8.803438278486963,-3.6854014021080346,10.265270384592727,-0.10806067300950961,10.127386223629458,-0.3574051118410576,-1.8092343562197262,1.4404149420183987,1.457290483570041
25.400000000005775,494.4500000000058,126.50197051151838,1.7784749269601938,12.763750702706492,-3.449768413514569,10.621396810207447,-0.1438011841936235,9.946462788007445,-0.3574051118410576,-1.8092343562197262,1.675078784940274,1.6927362445359284
25.500000000005798,494.5500000000058,126.6019705115184,3.909308422161585,16.724063126553414,-1.3338489969436567,11.363112226122077,-0.542169181186933,11.265474049231244,-0.6963606903736663,0.382831981924886,1.4073995645018305,1.423744596689327
25.60000000000582,494.65000000000583,126.70197051151843,-0.40965248985231284,14.257934217571734,1.514362933091855,12.254998342983967,-0.6118052502243155,11.303757247423741,-0.6963606903736663,0.382831981924886,1.6374092856883697,1.654484805119506
25.700000000005844,494.75000000000585,126.80197051151845,-4.728613401866211,11.791805308590053,0.8443868747020171,12.111837877384863,0.47976059589988274,11.806560761099508,0.8856921226235348,1.0113853972792142,1.5301121631787236,1.5485188184918794
25.800000000005866,494.8500000000059,126.90197051151847,-5.206200149867034,11.452690495998263,-1.1957754949567878,11.565570282922947,-0.9828054546739748,11.635013310762726,-1.3032199983104487,0.6293631080168292,1.5987523376521156,1.6152723315949495
25.90000000000589,494.9500000000059,127.0019705115185,-1.8424127347544133,13.24058977929823,0.6937152981967516,12.210089735002015,-1.3988784895232067,11.607233031972646,-1.6893717570924265,0.507590975340342,1.5039022235200983,1.5218398817181888
26.00000000000591,495.0500000000059,127.10197051151852,1.5213746799192054,15.028489062502732,4.113640789388923,13.318370679125078,-0.9115753532212016,12.37618846085372,-0.720013861983554,1.5606181678381739,1.548904576137403,1.5649923056907733
26.100000000005934,495.15000000000595,127.20197051151854,-2.540805864614814,15.201564074412012,3.707394693808923,12.21069883833804,1.209693259683559,12.969017265313237,2.205554276155981,2.1393590640752613,1.4711344299995042,1.488572252942502
26.200000000005957,495.25000000000597,127.30197051151856,-6.602986409148834,15.37463908632129,1.8110156235318886,10.24000655001484,1.4302486872992073,13.182953171720811,2.205554276155981,2.1393590640752613,1.7097520751626485,1.7280291725175574
26.30000000000598,495.350000000006,127.40197051151858,-7.09462096142756,13.226806546691403,0.6327253995923149,9.319735624850813,-0.15158084119654125,12.538209573538255,-0.2986285664686865,1.0215376382634687,1.4404149420189152,1.4572904835705598
26.400000000006003,495.450000000006,127.5019705115186,-4.015709522303432,8.758066456076445,-0.2658994082988242,8.808559659248404,-0.18144369784341668,12.640363337364626,-0.2986285664686865,1.0215376382634687,1.675078784940877,1.6927362445365333
26.500000000006025,495.55000000000604,127.60197051151863,-0.9367980833269027,4.289326365763012,-0.3014367888088507,10.156194433966997,-0.4481902587519164,9.9287930103665,-0.6346680778530978,-2.9368548569080106,1.4073995645023338,1.4237445966898328
26.600000000006048,495.65000000000606,127.70197051151865,-0.3075094610595305,4.824758963006674,-0.0008379019261802734,12.227757844671917,-0.5116570665372406,9.635107524675632,-0.6346680778530978,-2.9368548569080106,1.6374092856889635,1.6544848051201018
26.70000000000607,495.7500000000061,127.80197051151868,0.3217791612078418,5.360191560250335,0.6807557870891541,14.234458890114798,-0.3333937054152344,10.61172728462699,-0.3053283749877346,-1.2179748121030793,1.5301121631792687,1.5485188184924272
26.800000000006094,495.8500000000061,127.9019705115187,0.20259939744885935,7.625433922130963,1.510730933905602,16.21589877120547,-0.15777850777536423,9.456024465073522,-0.014418907816894033,-2.6664353074170566,1.5987523376526844,1.6152723315955204
26.900000000006116,495.9500000000061,128.00197051151872,-0.665048752154383,11.620486048227711,1.1516223005376391,17.65540925855842,0.5669303532189169,11.980373035135404,0.9668702410439806,1.0800135166336875,1.5039022235206443,1.5218398817187375
27.00000000000614,496.05000000000615,128.10197051151874,-1.5326969016357548,15.615538174192622,0.3294155257687539,18.88386103062762,0.1970517706117455,12.839953795549167,0.2776881743923545,2.1819873365932327,1.5489045761379805,1.5649923056913526
27.100000000006162,496.1500000000062,128.20197051151877,-0.41518262213504475,17.463093093446563,-0.8392853548050109,18.50609154836186,0.18614235443123844,15.343731595363415,0.2260958907411395,5.21050852636127,1.471134430000053,1.4885722529430536
27.200000000006185,496.2500000000062,128.3019705115188,0.7023316573656653,19.310648012700504,-2.1429311224238896,17.502766415640817,0.20875194350535753,15.86478244799966,0.2260958907411395,5.21050852636127,1.7097520751632813,1.7280291725181929
27.300000000006207,496.3500000000062,128.4019705115188,0.719017477446176,19.682529980024764,-2.999319033192814,16.863643657140422,-0.544701962144913,17.50691942407331,-0.799893872153193,6.7362136672649235,1.4404149420194319,1.457290483571079
27.40000000000623,496.45000000000624,128.50197051151883,-0.36512516162068653,18.578738995785073,-3.6815188121539233,16.36636241174898,-0.6246913493602504,18.180540790799956,-0.799893872153193,6.7362136672649235,1.67507878494148,1.6927362445371388
27.500000000006253,496.55000000000626,128.60197051151886,-1.4492678004879613,17.474948011465948,-2.895259958124121,15.828025698439935,-1.9136122598551524,17.903019779575384,-2.4150455546612823,5.4475217288302815,1.4073995645028374,1.4237445966903384
27.600000000006276,496.6500000000063,128.70197051151888,0.6585740389124937,15.100722782174765,-1.5370982028942253,15.273699606414526,-2.1551168153213354,18.447771952458535,-2.4150455546612823,5.4475217288302815,1.6374092856895577,1.6544848051206977
27.7000000000063,496.7500000000063,128.8019705115189,2.766415878312949,12.726497552883586,-0.5689924015513325,16.692750519164804,-1.9760061666863946,17.63383298775104,-1.841988054369009,3.6090446450989226,1.5301121631798664,1.5485188184930272
27.80000000000632,496.85000000000633,128.90197051151893,4.615688140396502,13.45316785917356,0.24720300432923237,18.880348811347165,-0.9279330833253572,16.67689113427487,-0.10304565630719065,1.7627940651798473,1.5987523376533055,1.6152723315961426
27.900000000006344,496.95000000000636,129.00197051151895,6.206390825228413,17.28073370026207,0.6814653203963795,19.677849394609304,-0.40101906935787934,17.89827050693751,0.6229286147883779,3.1656692428092548,1.5039022235212296,1.521839881719325
28.000000000006366,497.0500000000064,129.10197051151897,7.7970935096748955,21.108299540978912,0.9669807550598617,19.93396536218058,1.3895754741751143,18.83138564756327,3.175869740111455,4.06965887483524,1.548904576138595,1.5649923056919681
28.10000000000639,497.1500000000064,129.201970511519,3.333782705604988,19.097976277139416,0.3159991084197331,19.49483067388537,1.5495037208790468,19.62137099130064,2.9655712590770933,4.577181260096312,1.4711344300006306,1.4885722529436334
28.200000000006412,497.2500000000064,129.30197051151902,-1.1295280984649194,17.08765301329992,-0.6997087795502712,18.784925084581772,1.8460608467868236,20.079089117310374,2.9655712590770933,4.577181260096312,1.7097520751639514,1.7280291725188652
28.300000000006435,497.35000000000645,129.40197051151904,-2.9086537053784602,16.20154171016432,-0.8383485084026407,17.81354743285207,0.21366251039143394,19.25376425287695,0.33886147204614225,2.835622306056435,1.4404149420199663,1.4572904835716165
28.400000000006457,497.45000000000647,129.50197051151906,-2.0035941158252903,16.439642367443778,-0.6354070626299395,16.74033740551201,0.24754865759605588,19.53732648348266,0.33886147204614225,2.835622306056435,1.6750787849421056,1.6927362445377672
28.50000000000648,497.5500000000065,129.60197051151908,-1.098534526319301,16.67774302462686,0.06648004835676324,15.98192020349576,-0.23993186058044708,18.216699932339502,-0.39342513696781395,0.634829399854463,1.407399564503351,1.4237445966908544
28.600000000006503,497.6500000000065,129.7019705115191,-0.9215467490462534,15.428685413086257,0.9626855194682544,15.346101572547827,-0.27927437427723745,18.280182872324964,-0.39342513696781395,0.634829399854463,1.6374092856901634,1.6544848051213057
28.700000000006526,497.75000000000654,129.80197051151913,-0.744558971773206,14.179627801545651,1.55576470564744,17.436137840993464,0.2746752088390996,17.122339215061082,0.4148920199674851,-1.0177764784583154,1.5301121631804184,1.548518818493582
28.80000000000655,497.85000000000656,129.90197051151915,-1.585368226204686,16.40924982417734,2.0307889477610526,20.587779993437714,0.11704756242179307,16.28206206426395,0.1339047370283934,-2.0523850796166947,1.59875233765388,1.615272331596719
28.90000000000657,497.9500000000066,130.00197051151918,-3.4439745120745604,22.117551480071718,1.4574937594417792,22.52680254883964,0.9106557078862723,18.05832748363117,1.1882576151000037,0.6074587287024502,1.5039022235217792,1.5218398817198768
29.000000000006594,498.0500000000066,130.1019705115192,-5.30258079767295,27.82585313550366,0.47592222600096323,23.993560751668458,-0.31564591135132164,20.1874252242376,-0.7986819596081127,3.6400985032519713,1.548904576139175,1.5649923056925492
29.100000000006617,498.1500000000066,130.20197051151922,-3.043949611904619,26.521013246656246,-1.5124432099333487,21.57643339264745,-0.1986799548495521,22.03801183138818,-0.5361279990025444,5.609896562277009,1.4711344300011806,1.4885722529441856
29.20000000000664,498.25000000000665,130.30197051151924,-0.7853184261362882,25.216173357808827,-3.8929125436555747,17.64669589207529,-0.2522927547498187,22.599001487616007,-0.5361279990025444,5.609896562277009,1.7097520751645852,1.7280291725195014
29.300000000006662,498.3500000000067,130.40197051151927,-0.42608466987556015,24.150180006536576,-4.144123374867079,17.67055977274771,-1.7020477512589975,21.29945344474517,-2.393932308746766,3.159033789736164,1.4404149420204837,1.4572904835721356
29.400000000006685,498.4500000000067,130.5019705115193,-1.9662483426171433,23.32303319277595,-3.566077536800405,19.234185175658304,-1.9414409821337286,21.615356823718855,-2.393932308746766,3.159033789736164,1.6750787849427091,1.6927362445383727
29.500000000006708,498.5500000000067,130.6019705115193,-3.506412015234972,22.495886379035902,-1.7301749945293534,18.65979180239371,-2.8798520369524927,21.35958121504914,-3.358035779868291,2.431033738590336,1.4073995645038548,1.4237445966913604
29.60000000000673,498.65000000000674,130.70197051151933,-3.2015580887050907,21.975603336653222,0.5956098517103579,17.252730001556962,-3.215655614939398,21.60268458890823,-3.358035779868291,2.431033738590336,1.6374092856907578,1.654484805121902
29.700000000006753,498.75000000000676,130.80197051151936,-2.896704162175209,21.455320294270546,1.3748762268388741,16.74972302173493,-1.7539412057283548,19.968009608790325,-0.9090487855091194,-0.10983252350443884,1.5301121631809642,1.5485188184941305
29.800000000006776,498.8500000000068,130.90197051151938,-1.655288378862244,20.746612732673633,1.5518386755951794,16.598807386778407,-2.0425814732119263,20.215908157135605,-1.1880865973246797,0.2528506423104454,1.5987523376544495,1.6152723315972901
29.9000000000068,498.9500000000068,131.0019705115194,0.5226892609803953,19.849480651913467,1.3767916416809802,15.838183124153039,-0.75712039594871,18.85646510032445,0.7095836200736816,-1.6059195918336617,1.5039022235223256,1.5218398817204257
30.00000000000682,499.05000000000683,131.10197051151943,2.7006669007028905,18.952348571335087,1.0646517133120126,14.840102984183005,0.03330599110629411,18.75052375101076,1.7723376106357986,-1.5257902793218328,1.5489045761397524,1.564992305693128
30.100000000006844,499.15000000000686,131.20197051151945,3.1173147657618854,20.720154131407728,-1.3319957385678722,17.371299890975948,0.5371846356158972,17.099743278031568,2.208044050739294,-3.5109917059765836,1.4711344300017295,1.488572252944737
30.200000000006867,499.2500000000069,131.30197051151947,3.53396263082088,22.48795969148037,-4.540471234800589,21.277001830989956,0.7579890406898768,16.74864410743383,2.208044050739294,-3.5109917059765836,1.7097520751652182,1.7280291725201367
30.30000000000689,499.3500000000069,131.4019705115195,3.243159726405262,24.55838579582727,-5.262691957394035,22.35875662885296,-0.7232404804658201,19.538617456588476,-0.036426057909212384,0.718746300345851,1.4404149420210004,1.4572904835726548
30.400000000006912,499.4500000000069,131.50197051151952,2.244906052709667,26.931432444365168,-5.016620971812676,22.340702738137253,-0.7268830862567421,19.610492086623076,-0.036426057909212384,0.718746300345851,1.6750787849433124,1.692736244538978
30.500000000006935,499.55000000000695,131.60197051151954,1.246652379035431,29.30447909268169,-0.8956377499970483,23.33293198209364,-1.794426404030797,22.273099927856276,-1.3689792357708588,4.424869149723472,1.4073995645043587,1.4237445966918663
30.600000000006958,499.65000000000697,131.70197051151956,0.556390120233572,28.48525233477422,4.734460880272107,24.718624033072487,-1.931324327607914,22.715586842828724,-1.3689792357708588,4.424869149723472,1.6374092856913518,1.6544848051224978
30.70000000000698,499.750000000007,131.80197051151958,-0.13387213856828684,27.666025576866755,2.3172553279161874,24.78960236753394,1.1985146603793597,24.042792660187086,3.081711253776167,5.622003202178687,1.5301121631815096,1.5485188184946785
30.800000000007003,499.850000000007,131.9019705115196,0.3367984348003929,27.401370574746682,-3.2340368819171506,24.34855498209828,1.123386883845392,25.220876849616808,2.5408121894354867,6.4848321490559,1.5987523376550183,1.6152723315978612
30.900000000007026,499.95000000000704,132.00197051151963,1.968401840014934,27.69128732825891,-4.918051277159807,23.69677995523675,-0.9079032242797483,25.42457199267324,-0.5475411296012318,5.887777163393158,1.5039022235228718,1.5218398817209744
31.00000000000705,500.05000000000706,132.10197051151965,3.600005244927454,27.98120408169112,-5.0959235502220785,22.96293537137009,0.006594402500383311,26.432666450507284,0.8841780273409361,6.502583883771104,1.5489045761403295,1.5649923056937067
31.10000000000707,500.1500000000071,132.20197051151968,0.9467693502038035,27.135920107503008,-4.224473666554989,25.457041967426076,-1.7962156932961688,25.68938205748531,-1.6385009333698983,4.656061090135152,1.4711344300022782,1.4885722529452883
31.200000000007094,500.2500000000071,132.3019705115197,-1.7064665445198473,26.290636133314894,-2.944356918040466,29.20829983977956,-1.9600657866331959,26.15498816649893,-1.6385009333698983,4.656061090135152,1.7097520751658508,1.7280291725207717
31.300000000007117,500.3500000000071,132.40197051151972,-2.5833627380227573,26.71185547672039,-1.5683324160578949,29.077290777572102,-2.495011480760355,27.90645345351278,-2.143453781851578,6.3560568201120695,1.4404149420215167,1.4572904835731737
31.40000000000714,500.45000000000715,132.50197051151974,-1.6839192308097901,28.399578137359534,-0.15495587621646667,27.434301961129034,-2.7093568589455614,28.54205913552413,-2.143453781851578,6.3560568201120695,1.6750787849439153,1.6927362445395833
31.500000000007162,500.5500000000072,132.60197051151977,-0.7844757236239817,30.08730079784163,0.00716839393399224,27.569322553857592,-1.542034455250739,28.761005393905542,-0.2540500700066134,5.842107731026042,1.4073995645048623,1.4237445966923716
31.600000000007185,500.6500000000072,132.7019705115198,-0.26421795469029186,29.582298239192593,-0.3180174902913002,28.39680306106763,-1.567439462251406,29.345216167008278,-0.2540500700066134,5.842107731026042,1.637409285691946,1.6544848051230938
31.700000000007208,500.7500000000072,132.8019705115198,0.25603981424339806,29.07729568054356,-0.40696539414761396,27.490654165940438,-1.1331818183559756,29.58597273787078,0.372206725115237,5.377371734257266,1.5301121631820551,1.5485188184952263
31.80000000000723,500.85000000000724,132.90197051151983,0.061475583157504954,28.173711881672126,-0.40390853647719704,25.909329503188413,-0.7546968254404154,29.907380808953256,0.8537879419638326,5.074303216173369,1.5987523376555877,1.6152723315984319
31.900000000007253,500.95000000000726,133.00197051151986,-0.8479106477415559,26.87154684269339,-1.6692083403727311,28.677273016461104,-0.5441730175890772,28.68374708299674,1.0229035748171365,2.7506338430084156,1.5039022235234183,1.521839881721523
32.000000000007276,501.0500000000073,133.10197051151988,-1.7572968785218106,25.569381803867678,-3.4284797401809395,33.13907363402072,-0.7213176384144209,28.236580101903783,0.6101393824422126,1.6916919063655274,1.5489045761409073,1.5649923056942856
32.1000000000073,501.1500000000073,133.2019705115199,-1.0338247311558657,26.370365614347623,-2.8873115734597494,32.39290418266345,-1.8356197414473305,30.611357593820365,-0.957596082870378,4.61424732160432,1.4711344300028275,1.4885722529458394
32.20000000000732,501.25000000000733,133.30197051151993,-0.3103525837899208,27.171349424827564,-1.450218909781205,29.618449340961106,-1.93137934973439,31.072782325980903,-0.957596082870378,4.61424732160432,1.7097520751664839,1.7280291725214068
32.300000000007344,501.35000000000736,133.40197051151995,0.9757166125762099,29.32880009154207,-1.487300338921132,27.24421783355903,-1.3635924299545152,30.079633035902503,-0.05221176735082145,2.6499641995633665,1.4404149420220334,1.4572904835736926
32.40000000000737,501.4500000000074,133.50197051151997,2.8243828577775103,32.84271761409327,-2.0985106005461756,25.0258564888294,-1.3688136066895986,30.3446294558589,-0.05221176735082145,2.6499641995633665,1.6750787849445186,1.6927362445401886
32.50000000000739,501.5500000000074,133.60197051152,4.673049102672304,36.356635136503876,-1.8298701902714152,25.503837397494824,-0.6141633803178905,29.635643306855275,1.151261481348759,1.5695264429750146,1.4073995645053656,1.4237445966928775
32.60000000000741,501.6500000000074,133.70197051152002,2.373936053171521,37.96794896420984,-1.2185649336406414,27.031930255257056,-0.49903723218298845,29.792595951152812,1.151261481348759,1.5695264429750146,1.6374092856925397,1.6544848051236896
32.700000000007435,501.75000000000745,133.80197051152004,0.07482300367073869,39.5792627919158,-1.7255396795064393,29.549430658749554,-0.6128564378846176,29.022326691474888,0.8393401554108233,0.31488057473688125,1.5301121631826007,1.5485188184957748
32.80000000000746,501.85000000000747,133.90197051152006,-1.8063065976197754,38.18356123497527,-2.668037472038783,32.452263705005315,-0.6343616659823649,31.436865074081332,0.6905476909801391,3.6534398473157297,1.5987523376561568,1.6152723315990027
32.90000000000748,501.9500000000075,134.00197051152008,-3.26945275082452,33.78084429428391,-0.5322527557466294,31.524337641721527,-1.4501859154734003,32.45431310777564,-0.5052400664121717,4.5287825065400495,1.5039022235239645,1.5218398817220717
33.0000000000075,502.0500000000075,134.1019705115201,-4.732598904025035,29.378127353977778,2.8023935817393686,29.10449195660309,-2.187263872079137,32.15520704528543,-1.519375406217171,3.4262150114006262,1.5489045761414846,1.5649923056948642
33.100000000007526,502.15000000000754,134.20197051152013,-6.139371716480823,30.109500310673102,1.1561868672769884,31.054506373766877,-0.15946816878201903,31.116086519875783,1.3881362684285545,1.5953288836091726,1.4711344300033762,1.4885722529463905
33.20000000000755,502.25000000000756,134.30197051152015,-7.54614452893661,30.84087326736843,-2.4298527077666607,34.70639758475299,-0.02065454193913202,31.275619408236736,1.3881362684285545,1.5953288836091726,1.7097520751671165,1.7280291725220418
33.30000000000757,502.3500000000076,134.40197051152018,-6.31783700496838,31.67673412900312,-2.658944193355363,34.956812819107874,-2.4993961895887273,32.93502207888214,-2.186193220516456,3.582628638211158,1.44041494202255,1.4572904835742115
33.400000000007594,502.4500000000076,134.5019705115202,-2.4544491453729975,32.61708289554557,-1.5806455296535216,33.88249616414177,-2.7180155116404228,33.29328494270334,-2.186193220516456,3.582628638211158,1.6750787849451216,1.6927362445407939
33.50000000000762,502.5500000000076,134.60197051152022,1.4089387138637992,33.55743166202335,-1.1045561310119378,32.68181172995076,-1.6727133803985164,33.696960984921745,-0.377197178121658,3.6388137595246555,1.4073995645058692,1.423744596693383
33.60000000000764,502.65000000000765,134.70197051152024,0.5646361477617022,33.64867372603529,-0.8630019232546717,31.431912358458558,-1.7104330982106908,34.06084236087429,-0.377197178121658,3.6388137595246555,1.637409285693134,1.6544848051242855
33.70000000000766,502.7500000000077,134.80197051152027,-0.27966641834039496,33.73991579004723,-1.285125633295935,33.50756894041035,-1.3830281634828672,33.222449064834436,0.12025849784801185,2.011987491470856,1.5301121631831458,1.5485188184963226
33.800000000007685,502.8500000000077,134.9019705115203,-1.4729315476875502,34.03002437080828,-1.9657239902202392,36.87838975444552,-1.229704005476031,33.52077901684393,0.319654119199856,2.148064465822919,1.5987523376567259,1.6152723315995736
33.90000000000771,502.9500000000077,135.0019705115203,-3.0151592401726477,34.518999468257384,-1.6619109019385512,36.130032908875464,-1.5550752888777415,35.33775281114439,-0.16323544712068583,4.298711174587582,1.5039022235245108,1.5218398817226204
34.00000000000773,503.05000000000774,135.10197051152034,-4.557386932224119,35.00797456570214,-0.9747109420084898,33.777429541822244,-2.2057157718946376,35.60575539811809,-1.1002094807052973,4.0613777926548735,1.5489045761420621,1.5649923056954431
34.10000000000775,503.15000000000776,135.20197051152036,-0.4904789245432193,35.440642524934326,-0.2974149997119876,34.25034278965195,-1.7844184095291353,35.07210163137665,-0.39149239577973227,2.816100981544179,1.471134430003925,1.4885722529469418
34.200000000007776,503.2500000000078,135.30197051152038,3.576429083137681,35.8733104841665,0.3760237440972751,35.823675969658225,-1.8235676491071175,35.35371172953113,-0.39149239577973227,2.816100981544179,1.709752075167749,1.7280291725226766
34.3000000000078,503.3500000000078,135.4019705115204,5.633747739217578,37.0005723369651,-1.1202655039469331,36.946905425270764,0.24253747037850604,36.024835535268906,2.490784681612489,3.3382493684906858,1.440414942023066,1.4572904835747302
34.40000000000782,503.45000000000783,135.50197051152043,5.681477044322461,38.822428083113756,-3.461572585918322,37.894838403325835,0.49161593853981156,36.35866047211805,2.490784681612489,3.3382493684906858,1.6750787849457243,1.692736244541399
34.500000000007844,503.55000000000786,135.60197051152045,5.729206349169894,40.64428382920351,-1.341133568637166,38.857652891940006,0.05133224714215752,37.953887375144475,1.7524576514139267,5.118229429113151,1.4073995645063728,1.4237445966938886
34.60000000000787,503.6500000000079,135.70197051152047,2.4949802769621314,41.71516516908235,2.516967975222771,39.82626310327398,0.22657801228359004,38.465710318055905,1.7524576514139267,5.118229429113151,1.637409285693728,1.6544848051248813
34.70000000000789,503.7500000000079,135.8019705115205,-0.7392457952456324,42.78604650896119,1.7267443919215417,38.60641064302258,1.7123751111746437,39.55836348778187,3.53798814103689,5.90416453385533,1.5301121631836914,1.5485188184968703
34.80000000000791,503.8500000000079,135.90197051152052,-1.0356849806076625,41.639637189228345,-0.873806405237258,36.534243978729684,1.1776919974317621,40.87710699351071,2.284191062416289,6.924521933959129,1.598752337657295,1.6152723316001443
34.900000000007935,503.95000000000795,136.00197051152054,1.6056627199475542,38.27593721058458,0.4298706308504727,37.43460435443866,0.31989523379683676,39.6367230834791,0.8163252730859611,4.33000669162962,1.503902223525057,1.5218398817231686
35.00000000000796,504.05000000000797,136.10197051152056,4.247010420109302,34.91223723231117,3.2540802678780505,39.49263904234055,1.2184281323905073,38.970749930211895,2.023000343067679,2.718679442589403,1.5489045761426394,1.564992305696022
35.10000000000798,504.150000000008,136.20197051152059,1.944098013955211,36.202402999016705,2.9676983928740954,39.7933023138531,2.432820253510454,39.61199889121364,3.373013958923661,3.208130126167576,1.471134430004474,1.4885722529474932
35.200000000008004,504.250000000008,136.3019705115206,-0.3588143921988802,37.49256876572224,1.4698718982808163,39.40954330144625,2.770121649402897,39.93281190383047,3.373013958923661,3.208130126167576,1.709752075168382,1.728029172523312
35.300000000008026,504.35000000000804,136.40197051152063,-1.6519318802170764,37.58245843699253,1.5995871743518575,40.08612363528046,1.7169228238650263,39.67008329250916,1.4738618347271277,2.4157280606620755,1.4404149420235828,1.4572904835752494
35.40000000000805,504.45000000000806,136.50197051152065,-1.9352544504231126,36.472072013212404,2.3631615455818404,41.17566156607727,1.8643090073377726,39.91165609857543,1.4738618347271277,2.4157280606620755,1.6750787849463273,1.6927362445420044
35.50000000000807,504.5500000000081,136.60197051152068,-2.218577020556008,35.361685589806584,2.1146450850107192,39.33203224363989,1.4942570728165576,39.80441937407658,0.6505550698118898,1.7999393045553567,1.4073995645068762,1.4237445966943942
35.600000000008095,504.6500000000081,136.7019705115207,-1.595758925660574,38.888605745608864,1.4719617954061117,36.346057591213984,1.5593125797977614,39.984413304532154,0.6505550698118898,1.7999393045553567,1.6374092856943216,1.654484805125477
35.70000000000812,504.75000000000813,136.80197051152072,-0.9729408307651404,42.415525901411144,2.543418137406559,36.01742526764703,1.5116700407642751,38.39850649800002,0.49701221185731626,-0.5895427103526769,1.5301121631842365,1.5485188184974183
35.80000000000814,504.85000000000815,136.90197051152074,-0.34272443722881785,42.40916068213275,4.2824598006830605,36.72371606215223,1.1013857417601587,39.55975168690556,-0.15210453812479785,1.1199084826894923,1.5987523376578638,1.615272331600715
35.90000000000816,504.9500000000082,137.00197051152077,0.294890254945988,38.86951008892251,4.344208472968444,38.003540084982475,2.488710816982775,38.6635651190086,1.7432221446130731,-0.23340423150058776,1.5039022235256032,1.5218398817237173
36.000000000008185,505.0500000000082,137.1019705115208,0.9325049471775783,35.3298594961432,3.752722041404776,39.506731187969905,2.295414929915368,37.93484142768309,1.2001992571453561,-1.2676447728398108,1.5489045761432172,1.5649923056966004
36.10000000000821,505.1500000000082,137.2019705115208,2.263845385852376,37.054825199076745,2.7398869941988133,41.91338944823059,2.8749397447774054,38.54094103408382,1.8131255560305277,-0.29655852186680653,1.4711344300050229,1.488572252948044
36.20000000000823,505.25000000000824,137.30197051152084,3.5951858245271744,38.7797909020103,1.562954375385916,44.67191018301053,3.0562523003804993,38.51128518189714,1.8131255560305277,-0.29655852186680653,1.7097520751690147,1.7280291725239465
36.300000000008254,505.35000000000827,137.40197051152086,3.0467102555914014,41.22093499429527,-0.3801467080987482,43.762496337811285,2.7710778599400245,41.07875208846466,1.2011140486834975,3.1579788783331875,1.4404149420240995,1.457290483575768
36.400000000008276,505.4500000000083,137.50197051152088,0.618418679664817,44.37825747569555,-2.621638197595826,41.42457617968797,2.8911892648084017,41.39454997629805,1.2011140486834975,3.1579788783331875,1.6750787849469306,1.6927362445426093
36.5000000000083,505.5500000000083,137.6019705115209,-1.8098728959586958,47.53557995670168,-2.7158939445311407,40.30960309054709,0.10146646750865607,42.5017978675507,-2.788687773876992,4.386587653945345,1.40739956450738,1.4237445966949
36.60000000000832,505.65000000000833,137.70197051152093,-0.5863233546259896,45.94363003998232,-1.9738916430487998,39.67091647007556,-0.17740230987910655,42.940456632945335,-2.788687773876992,4.386587653945345,1.637409285694916,1.6544848051260732
36.700000000008345,505.75000000000836,137.80197051152095,0.6372261867067166,44.35168012326296,-1.181713036664615,41.577259484011854,-1.051990951556904,41.98555067419513,-3.600312586710481,2.5009222962007938,1.5301121631847823,1.5485188184979666
36.80000000000837,505.8500000000084,137.90197051152097,1.435619082270908,43.92316489007043,-0.3699928690153187,44.47478454332982,-0.8928227930547418,42.53914266747887,-2.867635092582112,2.9261134638052946,1.5987523376584334,1.615272331601286
36.90000000000839,505.9500000000084,138.001970511521,1.8088553322086889,44.65808434001588,-0.7175770615484364,45.45043744936237,-0.8623533861225794,43.838545177638494,-2.438940062580274,4.2775653616841725,1.5039022235261499,1.5218398817242662
37.00000000000841,506.0500000000084,138.10197051152102,2.1820915820086046,45.39300378957504,-1.5166615633151794,45.67760195034889,-0.40770170456174487,44.50638301745105,-1.4070912639220268,4.6295751535926914,1.5489045761437945,1.5649923056971793
37.100000000008436,506.15000000000845,138.20197051152104,0.9165754672756679,41.53626607453232,-0.9907617645067629,45.25790492808844,-1.0209291013035064,45.36855431737427,-2.0373759060250225,5.158555937368586,1.4711344300055715,1.4885722529485952
37.20000000000846,506.25000000000847,138.30197051152106,-0.3489406474572685,37.6795283594896,0.05116371486026661,44.5862825376438,-1.224666691906055,45.88440991111124,-2.0373759060250225,5.158555937368586,1.7097520751696476,1.7280291725245818
37.30000000000848,506.3500000000085,138.40197051152109,0.7522539101127728,38.81260871754596,1.1877214521028678,45.425651031299914,-0.8012929534136489,44.0601251361927,-1.196877454546931,1.956504409934512,1.440414942024616,1.4572904835762872
37.400000000008504,506.4500000000085,138.5019705115211,4.220159139183982,44.93550714701092,2.36113447529246,46.85348694977487,-0.9209806988683692,44.2557755771862,-1.196877454546931,1.956504409934512,1.6750787849475337,1.6927362445432148
37.50000000000853,506.55000000000854,138.60197051152113,7.688064367634782,51.05840557591194,0.8808371513364934,46.44147464240685,1.7086524115167174,46.58909412526975,2.7136777509790893,4.969986248048302,1.4073995645078834,1.4237445966954054
37.60000000000855,506.65000000000856,138.70197051152115,3.879727364295456,50.56748376408003,-1.6329687864883304,45.31291880131619,1.980020186614688,47.0860927500747,2.7136777509790893,4.969986248048302,1.63740928569551,1.6544848051266687
37.70000000000857,506.7500000000086,138.80197051152118,0.07139036095613083,50.07656195224812,-2.2453128245064744,43.675838447585704,0.5184124173627137,46.71343540191323,0.3526251218144689,3.793234201325699,1.5301121631853276,1.5485188184985144
37.800000000008595,506.8500000000086,138.9019705115212,0.10886024930509497,49.09127717326773,-2.117117393135301,41.840709175388845,0.05795257230481391,47.707694363789024,-0.34692230152982595,4.654734578917446,1.5987523376590025,1.6152723316018567
37.90000000000862,506.95000000000863,139.00197051152122,3.992137028021954,47.61162942730859,-1.4825168096444086,42.049292386464614,-0.7899047106236501,45.71383477022455,-1.4457988647887228,1.3534835951179711,1.5039022235266961,1.5218398817248144
38.00000000000864,507.05000000000865,139.10197051152124,7.875413806098007,46.13198168123358,-0.650692709508585,43.0538156887401,0.9370124072072583,45.90944275507295,1.3186615982322367,1.4418369064889316,1.5489045761443716,1.5649923056977577
38.10000000000866,507.1500000000087,139.20197051152127,4.342128448420247,43.3112325897977,-0.1539424653385052,44.58281297035273,0.5605565095965525,45.109178043712966,0.6406188512168576,0.19038949848850883,1.4711344300061207,1.4885722529491463
38.200000000008686,507.2500000000087,139.3019705115213,0.8088430907424868,40.49048349836182,0.21231059898943183,46.31607081716767,0.6246183947182528,45.12821699356182,0.6406188512168576,0.19038949848850883,1.7097520751702804,1.7280291725252166
38.30000000000871,507.3500000000087,139.4019705115213,-0.18650488999912584,41.2086246860072,-0.8591755320982946,45.811085783053294,0.2998688799217797,44.68900878380553,0.10600871787075739,-0.4750385275699205,1.4404149420251324,1.4572904835768061
38.40000000000873,507.45000000000874,139.50197051152134,1.3560845053125052,45.46565615150273,-2.490600634877005,44.43439924623355,0.3104697517088578,44.64150493104852,0.10600871787075739,-0.4750385275699205,1.6750787849481366,1.69273624454382
38.500000000008754,507.55000000000877,139.60197051152136,2.898673900353538,49.72268761651567,-2.5065743313542166,45.6680833362566,-0.3171173544847925,45.30693186405641,-0.6463716109001445,0.6277173293028808,1.4073995645083872,1.4237445966959112
38.60000000000878,507.6500000000088,139.70197051152138,1.350084318045994,48.46691265970378,-1.8933976213161823,47.91839704115219,-0.38175451557482165,45.36970359698671,-0.6463716109001445,0.6277173293028808,1.637409285696104,1.654484805127265
38.7000000000088,507.7500000000088,139.8019705115214,-0.1985052642615499,47.2111377028919,-0.5421928672240166,48.76434258227184,-0.9676875790890341,46.666193664133786,-1.3565992104780977,2.297090759713841,1.530112163185873,1.5485188184990626
38.80000000000882,507.85000000000883,139.90197051152143,-0.32498743990073864,45.64796909141508,1.0964427821112712,49.06334576555413,-1.0902226382385733,46.85436146858533,-1.3380778281183534,2.2388930809806085,1.5987523376595716,1.6152723316024278
38.900000000008845,507.95000000000886,140.00197051152145,0.9706377906272359,43.77740682538165,1.7190030134202199,47.54285966213759,-0.19928535965105196,47.92047254590448,0.04671893293693041,3.3694375765995295,1.5039022235272421,1.5218398817253633
39.00000000000887,508.0500000000089,140.10197051152147,2.2662630213069255,41.906844559661295,1.9458445868945242,45.313758975882756,0.328153399185344,46.904216042826846,0.8189180483198841,1.3853607869347297,1.5489045761449494,1.5649923056983368
39.10000000000889,508.1500000000089,140.2019705115215,5.272781382732097,43.566774535187314,1.864859425301034,46.500609325156326,1.0158333562217285,46.228488310604675,1.6269692765184511,0.30641530570862674,1.4711344300066693,1.4885722529496974
39.20000000000891,508.2500000000089,140.30197051152152,8.279299744157267,45.226704510713326,1.6639886919426856,49.01782899054823,1.1785302838736107,46.25912984117554,1.6269692765184511,0.30641530570862674,1.709752075170913,1.7280291725258516
39.300000000008936,508.35000000000895,140.40197051152154,8.412036884268133,45.86067613959623,0.5726307469772967,49.18022741913825,2.9228710465871415,47.44786891365078,3.820549762703477,1.8398911998879894,1.440414942025649,1.4572904835773248
39.40000000000896,508.45000000000897,140.50197051152156,5.67099280409056,45.46868942220226,-0.8655345293563124,48.425521976566934,3.304926022857576,47.631858033639624,3.820549762703477,1.8398911998879894,1.6750787849487394,1.6927362445444252
39.50000000000898,508.550000000009,140.60197051152159,2.929948724024583,45.07670270514946,0.10567211627315509,48.48473741742086,1.989442806511382,47.50809570236363,1.5623472900201327,1.3463148846674051,1.4073995645088906,1.4237445966964168
39.600000000009004,508.650000000009,140.7019705115216,1.4314180128270226,48.4833593655156,2.0152278315307126,48.86094082379017,2.145677535513431,47.642727190830406,1.5623472900201327,1.3463148846674051,1.6374092856966977,1.6544848051278607
39.70000000000903,508.75000000000904,140.80197051152163,-0.06711269837053768,51.89001602588173,2.104350950873119,47.43282803343007,2.4442991294454024,48.27911212145888,1.75633899572951,2.0252493235346676,1.5301121631864183,1.5485188184996104
39.80000000000905,508.85000000000906,140.90197051152165,-1.174220344020903,53.949184024170904,1.4844921081027458,45.30200994087997,1.9191950523826553,49.57645811971739,0.767480133836256,3.559050344367498,1.5987523376601407,1.6152723316029984
39.90000000000907,508.9500000000091,141.00197051152168,-1.8899049242655819,54.660863360870266,-0.8569401558702079,46.4241228344524,1.7553791323610806,48.054783246850704,0.44239229652454093,1.0387074764202042,1.5039022235277886,1.521839881725912
40.000000000009095,509.0500000000091,141.1019705115217,-2.605589504360638,55.37254269709236,-3.868852889607604,48.81311558852082,0.8638149114119301,49.69581261065304,-0.9399191014569398,3.2925059871400553,1.5489045761455267,1.5649923056989155
40.10000000000912,509.15000000000913,141.20197051152172,-1.6761524759337152,50.83670048416433,-3.8886792771666268,49.64207999401579,-1.2578045529186777,49.914754970378304,-3.6445394039933676,3.1463413481084723,1.4711344300072182,1.4885722529502488
40.20000000000914,509.25000000000915,141.30197051152174,-0.7467154475067923,46.3008582712363,-2.7432138251511033,49.86347894391501,-1.6222584933180972,50.22938910518922,-3.6445394039933676,3.1463413481084723,1.7097520751715458,1.728029172526487
40.30000000000916,509.3500000000092,141.40197051152177,0.12170073331422815,42.9681321903374,-1.6579259415870615,50.875150126093544,-1.972262319859435,49.32247396037806,-3.6105768583737015,1.466002209101538,1.4404149420261656,1.4572904835778442
40.400000000009186,509.4500000000092,141.5019705115218,0.9290960665516843,40.8385222410272,-0.5960746909702663,52.19459911839187,-2.333320005696887,49.46907418128825,-3.6105768583737015,1.466002209101538,1.675078784949343,1.692736244545031
40.50000000000921,509.5500000000092,141.6019705115218,1.7364913993861604,38.708912292356594,-1.279965017352931,51.27429813174118,-1.2031498008415837,48.70143588209487,-1.4997418559698934,-0.09280097862548864,1.4073995645093942,1.4237445966969229
40.60000000000923,509.65000000000924,141.70197051152184,-1.832218891078867,43.52494877525613,-2.6437482941088923,49.48170869108947,-1.353123986438607,48.69215578423232,-1.4997418559698934,-0.09280097862548864,1.6374092856972922,1.6544848051284569
40.700000000009254,509.75000000000927,141.80197051152186,-5.400929181543894,48.34098525815566,-0.7540343393080731,48.911186303735896,-2.146348164158575,48.79591352474618,-2.376122997101463,0.06015319153066481,1.5301121631869636,1.5485188185001586
40.80000000000928,509.8500000000093,141.90197051152188,-7.834260533296709,49.142614926457036,2.4027800047669956,48.81660765591713,-3.413594028307111,49.211482571139655,-3.8291087187909385,0.6339217684147661,1.5987523376607098,1.6152723316035693
40.9000000000093,509.9500000000093,142.0019705115219,-9.132212946758104,45.92983778164807,3.7087218355475766,50.10563647752063,-1.1965083201247517,49.10901908143122,-0.3155842545641123,0.4112877571156319,1.5039022235283348,1.5218398817264605
41.00000000000932,510.05000000000933,142.10197051152193,-10.430165359479359,42.71706063722746,4.293826636149722,51.93352223931166,-3.1828792986556174,47.77936493328145,-3.2031133305622097,-1.598568922499841,1.5489045761461042,1.5649923056994939
41.100000000009345,510.15000000000936,142.20197051152195,-3.788689637472758,43.67024199506024,3.093140360178203,51.34060099604386,-0.6792246334833765,49.32141184773387,0.563730218548117,0.6565496239787556,1.4711344300077673,1.4885722529508
41.20000000000937,510.2500000000094,142.30197051152197,2.852786084533843,44.62342335289301,1.196963537501444,49.804877199049244,-0.622851611628552,49.38706681013176,0.563730218548117,0.6565496239787556,1.7097520751721786,1.7280291725271222
41.30000000000939,510.3500000000094,142.401970511522,5.249822616318121,46.19323515312864,-0.5387088317600977,50.63492169247485,1.0282238884114883,48.70365890873384,2.7578357603417043,-0.3778910926972392,1.440414942026682,1.4572904835783633
41.40000000000941,510.4500000000094,142.50197051152202,3.402419959472445,48.37967739553577,-2.211871464290063,52.38633347419315,1.3040074644457214,48.66586979946411,2.7578357603417043,-0.3778910926972392,1.6750787849499458,1.6927362445456364
41.500000000009436,510.55000000000945,142.60197051152204,1.5550173026481726,50.56611963765111,-2.845362511579714,50.57115678554709,0.21745045542270253,50.36493899693001,0.9652066883966489,1.9559629850597717,1.4073995645098978,1.4237445966974285
41.60000000000946,510.65000000000947,142.70197051152206,-0.06555566400130397,49.66020843630915,-3.073945185938649,47.36694383299768,0.3139711242623894,50.560535295436026,0.9652066883966489,1.9559629850597717,1.6374092856978861,1.6544848051290526
41.70000000000948,510.7500000000095,142.8019705115221,-1.6861286306507803,48.75429723496718,-2.148866819517396,46.7933590202373,-0.9617342447697149,49.138198190348106,-0.9043510818120567,-0.23330093460642165,1.5301121631875092,1.5485188185007064
41.800000000009504,510.8500000000095,142.9019705115221,-2.0354207684528713,47.46423676693028,-0.7744859795399668,47.24429327194526,-1.36386872231948,48.94156245962064,-1.3442111920436295,-0.47609527939376417,1.5987523376612789,1.6152723316041404
41.90000000000953,510.95000000000954,143.00197051152213,-1.1134320778903006,45.7900270323443,0.3944027026055374,46.55194678274134,-1.1117229791810188,48.30571837848618,-0.8218212249504567,-1.2657036231227132,1.5039022235288815,1.5218398817270093
42.00000000000955,511.05000000000956,143.10197051152215,-0.1914433872481029,44.11581729804784,1.4832608285074926,45.41434051037552,-0.9809509892406993,47.31332043260124,-0.5072584856518467,-2.535189346899104,1.5489045761466818,1.564992305700073
42.10000000000957,511.1500000000096,143.20197051152218,1.5643624222125792,45.473322532148345,-0.5741753565416641,45.997907761631396,-0.014809741061483563,46.284301560101916,0.8491244403735194,-3.562770509629439,1.4711344300083162,1.4885722529513514
42.200000000009595,511.2500000000096,143.3019705115222,3.3201682316732612,46.83082776624885,-3.856960900258671,47.251799739339326,0.07010270297588769,45.92802450913889,0.8491244403735194,-3.562770509629439,1.7097520751728112,1.7280291725277572
42.30000000000962,511.35000000000963,143.40197051152222,3.018491362014736,48.21186719691819,-2.5015514648239785,50.88062604394057,-0.8553832159765855,46.48650888988718,-0.460356179061155,-2.3330643486393123,1.4404149420271988,1.4572904835788818
42.40000000000964,511.45000000000965,143.50197051152225,0.6593318140276159,49.61644082414731,0.6602399175538451,55.43438942267497,-0.9014188338827115,46.2532024550232,-0.460356179061155,-2.3330643486393123,1.6750787849505488,1.6927362445462413
42.50000000000966,511.5500000000097,143.60197051152227,-1.6998277340318335,51.02101445113563,2.429270834218446,56.59338619329913,-0.2567590410761697,50.379002726501135,0.4226782846911381,3.5289421122272606,1.4073995645104012,1.423744596697934
42.600000000009686,511.6500000000097,143.7019705115223,-4.807471820352488,49.933685445629266,3.65588010345728,56.430264091706334,-0.2144912126070463,50.73189693772394,0.4226782846911381,3.5289421122272606,1.6374092856984799,1.6544848051296486
42.70000000000971,511.7500000000097,143.8019705115223,-7.915115906673142,48.8463564401229,2.3215154014710557,54.4938452123874,1.4852893943215175,53.25179415682725,2.6809184059717843,6.461165087796658,1.5301121631880543,1.5485188185012546
42.80000000000973,511.85000000000974,143.90197051152234,-9.717026217807982,49.58214706823882,-0.010240994693626604,51.86680179049593,-0.5670571062463504,52.79065844544289,-0.5936094398750069,4.9099485114130434,1.598752337661848,1.615272331604711
42.900000000009754,511.95000000000977,144.00197051152236,-10.213202754264689,52.14105732926818,0.5481272399281165,51.75756457058606,-0.6570154975563184,52.60266546274549,-0.6349575249204644,3.9985187832929223,1.5039022235294275,1.5218398817275578
43.00000000000972,512.0500000000097,144.10197051152232,-10.709379290084804,54.699967589508724,2.232077512582659,52.62890701357741,-2.8424581509466633,53.36421550182942,-3.769367197310166,4.528844520317374,1.5489045761471567,1.5649923057005488
43.10000000000986,512.1500000000099,144.20197051152246,-4.697387426344306,49.20572958710583,2.60202211807992,53.43431367364915,-1.154635916250783,53.59384889996121,-1.0152179076845758,4.2330242805429315,1.47113443000905,1.488572252952088
43.200000000009766,512.2500000000098,144.30197051152237,1.314604437382524,43.711491584715425,2.460216759208236,54.214041118321624,-1.2561577070191483,54.01715132801512,-1.0152179076845758,4.2330242805429315,1.7097520751733677,1.728029172528315
43.3000000000099,512.3500000000099,144.4019705115225,3.2572929307209373,42.92087292795203,3.126637953986044,52.62162855258859,0.8943961817339576,52.27605231407303,2.045469123131052,1.2365625301739933,1.4404149420278798,1.4572904835795664
43.40000000000981,512.4500000000098,144.50197051152242,1.1306780552720443,46.83387361495836,4.107829412215588,50.10536718153098,1.0989430940468767,52.399708567090315,2.045469123131052,1.2365625301739933,1.6750787849510387,1.6927362445467333
43.50000000000995,512.55000000001,144.60197051152255,-0.9959368198529419,50.74687430157213,2.0822257982144503,49.76475927409427,1.978851486482368,51.20744125184941,2.8561286263888954,-0.5419677777753412,1.4073995645110393,1.4237445966985751
43.60000000000986,512.6500000000099,144.70197051152246,0.16341962153890732,50.64713355077053,-1.114398085729924,50.27147692263543,2.2644643491209977,51.153244474071926,2.8561286263888954,-0.5419677777753412,1.6374092856989033,1.6544848051300742
43.70000000000999,512.75000000001,144.8019705115226,1.3227760629333924,50.54739279996872,-3.1662931886960832,51.928402429573325,0.8323830659701252,50.816337972548034,0.5158957868478318,-0.9245089853189359,1.5301121631886574,1.548518818501861
43.8000000000099,512.8500000000099,144.9019705115225,-0.038469065375263956,49.7371198119118,-4.772364557774901,54.03328554069178,1.1025079391108674,50.666638059404065,0.8242857553728445,-1.004712590993165,1.598752337662183,1.6152723316050484
43.90000000001004,512.95000000001,145.00197051152264,-3.920315762384564,48.21631458688045,-3.59271263112485,53.942091264462356,-1.2392494520812563,52.07111079916725,-2.451655745953801,1.0154277286996087,1.5039022235299904,1.5218398817281233
44.00000000000995,513.05000000001,145.10197051152255,-7.802162458771715,46.69550936260754,-1.3281385972544006,52.995617172624215,-2.826501490347374,51.005566060571496,-4.434103464664847,-0.6957685444531938,1.5489045761476057,1.5649923057009991
44.100000000010084,513.1500000000101,145.2019705115227,-5.553507986598511,52.7212335337668,-0.1175763202698622,53.70649973567996,-2.445279374007964,51.56608233624647,-3.3341392742832827,0.13914039584408067,1.4711344300094824,1.488572252952522
44.20000000000999,513.25000000001,145.3019705115226,-3.3048535144304205,58.74695770491236,0.6824926898204497,55.062853037769614,-2.778693301435989,51.57999637583086,-3.3341392742832827,0.13914039584408067,1.7097520751738302,1.7280291725287786
44.30000000001013,513.3500000000101,145.40197051152273,-1.281835755776617,59.81261586097976,0.7747003271558812,55.8817771142173,-1.6600523803424547,54.66746136217122,-1.3883174808439818,4.311558109245121,1.4404149420283046,1.4572904835799922
44.40000000001004,513.45000000001,145.50197051152264,0.5155452894450203,55.91820800397163,0.5912257194791006,56.49139510169843,-1.7988841284267267,55.098617173095334,-1.3883174808439818,4.311558109245121,1.6750787849515196,1.692736244547215
44.500000000010175,513.5500000000102,145.60197051152278,2.31292633415259,52.0238001475813,-0.7867464773184896,56.07907243630472,-0.39735772858027185,55.388223111251904,0.781053190397397,4.0094938806754445,1.4073995645114845,1.4237445966990212
44.600000000010084,513.6500000000101,145.7019705115227,-0.9538465289855074,54.254049581931866,-2.6299252663963637,55.26874685071306,-0.3192524095406032,55.789172499319086,0.781053190397397,4.0094938806754445,1.6374092856994262,1.6544848051305971
44.70000000001022,513.7500000000102,145.80197051152282,-4.220619392131032,56.48429901628751,-3.8607998216954957,52.31007196900593,-1.36494668865698,55.854583059947984,-0.7500416969625296,3.5554683645898977,1.53011216318916,1.5485188185023648
44.80000000001013,513.8500000000101,145.90197051152273,-3.862587191769446,56.68567757362025,-4.853207620229414,48.51470535667371,-2.3715263535046214,56.53924330371136,-2.0646510297180987,4.016543234094378,1.5987523376627177,1.6152723316055835
44.900000000010266,513.9500000000103,146.00197051152287,0.12025007061734261,54.85818525476135,-3.8113325808638616,48.89597008595682,-3.609802973254104,53.46596489945371,-3.4589970971187256,-0.6479836298188753,1.503902223530517,1.5218398817286516
45.000000000010175,514.0500000000102,146.10197051152278,4.103087332479729,53.03069293614283,-1.9771899007984604,50.90385713021886,-2.243764510504838,53.32222482967038,-0.9302271434410687,-0.7637288101484804,1.5489045761481688,1.5649923057015631
45.10000000001031,514.1500000000103,146.20197051152292,3.0492046116727103,53.51179162586104,1.1390534961550436,52.99800097349547,-2.042079838022792,52.58328390009641,-0.5371216245939039,-1.6416688492525835,1.471134430010024,1.4885722529530654
45.20000000001022,514.2500000000102,146.30197051152282,1.9953218908680892,53.992890315578165,4.754621220663067,55.1257382136012,-2.0957920004821333,52.4191170151713,-0.5371216245939039,-1.6416688492525835,1.7097520751744562,1.7280291725294064
45.30000000001036,514.3500000000104,146.40197051152296,0.28974311146440623,54.02387203625196,5.673591164885536,55.06114800458707,1.2170294173598546,53.73750136688473,3.991708680741285,0.3421911445581227,1.440414942028819,1.4572904835805087
45.400000000010266,514.4500000000103,146.50197051152287,-2.0675317262608974,53.604736788068536,5.542349643176828,54.142738423263495,1.61620028543362,53.77172048134051,3.991708680741285,0.3421911445581227,1.675078784952121,1.6927362445478182
45.5000000000104,514.5500000000104,146.601970511523,-4.424806563844609,53.18560154010498,2.9692200212439994,53.28893153815766,2.148656748320801,53.73090485496337,3.9496780661430035,0.22343664941371175,1.4073995645119874,1.4237445966995261
45.60000000001031,514.6500000000103,146.70197051152292,-5.377063394618198,54.877724222527604,-0.5549223546444706,52.46028468722557,2.543624554934742,53.75324851990472,3.9496780661430035,0.22343664941371175,1.6374092857000198,1.6544848051311924
45.70000000001045,514.7500000000105,146.80197051152305,-6.329320225393953,56.56984690495407,-2.671662701799928,54.85187314541435,1.2831632267679156,53.178021222315785,1.694276757218793,-0.5851507404008266,1.530112163189705,1.5485188185029124
45.80000000001036,514.8500000000104,146.90197051152296,-4.524887672149735,56.73622396214256,-4.240279128301818,58.49760787239828,-0.2578375735801781,54.015686246012415,-0.7194248153908078,0.6703621388838686,1.5987523376632864,1.6152723316061544
45.90000000001049,514.9500000000105,147.0019705115231,0.03623426396935603,55.37685539473215,-2.0732637659919506,58.040481008291614,-2.010765640819114,56.15425498798791,-2.991037026211609,3.451054567774539,1.5039022235310633,1.5218398817292
46.0000000000104,515.0500000000104,147.101970511523,4.597356199672414,54.01748682770554,1.548623125817847,55.98546204564977,-0.8425593564431718,55.970514828751426,-0.8236168076915029,2.6756554324869777,1.548904576148746,1.5649923057021413
46.10000000001054,515.1500000000106,147.20197051152314,5.279953184259137,56.29812542882317,1.1590566113503156,55.37783690720167,0.3278703871130312,56.00831096764584,0.8474618448328359,2.3711980106678605,1.4711344300105729,1.4885722529536163
46.20000000001045,515.2500000000105,147.30197051152305,5.962550168844308,58.57876402993561,-0.792802356617083,55.33391081240972,0.4126165715962377,56.24543076871241,0.8474618448328359,2.3711980106678605,1.7097520751750885,1.728029172530041
46.300000000010584,515.3500000000106,147.4019705115232,4.777757735708272,59.379679660405706,-1.1660212525316278,55.36035899913677,0.8692247476175818,56.71343560057915,1.4002515894215892,2.7093621783137922,1.4404149420293355,1.4572904835810274
46.40000000001049,515.4500000000105,147.5019705115231,1.7255758856461645,58.7008723208556,-0.9244262090633875,55.414215009862275,1.0092499065596134,56.98437181841029,1.4002515894215892,2.7093621783137922,1.675078784952724,1.692736244548423
46.50000000001063,515.5500000000106,147.60197051152323,-1.326605964039149,58.02206498128604,0.5235951269449103,56.0026462573115,0.07811335446891597,56.851593662441914,-0.09212563867443013,2.207551312550399,1.407399564512491,1.4237445967000317
46.60000000001054,515.6500000000106,147.70197051152314,-0.787974787856763,57.17556512632105,2.4414687837018185,56.79927208502036,0.06890079060148134,57.072348793696754,-0.09212563867443013,2.207551312550399,1.6374092857006135,1.6544848051317882
46.700000000010675,515.7500000000107,147.80197051152328,-0.24934361167315244,56.32906527135413,0.7587679757209256,55.989088186416865,1.2085423641368738,57.249534242727016,1.473104228807801,2.148596145993716,1.5301121631902506,1.5485188185034604
46.800000000010584,515.8500000000106,147.9019705115232,-1.6682787008036248,55.56478968497954,-2.3262052120575616,54.55311945240339,1.0917073600586427,57.15962551148839,1.1003507103952184,1.721627744928,1.5987523376638557,1.615272331606725
46.90000000001072,515.9500000000107,148.00197051152333,-5.0447800544178465,54.88273836715865,-2.2232722434616115,54.7576707070858,-0.4454494884877236,56.17714962234005,-1.1255941816536388,0.17171484394341396,1.5039022235316095,1.521839881729749
47.00000000001063,516.0500000000106,148.10197051152323,-8.421281407178636,54.2006870497194,-0.8787838519019013,55.60113552714138,-2.228413065224193,55.76951114710681,-3.593012640241661,-0.4511460919940694,1.5489045761493234,1.5649923057027204
47.100000000010766,516.1500000000108,148.20197051152337,-3.883582127401377,57.07526034268196,-0.3826672599925349,56.0361079107904,-1.920236519206178,55.75354432855595,-2.7026745538388792,-0.4125236251886197,1.4711344300111213,1.4885722529541674
47.200000000010675,516.2500000000107,148.30197051152328,0.6541171523655649,59.94983363563798,-0.21695581706836325,56.311989664168124,-2.19050397458982,55.71229196603712,-2.7026745538388792,-0.4125236251886197,1.7097520751757211,1.728029172530676
47.30000000001081,516.3500000000108,148.40197051152342,1.2428895112248788,59.71155834878768,0.4804131909974437,57.65732150320998,-0.8361187085265596,56.88264954962179,-0.4832303933324342,1.2483525213455795,1.440414942029852,1.4572904835815463
47.40000000001072,516.4500000000107,148.50197051152333,-2.1172650491201335,56.360434483476936,1.3848404689034044,59.419159189129275,-0.884441747859759,57.007484801756235,-0.4832303933324342,1.2483525213455795,1.6750787849533268,1.6927362445490282
47.50000000001086,516.5500000000109,148.60197051152346,-5.477419608919559,53.00931061861189,2.7779898269805043,57.15604238182037,-0.8819436445946055,57.35371648172393,-0.569754004231853,1.3998403783340905,1.4073995645129944,1.4237445967005373
47.600000000010766,516.6500000000108,148.70197051152337,-3.7685781032901122,53.81186284917788,4.361475888579184,53.325375015282845,-0.9389190450177389,57.49370051955721,-0.569754004231853,1.3998403783340905,1.6374092857012075,1.654484805132384
47.7000000000109,516.7500000000109,148.8019705115235,-2.059736597656781,54.6144150797457,3.147569919026056,55.642333081036085,1.2760842379276072,55.57298910790484,2.525651041294271,-1.3885353279517676,1.530112163190796,1.5485188185040084
47.80000000001081,516.8500000000108,148.90197051152342,-1.5115730595308188,53.83103932410721,0.8441973604261226,60.353532796108894,0.9829406799683478,55.33167351749528,1.75556455460561,-1.5320806190130645,1.5987523376644248,1.6152723316072957
47.90000000001095,516.950000000011,149.00197051152355,-2.1240874884030303,51.46173558295122,0.40599076126554634,61.73991834335297,0.840177729189234,57.5900213829063,1.3254012883010562,1.705037417030442,1.5039022235321557,1.5218398817302974
48.00000000001086,517.0500000000109,149.10197051152346,-2.7366019172099003,49.092431842532775,0.6941878885816242,61.83142855302509,0.18474272715851386,55.91349991761057,0.161452807439608,-1.0030908249242607,1.548904576149901,1.564992305703299
48.10000000001099,517.150000000011,149.2019705115236,-2.7631781223958045,53.43163695225762,1.058060128651614,61.03151354510725,0.414845561456614,57.97039270596149,0.4468474017416598,1.8553233394191677,1.4711344300116704,1.4885722529547185
48.2000000000109,517.2500000000109,149.3019705115235,-2.7897543275816483,57.770842061972594,1.4514046436284986,59.884425891963,0.4595303016307393,58.15592503990324,0.4468474017416598,1.8553233394191677,1.709752075176354,1.728029172531311
48.30000000001104,517.350000000011,149.40197051152364,-1.9362848777798938,61.28319519359424,2.215917138368029,59.90441311605396,0.32755009616410374,59.09928606441268,0.1793484727098038,2.8762993201291196,1.4404149420303685,1.4572904835820655
48.40000000001095,517.450000000011,149.50197051152355,-0.20276977338261437,63.968696347471315,3.1249839566934794,60.37892693902755,0.3454849434350678,59.38691599642533,0.1793484727098038,2.8762993201291196,1.67507878495393,1.692736244549634
48.500000000011084,517.5500000000111,149.6019705115237,1.5307453311923869,66.65419750028354,1.736452495601899,60.65220150852528,1.5808562560908408,61.2505472455426,1.8199519705504053,5.168448088708907,1.407399564513498,1.423744596701043
48.60000000001099,517.650000000011,149.7019705115236,4.824046053016976,59.72724830458484,-0.5468969004006494,60.84710184923186,1.7628514531457158,61.76739205441302,1.8199519705504053,5.168448088708907,1.6374092857018014,1.65448480513298
48.70000000001113,517.7500000000111,149.80197051152373,8.117346774849052,52.80029910887039,-0.5691903555372472,59.206060090871475,0.761262695168271,61.88993960700675,0.20740526268303694,4.634915154119137,1.5301121631913412,1.5485188185045564
48.80000000001104,517.850000000011,149.90197051152364,8.74945753611855,51.90201752918872,0.2891024196751697,56.84999607104267,2.6638315383662285,59.668371433031666,2.862980769931073,0.8732527045912852,1.5987523376649937,1.6152723316078665
48.900000000011175,517.9500000000112,150.00197051152378,6.72037833801431,57.03240356284904,0.5711365410879987,56.90872618185128,2.104509749477379,58.43262119403749,1.7202461567428136,-0.9027590172148641,1.5039022235327018,1.5218398817308458
49.000000000011084,518.0500000000111,150.1019705115237,4.691299140065115,62.16278959567563,0.6287421437343741,57.90791708450963,2.7895056657930692,59.15641785714496,2.4779758651093235,0.2908429409281805,1.5489045761504783,1.5649923057038777
49.10000000001122,518.1500000000112,150.20197051152383,4.0124354767841295,59.914682867381444,0.901115426524102,56.740378642076024,2.228497039377684,58.83272277930132,1.3991220589559228,-0.17660962679880138,1.4711344300122193,1.4885722529552696
49.20000000001113,518.2500000000111,150.30197051152373,3.333571813504687,57.66657613909237,1.257131691531708,54.72899021270498,2.368409245273149,58.81506181662146,1.3991220589559228,-0.17660962679880138,1.7097520751769868,1.7280291725319459
49.300000000011266,518.3500000000113,150.40197051152387,2.4217692401821784,57.9386765776539,0.3410228039229719,56.225803805667034,2.2350927681593453,56.8038298699939,1.039725696442678,-2.841551579236429,1.4404149420308852,1.4572904835825842
49.400000000011175,518.4500000000112,150.50197051152378,1.2770277569256185,60.730984181930204,-1.0705253483297945,59.08891459556514,2.3390653378035187,56.51967471207051,1.039725696442678,-2.841551579236429,1.675078784954533,1.692736244550239
49.50000000001131,518.5500000000113,150.60197051152392,0.1322862734903446,63.523291785806784,-0.28649992034008154,58.36102371599396,0.7559068066074781,58.6612131476576,-1.257221283463297,0.5709643845749366,1.4073995645140016,1.423744596701549
49.60000000001122,518.6500000000112,150.70197051152383,-2.561546876431717,62.74377251719885,1.352609111515291,56.23458865796617,0.6301846782612628,58.71830958611504,-1.257221283463297,0.5709643845749366,1.6374092857023956,1.654484805133576
49.70000000001136,518.7500000000114,150.80197051152396,-5.255380026359902,61.964253248589145,2.2725294950964523,57.37922002708889,0.9845180982479972,57.56747785104205,-0.6031806547724824,-1.0635117699916479,1.5301121631918866,1.5485188185051044
49.800000000011266,518.8500000000113,150.90197051152387,-6.069094113444309,61.342727926059275,2.912356136082981,59.79779424840024,-0.6571781603847171,58.313842730590736,-2.834770624834409,0.13110970628438512,1.598752337665563,1.6152723316084374
49.9000000000114,518.9500000000114,151.001970511524,-5.002689138543614,60.87919654953456,2.799433765177371,58.22927956016862,0.5212804856816222,59.14204062048259,-0.8591730734776553,1.225230119336505,1.5039022235332482,1.5218398817313947
50.00000000001131,519.0500000000113,151.10197051152392,-3.9362841635320365,60.41566517286689,2.3933473009862523,55.10796136566013,-0.4933109708993641,59.509844052471486,-2.230953505220771,1.5848629116953752,1.548904576151056,1.5649923057044566
50.10000000001145,519.1500000000115,151.20197051152405,-1.873219297381858,58.6853558357444,1.543430377719913,55.352070304611075,0.3193598468818535,57.74611348465629,-0.8493614067679622,-0.962182856678379,1.471134430012768,1.488572252955821
50.20000000001136,519.2500000000114,151.30197051152396,0.18984556876362957,56.95504649862586,0.5206601500327737,56.906871623771075,0.2344237062051345,57.64989519898854,-0.8493614067679622,-0.962182856678379,1.7097520751776194,1.728029172532581
50.300000000011494,519.3500000000115,151.4019705115241,1.4386494786708584,57.37935740227478,-0.16824042675031475,58.83790292169454,0.3324946345735136,57.19833562949108,-0.5951318807719537,-1.447772324011218,1.4404149420314014,1.457290483583103
50.4000000000114,519.4500000000114,151.501970511524,1.873192432708135,59.95828854569964,-0.7271128109514587,60.91545997899277,0.27298144649637235,57.05355839709009,-0.5951318807719537,-1.447772324011218,1.6750787849551358,1.6927362445508443
50.50000000001154,519.5500000000116,151.60197051152414,2.3077353868850707,62.537219688905594,0.27279701683575974,61.17482377076004,0.19965362333256972,59.3833135505424,-0.5426276077024377,1.9731087951893556,1.4073995645145052,1.4237445967020543
50.60000000001145,519.6500000000115,151.70197051152405,3.9381235347266124,63.17792839271222,1.8797869823350521,60.726077725538126,0.14539086256237532,59.58062443006115,-0.5426276077024377,1.9731087951893556,1.6374092857029896,1.654484805134172
50.700000000011585,519.7500000000116,151.8019705115242,5.56851168257186,63.81863709652029,1.9329303026972458,60.86538101680158,0.9588809189767158,60.1542203817166,0.6396222383206436,2.482269017794506,1.5301121631924322,1.5485188185056524
50.800000000011494,519.8500000000115,151.9019705115241,5.465505434480109,63.01672345172513,1.3809156811346899,61.23370480203116,2.151401309650534,61.213257526793384,2.232207172560516,3.618182106788094,1.5987523376661323,1.6152723316090083
50.90000000001163,519.9500000000116,152.00197051152423,3.6291047912549117,60.77218745899222,0.609575282022123,61.66463592424234,1.9974156633323545,61.58348676520882,1.7224665841916167,3.6294725310647573,1.5039022235337947,1.5218398817319434
51.00000000001154,520.0500000000116,152.10197051152414,1.7927041482209767,58.527651466663144,-0.24718328661481737,62.119949972087504,2.0895846568204877,61.21794883195232,1.6041807744029863,2.5613597085879762,1.5489045761516331,1.564992305705035
51.100000000011676,520.1500000000117,152.20197051152428,1.5696694019511404,59.721537352199256,0.24045018707026233,62.478114457051554,1.2922247627720782,61.82008911763521,0.32661589733403984,3.0198349434665506,1.471134430013317,1.488572252956372
51.200000000011585,520.2500000000116,152.3019705115242,1.3466346556818112,60.91542323773265,1.2516678407075177,62.798443271605336,1.3248863525054524,62.122072611981594,0.32661589733403984,3.0198349434665506,1.709752075178252,1.728029172533216
51.30000000001172,520.3500000000117,152.40197051152433,1.4629484694949157,63.97011137163879,0.156612127599997,62.02804201121957,1.4098769937479354,62.529778495072804,0.395451178065298,3.1527538153585177,1.4404149420319183,1.4572904835836222
51.40000000001163,520.4500000000116,152.50197051152423,1.9186108432309772,68.88560175303219,-1.7587485105310652,60.832847242797534,1.4494221115544292,62.84505387660837,0.395451178065298,3.1527538153585177,1.6750787849557391,1.6927362445514496
51.50000000001177,520.5500000000118,152.60197051152437,2.3742732165866407,73.80109213305458,-2.1679994146096306,61.0077592781198,0.38855478664685733,64.23209078275907,-1.0219699882956954,4.908464199887376,1.4073995645150088,1.4237445967025604
51.600000000011676,520.6500000000117,152.70197051152428,-0.3961535123844997,67.02623856956602,-1.9906838966937817,61.716270311874595,0.28635778781738075,64.72293720274736,-1.0219699882956954,4.908464199887376,1.6374092857035838,1.654484805134768
51.70000000001181,520.7500000000118,152.80197051152442,-3.166580241361939,60.25138500606206,-1.5052449647077522,61.79438548163275,-0.6830631001212757,64.06442161616894,-2.20349920844005,3.3532353097391843,1.5301121631929777,1.5485188185062007
51.80000000001172,520.8500000000117,152.90197051152433,-3.9987390665519564,57.5173691425289,-0.8998049169767708,61.62698796528127,-1.6899643789898262,62.85230117635831,-3.3134551501007437,1.1853274972419694,1.5987523376667014,1.6152723316095794
51.90000000001186,520.9500000000119,153.00197051152446,-2.892629988875016,58.82419097704304,0.0723047849319941,61.619475646406684,-1.6192987784322799,62.477799733628494,-2.7701944780416756,0.523510013060011,1.503902223534341,1.521839881732492
52.00000000001177,521.0500000000118,153.10197051152437,-1.7865209114089735,60.13101281143622,1.187216901722095,61.67423189010289,-1.8729938544382212,62.01893470674968,-2.7357411481610456,-0.2260404307672298,1.5489045761522107,1.5649923057056139
52.1000000000119,521.1500000000119,153.2019705115245,-2.4428735927482808,60.439921572128284,1.066353188829638,62.82070087367006,-0.8864953620029901,61.87964394323008,-1.0549502409755986,-0.38065691752834724,1.4711344300138658,1.4885722529569232
52.20000000001181,521.2500000000118,153.30197051152442,-3.099226274086096,60.748830332819644,0.46420674440180965,64.392346071946,-0.991990386100454,61.84157825147728,-1.0549502409755986,-0.38065691752834724,1.7097520751788848,1.7280291725338508
52.30000000001195,521.350000000012,153.40197051152455,-2.8389105659551057,60.718270536037814,0.019310071846886878,65.05323255448683,-1.0413593713908964,62.68477875146658,-1.0029851154099014,0.7790641486777334,1.4404149420324346,1.457290483584141
52.40000000001186,521.4500000000119,153.50197051152446,-1.6619264687941888,60.34824218194503,-0.36434442561108693,65.35941680709853,-1.1416578829317954,62.762685166334286,-1.0029851154099014,0.7790641486777334,1.6750787849563422,1.6927362445520546
52.500000000011994,521.550000000012,153.6019705115246,-0.48494237179709115,59.97821382808577,-0.024304266912496764,64.51249466100302,-0.8758766028859826,63.21498229705478,-0.4959590925838381,1.1725488156978408,1.4073995645155122,1.4237445967030657
52.6000000000119,521.6500000000119,153.7019705115245,-0.6895688900419426,61.5529662398547,0.5975845349979695,63.21648605117722,-0.9254725121443212,63.33223717862446,-0.4959590925838381,1.1725488156978408,1.6374092857041775,1.6544848051353638
52.70000000001204,521.750000000012,153.80197051152464,-0.8941954082872594,63.127718651627205,0.8001383436975211,63.48197326249789,-0.30009786465488875,63.24976160845318,0.4236390014606852,0.9022888218793694,1.5301121631935228,1.5485188185067487
52.80000000001195,521.850000000012,153.90197051152455,-1.5918855462756767,65.12733513774741,0.8393788021009376,64.35559744819987,-0.4079043018802567,63.47024803028515,0.21172345834203346,1.0847744841472906,1.5987523376672703,1.61527233161015
52.900000000012085,521.9500000000121,154.0019705115247,-2.7826393037726946,67.5518156980196,0.5901662413901712,65.60978641931943,0.09150549185912898,63.99409461263588,0.857993144158006,1.642339374038269,1.5039022235348871,1.5218398817330405
53.000000000011994,522.050000000012,154.1019705115246,-3.9733930606342747,69.97629625808734,0.22861335679353934,67.01218937476062,-0.7044327880629985,65.39803982908293,-0.4444554906432632,3.4600173970140338,1.548904576152788,1.5649923057061927
53.10000000001213,522.1500000000121,154.20197051152473,0.08638161682737211,70.75016119807657,-0.5950577794705374,66.65261491005643,-0.44050375853319845,66.43409732161005,-0.033119521013222075,4.374380194821583,1.4711344300144147,1.4885722529574745
53.20000000001204,522.250000000012,154.30197051152464,4.146156294279788,71.52402613806403,-1.5987045465142227,65.60682431675328,-0.44381571063451764,66.87153534109181,-0.033119521013222075,4.374380194821583,1.7097520751795177,1.7280291725344858
53.300000000012176,522.3500000000122,154.40197051152478,5.715048781027406,68.97194365139012,-1.8594623828932335,65.48088486559726,0.1752636294793569,67.5516248648422,0.8615655271595097,4.74213631620822,1.4404149420329513,1.45729048358466
53.400000000012085,522.4500000000121,154.5019705115247,4.793059078275104,63.09391373968479,-1.8308962131001079,65.71318876219101,0.2614201821952295,68.02583849646258,0.8615655271595097,4.74213631620822,1.6750787849569453,1.69273624455266
53.50000000001222,522.5500000000122,154.60197051152483,3.8710693754998915,57.2158838293794,-2.721431280201222,63.98923998377672,0.26069455406907116,65.7234474731784,0.8662001102465882,0.7376526560057819,1.4073995645160158,1.4237445967035716
53.60000000001213,522.6500000000121,154.70197051152473,2.779551908090548,62.84863339306831,-3.969917638479188,61.50341303266624,0.3473145650936512,65.79721273877891,0.8662001102465882,0.7376526560057819,1.6374092857047715,1.6544848051359595
53.70000000001227,522.7500000000123,154.80197051152487,1.6880344406787233,68.48138295677003,-3.8556046365327536,61.06928787523378,-1.4164999088774595,63.91564852220763,-1.654881748130718,-1.9081498701376196,1.5301121631940684,1.5485188185072964
53.800000000012176,522.8500000000122,154.90197051152478,0.8798416631438539,70.43217147894495,-3.21053857820068,61.43421430937957,-1.0291983523533197,65.2952517762431,-0.8748026846006534,0.29194398652786413,1.5987523376678396,1.6152723316107207
53.90000000001231,522.9500000000123,155.00197051152492,0.3549735753431166,68.70099896141024,-2.0817067274146184,61.72386210299248,-1.8712635652110294,63.901783009440464,-1.8945165883806327,-1.6177478186447962,1.5039022235354333,1.5218398817335892
54.00000000001222,523.0500000000122,155.10197051152483,-0.16989451255545815,66.96982644377775,-0.7644684388148133,61.98419203096006,-1.6590459725478723,64.42822828537456,-1.3011954329500948,-0.6086721611285084,1.5489045761533653,1.5649923057067714
54.10000000001236,523.1500000000124,155.20197051152496,-1.5013229743246095,64.41029974686505,0.18172558327036614,61.2916167179232,-1.314175821021067,63.51700497860721,-0.6676141968620426,-1.7354419489317296,1.4711344300149636,1.4885722529580256
54.20000000001227,523.2500000000123,155.30197051152487,-2.832751436090733,61.85077304995818,0.9834134628827806,60.22792487528881,-1.3809372407072105,63.3434607837142,-0.6676141968620426,-1.7354419489317296,1.7097520751801505,1.7280291725351211
54.3000000000124,523.3500000000124,155.401970511525,-4.574875130546264,59.9507653574213,0.4980468235673864,59.93572250114427,-0.889256928497103,61.54693070340524,0.05780447472044914,-3.9130425252667047,1.4404149420334678,1.4572904835851788
54.40000000001231,523.4500000000123,155.50197051152492,-6.72769405747971,58.710276668936146,-0.4885734408876081,59.94398284023591,-0.8834764810250634,61.15562645087892,0.05780447472044914,-3.9130425252667047,1.6750787849575481,1.6927362445532652
54.50000000001245,523.5500000000125,155.60197051152505,-8.880512983410513,57.46978798095883,-0.6242304991978149,62.55543266133188,-2.2422805292202352,59.819953838771205,-2.0070050983753482,-5.256877177584511,1.4073995645165196,1.423744596704077
54.60000000001236,523.6500000000124,155.70197051152496,-2.976607226511515,60.312721805362116,-0.42847316466902485,66.18071534310315,-2.4429810390575875,59.29426612101323,-2.0070050983753482,-5.256877177584511,1.6374092857053657,1.6544848051365553
54.700000000012494,523.7500000000125,155.8019705115251,2.9272985304009076,63.15565562977187,-0.386179517350864,66.61971253676289,-1.8052755552525608,61.909576198996945,-0.8647381563864476,-1.0067188393828568,1.5301121631946137,1.5485188185078445
54.8000000000124,523.8500000000124,155.901970511525,4.144097247179609,64.03699837875922,-0.4036535243242041,65.81778548972008,-0.2745634348063495,62.379710383800195,1.4173825471282757,-0.20704210845914484,1.5987523376684087,1.6152723316112916
54.90000000001254,523.9500000000126,156.00197051152514,0.6737889261747183,62.956750053309385,-1.2462535584133614,64.2450817995705,-0.19916277570732532,63.57476916239281,1.3277367503321045,1.4249201678813606,1.5039022235359798,1.5218398817341379
55.00000000001245,524.0500000000125,156.10197051152505,-2.796519394005519,61.87650172808867,-2.4102054903446675,62.37219301171105,-0.646353866674059,63.32502623251892,0.47104840840397966,0.8498210666291397,1.548904576153943,1.5649923057073503
55.100000000012585,524.1500000000126,156.2019705115252,0.26437257832358485,62.608707388651304,-3.321934917271136,61.50700741226714,-1.3675911644939147,62.86756843781183,-0.5538310095237453,0.13105759885378265,1.4711344300155127,1.488572252958577
55.200000000012494,524.2500000000125,156.3019705115251,3.3252645506457292,63.340913049212276,-4.135434282363367,61.034279839138165,-1.422974265446239,62.880674197697196,-0.5538310095237453,0.13105759885378265,1.7097520751807833,1.7280291725357562
55.30000000001263,524.3500000000126,156.40197051152523,2.7633240318450047,64.07423829865814,-4.035511514034183,61.74386898762676,-1.4306934877120154,62.34812035695242,-0.42942722184772597,-0.5846225893491643,1.4404149420339842,1.457290483585698
55.40000000001254,524.4500000000126,156.50197051152514,-1.421448976247337,64.808683136985,-3.5798492265760906,62.91392079255351,-1.473636209896749,62.28965809801756,-0.42942722184772597,-0.5846225893491643,1.6750787849581512,1.6927362445538707
55.500000000012676,524.5500000000127,156.60197051152528,-5.606221983458184,65.54312797478924,-4.066109084058315,62.738533948508014,-2.8912537622773056,63.13533296508145,-2.375452877082447,0.7072336204916198,1.407399564517023,1.423744596704583
55.600000000012585,524.6500000000126,156.7019705115252,-2.7933107833932342,62.160097563334716,-4.919208016964273,62.03915531524606,-3.128799049985334,63.206056327130554,-2.375452877082447,0.7072336204916198,1.6374092857059597,1.6544848051371517
55.70000000001272,524.7500000000127,156.80197051152533,0.019600416678111188,58.7770671518725,-2.967057136075951,64.15082216963276,-4.140582078612944,62.73724362632457,-3.430295260602491,-0.02282537522365924,1.5301121631951593,1.5485188185083927
55.80000000001263,524.8500000000126,156.90197051152523,0.6092904085883045,58.994078834422744,0.07762060974312757,67.35727306025588,-3.282790739066055,61.54823991083786,-1.7357355334460591,-1.6853748190384703,1.598752337668978,1.6152723316118627
55.90000000001277,524.9500000000128,157.00197051152537,-1.0242408065276483,62.81113260915287,-0.6262367103551993,66.69062391854922,-1.8286426608649808,63.93088243849712,0.46389804192994943,1.7391656316319994,1.5039022235365263,1.5218398817346865
56.000000000012676,525.0500000000127,157.10197051152528,-2.6577720219739196,66.62818638319652,-2.7899908437507355,64.51556514605353,-1.9682404151000232,64.64249050418735,0.1891686404391108,2.527534700951139,1.5489045761545204,1.5649923057079287
56.10000000001281,525.1500000000128,157.20197051152542,-6.914685465644331,65.12209386904904,-5.069063369043004,63.21739591310369,-2.4729997990177632,64.60357019627087,-0.5093548183018297,2.141050492076702,1.4711344300160616,1.488572252959128
56.20000000001272,525.2500000000127,157.30197051152533,-11.171598909305064,63.61600135490497,-7.393047559787757,62.26073828986239,-2.5239352808479,64.81767524547834,-0.5093548183018297,2.141050492076702,1.7097520751814161,1.7280291725363912
56.30000000001286,525.3500000000129,157.40197051152546,-10.538349237169966,63.87723170108814,-7.682886878544304,61.90715933619964,-6.327216542252932,63.68144088947068,-5.622229695791748,0.3309154047863088,1.440414942034501,1.457290483586217
56.40000000001277,525.4500000000128,157.50197051152537,-5.014936451754798,65.90578490668922,-7.180512288620482,61.78845416987109,-6.889439511831596,63.71453242994928,-5.622229695791748,0.3309154047863088,1.6750787849587545,1.692736244554476
56.5000000000129,525.5500000000129,157.6019705115255,0.5084763327564771,67.93433811169086,-6.852923492828144,62.29214574953946,-6.053087311193912,63.835476372787326,-3.5141547499479935,0.5855712500513639,1.4073995645175266,1.4237445967050883
56.60000000001281,525.6500000000128,157.70197051152542,-1.0393341728180823,65.3022370880599,-6.593406415554515,63.03823469513833,-6.404502786188392,63.89403349779241,-3.5141547499479935,0.5855712500513639,1.6374092857065536,1.6544848051377472
56.70000000001295,525.750000000013,157.80197051152555,-2.5871446783961614,62.67013606442295,-5.086349698420001,62.2256134409328,-6.762884764177382,63.693861491181245,-3.5236461015501,0.23547874837412885,1.5301121631957044,1.5485188185089405
56.80000000001286,525.8500000000129,157.90197051152546,-3.5687527793154348,60.64325760875357,-3.0934287402860288,60.80594009477551,-6.3664792137169925,63.22353994879413,-2.4670057687447464,-0.4564127760798098,1.598752337669547,1.6152723316124336
56.900000000012994,525.950000000013,158.0019705115256,-3.9841584758738935,59.2216017207288,-3.907612932172428,60.06785881596489,-5.123568487877913,62.11938610376856,-0.4540086000603285,-1.877292169566431,1.5039022235370723,1.521839881735235
57.0000000000129,526.0500000000129,158.1019705115255,-4.399564172382335,57.79994583362624,-5.815046564437846,59.5952289920798,-5.0055237080920385,61.051258601288524,-0.21257673668285793,-3.1681416133943703,1.548904576155098,1.5649923057085076
57.10000000001304,526.150000000013,158.20197051152564,-4.436333654466293,63.46907835439217,-6.195670399719133,59.89379474631119,-5.515632035653164,60.19269467443773,-0.8646468866925806,-3.885990612226146,1.4711344300166103,1.4885722529596794
57.20000000001295,526.250000000013,158.30197051152555,-4.473103136550168,69.1382108751452,-5.98166600879785,60.49270875582239,-5.602096724322344,59.80409561321547,-0.8646468866925806,-3.885990612226146,1.7097520751820487,1.7280291725370263
57.300000000013085,526.3500000000131,158.4019705115257,-3.1774408118197646,71.35662056852014,-6.996500996316022,64.15839133097224,-5.595935332680591,61.862424876858704,-0.7298743274716211,-0.5235234130220769,1.4404149420350174,1.4572904835867357
57.400000000012994,526.450000000013,158.5019705115256,-0.5493466809777829,70.12430743631147,-8.489917259200158,69.01845133017164,-5.668922765427687,61.81007253555654,-0.7298743274716211,-0.5235234130220769,1.6750787849593574,1.6927362445550813
57.50000000001313,526.5500000000131,158.60197051152574,2.0787474496048346,68.89199430375491,-9.204695335323922,67.68818541753487,-5.446417424062901,65.85275011501905,-0.07731490343443381,5.064753027711497,1.4073995645180302,1.4237445967055942
57.60000000001304,526.650000000013,158.70197051152564,2.6948127502566543,65.04303028361949,-9.616226572999302,63.94704781425766,-5.454148914406337,66.35922541778974,-0.07731490343443381,5.064753027711497,1.6374092857071478,1.6544848051383432
57.700000000013176,526.7500000000132,158.80197051152578,3.3108780509098747,61.19406626347532,-5.827007409832996,62.50179026593621,-7.148156538503534,65.45994368737074,-2.3747429958562365,3.1625899685098746,1.5301121631962502,1.5485188185094887
57.800000000013085,526.8500000000131,158.9019705115257,2.4024971344044133,60.09580840002199,-0.40177257237294306,61.95068147625086,-5.107563074239849,64.4429013745223,0.8399928560220737,1.294687556353516,1.5987523376701163,1.6152723316130042
57.90000000001322,526.9500000000132,159.00197051152583,-0.03032999845970563,61.74825669180348,-0.6405891339328853,62.25264701693554,-2.6548406031435885,63.559084363019174,4.040984320780823,-0.06548228060254724,1.503902223537619,1.5218398817357839
58.00000000001313,527.0500000000131,159.10197051152574,-2.463157131133252,63.400704983185214,-3.0853155888768864,62.88684914457565,-2.2958657290093245,63.52018346464645,3.9743305716176196,-0.11291811409506408,1.5489045761556754,1.5649923057090867
58.10000000001327,527.1500000000133,159.20197051152587,-3.492847485672349,62.05033292367485,-3.4589010816026327,60.9602632173358,-2.4778360455129085,63.345465620166344,3.201473581913744,-0.3294668266027727,1.4711344300171594,1.4885722529602305
58.200000000013176,527.2500000000132,159.30197051152578,-4.522537840209104,60.699960864167565,-3.0258642438996532,58.036358002695366,-2.1576886873218255,63.3125189375061,3.201473581913744,-0.3294668266027727,1.7097520751826816,1.7280291725376613
58.30000000001331,527.3500000000133,159.40197051152592,-5.5756855925536195,60.291132183550246,-3.2743790722340256,58.42508783967383,-2.646484217042672,60.61515323292606,2.0922645379909417,-3.8935234556823333,1.440414942035534,1.4572904835872547
58.40000000001322,527.4500000000132,159.50197051152583,-6.652290742688624,60.823846881323796,-3.7883296208752473,60.10394976033465,-2.437257763243768,60.22580088735818,2.0922645379909417,-3.8935234556823333,1.6750787849599607,1.6927362445556864
58.50000000001336,527.5500000000134,159.60197051152596,-7.7288958922348145,61.35656157919464,-5.956174282294321,61.37642469038201,-3.7122584813559123,60.255820162164916,-0.04547126160378556,-3.294850940727253,1.4073995645185338,1.4237445967060998
58.60000000001327,527.6500000000133,159.70197051152587,-4.398044422472756,62.6054327784481,-8.768141168055198,62.49062897279566,-3.7168056075162865,59.92633506809249,-0.04547126160378556,-3.294850940727253,1.6374092857077418,1.654484805138939
58.700000000013404,527.7500000000134,159.801970511526,-1.0671929527031248,63.8543039777044,-9.676845972124877,62.39220982020181,-6.024109727737772,60.755301832429616,-3.182809507860206,-1.7273223572642267,1.5301121631967953,1.5485188185100365
58.80000000001331,527.8500000000133,159.90197051152592,-1.6739164686577181,65.08497540549953,-9.844310211815486,61.82152482046754,-4.923232550546479,61.38269960152906,-1.1801392686823777,-0.6063718600435812,1.5987523376706851,1.6152723316135749
58.90000000001345,527.9500000000135,160.00197051152605,-6.218214968226386,66.29744706184887,-8.142748436172933,61.36669948051938,-6.9257651963606515,61.43380082373597,-3.726797473180101,-0.4563813860752089,1.503902223538165,1.5218398817363323
59.00000000001336,528.0500000000134,160.10197051152596,-10.762513466980037,67.50991871805563,-5.713279604663364,60.95699660711803,-8.034321064795083,62.69260615791577,-4.813788495775556,1.4562076762153449,1.5489045761562528,1.5649923057096649
59.100000000013495,528.1500000000135,160.2019705115261,-9.308453836589566,67.68014295720118,-5.363076333032778,61.751112349853805,-7.369769377345242,62.155030889385664,-3.2852498894957978,0.5509343899506346,1.471134430017708,1.4885722529607817
59.200000000013404,528.2500000000134,160.301970511526,-7.8543942062024,67.85036719634635,-5.8226595810384,63.01406483294569,-7.698294366294523,62.21012432838068,-3.2852498894957978,0.5509343899506346,1.7097520751833142,1.7280291725382961
59.30000000001354,528.3500000000136,160.40197051152614,-7.068956381323648,67.6102393186813,-7.203432315191529,64.4448422327218,-7.258567394057979,63.63423712124711,-2.2525710017685965,2.4205466596440766,1.4404149420360506,1.4572904835877738
59.40000000001345,528.4500000000135,160.50197051152605,-6.952140361595059,66.95975932442917,-8.942969625787281,65.94098038189061,-7.483824494234634,63.8762917872113,-2.2525710017685965,2.4205466596440766,1.6750787849605635,1.6927362445562917
59.500000000013586,528.5500000000136,160.6019705115262,-6.835324342162332,66.30927933021862,-10.00221663959885,63.683910054883135,-8.18552525583924,65.30312064960648,-2.849718590636816,4.041584977369825,1.4073995645190374,1.4237445967066056
59.600000000013495,528.6500000000135,160.7019705115261,-8.889154547950609,65.97433933929875,-10.796519183397127,59.96512281782546,-8.470497114902662,65.7072791473431,-2.849718590636816,4.041584977369825,1.6374092857083358,1.654484805139535
59.70000000001363,528.7500000000136,160.80197051152624,-10.942984753743556,65.63939934837813,-8.630515657712966,59.346266946423725,-9.729223162937119,63.41999503626567,-4.176387564995446,0.39973038545276385,1.5301121631973407,1.5485188185105845
59.80000000001354,528.8500000000136,160.90197051152614,-11.731113349424044,65.23333603636668,-5.311597374392331,59.93470401543634,-10.572067855991916,63.886715083216274,-4.776424486797334,0.9975860693718942,1.5987523376712545,1.615272331614146
59.90000000001368,528.9500000000137,161.00197051152628,-11.253540335686353,64.75614940330135,-6.260100758919796,61.22052138346211,-8.634507269253023,62.545643207021726,-1.5126221356497336,-0.9364923780694373,1.5039022235387114,1.5218398817368808
60.000000000013586,529.0500000000136,161.1019705115262,-10.775967321782337,64.27896277047766,-8.870585473233639,62.77793905886738,-9.208549533565687,62.84129035978344,-2.1371268675029986,-0.3657018193957501,1.5489045761568303,1.5649923057102437
60.10000000001372,529.1500000000137,161.20197051152633,-9.071272323518665,65.56508819071198,-7.81576207845157,64.066307927185,-9.544214348893751,62.943231520420206,-2.2997968816314853,-0.18216647720420523,1.471134430018257,1.4885722529613328
60.20000000001363,529.2500000000136,161.30197051152624,-7.366577325258866,66.85121361094336,-5.33345527111903,65.24989359641852,-9.774194037056692,62.925014872699805,-2.2997968816314853,-0.18216647720420523,1.709752075183947,1.7280291725389312
60.30000000001377,529.3500000000138,161.40197051152637,-5.7567553715437905,66.48944749034476,-7.627716215135054,63.80769135346898,-7.611280786959394,64.60999699506345,0.9271693363779421,2.11985793171132,1.440414942036567,1.4572904835882927
60.40000000001368,529.4500000000137,161.50197051152628,-4.241806462328553,64.47978982982454,-11.782249483060887,61.34285511142893,-7.518563853321685,64.8219827882344,0.9271693363779421,2.11985793171132,1.6750787849611664,1.692736244556897
60.50000000001381,529.5500000000138,161.60197051152642,-2.7268575534980446,62.47013216967084,-12.001645179196762,62.35493014299914,-8.4250430270871,63.18428253403936,-0.22843132461818372,-0.3823073595630291,1.407399564519541,1.423744596707111
60.60000000001372,529.6500000000137,161.70197051152633,-4.010616155522105,63.135888191199314,-10.688470231166033,64.72111594022377,-8.447886159548897,63.14605179808309,-0.22843132461818372,-0.3823073595630291,1.6374092857089297,1.6544848051401306
60.70000000001386,529.7500000000139,161.80197051152646,-5.294374757549084,63.80164421272931,-10.402555567717284,63.53458187532198,-9.206770585590755,63.98535933384084,-1.231233837921429,0.8051104118421246,1.5301121631978862,1.5485188185111325
60.80000000001377,529.8500000000138,161.90197051152637,-6.33265034098474,63.321249135731385,-10.516715597299122,60.96441278666844,-8.632591344240028,64.08874295765928,-0.24722283340862028,0.8371539956622254,1.5987523376718236,1.6152723316147166
60.900000000013904,529.9500000000139,162.0019705115265,-7.125442905969986,61.694702960839244,-10.205076186141321,60.50820588462402,-9.386382579269878,62.711549567969286,-1.2324555131354775,-1.1238762824006976,1.5039022235392576,1.5218398817374297
61.00000000001381,530.0500000000138,162.10197051152642,-7.918235471293334,60.06815678641889,-9.727605794168188,60.87529837960481,-9.171566729761949,62.059847217871145,-0.7330919691451623,-1.914625333376239,1.5489045761574074,1.5649923057108226
61.10000000001395,530.150000000014,162.20197051152655,-11.16171482843025,61.81648938301336,-10.615372181735685,61.79802194135895,-9.391602672513859,61.49703629182499,-0.928808453119535,-2.4066829010833066,1.4711344300188056,1.4885722529618841
61.20000000001386,530.2500000000139,162.30197051152646,-14.405194185559793,63.56482197960385,-12.034840897992563,62.93714044391781,-9.484483517825728,61.25636800171688,-0.928808453119535,-2.4066829010833066,1.7097520751845796,1.7280291725395662
61.300000000013995,530.350000000014,162.4019705115266,-15.226671305202439,64.36311117931572,-13.247383798976255,63.41882920690763,-11.703023942789818,62.29537320943386,-3.829103243885858,-0.6783976857681386,1.4404149420370838,1.4572904835888119
61.400000000013904,530.4500000000139,162.5019705115265,-13.626146188709175,64.21135698267673,-14.379337794430041,63.64447672582874,-12.085934267178056,62.22753344085711,-3.829103243885858,-0.6783976857681386,1.6750787849617697,1.6927362445575025
61.50000000001404,530.550000000014,162.60197051152664,-12.025621072547336,64.0596027861764,-13.841526259500618,61.70730058001961,-13.227989746469039,62.990139284151304,-4.812597610166419,0.47000796773911013,1.4073995645200446,1.423744596707617
61.60000000001395,530.650000000014,162.70197051152655,-12.80191940728635,64.89373870079231,-12.653411250350882,58.927795545692426,-13.709249507485243,63.03714008092517,-4.812597610166419,0.47000796773911013,1.637409285709524,1.654484805140727
61.700000000014086,530.7500000000141,162.8019705115267,-13.578217742027128,65.72787461541013,-13.149833422058299,61.35055524563486,-13.58949972104846,61.171591941325254,-3.9937659903063727,-2.1179071909874554,1.5301121631984316,1.5485188185116807
61.800000000013995,530.850000000014,162.9019705115266,-14.90138435014267,65.68635709161508,-14.302312004817901,65.79937834725708,-14.025954472553801,62.02653779600505,-4.046089484793419,-0.6234514330887659,1.5987523376723927,1.6152723316152877
61.90000000001413,530.9500000000141,163.00197051152674,-16.771419231330622,64.76918612990075,-13.452344939063973,65.99238436406002,-14.616146562150476,63.86663617472191,-4.296878624848005,1.9302667568713017,1.503902223539804,1.5218398817379786
62.00000000001404,531.050000000014,163.10197051152664,-18.64145411201689,63.85201516816653,-11.822509479536063,64.52792854832316,-15.809656113148286,64.01541661418966,-5.4251491237157055,1.8653924490107292,1.5489045761579852,1.5649923057114015
62.10000000001418,531.1500000000142,163.20197051152678,-16.98290897214863,62.77896006561615,-10.457874862691016,64.19419099959433,-14.673224843451923,64.21992616269557,-3.1856293847514627,1.8892041149725352,1.4711344300193547,1.4885722529624352
62.200000000014086,531.2500000000141,163.3019705115267,-15.324363832284137,61.7059049630682,-9.196524824567435,64.30082067849023,-14.99178778192678,64.40884657419265,-3.1856293847514627,1.8892041149725352,1.7097520751852124,1.7280291725402013
62.30000000001422,531.3500000000142,163.40197051152683,-13.142009861090045,63.08256604799893,-10.474305736343332,64.07396904269174,-13.01636688364864,63.98261072616988,-0.11690642005114038,1.0417257097552466,1.4404149420376002,1.4572904835893306
62.40000000001413,531.4500000000141,163.50197051152674,-10.435847058874026,66.90894331900958,-12.740971403588235,63.71724045495915,-13.028057525653743,64.08678329714532,-0.11690642005114038,1.0417257097552466,1.6750787849623727,1.6927362445581078
62.50000000001427,531.5500000000143,163.60197051152687,-7.729684257256304,70.73532058887939,-12.282255099723653,64.79840054570548,-12.22374384105483,65.18029372407942,1.135522930826436,2.5528901063156564,1.4073995645205482,1.4237445967081226
62.60000000001418,531.6500000000142,163.70197051152678,-9.243203388068368,66.53684444728445,-10.76211709794835,66.43955782535564,-12.11019154797229,65.43558273471075,1.135522930826436,2.5528901063156564,1.637409285710118,1.6544848051413228
62.70000000001431,531.7500000000143,163.80197051152692,-10.756722518883873,62.33836830567996,-13.258653010237833,65.58852038736225,-11.309416843575066,66.23418101726735,2.0718132820267674,3.2880547203808717,1.5301121631989771,1.5485188185122285
62.80000000001422,531.8500000000142,163.90197051152683,-12.006238617827682,59.436021457774125,-17.31951454403169,63.76687788308626,-11.166618538756707,65.26938614906024,1.9809580332016512,1.4757717965370816,1.598752337672962,1.6152723316158584
62.90000000001436,531.9500000000144,164.00197051152696,-12.991751685056746,57.82980390281109,-16.473485906226152,63.666738162451665,-13.774012346436761,64.64104852513492,-1.8102609468240265,0.4342335196745237,1.5039022235403503,1.521839881738527
63.00000000001427,532.0500000000143,164.10197051152687,-13.977264751867313,56.22358634856419,-13.716429840856756,64.23705140104848,-13.959760002326743,62.881599164921425,-1.8172353471315932,-2.209157859063061,1.5489045761585627,1.56499230571198
63.100000000014404,532.1500000000144,164.201970511527,-12.056879939603121,59.59115919939846,-11.030460829839921,63.551521052124095,-13.75168581430971,63.23043837365406,-1.2972903342531383,-1.4542003518920055,1.4711344300199036,1.4885722529629866
63.20000000001431,532.2500000000143,164.30197051152692,-10.136495127343297,62.95873205022508,-8.372177237877334,62.37689242373141,-13.881414847734906,63.08501833846499,-1.2972903342531383,-1.4542003518920055,1.7097520751858455,1.7280291725408363
63.30000000001445,532.3500000000145,164.40197051152705,-11.592465852503935,64.18056975789162,-9.076822343585501,62.38748727298084,-11.000056916612431,62.873495242735096,2.7683905296280775,-1.5262866232569139,1.440414942038117,1.4572904835898495
63.40000000001436,532.4500000000144,164.50197051152696,-16.424792113128472,63.25667232363173,-11.091186793606314,62.859676837895535,-10.723217863649875,62.72086658040954,2.7683905296280775,-1.5262866232569139,1.6750787849629758,1.692736244558713
63.500000000014495,532.5500000000145,164.6019705115271,-21.257118372595944,62.33277488894154,-11.617511237576604,63.37119306672209,-12.680177301207445,62.63044982966624,-0.5343934701359045,-1.4528774791400423,1.4073995645210517,1.4237445967086282
63.600000000014404,532.6500000000144,164.701970511527,-18.06266412908689,58.466243904716386,-11.5643066590051,63.898025377778644,-12.733616648220988,62.48516208175237,-0.5343934701359045,-1.4528774791400423,1.6374092857107119,1.6544848051419185
63.70000000001454,532.7500000000146,164.80197051152714,-14.868209885570572,54.599712920482425,-11.4930103025223,62.252263112210905,-12.314059042109145,62.964666028385174,0.11003033803323736,-0.6074570736213127,1.5301121631995225,1.5485188185127767
63.80000000001445,532.8500000000145,164.90197051152705,-14.052885395727753,54.322475321789085,-11.414667959153427,59.76036659874913,-12.50446233840485,60.74748083949441,-0.1741877877127126,-3.628543515154004,1.598752337673531,1.6152723316164295
63.900000000014586,532.9500000000146,165.0019705115272,-15.616690658169885,57.63453110654584,-11.612111395387547,62.27973934940335,-12.095468303489149,59.78644257682391,0.4020482982228907,-4.4315072390019505,1.5039022235408968,1.5218398817390757
64.0000000000145,533.0500000000145,165.1019705115271,-17.1804959201894,60.94658689053025,-11.916961798257187,66.75079079584918,-13.144022586564441,59.684927118329576,-1.2061998124663575,-3.9305979351205416,1.5489045761591402,1.5649923057125585
64.10000000001463,533.1500000000146,165.20197051152724,-15.864520931404885,59.00284893010432,-13.068032366640415,65.8846481242119,-12.835258163962761,62.336830824570114,-0.6334507521976128,0.10415046520813132,1.4711344300204525,1.4885722529635375
64.20000000001454,533.2500000000146,165.30197051152714,-14.548545942623361,57.059110969682806,-14.548670112902542,62.93989272861753,-12.898603239182465,62.34724587109092,-0.6334507521976128,0.10415046520813132,1.709752075186478,1.7280291725414711
64.30000000001468,533.3500000000147,165.40197051152728,-13.59100936815811,57.36693475563865,-14.94918124069578,62.16325077922363,-13.841352429225434,61.20533614135613,-1.8166836874172847,-1.4835565626842895,1.4404149420386334,1.4572904835903684
64.40000000001459,533.4500000000146,165.5019705115272,-12.991911207803215,59.92632028664965,-14.929028461018646,62.230997865821166,-14.023020797966998,61.056980485087834,-1.8166836874172847,-1.4835565626842895,1.6750787849635789,1.6927362445593181
64.50000000001472,533.5500000000147,165.60197051152733,-12.392813047857572,62.48570581735214,-14.458701341326867,60.39641722480114,-14.170875541696507,61.59470011833124,-1.7110668780173701,-0.5345481582353249,1.4073995645215553,1.423744596709134
64.60000000001463,533.6500000000146,165.70197051152724,-14.572037771255271,62.91832652368787,-13.813050242323119,57.820959911088536,-14.341982229498088,61.541245302507754,-1.7110668780173701,-0.5345481582353249,1.637409285711306,1.6544848051425145
64.70000000001477,533.7500000000148,165.80197051152737,-16.751262494657922,63.35094723002457,-15.280173566790147,58.748365364636044,-14.214166865163849,59.760350934171576,-1.3038074106774722,-2.871987435581388,1.5301121632000678,1.5485188185133245
64.80000000001468,533.8500000000147,165.90197051152728,-15.653100735120548,63.46523649942332,-17.57013370443362,61.03998859950346,-15.089864919595984,60.30283227794301,-2.3555751966565115,-1.7096384412740453,1.5987523376741002,1.6152723316170001
64.90000000001481,533.9500000000148,166.00197051152742,-11.277552494575648,63.2611943320728,-17.338662975477508,62.78651450961231,-16.492466702814063,60.67095923471275,-3.932669029104856,-0.9859975192955245,1.5039022235414428,1.5218398817396241
65.00000000001472,534.0500000000147,166.10197051152733,-6.902004254880562,63.05715216440111,-16.125200929380945,64.3207479285748,-14.764878322649816,61.101827102498156,-0.7998718275535124,-0.20968639548837342,1.5489045761597173,1.5649923057131374
65.10000000001486,534.1500000000149,166.20197051152746,-8.209188660535597,60.67684503763542,-17.407766933944934,64.58461118299374,-15.209355210131267,62.401123412751325,-1.2860588757749079,1.5397391377419771,1.4711344300210014,1.4885722529640888
65.20000000001477,534.2500000000148,166.30197051152737,-9.516373066187661,58.296537910875145,-19.66243092681424,64.3537186669251,-15.337961097708641,62.555097326525384,-1.2860588757749079,1.5397391377419771,1.709752075187111,1.7280291725421062
65.3000000000149,534.3500000000149,166.4019705115275,-12.269794213624818,58.314723566437586,-16.763635462114888,65.27708932709676,-16.29947843234113,62.34948715442622,-2.3475481855313776,1.0102089939084378,1.4404149420391497,1.457290483590887
65.40000000001481,534.4500000000148,166.50197051152742,-16.469452101973,60.73140200289382,-11.857784199232222,66.64999696715009,-16.534233250894054,62.450508053816975,-2.3475481855313776,1.0102089939084378,1.6750787849641815,1.6927362445599232
65.50000000001495,534.550000000015,166.60197051152755,-20.66910998925985,63.14808043833973,-11.549482873836343,65.47536148790758,-15.407979792201548,64.16218112889709,-0.6891220145001535,3.1343619368757816,1.4073995645220587,1.4237445967096394
65.60000000001486,534.6500000000149,166.70197051152746,-17.732740430789562,58.79555619550157,-13.031733959974279,63.30856506691453,-15.4768919936515,64.47561732258438,-0.6891220145001535,3.1343619368757816,1.6374092857118998,1.6544848051431102
65.700000000015,534.750000000015,166.8019705115276,-14.796370872312593,54.44303195265351,-13.881177642453286,61.31536922570676,-14.73762176618531,64.062425037543,0.4119675276117474,2.151143772309986,1.5301121632006132,1.5485188185138725
65.8000000000149,534.8500000000149,166.9019705115275,-12.355115601246924,54.078291951249014,-14.484169445545886,59.38978351185653,-14.40578360919319,61.77764237702141,0.8221113157143518,-1.3511131241475849,1.5987523376746693,1.615272331617571
65.90000000001504,534.950000000015,167.00197051152765,-10.40897461728425,57.701336188892675,-13.948404984658552,61.478159758408566,-14.426847957814582,60.55116649587813,0.6825492374435158,-2.8160909375594256,1.5039022235419892,1.5218398817401728
66.00000000001495,535.050000000015,167.10197051152755,-8.462833634272158,61.324380426130276,-12.969142834278887,65.12980543447495,-13.106149980715122,60.49432248602596,2.5325812146206537,-2.4865379519175814,1.5489045761602949,1.5649923057137163
66.10000000001509,535.1500000000151,167.2019705115277,-12.821614423340606,62.29643213676888,-13.551939348777374,65.96298404441934,-12.728505544587836,62.31509784331916,2.6984981510441473,0.2555724094239431,1.47113443002155,1.4885722529646401
66.200000000015,535.250000000015,167.3019705115276,-17.18039521239914,63.26848384740528,-14.74309204153504,65.69848822544695,-12.458655729483667,62.34065508426153,2.6984981510441473,0.2555724094239431,1.7097520751877435,1.7280291725427415
66.30000000001513,535.3500000000151,167.40197051152774,-17.899920225403314,63.82223715485901,-16.518970363787382,65.28559562730936,-14.326325844251848,63.739028348215925,-0.22283421759601407,2.089203005384734,1.4404149420396666,1.4572904835914062
66.40000000001504,535.450000000015,167.50197051152765,-14.98018946455093,63.95769205938057,-18.522574735822324,64.81490872255135,-14.34860926601143,63.947948648754206,-0.22283421759601407,2.089203005384734,1.675078784964785,1.6927362445605287
66.50000000001518,535.5500000000152,167.60197051152778,-12.06045870432459,64.09314696360036,-17.131982570720158,62.29307697754336,-15.546696762952733,64.36915865482499,-1.6913200615575514,2.3644179165716666,1.4073995645225625,1.4237445967101452
66.60000000001509,535.6500000000151,167.7019705115277,-13.293819015663589,62.24572814253088,-14.41949355243867,58.972410551026194,-15.715828769108334,64.60560044648194,-1.6913200615575514,2.3644179165716666,1.6374092857124942,1.6544848051437062
66.70000000001522,535.7500000000152,167.80197051152783,-14.527179327005392,60.398309321457205,-14.668721425492691,60.010086406368686,-15.055072079164859,62.255001567109495,-0.5606573155028052,-1.1361679463360725,1.5301121632011587,1.5485188185144207
66.80000000001513,535.8500000000151,167.90197051152774,-15.187423903475393,61.62460752001145,-16.071413511896594,62.74515334806231,-15.123851887558859,61.56937929246542,-0.5785990112248144,-1.937525005016831,1.5987523376752384,1.615272331618142
66.90000000001527,535.9500000000153,168.00197051152787,-15.274552745425833,65.9246227363262,-18.82170581073339,64.26960880508935,-15.687506591986967,62.12972604478454,-1.262108531548693,-0.9252705245728652,1.5039022235425354,1.521839881740722
67.00000000001518,536.0500000000152,168.10197051152778,-15.361681587548405,70.22463795172662,-22.096831736803303,65.3225819850859,-15.71769094007871,63.78180482966878,-1.1202640743917922,1.6326893350231522,1.5489045761608724,1.5649923057142952
67.10000000001531,536.1500000000153,168.20197051152792,-16.580045377196708,68.58694034662591,-20.550124987139434,63.85310005724404,-18.483909794563544,64.59174604798285,-4.660649370624198,2.4895665904943645,1.471134430022099,1.4885722529651912
67.20000000001522,536.2500000000152,168.30197051152783,-17.79840916684224,66.9492427415289,-17.125517128677192,61.40122791338893,-18.94997473162554,64.84070270703207,-4.660649370624198,2.4895665904943645,1.7097520751883764,1.7280291725433765
67.30000000001536,536.3500000000154,168.40197051152796,-17.621698470257137,64.61979723987294,-15.049651529624896,60.108746889887065,-18.264454824444698,63.83723710896709,-3.115844656940711,0.8400668505797395,1.440414942040183,1.4572904835919254
67.40000000001527,536.4500000000153,168.50197051152787,-16.049913288298644,61.59860384209324,-13.499064337102618,59.26779996490788,-18.576039290138485,63.92124379402499,-3.115844656940711,0.8400668505797395,1.675078784965388,1.6927362445611338
67.5000000000154,536.5500000000154,168.601970511528,-14.478128106666343,58.57741044495303,-14.320170290648768,61.320776514661496,-16.242499307216384,61.42470504248448,0.5119100021926523,-2.7126118610197425,1.407399564523066,1.423744596710651
67.60000000001531,536.6500000000153,168.70197051152792,-15.039162821923394,59.7366631947567,-16.064951014397078,64.50081459213834,-16.191308306997165,61.15344385638276,0.5119100021926523,-2.7126118610197425,1.637409285713088,1.6544848051443022
67.70000000001545,536.7500000000155,168.80197051152805,-15.60019753718172,60.89591594456301,-16.938882898158802,62.9448166610652,-16.288833610749737,62.56575036761085,0.30929489799586396,-0.4345366276006808,1.5301121632017043,1.5485188185149688
67.80000000001536,536.8500000000154,168.90197051152796,-17.16426682285106,59.92075084630187,-17.47365577077467,59.544331816030784,-16.17573358747505,62.29789568261527,0.42525130812625667,-0.7489135862624541,1.5987523376758075,1.615272331618713
67.9000000000155,536.9500000000155,169.0019705115281,-19.731370678318203,56.81116790128891,-19.014004384251706,59.59182865513921,-16.6906418772143,60.831016684080524,-0.3280404366758267,-2.617428532999736,1.5039022235430817,1.5218398817412702
68.0000000000154,537.0500000000154,169.101970511528,-22.298474533208882,53.701584957335044,-20.94598247259891,60.98216940094632,-17.90775575846566,59.105884588088344,-2.0774302109614347,-4.763065594191387,1.5489045761614497,1.5649923057148738
68.10000000001554,537.1500000000156,169.20197051152815,-21.174930035885872,57.39618944176516,-21.14349194649896,61.13270460370416,-19.40191868732525,59.49636688725727,-3.793365365284564,-3.614521461923826,1.4711344300226479,1.4885722529657426
68.20000000001545,537.2500000000155,169.30197051152805,-20.051385538565413,61.090793926186876,-20.665498815214686,60.80038767107254,-19.78125522385336,59.13491474106522,-3.793365365284564,-3.614521461923826,1.709752075189009,1.7280291725440116
68.30000000001559,537.3500000000156,169.4019705115282,-19.989399291665087,61.38687540511273,-20.52068454315503,60.33510076275876,-20.30414851071157,60.033276441185805,-3.980371093901642,-1.9060684807600312,1.4404149420406995,1.4572904835924443
68.4000000000155,537.4500000000155,169.5019705115281,-20.988971294523814,58.284433880658675,-20.505629429332192,59.81802763921245,-20.70218562010137,59.842669593109974,-3.980371093901642,-1.9060684807600312,1.675078784965991,1.6927362445617393
68.50000000001563,537.5500000000156,169.60197051152824,-21.98854329728234,55.181992356888784,-20.00220592510022,60.784534454042735,-21.15160711627869,58.82536193333627,-4.077930960540568,-3.1354531761869846,1.4073995645235695,1.4237445967111566
68.60000000001554,537.6500000000156,169.70197051152815,-22.334924238040585,56.4853875208466,-19.308583464681465,62.32883328252762,-21.559400212332378,58.511816615717855,-4.077930960540568,-3.1354531761869846,1.637409285713682,1.6544848051448982
68.70000000001568,537.7500000000157,169.80197051152828,-22.68130517879962,57.78878268480738,-19.68064146015344,61.86872610084026,-20.95764371475164,59.89081669670586,-2.702493361278885,-0.8452300030309869,1.5301121632022494,1.548518818515517
68.80000000001559,537.8500000000156,169.9019705115282,-24.162532620424738,58.24201191830455,-20.467737190090205,60.62798704698914,-21.596568984288933,59.510571648452796,-3.2227569634688775,-1.259524898471117,1.5987523376763768,1.6152723316192839
68.90000000001572,537.9500000000157,170.00197051152833,-26.77860656221051,57.845075221873685,-21.088290091468238,60.73272182655785,-21.53752746094944,59.68862442804215,-2.707461139518299,-0.8514477190886328,1.5039022235436281,1.5218398817418188
69.00000000001563,538.0500000000156,170.10197051152824,-29.394680502903864,57.44813852579936,-21.643981562877766,61.36146209812737,-23.41986285669379,59.14421263301179,-5.088001873409176,-1.5248299724524366,1.5489045761620273,1.5649923057154522
69.10000000001577,538.1500000000158,170.20197051152837,-25.085656187637866,59.31799757365267,-21.490940647190403,60.67352045393367,-23.284730735803564,59.87178525887544,-4.229070759212973,-0.35870662883153237,1.4711344300231968,1.4885722529662935
69.20000000001568,538.2500000000157,170.30197051152828,-20.776631872381667,61.18785662150173,-21.06187826310168,59.47278655920621,-23.707637811724478,59.83591459599232,-4.229070759212973,-0.35870662883153237,1.7097520751896416,1.7280291725446464
69.30000000001581,538.3500000000158,170.40197051152842,-18.425010641746297,61.55272150069185,-20.49307078805326,58.830477341000254,-22.221689926067697,59.95542080661113,-1.629758805818915,-0.13068672317595842,1.4404149420412162,1.4572904835929632
69.40000000001572,538.4500000000157,170.50197051152833,-18.030792494505175,60.41259221217269,-19.869838475210543,58.405651057132715,-22.38466580664944,59.94235213429354,-1.629758805818915,-0.13068672317595842,1.675078784966594,1.6927362445623446
69.50000000001586,538.5500000000159,170.60197051152846,-17.63657434784047,59.27246292400578,-17.5009755052886,56.78459887330394,-20.77190452433505,59.26753749633394,0.8714766136296106,-1.0171635778180046,1.4073995645240729,1.4237445967116622
69.60000000001577,538.6500000000158,170.70197051152837,-20.86957433956941,60.36181166519787,-14.452262783867901,54.69766699291567,-20.68475686297217,59.16582113855223,0.8714766136296106,-1.0171635778180046,1.637409285714276,1.654484805145494
69.7000000000159,538.7500000000159,170.8019705115285,-24.1025743313057,61.45116040639244,-16.14851918234913,56.12063292898981,-17.811930331087417,57.10356253709366,4.666760651321983,-3.6700196147155095,1.5301121632027948,1.5485188185160648
69.80000000001581,538.8500000000158,170.90197051152842,-25.429217386691818,61.967392941294754,-19.69274156605725,58.91055650220368,-19.048809559344583,57.80256780272497,2.262758292742984,-2.1765856426724257,1.5987523376769457,1.6152723316198545
69.90000000001595,538.950000000016,171.00197051152855,-24.849503506947464,61.91050927027204,-21.409698002234155,59.36057477660908,-19.47201663747651,58.321745668120045,1.3850747981747038,-1.1875036690601561,1.5039022235441741,1.5218398817423673
70.00000000001586,539.0500000000159,171.10197051152846,-24.269789627232562,61.85362559915126,-22.415011173364547,58.89929831092292,-20.382128981444353,58.980883351350236,-0.16388201922772705,-0.046955835895447384,1.5489045761626044,1.564992305716031
70.100000000016,539.150000000016,171.2019705115286,-23.866827960780135,61.17983698813558,-21.655371860913863,59.88375626970617,-21.242392217754208,58.90048593232693,-1.2895135712748274,-0.1472650381051367,1.4711344300237457,1.4885722529668448
70.2000000000159,539.2500000000159,171.3019705115285,-23.46386629432862,60.50604837712143,-20.208357757865755,61.431267005559526,-21.371343574881575,58.88575942851643,-1.2895135712748274,-0.1472650381051367,1.7097520751902746,1.7280291725452814
70.30000000001604,539.350000000016,171.40197051152865,-22.50980879603538,60.99987363806162,-20.76967592960983,61.24427146815426,-21.249052712168506,60.12359757986203,-0.9717149826580042,1.525867740067026,1.4404149420417327,1.4572904835934821
70.40000000001595,539.450000000016,171.50197051152855,-21.004655466258107,62.66131277020523,-22.113155088506435,60.38175865905824,-21.34622421043422,60.276184353868594,-0.9717149826580042,1.525867740067026,1.6750787849671973,1.69273624456295
70.50000000001609,539.5500000000161,171.6019705115287,-19.499502136937416,64.322751901498,-20.770495598271573,62.18165367581092,-21.475628682693714,61.056364232432266,-0.9485096337555557,2.4758823426485623,1.4073995645245767,1.4237445967121678
70.600000000016,539.650000000016,171.7019705115286,-20.843808823069995,60.69025992478969,-18.38169803427551,65.01844460834096,-21.570479646069185,61.3039524666969,-0.9485096337555557,2.4758823426485623,1.6374092857148699,1.6544848051460896
70.70000000001613,539.7500000000161,171.80197051152874,-22.18811550920563,57.057767948073135,-17.92849015876299,62.32405877904983,-20.13300903112523,63.28406933780142,1.1391666193644334,4.820207780246014,1.5301121632033403,1.5485188185166128
70.80000000001604,539.850000000016,171.90197051152865,-22.492313958769493,55.99413288041737,-18.22911309126304,57.475512141604,-20.601744545587824,62.02638819028417,0.31694663523502387,2.3829541756026047,1.598752337677515,1.6152723316204256
70.90000000001618,539.9500000000162,172.00197051152878,-21.75640417243461,57.49935472015874,-20.734872925938394,56.1417801203061,-19.699576740942447,60.00745783867221,1.4932669043522007,-0.6470009525435763,1.5039022235447208,1.5218398817429162
71.00000000001609,540.0500000000161,172.1019705115287,-21.0204943863067,59.00457655944012,-24.099440876101625,56.17692062290577,-19.86257577140219,59.7428470780964,1.0319185265542494,-0.9401121220994356,1.5489045761631821,1.56499230571661
71.10000000001622,540.1500000000162,172.20197051152883,-21.556325987851594,57.681572838857996,-25.161316937090202,59.038191548569394,-21.662192902881113,58.373765420787734,-1.5062082609217022,-2.629652387221469,1.4711344300242946,1.4885722529673961
71.20000000001613,540.2500000000161,172.30197051152874,-22.092157589395267,56.35856911827888,-25.32639131653214,63.000121458423905,-21.812813728973147,58.11080018206582,-1.5062082609217022,-2.629652387221469,1.7097520751909074,1.728029172545917
71.30000000001627,540.3500000000163,172.40197051152887,-23.44690050300948,55.92066553580569,-23.127821701342903,63.83335886470308,-23.27432914187886,59.55860806293471,-3.2607623451935206,-0.3830751009288509,1.4404149420422492,1.4572904835940013
71.40000000001618,540.4500000000162,172.50197051152878,-25.620554728155543,56.36786209086484,-20.00871212207896,63.44810207667385,-23.600405376397916,59.52030055284186,-3.2607623451935206,-0.3830751009288509,1.6750787849678004,1.6927362445635554
71.50000000001631,540.5500000000163,172.60197051152892,-27.79420895282116,56.81505864588571,-20.454263472399326,63.43530989050809,-23.081296891434555,60.27740309923583,-2.279670293471585,0.5669763236254117,1.4073995645250803,1.4237445967126736
71.60000000001622,540.6500000000162,172.70197051152883,-27.002940554263322,57.02223453234801,-22.28810039005711,63.567577007688776,-23.309263920781508,60.334100731598326,-2.279670293471585,0.5669763236254117,1.6374092857154643,1.6544848051466858
71.70000000001636,540.7500000000164,172.80197051152896,-26.21167215570368,57.22941041881077,-21.171186545277006,62.5643463002009,-23.31199510655458,61.660729234914776,-1.9728029043839683,2.2853497931673723,1.5301121632038857,1.548518818517161
71.80000000001627,540.8500000000163,172.90197051152887,-24.88941204315695,58.19025434651614,-18.905079333384663,61.11888692837269,-24.012653022100775,60.95636155061242,-2.6831531951617076,0.9783900512113857,1.5987523376780841,1.6152723316209963
71.9000000000164,540.9500000000164,173.001970511529,-23.03616021696482,59.90476631497496,-18.49821415330009,61.861003253960575,-22.05924790975396,60.95220915334766,0.3191850193682746,0.8414833328375306,1.503902223545267,1.5218398817434649
72.00000000001631,541.0500000000163,173.10197051152892,-21.182908391266295,61.619278282614964,-18.81544557873562,63.455088344083066,-21.84794806528046,61.16056812555673,0.5841561243717441,1.0236023087718142,1.5489045761637596,1.5649923057171886
72.10000000001645,541.1500000000165,173.20197051152905,-22.319051614994326,58.35594297548119,-19.10491690370865,61.44351673721888,-20.720215548353355,62.24283759277028,2.0105010187965746,2.3220373225538555,1.4711344300248435,1.4885722529679473
72.20000000001636,541.2500000000164,173.30197051152896,-23.455194838719773,55.092607668354844,-19.383576836635072,58.02769343516442,-20.51916544647388,62.47504132502545,2.0105010187965746,2.3220373225538555,1.70975207519154,1.7280291725465518
72.3000000000165,541.3500000000165,173.4019705115291,-25.008582187645274,53.218142026826186,-20.07610836037214,58.47104317733164,-20.58003327809882,59.25474460138254,1.6261108211004798,-2.342887364182121,1.4404149420427659,1.45729048359452
72.4000000000164,541.4500000000164,173.501970511529,-26.979213661488643,52.732546049987945,-20.929825468822962,60.41737857365767,-20.41742219598892,59.02045586496454,1.6261108211004798,-2.342887364182121,1.6750787849684032,1.6927362445641603
72.50000000001654,541.5500000000166,173.60197051152915,-28.949845134597336,52.24695007281201,-22.977760722054207,62.1619555265066,-22.046361404156084,58.296494730494125,-1.0236172991671078,-3.2010964618145175,1.4073995645255837,1.423744596713179
72.60000000001645,541.6500000000165,173.70197051152905,-26.46725904936411,49.73350124107537,-25.490793735594565,63.82795604790313,-22.1487231340727,57.976385084312966,-1.0236172991671078,-3.2010964618145175,1.637409285716058,1.6544848051472816
72.70000000001659,541.7500000000166,173.8019705115292,-23.984672964125245,47.22005240933303,-26.40097325066392,63.88134689953927,-23.83579963059346,60.15670917555727,-3.1826754453255703,0.1822995127334699,1.530112163204431,1.5485188185177086
72.8000000000165,541.8500000000165,173.9019705115291,-22.743901991165274,49.49243149152455,-26.686908714918534,63.30669408181314,-23.89215509793229,57.19214953218165,-2.813073558168587,-3.996470760906662,1.5987523376786532,1.6152723316215671
72.90000000001663,541.9500000000166,174.00197051152924,-22.744946129654075,56.55063848448282,-26.981106814285887,62.329945158845206,-25.24119822196438,59.08326525177389,-4.255966126448474,-0.9214976789323557,1.503902223545813,1.521839881744013
73.00000000001654,542.0500000000166,174.10197051152915,-22.745990268417177,63.60884547583587,-27.278522862652682,61.19659670773203,-25.046324910223248,59.97507624861695,-3.3394460516129487,0.5211961867748169,1.5489045761643365,1.5649923057177673
73.10000000001668,542.1500000000167,174.20197051152928,-24.399623398760312,61.09276802564104,-24.597751321008218,59.14427501685292,-26.19195643786791,60.34842291222773,-4.422142390643502,0.9468401413867876,1.471134430025392,1.4885722529684984
73.20000000001659,542.2500000000166,174.3019705115292,-26.053256529099684,58.57669057545193,-20.75710092142804,56.734051884380065,-26.634170676931856,60.443106926366326,-4.422142390643502,0.9468401413867876,1.7097520751921726,1.7280291725471866
73.30000000001672,542.3500000000167,174.40197051152933,-27.10096152990889,57.452022122495556,-21.068260281931508,57.29555929331128,-24.604321780913594,58.46986509703721,-1.1222493101099644,-1.825359494482326,1.4404149420432824,1.4572904835950389
73.40000000001663,542.4500000000166,174.50197051152924,-27.54273840158821,57.71876266584692,-22.996374994431264,59.01443081121672,-24.716546711924487,58.28732914758914,-1.1222493101099644,-1.825359494482326,1.675078784969006,1.6927362445647656
73.50000000001677,542.5500000000168,174.60197051152937,-27.984515272387835,57.98550320903404,-24.91753551604237,60.39835284361495,-24.97735153185604,58.50011911400949,-1.4241608305213964,-1.3128751981621223,1.4073995645260873,1.423744596713685
73.60000000001668,542.6500000000167,174.70197051152928,-23.192030706708636,57.27256352281853,-26.835987672662984,61.65182613328338,-25.11976761490805,58.3688315941934,-1.4241608305213964,-1.3128751981621223,1.637409285716652,1.6544848051478775
73.70000000001681,542.7500000000168,174.80197051152942,-18.399546141018533,56.559623836601396,-25.971938328127788,60.66061549962323,-26.135457351495678,59.669979925134875,-2.6139324129058332,0.6253875994913543,1.5301121632049763,1.5485188185182568
73.80000000001672,542.8500000000167,174.90197051152933,-17.819662962744736,56.16650039996934,-24.024221630272674,58.79519484838709,-24.24914821162379,58.99785330087102,0.41683600997455805,-0.40384955291391855,1.5987523376792223,1.6152723316221382
73.90000000001686,542.9500000000169,175.00197051152946,-21.452381169049414,56.093193212705316,-24.492086823657193,56.13578165401377,-23.917555216913065,58.68773290805445,0.8086071972998645,-0.7659251074877296,1.5039022235463595,1.521839881744562
74.00000000001677,543.0500000000168,175.10197051152937,-25.085099374393337,56.01988602617529,-25.900719608260843,53.16714174497475,-24.101894602962478,58.058987578152816,0.4168698845914475,-1.5754975149182646,1.5489045761649143,1.5649923057183461
74.1000000000169,543.1500000000169,175.2019705115295,-23.056874964096252,60.307931562340904,-28.65813713852301,54.492812856779615,-24.86582432019972,55.84968653786275,-0.6577294883429619,-4.29418370967976,1.4711344300259412,1.4885722529690497
74.20000000001681,543.2500000000168,175.30197051152942,-21.02865055380378,64.59597709849677,-31.94084962186685,57.49093757061768,-24.931597269033958,55.42026816689517,-0.6577294883429619,-4.29418370967976,1.7097520751928057,1.7280291725478218
74.30000000001695,543.350000000017,175.40197051152956,-21.501647901757522,65.00279109916485,-30.10005480290536,58.944642939735466,-26.924563305667874,58.01079467230449,-3.1827738146955395,-0.17984649430681188,1.440414942043799,1.4572904835955578
74.40000000001686,543.4500000000169,175.50197051152946,-24.47586700626058,61.52837356697313,-26.263869291193224,59.796861904255984,-27.24284068713714,57.992810022873826,-3.1827738146955395,-0.17984649430681188,1.6750787849696094,1.692736244565371
74.500000000017,543.550000000017,175.6019705115296,-27.45008611019074,58.05395603568223,-27.245187856657083,58.98299809603624,-26.82508179494179,58.66549446960458,-2.2109689158334827,0.7251155776752052,1.4073995645265909,1.4237445967141904
74.6000000000169,543.6500000000169,175.7019705115295,-27.025178429502127,59.90838677688575,-30.10272172360885,57.520265092964486,-27.04617868652494,58.73800602737204,-2.2109689158334827,0.7251155776752052,1.637409285717246,1.654484805148473
74.70000000001704,543.750000000017,175.80197051152965,-26.600270748812548,61.76281751809348,-28.36172669849187,58.73523935326505,-28.764330395975097,58.167462318571374,-4.250596783178407,-0.14501769870472658,1.530112163205522,1.5485188185188046
74.80000000001695,543.850000000017,175.90197051152956,-25.636809984083843,61.9437290833766,-24.829798000381587,60.993068016994606,-28.64758205254248,59.1043077028329,-3.48601475450164,1.1877820451084253,1.5987523376797916,1.615272331622709
74.90000000001709,543.9500000000171,176.0019705115297,-24.134796135678997,60.45112147387749,-25.15130927974117,59.58170836165111,-27.122915362653067,60.16285525382224,-0.9545600682151241,2.4492681531984415,1.5039022235469062,1.5218398817451106
75.000000000017,544.050000000017,176.1019705115296,-22.632782287427407,58.95851386522311,-26.973573424744167,56.741354115340535,-26.24424932664345,60.098967336982696,0.48435320139765503,1.996480668480708,1.5489045761654918,1.5649923057189248
75.10000000001713,544.1500000000171,176.20197051152974,-22.009467086206236,62.399599299105645,-28.442702037257064,57.78603287236243,-26.653783190111582,58.77790887367875,-0.1265246441689235,-0.01854126540571177,1.4711344300264901,1.4885722529696008
75.20000000001704,544.250000000017,176.30197051152965,-21.386151884986482,65.84068473298035,-29.77429920631674,60.34376865036679,-26.666435654528463,58.776054747138176,-0.1265246441689235,-0.01854126540571177,1.7097520751934383,1.728029172548457
75.30000000001718,544.3500000000172,176.40197051152978,-22.04180993431201,65.63425267432952,-27.647302737071985,59.61790848254927,-26.945028647595286,61.06629432054936,-0.42759754552951224,3.1044820315466546,1.4404149420443155,1.4572904835960767
75.40000000001709,544.4500000000171,176.5019705115297,-23.97644123330161,61.780303125658705,-24.17332945124655,57.613225742149076,-26.987788402148198,61.37674252370374,-0.42759754552951224,3.1044820315466546,1.6750787849702125,1.6927362445659762
75.50000000001722,544.5500000000172,176.60197051152983,-25.911072532430005,57.92635357802104,-25.381336704525534,55.85778333595802,-25.563788345035974,59.56593494790177,1.5393090778959915,0.20753410709412834,1.4073995645270945,1.4237445967146962
75.60000000001713,544.6500000000171,176.70197051152974,-28.623420965292176,60.10186774337794,-28.4127785388465,54.19940956143223,-25.409857437246515,59.58668835861117,1.5393090778959915,0.20753410709412834,1.63740928571784,1.6544848051490695
75.70000000001727,544.7500000000173,176.80197051152987,-31.335769398160515,62.277381908739784,-27.91885186027939,54.699889676281856,-26.79251943038895,57.3217436871609,-0.5541865403681465,-2.8852979781760286,1.5301121632060675,1.548518818519353
75.80000000001718,544.8500000000172,176.90197051152978,-31.080641285985564,61.46144746040822,-26.051942358820348,56.04115261891462,-28.0767094140578,58.332738160538476,-2.2881890620640357,-1.0647158613278602,1.5987523376803607,1.61527233162328
75.90000000001731,544.9500000000173,177.00197051152992,-27.85803663081733,57.65406440044727,-27.759948303469955,56.611281882336776,-27.308004389436583,57.5140564480566,-0.940177775640274,-2.020741064529928,1.5039022235474522,1.5218398817456593
76.00000000001722,545.0500000000172,177.10197051152983,-24.63543197656945,53.84668134134497,-30.86023351845231,56.88108699756135,-26.814312182489612,56.57358485449941,-0.07204867249547864,-3.103387409055679,1.5489045761660691,1.5649923057195037
76.10000000001736,545.1500000000174,177.20197051152996,-26.6964325810079,54.958152653513004,-29.680889734505886,56.62559597133336,-28.616209503833257,56.43306888346538,-2.465960531748101,-2.8783626594539187,1.4711344300270388,1.488572252970152
76.20000000001727,545.2500000000173,177.30197051152987,-28.757433185441666,56.06962396567852,-26.834810378840615,56.16552418241232,-28.862805557007842,56.14523261752025,-2.465960531748101,-2.8783626594539187,1.7097520751940711,1.7280291725490915
76.3000000000174,545.3500000000174,177.40197051153,-29.262796750946478,56.67257017272365,-26.402296094670653,55.10963093063342,-28.23273346177967,55.95437365148893,-1.3033613300842704,-2.743820656533104,1.440414942044832,1.4572904835965956
76.40000000001731,545.4500000000173,177.50197051152992,-28.212523278602394,56.766991274999484,-26.90976393519782,53.82169026848932,-28.36306959478798,55.67999158583587,-1.3033613300842704,-2.743820656533104,1.6750787849708157,1.6927362445665814
76.50000000001745,545.5500000000175,177.60197051153006,-27.16224980632225,56.86141237759443,-29.936691658084253,55.328433072562596,-27.809427730196173,54.95443130566484,-0.3588504693816703,-3.284618573415533,1.407399564527598,1.4237445967152016
76.60000000001736,545.6500000000174,177.70197051152996,-26.490848550652263,58.77729898977537,-33.944843082475785,57.92358759315973,-27.845312777134307,54.62596944832359,-0.3588504693816703,-3.284618573415533,1.6374092857184344,1.654484805149665
76.7000000000175,545.7500000000175,177.8019705115301,-25.819447294980748,60.693185601960664,-32.64035297650479,57.0006615817728,-30.726171082172183,55.90395081669324,-4.234918780184689,-1.1109022849765728,1.5301121632066126,1.5485188185199008
76.8000000000174,545.8500000000174,177.90197051153,-26.778122001235758,60.76997900584132,-29.2668123475557,54.70759110967293,-30.008270995275826,57.011540896612395,-2.62422320349256,0.5964206368321423,1.5987523376809298,1.6152723316238506
76.90000000001754,545.9500000000176,178.00197051153015,-29.366872668280088,59.00767920270564,-27.50249467230313,54.20746589871209,-29.598367886758755,55.95199027837916,-1.7156712998709973,-0.9059118512446211,1.5039022235479986,1.521839881746208
77.00000000001745,546.0500000000175,178.10197051153006,-31.955623334529328,57.2453794004545,-26.36490168286585,54.405617488291966,-30.23424333819173,56.156302070070154,-2.4015190433204543,-0.47352193197377007,1.5489045761666467,1.564992305720082
77.10000000001759,546.1500000000176,178.2019705115302,-30.03663285099683,60.51251446871228,-27.57079197524223,55.20333340522072,-28.919845043643097,55.50139443670491,-0.3279291374764375,-1.2785671617506034,1.4711344300275877,1.488572252970703
77.2000000000175,546.2500000000175,178.3019705115301,-28.117642367468694,63.77964953696263,-29.68937048158607,56.23455442087564,-28.95263795739071,55.37353772052997,-0.3279291374764375,-1.2785671617506034,1.7097520751947037,1.7280291725497265
77.30000000001763,546.3500000000176,178.40197051153024,-28.692302700607755,62.68403816525243,-28.711917557896225,54.327747838470856,-29.14019680375306,57.382721574845334,-0.5170857986582486,1.6514434171858832,1.4404149420453485,1.4572904835971145
77.40000000001754,546.4500000000176,178.50197051153015,-31.760613848653723,57.2256803566618,-26.528690554999685,51.27670302664791,-29.19190538361884,57.54786591656377,-0.5170857986582486,1.6514434171858832,1.6750787849714184,1.6927362445671867
77.50000000001768,546.5500000000177,178.60197051153028,-34.82892499626329,51.767322549294036,-26.080550895684954,51.67467120277713,-29.12347436318249,54.29438212546301,-0.5475578712472617,-3.013442429457154,1.4073995645281014,1.4237445967157076
77.60000000001759,546.6500000000176,178.7019705115302,-35.39724664776202,53.27412086782506,-26.30815481046941,53.41588493493409,-29.178230150307165,53.99303788251757,-0.5475578712472617,-3.013442429457154,1.637409285719028,1.6544848051502612
77.70000000001772,546.7500000000177,178.80197051153033,-35.96556829926203,54.78091918635952,-26.577398553436385,54.57707450844095,-28.12006149484058,53.68988535070138,0.9687204107941654,-3.0158892678564997,1.5301121632071581,1.5485188185204488
77.80000000001763,546.8500000000176,178.90197051153024,-34.57623969577535,54.11571768805519,-26.862859258865452,55.512369057421026,-29.734617808478585,53.80733147485067,-1.446392158335022,-2.428837731402857,1.598752337681499,1.6152723316244213
77.90000000001777,546.9500000000178,179.00197051153037,-31.229260838684425,51.27851637444988,-27.538935400679026,54.72842773461921,-28.797683654380606,54.333112901707814,0.015199954600577659,-1.3970308575114871,1.5039022235485449,1.5218398817467564
78.00000000001768,547.0500000000177,179.10197051153028,-27.882281982387827,48.441315061968425,-28.36713983277827,53.274916319566294,-28.602026707280352,52.96773495775221,0.3019671393623828,-3.1941285291401402,1.5489045761672242,1.564992305720661
78.10000000001781,547.1500000000178,179.20197051153042,-28.97123127028223,51.904601976824665,-28.560368252714984,54.055398569244154,-28.573919002531657,52.64445662046256,0.2991806430705864,-3.199250513985132,1.4711344300281366,1.4885722529712544
78.20000000001772,547.2500000000177,179.30197051153033,-30.06018055817416,55.36788889167303,-28.506300211461834,55.705927430169666,-28.544000938224624,52.32453156906434,0.2991806430705864,-3.199250513985132,1.7097520751953363,1.7280291725503618
78.30000000001786,547.3500000000179,179.40197051153046,-29.56371928225205,56.67822336901381,-28.608446150494125,57.129164466144566,-28.851035129969127,54.20872537881286,-0.170643242771567,-0.22963779622671954,1.4404149420458652,1.4572904835976335
78.40000000001777,547.4500000000178,179.50197051153037,-27.481847443650064,55.835605410378136,-28.771430867326938,58.46388089205912,-28.868099454246266,54.18576159919021,-0.170643242771567,-0.22963779622671954,1.6750787849720217,1.692736244567792
78.5000000000179,547.5500000000179,179.6019705115305,-25.3999756059989,54.99298745212491,-30.77801475608108,59.53422177219006,-28.25525475342462,55.848581446208875,0.7754449746367886,2.0004759958999347,1.407399564528605,1.4237445967162132
78.60000000001781,547.6500000000178,179.70197051153042,-28.637824590266312,56.29018433431057,-33.502603014022206,60.501599492064784,-28.17771025596101,56.048629045798684,0.7754449746367886,2.0004759958999347,1.6374092857196219,1.654484805150857
78.70000000001795,547.750000000018,179.80197051153056,-31.87567357454109,57.58738121649918,-34.020738215630274,59.62951123190829,-30.510236454056304,58.070096806356155,-2.5081003533376682,4.465082655266325,1.5301121632077035,1.5485188185209968
78.80000000001786,547.8500000000179,179.90197051153046,-31.957704962883486,56.90806825557538,-33.67955271510622,58.041028307037514,-31.359339148622087,58.50455603063415,-3.3523916830601816,4.448202424932872,1.5987523376820683,1.6152723316249922
78.900000000018,547.950000000018,180.0019705115306,-28.883918757561332,54.252245452956195,-32.86364092676837,56.121798728077195,-32.50820230628296,58.55907090115253,-4.4518884336231395,3.924281521889334,1.5039022235490913,1.5218398817473051
79.0000000000179,548.0500000000179,180.1019705115305,-25.81013255284594,51.59642265094436,-31.862843207688975,54.0737572325479,-31.435940385425116,57.38425570787833,-2.2104033376979375,1.6263724572196345,1.5489045761678015,1.5649923057212396
79.10000000001804,548.150000000018,180.20197051153065,-26.075346103699943,52.288209436765385,-31.860529900587697,54.41907752084978,-31.687822417501355,56.1271776419093,-2.2515425909254705,-0.25483041539717854,1.4711344300286855,1.4885722529718053
79.20000000001795,548.250000000018,180.30197051153056,-26.340559654553342,52.97999622258484,-32.24708429384426,55.696511602653814,-31.912976676593697,56.101694600369605,-2.2515425909254705,-0.25483041539717854,1.7097520751959692,1.7280291725509964
79.30000000001809,548.3500000000181,180.4019705115307,-28.64956930072229,54.28991878127921,-31.909254735161593,56.43633659151244,-31.327867862440073,55.59013850192253,-1.116357282769615,-0.9257043180416338,1.4404149420463817,1.4572904835981522
79.400000000018,548.450000000018,180.5019705115306,-33.00237504071853,56.21797711239562,-31.28930808162392,56.96678544073459,-31.43950359071693,55.497568070118454,-1.116357282769615,-0.9257043180416338,1.6750787849726247,1.692736244568397
79.50000000001813,548.5500000000181,180.60197051153074,-37.35518077896387,58.14603544332197,-30.726175863808056,56.44006362008965,-32.45034468151902,56.431574722769724,-2.494885146882453,0.5070383483332104,1.4073995645291086,1.4237445967167188
79.60000000001804,548.650000000018,180.70197051153065,-32.02788437851116,59.00515073660279,-30.185170480124917,55.501618268919955,-32.69983319620704,56.482278557603,-2.494885146882453,0.5070383483332104,1.637409285720216,1.654484805151453
79.70000000001818,548.7500000000182,180.80197051153078,-26.70058797804633,59.86426602988556,-30.97985666880793,55.49887308021971,-31.870078444976777,56.04215862822685,-1.0244950085000153,-0.15710688502325443,1.530112163208249,1.5485188185215446
79.80000000001809,548.8500000000181,180.9019705115307,-25.512999676090487,59.18453112587993,-32.29473857000907,55.860543766255596,-30.322570487891213,56.92102681965692,1.30387181106475,1.096162751422692,1.5987523376826374,1.615272331625563
79.90000000001822,548.9500000000182,181.00197051153083,-28.46511946962619,56.965946025702465,-30.839819265649847,54.6386924762876,-31.09999791053911,56.65681126312441,0.07708988230979408,0.5943548725144943,1.5039022235496373,1.5218398817478538
80.00000000001813,549.0500000000181,181.10197051153074,-31.417239262446145,54.74736092631205,-28.306178839238157,52.80012595083012,-31.161318502513765,56.29671022383622,-0.024876375085328986,-0.02077409905595451,1.5489045761683793,1.5649923057218182
80.10000000001827,549.1500000000183,181.20197051153087,-30.471369839049377,56.82791878369801,-29.2790156865714,51.77523590306501,-29.861136705697866,54.84558413978392,1.7127337655258992,-1.940845331589534,1.4711344300292346,1.4885722529723566
80.20000000001818,549.2500000000182,181.30197051153078,-29.525500415654758,58.90847664107924,-31.61747801330338,51.067238634916066,-29.68986332914543,54.65149960662514,1.7127337655258992,-1.940845331589534,1.7097520751966022,1.7280291725516315
80.30000000001831,549.3500000000183,181.40197051153092,-30.004776144768694,59.280512090603104,-31.206759363628777,52.3240588073455,-30.345456218912364,54.089747090323314,0.614207768099964,-2.3768539281660743,1.4404149420468981,1.4572904835986715
80.40000000001822,549.4500000000182,181.50197051153083,-31.909197025345605,57.9440251335188,-29.725350304246188,54.346092768354126,-30.284035442102425,53.852061697506926,0.614207768099964,-2.3768539281660743,1.6750787849732278,1.6927362445690026
80.50000000001836,549.5500000000184,181.60197051153096,-33.81361790597203,56.607538176498004,-30.890842726991092,53.97891476629566,-30.532610382750587,54.514772477538436,0.08530869870939695,-1.1005354533691682,1.4073995645296122,1.4237445967172244
80.60000000001827,549.6500000000183,181.70197051153087,-35.963389008693035,55.632399653358014,-33.08719199643417,52.68123915147112,-30.524079512879656,54.40471893220162,0.08530869870939695,-1.1005354533691682,1.63740928572081,1.6544848051520487
80.7000000000184,549.7500000000184,181.801970511531,-38.11316011141893,54.65726113021581,-32.11505232731764,52.25881854977584,-31.770270288539198,53.49229526665414,-1.6241579176346752,-2.1862414227682345,1.5301121632087944,1.5485188185220926
80.80000000001831,549.8500000000183,181.90197051153092,-38.29021840442227,54.07072508944736,-29.90891942571758,52.17727297837077,-33.46800650965862,53.43889464696559,-3.7907526549224295,-1.9547698010573973,1.5987523376832065,1.615272331626134
80.90000000001845,549.9500000000185,182.00197051153106,-36.494563889157135,53.87279153076373,-30.60870333136806,54.85947295592701,-32.21125031733531,52.778999912401176,-1.5801598062974063,-2.5781744138959115,1.5039022235501838,1.5218398817484022
81.00000000001836,550.0500000000184,182.10197051153096,-34.69890937413998,53.6748579722851,-32.440219663370094,58.618035631865254,-32.864155096766076,52.767011358833464,-2.3111791532236583,-2.21773745219615,1.5489045761689566,1.564992305722397
81.1000000000185,550.1500000000185,182.2019705115311,-34.22751521830786,54.58758820901122,-32.98263157505302,56.922149693582114,-33.10427700508416,55.06187024035355,-2.323189436970658,1.1169427387941662,1.4711344300297835,1.488572252972908
81.2000000000184,550.2500000000184,182.301970511531,-33.75612106247681,55.500318445735275,-33.022991511334624,53.101985335091065,-33.33659594878101,55.173564514232865,-2.323189436970658,1.1169427387941662,1.709752075197235,1.7280291725522667
81.30000000001854,550.3500000000186,182.40197051153115,-33.30676326676226,55.1965964270947,-34.2232249058882,53.77707191097276,-33.45185881591784,54.31178899884592,-2.1675751111722126,-0.16686641367847982,1.4404149420474148,1.4572904835991904
81.40000000001845,550.4500000000185,182.50197051153106,-32.879441831149926,53.67642215399256,-35.87518024922629,56.20286973719219,-33.66861632703486,54.295102357478086,-2.1675751111722126,-0.16686641367847982,1.675078784973831,1.692736244569608
81.50000000001859,550.5500000000186,182.6019705115312,-32.45212039596088,52.15624788095773,-35.369119861441014,55.86287620451947,-34.5061424302889,54.76076693687875,-2.9356624616425964,0.39239333490230544,1.407399564530116,1.4237445967177302
81.6000000000185,550.6500000000185,182.7019705115311,-34.3002933093394,51.01557688340236,-34.02260307332856,54.44572321650648,-34.79970867645289,54.80000627036895,-2.9356624616425964,0.39239333490230544,1.6374092857214044,1.6544848051526448
81.70000000001863,550.7500000000186,182.80197051153124,-36.14846622272213,49.874905885844406,-33.40659055553657,54.79946918122661,-34.605443291894154,54.5417257734568,-2.2710274885482513,-0.010187777910964368,1.5301121632093397,1.548518818522641
81.80000000001854,550.8500000000186,182.90197051153115,-36.10104277946426,50.23824748560475,-33.0750787392947,55.84290583618963,-35.32507414868865,53.44091347918851,-2.9660672901589598,-1.550955005351418,1.5987523376837758,1.6152723316267048
81.90000000001868,550.9500000000187,183.00197051153128,-34.15802298097928,52.10560168156338,-32.77071490372866,56.16969966751606,-34.695236910420256,54.31985773001554,-1.714110434246029,-0.16292635082828477,1.5039022235507302,1.5218398817489511
82.00000000001859,551.0500000000186,183.1019705115312,-32.215003183473016,53.972955877030344,-32.47692406528581,56.217391248016376,-34.30335595907549,54.23311781904574,-0.8820500862599943,-0.26621690510662605,1.548904576169534,1.5649923057229758
82.10000000001872,551.1500000000187,183.20197051153133,-35.49753622823593,53.226043513172165,-35.18703980502509,56.78018934312802,-33.68524763154346,54.93081516323664,0.06009009375679819,0.6935466739362655,1.4711344300303324,1.4885722529734593
82.20000000001863,551.2500000000186,183.30197051153124,-38.78006927299138,52.479131149315684,-39.067050867201324,57.543599769653916,-33.67923862216779,55.0001698306302,0.06009009375679819,0.6935466739362655,1.7097520751978676,1.728029172552902
82.30000000001877,551.3500000000188,183.40197051153137,-39.24375167486412,53.71398664951406,-37.10630410941731,56.38347351736567,-37.084957913512,55.515956118435184,-4.559469321275686,1.2575218619674415,1.4404149420479313,1.4572904835997096
82.40000000001868,551.4500000000187,183.50197051153128,-36.88858343596711,56.9306100122747,-32.87082773696747,54.4742105977032,-37.540904845639155,55.64170830463181,-4.559469321275686,1.2575218619674415,1.675078784974434,1.6927362445702132
82.50000000001882,551.5500000000188,183.60197051153142,-34.53341519738051,60.14723337415294,-34.25476428268694,54.45136078478727,-35.38857246952156,55.9655985510909,-1.0121005153999876,1.6627096501270784,1.4073995645306194,1.4237445967182356
82.60000000001872,551.6500000000187,183.70197051153133,-33.85151175141817,58.64944289523182,-37.82722590956715,55.16318956867016,-35.48978252106147,56.13186951610346,-1.0121005153999876,1.6627096501270784,1.6374092857219982,1.6544848051532404
82.70000000001886,551.7500000000189,183.80197051153147,-33.16960830545428,57.1516524163073,-36.76317281740472,56.46255612824155,-36.89670896682943,55.979839000140544,-2.791043752965986,1.2320083948595033,1.530112163209885,1.5485188185231888
82.80000000001877,551.8500000000188,183.90197051153137,-32.023289042774195,55.10727935792169,-33.89339216979612,57.99074395026938,-36.29528968073307,56.17892332058712,-1.5484771236469346,1.3383181510243527,1.5987523376843447,1.6152723316272755
82.9000000000189,551.9500000000189,184.0019705115315,-30.41255396372328,52.51632372047832,-33.514907622740786,56.65897686852202,-35.20917094193656,57.14463367554953,0.12851199965929627,2.4549785587955832,1.5039022235512762,1.5218398817494994
83.00000000001882,552.0500000000188,184.10197051153142,-28.80181888525986,49.92536808374658,-34.10667816817463,54.213377589531156,-33.837928458662475,55.799515717401135,2.135044196789905,0.12280052911064399,1.5489045761701112,1.5649923057235544
83.10000000001895,552.150000000019,184.20197051153156,-30.284751910493164,51.07404124412126,-35.86623429132237,54.071722692490134,-33.80505296209169,54.98995478300756,1.8941061351368564,-0.9661851382402531,1.471134430030881,1.4885722529740102
83.20000000001886,552.2500000000189,184.30197051153147,-31.767684935723093,52.22271440449334,-38.08059380112587,54.82735727015038,-33.61564234857818,54.89333626918363,1.8941061351368564,-0.9661851382402531,1.7097520751985005,1.7280291725535368
83.300000000019,552.350000000019,184.4019705115316,-33.76126513597389,51.784613765866084,-37.77645849910005,53.93794544699121,-35.05231939897376,54.506499456069854,-0.26692289372999134,-1.3705435046422623,1.440414942048448,1.4572904836002283
83.4000000000189,552.4500000000189,184.5019705115315,-36.265492510848695,49.759739329446525,-36.49147535003325,52.40785721149956,-35.07901168834673,54.36944510560575,-0.26692289372999134,-1.3705435046422623,1.6750787849750368,1.6927362445708183
83.50000000001904,552.550000000019,184.60197051153165,-38.76971988483546,47.73486489361821,-36.240468335990954,54.852090731523404,-36.097617433572914,52.3093236229016,-1.6951654581813336,-4.100004939755155,1.407399564531123,1.4237445967187417
83.60000000001895,552.650000000019,184.70197051153156,-36.59455709221444,48.82970049853997,-36.39215155627718,58.84415548749385,-36.26713397939089,51.89932312892646,-1.6951654581813336,-4.100004939755155,1.6374092857225921,1.6544848051538363
83.70000000001909,552.7500000000191,184.8019705115317,-34.41939429958847,49.92453610346423,-37.55530858166518,57.17795586599686,-36.48398919513001,54.68056258998398,-1.7596609390553855,0.21813725134840034,1.5301121632104304,1.5485188185237366
83.800000000019,552.850000000019,184.9019705115316,-33.35136120069399,48.84175572561715,-39.11239212991068,53.3081001533613,-35.98188848988522,53.816199200322146,-0.8027949126043697,-1.0233618443720605,1.5987523376849138,1.6152723316278463
83.90000000001913,552.9500000000191,185.00197051153174,-33.39045779468032,45.58135936665746,-38.34201023541522,54.1366293746892,-37.41569483673996,53.12314127640135,-2.6318933647095735,-1.8163088274760453,1.5039022235518225,1.521839881750048
84.00000000001904,553.050000000019,185.10197051153165,-33.42955438869884,42.320963008850605,-36.665178401919654,56.79498199901468,-36.77619408554603,50.67844998419756,-1.2984949932784258,-5.134432361919162,1.5489045761706888,1.5649923057241333
84.10000000001918,553.1500000000192,185.20197051153178,-33.637623056881324,45.0577341953281,-36.51233006896989,56.439065906889525,-36.680498890101674,52.695683563292896,-0.9976444947016825,-1.7811428288874063,1.47113443003143,1.4885722529745615
84.20000000001909,553.2500000000191,185.3019705115317,-33.84569172506334,47.794505381799375,-36.953009238401,54.909218875134194,-36.78026333957175,52.51756928040432,-0.9976444947016825,-1.7811428288874063,1.709752075199133,1.7280291725541719
84.30000000001922,553.3500000000192,185.40197051153183,-34.637662202463005,50.48919363675298,-37.731520460004496,54.757209932016266,-36.484705623370566,52.4775346411384,-0.4421426506098278,-1.6292320603126853,1.4404149420489645,1.4572904836007474
84.40000000001913,553.4500000000191,185.50197051153174,-36.013534488628,53.141798960209,-38.64160306284282,55.14181099756329,-36.52891988843151,52.314611435107274,-0.4421426506098278,-1.6292320603126853,1.6750787849756401,1.6927362445714236
84.50000000001927,553.5500000000193,185.60197051153187,-37.389406774684325,55.794404282975215,-38.13159126117923,56.019465049314014,-37.50371315935504,53.77901018965466,-1.693615495589125,0.6184740686530987,1.4073995645316266,1.423744596719247
84.60000000001918,553.6500000000192,185.70197051153178,-38.186885915481206,54.8465758056364,-37.06851239235874,57.089142510328955,-37.673074708913795,53.84085759651992,-1.693615495589125,0.6184740686530987,1.6374092857231863,1.654484805154432
84.70000000001932,553.7500000000193,185.80197051153192,-38.98436505627989,53.89874732829542,-34.42446561254998,54.69797668147078,-37.467727501781674,55.280373422755794,-1.183102177598307,2.482629760753061,1.530112163210976,1.5485188185242846
84.80000000001922,553.8500000000192,185.90197051153183,-40.1359721326243,54.49052410919596,-31.164698298236072,50.9589578914705,-37.9744885299459,55.112868322365436,-1.7312714492529375,1.9001551263459446,1.5987523376854829,1.6152723316284172
84.90000000001936,553.9500000000194,186.00197051153197,-41.64170714424592,56.62190614715047,-32.05246919546606,49.36705221567274,-35.17969531233423,53.31814543867765,2.279449519193528,-0.7640304257051853,1.503902223552369,1.521839881750597
85.00000000001927,554.0500000000193,186.10197051153187,-43.14744215487,58.753288184513394,-34.55553185590623,48.61135682925234,-36.69277073779093,54.416160306638616,-0.29227888188683515,0.9579137574556662,1.548904576171266,1.5649923057247117
85.1000000000194,554.1500000000194,186.201970511532,-39.50945350332415,57.84881879008636,-34.30784940157726,49.46059815426116,-36.194562063206234,52.328821512869595,0.4112604012609723,-1.9348568651909708,1.4711344300319789,1.4885722529751129
85.20000000001932,554.2500000000193,186.30197051153192,-35.871464851786584,56.94434939566138,-32.98886737146567,50.934894853857195,-36.153436023080175,52.135335826350676,0.4112604012609723,-1.9348568651909708,1.7097520751997657,1.7280291725548071
85.30000000001945,554.3500000000195,186.40197051153206,-36.23071469650751,56.510496650581835,-36.20331424918821,50.17169707918686,-34.52645405115309,52.44947992176463,2.5483803432981316,-1.2192634898262866,1.4404149420494807,1.4572904836012663
85.40000000001936,554.4500000000194,186.50197051153197,-40.58720303437699,56.54726055448372,-41.183341092752016,48.53708927520511,-34.27161601682351,52.32755357278211,2.5483803432981316,-1.2192634898262866,1.6750787849762427,1.6927362445720289
85.5000000000195,554.5500000000195,186.6019705115321,-44.94369137104426,56.584024458060576,-39.96483634782653,47.98695761883568,-38.734387366605766,51.58518752723623,-4.025110051837272,-1.883544994022426,1.40739956453213,1.4237445967197528
85.6000000000194,554.6500000000194,186.701970511532,-43.101419704352594,54.9581644705031,-36.33226414694657,47.85918382857544,-39.13689837178913,51.396833027834155,-4.025110051837272,-1.883544994022426,1.63740928572378,1.654484805155028
85.70000000001954,554.7500000000196,186.80197051153215,-41.259148037656736,53.33230448294192,-37.43828243309732,47.34002189398596,-37.987085713627955,49.83475327293794,-1.9101824185264729,-3.742365097904484,1.5301121632115215,1.5485188185248329
85.80000000001945,554.8500000000195,186.90197051153206,-39.41687637096507,51.70644449538444,-40.389782494809786,46.66843073186543,-38.650094211893354,50.06363571624538,-2.5762398655851158,-2.8974192937535017,1.5987523376860522,1.6152723316289883
85.90000000001959,554.9500000000196,187.0019705115322,-37.57460470426922,50.08058450782326,-39.367604596381746,48.12628996855983,-39.86040222760446,48.45119954067786,-3.863656421721286,-4.672919232190523,1.5039022235529154,1.5218398817511458
86.0000000000195,555.0500000000195,187.1019705115321,-35.73233303842762,48.45472452051758,-36.797846193276236,50.41348060954238,-39.28776120738278,48.0842307980541,-2.447070663994908,-4.5258243048121365,1.5489045761718436,1.564992305725291
86.10000000001963,555.1500000000196,187.20197051153224,-38.23728322126316,48.11657051452936,-37.423855552579866,50.74536707473716,-38.33471663404729,48.75047200870184,-0.8494087090152871,-3.0433198686699465,1.471134430032528,1.488572252975664
86.20000000001954,555.2500000000196,187.30197051153215,-40.742233404093,47.7784165085419,-39.29448209933035,50.315744768079036,-38.41965750494874,48.44614002183512,-0.8494087090152871,-3.0433198686699465,1.709752075200399,1.728029172555442
86.30000000001968,555.3500000000197,187.40197051153228,-42.872053901983406,47.97231912142927,-40.54727741094062,50.797628761425884,-39.58575574658354,48.65934477869705,-2.3267653150410372,-2.3636384271622886,1.4404149420499979,1.4572904836017853
86.40000000001959,555.4500000000196,187.5019705115322,-44.626744715219814,48.698278352772014,-41.559453431232264,51.63450613720562,-39.81843227808743,48.42298093598103,-2.3267653150410372,-2.3636384271622886,1.6750787849768463,1.6927362445726344
86.50000000001972,555.5500000000197,187.60197051153233,-46.38143552802634,49.424237583756785,-42.333189942382425,51.192072947354845,-41.81645418079936,49.56547193687703,-4.862227841411642,-0.5208962699017136,1.4073995645326338,1.4237445967202587
86.60000000001963,555.6500000000196,187.70197051153224,-45.942813907321096,48.33223551805842,-43.01406428915955,50.251402076785645,-42.30267696494008,49.51338230988691,-4.862227841411642,-0.5208962699017136,1.6374092857243745,1.654484805155624
86.70000000001977,555.7500000000198,187.80197051153237,-45.50419228661485,47.24023345235757,-44.616611513214735,50.156339739173085,-43.09100961330896,49.652077408313964,-5.273830469933296,-0.262740949759683,1.530112163212067,1.5485188185253809
86.80000000001968,555.8500000000197,187.90197051153228,-44.439813498745295,46.86161721760329,-46.578111574123334,50.39060637419255,-44.02232069840662,49.007359618034855,-5.843840706797267,-1.129156111754069,1.5987523376866213,1.6152723316295592
86.90000000001982,555.9500000000198,188.00197051153242,-42.749677544202704,47.19638681322939,-43.963264143818336,49.97350776879802,-45.73009414124648,49.453609283418636,-7.361941181297727,-0.3785685009245624,1.5039022235534614,1.5218398817516943
87.00000000001972,556.0500000000197,188.10197051153233,-41.05954158965768,47.5311564090647,-39.56612176385328,49.30272978686965,-45.317726751479334,49.014176648555356,-5.665356644650707,-0.9673632395634183,1.5489045761724212,1.5649923057258694
87.10000000001986,556.1500000000199,188.20197051153247,-39.33763214715801,48.92742316124465,-38.74638801825961,50.81469987834955,-43.274944754544364,48.96355312484971,-2.184829114755799,-0.9062611780573177,1.4711344300330769,1.488572252976215
87.20000000001977,556.2500000000198,188.30197051153237,-37.61572270466226,50.32368991342142,-39.31990453484019,53.17675857762645,-43.49342766601975,48.87292700704406,-2.184829114755799,-0.9062611780573177,1.7097520752010318,1.728029172556077
87.3000000000199,556.3500000000199,188.4019705115325,-39.140840701433305,50.5794616122606,-38.61385088164801,52.91598466041325,-41.12349252804409,50.88381462363047,1.3366258469456347,1.901141740966097,1.4404149420505143,1.4572904836023042
87.40000000001982,556.4500000000198,188.50197051153242,-43.91298613488021,49.69473825866864,-37.40945844284329,51.63372770784329,-40.98982994334965,51.07392879772691,1.3366258469456347,1.901141740966097,1.6750787849774493,1.6927362445732395
87.50000000001995,556.55000000002,188.60197051153256,-48.68513156686831,48.81001490501592,-39.69765017392838,50.0042694956669,-40.93202238845536,50.879868485057315,0.9726605549803935,1.3172492536147988,1.4073995645331374,1.4237445967207643
87.60000000001986,556.6500000000199,188.70197051153247,-46.11230302566225,47.63162960594111,-43.34605660443492,48.23959098986655,-40.834756332957404,51.011593410418676,0.9726605549803935,1.3172492536147988,1.6374092857249685,1.65448480515622
87.70000000002,556.75000000002,188.8019705115326,-43.53947448445034,46.453244306863624,-44.59799206453701,45.91979101650768,-42.142119239726384,49.85430856834111,-0.9410438334738354,-0.426940321580614,1.5301121632126122,1.548518818525929
87.8000000000199,556.8500000000199,188.9019705115325,-44.101809980743205,45.77622593717077,-44.916602833768245,43.3837945698831,-42.2495936021561,48.97806929139144,-0.9599111173083273,-1.5947042486452596,1.5987523376871906,1.61527233163013
87.90000000002004,556.95000000002,189.00197051153265,-47.79930951203417,45.600574496458215,-44.314466018957305,43.282827743766155,-43.387871535759245,46.454223575704944,-2.368413065130686,-4.768490023687846,1.5039022235540078,1.5218398817522427
88.00000000001995,557.05000000002,189.10197051153256,-51.49680904186256,45.42492305599998,-43.35373673010867,44.13020258165278,-45.29699142962256,45.85965642639203,-4.83860031479812,-4.941089637986836,1.5489045761729985,1.564992305726448
88.10000000002009,557.1500000000201,189.2019705115327,-47.92671404196133,46.5183609472654,-42.71686554173453,45.93338145365452,-44.92306100272117,44.87663275260844,-3.6944071989335825,-5.588929207871762,1.4711344300336255,1.4885722529767662
88.20000000002,557.25000000002,189.3019705115326,-44.35661904206822,47.61179883852832,-42.206123467898585,48.10880581315401,-45.29250172261419,44.31773983182177,-3.6944071989335825,-5.588929207871762,1.7097520752016642,1.728029172556712
88.30000000002013,557.3500000000201,189.40197051153274,-42.42197995256551,47.29845268412729,-44.59777071334288,47.97868181781549,-44.00228723847863,46.03948112126509,-1.4508145544921693,-2.5256399332794692,1.4404149420510308,1.457290483602823
88.40000000002004,557.45000000002,189.50197051153265,-42.12279677214563,45.578322485196054,-48.11977657677708,46.95064366782246,-44.14736869392772,45.78691712793737,-1.4508145544921693,-2.5256399332794692,1.6750787849780522,1.6927362445738448
88.50000000002018,557.5500000000202,189.60197051153278,-41.82361359212872,43.858192286349095,-49.50358334072985,46.09554121226664,-45.50386375324101,45.55146255360639,-2.960789670215368,-2.55928953380287,1.4073995645336408,1.4237445967212696
88.60000000002009,557.6500000000201,189.7019705115327,-43.5192020736635,42.573864789372585,-50.054651449312125,45.30778993915736,-45.79994272026228,45.295533600226335,-2.960789670215368,-2.55928953380287,1.6374092857255622,1.6544848051568157
88.70000000002022,557.7500000000202,189.80197051153283,-45.214790555202136,41.289537292393156,-49.58541572580279,46.01992683041085,-47.80238210516085,44.98622263947763,-5.285581133082099,-2.6315219893717177,1.5301121632131574,1.5485188185264769
88.80000000002013,557.8500000000201,189.90197051153274,-45.88879565398612,41.40671300226821,-48.718814555174255,47.31620710358121,-47.91154798959962,43.83946449021479,-4.693748328313183,-3.869418985338519,1.5987523376877593,1.615272331630701
88.90000000002027,557.9500000000203,190.00197051153287,-45.541217370845445,42.92539191786385,-48.414073413280946,46.23003856470588,-48.546197112856774,44.94377379084496,-4.917092953903534,-1.8676590019318176,1.503902223554554,1.5218398817527916
89.00000000002018,558.0500000000202,190.10197051153278,-45.19363908802161,44.444070832365945,-48.32815313093552,44.21600637614189,-48.221264212788874,44.690326255527324,-3.710799245415653,-1.9654283331866829,1.5489045761735758,1.5649923057270272
89.10000000002032,558.1500000000203,190.20197051153292,-46.40786405715235,40.57598190337503,-48.356058970760394,42.920572166142556,-48.58459757134434,44.138414699090376,-3.7004662236539216,-2.436311937287486,1.4711344300341742,1.4885722529773173
89.20000000002022,558.2500000000202,190.30197051153283,-47.62208902628033,36.707892974392905,-48.42829529970752,41.90500165759572,-48.95464419370939,43.89478350536185,-3.7004662236539216,-2.436311937287486,1.7097520752022968,1.728029172557347
89.30000000002036,558.3500000000204,190.40197051153297,-49.557901115661714,36.90357486131298,-49.23543063446913,42.281567901316635,-48.95669814118508,41.34997740912622,-3.2004326911026064,-5.5734097062674,1.4404149420515473,1.457290483603342
89.40000000002027,558.4500000000203,190.50197051153287,-52.21530032470034,41.16302756082647,-50.328778235464355,43.20031288201205,-49.276741410295045,40.79263643849998,-3.2004326911026064,-5.5734097062674,1.6750787849786553,1.69273624457445
89.5000000000204,558.5500000000204,190.601970511533,-54.87269953301702,45.42248025949583,-50.49196578141443,41.92312743397437,-50.94628654970363,42.08237097020388,-5.153382334584149,-2.987006506915498,1.4073995645341446,1.4237445967217757
89.60000000002032,558.6500000000203,190.70197051153292,-53.972660218616035,45.50961437718579,-50.2928950915932,39.79071940497359,-51.461624783161575,41.7836703195126,-5.153382334584149,-2.987006506915498,1.6374092857261564,1.6544848051574117
89.70000000002045,558.7500000000205,190.80197051153306,-53.07262090421301,45.596748494875946,-51.3177243127672,39.95508213426588,-51.43700304371816,40.506793953379244,-4.417726301930024,-4.310599181446214,1.5301121632137031,1.5485188185270249
89.80000000002036,558.8500000000204,190.90197051153297,-51.70486899137125,45.34690631766402,-52.81921109422675,41.01394051336973,-52.08066053018207,41.19913482026005,-4.702619708394924,-2.736759104276156,1.5987523376883288,1.6152723316312716
89.9000000000205,558.9500000000205,191.0019705115331,-49.86940448046739,44.7600878458247,-51.45448289324227,39.377366796305594,-52.94333407524981,40.99657755169246,-5.232907969791694,-2.641293999919425,1.5039022235551003,1.52183988175334
90.0000000000204,559.0500000000204,191.101970511533,-48.033939969973105,44.173269373734406,-48.97348445764619,36.691035598802834,-52.312553275220374,41.46562940891865,-3.52818426783464,-1.5662957478097392,1.5489045761741533,1.5649923057276056
90.10000000002054,559.1500000000206,191.20197051153315,-48.17960940163699,42.3534727838392,-49.40960256060522,36.47216252772524,-51.15544074308031,39.32809587344735,-1.5141112599699271,-4.1911052363965045,1.4711344300347233,1.4885722529778684
90.20000000002045,559.2500000000205,191.30197051153306,-48.32527883330053,40.53367619394814,-50.98181491428411,37.21426066032725,-51.306851869077164,38.908985349808084,-1.5141112599699271,-4.1911052363965045,1.7097520752029296,1.728029172557982
90.30000000002059,559.3500000000206,191.4019705115332,-48.231879717886535,40.09271201858615,-50.41130495437925,38.00319569759947,-50.97701399573675,38.17423581181792,-0.8428971321899306,-4.6007964227599984,1.440414942052064,1.457290483603861
90.4000000000205,559.4500000000205,191.5019705115331,-47.8994120555922,41.03058025662033,-49.00629473739805,38.81037174012699,-51.06130370895566,37.71415616954234,-0.8428971321899306,-4.6007964227599984,1.6750787849792583,1.6927362445750553
90.50000000002063,559.5500000000206,191.60197051153324,-47.566944394012516,41.96844849355729,-48.19212741487739,39.57706991676649,-49.69138531621893,38.56507830050849,1.1904890361128344,-2.730538884947741,1.407399564534648,1.423744596722281
90.60000000002054,559.6500000000206,191.70197051153315,-50.692062195420476,37.59307816010107,-47.608068559608185,40.3280036664056,-49.572336412607754,38.292024412013966,1.1904890361128344,-2.730538884947741,1.6374092857267504,1.6544848051580074
90.70000000002068,559.7500000000207,191.80197051153328,-53.81717999683554,33.21770782663491,-49.60746930876563,40.8454457338932,-48.627118683113565,38.92537806095145,2.3160837306309023,-1.5040574279392738,1.5301121632142485,1.548518818527573
90.80000000002059,559.8500000000206,191.9019705115332,-55.010807066824945,33.4514645353447,-52.613018960350644,41.27195260760968,-49.83286263194782,37.13259415215252,0.28773843104549757,-3.8049642939333195,1.5987523376888977,1.6152723316318427
90.90000000002073,559.9500000000207,192.00197051153333,-54.2729434069927,38.29434828241683,-53.42763884856178,39.15121835076606,-51.190539731851054,38.40084401785297,-1.5858522282680378,-1.5917929931106958,1.5039022235556467,1.521839881753889
91.00000000002063,560.0500000000206,192.10197051153324,-53.535079746671414,43.13723202785882,-53.38898370473652,36.03844076437506,-51.81348988361988,39.284827952874785,-2.2717835888329954,-0.0622958291654947,1.5489045761747309,1.5649923057281845
91.10000000002077,560.1500000000208,192.20197051153337,-50.42558070745218,40.15487395000855,-52.76524219058682,35.40379177663651,-52.588980519934175,37.79133293020277,-3.003168657353406,-2.0330064318927397,1.471134430035272,1.4885722529784198
91.20000000002068,560.2500000000207,192.30197051153328,-47.31608166824,37.172515872165064,-51.91363413332776,35.73426969289388,-52.889297385669245,37.58803228701368,-3.003168657353406,-2.0330064318927397,1.7097520752035624,1.728029172558617
91.30000000002082,560.3500000000208,192.40197051153342,-47.57624744120423,36.949987823468646,-51.06918061656859,34.96173375343474,-51.499204547586,36.48676088134065,-0.67638257904581,-3.240882271746405,1.4404149420525805,1.4572904836043796
91.40000000002073,560.4500000000207,192.50197051153333,-51.20607802353949,39.48728980162362,-50.22751349254646,33.75962028995147,-51.566842805490516,36.16267265416631,-0.67638257904581,-3.240882271746405,1.6750787849798614,1.6927362445756604
91.50000000002086,560.5500000000209,192.60197051153347,-54.835908605453035,42.02459177887085,-51.02912407437397,34.43304957414911,-51.66302973080709,36.0541533437386,-0.8219669354580664,-2.7525741832569333,1.4073995645351516,1.4237445967227869
91.60000000002077,560.6500000000208,192.70197051153337,-56.410307190224366,40.19487066487771,-52.47072223614319,35.83692390722311,-51.74522642435282,35.77889592541315,-0.8219669354580664,-2.7525741832569333,1.6374092857273446,1.6544848051586036
91.7000000000209,560.7500000000209,192.8019705115335,-57.98470577499927,38.36514955088042,-54.241307355593165,32.7614608225888,-52.263867522681586,35.7099234924805,-1.4165905657440478,-2.473445095075654,1.530112163214794,1.5485188185281211
91.80000000002082,560.8500000000208,192.90197051153342,-56.3989143815248,36.51682330734594,-56.14001906382362,27.941484133538147,-53.75263842752036,35.85406174505508,-3.317591415581533,-1.924993225806508,1.598752337689467,1.6152723316324136
91.90000000002095,560.950000000021,193.00197051153356,-51.65293301243796,34.649891934281435,-55.49522613502278,30.81338548129516,-55.16379518774116,32.18334606839509,-4.776243311062885,-6.593927819201703,1.503902223556193,1.5218398817544376
92.00000000002086,561.0500000000209,193.10197051153347,-46.90695164493347,32.78296056210771,-53.85984508382133,36.680949943353255,-53.78594630986649,31.792226607604206,-2.035452214657628,-6.200582587771201,1.5489045761753082,1.5649923057287636
92.100000000021,561.150000000021,193.2019705115336,-49.673766979343284,35.15413904519759,-54.27077908408961,35.903107733988115,-53.82819488718408,33.59505202902116,-1.820301173930638,-2.9901250392390675,1.471134430035821,1.4885722529789713
92.2000000000209,561.2500000000209,193.3019705115335,-52.440582313746816,37.525317528282066,-55.47866676596651,32.53715901151446,-54.01022500457698,33.29603952509753,-1.820301173930638,-2.9901250392390675,1.7097520752041953,1.7280291725592525
92.30000000002104,561.350000000021,193.40197051153365,-54.586805594594054,39.25151300324354,-56.230662444260034,33.142839216213076,-54.75954885571429,33.38820122405638,-2.5749498966036297,-2.418339481577262,1.440414942053097,1.457290483604899
92.40000000002095,561.450000000021,193.50197051153356,-56.11243682239734,40.33272547061675,-56.80510735371389,35.29530191328334,-55.017043845374424,33.146367275898875,-2.5749498966036297,-2.418339481577262,1.6750787849804647,1.6927362445762661
92.50000000002109,561.5500000000211,193.6019705115337,-57.63806804943877,41.41393793704541,-53.797056726342156,34.594156980591464,-56.316533190814326,35.337047201698674,-4.025173849350499,1.0439026117103092,1.4073995645356552,1.4237445967232925
92.600000000021,561.650000000021,193.7019705115336,-55.54439928690824,38.0166119467077,-49.393774702249715,32.781651847151664,-56.71905057574901,35.44143746286961,-4.025173849350499,1.0439026117103092,1.6374092857279385,1.6544848051591996
92.70000000002113,561.7500000000211,193.80197051153374,-53.45073052437294,34.61928595636227,-51.758155513249925,31.942383382922625,-53.700976303563436,34.29836252583069,0.6351324957261131,-0.6440720251740315,1.5301121632153392,1.5485188185286687
92.80000000002104,561.850000000021,193.90197051153365,-51.53301096172112,33.84703349648715,-56.758256473205,31.482149684649187,-53.37266932323944,33.95136762716028,1.0088008795640897,-1.039966213115663,1.598752337690036,1.6152723316329842
92.90000000002118,561.9500000000212,194.00197051153378,-49.79124059879523,35.69985456485848,-56.55611462269006,32.35536700355676,-55.11064655037043,32.877106898037205,-1.4761524516244433,-2.3423865333399885,1.5039022235567392,1.521839881754986
93.00000000002109,562.0500000000211,194.1019705115337,-48.04947023655736,37.55267563214877,-54.32791790959731,33.747907432857815,-53.72688978756509,33.68906580071435,0.785896250780256,-0.808440414286064,1.5489045761758855,1.5649923057293418
93.10000000002123,562.1500000000212,194.20197051153383,-49.54271752450456,34.31312114303339,-53.93394459996345,32.265106006667914,-53.64775376193752,33.77866234121587,0.7866250858250724,-0.5825970288578355,1.4711344300363696,1.4885722529795222
93.20000000002113,562.2500000000211,194.30197051153374,-51.035964812448356,31.07356665392538,-54.25432419176469,29.662479812566854,-53.56909125335509,33.72040263833014,0.7866250858250724,-0.5825970288578355,1.7097520752048279,1.728029172559887
93.30000000002127,562.3500000000213,194.40197051153388,-53.929412324872914,29.771432143644333,-55.83355486841138,31.97525143501528,-53.47257994458654,31.287578271130485,0.8272900255277371,-3.7715507218704194,1.4404149420536134,1.4572904836054177
93.40000000002118,562.4500000000212,194.50197051153378,-58.22306006057437,30.406717610548636,-57.90305511812441,36.20236385439928,-53.389850942033846,30.910423198943786,0.8272900255277371,-3.7715507218704194,1.6750787849810675,1.6927362445768712
93.50000000002132,562.5500000000213,194.60197051153392,-62.5167077949762,31.04200307763747,-57.72737322727362,35.03414448811104,-56.6328407743146,32.798054783465965,-3.8575888725680345,-0.7957438727144163,1.4073995645361586,1.4237445967237983
93.60000000002123,562.6500000000212,194.70197051153383,-60.68402214796251,32.53392489694343,-56.677287284371715,31.764670221246277,-57.01859966157105,32.71848039619459,-3.8575888725680345,-0.7957438727144163,1.6374092857285323,1.6544848051597953
93.70000000002136,562.7500000000214,194.80197051153397,-58.85133650094465,34.025846716252794,-55.703914218999365,31.07405407531568,-57.11099502270463,31.917867364815816,-3.457902491014153,-1.7713982999580884,1.5301121632158845,1.548518818529217
93.80000000002127,562.8500000000213,194.90197051153388,-58.13821891288403,33.38076564522889,-54.76041759427351,31.387794747421864,-57.593041437271836,32.35870965832632,-3.6501828029126866,-0.9056297818010711,1.5987523376906052,1.6152723316335553
93.90000000002141,562.9500000000214,195.001970511534,-58.54466938282026,30.598681685695773,-54.45985110840046,31.558684871482107,-56.73629821886499,31.944259185681872,-1.9991464330985462,-1.3403955851122804,1.5039022235572856,1.5218398817555348
94.00000000002132,563.0500000000213,195.10197051153392,-58.951119852428235,27.816597727437692,-54.40967888161305,31.67394071278501,-57.364241906793666,30.959245822778303,-2.631404656400354,-2.588102537937984,1.5489045761764633,1.5649923057299207
94.10000000002145,563.1500000000215,195.20197051153406,-57.82606311066434,30.970514116078352,-54.78772489347891,30.40333762958838,-56.515992709219034,30.99648574020632,-1.1489395750205251,-2.195819361195651,1.471134430036919,1.4885722529800733
94.20000000002136,563.2500000000214,195.30197051153397,-56.70100636890301,34.124430504711846,-55.332543906194275,28.593000759433828,-56.63088666672098,30.776903804086956,-1.1489395750205251,-2.195819361195651,1.7097520752054607,1.7280291725605221
94.3000000000215,563.3500000000215,195.4019705115341,-56.101114706381836,35.97403998360796,-55.888355562507265,29.543542574738634,-56.240296696217996,30.508101505234013,-0.46883440321353065,-2.2130258169596284,1.44041494205413,1.4572904836059368
94.40000000002141,563.4500000000214,195.501970511534,-56.02638812265218,36.519342553879305,-56.448448391348236,31.56933056546301,-56.287180136539305,30.28679892353825,-0.46883440321353065,-2.2130258169596284,1.6750787849816706,1.6927362445774765
94.50000000002154,563.5500000000216,195.60197051153415,-55.95166153872348,37.06464512433189,-55.773966547587534,30.169624379928017,-56.36899646908066,31.931746747623336,-0.5018745940019957,0.4589676052170726,1.4073995645366622,1.423744596724304
94.60000000002145,563.6500000000215,195.70197051153406,-54.95619934352978,38.44325486675671,-54.61866977270717,27.4358322270048,-56.41918392848082,31.977643508145,-0.5018745940019957,0.4589676052170726,1.6374092857291263,1.6544848051603913
94.70000000002159,563.7500000000216,195.8019705115342,-53.96073714833383,39.82186460918467,-54.272751323616,28.831440462064904,-55.62592768420603,29.94736795110128,0.6472558600134746,-2.350350216937863,1.53011216321643,1.548518818529765
94.8000000000215,563.8500000000215,195.9019705115341,-53.38982898056088,37.685609854873135,-54.24205170462278,31.83527654042542,-55.11534093448811,31.955609529265505,1.2764407730747758,0.7923915935463999,1.5987523376911745,1.615272331634126
94.90000000002163,563.9500000000216,196.00197051153424,-53.24347483984151,32.03449060684931,-54.240514839441104,32.38605432931164,-54.66458809689584,32.29899834482065,1.7130761681200175,1.146969153455888,1.5039022235578319,1.5218398817560834
95.00000000002154,564.0500000000216,196.10197051153415,-53.09712069976971,26.3833713598573,-54.25033564081159,31.981469045664586,-54.196692627647295,31.128734440411527,2.1511775329500593,-0.7370542332107743,1.5489045761770406,1.5649923057304995
95.10000000002168,564.1500000000217,196.20197051153428,-55.947126181031805,25.449594410569027,-54.11110402756741,30.73110264521358,-54.02420278766162,31.329566382259678,2.094316834074394,-0.3732767380028792,1.4711344300374676,1.4885722529806247
95.20000000002159,564.2500000000216,196.3019705115342,-58.79713166228741,24.515817461282875,-53.91382276527735,29.151340058013098,-53.814771104254376,31.292238708459426,2.094316834074394,-0.3732767380028792,1.7097520752060933,1.7280291725611572
95.30000000002173,564.3500000000217,196.40197051153433,-58.81035888598063,25.326393768271004,-54.98532077950464,26.218649768612995,-54.74716437987655,29.13004251430999,0.5072576483129376,-3.259666025838534,1.4404149420546464,1.4572904836064553
95.40000000002163,564.4500000000216,196.50197051153424,-55.98680785457531,27.88132333001464,-56.550954980045006,22.759051018861847,-54.6964386150453,28.804075911726436,0.5072576483129376,-3.259666025838534,1.6750787849822735,1.6927362445780814
95.50000000002177,564.5500000000218,196.60197051153438,-53.16325682479422,30.436252891258896,-55.68202018521862,24.38594329183807,-55.1571365033249,26.5357349071541,-0.11535540616143536,-5.731839738169257,1.4073995645371655,1.4237445967248095
95.60000000002168,564.6500000000217,196.70197051153428,-57.81011714887575,30.676749462890836,-53.86492312060005,27.993809972426714,-55.16867204394103,25.962550933337695,-0.11535540616143536,-5.731839738169257,1.6374092857297202,1.654484805160987
95.70000000002182,564.7500000000218,196.80197051153442,-62.45697747296784,30.917246034523323,-52.04782605597734,31.60167665302356,-54.46380863215782,26.63921408852383,0.8606858516482025,-4.04064205444531,1.5301121632169754,1.5485188185303127
95.80000000002173,564.8500000000217,196.90197051153433,-63.535794969443465,31.025400881429693,-50.23072899135877,35.2095433336122,-56.54569620432727,27.201301439207338,-2.198664047773719,-2.6871019288546862,1.5987523376917432,1.6152723316346964
95.90000000002186,564.9500000000219,197.00197051153447,-61.04656964142283,31.00121400372598,-52.37460525003077,32.690594276201224,-54.13601795317542,30.367447413676093,1.3547904256341128,1.9236287303455009,1.503902223558378,1.5218398817566319
96.00000000002177,565.0500000000218,197.10197051153438,-58.557344313542224,30.977027126082742,-56.06111409127628,27.78550807181736,-54.968546402995344,30.64871219327493,-0.07509080549019087,2.053977662788939,1.548904576177618,1.564992305731078
96.10000000002191,565.1500000000219,197.2019705115345,-56.683710194995506,31.229654554952248,-55.128993995292014,27.149693478428723,-55.75187457953927,29.302359982552307,-1.109943618456336,-0.0021785892911037052,1.4711344300380165,1.4885722529811758
96.20000000002182,565.2500000000218,197.30197051153442,-54.81007607645305,31.482281983821178,-52.398112104197224,28.176580689233102,-55.862868941384804,29.3021421236232,-1.109943618456336,-0.0021785892911037052,1.7097520752067261,1.7280291725617924
96.30000000002195,565.350000000022,197.40197051153456,-54.595752717514955,30.692612359963867,-52.87822099462155,29.170110975928722,-54.13559053194506,29.40639552015078,1.3638052886001992,0.15836085424756668,1.440414942055163,1.4572904836069744
96.40000000002186,565.4500000000219,197.50197051153447,-56.040740116725885,28.860645684298696,-54.60887579828983,30.15065014306934,-53.99921000308517,29.422231605575522,1.3638052886001992,0.15836085424756668,1.6750787849828768,1.6927362445786869
96.500000000022,565.550000000022,197.6019705115346,-57.48572751594451,27.02867900973019,-56.84300800035422,30.27392537642806,-54.877009704557594,29.34320110085393,-0.09233566095031776,-0.04607656843105912,1.4073995645376693,1.4237445967253153
96.60000000002191,565.6500000000219,197.7019705115345,-58.95074073130754,30.18798140298048,-59.2732234819394,30.06333234858464,-54.88624327065262,29.338593444010826,-0.09233566095031776,-0.04607656843105912,1.6374092857303144,1.654484805161583
96.70000000002204,565.750000000022,197.80197051153465,-60.415753946673895,33.34728379623795,-57.101055776855894,27.207066346225098,-56.893471551322186,29.594242550003152,-2.814457556548198,0.30608300714155606,1.5301121632175207,1.548518818530861
96.80000000002195,565.850000000022,197.90197051153456,-60.27108382212523,33.274996941722826,-53.13645331351974,23.320421949427367,-58.03586621644043,30.741601757880492,-4.029400926442353,1.8706068683803234,1.5987523376923125,1.6152723316352675
96.90000000002209,565.9500000000221,198.0019705115347,-58.51673035908095,29.971120842285718,-55.39375921704629,24.230557251479027,-56.10036516514666,27.69465498757056,-0.8693313208588362,-2.4705173616441174,1.5039022235589246,1.5218398817571805
97.000000000022,566.050000000022,198.1019705115346,-56.76237689684431,26.667244744057243,-60.07423684858669,27.00883658047976,-56.30946291552945,27.281321949672307,-1.0497853939778539,-2.7143207962827263,1.5489045761781954,1.5649923057316568
97.10000000002213,566.1500000000221,198.20197051153474,-58.6517710431696,28.809339281176886,-59.48918790087986,28.96079005623645,-58.258218486130495,27.22025061673602,-3.5091703937446717,-2.4355809406912123,1.4711344300385654,1.4885722529817271
97.20000000002204,566.250000000022,198.30197051153465,-60.541165189490606,30.951433818291658,-56.85343772332494,30.59092435246123,-58.60913552550464,26.976692522667122,-3.5091703937446717,-2.4355809406912123,1.709752075207359,1.7280291725624273
97.30000000002218,566.3500000000222,198.40197051153478,-59.51361948493272,30.320658943591425,-57.08819002317091,29.01012641017081,-58.51164206201288,29.04816500200692,-2.936587323900713,0.683313198009026,1.4404149420556793,1.4572904836074936
97.40000000002209,566.4500000000221,198.5019705115347,-55.569133932087226,26.917014659537923,-58.440882356570505,26.178805354692773,-58.80530079440268,29.116496321807762,-2.936587323900713,0.683313198009026,1.6750787849834794,1.6927362445792924
97.50000000002223,566.5500000000222,198.60197051153483,-51.62464838117172,23.513370376101054,-56.66764531191344,25.186493215961413,-57.76545222623432,26.945365535551144,-0.9304865543430716,-2.4318998256383075,1.407399564538173,1.423744596725821
97.60000000002213,566.6500000000221,198.70197051153474,-56.38177786418367,22.911806373111922,-53.67699019453919,24.9103977348653,-57.85850088166855,26.702175552987534,-0.9304865543430716,-2.4318998256383075,1.6374092857309086,1.654484805162179
97.70000000002227,566.7500000000223,198.80197051153488,-61.13890734720644,22.310242370121422,-55.277545413072076,24.32134102894306,-55.961329749021836,25.756255257524018,1.7810425716685523,-3.382780817303623,1.5301121632180663,1.5485188185314092
97.80000000002218,566.8500000000222,198.90197051153478,-63.38662285359061,23.344418256965376,-58.66618403419556,23.610399083439766,-57.383132163078564,24.66660259216705,-0.47669418981088585,-4.435426897348865,1.5987523376928818,1.6152723316358386
97.90000000002232,566.9500000000223,199.00197051153492,-63.12492438558305,26.014334032190536,-60.92991846315706,24.417770231927236,-58.278371488127405,23.795855294439036,-1.6220640041052334,-5.008878968658977,1.5039022235594708,1.5218398817577292
98.00000000002223,567.0500000000222,199.10197051153483,-62.86322591754217,28.68424980641716,-62.755550002382904,25.816460497742092,-59.3800861732823,24.443333033827063,-3.0098479555848074,-3.3251329105047036,1.5489045761787728,1.5649923057322355
98.10000000002236,567.1500000000224,199.20197051153497,-62.44929024122644,26.900166386024047,-61.83980175584753,23.220504277703306,-61.070248065048425,24.78213504254173,-4.862849297184951,-2.435602270139315,1.4711344300391143,1.4885722529822782
98.20000000002227,567.2500000000223,199.30197051153488,-62.03535456491166,25.116082965634988,-59.85640133560091,19.068801193997285,-61.55653299476648,24.53857481552802,-4.862849297184951,-2.435602270139315,1.7097520752079918,1.7280291725630623
98.30000000002241,567.3500000000224,199.401970511535,-61.15937426670164,22.920044256162008,-58.52739881031904,20.467262499243184,-61.21065565030869,21.99116306345706,-3.7522136716862984,-5.492185160811044,1.440414942056196,1.4572904836080125
98.40000000002232,567.4500000000223,199.50197051153492,-59.8213493470143,20.31205025798414,-57.45325675299295,24.027279494471497,-61.585877017476975,21.441944547376455,-3.7522136716862984,-5.492185160811044,1.6750787849840827,1.692736244579898
98.50000000002245,567.5500000000225,199.60197051153506,-58.483324427144844,17.70405626101403,-56.699030081345015,24.950906803788907,-59.83377131479832,21.565255942193975,-0.836924495871197,-4.720101013075331,1.4073995645386765,1.4237445967263267
98.60000000002236,567.6500000000224,199.70197051153497,-56.349808119214465,20.4878515101411,-56.069397002567,24.847771169301044,-59.91746376438536,21.093245840886873,-0.836924495871197,-4.720101013075331,1.6374092857315024,1.654484805162775
98.7000000000225,567.7500000000225,199.8019705115351,-54.216291811279234,23.271646759274496,-58.58532723290736,23.377047956243555,-58.404514452229556,22.126552228678317,1.338383310180437,-2.683221701552394,1.5301121632186117,1.548518818531957
98.80000000002241,567.8500000000224,199.901970511535,-54.784669525874534,24.406162148815998,-62.32632212664594,21.373706877334296,-57.18497261863527,22.419222154593225,2.8704931225350085,-1.8972939582772765,1.598752337693451,1.6152723316364095
98.90000000002254,567.9500000000226,200.00197051153515,-58.05494126057015,23.89139768025578,-62.697744200305635,24.608883206105,-59.29241457682579,21.642643716482773,-0.36532023294611093,-2.6850424809922973,1.5039022235600172,1.5218398817582781
99.00000000002245,568.0500000000225,200.10197051153506,-61.325212994073254,23.376633212200954,-61.75685932382884,29.884241827866752,-59.753015801140165,21.8008372784303,-0.9917292184208266,-2.0594135584544704,1.5489045761793503,1.5649923057328146
99.10000000002259,568.1500000000226,200.2019705115352,-59.330807142862334,25.10189076629015,-61.79057044586527,27.05810262132713,-60.47770348571338,25.06992593590668,-1.826093460169064,2.545197231911896,1.4711344300396634,1.4885722529828296
99.2000000000225,568.2500000000225,200.3019705115351,-57.33640129165595,26.82714832037542,-62.20384573544181,21.076770613144134,-60.66031283173012,25.32444565909764,-1.826093460169064,2.545197231911896,1.7097520752086246,1.7280291725636976
99.30000000002264,568.3500000000226,200.40197051153524,-58.773786264399426,27.05238684959907,-60.47231867584568,21.916668266066473,-60.6562095520779,23.887616724251533,-1.5343155311054208,0.3239536753695129,1.440414942056713,1.4572904836085314
99.40000000002254,568.4500000000226,200.50197051153515,-63.64296205798064,25.77760635531751,-57.90548127284832,25.413148094435446,-60.8096411051883,23.920012091788454,-1.5343155311054208,0.3239536753695129,1.6750787849846858,1.692736244580503
99.50000000002268,568.5500000000227,200.60197051153528,-68.51213784885529,24.50282586111771,-59.82639514154984,24.26482261125044,-61.06132865218411,24.86369540565787,-1.9182977242058477,1.5328873488767019,1.40739956453918,1.4237445967268323
99.60000000002259,568.6500000000226,200.7019705115352,-61.42899222819048,23.60039112484545,-63.49509945691376,21.307540735729663,-61.25315842460452,25.016984140545404,-1.9182977242058477,1.5328873488767019,1.6374092857320965,1.654484805163371
99.70000000002273,568.7500000000227,200.80197051153533,-54.34584660750958,22.69795638857114,-64.3495693493768,21.23596566511076,-62.71365758165016,23.38269328283585,-3.6467671165254805,-0.8859288377705177,1.530112163219157,1.5485188185325052
99.80000000002264,568.8500000000226,200.90197051153524,-52.90298063030161,21.954861323222634,-64.10801324992518,22.288252074357512,-60.54790462284576,23.064831857011526,-0.07590627065107691,-1.2071249992093906,1.5987523376940198,1.6152723316369801
99.90000000002277,568.9500000000228,201.00197051153538,-57.10039429143022,21.371105928651637,-61.673439484729705,21.924285996092078,-61.888335983842936,22.775000284798868,-1.8770503803914147,-1.4341395971073854,1.5039022235605632,1.5218398817588261
100.00000000002268,569.0500000000227,201.10197051153528,-61.297807951674706,20.787350533521394,-58.384777537400964,21.00874911591106,-61.9107200620992,22.238610628761894,-1.6328484094722056,-2.010324793486447,1.5489045761799276,1.5649923057333928
100.10000000002282,569.1500000000228,201.20197051153542,-61.64881909527735,17.738166639185437,-58.28201000708354,21.347890177006022,-60.43251674374935,21.52095987918144,0.5567066657602697,-2.6948731434254043,1.471134430040212,1.4885722529833805
100.20000000002273,569.2500000000227,201.30197051153533,-61.99983023887919,14.68898274485641,-59.420014411080814,22.175675547159898,-60.376846077173376,21.251472564839144,0.5567066657602697,-2.6948731434254043,1.7097520752092572,1.7280291725643324
100.30000000002286,569.3500000000229,201.40197051153547,-62.27965391635964,15.283038545261778,-60.758064552577025,20.426515216805488,-60.41363702528514,20.048895145707522,0.4156730051316774,-4.00799561364183,1.4404149420572292,1.4572904836090503
100.40000000002277,569.4500000000228,201.50197051153538,-62.488290127782484,19.520334037068764,-62.17402409851827,17.673742875849634,-60.37206972477201,19.648095584343704,0.4156730051316774,-4.00799561364183,1.6750787849852888,1.6927362445811083
100.50000000002291,569.5500000000229,201.6019705115355,-62.696926338442395,23.757629527330565,-62.3269179366652,16.995414390483415,-61.48452450420665,19.172492066516682,-1.181991008154732,-3.9550282480264505,1.4073995645396835,1.4237445967273379
100.60000000002282,569.6500000000228,201.70197051153542,-59.581284854340474,21.22446818216803,-61.987900783332634,17.124994573269802,-61.602723605022014,18.776989241714396,-1.181991008154732,-3.9550282480264505,1.6374092857326903,1.6544848051639667
100.70000000002295,569.750000000023,201.80197051153556,-56.46564337023146,18.691306836999736,-61.14941898861538,19.657686949807132,-61.82229891732286,17.79432394699377,-1.3201086933334325,-4.749531660522862,1.5301121632197023,1.548518818533053
100.80000000002286,569.8500000000229,201.90197051153547,-56.74590245328483,17.08760612839315,-60.11641671453426,23.126290494350283,-60.493507275347135,17.29162286019071,0.7413287582142256,-4.788405400258836,1.5987523376945891,1.615272331637551
100.900000000023,569.950000000023,202.0019705115356,-60.422062100382405,16.413366055487188,-60.16266277441663,22.61684075288232,-60.172739274606336,19.434243543408947,1.0746209447403645,-1.2695239551548179,1.5039022235611097,1.521839881759375
101.00000000002291,570.0500000000229,202.1019705115355,-64.09822174568357,15.739125982843323,-60.62923068670423,20.558106501517425,-60.92200030328401,18.54697503359254,-0.1908778491247809,-2.384307626826943,1.5489045761805051,1.5649923057339716
101.10000000002304,570.150000000023,202.20197051153565,-59.988323222935406,16.19949518442731,-61.618142190208005,21.728613360010073,-60.87995721371613,18.85072960583865,-0.10933634319689717,-1.6658814739531511,1.4711344300407607,1.4885722529839318
101.20000000002295,570.250000000023,202.30197051153556,-55.87842470019659,16.659864386010252,-62.81048456215867,24.156773867284706,-60.89089084803581,18.684141458443488,-0.10933634319689717,-1.6658814739531511,1.7097520752098898,1.7280291725649675
101.30000000002309,570.3500000000231,202.4019705115357,-54.8407229443136,16.693526914237324,-62.00325879075361,23.28848248218088,-60.48808661530801,20.369713097909166,0.5111522576533802,0.7736194258959509,1.440414942057746,1.4572904836095693
101.400000000023,570.450000000023,202.5019705115356,-56.8752179524551,16.30048276950228,-60.41728529320367,21.136361674174513,-60.43697138954272,20.447075040498692,0.5111522576533802,0.7736194258959509,1.675078784985892,1.6927362445817133
101.50000000002314,570.5500000000231,202.60197051153574,-58.9097129601628,15.907438624992405,-58.71610995989837,19.15971833765106,-59.97655305419194,19.73147518259764,1.0992948745159623,-0.41659624645478455,1.407399564540187,1.4237445967278435
101.60000000002304,570.650000000023,202.70197051153565,-59.05374003588439,16.489127294695397,-56.970068354878556,17.25141609886594,-59.866623566740444,19.6898155579522,1.0992948745159623,-0.41659624645478455,1.6374092857332845,1.6544848051645626
101.70000000002318,570.7500000000232,202.80197051153579,-59.197767111606304,17.07081596439971,-57.41777504494792,18.033665986773336,-58.43333434814834,18.4925691592263,2.902275870214411,-1.9802480165881289,1.530112163220248,1.548518818533601
101.80000000002309,570.8500000000231,202.9019705115357,-60.963989760475904,17.557787853707453,-58.71985446655173,19.863772812034167,-58.348517434525725,18.077826818089168,2.612406944186984,-2.283860719732358,1.5987523376951582,1.615272331638122
101.90000000002323,570.9500000000232,203.00197051153583,-64.35240798099633,17.950042962708707,-60.0211783142612,17.52453143203695,-58.39641333579832,18.741852288265157,2.1946529363301757,-1.085944691365944,1.5039022235616561,1.5218398817599237
102.00000000002314,571.0500000000231,203.10197051153574,-67.74082620041747,18.342298071564866,-61.32220789770049,13.561504213526131,-60.20861384623379,18.571259179933662,-0.8063990431317394,-1.1768477635755876,1.5489045761810827,1.5649923057345505
102.10000000002327,571.1500000000233,203.20197051153588,-66.42256160947476,18.11275821016495,-62.27644664068851,12.948907991213414,-60.82101088532505,16.25450861774032,-1.515701468890385,-4.090733976747342,1.4711344300413098,1.4885722529844831
102.20000000002318,571.2500000000232,203.30197051153579,-65.10429701853502,17.88321834876556,-63.09562493107285,13.641163783347475,-60.97258103221395,15.845435220065959,-1.515701468890385,-4.090733976747342,1.7097520752105229,1.7280291725656027
102.30000000002332,571.3500000000233,203.40197051153592,-64.19337018897915,15.29813788383796,-62.0423515974657,14.484840059132086,-62.50932383878635,15.144307611204775,-3.397601083083646,-4.457667857722781,1.4404149420582621,1.4572904836100882
102.40000000002323,571.4500000000232,203.50197051153583,-63.689781120431526,10.357516817589818,-60.25983707779211,15.387488247286967,-62.84908394709441,14.698540825432902,-3.397601083083646,-4.457667857722781,1.6750787849864948,1.6927362445823186
102.50000000002336,571.5500000000234,203.60197051153597,-63.18619205208373,5.416895753389214,-58.3119908377714,13.916234808107824,-62.123918609383665,13.0470569394193,-1.9968882529337109,-6.328080445062061,1.4073995645406907,1.4237445967283493
102.60000000002327,571.6500000000233,203.70197051153588,-63.54075750772478,9.267126921212949,-56.29975484354596,11.520446488488815,-62.32360743467685,12.41424889491367,-1.9968882529337109,-6.328080445062061,1.6374092857338785,1.6544848051651586
102.70000000002341,571.7500000000234,203.801970511536,-63.89532296336662,13.117358089045439,-56.91322999107186,12.17711590732996,-59.902788148978836,11.239875768169973,1.573362686407395,-7.060884954836195,1.5301121632207932,1.548518818534149
102.80000000002332,571.8500000000233,203.90197051153592,-64.10475916709811,14.560918280952823,-58.54930923834544,14.022589284086425,-60.634530713516355,11.406549780861452,0.3187232742336139,-5.838179192546018,1.598752337695727,1.6152723316386928
102.90000000002345,571.9500000000235,204.00197051153606,-64.16906611905615,13.597807499196188,-60.55401430457838,13.632038467621774,-59.98490154258795,12.067898492739836,1.1535335194513734,-4.166747353117962,1.503902223562202,1.5218398817604721
103.00000000002336,572.0500000000234,204.10197051153597,-64.23337307063059,12.634696717657615,-62.7022836295488,12.3706502346713,-60.79656060520663,11.860785340191248,-0.21579229985454074,-3.8594859045184795,1.5489045761816598,1.5649923057351292
103.1000000000235,572.1500000000235,204.2019705115361,-62.660327232960455,12.593341779477678,-62.18846220011611,11.226691969241019,-61.732061806911915,11.570378240548461,-1.4348583529419106,-3.732888039802903,1.4711344300418585,1.488572252985034
103.20000000002341,572.2500000000234,204.301970511536,-61.087281395293886,12.551986841297836,-60.637868341281056,10.128467739180866,-61.87554764220597,11.19708943656851,-1.4348583529419106,-3.732888039802903,1.7097520752111555,1.7280291725662373
103.30000000002354,572.3500000000236,204.40197051153615,-60.782068970269655,13.357178024988253,-59.43458644802532,9.488210007265508,-61.14022149431287,10.643813855197717,-0.24580258089670617,-3.9570197963480727,1.4404149420587788,1.457290483610607
103.40000000002345,572.4500000000235,204.50197051153606,-61.744689956695694,15.00891532974839,-58.36656796370063,9.026310972583367,-61.16480175240252,10.24811187556327,-0.24580258089670617,-3.9570197963480727,1.6750787849870978,1.692736244582924
103.50000000002359,572.5500000000236,204.6019705115362,-62.70731094291847,16.66065263398344,-60.424891519919406,9.159371186320497,-60.4177698553819,10.6432273897393,0.7178214705866435,-2.696394086663382,1.4073995645411943,1.423744596728855
103.6000000000235,572.6500000000235,204.7019705115361,-62.80107300742155,16.075964835540972,-63.70079386346161,9.524143014079815,-60.3459877083233,10.373587981073207,0.7178214705866435,-2.696394086663382,1.6374092857344724,1.6544848051657544
103.70000000002364,572.7500000000236,204.80197051153624,-62.89483507192484,15.491277037097174,-61.069299503364064,9.901942564569216,-61.96753574927137,9.841888948836472,-1.5892172556000375,-3.050993155696161,1.5301121632213386,1.548518818534697
103.80000000002354,572.8500000000236,204.90197051153615,-63.63190236420441,14.39391835185499,-56.13712248558842,10.284815865350135,-62.31369505138973,10.69390729873905,-1.8534408927216124,-1.4299170622933612,1.5987523376962964,1.6152723316392634
103.90000000002368,572.9500000000237,205.00197051153629,-65.01227488365514,12.783888780294355,-55.672496972918076,9.157569319329685,-59.5926100115384,10.452081183751778,2.074183446047262,-1.5625860348615388,1.5039022235627484,1.521839881761021
104.00000000002359,573.0500000000236,205.1019705115362,-66.3926474030214,11.173859208498223,-56.94779494698054,7.442194581343154,-60.873793670848144,10.48291745029852,-0.12468803248547689,-1.2882655223234887,1.5489045761822373,1.564992305735708
104.10000000002373,573.1500000000237,205.20197051153633,-67.42913683907658,8.552467250477628,-57.857014889056856,8.314361718150346,-59.58138998140702,9.095023894936373,1.6158607328010535,-2.9566003240871117,1.4711344300424074,1.4885722529855854
104.20000000002364,573.2500000000236,205.30197051153624,-68.46562627512938,5.9310752924629915,-58.623662828300695,10.194267629918421,-59.419803908127065,8.799363862527931,1.6158607328010535,-2.9566003240871117,1.709752075211788,1.7280291725668726
104.30000000002377,573.3500000000238,205.40197051153638,-67.62743980121635,6.2430572993606885,-61.30543541777934,9.498802191078815,-60.70872901085148,8.508155258362372,-0.41347581948005363,-2.9891786795064483,1.4404149420592953,1.457290483611126
104.40000000002368,573.4500000000237,205.50197051153629,-64.91457741912302,9.488413268381358,-64.73306854296797,7.800337884777253,-60.750076592799445,8.209237390412,-0.41347581948005363,-2.9891786795064483,1.6750787849877007,1.6927362445835292
104.50000000002382,573.5500000000238,205.60197051153642,-62.20171503760443,12.733769235984848,-64.96784737611391,7.349168682283028,-62.68761169250236,8.496223932907647,-2.954993156645424,-2.0625734914897325,1.407399564541698,1.4237445967293605
104.60000000002373,573.6500000000237,205.70197051153633,-61.922036309372245,10.01220949997394,-63.95914369628784,7.383768484020869,-62.98311100816663,8.289966583758861,-2.954993156645424,-2.0625734914897325,1.6374092857350666,1.65448480516635
104.70000000002386,573.7500000000239,205.80197051153647,-61.64235758113942,7.290649763956843,-62.95044001645948,7.418368285758787,-63.51939637112895,7.756462992741506,-3.2830465627529057,-2.505378114079204,1.5301121632218841,1.548518818535245
104.80000000002377,573.8500000000238,205.90197051153638,-62.22182586504686,6.208726594149025,-61.94173633663341,7.452968087496629,-63.391277684159896,7.148615308732255,-2.6389566421518476,-3.005955116483531,1.5987523376968655,1.6152723316398343
104.90000000002391,573.9500000000239,206.0019705115365,-63.66044116027675,6.766439988979761,-62.46943636766841,4.519857300057956,-62.9654177286838,6.998448711550023,-1.7068503222156641,-2.804028987945293,1.5039022235632948,1.5218398817615695
105.00000000002382,574.0500000000238,206.10197051153642,-65.09905645447594,7.32415338227407,-63.5955010506914,0.43094800645114617,-63.553095306144535,6.847197164160899,-2.3228061062843937,-2.6146658861871708,1.5489045761828146,1.5649923057362867
105.10000000002395,574.150000000024,206.20197051153656,-62.23423785444176,1.4516707306173862,-62.98112334630901,1.6568271581191014,-63.892383514740956,3.8803983144563468,-2.4655418475635518,-6.199383737010788,1.4711344300429563,1.4885722529861365
105.20000000002386,574.2500000000239,206.30197051153647,-59.36941925441408,-4.420811921025946,-61.68891650360835,4.952592965201535,-64.13893769949709,3.260459940755832,-2.4655418475635518,-6.199383737010788,1.7097520752124207,1.7280291725675074
105.300000000024,574.350000000024,206.4019705115366,-58.934335934194294,-5.76521552855626,-62.028054034640355,6.4037744700096795,-62.30313875915808,1.8437821740925602,0.3752940610012143,-7.354197228483766,1.4404149420598118,1.4572904836116447
105.40000000002391,574.4500000000239,206.5019705115365,-60.928987891453005,-2.5815400963122137,-63.002531614357224,7.136567938980715,-62.265609353058,1.1083624512448524,0.3752940610012143,-7.354197228483766,1.6750787849883038,1.692736244584134
105.50000000002404,574.550000000024,206.60197051153665,-62.92363984877754,0.6021353350066267,-62.162801844487106,5.453008443218863,-62.691258667276266,2.5412596426389036,-0.2573656695250478,-4.513762142416708,1.4073995645422015,1.423744596729866
105.60000000002395,574.650000000024,206.70197051153656,-65.17260185768058,-0.08299823176982413,-60.616514584754775,2.8283810558688662,-62.71699523422875,2.0898834283976435,-0.2573656695250478,-4.513762142416708,1.6374092857356606,1.6544848051669458
105.70000000002409,574.7500000000241,206.8019705115367,-67.42156386658873,-0.768131798547833,-62.24280172517753,2.4923282066471577,-61.7404503077398,1.68897673727658,1.108169673956878,-4.445470638103683,1.5301121632224297,1.5485188185357928
105.800000000024,574.850000000024,206.9019705115366,-68.46598636548815,0.37260293397980404,-65.10467321326473,3.0475789239081106,-63.065432598613974,0.703127134309246,-0.917983992253169,-5.203814090727302,1.598752337697435,1.6152723316404052
105.90000000002414,574.9500000000241,207.00197051153674,-68.30586935554484,3.339205964058019,-65.46725908327164,3.1463321801193342,-64.23246181384071,1.1820439284172255,-2.371005048366885,-3.862420262691076,1.5039022235638413,1.5218398817621184
106.00000000002404,575.050000000024,207.10197051153665,-68.14575234513873,6.30580899280108,-64.85647827985902,3.0672988672916817,-65.2504996584658,1.9698919420984335,-3.5245577363696627,-2.140956806913938,1.5489045761833926,1.5649923057368653
106.10000000002418,575.1500000000242,207.20197051153679,-66.06385795082353,3.7607091392006122,-64.01614677702483,4.136555556845221,-65.36039040768264,2.1658966188484627,-3.2010040894638756,-1.5975506999833697,1.4711344300435052,1.4885722529866876
106.20000000002409,575.2500000000241,207.3019705115367,-63.981963556513065,1.2156092856059306,-63.086414927526306,5.653022925978597,-65.68049081662873,2.006141548850271,-3.2010040894638756,-1.5975506999833697,1.7097520752130535,1.7280291725681423
106.30000000002423,575.3500000000242,207.40197051153683,-63.59003433179683,-0.5436941610237249,-62.25360283678653,5.028855070921291,-64.47797104562898,2.9314055884030026,-1.140408231298975,-0.17782399439459917,1.4404149420603283,1.4572904836121636
106.40000000002414,575.4500000000241,207.50197051153674,-64.88807027503968,-1.517201201441488,-61.45853691739075,3.5709997925116093,-64.59201186875877,2.913623188963559,-1.140408231298975,-0.17782399439459917,1.6750787849889068,1.6927362445847396
106.50000000002427,575.5500000000243,207.60197051153688,-66.18610621733525,-2.4907082417435555,-59.78162693317791,1.8591268821582358,-63.83291902707671,2.0297343367677767,-0.0419817534074296,-1.4893102010133277,1.407399564542705,1.423744596730372
106.60000000002418,575.6500000000242,207.70197051153679,-63.5783133671379,-2.979571541887003,-57.76127576016459,0.04832478356374059,-63.83711720241745,1.8808033166665794,-0.0419817534074296,-1.4893102010133277,1.6374092857362548,1.654484805167542
106.70000000002432,575.7500000000243,207.80197051153692,-60.97052051693463,-3.468434842031562,-59.74658799220117,-0.612165924602483,-61.22101691824561,0.8351044715386111,3.5279835510985142,-2.702747935375468,1.530112163222975,1.548518818536341
106.80000000002423,575.8500000000242,207.90197051153683,-61.476602457580356,-2.958646266913602,-63.291937714609894,-0.8246587075253076,-60.579846404611985,-0.36194783352836507,3.934925052747181,-4.001126581448689,1.598752337698004,1.615272331640976
106.90000000002436,575.9500000000244,208.00197051153697,-65.09655918604709,-1.4502058175026526,-62.30125062872752,-0.06649376313794775,-61.6436296279427,-0.9169518479962051,1.965624799521466,-4.20904280578047,1.5039022235643875,1.5218398817626668
107.00000000002427,576.0500000000243,208.10197051153688,-68.71651591275413,0.05823463144748367,-59.543967909840426,1.0697015576930835,-62.99132463713093,-1.040372617378444,-0.3154575444831633,-3.7728692792246106,1.5489045761839697,1.5649923057374442
107.10000000002441,576.1500000000244,208.201970511537,-65.13736985303701,-0.31331985679441604,-59.406040545733696,1.0733274662693622,-61.477988072558894,-0.5021761901668039,1.7452365294178644,-2.55980219223962,1.471134430044054,1.488572252987239
107.20000000002432,576.2500000000243,208.30197051153692,-61.558223793328025,-0.684874345035471,-60.28824196951106,0.6358652041974608,-61.303464419617264,-0.7581564093905331,1.7452365294178644,-2.55980219223962,1.7097520752136866,1.7280291725687777
107.30000000002445,576.3500000000245,208.40197051153706,-59.549598389552976,-0.7326867711779015,-63.00615907832557,-0.4444439995231344,-60.63152408754499,-0.5468911286948726,2.423223165896867,-1.9401200530915195,1.440414942060845,1.4572904836126828
107.40000000002436,576.4500000000244,208.50197051153697,-59.11149364018549,-0.4567571355380148,-66.4390102693879,-1.7751150604740284,-60.38920177095552,-0.7409031340038481,2.423223165896867,-1.9401200530915195,1.6750787849895101,1.692736244585345
107.5000000000245,576.5500000000245,208.6019705115371,-58.673388891096984,-0.18082749986019095,-66.43229881642493,-2.143742206073089,-62.25529655581099,-1.248940310824348,-0.30010829289133545,-2.3251805839163264,1.4073995645432087,1.4237445967308775
107.60000000002441,576.6500000000244,208.701970511537,-59.375384168622865,0.24703744059826832,-65.08602231953583,-2.137693692843904,-62.2853073851001,-1.4814583692157692,-0.30010829289133545,-2.3251805839163264,1.6374092857368487,1.6544848051681376
107.70000000002454,576.7500000000246,208.80197051153715,-60.077379446150346,0.6749023810577004,-63.739745822643656,-2.131645179614706,-63.267837972323804,-1.9439405277055746,-1.5978469055813111,-2.6363504417321493,1.5301121632235204,1.548518818536889
107.80000000002445,576.8500000000245,208.90197051153706,-61.179975444626926,0.06392583880642477,-62.39346932575455,-2.1255966663855212,-62.81669082420576,-1.5849556634227724,-0.7357195729422834,-1.7640845702561188,1.598752337698573,1.6152723316415472
107.90000000002459,576.9500000000246,209.0019705115372,-62.68317216366413,-1.5858921851379306,-63.06520056671888,-3.6601098760276534,-62.576669694524675,-1.9462340020074889,-0.3119432528761187,-2.01224204449478,1.5039022235649337,1.5218398817632155
108.0000000000245,577.0500000000245,209.1019705115371,-64.1863688824907,-3.2357102082413327,-64.52286098059068,-5.794607108501419,-62.94318765083335,-2.379346444652354,-0.8072627314142783,-2.3522390756382023,1.5489045761845472,1.5649923057380228
108.10000000002464,577.1500000000246,209.20197051153724,-64.84570717582825,-1.4762177904158125,-66.8018040859328,-4.3150039019196695,-63.74195987685117,-4.040598960433085,-1.7650528631692315,-4.241807422265108,1.471134430044603,1.48857225298779
108.20000000002454,577.2500000000246,209.30197051153715,-65.50504546916429,0.2832746274057074,-69.40060227126706,-1.4278605181713644,-63.91846516316793,-4.46477970265921,-1.7650528631692315,-4.241807422265108,1.7097520752143194,1.7280291725694126
108.30000000002468,577.3500000000247,209.4019705115373,-64.75106726041649,0.30185895116461925,-67.28356375094006,-3.564018681545574,-66.56105933382135,-2.519329494612048,-5.074825661242773,-1.0440992058594565,1.4404149420613617,1.457290483613202
108.40000000002459,577.4500000000246,209.5019705115372,-62.58377255098294,-1.4204648174212304,-63.32990509675253,-7.656541608106818,-67.06854189994516,-2.6237394151978988,-5.074825661242773,-1.0440992058594565,1.6750787849901132,1.6927362445859502
108.50000000002473,577.5500000000247,209.60197051153733,-60.41647784295751,-3.1427885853594053,-63.768711212052,-7.486849255871062,-64.65244847087446,-4.833646682222883,-0.9880388216442786,-3.8086601885117566,1.407399564543712,1.4237445967313833
108.60000000002464,577.6500000000246,209.70197051153724,-63.95070700551974,-2.236005088561696,-65.91819768726052,-5.657203244405967,-64.7512523530388,-5.214512701073713,-0.9880388216442786,-3.8086601885117566,1.6374092857374425,1.654484805168734
108.70000000002477,577.7500000000248,209.80197051153738,-67.48493616809,-1.3292215917619248,-64.88396574134315,-6.090769416624222,-65.53704512471238,-5.526352511325747,-1.9240110164235227,-3.7152591945897706,1.5301121632240657,1.5485188185374372
108.80000000002468,577.8500000000247,209.9019705115373,-66.82461621571022,-1.215312420089754,-62.60980932014956,-7.405761584519249,-66.48675206115651,-4.882168073500631,-2.9926966176920753,-2.2922891482890035,1.5987523376991422,1.6152723316421178
108.90000000002482,577.9500000000248,210.00197051153742,-61.96974715253569,-1.8942775727586505,-64.03368951220077,-8.007549542999188,-65.03007095420352,-6.179424376585016,-0.6197796565322231,-3.7259406271139413,1.50390222356548,1.5218398817637642
109.00000000002473,578.0500000000247,210.10197051153733,-57.11487809116595,-2.5732427253013723,-66.89779949241257,-8.331574446410267,-63.3974492063857,-5.704208108084669,1.8833789900899651,-2.482871992725377,1.5489045761851246,1.5649923057386015
109.10000000002486,578.1500000000249,210.20197051153747,-59.49767853151372,-2.7493357161314846,-67.95653873161896,-5.9837795649529335,-64.80034491693948,-6.90926804357549,-0.23914233664541573,-3.7506498387347946,1.4711344300451519,1.4885722529883414
109.20000000002477,578.2500000000248,210.30197051153738,-61.88047897185607,-2.9254287069611964,-68.31216196852021,-2.5954232058303885,-64.824259150604,-7.284333027448628,-0.23914233664541573,-3.7506498387347946,1.709752075214952,1.7280291725700476
109.30000000002491,578.3500000000249,210.4019705115375,-62.537448324284135,-3.7378894092992754,-66.12999773434915,-3.5772697248985956,-65.80139872448618,-4.910626449891811,-1.4946675687007642,-0.0634157382349696,1.4404149420618781,1.4572904836137208
109.40000000002482,578.4500000000248,210.50197051153742,-61.46858659051367,-5.186717822508269,-62.95947197375651,-6.2611265331332975,-65.95086548135612,-4.9169680237153015,-1.4946675687007642,-0.0634157382349696,1.6750787849907163,1.6927362445865555
109.50000000002495,578.550000000025,210.60197051153756,-60.39972485667117,-6.635546234671915,-63.776922016316405,-6.392115891474177,-63.789375145163284,-5.917412752973414,1.737149918770982,-1.4193599677739361,1.4073995645442157,1.423744596731889
109.60000000002486,578.6500000000249,210.70197051153747,-59.052605186673475,-3.8916645911767467,-66.1475209718862,-5.528870705629818,-63.61566015328634,-6.059348749750678,1.737149918770982,-1.4193599677739361,1.6374092857380367,1.6544848051693295
109.700000000025,578.750000000025,210.8019705115376,-57.70548551667272,-1.1477829476753385,-66.67308381606175,-3.9679031703262124,-64.72186667512811,-5.884363633781912,-0.006649677750305338,-0.9905265213790962,1.530112163224611,1.548518818537985
109.80000000002491,578.8500000000249,210.9019705115375,-59.43542545722076,-1.6114038504233263,-66.48008266378228,-2.135202113528381,-63.11319130600645,-4.690111165676234,2.2643995688614513,0.8213428108928279,1.5987523376997115,1.6152723316426887
109.90000000002505,578.950000000025,211.00197051153765,-64.24242500524704,-5.282527296213892,-65.44632017551042,-4.277423897074417,-64.17605476875755,-3.4577468287825837,0.5220899283899931,2.365337879395977,1.5039022235660264,1.5218398817643128
110.00000000002495,579.050000000025,211.10197051153756,-69.04942455222951,-8.95365074045907,-64.08511649412783,-7.967711013377752,-65.17019222647814,-4.442699310652705,-1.0235088016577198,0.5743815611749041,1.548904576185702,1.5649923057391806
110.10000000002509,579.1500000000251,211.2019705115377,-69.72674304074116,-6.479346092852718,-61.39302288288129,-9.169977304453695,-64.72630554961856,-6.0380974956076585,-0.2948911698515766,-1.6157198254653782,1.4711344300457005,1.4885722529888925
110.200000000025,579.250000000025,211.3019705115376,-70.40406152925125,-4.005041445251992,-58.18260359718483,-9.403264085376279,-64.75579466660369,-6.19966947815405,-0.2948911698515766,-1.6157198254653782,1.7097520752155846,1.7280291725706827
110.30000000002514,579.3500000000251,211.40197051153774,-68.9364097209618,-4.182917574702435,-59.832730191761975,-8.199717230454489,-63.182017670856965,-6.875976189930983,1.7878689276289768,-2.2646910978784236,1.4404149420623946,1.4572904836142397
110.40000000002505,579.450000000025,211.50197051153765,-65.32378761803518,-7.012974478537816,-63.37583505981356,-6.4365840816807465,-63.00323077809423,-7.102445299718619,1.7878689276289768,-2.2646910978784236,1.6750787849913191,1.6927362445871608
110.50000000002518,579.5500000000252,211.6019705115378,-61.71116551570747,-9.84303138189557,-64.85170273017964,-7.7125583202428745,-63.102504502638226,-7.367996759401607,1.4597238837029465,-2.399748782858674,1.4073995645447193,1.4237445967323945
110.60000000002509,579.6500000000251,211.7019705115377,-60.50414593775989,-10.75512811281435,-65.52246842275326,-10.172137116126589,-62.956532114268065,-7.607971637687256,1.4597238837029465,-2.399748782858674,1.6374092857386309,1.6544848051699255
110.70000000002523,579.7500000000252,211.80197051153783,-59.29712635980956,-11.667224843735209,-65.3848562874165,-10.261447646707945,-63.91292810063905,-9.09120841125799,-0.0421725267306019,-4.082035831221973,1.5301121632251569,1.5485188185385332
110.80000000002514,579.8500000000251,211.90197051153774,-60.34705202192284,-9.713544477488783,-64.93241497390105,-9.427638338688135,-62.8244609256648,-10.093337071758429,1.499788542223466,-4.914101379038433,1.5987523377002804,1.6152723316432593
110.90000000002527,579.9500000000253,212.00197051153788,-63.65392292182604,-4.894087016959308,-64.92305840746148,-8.16547421145015,-63.44707771443544,-10.193044920067106,0.4557357486992115,-4.388305343362463,1.5039022235665729,1.5218398817648615
111.00000000002518,580.0500000000252,212.1019705115378,-66.96079382105387,-0.07462955877595293,-65.08626472185455,-6.7364838910090326,-64.15760820242267,-8.382303529817928,-0.6611347474072071,-1.0899587706615184,1.5489045761862796,1.564992305739759
111.10000000002532,580.1500000000253,212.20197051153792,-67.62156771053249,-4.507566932656822,-65.26306922440466,-6.727066842184021,-64.57290365758553,-7.741041241996531,-1.1269030644556817,-0.09582438092990253,1.4711344300462497,1.4885722529894436
111.20000000002523,580.2500000000252,212.30197051153783,-68.28234160000962,-8.940504306527611,-65.44516964954684,-7.2705139010020154,-64.685593964031,-7.750623680089513,-1.1269030644556817,-0.09582438092990253,1.7097520752162174,1.7280291725713177
111.30000000002536,580.3500000000254,212.40197051153797,-67.16646998850065,-12.128673298593279,-64.65279220976002,-7.7199871424548565,-65.728244710497,-8.227266577309532,-2.4056754715069832,-0.7475838820298646,1.4404149420629113,1.4572904836147587
111.40000000002527,580.4500000000253,212.50197051153788,-64.27395287781236,-14.072073910101633,-63.48089661055187,-8.132861532886656,-65.96881225764747,-8.30202496551245,-2.4056754715069832,-0.7475838820298646,1.6750787849919224,1.6927362445877663
111.50000000002541,580.5500000000254,212.601970511538,-61.381435767423035,-16.015474520141904,-63.967691331304515,-6.746673160740093,-64.39853589027547,-9.699327288520859,0.13892834651168606,-2.730624706417792,1.4073995645452229,1.4237445967329
111.60000000002532,580.6500000000253,212.70197051153792,-59.688729194748134,-12.176614751960674,-65.10047619707525,-4.659825478712446,-64.38464305562431,-9.97238975916239,0.13892834651168606,-2.730624706417792,1.6374092857392248,1.6544848051705212
111.70000000002545,580.7500000000255,212.80197051153806,-57.99602262206939,-8.337754983770715,-64.45485147548551,-6.800003521697172,-64.77986558043429,-7.914451103367766,-0.4184614552157665,0.4235079985229513,1.530112163225702,1.548518818539081
111.80000000002536,580.8500000000254,212.90197051153797,-57.701731101790635,-7.699341338823778,-63.11661098746154,-10.586430372083221,-63.2205651638577,-7.562333114567422,1.8410250003202915,0.857479581109075,1.5987523377008497,1.6152723316438304
111.9000000000255,580.9500000000255,213.0019705115381,-58.80585463248606,-10.261373813856874,-65.6499291788389,-9.336949595161492,-62.8732299322859,-9.02860628388543,2.0616107503228798,-1.2258540571225274,1.503902223567119,1.52183988176541
112.00000000002541,581.0500000000254,213.101970511538,-59.90997816309961,-12.823406288276773,-69.6910567078832,-6.126194516882139,-62.081376861838194,-9.933678991976803,2.926759003875998,-2.373145363427437,1.5489045761868567,1.5649923057403379
112.10000000002555,581.1500000000256,213.20197051153815,-60.70244048493377,-13.000402867838575,-68.02555128245176,-5.857623915970057,-65.01228338214955,-8.446458409241215,-1.3731265662244825,-0.0880390514791567,1.4711344300467983,1.488572252989995
112.20000000002545,581.2500000000255,213.30197051153806,-61.49490280676613,-13.177399447399974,-64.13755223935208,-6.734910473760125,-65.14959603877188,-8.455262314389122,-1.3731265662244825,-0.0880390514791567,1.7097520752168502,1.728029172571953
112.30000000002559,581.3500000000256,213.4019705115382,-61.208289760207194,-12.521428804247913,-63.429490211141264,-5.8306594491683335,-63.97299798790668,-8.774646219696045,0.4129689235502585,-0.5457253810774849,1.4404149420634278,1.4572904836152776
112.4000000000255,581.4500000000255,213.5019705115381,-59.84260134636235,-11.03249093923765,-63.959879959411715,-4.232574435593276,-63.931701095551695,-8.829218757803744,0.4129689235502585,-0.5457253810774849,1.6750787849925255,1.6927362445883716
112.50000000002564,581.5500000000256,213.60197051153824,-58.47691293305366,-9.543553074261013,-64.51478748627719,-4.988504659591647,-63.003923804516674,-7.3281974806748265,1.7615809021399376,1.4645225197705307,1.4073995645457265,1.4237445967334061
112.60000000002555,581.6500000000256,213.70197051153815,-59.210039641677234,-8.198656029147688,-65.0792436571279,-6.661224851179231,-62.82776571430284,-7.181745228697906,1.7615809021399376,1.4645225197705307,1.6374092857398188,1.6544848051711174
112.70000000002568,581.7500000000257,213.8019705115383,-59.94316635030248,-6.853758984031305,-64.58532317825482,-6.457971642945776,-63.621529359080064,-7.031150870786253,0.4401333664866953,1.4701273011869114,1.5301121632262475,1.5485188185396292
112.80000000002559,581.8500000000256,213.9019705115382,-61.492458599503664,-7.153922272961758,-63.67920949055878,-5.52410566510631,-62.88906241037261,-6.7210934841064365,1.4116569287475973,1.6985464177510572,1.5987523377014188,1.6152723316444013
112.90000000002573,581.9500000000257,214.00197051153833,-63.857916388449055,-9.099145894249736,-62.53827179882966,-7.9647478223083645,-62.96775466278153,-6.018292980221084,1.114550280484961,2.413938767937121,1.5039022235676651,1.5218398817659589
113.00000000002564,582.0500000000256,214.10197051153824,-66.22337417608705,-11.044369515125595,-61.30588002999791,-11.719619027118517,-63.57157121111935,-6.899308647300954,0.05799502623827957,0.7682498118558903,1.5489045761874343,1.5649923057409165
113.10000000002577,582.1500000000258,214.20197051153838,-63.521275416135964,-11.402809291266644,-62.60634682369371,-13.665405764609964,-62.61251568163674,-8.951733178762174,1.3295281529176324,-2.0531259010728373,1.4711344300473472,1.488572252990546
113.20000000002568,582.2500000000257,214.3019705115383,-60.81917665619102,-11.761249067406878,-64.89325554111359,-14.906630159558532,-62.47956286634509,-9.15704576886927,1.3295281529176324,-2.0531259010728373,1.7097520752174828,1.7280291725725876
113.30000000002582,582.3500000000258,214.40197051153842,-60.48431009135608,-12.80249246931178,-63.7480558833668,-12.331593225212256,-62.92826525026903,-11.909755587757353,0.5814157328740717,-5.456383136466234,1.4404149420639445,1.4572904836157967
113.40000000002573,582.4500000000257,214.50197051153833,-62.51667571918903,-14.526539496271772,-61.26619430611252,-8.270282946279174,-62.87012367698168,-12.455393901403479,0.5814157328740717,-5.456383136466234,1.6750787849931286,1.6927362445889769
113.50000000002586,582.5500000000259,214.60197051153847,-64.54904134629508,-16.25058652287876,-60.09522338517578,-8.742281767666293,-62.35333280508654,-11.764524516021059,1.1260263915490345,-3.9495296368339186,1.40739956454623,1.4237445967339115
113.60000000002577,582.6500000000258,214.70197051153838,-63.75925780724837,-16.59764087435808,-59.43478926244409,-10.979813894351432,-62.24073016593174,-12.15947747970409,1.1260263915490345,-3.9495296368339186,1.637409285740413,1.6544848051717131
113.70000000002591,582.7500000000259,214.8019705115385,-62.969474268199846,-16.944695225838196,-60.906042693617614,-11.327914287271831,-60.96082414358514,-12.295658031556776,2.7163920091328464,-3.5993785716817297,1.5301121632267929,1.548518818540177
113.80000000002582,582.8500000000258,214.90197051153842,-62.32391798228734,-16.01210403662762,-63.20749880667192,-10.940160455336617,-61.05531839488909,-13.630627687480635,2.1997162745152656,-4.965359566036226,1.5987523377019879,1.615272331644972
113.90000000002595,582.950000000026,215.00197051153856,-61.82258894935838,-13.799867308048881,-63.76475645240363,-12.921156294388581,-61.92709196972475,-13.017440672780106,0.7243783812698501,-3.475738610252993,1.5039022235682116,1.521839881766507
114.00000000002586,583.0500000000259,215.10197051153847,-61.321259917132956,-11.58763058015525,-63.64272212466548,-15.824680543361605,-61.741344575697774,-12.98628384205762,0.8917522999251843,-2.9204395929381457,1.5489045761880118,1.5649923057414952
114.100000000026,583.150000000026,215.2019705115386,-63.52976124904997,-11.999080812272773,-63.8703780359497,-16.67629473506369,-62.34338252044942,-14.56808450597699,-0.03024601377083247,-4.62943998035259,1.4711344300478961,1.4885722529910974
114.20000000002591,583.2500000000259,215.3019705115385,-65.73826258096196,-12.410531044389359,-64.23422359366259,-16.728776225816336,-62.346407121826495,-15.031028504011829,-0.03024601377083247,-4.62943998035259,1.7097520752181157,1.7280291725732229
114.30000000002605,583.3500000000261,215.40197051153865,-66.97356445775911,-12.247214585637442,-64.0681230360513,-15.862798304234184,-63.80866092238721,-15.589150733982747,-2.0215882835412975,-4.730378988009303,1.440414942064461,1.4572904836163154
114.40000000002595,583.450000000026,215.50197051153856,-67.23566688044927,-11.509131436616315,-63.69563074650573,-14.639119055402528,-64.01081975074116,-16.062188632783247,-2.0215882835412975,-4.730378988009303,1.6750787849937314,1.692736244589582
114.50000000002609,583.5500000000261,215.6019705115387,-67.49776930281767,-10.771048288011285,-64.49766405750162,-15.612526723696902,-64.62988073170217,-14.891306452369786,-2.6807605164863637,-2.3901084395039565,1.4073995645467337,1.4237445967344173
114.600000000026,583.650000000026,215.7019705115386,-66.52704190190975,-11.630710427091783,-65.7571257105229,-17.44160737632234,-64.89795678335057,-15.130317296319964,-2.6807605164863637,-2.3901084395039565,1.637409285741007,1.6544848051723091
114.70000000002614,583.7500000000261,215.80197051153874,-65.55631450099963,-12.490372566174235,-62.92472872108153,-18.048560997224676,-65.61451519612204,-16.44507007924571,-3.291784983212115,-3.845720276543632,1.5301121632273382,1.5485188185407253
114.80000000002605,583.8500000000261,215.90197051153865,-64.51818341559249,-13.080501486599264,-58.49872482025773,-18.179547519911747,-65.79549867536358,-16.048970628502257,-3.082656945645899,-2.7520304054175795,1.598752337702557,1.6152723316455428
114.90000000002618,583.9500000000262,216.0019705115388,-63.412648645754096,-13.40109718865146,-60.89207134811115,-16.415285385409874,-62.810582926936,-17.113565023879268,1.3676079714781344,-3.8116587404904747,1.503902223568758,1.5218398817670558
115.00000000002609,584.0500000000261,216.1019705115387,-62.30711387612584,-13.721692891112701,-65.94126816891435,-13.91290357894966,-62.59592186730075,-16.690759819246438,1.4826774560705933,-2.632867690096815,1.5489045761885893,1.564992305742074
115.10000000002623,584.1500000000262,216.20197051153883,-61.995570091294056,-15.609417624517716,-64.85169847740185,-15.065966941441621,-64.20189777745543,-15.670547343653746,-0.8572803912641949,-0.9321587901890442,1.4711344300484452,1.4885722529916485
115.20000000002614,584.2500000000261,216.30197051153874,-61.684026306462975,-17.49714235791844,-61.371337315267816,-17.64267251507041,-64.28762581658177,-15.763763222672566,-0.8572803912641949,-0.9321587901890442,1.7097520752187485,1.7280291725738577
115.30000000002627,584.3500000000263,216.40197051153888,-61.96530355331461,-17.552337781189472,-60.26269185256746,-18.126300628520134,-62.5273685611676,-17.197288428468006,1.6340608769175116,-2.7344249458919037,1.4404149420649774,1.4572904836168343
115.40000000002618,584.4500000000262,216.5019705115388,-62.83940183122493,-15.775003896255567,-60.077729943165814,-17.794763068358318,-62.36396247347599,-17.470730923056948,1.6340608769175116,-2.7344249458919037,1.6750787849943345,1.6927362445901872
115.50000000002632,584.5500000000263,216.60197051153892,-63.71350010917548,-13.997670011500796,-60.59318378151253,-16.38964353789892,-61.69959456496927,-17.134495286490985,2.2418853553530287,-1.8127425460491342,1.407399564547237,1.423744596734923
115.60000000002623,584.6500000000262,216.70197051153883,-64.73254730929538,-12.9148206507559,-61.381420106736954,-14.566408965530577,-61.47540602943417,-17.315769541095733,2.2418853553530287,-1.8127425460491342,1.6374092857416005,1.6544848051729049
115.70000000002636,584.7500000000264,216.80197051153897,-65.75159450941761,-11.831971290008543,-63.213018155241926,-15.017027880688902,-61.32607632673836,-16.205045360388855,2.1398956621549394,-0.0645089337496696,1.5301121632278836,1.5485188185412733
115.80000000002627,584.8500000000263,216.90197051153888,-63.26919871662834,-12.442540626446837,-65.4509617299594,-16.35321713191982,-62.16723165872234,-15.178682274983988,0.650909168012594,1.382422609935439,1.598752337703126,1.6152723316461137
115.90000000002641,584.9500000000264,217.001970511539,-57.28535993461034,-14.74652865828698,-63.91134829162356,-19.214634714791465,-63.602617824615656,-15.640110666289642,-1.376771552183345,0.5774631801215102,1.5039022235693043,1.5218398817676044
116.00000000002632,585.0500000000263,217.10197051153892,-51.30152115547495,-17.050516689943493,-60.900535212711326,-22.67006460919837,-61.09791173243699,-15.895202973063661,2.526394735891491,0.11877582072044307,1.5489045761891669,1.5649923057426525
116.10000000002645,585.1500000000265,217.20197051153906,-56.19529766392171,-18.678144725071075,-61.28427149482208,-22.484643896058948,-60.4907541876763,-18.681737226002976,2.9992807799333856,-3.589277716064539,1.471134430048994,1.4885722529921994
116.20000000002636,585.2500000000264,217.30197051153897,-61.08907417235734,-20.305772760194955,-62.99004203944608,-20.881264939878893,-60.190826109683236,-19.040664997609102,2.9992807799333856,-3.589277716064539,1.7097520752193813,1.7280291725744925
116.3000000000265,585.3500000000265,217.4019705115391,-62.97306484901568,-19.399410049219497,-65.49881107288438,-19.831620848836074,-61.66056875077119,-20.170645241954546,0.6031401710507531,-4.629770196693335,1.4404149420654941,1.4572904836173535
116.40000000002641,585.4500000000264,217.501970511539,-61.84726969707722,-15.959056594833747,-68.32031425805452,-18.997633207652584,-61.60025473366617,-20.633622261623458,0.6031401710507531,-4.629770196693335,1.6750787849949376,1.6927362445907925
116.50000000002655,585.5500000000266,217.60197051153915,-60.72147454481915,-12.518703142489633,-64.82014813914783,-20.404280324390005,-63.912969397253335,-18.923133569275386,-2.490321366270638,-1.5036708122434148,1.4073995645477408,1.4237445967354285
116.60000000002645,585.6500000000265,217.70197051153906,-58.403884132441505,-16.782297612589595,-58.857957601870616,-22.683560478589563,-64.16200153388017,-19.07350065049959,-2.490321366270638,-1.5036708122434148,1.637409285742195,1.6544848051735008
116.70000000002659,585.7500000000266,217.8019705115392,-56.086293720058585,-21.045892082699254,-58.45290211945631,-21.787827271317347,-61.63229187141318,-20.865307145149057,1.2955114181214902,-3.724741269196845,1.5301121632284291,1.548518818541821
116.8000000000265,585.8500000000265,217.9019705115391,-56.482431800827435,-22.947501601446877,-60.21211710789107,-19.65555984363752,-60.11318696499328,-21.684311475986224,3.256404933236063,-4.350312427732059,1.5987523377036956,1.6152723316466846
116.90000000002664,585.9500000000266,218.00197051153924,-59.59229837186216,-22.48712617135453,-62.10096230277144,-19.072522715599508,-60.04848186281816,-21.081368564816668,2.9037879769682964,-2.9570024834886808,1.5039022235698507,1.521839881768153
117.00000000002655,586.0500000000266,218.10197051153915,-62.70216494152919,-22.026750740725245,-64.04029301314439,-19.092845656546842,-60.38351356713656,-21.515505128860188,1.9799699842236436,-3.1599792998415697,1.5489045761897442,1.5649923057432313
117.10000000002668,586.1500000000267,218.2019705115393,-60.69743117655777,-19.54408971135602,-62.751133069966066,-17.16964902846643,-61.74019278525696,-20.926408848217836,-0.09378801456638675,-1.9606784153724197,1.4711344300495428,1.4885722529927508
117.20000000002659,586.2500000000266,218.3019705115392,-58.69269741159092,-17.061428681992435,-60.20461174941355,-14.489533237690999,-61.749571586713586,-21.1224766897549,-0.09378801456638675,-1.9606784153724197,1.7097520752200142,1.728029172575128
117.30000000002673,586.3500000000267,218.40197051153933,-56.674032141775676,-17.368142057538474,-59.35833428349948,-14.820463192119728,-60.27755152196502,-17.822348527882955,1.9229998539519797,2.726579582016583,1.4404149420660108,1.4572904836178724
117.40000000002664,586.4500000000266,218.50197051153924,-54.641435367136125,-20.46422983501186,-59.17423031732938,-16.324068873940046,-60.08525153657,-17.549690569681545,1.9229998539519797,2.726579582016583,1.6750787849955409,1.6927362445913978
117.50000000002677,586.5500000000268,218.60197051153938,-52.60883859299626,-23.56031761242056,-59.05862371473879,-20.43372562112259,-58.31160422880514,-18.144654326777935,4.248649110288206,1.3831530188623176,1.4073995645482444,1.4237445967359341
117.60000000002668,586.6500000000267,218.7019705115393,-52.45588418855204,-26.38908548574979,-58.969693955497014,-25.558329694667023,-57.8867393177767,-18.00633902489183,4.248649110288206,1.3831530188623176,1.637409285742789,1.6544848051740968
117.70000000002682,586.7500000000268,218.80197051153942,-52.30292978410748,-29.217853359085446,-59.46112198782192,-26.48710671356967,-57.92615997961761,-21.390319818754374,3.616093921581953,-3.3829490589380256,1.5301121632289745,1.548518818542369
117.80000000002673,586.8500000000267,218.90197051153933,-54.42928859829508,-29.02213350176422,-60.17857498056095,-25.78178549562762,-56.40961211097365,-23.634065972164663,5.245905899052541,-6.0524109094078025,1.5987523377042645,1.6152723316472555
117.90000000002686,586.9500000000269,219.00197051153947,-58.834960628678374,-25.801925917031106,-58.72193648270489,-25.883040080805014,-57.45723053528279,-24.911704069310176,3.121289706637498,-6.954993533131095,1.5039022235703967,1.5218398817687018
118.00000000002677,587.0500000000268,219.10197051153938,-63.240632657537134,-22.581718333246492,-56.418580752412005,-26.29842203124056,-58.439982351937516,-24.962523325017486,1.2085713145900598,-6.009756633975879,1.5489045761903215,1.5649923057438102
118.10000000002691,587.1500000000269,219.2019705115395,-62.00148441411892,-22.869426877766564,-54.73474040531857,-25.980734486772004,-57.35723122725413,-26.027284168804957,2.4916264878864136,-6.624298159613171,1.4711344300500917,1.488572252993302
118.20000000002682,587.2500000000268,219.30197051153942,-60.76233617070353,-23.157135422285986,-53.2921752543228,-25.377547193744753,-57.10806857846572,-26.68971398476567,2.4916264878864136,-6.624298159613171,1.7097520752206468,1.7280291725757628
118.30000000002696,587.350000000027,219.40197051153956,-58.97889592943851,-23.925441708972315,-56.22174025311453,-26.70968014631268,-55.9433273619289,-26.139772279772988,3.683451507176303,-4.9812701112387225,1.440414942066527,1.4572904836183913
118.40000000002686,587.4500000000269,219.50197051153947,-56.65116369091859,-25.174345737304098,-60.85406613215453,-28.795538969806856,-55.574982211211605,-26.637899290896407,3.683451507176303,-4.9812701112387225,1.6750787849961437,1.6927362445920031
118.500000000027,587.550000000027,219.6019705115396,-54.323431454068995,-26.423249764937953,-62.66736945762922,-27.552602665049747,-57.285131726900374,-27.870331414966348,0.9795550547060288,-5.9167817210332325,1.407399564548748,1.4237445967364402
118.60000000002691,587.6500000000269,219.7019705115395,-58.18853312538756,-25.082234213786496,-63.38278201582666,-25.01324060704271,-57.18717622142986,-28.462009587069133,0.9795550547060288,-5.9167817210332325,1.637409285743383,1.6544848051746928
118.70000000002705,587.7500000000271,219.80197051153965,-62.05363479671492,-23.741218662631987,-62.31482235175881,-24.970979938308474,-59.6228543764863,-27.36558166940303,-2.4723357898420355,-3.6325654816009516,1.53011216322952,1.5485188185429173
118.80000000002696,587.850000000027,219.90197051153956,-61.54970797526666,-23.566830902316724,-60.55231418365636,-25.90123527756035,-60.75733124097156,-26.788689763593524,-3.724384936251564,-2.315454673901689,1.5987523377048336,1.6152723316478266
118.90000000002709,587.9500000000271,220.0019705115397,-56.67675266576909,-24.559070931577278,-59.545800352819484,-27.933968438752544,-60.82296102713269,-26.759034011883102,-3.309776737240349,-1.9648349068882236,1.5039022235709432,1.5218398817692507
119.000000000027,588.050000000027,220.1019705115396,-51.80379735785772,-25.55131096117623,-58.83371453283664,-30.396070361211244,-59.167677258017925,-26.656304654445343,-0.37579329232459235,-1.5261258079087843,1.548904576190899,1.564992305744389
119.10000000002714,588.1500000000271,220.20197051153974,-52.75222582885945,-27.802559588833862,-59.652531995323216,-30.246440891969574,-59.0064992174538,-28.39370498139174,-0.11067398256210281,-3.6260589677314994,1.4711344300506406,1.4885722529938534
119.20000000002705,588.2500000000271,220.30197051153965,-53.70065429985903,-30.053808216486374,-61.06757192409123,-29.079651848075677,-59.01756661571,-28.75631087816456,-0.11067398256210281,-3.6260589677314994,1.7097520752212796,1.7280291725763979
119.30000000002718,588.3500000000272,220.4019705115398,-52.96046995510207,-30.91654001482532,-62.48261185286247,-27.912862804179127,-59.060173887002406,-29.4656352157964,-0.10605687826791432,-4.107182879694801,1.4404149420670438,1.4572904836189102
119.40000000002709,588.4500000000271,220.5019705115397,-50.5316727964272,-30.390754985355876,-63.897651781630486,-26.746073760285228,-59.07077957482919,-29.876353503765507,-0.10605687826791432,-4.107182879694801,1.6750787849967468,1.6927362445926082
119.50000000002723,588.5500000000272,220.60197051153983,-48.1028756380656,-29.864969955566636,-60.572213759524374,-25.42389235699541,-58.90111225128357,-29.03217990926661,0.5015276423077384,-2.453638197449817,1.4073995645492514,1.4237445967369455
119.60000000002714,588.6500000000271,220.70197051153974,-46.84245919454902,-28.171496725382216,-55.40055887475133,-24.041192162731086,-58.85095948705284,-29.27754372901137,0.5015276423077384,-2.453638197449817,1.6374092857439768,1.6544848051752887
119.70000000002727,588.7500000000273,220.80197051153988,-45.58204275102958,-26.47802349519395,-55.37156210850465,-26.507736251964428,-56.873665839454105,-27.30168424288705,3.1271163669481963,0.5519515444613821,1.5301121632300652,1.5485188185434648
119.80000000002718,588.8500000000272,220.9019705115398,-47.6590161774607,-25.96497799929403,-57.34541447177058,-30.47339915966853,-54.09879803262504,-26.901470434611586,6.6016318482362015,1.0353090353957297,1.5987523377054027,1.6152723316483972
119.90000000002732,588.9500000000273,221.00197051153992,-53.0733794702094,-26.632360236391822,-57.76345637370818,-30.185587836779835,-54.960366460731684,-28.577717260645827,4.545228662584723,-1.353750460677141,1.5039022235714892,1.5218398817697991
120.00000000002723,589.0500000000272,221.10197051153983,-58.48774276121252,-27.299742473641242,-57.57557551034764,-28.241227125659343,-55.351723083793914,-28.411931176631928,3.2957474188103184,-0.912184769721794,1.5489045761914764,1.5649923057449677
120.10000000002736,589.1500000000274,221.20197051153997,-57.549576709265125,-28.52841844223804,-57.07603621380909,-28.75251438656209,-55.84903524372426,-28.23537617320488,2.192776067940398,-0.5573698033796042,1.4711344300511895,1.4885722529944045
120.20000000002727,589.2500000000273,221.30197051153988,-56.61141065731986,-29.757094410832043,-56.455119060294905,-30.22017329220023,-55.62975763693042,-28.29111315354279,2.192776067940398,-0.5573698033796042,1.7097520752219122,1.728029172577033
120.30000000002741,589.3500000000274,221.40197051154001,-55.30366076592817,-30.76180875278827,-55.634402372390355,-31.695713920716567,-55.76554017165016,-29.50179483617643,1.7127849945164972,-2.1083364570731966,1.44041494206756,1.4572904836194291
120.40000000002732,589.4500000000273,221.50197051153992,-53.626327035501056,-31.5425614683476,-54.735872165816616,-33.174324148925855,-55.59426167219866,-29.71262848188356,1.7127849945164972,-2.1083364570731966,1.6750787849973496,1.6927362445932137
120.50000000002746,589.5500000000275,221.60197051154006,-51.948993306036776,-32.32331418332915,-56.01842188151477,-33.46112378555326,-54.45857248819051,-31.607964876308138,3.098442380862164,-4.389220692411041,1.4073995645497548,1.4237445967374514
120.60000000002736,589.6500000000274,221.70197051153997,-53.78516411462042,-30.99754109660588,-58.15041052995565,-33.283763302868266,-54.148728250104575,-32.04688694554884,3.098442380862164,-4.389220692411041,1.6374092857445706,1.6544848051758845
120.7000000000275,589.7500000000275,221.8019705115401,-55.621334923208245,-29.671768009879585,-57.60495216528465,-33.25369207626903,-55.68721220329792,-32.901022695935275,0.5802301939165111,-4.951056135723566,1.5301121632306105,1.5485188185440133
120.80000000002741,589.8500000000274,221.90197051154001,-56.21136219595291,-30.3656895908619,-56.01674075425823,-33.28098382257915,-55.81360165062868,-32.52671520365887,0.31999326080022034,-3.7330427536529807,1.5987523377059718,1.615272331648968
120.90000000002755,589.9500000000276,222.00197051154015,-55.55524593422845,-33.07930583733332,-54.898877393701554,-31.656214045119707,-55.692603361686594,-33.148256519656364,0.44026266257506497,-4.06626023881614,1.5039022235720358,1.5218398817703478
121.00000000002746,590.0500000000275,222.10197051154006,-54.899129672505225,-35.79292208289099,-53.9641948244294,-29.388035760142593,-55.4893711043515,-34.031771209745486,0.6754319771872679,-4.76547953496446,1.548904576192054,1.5649923057455462
121.10000000002759,590.1500000000276,222.2019705115402,-54.24206066049521,-35.207704458833234,-53.63674710508812,-30.664549645439998,-54.77588895483608,-32.55291427893084,1.5370397214644544,-2.174457760972735,1.4711344300517382,1.4885722529949554
121.2000000000275,590.2500000000275,222.3019705115401,-53.584991648486685,-34.62248683477681,-53.54579183042226,-33.321572105071304,-54.622184982689774,-32.770360055027915,1.5370397214644544,-2.174457760972735,1.7097520752225448,1.728029172577668
121.30000000002764,590.3500000000276,222.40197051154024,-53.37154134232294,-34.23098694026778,-52.606730525092644,-34.08882492244114,-53.87913243616507,-33.662956940408776,2.3362236069372466,-3.08350901992171,1.440414942068077,1.457290483619948
121.40000000002755,590.4500000000276,222.50197051154015,-53.60170974151473,-34.033204775093886,-51.33736757690522,-34.120091913863114,-53.64551007547156,-33.97130784240067,2.3362236069372466,-3.08350901992171,1.6750787849979532,1.692736244593819
121.50000000002768,590.5500000000277,222.6019705115403,-53.83187814048706,-33.835422610456284,-53.472109795211026,-34.54469906569816,-52.61687586647165,-34.22481523041651,3.3676750032373888,-2.9970168898393057,1.4073995645502586,1.423744596737957
121.60000000002759,590.6500000000276,222.7019705115402,-53.26902720068074,-35.572583720622625,-56.932607860429826,-35.12249567320112,-52.28010836614822,-34.52451691940017,3.3676750032373888,-2.9970168898393057,1.637409285745165,1.6544848051764804
121.70000000002773,590.7500000000277,222.80197051154033,-52.70617626087313,-37.309744830792916,-55.195650996032064,-36.62083202246055,-54.19821947107588,-35.08795783610228,0.29556756549163143,-3.353888670930769,1.5301121632311563,1.5485188185445613
121.80000000002764,590.8500000000276,222.90197051154024,-52.9157945800715,-37.18980785685188,-51.43450394802101,-38.47767989978575,-53.80062232544527,-36.03716267343506,0.8149343079888185,-4.213820573097446,1.5987523377065411,1.615272331649539
121.90000000002777,590.9500000000278,223.00197051154038,-53.89788215741968,-35.21277280085958,-51.78275880886299,-36.77211246216191,-52.421713587960596,-37.532215873172035,2.568206006564529,-5.655047865612591,1.503902223572582,1.5218398817708965
122.00000000002768,591.0500000000277,223.1019705115403,-54.879969734153505,-33.23573774596371,-53.731452945672075,-33.67913403048314,-52.741659910843495,-37.06171369649327,1.7162413211808207,-4.136043303392263,1.5489045761926317,1.564992305746125
122.10000000002782,591.1500000000278,223.20197051154042,-53.655387916090476,-35.19505124381314,-53.09847617149431,-31.872575336594306,-53.14871394196635,-35.898349951684686,0.9443516781955236,-2.0464716487543586,1.4711344300522873,1.4885722529955068
122.20000000002773,591.2500000000277,223.30197051154033,-52.43080609803023,-37.154364741658114,-51.46004711613499,-30.567023046903103,-53.05427877414688,-36.10299711655993,0.9443516781955236,-2.0464716487543586,1.7097520752231778,1.7280291725783032
122.30000000002786,591.3500000000279,223.40197051154047,-52.18056880970704,-36.97043206495046,-51.63069974517227,-31.151851279888955,-52.048782496370556,-34.575968432642036,2.1720455269221075,0.231196082665167,1.4404149420685932,1.4572904836204672
122.40000000002777,591.4500000000278,223.50197051154038,-52.90467605003651,-34.643253216078854,-52.50591363284213,-32.47290325104933,-51.831577943678546,-34.55284882437554,2.1720455269221075,0.231196082665167,1.675078784998556,1.6927362445944243
122.50000000002791,591.5500000000279,223.60197051154051,-53.62878329002078,-32.31607436884695,-53.39671399944343,-34.51057075025823,-52.29547654301474,-33.57655292592345,1.2082584766875868,1.5504246217704019,1.407399564550762,1.423744596738463
122.60000000002782,591.6500000000278,223.70197051154042,-53.11271489500068,-35.87080701147792,-54.29358464429872,-36.827329869674,-52.174650695346095,-33.42151046374655,1.2082584766875868,1.5504246217704019,1.637409285745759,1.6544848051770766
122.70000000002796,591.750000000028,223.80197051154056,-52.596646499979414,-39.42553965411697,-52.73746002949771,-36.92586674970194,-53.00210074707896,-34.86571610212959,-0.08369818865180223,-0.6135557727754763,1.5301121632317014,1.5485188185451095
122.80000000002786,591.8500000000279,223.90197051154047,-53.815708644116874,-40.54383906228474,-50.22599688993446,-36.16049932602561,-52.87074684044687,-36.25155706660354,0.11347543227109685,-2.4691074260798542,1.5987523377071102,1.61527233165011
122.900000000028,591.950000000028,224.0019705115406,-56.76990132547755,-39.2257052387119,-50.635683213849,-36.10163704523267,-51.58183637374397,-36.356918772700816,1.8399194670660945,-2.279101076288408,1.5039022235731283,1.5218398817714451
123.00000000002791,592.0500000000279,224.10197051154051,-59.724094006381776,-37.90757141612308,-52.18303444276918,-36.317928814691236,-53.16659934689411,-36.866683115789144,-0.7727766972172707,-2.692358790508353,1.548904576193209,1.564992305746704
123.10000000002805,592.1500000000281,224.20197051154065,-61.070243592445614,-40.09722765224931,-52.90043278365482,-36.00475877845001,-53.035102773568006,-36.932327437970784,-0.49429603876602607,-2.42258849327636,1.4711344300528362,1.488572252996058
123.20000000002796,592.250000000028,224.30197051154056,-62.41639317850639,-42.286883888370554,-53.29459936754373,-35.485385628532924,-53.08453237744457,-37.1745862872982,-0.49429603876602607,-2.42258849327636,1.7097520752238107,1.728029172578938
123.30000000002809,592.3500000000281,224.4019705115407,-62.128184533906165,-42.61890540715792,-53.72550430271191,-37.6025499610313,-54.93625620516189,-37.798882031741016,-2.996484514167034,-2.987237943837618,1.4404149420691101,1.457290483620986
123.400000000028,592.450000000028,224.5019705115406,-60.20561766048199,-41.093292210696426,-54.17071728114754,-40.74653479756377,-55.23590465657832,-38.09760582612451,-2.996484514167034,-2.987237943837618,1.675078784999159,1.6927362445950296
123.50000000002814,592.5500000000281,224.60197051154074,-58.283050786242214,-39.567679014073256,-53.984078748419506,-39.0361056020449,-55.67497913160816,-39.74171901359023,-3.2725798038421825,-4.784045296133785,1.4073995645512658,1.4237445967389684
123.60000000002805,592.6500000000281,224.70197051154065,-53.48321207902358,-37.480943934174114,-53.551360616408026,-35.43508623042177,-56.00223711199208,-40.22012354320317,-3.2725798038421825,-4.784045296133785,1.637409285746353,1.6544848051776724
123.70000000002818,592.7500000000282,224.8019705115408,-48.68337337179403,-35.394208854270225,-50.94650198737201,-36.139538932582,-55.278784718867044,-38.385302407477894,-1.8410636477814764,-1.6539649876442724,1.530112163232247,1.5485188185456573
123.80000000002809,592.8500000000281,224.9019705115407,-46.94494753682712,-34.90707990342895,-47.495685955930895,-38.520791996728626,-53.56117803255124,-37.68601850719576,0.8425725557759651,-0.44258194065862044,1.5987523377076793,1.6152723316506807
123.90000000002823,592.9500000000282,225.00197051154083,-48.26793457066237,-36.01955707984406,-50.10956365044395,-38.649716630901125,-50.80032800717836,-38.292939605464205,4.459605843197306,-1.1978645425448289,1.5039022235736745,1.5218398817719938
124.00000000002814,593.0500000000281,225.10197051154074,-49.590921604343364,-37.132034255704305,-55.085384579219856,-37.901454034040064,-50.19218773615134,-38.13983212942969,4.699167718406189,-0.7977445242249852,1.548904576193786,1.5649923057472825
124.10000000002827,593.1500000000283,225.20197051154088,-50.37747679089288,-36.28544658731531,-55.759673891986054,-37.08593092342286,-52.067369345166455,-38.04965407478001,1.571078104958294,-0.572547865516893,1.4711344300533848,1.4885722529966092
124.20000000002818,593.2500000000282,225.3019705115408,-51.1640319774406,-35.43885891892825,-54.7586974854066,-36.24421267046829,-51.91026153467077,-38.10690886133165,1.571078104958294,-0.572547865516893,1.709752075224443,1.7280291725795731
124.30000000002832,593.3500000000283,225.40197051154092,-51.397839761015234,-34.992818500021556,-53.90289261615544,-35.616590200708735,-52.62039929970421,-36.899453726443554,0.41597495604031376,1.1341499908828157,1.4404149420696264,1.457290483621505
124.40000000002823,593.4500000000282,225.50197051154083,-51.07890014224161,-34.94732533014371,-53.10362595739112,-35.072349037485594,-52.578801804100216,-36.786038727355375,0.41597495604031376,1.1341499908828157,1.6750787849997621,1.6927362445956347
124.50000000002836,593.5500000000284,225.60197051154097,-50.75996052322435,-34.901832160350686,-53.678619292022844,-37.18654468084585,-52.329948688951475,-35.75417398746917,0.7485394022550153,2.393213890307283,1.4073995645517692,1.423744596739474
124.60000000002827,593.6500000000283,225.70197051154088,-49.58639231373074,-35.15511892835298,-54.78882911740765,-40.336089694297215,-52.255094748726044,-35.514852598438665,0.7485394022550153,2.393213890307283,1.6374092857469469,1.6544848051782681
124.70000000002841,593.7500000000284,225.80197051154101,-48.41282410423446,-35.40840569635584,-55.269464788481166,-39.21430044698226,-53.31062840045061,-37.52735679551252,-0.7915311455225932,-0.653784520106627,1.5301121632327923,1.548518818546205
124.80000000002832,593.8500000000283,225.90197051154092,-47.89017227847098,-34.66233828648699,-55.504907795021886,-36.42900608064843,-52.233741808349784,-37.16744804880432,0.8398348524857416,-0.05797397184394637,1.5987523377082484,1.6152723316512514
124.90000000002846,593.9500000000285,226.00197051154106,-48.01843683569791,-32.916916699879174,-53.151089386340246,-36.38101997387203,-53.433118089148834,-36.598893794166415,-0.8944427880707261,0.7129988553068421,1.5039022235742212,1.5218398817725423
125.00000000002836,594.0500000000284,226.10197051154097,-48.146701393344244,-31.171495114756414,-49.78886251423411,-37.39910035220686,-52.38056194412077,-35.38629914366445,0.7924501180445455,2.386377525859036,1.5489045761943638,1.5649923057478614
125.1000000000285,594.1500000000285,226.2019705115411,-49.75161396101783,-34.63721008854714,-51.17559400869441,-37.78209990538385,-51.01841069691781,-36.0020079075169,2.5036984403903575,1.2543201988140866,1.471134430053934,1.4885722529971606
125.20000000002841,594.2500000000284,226.30197051154101,-51.35652652868777,-38.102925062329994,-54.41184513108899,-37.91776217724627,-50.768040852879004,-35.8765758876356,2.5036984403903575,1.2543201988140866,1.709752075225076,1.7280291725802082
125.30000000002855,594.3500000000286,226.40197051154115,-51.8349763539113,-38.99898264136405,-54.21129899640696,-38.06366242098552,-52.391978817522144,-37.16990379042348,-0.01305846009514637,-0.6652468354111817,1.440414942070143,1.457290483622024
125.40000000002846,594.4500000000285,226.50197051154106,-51.18696343797201,-37.32538282857829,-52.672264820021425,-38.213549924345244,-52.39328466353166,-37.23642847396454,-0.01305846009514637,-0.6652468354111817,1.6750787850003652,1.69273624459624
125.50000000002859,594.5500000000286,226.6019705115412,-50.538950522357645,-35.65178301625596,-52.06152483931875,-39.06740910758956,-52.018059264968926,-37.34235365492405,0.5447881752038842,-0.6615541698910857,1.4073995645522728,1.4237445967399796
125.6000000000285,594.6500000000285,226.7019705115411,-51.03021387265608,-35.609079618070965,-51.81231642046471,-40.195435663748256,-51.963580447448585,-37.408509071913095,0.5447881752038842,-0.6615541698910857,1.637409285747541,1.6544848051788636
125.70000000002864,594.7500000000286,226.80197051154124,-51.521477222955625,-35.56637621988586,-53.1337555266836,-38.97446190054538,-51.827910614256524,-38.67822645173232,0.6554050051039888,-2.290122301546416,1.5301121632333377,1.548518818546753
125.80000000002855,594.8500000000286,226.90197051154115,-52.12954473739166,-36.64169210581509,-55.06689581070322,-36.83865126969785,-51.75650398048558,-38.225159302405864,0.6636831034132863,-1.3345560623759676,1.5987523377088178,1.6152723316518223
125.90000000002868,594.9500000000287,227.0019705115413,-52.854416415833086,-38.83502727458232,-53.44121461926,-37.95842167324781,-53.16830565422204,-37.59474734012899,-1.3338527553133415,-0.3091892213511793,1.5039022235747672,1.521839881773091
126.00000000002859,595.0500000000286,227.1019705115412,-53.57928809382856,-41.02836244372496,-50.42952208321172,-40.34610401845348,-53.36066121950129,-38.35072371289561,-1.4209600464940644,-1.3722762607821883,1.5489045761949412,1.5649923057484398
126.10000000002873,595.1500000000287,227.20197051154133,-52.75329544206947,-44.54943709099972,-48.768517020187495,-42.53449023826858,-52.1090812763434,-39.43662368651233,0.43804224203882147,-2.6293206348520726,1.4711344300544826,1.4885722529977115
126.20000000002864,595.2500000000286,227.30197051154124,-51.92730279031226,-48.070511738266475,-47.63354794226537,-44.64525899605123,-52.065277052139564,-39.699555749997295,0.43804224203882147,-2.6293206348520726,1.7097520752257087,1.728029172580843
126.30000000002877,595.3500000000288,227.40197051154138,-52.19538194067132,-47.5499368320175,-47.98320083187224,-42.80047229377685,-50.27404428862944,-43.561497914262105,2.775906845692478,-7.496809842289491,1.4404149420706596,1.4572904836225427
126.40000000002868,595.4500000000287,227.5019705115413,-53.55753289188668,-42.98771237690514,-48.91105156130539,-39.41516303940763,-49.99645360406044,-44.311178898490375,2.775906845692478,-7.496809842289491,1.6750787850009683,1.692736244596845
126.50000000002882,595.5500000000288,227.60197051154142,-54.91968384250792,-38.42548792311721,-49.887089263433054,-39.19254064402008,-50.3811327440469,-41.88989718120866,1.7293604758082162,-3.1324412336025773,1.4073995645527764,1.4237445967404851
126.60000000002873,595.6500000000287,227.70197051154133,-54.21364695885956,-38.485776860599636,-50.88189376554381,-40.20165181441912,-50.20819669646624,-42.20314130456863,1.7293604758082162,-3.1324412336025773,1.637409285748135,1.6544848051794598
126.70000000002887,595.7500000000289,227.80197051154147,-53.5076100752096,-38.546065798082196,-51.995519605289985,-39.45863006051149,-50.430085043176206,-41.811532310622866,1.1914410705338678,-2.178687825141838,1.530112163233883,1.5485188185473011
126.80000000002877,595.8500000000288,227.90197051154138,-53.0895565424526,-38.25711610336288,-53.155421360550825,-38.03322619582211,-50.89356391775722,-41.3270447477533,0.36926228512891524,-1.194714358554609,1.5987523377093869,1.615272331652393
126.90000000002891,595.9500000000289,228.00197051154151,-52.95948636025402,-37.618927776843776,-51.89537602267451,-38.57447086214629,-51.848484392300655,-40.03899548929423,-0.9710770378552381,0.6946511643363384,1.5039022235753137,1.5218398817736396
127.00000000002882,596.0500000000288,228.10197051154142,-52.829416178098086,-36.98073945035019,-49.69286303152644,-39.88164244939153,-52.133343877794466,-39.332669186402406,-1.2484124416466194,1.6284238917948068,1.5489045761955187,1.5649923057490187
127.10000000002896,596.150000000029,228.20197051154156,-52.84601090706591,-36.4259509113578,-48.12033272308594,-41.85859284803814,-51.12836837948693,-39.51698018228024,0.25863222909096173,1.1684260740464885,1.4711344300550317,1.4885722529982628
127.20000000002887,596.2500000000289,228.30197051154147,-52.8626056360337,-35.87116237236667,-46.79315418381011,-44.09639393485417,-51.102505156577855,-39.4001375748757,0.25863222909096173,1.1684260740464885,1.7097520752263415,1.7280291725814783
127.300000000029,596.350000000029,228.4019705115416,-52.11471392435955,-35.95197648035576,-47.51397280432797,-43.717706255578406,-49.743807438141936,-40.49545156336202,2.020760834187012,-0.4030299711759424,1.440414942071176,1.4572904836230618
127.40000000002891,596.4500000000289,228.50197051154151,-50.602335772933365,-36.66839323458767,-49.032400216610874,-42.32000620442855,-49.54173135472342,-40.535754560479575,2.020760834187012,-0.4030299711759424,1.6750787850015714,1.6927362445974508
127.50000000002905,596.5500000000291,228.60197051154165,-49.08995762193272,-37.38480998928999,-49.67012504743109,-40.440416437015095,-49.28680702151108,-40.46965221905498,2.098694874774969,-0.15739524838145524,1.40739956455328,1.423744596740991
127.60000000002896,596.650000000029,228.70197051154156,-49.051531147039235,-39.711963737339595,-49.964853249301036,-38.3731508847487,-49.076937534033775,-40.48539174389311,2.098694874774969,-0.15739524838145524,1.6374092857487292,1.6544848051800556
127.70000000002909,596.7500000000291,228.8019705115417,-49.01310467214566,-42.03911748539449,-48.636614259112726,-39.295610365698685,-49.27307170870918,-39.449144794705475,1.545544533401686,1.2660725076959451,1.5301121632344288,1.5485188185478491
127.800000000029,596.850000000029,228.9019705115416,-49.0056205948898,-41.74476667022386,-46.676297780472176,-41.38244205294656,-49.07626508849173,-40.12414803914126,1.6051694303574369,0.14304790201822914,1.5987523377099562,1.6152723316529638
127.90000000002914,596.9500000000291,229.00197051154174,-49.02907891523559,-38.8289112948782,-46.17101068493485,-42.84103056893854,-47.80662078000302,-40.80748993490008,3.103996837387985,-0.79342827267467,1.50390222357586,1.521839881774188
128.00000000002905,597.0500000000291,229.10197051154165,-49.05253723451452,-35.913055921639504,-46.23239636171469,-44.054944782346105,-47.826831150888985,-39.827004389124625,2.615639964486667,0.7605034970372129,1.548904576196096,1.5649923057495974
128.10000000002918,597.1500000000292,229.2019705115418,-45.41046082892711,-40.21389533321066,-48.143290933036866,-42.498119243244545,-47.01588395747464,-41.408858885073194,3.348453515618325,-1.4363139440713912,1.4711344300555804,1.488572252998814
128.2000000000291,597.2500000000291,229.3019705115417,-41.76838442334798,-44.51473474477203,-50.7744914616488,-39.862207058099365,-46.681038605913116,-41.5524902794802,3.348453515618325,-1.4363139440713912,1.7097520752269744,1.728029172582113
128.30000000002923,597.3500000000292,229.40197051154183,-40.91765459602725,-46.257977388533114,-49.72020215937953,-38.69531250691783,-46.95409908854641,-41.70351000282064,2.600195463672012,-1.4942293192579428,1.4404149420716927,1.4572904836235807
128.40000000002914,597.4500000000291,229.50197051154174,-42.85827134370652,-45.443623267475054,-47.23056951350131,-38.100538563668685,-46.694079542179445,-41.8529329347463,2.600195463672012,-1.4942293192579428,1.6750787850021744,1.6927362445980558
128.50000000002927,597.5500000000293,229.60197051154188,-44.79888809118248,-44.62926914652418,-46.10290931703249,-40.50599962436549,-46.117695668355736,-41.156787752016264,3.071468706668978,-0.4773122225351494,1.4073995645537836,1.4237445967414968
128.60000000002918,597.6500000000292,229.7019705115418,-46.03128561606272,-44.186656425131304,-45.50568012950865,-44.07992608308419,-45.810548797689115,-41.20451897426974,3.071468706668978,-0.4773122225351494,1.6374092857493232,1.6544848051806518
128.70000000002932,597.7500000000293,229.80197051154192,-47.26368314094576,-43.74404370373742,-46.491312747368355,-44.76789237854323,-45.35108337979686,-42.75985422210756,3.278991604241122,-2.5172868537092783,1.530112163234974,1.5485188185483976
128.80000000002923,597.8500000000292,229.90197051154183,-47.45512004634811,-43.905305051793896,-48.09340349167686,-44.33189852207337,-45.58669449671216,-43.14536875490623,2.48378405151805,-2.704715535658523,1.598752337710525,1.6152723316535351
128.90000000002937,597.9500000000294,230.00197051154197,-46.60559633349195,-44.670440468592986,-47.459984189137344,-45.04117873800778,-46.49362872697245,-43.789172720760305,0.9225438408975195,-3.205853026001069,1.5039022235764061,1.521839881774737
129.00000000002927,598.0500000000293,230.10197051154188,-45.7560726207617,-45.4355758845846,-45.95592770876453,-46.196495055478344,-46.26429214461275,-44.39226755931927,1.1250332471970887,-3.620071548867164,1.5489045761966735,1.5649923057501762
129.1000000000294,598.1500000000294,230.20197051154202,-45.32923638686256,-43.45371588580913,-45.311982207374875,-46.415056755752616,-45.896658123916865,-45.48635492070315,1.4653480445072016,-4.590119118327668,1.4711344300561295,1.4885722529993652
129.20000000002932,598.2500000000293,230.30197051154192,-44.90240015296439,-41.471855887038174,-45.00301377147653,-46.26879191570821,-45.750123319466276,-45.9453668325355,1.4653480445072016,-4.590119118327668,1.7097520752276072,1.7280291725827484
129.30000000002946,598.3500000000295,230.40197051154206,-44.13705667550164,-40.2086176605001,-45.127240879913586,-47.28947719136124,-45.15848623679587,-45.48439839976799,2.06906661556095,-3.3159374272189313,1.4404149420722094,1.4572904836240996
129.40000000002937,598.4500000000294,230.50197051154197,-43.033205954876486,-39.66400120535428,-45.420179440441984,-48.764640476105036,-44.95157957523997,-45.815992142489584,2.06906661556095,-3.3159374272189313,1.6750787850027775,1.6927362445986611
129.5000000000295,598.5500000000295,230.6019705115421,-41.929355234577514,-39.11938475136083,-46.358412968495436,-47.74017648195757,-44.45438769549865,-45.98836830925862,2.545865320129761,-2.873110573835533,1.4073995645542872,1.4237445967420024
129.6000000000294,598.6500000000294,230.70197051154202,-41.937518935572946,-42.47757129699182,-47.54796175687567,-45.74221275213237,-44.19980116348591,-46.27567936664191,2.545865320129761,-2.873110573835533,1.6374092857499172,1.6544848051812475
129.70000000002955,598.7500000000296,230.80197051154215,-41.9456826365684,-45.83575784263044,-47.21894897759239,-45.32549322248085,-45.42547536077262,-46.10490204979138,0.5291181721094533,-2.2532603701909237,1.5301121632355192,1.5485188185489451
129.80000000002946,598.8500000000295,230.90197051154206,-42.38927580518393,-47.20325448712938,-46.298520311143456,-45.524601830053804,-44.65073938942157,-46.60268239886647,1.547733168486182,-2.6349580877134398,1.5987523377110942,1.6152723316541056
129.9000000000296,598.9500000000296,231.0019705115422,-43.268298440906726,-46.58006123284853,-44.40666946203351,-45.398515993548685,-45.04325534130532,-46.45220198731123,0.8081497977207569,-2.079262955740454,1.5039022235769524,1.5218398817752852
130.0000000000295,599.0500000000295,231.1019705115421,-44.14732107636611,-45.95686797970489,-42.1364905133616,-45.145780592916154,-44.789283620039065,-46.510275314486556,1.063926304257825,-1.8595469202927146,1.5489045761972509,1.5649923057507549
130.10000000002964,599.1500000000296,231.20197051154224,-44.14192957768754,-49.17619758731436,-41.73427265254465,-45.976490360014594,-43.49226418700847,-46.15890418746861,2.6520845517404634,-1.1475599000868506,1.4711344300566782,1.4885722529999164
130.20000000002955,599.2500000000296,231.30197051154215,-44.136538079008986,-52.39552719491651,-42.059547102535774,-47.229156469686146,-43.22705573183467,-46.27366017747719,2.6520845517404634,-1.1475599000868506,1.7097520752282396,1.7280291725833832
130.30000000002968,599.3500000000297,231.4019705115423,-43.41079924969659,-52.010189530709155,-40.85178655238962,-48.265475238674796,-42.787794383199625,-48.14085990181781,2.874423574284023,-3.5444313852075746,1.4404149420727257,1.4572904836246185
130.4000000000296,599.4500000000296,231.5019705115422,-41.964713090608626,-48.020184598972385,-39.04697332162816,-49.21753581414994,-42.500352025771484,-48.49530304033825,2.874423574284023,-3.5444313852075746,1.6750787850033804,1.6927362445992664
130.50000000002973,599.5500000000297,231.60197051154233,-40.51862693242277,-44.03017966837915,-39.95394667886155,-48.061605541689666,-40.61908890331506,-48.29378857804147,5.027842346066371,-2.6570796706713855,1.4073995645547905,1.423744596742508
130.60000000002964,599.6500000000296,231.70197051154224,-42.11223167539064,-43.909802925074814,-41.917046903045375,-46.084701458221446,-40.11630466870888,-48.55949654510837,5.027842346066371,-2.6570796706713855,1.6374092857505111,1.6544848051818435
130.70000000002977,599.7500000000298,231.80197051154238,-43.70583641836214,-43.78942618177021,-43.40575510474924,-47.49654409242303,-40.59639856808578,-47.614297585027636,3.688742662930896,-1.0185728942407928,1.5301121632360648,1.5485188185494934
130.80000000002968,599.8500000000297,231.9019705115423,-41.9673342277738,-44.43620523825033,-44.70970755810669,-50.228161103285665,-41.08357865295141,-46.88952375463272,2.4807063360751447,0.13950461712844797,1.5987523377116635,1.6152723316546767
130.90000000002982,599.9500000000298,232.00197051154242,-36.89672510758772,-45.8501400936041,-41.6346719465959,-47.785718010445464,-42.38635190145871,-48.42712528362286,0.3849620717639173,-1.9431992820363617,1.5039022235774988,1.521839881775834
131.00000000002973,600.0500000000297,232.10197051154233,-31.826115990301403,-47.264074948699225,-36.854204585476474,-43.32819603532926,-40.11271024338088,-48.332212388667585,3.6865816916540837,-1.5191230031015666,1.5489045761978284,1.5649923057513337
131.10000000002987,600.1500000000299,232.20197051154247,-36.452129051041595,-47.82047754254483,-38.48825112397965,-45.551513654569334,-38.10197663488356,-46.20976523290155,5.876920130413538,1.4945315703546238,1.4711344300572273,1.4885722530004677
131.20000000002977,600.2500000000298,232.30197051154238,-41.07814211177127,-48.37688013638916,-42.62048114704099,-50.37673741958523,-37.51428462184274,-46.06031207586623,5.876920130413538,1.4945315703546238,1.7097520752288726,1.7280291725840184
131.3000000000299,600.3500000000299,232.40197051154252,-44.31765823200978,-48.86555552994061,-42.13549846675101,-51.012380503586655,-40.22401803790606,-48.34247898185791,1.41548706163733,-1.75510580546757,1.4404149420732424,1.4572904836251375
131.40000000002982,600.4500000000298,232.50197051154242,-46.17067741340061,-49.286503723277946,-39.85230555561551,-50.016358050910405,-40.08246933174246,-48.51798956240451,1.41548706163733,-1.75510580546757,1.6750787850039834,1.6927362445998715
131.50000000002996,600.55000000003,232.60197051154256,-48.02369659309765,-49.70745191685765,-39.53421923845961,-50.123557830771475,-41.08093054329945,-49.25891985870223,-0.3566533044899227,-2.5276701988799672,1.4073995645552944,1.4237445967430136
131.60000000002987,600.6500000000299,232.70197051154247,-44.21921031638219,-50.93274191903301,-39.98145932253903,-50.66041628847501,-41.11659587374841,-49.51168687859,-0.3566533044899227,-2.5276701988799672,1.6374092857511053,1.6544848051824392
131.70000000003,600.75000000003,232.8019705115426,-40.414724039658076,-52.15803192121117,-40.44067644262381,-50.94266784658122,-40.75003520658031,-50.24374565081744,0.19135024481523344,-3.1762111944659197,1.5301121632366104,1.5485188185500414
131.8000000000299,600.8500000000299,232.90197051154252,-38.6086467241338,-52.120321410367524,-40.904558114692,-51.12576072149109,-40.26465031139768,-51.05871637268551,0.8493070444465073,-3.8729783207496467,1.5987523377122326,1.6152723316552473
131.90000000003005,600.9500000000301,233.00197051154265,-38.80097836740198,-50.81961038801819,-39.81386904916711,-51.42786833806582,-40.48282621782509,-51.44971793177138,0.4397017008424333,-3.8779499663871593,1.5039022235780453,1.5218398817763827
132.00000000002996,601.05000000003,233.10197051154256,-38.99331001094598,-49.51889936575527,-38.11774003870516,-51.776327192893476,-40.1317770152365,-51.34345529020846,0.8932999926959914,-3.1535573386780746,1.5489045761984057,1.5649923057519124
132.1000000000301,601.1500000000301,233.2019705115427,-40.10608292400302,-48.49624002476019,-37.80448479750753,-52.12480413299554,-39.142190588620736,-51.81853251550063,2.094137792425039,-3.3651973245311746,1.471134430057776,1.4885722530010186
132.20000000003,601.25000000003,233.3019705115426,-41.218855837057525,-47.47358068376744,-38.029800750579604,-52.47328811655054,-38.932776809378424,-52.15505224795344,2.094137792425039,-3.3651973245311746,1.7097520752295052,1.7280291725846533
132.30000000003014,601.3500000000301,233.40197051154274,-40.72954438731042,-47.972215794649344,-38.448855250483795,-52.61660184900321,-38.95059733402908,-51.686535226737455,1.7623850402780736,-2.2466003061101683,1.4404149420737589,1.4572904836256564
132.40000000003005,601.4500000000301,233.50197051154265,-38.63814857669456,-49.992145355570344,-38.943362769210374,-52.68001039443086,-38.77435883000143,-51.91119525734827,1.7623850402780736,-2.2466003061101683,1.6750787850045867,1.692736244600477
132.50000000003018,601.5500000000302,233.6019705115428,-36.54675276665044,-52.01207491562609,-37.56680105921119,-49.80248930232345,-38.3576819237733,-52.35313243055527,2.1478431788623333,-2.5263244035098946,1.4073995645557977,1.4237445967435194
132.6000000000301,601.6500000000301,233.7019705115427,-36.361730715486615,-51.15556908286462,-35.46153654823248,-45.77959975914558,-38.14289760588726,-52.60576487090603,2.1478431788623333,-2.5263244035098946,1.6374092857516993,1.6544848051830354
132.70000000003023,601.7500000000302,233.80197051154283,-36.17670866432236,-50.29906325010121,-35.27455005896697,-48.22609869171159,-36.66150998675586,-49.72729975030509,3.8734976834333663,1.7104376929499008,1.5301121632371557,1.5485188185505896
132.80000000003014,601.8500000000301,233.90197051154274,-34.540752168562,-51.2889187064891,-35.834652210797515,-53.192152449146406,-36.19387656565875,-49.604357079270734,3.9867913882645656,1.64304995635006,1.5987523377128021,1.6152723316558184
132.90000000003027,601.9500000000303,234.00197051154288,-31.453861229953194,-54.12513544979937,-33.675540233381255,-55.217868332885075,-35.76064448231866,-51.338156444174764,4.033484763473655,-0.9048436214370765,1.5039022235785917,1.5218398817769314
133.00000000003018,602.0500000000302,234.1019705115428,-28.36697029369917,-56.96135219166208,-30.457408673998295,-56.09844623267893,-33.872332952611075,-52.60756875046653,6.226981007670132,-2.6334004644202746,1.5489045761989835,1.5649923057524913
133.10000000003032,602.1500000000303,234.20197051154292,-33.04367851386479,-55.032091679926445,-32.26644676328805,-55.7314167466665,-31.736402358845474,-54.19444298043834,8.245457879561464,-4.387157916726559,1.471134430058325,1.48857225300157
133.20000000003023,602.2500000000302,234.30197051154283,-37.720386734019776,-53.1028311681952,-36.03335607814821,-54.87849663587169,-30.911856570890077,-54.6331587721106,8.245457879561464,-4.387157916726559,1.7097520752301383,1.7280291725852883
133.30000000003037,602.3500000000304,234.40197051154297,-38.958629197386934,-52.655455507597864,-36.60152326062794,-53.38699864735923,-33.95296785667817,-54.56759595960376,2.9927980559277225,-3.6926100924379233,1.4404149420742756,1.4572904836261755
133.40000000003027,602.4500000000303,234.50197051154288,-36.758405908135536,-53.6899646963372,-35.92391486426297,-51.646801422612015,-33.65368805108567,-54.936856968847216,2.9927980559277225,-3.6926100924379233,1.6750787850051896,1.6927362446010823
133.5000000000304,602.5500000000304,234.60197051154302,-34.55818261943425,-54.72447388455452,-34.32487436341041,-53.13947574794849,-34.28903263989419,-53.92102636652247,1.7229278484387303,-1.8636367292975304,1.4073995645563013,1.4237445967440248
133.60000000003032,602.6500000000303,234.70197051154292,-34.17991774395675,-54.03792611847375,-32.36697479677288,-55.891217625443886,-34.11673985505047,-54.10739003945205,1.7229278484387303,-1.8636367292975304,1.6374092857522933,1.654484805183631
133.70000000003046,602.7500000000305,234.80197051154306,-33.8016528684784,-53.35137835239141,-34.29342893442006,-55.414098208334714,-33.05688428267366,-55.27035316723913,2.932167332410996,-3.1850965283661976,1.530112163237701,1.5485188185511374
133.80000000003037,602.8500000000304,234.90197051154297,-32.409412641793125,-53.11828922009178,-37.73267553362714,-53.67947306497664,-32.91062596739802,-55.080301829462144,2.7247843465073314,-2.472622690558741,1.5987523377133706,1.615272331656389
133.9000000000305,602.9500000000305,235.0019705115431,-30.003197065130365,-53.33865872102116,-36.40682909162859,-52.524226274477044,-34.8768489874081,-54.588709740166834,-0.30050129778924717,-1.4808319788885944,1.5039022235791375,1.5218398817774799
134.0000000000304,603.0500000000304,235.10197051154302,-27.5969814905499,-53.559028222702366,-33.22517924444105,-51.59462299415648,-33.35404478034135,-54.48583104277218,1.9932797817776713,-1.1128689463951489,1.5489045761995608,1.5649923057530697
134.10000000003055,603.1500000000306,235.20197051154315,-32.00717321567528,-56.2486362958768,-32.71843356896858,-52.483998417278265,-32.8022748802529,-53.447310910841246,2.4633964831786836,0.41069022317959547,1.4711344300588738,1.488572253002121
134.20000000003046,603.2500000000305,235.30197051154306,-36.41736494079063,-58.93824436904511,-33.2534506098799,-54.08178957176323,-32.55593523193526,-53.406241888523326,2.4633964831786836,0.41069022317959547,1.7097520752307709,1.7280291725859234
134.3000000000306,603.3500000000306,235.4019705115432,-38.20740069472123,-59.61595989552103,-34.04213079301756,-55.04008631625221,-33.681493225408715,-54.9365840812416,0.5723037697943392,-1.738729738659833,1.4404149420747923,1.4572904836266944
134.4000000000305,603.4500000000305,235.5019705115431,-37.377280480664105,-58.281782877762566,-34.929602105526904,-55.749326873712,-33.62426284842933,-55.110457055107425,0.5723037697943392,-1.738729738659833,1.6750787850057929,1.6927362446016878
134.50000000003064,603.5500000000306,235.60197051154324,-36.54716026616012,-56.94760586040989,-34.158235625147874,-55.93462250167077,-34.614617821282316,-55.83834603501607,-0.9060815388202267,-2.5180903623098,1.407399564556805,1.4237445967445308
134.60000000003055,603.6500000000306,235.70197051154315,-34.26740780610487,-56.94528180357072,-32.74082156541388,-55.915863607317085,-34.705225975164254,-56.090155071246826,-0.9060815388202267,-2.5180903623098,1.6374092857528872,1.654484805184227
134.70000000003068,603.7500000000307,235.8019705115433,-31.98765534604444,-56.942957746731565,-31.518736240704254,-54.73845860946701,-33.854300456908256,-56.244366095311356,0.3766893342167549,-2.386028185840266,1.5301121632382466,1.5485188185516854
134.8000000000306,603.8500000000306,235.9019705115432,-30.72389542143504,-57.16595850225835,-30.372723246266144,-53.109809666189285,-33.19139953219961,-56.60438664225644,1.2589965816060746,-2.5561296220496685,1.5987523377139399,1.61527233165696
134.90000000003073,603.9500000000307,236.00197051154333,-30.47612803102346,-57.614284069875445,-30.781335445902318,-53.15402463560374,-31.879934204573118,-55.34073093642332,2.8611194518694836,-0.5167607850659919,1.503902223579684,1.5218398817780288
135.00000000003064,604.0500000000306,236.10197051154324,-30.228360640457215,-58.06260963684538,-31.795408798967205,-53.8497497683492,-31.303755653380506,-55.961382381352585,3.2895880318793633,-1.3509985923894088,1.5489045762001379,1.5649923057536486
135.10000000003078,604.1500000000308,236.20197051154338,-29.47487981691051,-56.40593883917116,-30.15177871762072,-54.77112937441021,-31.291915162763722,-55.39044575553293,2.866588933894988,-0.4154604229335206,1.4711344300594227,1.4885722530026724
135.20000000003068,604.2500000000307,236.3019705115433,-28.721398993365515,-54.749268041500706,-27.47308488393413,-55.78039191084321,-31.005256269374485,-55.43199179782624,2.866588933894988,-0.4154604229335206,1.7097520752314037,1.7280291725865584
135.30000000003082,604.3500000000308,236.40197051154342,-27.072579893995393,-54.11791541502294,-27.684509626129515,-56.45393000783182,-28.820663863959993,-55.426063754848066,5.424533354497339,-0.337890592172584,1.4404149420753087,1.4572904836272134
135.40000000003073,604.4500000000307,236.50197051154333,-24.528422519911025,-54.511880958477185,-29.021514047056723,-56.99671755020581,-28.27821052851075,-55.45985281406529,5.424533354497339,-0.337890592172584,1.6750787850063957,1.6927362446022929
135.50000000003087,604.5500000000309,236.60197051154347,-21.98426514678485,-54.905846502525954,-29.53901630073993,-57.11987647449697,-27.1516069252075,-55.94495335738168,6.38691753326596,-0.9078635291909481,1.4073995645573085,1.4237445967450364
135.60000000003078,604.6500000000308,236.70197051154338,-22.557463814661368,-57.21950785976445,-29.73735691385006,-57.079607694101554,-26.512915171881485,-56.03573971030069,6.38691753326596,-0.9078635291909481,1.6374092857534812,1.6544848051848229
135.7000000000309,604.7500000000309,236.80197051154352,-23.13066248253919,-59.5331692170082,-29.981693046369926,-58.378924142332586,-27.238567441513403,-56.51949835859217,4.528098432851398,-1.4396036278559174,1.530112163238792,1.5485188185522334
135.80000000003082,604.8500000000308,236.90197051154342,-24.985377613539026,-61.216516872383245,-30.243942499952066,-60.19995271816782,-26.0334542208558,-57.52422479488411,5.589724727316999,-2.6455028595403434,1.5987523377145092,1.615272331657531
135.90000000003096,604.950000000031,237.00197051154356,-28.121609206084184,-62.269550826676884,-27.44778406183759,-60.25031027941333,-27.17025382234701,-58.964088887739855,3.298130686734242,-4.223168747013282,1.5039022235802306,1.5218398817785774
136.00000000003087,605.0500000000309,237.10197051154347,-31.25784079741166,-63.32258477979539,-23.46050433172959,-59.61106592315927,-27.778834202797448,-60.22513945270117,1.9119935019931296,-5.452929112721458,1.5489045762007159,1.5649923057542274
136.100000000031,605.150000000031,237.2019705115436,-30.479321975590437,-60.5831572997815,-25.199966828156604,-59.22924414347257,-25.621449071874945,-60.428667705865095,4.534657595311713,-5.000071662153172,1.4711344300599716,1.4885722530032237
136.2000000000309,605.2500000000309,237.30197051154352,-29.700803153770984,-57.84372981977383,-29.169754657681956,-58.947677634780554,-25.167983312344187,-60.92867487207996,4.534657595311713,-5.000071662153172,1.7097520752320365,1.7280291725871935
136.30000000003105,605.3500000000311,237.40197051154365,-28.962914850062518,-56.923787243709775,-28.246370878642946,-58.366924337160874,-27.290661506021355,-59.863589872888305,1.0534646461807138,-2.8799612017302834,1.440414942075825,1.4572904836277325
136.40000000003096,605.450000000031,237.50197051154356,-28.265657064417955,-57.82332956933472,-25.41730247716606,-57.66965036368956,-27.185315041403378,-60.15158599306107,1.0534646461807138,-2.8799612017302834,1.6750787850069988,1.6927362446028982
136.5000000000311,605.5500000000311,237.6019705115437,-27.568399278589688,-58.72287189407995,-27.60520047636378,-58.588714886569,-26.319357930628467,-59.225464879545164,2.0373608984571767,-1.2364321505608293,1.407399564557812,1.423744596745542
136.600000000031,605.650000000031,237.7019705115436,-26.286508961995892,-56.79174986139174,-31.746995964926704,-60.13727529954568,-26.115621840782936,-59.349108094601135,2.0373608984571767,-1.2364321505608293,1.6374092857540752,1.6544848051854186
136.70000000003114,605.7500000000312,237.80197051154374,-25.004618645399187,-54.86062782869915,-32.57432105534251,-59.99290824336267,-28.6134724088494,-59.93612547664194,-1.6433536402839493,-1.8634346852755788,1.530112163239337,1.5485188185527812
136.80000000003105,605.8500000000311,237.90197051154365,-25.086033323664356,-55.13516533727816,-32.11079927290267,-59.18921711213227,-27.871258920784403,-58.83416593140717,-0.3640611001382612,-0.058573106399242736,1.598752337715078,1.6152723316581017
136.90000000003118,605.9500000000312,238.0019705115438,-26.53075299509309,-57.61536238438174,-29.30212558675869,-60.77218999606532,-29.47311939834079,-58.88841764145411,-2.4795493511793922,-0.1235346448758872,1.5039022235807764,1.5218398817791257
137.0000000000311,606.0500000000311,238.1019705115437,-27.975472665697513,-60.095559429777666,-25.580113829192964,-63.28466817358193,-29.350254133088185,-59.15536044652984,-1.93179651992678,-0.49681627672476325,1.548904576201293,1.5649923057548056
137.10000000003123,606.1500000000312,238.20197051154383,-26.78450903775745,-57.11183580563311,-24.317580819404867,-61.473215481643706,-27.76530688215709,-60.946069957643054,0.4400188127763831,-2.8037764317788083,1.4711344300605205,1.4885722530037746
137.20000000003114,606.2500000000312,238.30197051154374,-25.59354540982009,-54.12811218149535,-24.01291138027707,-57.97777350310748,-27.721305000879493,-61.22644760082068,0.4400188127763831,-2.8037764317788083,1.7097520752326691,1.7280291725878283
137.30000000003128,606.3500000000313,238.40197051154388,-25.386117776823074,-52.604081509955364,-23.717630601166846,-55.706822031149805,-25.89548957423619,-58.52489044214644,2.844719393384772,1.2333951616803245,1.4404149420763417,1.457290483628251
137.40000000003118,606.4500000000312,238.5019705115438,-26.162226137537367,-52.53974378919466,-23.426006310415595,-53.91275813138273,-25.611017634897973,-58.401550925978526,2.844719393384772,1.2333951616803245,1.6750787850076019,1.6927362446035032
137.50000000003132,606.5500000000313,238.60197051154393,-26.93833449718083,-52.47540606889283,-23.874125147743236,-53.589863046498174,-24.87810857342209,-55.616872640349015,3.3801260881039066,4.904153503212144,1.4073995645583157,1.4237445967460476
137.60000000003123,606.6500000000312,238.70197051154383,-24.296095330170555,-53.873951443168075,-24.610342833114956,-53.839926364011454,-24.540095964612007,-55.12645729002825,3.3801260881039066,4.904153503212144,1.6374092857546694,1.6544848051860146
137.70000000003137,606.7500000000314,238.80197051154397,-21.65385616315427,-55.27249681744651,-24.458056711828128,-56.37008736926692,-24.34855289992009,-54.21503667449292,3.180572030142371,5.473825675778025,1.5301121632398826,1.5485188185533292
137.80000000003128,606.8500000000313,238.90197051154388,-19.838088893567733,-57.26566733909807,-23.959735712399127,-59.78825056383357,-23.22338733280177,-54.09408111318528,4.319537356614835,4.876418302210197,1.5987523377156474,1.6152723316586726
137.9000000000314,606.9500000000314,239.00197051154402,-18.848793520365383,-59.85346300738552,-24.185003775669013,-60.926642985421175,-23.065521262428007,-56.17043047136936,3.9491469781441997,1.434680946642283,1.5039022235813229,1.5218398817796746
138.00000000003132,607.0500000000313,239.10197051154393,-17.859498148517503,-62.441258674632394,-24.69207935766753,-61.17716053724331,-21.648577186033187,-57.39374127052108,5.4588260225484175,-0.5693049809751867,1.5489045762018705,1.564992305755385
138.10000000003146,607.1500000000315,239.20197051154406,-21.179712694879992,-61.73149653834754,-25.30078654963749,-59.13075831147419,-22.32230798991169,-58.83698714433146,3.8320030034030337,-2.406251054341409,1.4711344300610691,1.4885722530043262
138.20000000003137,607.2500000000314,239.30197051154397,-24.499927241234932,-61.02173440206431,-25.949074980884646,-56.18980239963561,-21.939107689571735,-59.07761224976538,3.8320030034030337,-2.406251054341409,1.7097520752333017,1.7280291725884638
138.3000000000315,607.3500000000315,239.4019705115441,-26.72621810713745,-59.48635484124044,-25.011329953123447,-55.80905347654678,-23.809464564884433,-58.26193425011845,0.7810469720391453,-1.0196905420717122,1.4404149420768584,1.4572904836287706
138.4000000000314,607.4500000000314,239.50197051154402,-27.85858529395538,-57.12535785692291,-23.455891573235373,-56.425397539136654,-23.731359867680588,-58.36390330432553,0.7810469720391453,-1.0196905420717122,1.675078785008205,1.692736244604109
138.50000000003155,607.5500000000316,239.60197051154415,-28.990952479699363,-54.76436087315503,-22.272603636796422,-57.76202879682724,-24.358909815388163,-57.220186146444306,-0.3271795419836152,0.7313955053305511,1.4073995645588193,1.4237445967465536
138.60000000003146,607.6500000000315,239.70197051154406,-26.717145672699232,-54.15949322286234,-21.234252652103557,-59.37918163462886,-24.391627769586496,-57.14704659591132,-0.3271795419836152,0.7313955053305511,1.6374092857552636,1.6544848051866106
138.7000000000316,607.7500000000316,239.8019705115442,-24.44333886569393,-53.55462557256828,-20.307390402444707,-60.82801086191276,-23.060580470619673,-58.12972471297843,1.5308510268490942,-0.6972563292971242,1.5301121632404282,1.5485188185538774
138.8000000000315,607.8500000000315,239.9019705115441,-23.412739380283377,-54.9823850855381,-19.423948327865386,-62.21128511957138,-22.974963367995926,-57.16775543391454,1.4356423583065512,0.7481074460623774,1.5987523377162165,1.6152723316592434
138.90000000003164,607.9500000000317,240.00197051154424,-23.625347214891228,-58.442771759208654,-19.12640609205697,-61.86127453717603,-21.396168776810626,-59.15209372596618,3.3751514345467273,-2.0159621779648456,1.503902223581869,1.5218398817802232
139.00000000003155,608.0500000000316,240.10197051154415,-23.837955050221765,-61.90315843151448,-19.05704721099818,-60.836222380494554,-21.64906387829281,-59.89693889236278,2.5030336725115254,-2.8124796345290055,1.5489045762024478,1.5649923057559634
139.10000000003168,608.1500000000317,240.2019705115443,-26.338715102244297,-61.07031364374274,-22.799575457315736,-60.39820392078947,-20.470418055610963,-60.385224615084894,3.7413349805718097,-3.086816344335594,1.4711344300616183,1.4885722530048773
139.2000000000316,608.2500000000316,240.3019705115442,-28.83947515426114,-60.2374688559729,-28.026673480036287,-60.18881040593508,-20.09628455755412,-60.69390624951817,3.7413349805718097,-3.086816344335594,1.7097520752339348,1.7280291725890986
139.30000000003173,608.3500000000317,240.40197051154433,-29.037400687774475,-59.300530380863904,-26.943226081553693,-60.40033876950954,-24.775153685957033,-60.6020836432591,-3.102385592453719,-2.5459708082702677,1.4404149420773749,1.457290483629289
139.40000000003164,608.4500000000317,240.50197051154424,-26.93249170570511,-58.259498218552096,-23.402086550032262,-60.77579850829601,-25.085392245202122,-60.8566807240859,-3.102385592453719,-2.5459708082702677,1.675078785008808,1.6927362446047138
139.50000000003178,608.5500000000318,240.60197051154438,-24.827582724215397,-57.21846605667627,-21.759166691685337,-58.26003851961363,-24.37237711994391,-60.409227058653244,-1.737400758143028,-1.498720767361106,1.4073995645593227,1.4237445967470588
139.60000000003168,608.6500000000317,240.7019705115443,-24.558668816966243,-57.55452152165249,-20.855523590921308,-54.61827000001224,-24.546117195758054,-60.55909913538922,-1.737400758143028,-1.498720767361106,1.6374092857558573,1.654484805187206
139.70000000003182,608.7500000000318,240.80197051154443,-24.289754909716475,-57.89057698662947,-20.96101541303402,-56.057106252511545,-23.145078437266335,-57.97624286287263,0.40812040578144115,2.1989985354153614,1.5301121632409735,1.5485188185544252
139.80000000003173,608.8500000000317,240.90197051154433,-22.434424939346897,-58.07442728191586,-21.459522861463775,-59.47462446448704,-23.31994497527539,-57.796732077452766,0.10376174268407612,2.142415048083344,1.5987523377167856,1.6152723316598143
139.90000000003187,608.9500000000319,241.00197051154447,-18.992678907869042,-58.10607240770631,-21.562852572989957,-60.132253492576865,-22.653593571427525,-58.60063838917485,0.9902186844643849,0.7757187078276415,1.5039022235824153,1.5218398817807717
140.00000000003178,609.0500000000318,241.10197051154438,-15.55093287888488,-58.137717533036714,-21.5122771700908,-59.715021715057226,-21.06678052975138,-58.4409551167857,3.1878924536789843,0.8961113288000087,1.5489045762030251,1.5649923057565422
140.1000000000319,609.1500000000319,241.20197051154452,-19.91845165931744,-56.72442406087631,-21.228744267838973,-60.03237642320898,-20.9381953102052,-58.77841240061928,2.9341823140682033,0.3302215861884036,1.471134430062167,1.4885722530054284
140.20000000003182,609.2500000000318,241.30197051154443,-24.28597043974007,-55.31113058871912,-20.854484213611148,-60.635821683975024,-20.644777078798644,-58.74539024200047,2.9341823140682033,0.3302215861884036,1.7097520752345674,1.7280291725897334
140.30000000003196,609.350000000032,241.40197051154456,-24.492322457147218,-55.20491870141787,-21.3890164081473,-61.9207442436973,-21.430998434653596,-58.72306474688166,1.4353467279464556,0.35540926348822166,1.4404149420778916,1.4572904836298082
140.40000000003187,609.4500000000319,241.50197051154447,-20.537507716855256,-56.40578839730282,-22.27748497604614,-63.47107356062628,-21.28746376185908,-58.687523820532874,1.4353467279464556,0.35540926348822166,1.675078785009411,1.6927362446053191
140.500000000032,609.550000000032,241.6019705115446,-16.58269297789135,-57.6066580935336,-21.89122557133702,-63.79628335142568,-20.771606371448385,-60.19515439875896,2.0789619672584116,-1.625727616996345,1.4073995645598265,1.4237445967475646
140.6000000000319,609.6500000000319,241.70197051154452,-16.798386304332595,-59.8777435733043,-21.00851321353302,-63.644360593388264,-20.563710174722733,-60.357727160458445,2.0789619672584116,-1.625727616996345,1.6374092857564515,1.6544848051878023
140.70000000003205,609.7500000000321,241.80197051154465,-17.01407963077433,-62.148829053080156,-18.153637047966072,-63.382242089296284,-20.456651292334776,-61.76831152439941,1.9415784900915503,-3.3144416060600843,1.5301121632415189,1.5485188185549732
140.80000000003196,609.850000000032,241.90197051154456,-15.228168505791702,-62.584724996659006,-14.530685993185077,-63.07720697497703,-19.584952593957382,-62.38335193814504,2.8977023131360666,-3.7117487424535884,1.5987523377173545,1.615272331660385
140.9000000000321,609.9500000000321,242.0019705115447,-11.440652931943427,-61.18543140639626,-16.09903892402118,-62.68256377127891,-17.008321772559615,-62.94499287385707,5.988068158600635,-3.9674181697432895,1.5039022235829616,1.5218398817813201
141.000000000032,610.050000000032,242.1019705115446,-7.653137360949238,-59.78613781739993,-19.689186503945564,-62.253021984080924,-14.54938743960481,-62.58409666841781,8.73573431314524,-2.8565611452363817,1.5489045762036027,1.564992305757121
141.10000000003214,610.1500000000322,242.20197051154474,-12.741172412792686,-62.327119342014036,-18.145648686235706,-59.40865512746957,-16.010445733845916,-62.677740077835345,5.621606005553655,-2.60213347974201,1.471134430062716,1.4885722530059795
141.20000000003205,610.2500000000321,242.30197051154465,-17.829207464624567,-64.86810086662237,-14.602756237056182,-55.62381543064263,-15.448285133291062,-62.93795342580931,5.621606005553655,-2.60213347974201,1.7097520752352,1.7280291725903687
141.30000000003218,610.3500000000322,242.4019705115448,-19.474639456033902,-64.28886662439419,-12.760443512105207,-57.99582838396163,-15.18213818407552,-60.80081244315903,5.176266550250412,0.54727677047156,1.4404149420784078,1.457290483630327
141.4000000000321,610.4500000000321,242.5019705115447,-17.677468391443618,-60.58941661934768,-11.580435093806914,-62.76567659749982,-14.664511529050948,-60.74608476611193,5.176266550250412,0.54727677047156,1.675078785010014,1.6927362446059246
141.50000000003223,610.5500000000322,242.60197051154483,-15.880297327450778,-56.88996661556709,-12.92549476528056,-64.11364477720274,-13.35782087516133,-61.13514427252694,6.155572047656149,0.09450299107653803,1.4073995645603299,1.4237445967480706
141.60000000003214,610.6500000000322,242.70197051154474,-15.946200171866117,-57.13740562695622,-15.253962298552175,-64.12893454674352,-12.742263670396275,-61.12569397341929,6.155572047656149,0.09450299107653803,1.6374092857570453,1.6544848051883982
141.70000000003228,610.7500000000323,242.80197051154488,-16.012103016281607,-57.38484463834592,-14.67646179675204,-64.35494590149061,-13.442865796170624,-62.29078006258584,4.36240107199079,-1.49478994977485,1.5301121632420642,1.5485188185555214
141.80000000003218,610.8500000000322,242.9019705115448,-14.208273466662881,-58.060482902889554,-12.967208918293842,-64.66302445449675,-13.59683051851436,-61.42020765838722,3.529523027032605,-0.06573827545417821,1.5987523377179238,1.615272331660956
141.90000000003232,610.9500000000323,243.00197051154493,-10.534711525416462,-59.16432042003718,-9.481799779726783,-63.559376035440344,-12.858268517843097,-62.68341784796618,4.0506195230086925,-1.752566346131373,1.5039022235835082,1.5218398817818692
142.00000000003223,611.0500000000322,243.10197051154483,-6.861149586750227,-60.26815793586957,-5.30465245119953,-61.905919312737254,-11.265279371867956,-62.30667888178492,5.8053526335748264,-0.9432244539624298,1.5489045762041804,1.5649923057576998
142.10000000003237,611.1500000000324,243.20197051154497,-11.15310773267289,-57.30617951253628,-4.8326189913844635,-61.648027913813884,-8.13904738403889,-62.07926374266883,9.201017202608764,-0.51690400561561,1.471134430063265,1.4885722530065306
142.20000000003228,611.2500000000323,243.30197051154488,-15.445065878585796,-54.34420108920974,-5.803571612658078,-61.93365053600345,-7.218945663778849,-62.13095414323034,9.201017202608764,-0.51690400561561,1.7097520752358333,1.7280291725910035
142.3000000000324,611.3500000000324,243.40197051154502,-15.834363044979412,-56.40786704793075,-6.603823760224547,-62.13532092586523,-7.8287650526886035,-60.54868358387917,7.054228918296925,1.7383265706198183,1.4404149420789247,1.4572904836308458
142.40000000003232,611.4500000000323,243.50197051154493,-12.320999236909934,-63.49717738217654,-7.33759524988642,-62.304295450763085,-7.123342160859552,-60.374850926817345,7.054228918296925,1.7383265706198183,1.6750787850106172,1.6927362446065297
142.50000000003246,611.5500000000325,243.60197051154506,-8.807635429585744,-70.5864877134861,-7.626720812108533,-63.02372306004734,-7.0435339858606065,-62.70185402460985,6.150756809468578,-1.8758550259371123,1.4073995645608337,1.423744596748576
142.60000000003237,611.6500000000324,243.70197051154497,-7.611013426236961,-68.59567664641283,-7.7426754794422346,-63.95752900349204,-6.428458304914308,-62.88943952720339,6.150756809468578,-1.8758550259371123,1.6374092857576397,1.654484805188994
142.7000000000325,611.7500000000325,243.8019705115451,-6.414391422885457,-66.60486557933504,-7.314818551792695,-63.54704836958869,-6.412564310522866,-63.57539406966907,5.33441551662445,-2.5502099500706508,1.53011216324261,1.5485188185560694
142.8000000000324,611.8500000000324,243.90197051154502,-6.519046318552654,-66.64530110491577,-6.675169870882721,-62.613024630447015,-5.810113369091973,-64.23082734309452,5.431799344674537,-3.111171718619542,1.5987523377184931,1.615272331661527
142.90000000003255,611.9500000000326,244.00197051154515,-7.924978111546616,-68.71698322051344,-5.647669619370118,-63.13425768260904,-5.5869492587629335,-63.79913681572015,4.999343611598496,-2.1140742956548424,1.5039022235840545,1.5218398817824177
143.00000000003246,612.0500000000325,244.10197051154506,-9.330909902915565,-70.78866533399629,-4.469117487207713,-64.22225207292256,-5.988550469014004,-65.45484809644856,3.6676506207062896,-4.2317281502962025,1.5489045762047577,1.5649923057582786
143.1000000000326,612.1500000000326,244.2019705115452,-5.748848830941199,-66.37059974863367,-4.369832448583248,-64.2466449500687,-4.983612149443702,-65.50007587716537,4.518899828266513,-3.7309296603620465,1.4711344300638136,1.4885722530070817
143.2000000000325,612.2500000000325,244.3019705115451,-2.166787758974979,-61.95253416328108,-4.690876568229859,-63.85680975388434,-4.531722166617461,-65.87316884320124,4.518899828266513,-3.7309296603620465,1.7097520752364657,1.7280291725916386
143.30000000003264,612.3500000000327,244.40197051154524,-1.7371756413080028,-61.492942581699666,-6.839777676549087,-65.1165764043402,-3.5438637386451464,-64.39531072348845,5.272275236500804,-1.2164070838033751,1.440414942079441,1.457290483631365
143.40000000003255,612.4500000000326,244.50197051154515,-4.4600124738278835,-64.9918249987252,-9.700552234990024,-67.01879362132071,-3.0166362149955455,-64.51695143186868,5.272275236500804,-1.2164070838033751,1.6750787850112203,1.692736244607135
143.50000000003268,612.5500000000327,244.6019705115453,-7.182849304619594,-68.49070741304637,-7.89167727738038,-67.08583682743529,-5.864516739896222,-66.3095376484142,0.6748411750002039,-3.5281010089608627,1.407399564561337,1.4237445967490816
143.6000000000326,612.6500000000326,244.7019705115452,-4.608598731676375,-63.70558183183491,-4.264170155185477,-66.43815691090188,-5.797032622396262,-66.66234774930997,0.6748411750002039,-3.5281010089608627,1.6374092857582334,1.65448480518959
143.70000000003273,612.7500000000327,244.80197051154533,-2.034348158727303,-58.92045625061259,-4.294651103045733,-64.22813491657371,-4.731365963623843,-66.81825961555525,2.034791995459571,-3.261673355019039,1.5301121632431551,1.5485188185566174
143.80000000003264,612.8500000000327,244.90197051154524,-0.00517046508936414,-59.28493461321562,-5.749764614657721,-61.40964636710801,-3.7154177978391894,-64.94900714516335,3.1813220309973853,-0.18597702051902898,1.5987523377190622,1.6152723316620978
143.90000000003278,612.9500000000328,245.00197051154538,1.4789343499605365,-64.79901691290138,-5.547100478850769,-61.92407779476216,-4.363950198281702,-63.330557231297604,1.8750127230494265,2.0114907235268413,1.5039022235846007,1.5218398817829664
144.00000000003268,613.0500000000327,245.1019705115453,2.9630391641024287,-70.31309920977446,-4.698801645844917,-63.73654143051472,-2.6597991347528303,-64.6601321624748,4.115314670815019,-0.2328732888349463,1.548904576205335,1.5649923057588573
144.10000000003282,613.1500000000328,245.20197051154543,1.6842112418116613,-67.27498662964088,-2.084989553434034,-63.23684375485283,-2.948398435735673,-64.53094326449948,3.1814213205371447,-0.030833687228659173,1.4711344300643627,1.488572253007633
144.20000000003273,613.2500000000327,245.30197051154533,0.40538331952380124,-64.2368740495142,1.2164157276023326,-61.83665645653922,-2.630256303682248,-64.53402663322235,3.1814213205371447,-0.030833687228659173,1.7097520752370985,1.7280291725922738
144.30000000003287,613.3500000000329,245.40197051154547,-0.35945393312628515,-62.44298982985335,4.306487796614141,-62.9024718936132,-0.2937356329804698,-63.15735861552482,5.897456904733644,1.8159702020481678,1.4404149420799577,1.457290483631884
144.40000000003278,613.4500000000328,245.50197051154538,-0.6103005168106174,-61.89333396903129,7.314254464427107,-64.92869172015509,0.2960100574923582,-62.97576159532017,5.897456904733644,1.8159702020481678,1.6750787850118234,1.6927362446077405
144.5000000000329,613.5500000000329,245.60197051154552,-0.861147099817843,-61.34367810845124,5.466750888984809,-63.50862124036953,3.1521712920538865,-63.3881591702615,8.81936622281024,1.0884135217501059,1.4073995645618407,1.4237445967495876
144.60000000003282,613.6500000000328,245.70197051154543,0.9434926059577229,-61.53186972017431,1.7283236796191792,-60.746365575599384,4.0341079143341085,-63.27931781808659,8.81936622281024,1.0884135217501059,1.6374092857588274,1.6544848051901861
144.70000000003296,613.750000000033,245.80197051154556,2.748132311737392,-61.72006133189781,0.7959461631388334,-60.15717835501232,3.495774404784786,-61.89194868968777,6.884351883052619,2.818419666913755,1.5301121632437005,1.5485188185571657
144.80000000003287,613.8500000000329,245.90197051154547,4.113551444973805,-62.67737604237303,0.9564070297797407,-60.414309933045615,4.144544670598056,-61.62336508325979,6.828378022039635,2.799845228460867,1.598752337719631,1.6152723316626687
144.900000000033,613.950000000033,246.0019705115456,5.039750006252401,-64.40381385059003,2.497647090270708,-61.16182566890403,3.554005768561341,-60.94361374322346,5.107591065345121,3.3364665688376753,1.503902223585147,1.521839881783515
145.0000000000329,614.0500000000329,246.10197051154552,5.965948567182095,-66.13025165769645,4.57664259588465,-62.10032541744613,4.468635546693558,-61.786247084945934,5.7041640233622255,1.6117921721182007,1.5489045762059126,1.564992305759436
145.10000000003305,614.1500000000331,246.20197051154565,5.8402685806112915,-64.5000837739685,7.426499346106173,-61.99315908703675,5.2329741852991365,-61.849870751350124,5.962833825037631,1.313915670440315,1.4711344300649116,1.4885722530081844
145.20000000003296,614.250000000033,246.30197051154556,5.714588594040774,-62.869915890244265,10.57657414245591,-61.47874978089011,5.829257567802357,-61.71847918430621,5.962833825037631,1.313915670440315,1.7097520752377313,1.728029172592909
145.3000000000331,614.3500000000331,246.4019705115457,7.224901041706475,-63.51900985732552,10.608167523062976,-60.88864163039072,8.256188768186343,-61.53574526727925,8.402111357833869,1.3781540880953584,1.4404149420804744,1.4572904836324028
145.400000000033,614.450000000033,246.5019705115456,10.371205921436594,-66.44736567219314,9.425243499795576,-60.269051962557405,9.096399903968965,-61.397929858469844,8.402111357833869,1.3781540880953584,1.6750787850124265,1.6927362446083456
145.50000000003314,614.5500000000332,246.60197051154574,13.517510799506923,-69.37572148585018,9.638385458302453,-60.96905914403811,10.48502196484798,-62.273707461420386,9.24424062846238,-0.21719485206695355,1.407399564562344,1.4237445967500932
145.60000000003305,614.6500000000331,246.70197051154565,11.642382893084552,-68.63730326070728,10.395236423140268,-62.18299381967918,11.409446027693377,-62.29542694662706,9.24424062846238,-0.21719485206695355,1.6374092857594214,1.654484805190782
145.70000000003319,614.7500000000332,246.8019705115458,9.767254986657917,-67.89888503556271,8.829675325745704,-62.04747382890318,11.915312771233765,-62.40366637006665,8.673986845947743,-0.33426702492509014,1.530112163244246,1.5485188185577132
145.8000000000331,614.8500000000331,246.9019705115457,8.357867806441686,-66.46678723618086,6.359632369238977,-61.38639797949074,12.04622459509251,-63.51014075225487,7.634680310314283,-1.8375643926186884,1.5987523377202004,1.6152723316632394
145.90000000003323,614.9500000000332,247.00197051154584,7.414221351811006,-64.34100986347632,6.9986427574948085,-63.474058493821886,10.292032438472493,-62.80238680418453,4.232421734458919,-0.6408580167043803,1.5039022235856931,1.5218398817840637
146.00000000003314,615.0500000000332,247.10197051154574,6.470574898476038,-62.21523249091431,8.848498712343762,-66.632236259124,9.813568095453283,-62.727704266860734,2.900476234029619,-0.4373943842171014,1.54890457620649,1.5649923057600146
146.10000000003328,615.1500000000333,247.20197051154588,9.423613841963094,-60.504246190190614,10.418157660379164,-63.48997808669975,9.910786090180938,-64.49725485128951,2.6432638443292826,-2.724191503807252,1.4711344300654605,1.4885722530087357
146.20000000003319,615.2500000000332,247.3019705115458,12.376652785443436,-58.79325988947081,11.878691654331867,-57.893965000223716,10.175112474613625,-64.76967400166998,2.6432638443292826,-2.724191503807252,1.7097520752383641,1.7280291725935437
146.30000000003332,615.3500000000333,247.40197051154593,14.539246438380681,-56.809109096700226,13.254899109060702,-57.36003305456955,11.75501126789745,-60.90387267976141,4.433685999835485,2.8293101825934404,1.4404149420809906,1.4572904836329217
146.40000000003323,615.4500000000332,247.50197051154584,15.911394801818194,-54.55179381225184,14.598264922024006,-58.797568892642474,12.198379867880595,-60.62094166150233,4.433685999835485,2.8293101825934404,1.6750787850130293,1.6927362446089507
146.50000000003337,615.5500000000334,247.60197051154597,17.28354316452004,-52.294478530040166,12.800141117363541,-58.710467967297916,14.342494816804452,-58.47633527091711,6.827204200923343,5.530220381772342,1.4073995645628476,1.4237445967505986
146.60000000003328,615.6500000000333,247.70197051154588,16.445344932266043,-56.7444889445384,9.778539181532434,-58.02958512156655,15.025215236896166,-57.923313232740384,6.827204200923343,5.530220381772342,1.6374092857600153,1.6544848051913774
146.7000000000334,615.7500000000334,247.80197051154602,15.60714670001014,-61.19449935904675,9.50446188727941,-59.74111374910266,13.228973470302046,-57.397773419091536,3.449799247143194,5.493033534366819,1.5301121632447912,1.5485188185582612
146.80000000003332,615.8500000000333,247.90197051154593,14.572801735599661,-63.30608067238456,10.300429929154154,-62.38438606341463,13.947831118493058,-58.17082811867587,3.977403447915205,3.640462192134129,1.5987523377207695,1.61527233166381
146.90000000003346,615.9500000000335,248.00197051154606,13.342310039292142,-63.07923288768781,12.575623891156553,-64.51289909249645,12.995353252857404,-59.71647520664331,2.1527761577700444,1.0770123555232596,1.5039022235862396,1.5218398817846122
147.00000000003337,616.0500000000334,248.10197051154597,12.111818343643932,-62.85238510238513,15.426914159243225,-66.44093502154766,12.977208840927574,-60.299933067718435,1.8079794707905292,0.06362744765678974,1.5489045762070672,1.564992305760593
147.1000000000335,616.1500000000335,248.2019705115461,12.845525960156294,-60.81111438881678,14.778059991778273,-64.8483092130772,14.326327977540787,-62.707796292038914,3.366384614031663,-3.135358145244413,1.4711344300660092,1.4885722530092864
147.2000000000334,616.2500000000334,248.30197051154602,13.579233576666986,-58.76984367525308,12.766046720175172,-61.8845336739452,14.662966438943647,-63.02133210656307,3.366384614031663,-3.135358145244413,1.7097520752389965,1.7280291725941785
147.30000000003355,616.3500000000336,248.40197051154615,15.054878433719237,-58.26211551312332,14.572856947600341,-60.78781756754657,13.955246842878118,-61.69603227489749,1.963666567339064,-0.9105557308697796,1.440414942081507,1.4572904836334406
147.40000000003346,616.4500000000335,248.50197051154606,17.27246053031102,-59.28792990037254,17.866938376437282,-60.41824261505543,14.151613499611846,-61.78708784798439,1.963666567339064,-0.9105557308697796,1.6750787850136322,1.6927362446095562
147.5000000000336,616.5500000000336,248.6019705115462,19.490042625952853,-60.31374428618828,17.49161815373951,-60.14299482316547,16.782159154828182,-61.107279436494686,5.338700557996417,0.14880036693423215,1.4073995645633512,1.4237445967511047
147.6000000000335,616.6500000000335,248.7019705115461,18.86972206205054,-57.07280648822627,15.687220257216246,-59.90448349461617,17.316029210627338,-61.09239939980127,5.338700557996417,0.14880036693423215,1.6374092857606093,1.6544848051919738
147.70000000003364,616.7500000000337,248.80197051154624,18.249401498146813,-53.83186869025689,14.760092368353986,-61.16314007501672,16.948944912434502,-60.58954988148429,4.111216042642984,0.8090834030632481,1.5301121632453367,1.5485188185588097
147.80000000003355,616.8500000000336,248.90197051154615,17.6447660540846,-52.123207411651144,14.174624265181569,-63.00488061182594,17.52428778931221,-58.757569591874855,4.342959812989499,3.2622659613392306,1.5987523377213388,1.6152723316643816
147.90000000003369,616.9500000000337,249.0019705115463,17.055815729840035,-51.94682265033874,15.83588783616931,-63.52169999266364,16.570285900523782,-60.26493066442774,2.466873295233313,0.8009754535746709,1.5039022235867858,1.521839881785161
148.0000000000336,617.0500000000336,249.1019705115462,16.466865405449788,-51.77043789082199,18.372158936857648,-63.52251828575299,16.742599416168744,-58.39186670932582,2.3570128639999783,3.4298421049903696,1.5489045762076448,1.5649923057611723
148.10000000003373,617.1500000000337,249.20197051154634,15.441010315763707,-56.92889732030798,18.942862018017657,-61.99659709097856,17.809143454557525,-59.93707890306761,3.4652608608027093,0.927875358265005,1.471134430066558,1.488572253009838
148.20000000003364,617.2500000000337,249.30197051154624,14.41515522607996,-62.08735674978225,18.748058992233048,-59.87607505306392,18.15566954063748,-59.84429136724119,3.4652608608027093,0.927875358265005,1.7097520752396294,1.7280291725948138
148.30000000003378,617.3500000000338,249.40197051154638,15.263979590904688,-63.94047104165964,18.486299423145084,-59.67090494211141,17.904563734404594,-60.39802248976301,2.6247800509584645,0.024162126452851984,1.4404149420820238,1.4572904836339595
148.40000000003369,617.4500000000337,249.5019705115463,17.987483407702094,-62.48824020039592,18.19846309543693,-60.2116838812382,18.167041739500203,-60.39560627711772,2.6247800509584645,0.024162126452851984,1.6750787850142355,1.6927362446101615
148.50000000003382,617.5500000000338,249.60197051154643,20.71098722432155,-61.03600935965591,17.716918091067345,-60.44055019582325,18.78860312394815,-60.49609079376347,3.1740487984830614,-0.13174874971927358,1.4073995645638548,1.4237445967516102
148.60000000003373,617.6500000000337,249.70197051154634,22.890972481208486,-61.139335467473174,17.15993170106507,-60.54793965661976,19.106008003796166,-60.50926566873539,3.1740487984830614,-0.13174874971927358,1.6374092857612035,1.6544848051925696
148.70000000003387,617.7500000000339,249.80197051154647,25.070957738100383,-61.242661575290676,19.408030101050386,-60.96948281339183,18.559159835905895,-60.54783474966003,1.9965671327978112,-0.1661102498498469,1.5301121632458823,1.5485188185593577
148.80000000003378,617.8500000000338,249.90197051154638,25.714606759541095,-61.56477268591942,22.748591094985564,-61.51337562705408,20.32874905778495,-60.7194782861515,4.212005321417494,-0.3833046680144965,1.598752337721908,1.6152723316649522
148.9000000000339,617.9500000000339,250.00197051154652,24.821919547615515,-62.105668799064404,23.98240969410132,-61.95723949509283,21.986501008214542,-61.11115960988499,5.883028157614383,-0.8576201997608648,1.5039022235873323,1.5218398817857095
149.00000000003382,618.0500000000338,250.10197051154643,23.929232337585322,-62.64656491209778,24.39574070237267,-62.362146294239935,22.862526654272514,-61.50581628479883,6.308034656056073,-1.3105248681099786,1.5489045762082223,1.5649923057617507
149.10000000003396,618.150000000034,250.20197051154656,28.625169745200207,-62.86168661252671,23.984721759663163,-60.278929602951585,24.03114929929153,-61.973936148325734,7.025423147198846,-1.7571581558623464,1.471134430067107,1.488572253010389
149.20000000003387,618.2500000000339,250.30197051154647,33.321107152804416,-63.07680831295516,23.25265316847819,-57.22669341816392,24.733691614010777,-62.14965196391181,7.025423147198846,-1.7571581558623464,1.7097520752402622,1.7280291725954489
149.300000000034,618.350000000034,250.4019705115466,32.338566715845815,-63.11055084588903,23.89461339131013,-55.69322144840795,26.57491041370352,-60.471381666666424,8.64752098600595,0.6920567389484311,1.4404149420825403,1.4572904836344784
149.4000000000339,618.4500000000339,250.50197051154652,25.677548442049876,-62.96291421157481,25.071700070096725,-54.7512442883237,27.43966251230333,-60.402175992771646,8.64752098600595,0.6920567389484311,1.6750787850148385,1.6927362446107665
149.50000000003405,618.5500000000341,250.60197051154665,19.01653017169682,-62.81527757650778,26.09166557782235,-56.21966133961288,25.91306443522159,-58.82265367746299,5.1889107579259655,2.5822598104441292,1.4073995645643584,1.4237445967521158
149.60000000003396,618.650000000034,250.70197051154656,22.49456892307286,-60.461377276632604,27.050438995125933,-58.62682559810938,26.43195551101371,-58.56442769641881,5.1889107579259655,2.5822598104441292,1.6374092857617975,1.6544848051931655
149.7000000000341,618.7500000000341,250.8019705115467,25.972607674456803,-58.10747697675207,28.79301827254528,-57.50574778438583,27.243424382190284,-58.6220568182354,5.587526638716394,2.1548688072196844,1.5301121632464276,1.5485188185599057
149.800000000034,618.850000000034,250.9019705115466,29.025573633270717,-57.93110631750949,30.840856979601845,-55.01056801836826,27.84169265477601,-58.073945165764336,5.643289792936917,2.6208629594474884,1.598752337722477,1.615272331665523
149.90000000003414,618.9500000000342,251.00197051154674,31.653466800108383,-59.93226529593338,31.845070809053443,-52.20155471923048,29.710111332377938,-56.41851496860952,7.4055809796137435,4.491198464350166,1.5039022235878783,1.5218398817862584
150.00000000003405,619.0500000000341,251.10197051154665,34.281359966093476,-61.933424273819654,32.44283662489408,-49.27031645318343,31.26442749365147,-57.24022964358685,8.607614425170063,2.6278872084062743,1.5489045762087996,1.5649923057623294
150.10000000003419,619.1500000000342,251.2019705115468,34.42699956447543,-62.371640508410614,30.675239049785233,-51.765508577388964,32.52873581824013,-53.82821813314643,9.145899224068573,6.800785048856264,1.4711344300676557,1.4885722530109402
150.2000000000341,619.2500000000341,251.3019705115467,34.57263916285706,-62.80985674300057,27.98643187883981,-56.37406719985798,33.44332574064615,-53.14813962826142,9.145899224068573,6.800785048856264,1.7097520752408948,1.7280291725960837
150.30000000003423,619.3500000000342,251.40197051154684,34.89748659095855,-61.48200923902852,27.879809475539588,-56.56228986071864,32.22178590718543,-55.84354380963057,6.301406366238362,2.227569190193867,1.4404149420830568,1.4572904836349974
150.40000000003414,619.4500000000342,251.50197051154674,35.40154184853313,-58.38809799891786,28.778839478669322,-55.0289775049065,32.85192654380869,-55.620786890611384,6.301406366238362,2.227569190193867,1.6750787850154416,1.692736244611372
150.50000000003428,619.5500000000343,251.60197051154688,35.9055971054253,-55.29418675977254,30.019796063911308,-55.0447888033942,32.57067598194314,-55.06278204850879,5.184501194550169,2.669020230197519,1.407399564564862,1.4237445967526214
150.60000000003419,619.6500000000342,251.7019705115468,34.41871002011557,-55.03246515447474,31.393918677557185,-55.66391863675957,33.08912610139768,-54.795880025489275,5.184501194550169,2.669020230197519,1.6374092857623914,1.6544848051937613
150.70000000003432,619.7500000000343,251.80197051154693,32.93182293480246,-54.770743549176345,30.992364207762087,-55.91041654628816,33.03354097571772,-54.964580331336386,4.402420091831188,2.079596425880732,1.530112163246973,1.5485188185604535
150.80000000003423,619.8500000000342,251.90197051154684,32.014462242481194,-54.87742276491688,29.899258167232773,-56.01178998772511,33.250851740204446,-54.710265833866856,4.087826699930324,2.1445377445582494,1.5987523377230464,1.6152723316660937
150.90000000003437,619.9500000000344,252.00197051154697,31.66662794236544,-55.35250280119089,32.24938296853808,-55.22229259692245,32.2189943370106,-55.020793819998694,2.14100716179108,1.439835893564208,1.5039022235884247,1.5218398817868066
151.00000000003428,620.0500000000343,252.10197051154688,31.318793643068062,-55.82758283821535,35.94050142193508,-54.08583847108182,32.19638270343319,-55.079403916862056,1.7913502131091654,1.1427908498894817,1.5489045762093772,1.5649923057629083
151.1000000000344,620.1500000000344,252.20197051154702,33.35226752396252,-58.49159282853742,36.046276214385,-53.58343965314543,34.10285345621497,-54.50271302598308,4.095416006094954,1.7555125768402178,1.4711344300682048,1.4885722530114913
151.20000000003432,620.2500000000343,252.30197051154693,35.38574140485235,-61.15560281885344,34.75571038642224,-53.32797872059619,34.5123950568241,-54.32716176829921,4.095416006094954,1.7555125768402178,1.7097520752415276,1.7280291725967187
151.30000000003446,620.3500000000345,252.40197051154706,37.513258675743884,-60.25868790716548,33.751163127206596,-52.357095566401114,35.12656409866342,-55.20797283728011,4.384828842918087,0.2761154792708691,1.4404149420835735,1.4572904836355165
151.40000000003437,620.4500000000344,252.50197051154697,39.73481933649786,-55.80084809838418,32.858008075687756,-51.10758553476093,35.56504698295483,-55.18036128935305,4.384828842918087,0.2761154792708691,1.6750787850160445,1.6927362446119774
151.5000000000345,620.5500000000345,252.6019705115471,41.956379995704566,-51.34300829074124,34.242451448217416,-49.720291759487694,36.017844537783006,-53.02193379865353,4.604542463423336,3.187187127876965,1.4073995645653656,1.4237445967531273
151.6000000000344,620.6500000000344,252.70197051154702,39.68637421712855,-50.20829555893863,36.51392365178998,-48.279337008797675,36.478298784124924,-52.70321508586612,4.604542463423336,3.187187127876965,1.6374092857629856,1.6544848051943575
151.70000000003455,620.7500000000346,252.80197051154715,37.41636843854738,-49.07358282713344,38.5652893991658,-48.5037429650043,37.153022839480826,-50.535612410167126,4.896469431204839,5.688955706554683,1.5301121632475183,1.5485188185610015
151.80000000003446,620.8500000000345,252.90197051154706,36.78998177326862,-48.37350223519376,40.530932935593945,-49.37673690121093,37.409024317434024,-49.600247217579394,4.566756476480581,6.2023651555611865,1.5987523377236152,1.6152723316666646
151.9000000000346,620.9500000000346,253.0019705115472,37.80721421901725,-48.108053782515555,39.96606045995397,-49.01866729663381,39.2193873353737,-49.05366967620532,6.3960718412707545,6.10349007199474,1.5039022235889712,1.5218398817873553
152.0000000000345,621.0500000000345,253.1019705115471,38.824446664665494,-47.8426053290548,38.41565838593654,-48.181150199474516,39.63922431074034,-48.31531831165085,6.071440783004277,6.291168506306446,1.5489045762099547,1.564992305763487
152.10000000003464,621.1500000000347,253.20197051154724,39.557914777586895,-45.311134029903585,37.345838559993126,-49.28388430183806,39.57848058701477,-47.61663369315953,5.180555814804158,6.383349722962744,1.4711344300687537,1.4885722530120424
152.20000000003455,621.2500000000346,253.30197051154715,40.291382890506625,-42.77966273075813,36.463185314968804,-51.14226467408771,40.09653616849471,-46.97829872086383,5.180555814804158,6.383349722962744,1.7097520752421607,1.7280291725973538
152.3000000000347,621.3500000000347,253.4019705115473,40.78438198472444,-43.31341465566672,38.21408557955221,-50.26511454121575,39.25737980666812,-47.14296619325008,3.371633212146028,5.367740856640568,1.44041494208409,1.4572904836360352
152.4000000000346,621.4500000000346,253.5019705115472,41.03691206057161,-46.91238980037553,40.99064421587924,-48.32259028417656,39.59454312788242,-46.606192107586516,3.371633212146028,5.367740856640568,1.6750787850166478,1.6927362446125824
152.50000000003473,621.5500000000347,253.60197051154734,41.28944213607971,-50.51136494317555,41.54085952281141,-48.14195369627861,40.865141489367225,-47.28973475522302,4.645134764593148,3.625059915535589,1.4073995645658692,1.4237445967536326
152.60000000003464,621.6500000000347,253.70197051154724,40.56565380081169,-48.59995454478769,41.22400770319788,-48.64749828196993,41.329654965826116,-46.927228763669795,4.645134764593148,3.625059915535589,1.6374092857635796,1.6544848051949528
152.70000000003478,621.7500000000348,253.80197051154738,39.84186546554202,-46.688544146395486,39.675265207259514,-47.4622003254428,41.66611394873819,-47.33088941963489,4.470669868281255,2.588341720535458,1.5301121632480639,1.5485188185615495
152.8000000000347,621.8500000000347,253.9019705115473,39.28690174460647,-46.346916373918674,37.646753084228784,-45.61839028537929,41.60890900963414,-46.76361479224108,3.7590575690025885,3.0204546017954703,1.5987523377241846,1.6152723316672355
152.90000000003482,621.9500000000348,254.00197051154743,38.90076263776758,-47.57507122517131,36.71572739595778,-45.276826427617145,40.21441353029611,-45.865840525530366,1.3666128625130622,3.820122750613324,1.5039022235895174,1.5218398817879042
153.00000000003473,622.0500000000347,254.10197051154734,38.51462353125605,-48.80322607642562,36.21212653333991,-45.52032430020394,39.96095532571955,-46.1911362195901,0.7903523043946049,2.783060192054292,1.548904576210532,1.5649923057640658
153.10000000003487,622.1500000000349,254.20197051154747,39.06697113704013,-50.04422804873572,39.27198414043288,-43.60227377412292,38.610877073485504,-45.72334183947521,-1.1159195510009674,3.034142959090901,1.4711344300693023,1.4885722530125938
153.20000000003478,622.2500000000348,254.30197051154738,39.61931874282294,-51.28523002104299,43.71965900601106,-40.842391022910064,38.49928511838551,-45.419927543566395,-1.1159195510009674,3.034142959090901,1.7097520752427933,1.728029172597989
153.3000000000349,622.3500000000349,254.40197051154752,41.683394874583186,-50.96207278234333,42.736782109543945,-42.56237807832362,40.907911056374004,-44.42941314336017,2.262490481671671,3.8818283109144076,1.4404149420846066,1.4572904836365543
153.40000000003482,622.4500000000348,254.50197051154743,45.25919953020097,-49.07475633482188,39.63893361384108,-46.027086080049365,41.13416010454097,-44.041230312269086,2.262490481671671,3.8818283109144076,1.6750787850172508,1.692736244613188
153.50000000003496,622.550000000035,254.60197051154756,48.835004185342385,-47.18743988764197,41.98069574239549,-48.23817263662752,41.860034835118284,-45.28939684411943,3.1718535826430188,1.6259476063160423,1.4073995645663726,1.4237445967541387
153.60000000003487,622.6500000000349,254.70197051154747,51.02713801648763,-46.28775498242739,46.440957516152885,-49.961026345257295,42.1772201933823,-45.12680208348797,3.1718535826430188,1.6259476063160423,1.6374092857641735,1.6544848051955494
153.700000000035,622.750000000035,254.8019705115476,53.21927184763786,-45.388070077210756,46.54843685506789,-47.187916066196706,44.634177422888754,-47.056674685811636,6.08713650090805,-1.2054194267483438,1.530112163248609,1.5485188185620975
153.8000000000349,622.8500000000349,254.90197051154752,51.93193872655077,-45.637145275448084,44.96069043595787,-42.66381683394671,47.20517105978154,-46.719645128076564,8.856242813254298,-0.5643798484407354,1.5987523377247537,1.6152723316678064
153.90000000003505,622.9500000000351,255.00197051154765,47.1651386580939,-47.03498057553151,44.973276430596584,-42.73638872476761,46.96894707950132,-44.759419849516384,7.3402249298352595,2.1426595979585583,1.5039022235900636,1.5218398817884526
154.00000000003496,623.050000000035,255.10197051154756,42.398338591872765,-48.432815873910016,45.60912461896884,-44.59917076406981,46.57610061945805,-45.37354941448608,5.675683303321684,0.9280571617951352,1.5489045762111093,1.5649923057646444
154.1000000000351,623.1500000000351,255.2019705115477,43.985543707953696,-44.97068001712813,44.61167409320065,-43.29129090287708,46.79742167703011,-45.199018193450485,5.213829546378184,1.036348065775976,1.471134430069851,1.488572253013145
154.200000000035,623.250000000035,255.3019705115476,45.57274882403101,-41.50854416035412,42.978122385675526,-40.748571532904606,47.318804631667454,-45.09538338687298,5.213829546378184,1.036348065775976,1.7097520752434257,1.728029172598624
154.30000000003514,623.3500000000352,255.40197051154774,45.885340448999216,-40.6149871317523,44.23224763315931,-40.537319974284834,45.90411154709526,-42.351662471144905,2.617533671538827,4.587183148304159,1.4404149420851229,1.4572904836370733
154.40000000003505,623.4500000000351,255.50197051154765,44.92331858464793,-42.29000892771746,46.611001650451534,-41.23407710825534,46.16586491424891,-41.892944156314904,2.617533671538827,4.587183148304159,1.6750787850178537,1.692736244613793
154.5000000000352,623.5500000000352,255.6019705115478,43.96129672179738,-43.96503072224936,50.61418138162851,-41.00743954666466,46.3422329341598,-41.76985463050512,2.422003020359732,4.064147555776013,1.4073995645668762,1.423744596754644
154.6000000000351,623.6500000000351,255.7019705115477,47.26376031038474,-41.562446948937065,55.250006633990715,-40.421178572658015,46.58443323619556,-41.36343987492789,2.422003020359732,4.064147555776013,1.6374092857647675,1.6544848051961447
154.70000000003523,623.7500000000352,255.80197051154784,50.5662238989796,-39.15986317561931,54.68097508143817,-39.90862441479325,50.73030581814415,-40.569695976460814,7.74047143705372,4.588251771466837,1.5301121632491546,1.5485188185626455
154.80000000003514,623.8500000000352,255.90197051154774,52.06422592018797,-38.46806620603826,52.0848706267837,-39.42477596302378,51.73457593628941,-39.61066675168872,8.065354683103223,5.289017862603549,1.598752337725323,1.6152723316683772
154.90000000003528,623.9500000000353,256.0019705115479,51.75776637656043,-39.48705603777905,50.36945176565943,-37.83860502108509,52.3106710752962,-39.01632864277852,7.753947452515436,5.376855386027962,1.50390222359061,1.5218398817890013
155.0000000000352,624.0500000000352,256.1019705115478,51.4513068321745,-40.506045868482225,48.99702291729749,-35.82312581324705,52.73879206012477,-38.91064860866474,7.24097597658088,4.743444264768844,1.548904576211687,1.5649923057652233
155.10000000003532,624.1500000000353,256.2019705115479,48.99096575278611,-38.58742990509101,47.888319344987174,-37.31143291335077,51.88134424336188,-37.164929524649935,5.1313775800274435,6.42808740286481,1.4711344300704006,1.4885722530136962
155.20000000003523,624.2500000000352,256.30197051154784,46.5306246734033,-36.66881394170415,46.882325680122385,-40.16431747365084,52.39448200136416,-36.52212078436404,5.1313775800274435,6.42808740286481,1.7097520752440587,1.7280291725992591
155.30000000003537,624.3500000000354,256.401970511548,46.40959898419968,-35.97622779318633,48.79633856030029,-41.09843406448193,49.58167056900709,-37.39411700453546,0.620495676284643,4.424253002310186,1.4404149420856396,1.4572904836375922
155.40000000003528,624.4500000000353,256.5019705115479,48.62788868186739,-36.50967145780677,51.84757122638264,-41.28527120035272,49.643720136635494,-36.95169170430484,0.620495676284643,4.424253002310186,1.6750787850184568,1.6927362446143985
155.5000000000354,624.5500000000354,256.601970511548,50.84617837927118,-37.0431151217182,52.23319352620123,-40.12939556059282,50.92263898368532,-38.09364957251121,2.2594448493700336,2.336513916582402,1.4073995645673798,1.42374459675515
155.60000000003532,624.6500000000353,256.7019705115479,52.30620825306325,-35.57428888031746,51.58067265638047,-38.450589745275835,51.148583468622114,-37.85999818085318,2.2594448493700336,2.336513916582402,1.6374092857653615,1.654484805196741
155.70000000003546,624.7500000000355,256.80197051154806,53.76623812685864,-34.10546263891337,50.34967171994708,-38.37626934683258,51.44783600225051,-37.69873544953037,2.359321712409799,2.238563109764214,1.5301121632495958,1.5485188185630903
155.80000000003537,624.8500000000354,256.901970511548,53.47192620251093,-32.91666068881666,48.89337711812438,-38.92682856222681,52.29702243216815,-36.58949122596044,3.2247263693371675,3.4789565643807365,1.598752337725788,1.6152723316688453
155.9000000000355,624.9500000000355,257.0019705115481,51.423272482507855,-32.00788302962463,50.81859171285083,-35.882572888619706,51.129341606876004,-37.21945097430691,1.210996549462155,2.166346173909367,1.5039022235910777,1.5218398817894718
156.0000000000354,625.0500000000354,257.101970511548,49.37461876283941,-31.099105370142464,54.06076197366752,-31.438287949548393,50.85195809822325,-35.74483462420165,0.6223816874646029,4.0108125327012125,1.5489045762121891,1.5649923057657271
156.10000000003555,625.1500000000356,257.20197051154815,48.25625121070456,-29.366558861155816,52.91513588645606,-31.742677351888307,52.41198069825746,-33.378678941216805,2.6202526343328123,6.614646999779138,1.4711344300708922,1.48857225301419
156.20000000003546,625.2500000000355,257.30197051154806,47.137883658572264,-27.634012352173112,50.06064759414375,-33.89647576566277,52.674005961690504,-32.71721424123949,2.6202526343328123,6.614646999779138,1.709752075244617,1.7280291725998187
156.3000000000356,625.3500000000356,257.4019705115482,47.82388381494999,-28.300935340792318,52.515381055344484,-33.00090761148248,50.658595639996896,-31.776292142983486,-0.48005970085723026,7.038823036665158,1.4404149420861196,1.457290483638074
156.4000000000355,625.4500000000355,257.5019705115481,50.31425167726636,-31.36732782359509,57.037833178354724,-30.917739381058503,50.610589669911214,-31.07240983931761,-0.48005970085723026,7.038823036665158,1.6750787850190145,1.6927362446149574
156.50000000003564,625.5500000000357,257.60197051154825,52.804619539219566,-34.43372030522499,58.942152151553465,-31.433408611260543,53.53273479812352,-30.906591151840964,3.5020365036837897,6.20005305830924,1.4073995645678627,1.4237445967556344
156.60000000003555,625.6500000000356,257.70197051154815,54.26176608166588,-34.19500044816992,59.82681833488291,-32.96121577161906,53.88293844849158,-30.286585846010603,3.5020365036837897,6.20005305830924,1.6374092857659317,1.6544848051973122
156.7000000000357,625.7500000000357,257.8019705115483,55.71891262411551,-33.956280591114314,57.26171184212036,-33.42676979459097,56.63665378327419,-30.94509273691261,6.7766456578595164,4.470067994128006,1.5301121632501273,1.5485188185636236
156.8000000000356,625.8500000000356,257.9019705115482,56.29605398234242,-33.40699892991562,53.353063927943346,-33.47862087997197,57.20382397251956,-31.152363731934873,6.620719552709818,3.553450676256547,1.5987523377263464,1.6152723316694049
156.90000000003573,625.9500000000357,258.00197051154834,55.99319015760581,-32.54715546501481,55.25751200858336,-32.98715192474463,55.90615929886958,-31.718685059916712,3.9724150734755437,2.316264808588297,1.503902223591618,1.5218398817900138
157.00000000003564,626.0500000000357,258.10197051154825,55.690326333578696,-31.687312000152584,59.42591658404586,-32.284082656053776,56.17316468006346,-31.52972922239987,3.7800382645522337,2.2537006519673097,1.5489045762127625,1.5649923057663016
157.10000000003578,626.1500000000358,258.2019705115484,57.373043391757186,-30.93007623908879,57.47104201094457,-32.062566952737434,58.12751459564612,-31.528491608493326,5.882701363385348,1.9567125109401928,1.4711344300714386,1.488572253014739
157.2000000000357,626.2500000000357,258.3019705115483,59.05576044993185,-30.17284047802672,53.131407645415266,-32.02859611757922,58.715784731984115,-31.332820357399484,5.882701363385348,1.9567125109401928,1.709752075245247,1.7280291726004513
157.30000000003582,626.3500000000358,258.4019705115484,60.11248379242712,-29.83081996751808,52.46147822057671,-29.369284919178426,57.017606197186254,-31.14725087135653,2.838909064883267,1.957071530956247,1.4404149420866352,1.4572904836385918
157.40000000003573,626.4500000000357,258.50197051154834,60.54321342013489,-29.904014706969658,53.22074458778321,-25.687514024306864,57.30149710367432,-30.95154371826108,2.838909064883267,1.957071530956247,1.6750787850196167,1.6927362446155618
157.50000000003587,626.5500000000359,258.6019705115485,60.973943047194034,-29.97720944610376,54.709483023522914,-26.704790486320537,56.86003805635871,-28.556241961591738,1.9992571738335516,4.8567261661554415,1.407399564568366,1.42374459675614
157.60000000003578,626.6500000000358,258.7019705115484,59.59646000731481,-29.166245789893498,56.48232016136265,-29.5521483356885,57.059963773741885,-28.070569344976636,1.9992571738335516,4.8567261661554415,1.6374092857665252,1.6544848051979077
157.7000000000359,626.7500000000359,258.8019705115485,58.218976967432454,-28.355282133681392,56.948281081799436,-29.85927427507909,57.20594591248788,-28.527518707430435,1.9257629871560953,3.581242092459818,1.5301121632506725,1.5485188185641716
157.80000000003582,626.8500000000358,258.9019705115484,58.0488373225498,-27.294210400643056,56.905268659468824,-29.17708668239512,57.44623596661154,-28.085669226119844,1.9930951019282577,3.698537887871169,1.5987523377269153,1.6152723316699755
157.90000000003596,626.950000000036,259.00197051154856,59.08604107093114,-25.983030591133065,58.511025216428685,-25.77873208152698,57.413027365584604,-28.094949170666485,1.6788800454970707,3.1896130761686345,1.5039022235921644,1.5218398817905623
158.00000000003587,627.0500000000359,259.1019705115485,60.123244820241865,-24.671850783135103,60.75890797298907,-21.32254462454078,58.12098538341176,-27.114548345950965,2.4766383082634413,4.159422816594242,1.5489045762133398,1.56499230576688
158.100000000036,627.150000000036,259.2019705115486,63.75404731482798,-27.561212309768006,62.20431438577633,-22.846638826188098,59.53709572705963,-24.19722794479116,4.0352106182499785,7.473889924943224,1.4711344300719873,1.4885722530152898
158.2000000000359,627.2500000000359,259.3019705115485,67.38484980940584,-30.450573836394337,63.33719000050826,-26.699801309835212,59.94061678888426,-23.449838952297515,4.0352106182499785,7.473889924943224,1.7097520752458797,1.7280291726010863
158.30000000003605,627.3500000000361,259.40197051154865,67.25981481216351,-29.165839269334363,60.999122261081034,-27.51974208261761,63.14239321676029,-25.779955612694888,7.858089543762441,3.3091512521132094,1.4404149420871517,1.457290483639111
158.40000000003596,627.450000000036,259.50197051154856,63.378942328515805,-23.707008614611087,57.30926801121928,-27.15837052224937,63.92820217113582,-25.449040487483867,7.858089543762441,3.3091512521132094,1.6750787850202198,1.6927362446161673
158.5000000000361,627.5500000000361,259.6019705115487,59.49806984675877,-18.248177962688924,58.26048963068141,-26.670053214710943,61.167067758704455,-24.468569388315828,3.0170198331196394,4.387288765510029,1.4073995645688697,1.4237445967566456
158.600000000036,627.650000000036,259.7019705115486,60.871344633431605,-20.571747823074652,61.01921518031968,-26.132295875726555,61.46876974201614,-24.029840511765222,3.0170198331196394,4.387288765510029,1.6374092857671194,1.6544848051985035
158.70000000003614,627.7500000000362,259.80197051154875,62.244619420107554,-22.895317683465663,62.02789562357222,-23.307420655953912,61.864793529571706,-24.400635483683946,3.1455264035747916,3.291902917389816,1.530112163251218,1.5485188185647194
158.80000000003605,627.8500000000361,259.90197051154865,64.04278728160936,-24.737810424955047,62.35500707358644,-19.59180917703268,62.3696113481747,-24.033864925866165,3.4140224946743327,3.3445513841287258,1.5987523377274846,1.6152723316705462
158.9000000000362,627.9500000000362,260.0019705115488,66.26584821733076,-26.099226048246862,63.557420663398,-20.830631718089254,62.70390697821882,-21.663845152676654,3.4044189123488007,6.076962819405126,1.5039022235927106,1.5218398817911112
159.0000000000361,628.0500000000361,260.1019705115487,68.48890915144068,-27.46064166923504,65.10072763705038,-23.998998014737204,64.2009431674894,-22.42083880366269,5.112868993342735,4.076039748741157,1.5489045762139173,1.5649923057674588
159.10000000003623,628.1500000000362,260.20197051154884,66.26853506860273,-22.45859755759446,64.55234173812578,-22.998886631324055,65.1465944453932,-22.945403714234317,5.692260763058552,2.840863392894878,1.4711344300725364,1.4885722530158414
159.20000000003614,628.2500000000362,260.30197051154875,64.04816098576983,-17.456553445965245,63.18932940465594,-20.37532844340629,65.71582052169855,-22.66131737494509,5.692260763058552,2.840863392894878,1.7097520752465127,1.7280291726017216
159.30000000003628,628.3500000000363,260.4019705115489,61.57843306177316,-15.950241564024301,62.69776367248311,-20.1640278292559,64.69147791769527,-20.066943667503015,3.535380543223061,5.976341810726046,1.4404149420876684,1.4572904836396297
159.4000000000362,628.4500000000362,260.5019705115488,58.85935129698567,-17.939661906707414,62.54558975400389,-20.892200123526276,65.04501597201725,-19.469309486430955,3.535380543223061,5.976341810726046,1.6750787850208229,1.6927362446167724
159.50000000003632,628.5500000000363,260.6019705115489,56.14026953374311,-19.92908224820543,62.92879056781351,-21.193070385109706,62.89179254603631,-19.651118062255282,-0.07402336318996072,4.922717120666618,1.407399564569373,1.4237445967571511
159.60000000003623,628.6500000000362,260.70197051154884,57.684842066099584,-18.648505563523432,63.520497331528034,-21.327524469669203,62.88439020971732,-19.15884635018907,-0.07402336318996072,4.922717120666618,1.6374092857677134,1.6544848051990995
159.70000000003637,628.7500000000364,260.801970511549,59.22941459845958,-17.367928878838526,62.57453860781845,-19.867673892365037,63.19412032957786,-19.581312081761055,0.35804644983617406,3.6849642707645343,1.5301121632517636,1.5485188185652674
159.80000000003628,628.8500000000363,260.9019705115489,60.53829146146475,-18.60660774305356,61.02972382356796,-17.78690867731171,62.558102267169815,-18.6521868716431,-0.5900081154268829,4.470383026840388,1.5987523377280535,1.615272331671117
159.9000000000364,628.9500000000364,261.001970511549,61.611472655464055,-22.364542152508164,60.914640019300336,-17.971445679354318,61.75641824075837,-17.70541241244028,-1.5936385296165145,5.1411967978023485,1.5039022235932569,1.5218398817916596
160.00000000003632,629.0500000000363,261.1019705115489,62.68465384831816,-26.122476559363076,61.356376322728906,-19.03822265671121,61.82809441123776,-19.09437811963557,-1.25236039308185,2.35087251653753,1.5489045762144946,1.5649923057680373
160.10000000003646,629.1500000000365,261.20197051154906,60.616649705822624,-22.757905494434567,61.5764370981119,-19.9775228327018,61.588592291724126,-18.97082319335996,-1.404778108933093,2.2030858939943,1.471134430073085,1.4885722530163923
160.20000000003637,629.2500000000364,261.301970511549,58.54864556333178,-19.393334429513708,61.710164575043194,-20.86717615396004,61.448114480830945,-18.750514603960728,-1.404778108933093,2.2030858939943,1.7097520752471453,1.7280291726023562
160.3000000000365,629.3500000000365,261.4019705115491,58.36974964003386,-17.84956736701645,62.50805030149826,-17.475962087911153,60.7701022197153,-19.211144151537198,-2.159600460322224,1.309081491245427,1.4404149420881847,1.4572904836401488
160.4000000000364,629.4500000000364,261.501970511549,60.079961933172065,-18.12660430429192,63.56459774347806,-12.417530151524316,60.554142173683275,-19.080236002412775,-2.159600460322224,1.309081491245427,1.6750787850214257,1.6927362446173777
160.50000000003655,629.5500000000366,261.60197051154915,61.79017422570774,-18.403641240202642,63.182812750035986,-12.048931567567687,61.71849210540158,-16.195139951617953,-0.29517417662098233,4.925496653406574,1.4073995645698767,1.4237445967576565
160.60000000003646,629.6500000000365,261.70197051154906,61.84382918662173,-14.950870901988363,62.24085774363446,-13.50682590354948,61.68897468773951,-15.702590286277744,-0.29517417662098233,4.925496653406574,1.6374092857683074,1.6544848051996952
160.7000000000366,629.7500000000366,261.8019705115492,61.89748414753585,-11.498100563766236,62.59452004696385,-13.419314921921016,61.776259370649164,-14.56659408282788,-0.13603984403621971,5.796159368529058,1.530112163252309,1.5485188185658152
160.8000000000365,629.8500000000365,261.9019705115491,62.95964744853387,-9.61137029776394,63.45277082185167,-12.729933541297553,61.79506167073509,-13.04082910890265,-0.09030913917096273,7.121676755859597,1.5987523377286226,1.6152723316716877
160.90000000003664,629.9500000000367,262.00197051154925,65.0303190881439,-9.290680101679763,61.674449092821774,-12.874928817241797,62.51189601572908,-12.213657202069884,0.8905942067804659,7.276051061245235,1.503902223593803,1.5218398817922083
161.00000000003655,630.0500000000366,262.10197051154915,67.10099072687038,-8.969989906367202,58.869293220789416,-13.344878721901296,63.55690318749111,-10.949921468717369,2.302661528518214,8.062131558381195,1.5489045762150717,1.5649923057686161
161.1000000000367,630.1500000000367,262.2019705115493,66.77095127177893,-10.755134686693353,59.77429089909946,-9.814623759089892,61.76397029152798,-11.138072900948085,-0.3960516607221152,6.744542388167457,1.471134430073634,1.4885722530169434
161.2000000000366,630.2500000000366,262.3019705115492,66.44091181668824,-12.540279467015445,62.12423740230056,-4.726457177765514,61.724365125455805,-10.463618662131953,-0.3960516607221152,6.744542388167457,1.709752075247778,1.7280291726029913
161.30000000003673,630.3500000000367,262.40197051154934,66.08668321792452,-12.66331218253255,62.291752982639174,-6.0019863720955495,62.83537816523734,-7.941867157204604,1.1840434475172075,9.162364047882592,1.4404149420887014,1.4572904836406677
161.40000000003664,630.4500000000367,262.50197051154925,65.7082654755249,-11.12423283568548,61.609303472690804,-9.755907527352564,62.95378250998895,-7.025630752417178,1.1840434475172075,9.162364047882592,1.6750787850220288,1.692736244617983
161.50000000003678,630.5500000000368,262.6019705115494,65.32984773271288,-9.585153487536617,61.92886745542587,-10.672583030889294,62.94364943771797,-8.05707817021482,1.091174651333612,6.501702311497196,1.4073995645703803,1.4237445967581626
161.6000000000367,630.6500000000367,262.7019705115493,63.83415274486935,-4.521420671205975,62.63867356672061,-10.484270637092807,63.05276690285123,-7.406907939065692,1.091174651333612,6.501702311497196,1.637409285768901,1.6544848052002912
161.70000000003682,630.7500000000368,262.8019705115494,62.338457757022425,0.5423121451361812,63.00686123874786,-10.047749287299608,63.06496455271237,-8.008002368088762,0.9591284805704273,4.808586532887614,1.5301121632528538,1.5485188185663632
161.80000000003673,630.8500000000367,262.90197051154934,62.84290685749493,1.9065823567963107,63.24200289106586,-9.514560984394627,62.84230407003192,-5.250173280707146,0.5095680574803838,7.998532072720136,1.5987523377291917,1.6152723316722586
161.90000000003687,630.9500000000369,263.0019705115495,65.3475000433422,-0.42861003076866266,61.70716899921948,-9.721335377942266,63.065609575808566,-6.089086461049389,0.7424727384151699,5.7987571597726895,1.5039022235943493,1.521839881792757
162.00000000003678,631.0500000000368,263.1019705115494,67.85209322838675,-2.7638024185467756,59.48300404657223,-10.216294132106029,64.14088272563164,-4.924210304960017,2.221126698408589,6.656491102646784,1.5489045762156495,1.5649923057691948
162.1000000000369,631.1500000000369,263.2019705115495,68.19293803481297,-5.6920484593746625,61.821152852445714,-6.597261428449693,62.41098115436817,-6.287777114305303,-0.38263420249613533,3.9676655433078314,1.4711344300741829,1.4885722530174945
162.20000000003682,631.2500000000368,263.3019705115494,68.53378284123843,-8.620294500195891,65.93613105759346,-1.3760020131946717,62.372717734118595,-5.891010559974881,-0.38263420249613533,3.9676655433078314,1.7097520752484108,1.728029172603626
162.30000000003696,631.350000000037,263.40197051154956,68.4132325459918,-8.522545026413962,65.78224890413394,0.23550379574751684,65.06707476325747,-4.215359995260571,3.3265344933005982,5.621451390246694,1.4404149420892178,1.4572904836411864
162.40000000003687,631.4500000000369,263.5019705115495,67.83128714975558,-5.398800042501522,63.96582511324063,0.44116233697694185,65.39972821258722,-3.653214856236413,3.3265344933005982,5.621451390246694,1.6750787850226319,1.6927362446185878
162.500000000037,631.550000000037,263.6019705115496,67.24934175350987,-2.2750550604476225,64.16891278537273,-0.3176171679290003,65.31770475638596,-1.6272637850905403,2.8323301782067563,7.561090880091847,1.4073995645708839,1.423744596758668
162.6000000000369,631.6500000000369,263.7019705115495,66.64538127689241,-4.185163891401373,65.15851526766335,-1.4520047447125095,65.60093777420639,-0.8711546970820433,2.8323301782067563,7.561090880091847,1.6374092857694953,1.654484805200887
162.70000000003705,631.7500000000371,263.80197051154965,66.04142080027358,-6.095272722359468,65.05943148961049,-3.4528829807668533,65.78776082127408,-0.5484464087788299,2.700978633369486,6.97464601690531,1.5301121632533996,1.5485188185669114
162.80000000003696,631.850000000037,263.90197051154956,64.03895153424071,-5.240683751520447,64.53635018391124,-5.791222899433976,66.01948509023202,-1.2897385604068006,2.6468270529956266,4.959004698322898,1.5987523377297612,1.6152723316728297
162.9000000000371,631.9500000000371,264.0019705115497,60.6379734808579,-1.621396982979026,62.74425331095447,-3.2479615918661677,65.63347902539158,-2.793951027794336,1.7675140069891264,2.2741813485099653,1.503902223594896,1.5218398817933056
163.000000000037,632.050000000037,264.1019705115496,57.236995428686775,1.997889783946162,60.457928226754426,1.1964781600894474,63.98900810539827,-1.593931022398093,-0.9226837802342795,3.700220681247697,1.548904576216227,1.5649923057697734
163.10000000003714,632.1500000000372,264.20197051154975,57.08447981050901,1.2784772971587461,61.00186039976843,1.7643603673943282,62.38217324171057,0.1966398047524187,-2.9429400438158737,5.5825279185602685,1.471134430074732,1.4885722530180459
163.20000000003705,632.2500000000371,264.30197051154965,56.931964192331584,0.5590648103729661,62.64805878423963,0.8224863900420718,62.08787923732925,0.7548925966079378,-2.9429400438158737,5.5825279185602685,1.7097520752490438,1.7280291726042616
163.3000000000372,632.3500000000372,264.4019705115498,59.487171706155614,0.5774196307039279,64.23794555235222,-0.059903111990174174,61.31626786025109,1.0484283876683513,-3.6291486581477317,5.223564535458043,1.4404149420897345,1.4572904836417055
163.4000000000371,632.4500000000371,264.5019705115497,64.75010234794303,1.3335417570544705,65.80590131335207,-0.9191259117404321,60.95335299443664,1.5707848412136807,-3.6291486581477317,5.223564535458043,1.6750787850232352,1.6927362446191936
163.50000000003723,632.5500000000372,264.60197051154984,70.01303298633817,2.0896638835604358,66.92390427460394,-0.3187205825473378,64.04621847762833,1.1418212979995614,1.2339794814672322,3.9806051511360954,1.4073995645713875,1.4237445967591738
163.60000000003714,632.6500000000372,264.70197051154975,66.1467248680661,3.257977607591257,67.86666953735451,0.8501485368944586,64.16961642577495,1.539881813112809,1.2339794814672322,3.9806051511360954,1.6374092857700895,1.654484805201483
163.70000000003728,632.7500000000373,264.8019705115499,62.280416749785225,4.426291331624736,68.29679199750993,3.4078533230881085,65.8418158762868,1.7531179003641857,3.3441084275933584,3.7305148504611636,1.530112163253945,1.5485188185674597
163.8000000000372,632.8500000000372,264.9019705115498,60.92357874919684,3.9543629061084378,68.52726163868269,6.5064512117713065,64.99139284689076,2.7710957250570054,1.6721090307065813,4.634031149958338,1.59875233773033,1.6152723316734006
163.90000000003732,632.9500000000373,265.0019705115499,62.07621086255174,1.8421923334867571,67.73750576028053,5.1738871772338335,66.51562689150559,4.924195953420297,3.505932214460951,6.902172203224067,1.503902223595442,1.521839881793854
164.00000000003723,633.0500000000372,265.10197051154984,63.22884297574835,-0.26997823806652094,66.5504149345295,2.115571869391956,66.09352784061618,4.360548118101138,2.364558633859103,5.063741760676999,1.5489045762168046,1.5649923057703523
164.10000000003737,633.1500000000374,265.20197051155,63.96403565310983,0.47014613384369996,65.54401235078504,1.8895389500101023,66.35112529982821,3.695016098223498,2.392759073914699,3.51089994510017,1.4711344300752807,1.488572253018597
164.20000000003728,633.2500000000373,265.3019705115499,64.69922833046964,1.210270505752238,64.60798024077434,2.7665609455547746,66.59040120721946,4.046106092733195,2.392759073914699,3.51089994510017,1.7097520752496762,1.7280291726048962
164.30000000003741,633.3500000000374,265.40197051155,64.14561255433834,2.311509240056899,64.52454424096473,4.465531325895688,65.74173523224977,3.5541567052859464,0.9245529703722186,2.367876295292118,1.440414942090251,1.4572904836422242
164.40000000003732,633.4500000000373,265.5019705115499,62.303188326646655,3.773862336212405,64.77315858106256,6.48461604559103,65.8341905292869,3.790944334814943,0.9245529703722186,2.367876295292118,1.675078785023838,1.6927362446197987
164.50000000003746,633.5500000000375,265.60197051155006,60.46076410003654,5.236215431545332,62.93894868908928,6.5292087536263175,64.6279127821173,5.296004490494295,-0.9680345955739678,4.065175713653417,1.407399564571891,1.4237445967596791
164.60000000003737,633.6500000000374,265.70197051155,61.51242033162507,4.4971362042213405,60.29356632524519,5.8048198351099805,64.53110932256,5.702522061859267,-0.9680345955739678,4.065175713653417,1.6374092857706835,1.6544848052020786
164.7000000000375,633.7500000000375,265.8019705115501,62.564076563215984,3.758056976895668,60.1113012545804,7.289783070138639,62.48114656844154,6.025270198347786,-3.6290715054385894,3.9518253118796856,1.5301121632544903,1.5485188185680072
164.80000000003741,633.8500000000374,265.90197051155,63.92815934738009,4.785689906262935,60.88831681473708,9.635196082940968,62.28360668912478,5.8251875031554965,-3.3957105387631596,3.1178822683186005,1.5987523377308992,1.6152723316739712
164.90000000003755,633.9500000000376,266.00197051155016,65.60466868365474,7.580034989676566,61.37269720433561,10.235693537421849,61.530728456831135,7.791185363799883,-3.9542362282590973,5.338387204661881,1.5039022235959885,1.5218398817944028
165.00000000003746,634.0500000000375,266.10197051155006,67.2811780182655,10.374380073048602,61.74310849802719,10.156619742027246,62.440879850727164,8.761707452187139,-2.0257209771927727,5.978657059642748,1.5489045762173819,1.564992305770931
165.1000000000376,634.1500000000376,266.2019705115502,64.5328187419384,13.074786504200006,62.44380012726175,10.972670806812458,62.04207936866581,9.79492598710719,-2.2874669132815475,6.555524115785449,1.4711344300758298,1.488572253019148
165.2000000000375,634.2500000000375,266.3019705115501,61.78445946561754,15.77519293534527,63.27312206147509,12.137335371613833,61.81333267733786,10.450478398685139,-2.2874669132815475,6.555524115785449,1.709752075250309,1.7280291726055315
165.30000000003764,634.3500000000377,266.40197051155025,60.906145177181564,15.723951463160093,64.33827790275356,10.29574309878899,61.98023548098316,12.823684397678319,-1.7717052741459312,8.893598939907996,1.4404149420907677,1.4572904836427434
165.40000000003755,634.4500000000376,266.50197051155016,61.897875873819665,12.92106209178652,65.49528113585323,7.283340177378799,61.80306495356873,13.713044291668309,-1.7717052741459312,8.893598939907996,1.675078785024441,1.692736244620404
165.5000000000377,634.5500000000377,266.6019705115503,62.889606569908835,10.118172721423944,63.65347931808981,9.578942998984349,63.206875666441896,11.325627963838988,0.3502963985351652,4.462862777521659,1.4073995645723945,1.4237445967601852
165.6000000000376,634.6500000000376,266.7019705115502,62.42101884897266,10.010720367463826,60.64376900939903,13.941790897219398,63.24190530629538,11.771914241590748,0.3502963985351652,4.462862777521659,1.6374092857712774,1.6544848052026748
165.70000000003773,634.7500000000377,266.80197051155034,61.95243112803542,9.903268013503462,59.45494417559287,15.296644115892102,61.91554766394727,13.49320806819571,-1.5044943584942665,6.188105619835713,1.5301121632550356,1.5485188185685554
165.80000000003764,634.8500000000377,266.90197051155025,61.46909764221357,11.497902568075745,58.97527768021683,15.480009869601245,61.73952848193385,13.281799741623534,-1.5405775606795424,5.0250017863496375,1.598752337731468,1.6152723316745423
165.90000000003778,634.9500000000378,267.0019705115504,60.97101839152717,14.794624028618177,59.86272962389077,16.111359043395876,60.4950263517469,14.580717716894945,-3.014157570212396,6.094061966313394,1.5039022235965345,1.5218398817949514
166.0000000000377,635.0500000000377,267.1019705115503,60.47293914155071,18.09134548722917,61.28261672289611,16.917178925100337,60.252948683940794,15.808325541610884,-2.92650698824329,7.000475848405732,1.5489045762179592,1.5649923057715098
166.10000000003782,635.1500000000378,267.2019705115504,61.85280229482083,16.29071130541759,61.9925577160619,16.003308941080988,60.511788967691444,16.919642666631376,-2.1908818952534928,7.545431188408108,1.4711344300763785,1.4885722530196994
166.20000000003773,635.2500000000377,267.30197051155034,63.23266544808782,14.49007712361011,62.42600454870253,14.419692053923487,60.29270077816629,17.6741857854715,-2.1908818952534928,7.545431188408108,1.7097520752509416,1.7280291726061665
166.30000000003787,635.3500000000379,267.4019705115505,63.85219133475336,14.793137900088105,62.621674853412635,16.55532434440497,61.5190892195735,16.31374219992845,-0.2251762389074744,4.698519064103778,1.4404149420912844,1.4572904836432623
166.40000000003778,635.4500000000378,267.5019705115504,63.711379955966,17.199893631664555,62.7247411971436,20.139447824119863,61.496571595682774,16.7835941063384,-0.2251762389074744,4.698519064103778,1.6750787850250444,1.6927362446210092
166.50000000003791,635.5500000000379,267.6019705115505,63.57056857706212,19.60664936310637,62.42133423539313,18.775402147647238,62.26411033265731,19.065767975778154,0.8846802155469708,7.1448329531240224,1.4073995645728983,1.4237445967606908
166.60000000003782,635.6500000000378,267.7019705115504,63.12368844254,21.644416541187397,61.95962301019461,15.48425261680978,62.35257835421193,19.780251271089906,0.8846802155469708,7.1448329531240224,1.6374092857718716,1.6544848052032706
166.70000000003796,635.750000000038,267.80197051155056,62.676808308016874,23.682183719273056,61.79893913880816,17.672354901427973,62.22522890199113,18.380396648477152,0.5906446675455579,4.283872355347235,1.5301121632555814,1.5485188185691037
166.80000000003787,635.8500000000379,267.9019705115505,62.15997727082054,24.354645320653976,61.755492765876845,21.99439540830474,62.325855795253005,20.09125817430939,0.649296225106984,6.080568123120371,1.5987523377320376,1.615272331675113
166.900000000038,635.950000000038,268.0019705115506,61.5731953310549,23.661801347406907,61.572017985127744,21.651815821472297,62.16137905003394,21.811235525390675,0.33928624608411523,7.573138952529565,1.5039022235970807,1.5218398817955
167.00000000003791,636.0500000000379,268.1019705115505,60.98641339114225,22.96895737335153,61.334008026638045,19.492562819083037,61.93850085055904,22.653869635848118,-0.040053026251190726,7.698236370542842,1.5489045762185365,1.5649923057720885
167.10000000003805,636.1500000000381,268.20197051155066,60.008953966793555,20.143222086213434,60.083624072279314,20.96783944419427,61.68971260192758,21.985131607841858,-0.3665651236517522,5.7920610166454525,1.4711344300769271,1.4885722530202505
167.20000000003796,636.250000000038,268.30197051155056,59.03149454244708,17.317486799081763,58.43896300897571,23.858612555547104,61.65305608956244,22.564337709505875,-0.3665651236517522,5.7920610166454525,1.7097520752515742,1.7280291726068013
167.3000000000381,636.3500000000381,268.4019705115507,59.21545754866837,17.591088636551568,57.63234056286654,22.805318235862103,59.80904064755993,22.627621036234917,-2.809133398655426,5.041647294202415,1.4404149420918007,1.4572904836437812
167.400000000038,636.450000000038,268.5019705115506,60.560842983687266,20.964027593900063,57.152098925159,20.21597546911466,59.528127307694646,23.1317857656547,-2.809133398655426,5.041647294202415,1.6750787850256472,1.6927362446216145
167.50000000003814,636.5500000000382,268.60197051155075,61.90622841687874,24.336966550528036,57.12260101896085,22.304676310602204,58.90058394582844,22.509584625577155,-3.1753002387270715,3.5935386110968133,1.4073995645734017,1.4237445967611966
167.60000000003805,636.6500000000381,268.70197051155066,58.459634054516435,25.803599080433102,57.26864884592118,26.215278462179207,58.58305392195602,22.86893848668651,-3.1753002387270715,3.5935386110968133,1.6374092857724656,1.6544848052038665
167.7000000000382,636.7500000000382,268.8019705115508,55.01303969214629,27.270231610341504,58.09008718075092,26.58498431921577,57.79833888270926,24.922389069459605,-3.811805706102744,5.885860916063496,1.5301121632561268,1.5485188185696512
167.8000000000381,636.8500000000381,268.9019705115507,52.960367352019325,28.076981064580036,59.1745617234808,25.575659936648183,56.51353097180985,26.096269048696183,-5.086975502881615,6.705834508333409,1.5987523377326067,1.6152723316756836
167.90000000003823,636.9500000000382,269.00197051155084,52.301617031996344,28.223847444160633,58.757226539744316,25.614497527572425,57.19153703516573,26.392399325521957,-3.4833148634109934,6.203192579330407,1.5039022235976274,1.5218398817960488
168.00000000003814,637.0500000000382,269.10197051155075,51.642866713337675,28.370713824353963,57.754999606958364,26.061550140120243,55.73849149775324,27.302084578777087,-5.1151306290860115,6.6274641167222175,1.548904576219114,1.5649923057726673
168.10000000003828,637.1500000000383,269.2019705115509,54.55178651185664,30.122509850785914,56.973615983173396,25.830165316179144,55.91336823393911,27.49486338054464,-4.199566139838198,6.004730523238402,1.471134430077476,1.4885722530208019
168.2000000000382,637.2500000000382,269.3019705115508,57.460706310369,31.87430587721388,56.27824154350459,25.33455763373987,55.49341161995567,28.095336432867935,-4.199566139838198,6.004730523238402,1.709752075252207,1.7280291726074366
168.30000000003832,637.3500000000383,269.4019705115509,59.229484877004076,32.00322042320901,56.670656880295866,24.943881595697682,55.93783429884571,28.378848156432657,-3.010646410704363,5.626030870351891,1.4404149420923171,1.4572904836443004
168.40000000003823,637.4500000000382,269.50197051155084,59.858122213501105,30.509253491257766,57.48672060192272,24.594072021590378,55.636769657775545,28.941451243467334,-3.010646410704363,5.626030870351891,1.67507878502625,1.6927362446222198
168.50000000003837,637.5500000000384,269.601970511551,60.48675954897416,29.01528655930368,57.524774291563304,26.52263675208924,56.9622710831005,27.896836614821506,-0.6975068205579169,3.509965996858683,1.4073995645739055,1.4237445967617022
168.60000000003828,637.6500000000383,269.7019705115509,58.446904843591774,27.522756999709717,57.25982578301296,29.338532486315536,56.89252040104477,28.247833214507054,-0.6975068205579169,3.509965996858683,1.6374092857730596,1.6544848052044625
168.70000000003841,637.7500000000384,269.801970511551,56.40705013820475,26.03022744011236,56.53241161395579,30.608295422730553,56.946064459479246,29.293989228488083,-0.5295267402079621,4.45060262670267,1.530112163256672,1.5485188185701997
168.80000000003832,637.8500000000383,269.9019705115509,56.41401063786837,26.162278847818648,55.62488651321591,31.275904637247137,56.57241340095325,28.850133490730407,-0.9820859707263065,3.2052664605467864,1.5987523377331758,1.615272331676255
168.90000000003846,637.9500000000385,270.00197051155106,58.467786339436614,27.918911220332124,54.91892428555097,32.01464702411867,56.025743253586704,30.123546540453393,-1.588117778713408,4.484360065050175,1.5039022235981736,1.5218398817965972
169.00000000003837,638.0500000000384,270.101970511551,60.52156203947597,29.675543591342677,54.291462322800356,32.78109279102367,56.85572008132732,30.380966450126774,-0.1275399631316132,4.204290207571632,1.5489045762196916,1.5649923057732458
169.1000000000385,638.1500000000385,270.2019705115511,58.60871350500132,27.53136916220723,54.90513323640739,32.178482762390615,55.84329527496017,31.703447121965304,-1.4609850344735034,5.399559529000587,1.4711344300780251,1.4885722530213528
169.20000000003841,638.2500000000384,270.301970511551,56.69586497053101,25.38719473307666,56.00217322537135,31.04268305954343,55.69719677151295,32.24340307486487,-1.4609850344735034,5.399559529000587,1.7097520752528401,1.7280291726080717
169.30000000003855,638.3500000000386,270.40197051155116,54.856175684825295,24.656934070920425,54.97971093920709,32.65366676114657,55.79929702297713,30.804367134977664,-1.1285358825867609,2.69729818750871,1.4404149420928338,1.4572904836448193
169.40000000003846,638.4500000000385,270.50197051155106,53.08964564777975,25.340587173562163,53.13179162546856,35.33440711790063,55.686443434718555,31.07409695372829,-1.1285358825867609,2.69729818750871,1.6750787850268534,1.6927362446228251
169.5000000000386,638.5500000000386,270.6019705115512,51.32311561170431,26.024240278046562,54.68840234204578,36.57552694132231,53.811488896860276,32.036736698967026,-3.5895439701893177,3.4248117721730242,1.4073995645744088,1.4237445967622078
169.6000000000385,638.6500000000385,270.7019705115511,52.07675968377983,31.470998917926728,57.57093437141535,37.25597509185459,53.45253449984167,32.379217876184015,-3.5895439701893177,3.4248117721730242,1.6374092857736535,1.6544848052050583
169.70000000003864,638.7500000000387,270.80197051155125,52.83040375585705,36.91775755781928,56.75621955295445,36.23130481562141,55.07635108899745,34.66151748719252,-0.8881632928911394,6.049625932132136,1.5301121632572174,1.5485188185707475
169.80000000003855,638.8500000000386,270.90197051155116,52.53807961690091,39.94103374151031,54.50158252774257,34.542562599135444,54.60567696309608,36.24876648131351,-1.4270287158301047,7.425770337211518,1.5987523377337447,1.6152723316768256
169.9000000000387,638.9500000000387,271.0019705115513,51.19978726852728,40.540827472760604,54.904411813829896,34.57348871655205,54.197168178038986,36.089581127541976,-1.7862274881901459,6.2153023336963145,1.5039022235987198,1.5218398817971461
170.0000000000386,639.0500000000386,271.1019705115512,49.8614949205185,41.140621203001395,56.34221250237282,35.27415335134215,53.13545833584679,37.654965570666654,-3.09066952007356,7.599191536710854,1.5489045762202687,1.5649923057738246
170.10000000003873,639.1500000000387,271.20197051155134,49.459217916597474,39.132259903681295,55.54957339976642,35.25589227124165,54.176692169789824,37.54884563149312,-1.289524673443939,6.451640886372742,1.4711344300785738,1.488572253021904
170.20000000003864,639.2500000000387,271.30197051155125,49.05694091267736,37.12389860436576,53.88827177116184,34.9576398504281,54.04773970244555,38.19400972012981,-1.289524673443939,6.451640886372742,1.7097520752534727,1.7280291726087065
170.30000000003878,639.3500000000388,271.4019705115514,48.13054025900672,35.63160830308338,52.84934076530446,35.66572834193877,52.84189580056824,37.21858730977146,-2.7765560792954016,4.279978604579989,1.4404149420933503,1.4572904836453382
170.4000000000387,639.4500000000387,271.5019705115513,46.68001595640252,34.65538899904067,52.05279695116384,36.76574430998513,52.56424019263895,37.646585170229066,-2.7765560792954016,4.279978604579989,1.6750787850274562,1.6927362446234304
170.50000000003882,639.5500000000388,271.60197051155143,45.22949165427488,33.67916969638304,51.0953833382488,34.81724672221823,50.829244957743995,37.07061073149371,-4.931445446363293,2.8214935751573753,1.4073995645749124,1.4237445967627134
170.60000000003873,639.6500000000387,271.70197051155134,45.01313884885516,36.27103250250156,50.07531770203881,31.681481270768295,50.33610041310811,37.35276008900919,-4.931445446363293,2.8214935751573753,1.6374092857742477,1.6544848052056542
170.70000000003887,639.7500000000389,271.8019705115515,44.79678604343494,38.86289530862598,50.61498249050387,34.863683285411824,49.6818421071473,35.04823019887973,-5.150951180873966,-0.6786032371109596,1.5301121632577628,1.5485188185712955
170.80000000003878,639.8500000000388,271.9019705115514,45.81020709891019,40.08890998898614,51.76209670483699,40.50646800666391,48.17571217509548,36.060816612279794,-6.549467589107574,0.8350599174297095,1.5987523377343142,1.6152723316773967
170.90000000003892,639.9500000000389,272.0019705115515,48.05340201337293,39.949076545711826,51.46794717123297,40.72159271795052,49.08319530567119,38.41181987587183,-4.43806648870468,3.8788028520392146,1.503902223599266,1.5218398817976946
171.00000000003882,640.0500000000388,272.10197051155143,50.29659692691113,39.80924310253048,50.612486001748145,38.82287204627713,48.99143134457284,39.01481681936906,-3.9180506461082856,4.194209212178444,1.5489045762208464,1.5649923057744035
171.10000000003896,640.150000000039,272.20197051155156,50.17501226690208,39.907683478187494,52.12586383619032,39.20714125065744,49.14432651080563,39.13018098616004,-3.191483629373659,3.7913168610533585,1.4711344300791227,1.4885722530224554
171.20000000003887,640.2500000000389,272.3019705115515,50.05342760689331,40.00612385384428,54.56180487138405,40.48053902977495,48.82517814786855,39.50931267226503,-3.191483629373659,3.7913168610533585,1.7097520752541056,1.7280291726093415
171.300000000039,640.350000000039,272.4019705115516,48.21303655865026,39.75530230802605,54.153326207665884,41.81358530287332,51.008714683086936,40.37201929822934,0.16231602424305447,4.435905513833449,1.4404149420938668,1.4572904836458571
171.40000000003892,640.4500000000389,272.5019705115515,44.65383912486225,39.15521884127872,52.63706565697194,43.16986215661727,51.02494628551123,40.81560984961228,0.16231602424305447,4.435905513833449,1.6750787850280595,1.692736244624036
171.50000000003905,640.5500000000391,272.60197051155166,41.094641693906894,38.55513537542553,51.12080510627455,44.526139010364304,49.69199696621822,41.64477630674265,-1.9478275693970448,4.849292339307462,1.4073995645754163,1.4237445967632192
171.60000000003896,640.650000000039,272.70197051155156,44.7992185850928,40.24487465470659,49.60454455558061,45.88241586410826,49.497214209278695,42.12970554067295,-1.9478275693970448,4.849292339307462,1.6374092857748417,1.6544848052062502
171.7000000000391,640.7500000000391,272.8019705115517,48.503795476287145,41.9346139339915,49.65919243934463,45.64595013205278,49.19866844056378,44.17419750499677,-2.089197095671799,6.959573521694384,1.5301121632583081,1.5485188185718435
171.800000000039,640.850000000039,272.9019705115516,49.175241191977065,42.870763749380416,50.32564311383336,44.78917812528211,49.25382085823292,44.504156843863576,-1.7165470154801068,6.446824777733664,1.5987523377348831,1.6152723316779674
171.90000000003914,640.9500000000392,273.00197051155175,46.81355573691044,43.053324102056465,49.30520785934122,45.15014970695478,49.58117420146124,45.09754069077562,-1.042208831130224,6.377964785185741,1.5039022235998123,1.5218398817982433
172.00000000003905,641.0500000000391,273.10197051155166,44.45187028270703,43.23588445512072,47.6278014559653,45.98538121966546,48.40946906173677,45.202745742675816,-2.6190310303746505,5.597073502087049,1.5489045762214235,1.5649923057749822
172.1000000000392,641.1500000000392,273.2019705115518,44.283676013724836,44.412163077345284,49.693038663541145,44.35434155846975,47.71708418790703,46.07306829572035,-3.1932438510267143,6.008656167307044,1.4711344300796716,1.4885722530230068
172.2000000000391,641.2500000000391,273.3019705115517,44.11548174474303,45.58844169956718,53.21587820847784,41.762792962592364,47.39775980280464,46.67393391245051,-3.1932438510267143,6.008656167307044,1.7097520752547382,1.7280291726099768
172.30000000003923,641.3500000000392,273.40197051155184,43.7827938192035,45.630705059061405,50.59219102552921,42.25995457173443,48.946253457006854,45.13016427539518,-0.7306641270597782,3.15740718088049,1.4404149420943833,1.4572904836463763
172.40000000003914,641.4500000000392,273.50197051155175,43.285612237365825,44.53895315760692,45.57469009579904,43.96003894944953,48.87318704430094,45.44590499348294,-0.7306641270597782,3.15740718088049,1.6750787850286624,1.692736244624641
172.50000000003928,641.5500000000393,273.6019705115519,42.78843065696114,43.44720125650873,45.03120689237748,44.42687670046069,46.17972082581241,44.99071836724015,-4.379968250876116,2.0729086180693432,1.4073995645759194,1.4237445967637248
172.6000000000392,641.6500000000392,273.7019705115518,45.937077576973834,43.267549200008894,46.23016549564502,44.4134167388151,45.7417240007252,45.198009229046896,-4.379968250876116,2.0729086180693432,1.6374092857754354,1.6544848052068462
172.70000000003932,641.7500000000393,273.80197051155193,49.08572449699369,43.087897143508656,46.0272412580593,45.474413519025404,45.67735625529218,45.07501789022923,-3.870925914018426,1.625995967957204,1.5301121632588537,1.5485188185723915
172.80000000003923,641.8500000000392,273.90197051155184,49.913532230139545,43.066219182066995,45.278342592251335,46.953866027621146,46.37349283973943,44.784345375542266,-2.342307791875804,0.9909796635292025,1.5987523377354524,1.6152723316785382
172.90000000003937,641.9500000000394,274.001970511552,48.42050078006683,43.20251531543526,44.709994237900496,47.71290508224056,45.665965466289435,45.84893277496456,-2.981900618834159,2.2869907665313325,1.5039022236003587,1.521839881798792
173.00000000003928,642.0500000000393,274.1019705115519,46.92746933046354,43.33881144946938,44.21196263912497,48.19137338432715,45.69910300623954,45.4940351877671,-2.492483829258882,1.4313150555266985,1.5489045762220015,1.5649923057755608
173.10000000003942,642.1500000000394,274.201970511552,46.6191879931272,45.16865812525672,45.26165788894388,48.39488997060208,44.8811252393587,46.645501125687574,-3.251102953008176,2.7674150574549072,1.4711344300802207,1.4885722530235577
173.20000000003932,642.2500000000393,274.30197051155193,46.310906655791555,46.99850480103989,46.91412767638592,48.4913244231533,44.556014944058184,46.922242631432816,-3.251102953008176,2.7674150574549072,1.709752075255371,1.7280291726106116
173.30000000003946,642.3500000000395,274.40197051155207,45.52230126376827,46.25388178389964,44.63539612137944,47.95030011731084,45.54936663303492,47.870005728017915,-1.4740019398150324,3.665282663196831,1.4404149420949,1.457290483646895
173.40000000003937,642.4500000000394,274.501970511552,44.253371817818866,42.934789077901776,40.82562692000464,47.16101242526951,45.40196643905355,48.236533994337265,-1.4740019398150324,3.665282663196831,1.6750787850292654,1.6927362446252463
173.5000000000395,642.5500000000395,274.6019705115521,42.98444237204447,39.61569637544587,42.16163068951719,48.28189665112636,42.98334454221221,46.55565385017313,-4.537792156650036,0.6901889203279805,1.407399564576423,1.4237445967642306
173.60000000003942,642.6500000000394,274.701970511552,42.165169630687096,45.26837681403593,45.5016966913611,50.14671253109374,42.52956532654762,46.62467274220587,-4.537792156650036,0.6901889203279805,1.6374092857760294,1.654484805207442
173.70000000003955,642.7500000000396,274.80197051155216,41.345896889327854,50.921057252638846,44.45858611832624,50.611530604888046,43.66750484344347,48.264354412317694,-2.3691916184083834,2.815489839528187,1.530112163259399,1.5485188185729397
173.80000000003946,642.8500000000395,274.90197051155207,38.95483023642717,52.38464870357199,41.70841254794333,50.531108392221014,42.883809303332455,49.667879625877084,-3.140784831754493,4.38733417085154,1.5987523377360213,1.615272331679109
173.9000000000396,642.9500000000396,275.0019705115522,34.991969674461565,49.65915117347135,42.381975438205544,49.91697338063569,41.86012647854743,50.37767239886679,-4.099713867741366,4.751186868552538,1.5039022236009052,1.5218398817993406
174.0000000000395,643.0500000000395,275.1019705115521,31.029109115714107,46.933653644676426,44.38893973833128,49.09497967235609,39.2364001269388,50.0176886695626,-7.369736774981262,3.5267507160326628,1.5489045762225788,1.5649923057761397
174.10000000003964,643.1500000000397,275.20197051155225,35.177695178483965,47.49282401106963,43.22894262818812,50.96224100125593,40.662619646537614,49.918107498190345,-4.484287607098118,2.92748568281018,1.4711344300807694,1.4885722530241092
174.20000000003955,643.2500000000396,275.30197051155216,39.32628124124439,48.05199437746156,40.83554719490926,53.8768541048182,40.21419088582821,50.210856066471095,-4.484287607098118,2.92748568281018,1.7097520752560038,1.7280291726112469
174.3000000000397,643.3500000000397,275.4019705115523,41.453308526284374,50.01966604472676,42.724297239380626,53.78934891958269,40.0319885982665,51.679665504676244,-4.1152892607558895,4.467522090426222,1.4404149420954167,1.457290483647414
174.4000000000396,643.4500000000396,275.5019705115522,41.5587770368026,53.39583901062089,46.280762916425395,52.53264487664986,39.62045967219129,52.12641771371846,-4.1152892607558895,4.467522090426222,1.6750787850298685,1.6927362446258516
174.50000000003973,643.5500000000397,275.60197051155234,41.66424554626138,56.772011975015445,45.29377141986317,51.96973085954484,42.237948485291454,53.290117856350285,-0.04857243403222655,5.544459171677059,1.4073995645769266,1.423744596764736
174.60000000003964,643.6500000000397,275.70197051155225,39.10653782417634,56.36021556494546,42.5372943713235,51.67701888901132,42.23309124188824,53.844563773517486,-0.04857243403222655,5.544459171677059,1.6374092857766236,1.6544848052080376
174.70000000003978,643.7500000000398,275.8019705115524,36.548830102085496,55.94841915487454,40.97877800374551,51.97324959098731,42.04401243344371,53.460606226698694,-0.299560863665925,4.274683270428896,1.5301121632599444,1.5485188185734875
174.8000000000397,643.8500000000397,275.9019705115523,35.22862841407653,55.1648537256201,39.886816956450645,52.49884870343271,40.59959105528827,54.32243111937372,-2.2956087235058344,4.88319964309894,1.5987523377365906,1.6152723316796798
174.90000000003982,643.9500000000398,276.00197051155243,35.14593275817382,54.00951927777028,36.066720072091066,53.361637678929895,40.00553242096748,54.125982449238975,-2.7881754497923095,3.964010138966199,1.5039022236014512,1.5218398817998893
175.00000000003973,644.0500000000397,276.10197051155234,35.06323710272998,52.85418483239627,31.184128976164928,54.355747929863846,38.73604684735962,54.166918330907,-4.251529433654557,3.4428233354813207,1.548904576223156,1.5649923057767183
175.10000000003987,644.1500000000399,276.2019705115525,36.13329116073784,57.914375204720415,31.370616111444345,53.92011664495777,35.09575281516041,54.64521015243159,-8.540155244721387,3.6203934663778887,1.471134430081318,1.4885722530246601
175.20000000003978,644.2500000000398,276.3019705115524,37.203345218743266,62.97456557703305,33.531296102338,52.92766114139037,34.241737290689045,55.00724949906905,-8.540155244721387,3.6203934663778887,1.7097520752566364,1.728029172611882
175.30000000003992,644.3500000000399,276.4019705115525,37.186876849604566,61.5873946924942,33.509285162618916,53.79778890816661,34.101173154920644,56.28183923270074,-7.549906751173986,4.928848538270222,1.4404149420959331,1.457290483647933
175.40000000003982,644.4500000000398,276.50197051155243,36.08388605505609,53.7528625614012,32.63720787066016,55.393314551550745,33.346182479803936,56.774724086527314,-7.549906751173986,4.928848538270222,1.6750787850304718,1.6927362446264569
175.50000000003996,644.55000000004,276.60197051155257,34.98089526072549,45.91833043519475,30.942165812596663,55.85909208636795,32.762336402570504,54.91176382438505,-7.244168420393311,1.4718868911067355,1.4073995645774304,1.4237445967652418
175.60000000003987,644.6500000000399,276.7019705115525,34.42862160401367,50.33923351935821,28.926613577430608,55.88488023004852,32.03791956053183,55.05895251349559,-7.244168420393311,1.4718868911067355,1.6374092857772178,1.6544848052086338
175.70000000004,644.75000000004,276.8019705115526,33.8763479473006,54.76013660353172,29.72259868392056,54.26344807272736,29.94357874510041,55.51513156440196,-9.110589795772473,1.8899890509801267,1.5301121632604902,1.5485188185740355
175.80000000003992,644.8500000000399,276.9019705115525,32.93903127833902,56.53515041243623,31.6135593816291,52.00049286101774,29.893070171006727,55.989956898337745,-7.896208781887487,2.290420575334705,1.5987523377371597,1.6152723316802506
175.90000000004005,644.9500000000401,277.00197051155266,31.616671597741018,55.664274950315125,32.59263243807725,52.30265427765143,30.047378715074156,54.44849110009271,-6.620622828070234,-0.08619563655468632,1.5039022236019977,1.521839881800438
176.00000000003996,645.05000000004,277.10197051155257,30.29431191705714,54.7933994886457,33.21656359605996,53.60382077774822,29.57841540453242,54.5152024099829,-6.335388882714935,0.02425530118105826,1.5489045762237337,1.564992305777297
176.1000000000401,645.1500000000401,277.2019705115527,28.749854001098715,55.04626841739084,32.476267121240745,53.39679255241765,30.402655970288336,54.31990399860622,-4.390879941847255,-0.23774007469036443,1.4711344300818672,1.4885722530252115
176.20000000004,645.25000000004,277.3019705115526,27.2053960851438,55.29913734613541,31.20466133864878,52.60238588943578,29.96356797610401,54.29612999113721,-4.390879941847255,-0.23774007469036443,1.7097520752572692,1.7280291726125168
176.30000000004014,645.3500000000402,277.40197051155275,26.972779246728724,56.749943259274545,30.913845343979343,54.457659465494494,29.314768553529046,53.80684104982925,-4.702744957415321,-0.8440847877482214,1.4404149420964496,1.4572904836484517
176.40000000004005,645.4500000000401,277.50197051155266,28.052003483748702,59.39868615487866,31.005005737094617,57.34487209612769,28.84449405778794,53.722432571054505,-4.702744957415321,-0.8440847877482214,1.6750787850310747,1.692736244627062
176.5000000000402,645.5500000000402,277.6019705115528,29.131227720869038,62.047429048664824,30.39855558491897,59.66772077272177,29.281866922558695,56.59326701639872,-3.483432486258573,3.29773075435498,1.4073995645779338,1.4237445967657472
176.6000000000401,645.6500000000401,277.7019705115527,30.453725036685718,60.164031653113774,29.52041545447397,61.77077341634283,28.933523673933156,56.92304009183392,-3.483432486258573,3.29773075435498,1.6374092857778118,1.6544848052092291
176.70000000004023,645.7500000000402,277.80197051155284,31.7762223525054,58.28063425755845,28.45597022633305,59.54743904227963,28.758094018540106,59.33828393655819,-3.2478503424515504,6.119630531180642,1.5301121632610355,1.5485188185745835
176.80000000004014,645.8500000000402,277.90197051155275,31.780969900699336,56.478563768736706,27.31896699532912,55.63915881589611,29.237274493902753,59.46608463053958,-2.1133201110262743,5.441338211285141,1.598752337737729,1.6152723316808215
176.90000000004028,645.9500000000403,278.0019705115529,30.467967683388864,54.75782018650944,24.659639172403487,55.68456490524912,28.194311963443077,58.093568153504336,-3.2371501180624063,2.8685497561129996,1.5039022236025439,1.5218398818009866
177.0000000000402,646.0500000000402,278.1019705115528,29.154965466604573,53.03707660582132,21.407429922891158,57.269765592693815,28.143436854891878,57.241845659027305,-2.8341277656232697,1.199155212589004,1.548904576224311,1.5649923057778758
177.10000000004032,646.1500000000403,278.20197051155293,29.141981394255556,55.13104311038229,21.332489397773877,56.46665365824642,25.095362743444802,57.520211595755256,-6.521865762819884,1.4091109510995095,1.471134430082416,1.4885722530257623
177.20000000004023,646.2500000000402,278.30197051155284,29.12899732190657,57.225009614938514,22.494961461263884,54.73339436762505,24.443176167163408,57.66112269086508,-6.521865762819884,1.4091109510995095,1.709752075257902,1.7280291726131516
177.30000000004037,646.3500000000404,278.401970511553,27.667034633606892,58.29902522362648,23.807272489185575,57.05621985759173,24.13740849927172,56.699986675179304,-6.011169902595688,-0.046966268636485564,1.4404149420969663,1.4572904836489706
177.40000000004028,646.4500000000403,278.5019705115529,24.75609333170234,58.35308993808787,25.177939494181008,60.9587198426313,23.5362915090127,56.69529004831566,-6.011169902595688,-0.046966268636485564,1.6750787850316777,1.6927362446276675
177.50000000004042,646.5500000000404,278.601970511553,21.84515203159718,58.40715465399101,23.326106138513204,60.5703620016861,23.477568722308433,58.763972019158984,-5.334580239106406,2.7191318572682457,1.4073995645784374,1.4237445967662532
177.60000000004032,646.6500000000403,278.70197051155293,23.39652774154661,62.023197365392114,20.219244373564834,58.51089543487329,22.944110698398276,59.03588520488556,-5.334580239106406,2.7191318572682457,1.6374092857784057,1.6544848052098255
177.70000000004046,646.7500000000405,278.80197051155307,24.947903451499567,65.63924007680144,18.98519747225172,59.14962772847222,21.051388629605754,58.847975182198034,-7.1864782403282454,2.096934208510441,1.5301121632615806,1.5485188185751315
177.80000000004037,646.8500000000404,278.901970511553,25.96150017152746,64.59032462014027,18.48053322296255,60.83919503982658,21.385686285156567,60.8416596415308,-5.7005954949199955,4.596235108984043,1.598752337738298,1.6152723316813922
177.9000000000405,646.9500000000405,279.0019705115531,26.43731790250551,58.87645100295592,19.158347675663222,61.314706958333026,19.713227517193882,61.43055341896759,-7.190330771118899,4.7697592253363075,1.5039022236030901,1.521839881801535
178.00000000004042,647.0500000000404,279.101970511553,26.913135633630223,53.16257738917851,20.296687868710702,61.31739534295522,20.676424363961868,60.04412684155605,-4.705444018200819,2.0376184202355043,1.5489045762248885,1.5649923057784545
178.10000000004055,647.1500000000406,279.20197051155316,27.754008258900768,55.834540713207,21.03767759542898,62.84299124739626,20.231898851185424,60.68748209378867,-4.670737833916068,2.6201044857443807,1.471134430082965,1.4885722530263137
178.20000000004046,647.2500000000405,279.30197051155307,28.594880884169406,58.506504037229405,21.62391602102143,64.96169560432755,19.76482506779424,60.94949254236287,-4.670737833916068,2.6201044857443807,1.709752075258535,1.7280291726137869
178.3000000000406,647.3500000000406,279.4019705115532,26.50134891652054,59.25447890846846,20.518732631768312,64.15167948833806,21.662221514150158,62.56774751987753,-1.4228425716056354,4.406570230612743,1.4404149420974828,1.4572904836494895
178.4000000000405,647.4500000000405,279.5019705115531,21.473412360727554,58.078465330044246,18.75481155683442,62.20104987818018,21.519937256989724,63.0084045429384,-1.4228425716056354,4.406570230612743,1.6750787850322806,1.6927362446282728
178.50000000004064,647.5500000000407,279.60197051155325,16.445475806640104,56.90245175361913,19.646651961205464,61.20936320939143,19.436254928828824,61.80627750137429,-4.142672790144161,2.041642074908855,1.4073995645789408,1.4237445967667588
178.60000000004055,647.6500000000406,279.70197051155316,15.636148190005201,60.644812989720855,21.572799807541724,60.591144500138235,19.021987649814783,62.01044170886499,-4.142672790144161,2.041642074908855,1.6374092857789995,1.6544848052104213
178.7000000000407,647.7500000000407,279.8019705115533,14.826820573368456,64.38717422583107,20.459960145567717,61.43907060065626,19.872574611273585,61.57086984777793,-2.4194012531747506,1.1705875892714166,1.5301121632621262,1.5485188185756795
178.8000000000406,647.8500000000406,279.9019705115532,15.23040736479168,64.17615989795647,18.163562615020922,62.85799846453255,18.515343161538503,62.66009578707742,-3.9932644466535114,2.5325553665213802,1.5987523377388673,1.6152723316819633
178.90000000004073,647.9500000000407,280.00197051155334,16.846908562302083,60.011770012532146,15.655077759755969,62.48272259172705,17.77862451113556,63.11149084974112,-4.449201880552042,2.7985251605536594,1.5039022236036366,1.5218398818020837
179.00000000004064,648.0500000000407,280.10197051155325,18.463409758323237,55.84738012919861,13.063993808152428,61.40867979587161,17.57368896788686,61.783851405829594,-4.094711298546971,0.4416031440673347,1.5489045762254658,1.5649923057790331
179.10000000004078,648.1500000000408,280.2019705115534,16.429834827484942,56.79681262680615,12.725409456824904,61.858402264223976,15.293435044707449,61.579264007747774,-6.5901188569300775,0.11199839343430557,1.471134430083514,1.488572253026865
179.2000000000407,648.2500000000407,280.3019705115533,14.396259896651273,57.74624512441153,13.264078999621544,62.90156724044129,14.634423159015041,61.59046384709119,-6.5901188569300775,0.11199839343430557,1.709752075259168,1.728029172614422
179.30000000004082,648.3500000000408,280.40197051155343,12.992626280170041,59.645159901345,12.362060974534277,63.005500795675296,13.456240670835111,61.57837951873763,-7.29211485314056,0.048907163329981684,1.4404149420979993,1.4572904836500085
179.40000000004073,648.4500000000407,280.50197051155334,12.218933977019224,62.49355695604785,10.898955711528725,62.74364319985302,12.727029185521719,61.58327023507062,-7.29211485314056,0.048907163329981684,1.6750787850328837,1.6927362446288778
179.50000000004087,648.5500000000409,280.6019705115535,11.445241673449061,65.34195400961893,12.553697156880995,61.46243124966811,11.221000963432518,62.60888189867078,-8.332455963141335,1.5078361980006674,1.4073995645794446,1.4237445967672646
179.60000000004078,648.6500000000408,280.7019705115534,9.65123303249515,65.4092100064159,15.422708813789985,59.784223634430816,10.387755367119142,62.75966551847071,-8.332455963141335,1.5078361980006674,1.6374092857795937,1.6544848052110173
179.70000000004092,648.7500000000409,280.8019705115535,7.857224391537158,65.47646600321303,14.042276466862742,60.2668368661341,11.949734639254864,61.54943231610959,-5.069136990596775,-0.3337878243873822,1.5301121632626715,1.5485188185762275
179.80000000004082,648.8500000000408,280.90197051155343,7.246004295741826,64.44842365559995,11.006864336704577,61.59099897191247,10.451708108299187,62.35137158444267,-6.467763495218919,0.8364597337231936,1.5987523377394361,1.6152723316825344
179.90000000004096,648.950000000041,281.00197051155357,7.817572743170041,62.3250829653651,10.242141804260644,61.78048322013127,9.761258432342968,62.279166801315355,-6.526781765485046,0.6272556721183667,1.5039022236041828,1.5218398818026326
180.00000000004087,649.0500000000409,281.1019705115535,8.389141191412126,60.20174227724092,10.361757405188243,61.52805814726059,8.955748975041208,61.88586230067117,-6.752534749417729,-0.0413805225731132,1.5489045762260434,1.5649923057796122
180.100000000041,649.150000000041,281.2019705115536,10.952458444801811,63.22374662424769,9.194524526659297,62.58805648175768,8.875502228050227,61.72733202720697,-5.958864692414006,-0.24595892476804584,1.4711344300840625,1.4885722530274161
180.20000000004092,649.2500000000409,281.3019705115535,13.515775698185667,66.24575097124759,7.526118267415754,64.15918855616314,8.279615758809369,61.70273613473019,-5.958864692414006,-0.24595892476804584,1.7097520752598003,1.728029172615057
180.30000000004105,649.3500000000411,281.40197051155366,12.274991817749603,65.89083896414417,6.686642586465078,64.31052452885694,8.472469304871597,63.71935219026531,-4.840237027679791,2.518450505107279,1.4404149420985157,1.4572904836505276
180.40000000004096,649.450000000041,281.50197051155357,7.230106809744215,62.15901060848272,6.170000515638794,63.90890961138489,7.988445602104058,63.97119724077581,-4.840237027679791,2.518450505107279,1.6750787850334867,1.6927362446294834
180.5000000000411,649.5500000000411,281.6019705115537,2.185221804337818,58.42718225595761,6.945908831531886,62.68236764078897,5.9605199640399125,63.11980617409248,-7.050328447241384,0.8834929950481987,1.407399564579948,1.4237445967677702
180.600000000041,649.650000000041,281.7019705115536,3.4833942946435936,62.3368448670581,8.225211181295727,61.13455126481213,5.255487119316415,63.20815547359722,-7.050328447241384,0.8834929950481987,1.6374092857801876,1.6544848052116132
180.70000000004114,649.7500000000412,281.80197051155375,4.78156678495232,66.24650747816747,8.02548936013105,61.43391042542609,5.941171797036455,62.308463773568164,-5.155577379723078,-0.45344862846228096,1.5301121632632169,1.5485188185767758
180.80000000004105,649.8500000000411,281.90197051155366,6.160143836009967,67.47861473092624,7.249749805925767,62.45266679808623,5.372723285422573,63.505494416811096,-5.2302151358745785,1.2870703282554241,1.5987523377400057,1.6152723316831048
180.9000000000412,649.9500000000412,282.0019705115538,7.6191254476904415,66.03316662974774,8.248974394539545,62.45093139299247,5.539436966180687,63.33079859831652,-4.298136417895245,0.8798017963328311,1.5039022236047292,1.521839881803181
181.0000000000411,650.0500000000411,282.1019705115537,9.078107057859857,64.58771852771542,9.939472893252244,62.05175734425686,5.9526529577063005,63.66786022132737,-3.052864806444424,1.245007689995226,1.548904576226621,1.5649923057801907
181.10000000004123,650.1500000000412,282.20197051155384,6.873490513660155,61.05960408218937,9.431841370458205,62.439475154963205,7.308114364411587,63.15553982489736,-0.8376194848340921,0.40118372341780417,1.4711344300846114,1.4885722530279673
181.20000000004114,650.2500000000412,282.30197051155375,4.668873969465464,57.53148963667133,8.068130618672388,63.133654262198206,7.224352415928254,63.195658197239105,-0.8376194848340921,0.40118372341780417,1.709752075260433,1.728029172615692
181.30000000004128,650.3500000000413,282.4019705115539,4.051308190176943,56.22754529710909,5.8204265894806415,63.946482441476284,6.696180144916584,62.00473506431545,-1.46574038905311,-1.3021894706225967,1.4404149420990324,1.4572904836510465
181.4000000000412,650.4500000000412,282.5019705115538,5.020793173177606,57.147771059837055,3.2284443438344717,64.8055194460357,6.549606106011406,61.87451611725331,-1.46574038905311,-1.3021894706225967,1.67507878503409,1.6927362446300884
181.50000000004133,650.5500000000413,282.60197051155393,5.990278157551384,58.067996823735605,5.518827469212723,62.64495329769623,4.99121820722639,62.156082965289905,-3.3365311487017126,-0.8870442350591301,1.4073995645804516,1.4237445967682758
181.60000000004123,650.6500000000412,282.70197051155384,10.272584350069458,61.811903528425916,9.710686640846918,59.30837867229762,4.657565092356522,62.06737854178407,-3.3365311487017126,-0.8870442350591301,1.6374092857807816,1.6544848052122092
181.70000000004137,650.7500000000414,282.801970511554,14.554890542597267,65.55581023312475,9.95238026384748,60.8587188457703,6.817318390120496,60.546930711235724,0.060553008107141704,-2.8243700706912094,1.5301121632637622,1.5485188185773238
181.80000000004128,650.8500000000413,282.9019705115539,14.442786272802945,67.41459540526661,8.655650479603407,64.3123068763793,8.890056825809637,61.739255714063475,2.976989680170014,-0.7582868114102488,1.5987523377405743,1.6152723316836761
181.90000000004142,650.9500000000414,283.001970511554,9.936271547959961,67.38825904798037,8.564110085847974,62.613934578618014,8.927579527795519,63.00881677940416,2.625398573207438,1.0476781112291311,1.5039022236052753,1.5218398818037295
182.00000000004133,651.0500000000413,283.10197051155393,5.429756826356866,67.36192268947177,8.941940290782245,58.909090333103876,8.391301175838027,64.01883414237496,1.445433362717302,2.374964749233718,1.548904576227198,1.5649923057807695
182.10000000004146,651.1500000000415,283.20197051155407,8.727701696900361,64.38157467440959,5.931207791179355,59.42693562215496,8.76088107546912,62.011323703861095,1.7456060728376572,-0.5997960494465531,1.4711344300851605,1.4885722530285186
182.20000000004137,651.2500000000414,283.301970511554,12.025646567436358,61.40122665935417,1.6007725810635245,61.58934095343081,8.935441682752726,61.95134409891649,1.7456060728376572,-0.5997960494465531,1.7097520752610658,1.728029172616327
182.3000000000415,651.3500000000415,283.4019705115541,13.111994675678142,60.56370451508067,1.9321854014367696,61.02019760774127,6.892015608126293,61.638030281381845,-1.1705114637436498,-0.9548891134966828,1.4404149420995491,1.4572904836515654
182.40000000004142,651.4500000000414,283.501970511554,11.986746025291646,61.869008238036166,4.079192034969101,59.387230892906956,6.774964461752035,61.54254137003226,-1.1705114637436498,-0.9548891134966828,1.675078785034693,1.6927362446306937
182.50000000004155,651.5500000000416,283.60197051155416,10.861497374731064,63.17431196061887,3.7988793195988917,59.47356872991334,6.706121324737152,60.897081090890076,-0.9652514750541479,-1.6156848198455938,1.4073995645809552,1.4237445967687814
182.60000000004146,651.6500000000415,283.70197051155407,9.324018815454743,63.57657371748495,2.5732277678718805,60.22950340637793,6.6095961772318255,60.735512608905665,-0.9652514750541479,-1.6156848198455938,1.6374092857813758,1.6544848052128047
182.7000000000416,651.7500000000416,283.8019705115542,7.786540256174925,63.97883547435194,1.6847792720700427,61.65001163778112,4.796188936300694,60.476850437609464,-3.304377952442286,-1.747064585140527,1.5301121632643078,1.5485188185778715
182.8000000000415,651.8500000000415,283.9019705115541,6.148973223747952,63.86114061407302,0.9276571897685537,63.32934332864088,4.965242260330685,61.09821333178733,-2.5995121735354156,-0.6318029010278983,1.598752337741144,1.6152723316842468
182.90000000004164,651.9500000000417,284.00197051155425,4.4113177183329615,63.22348913751308,2.5716885785525108,63.7107121506951,3.1102314521489887,62.06212832258576,-4.755007660361786,0.7469039416296508,1.5039022236058217,1.5218398818042782
183.00000000004155,652.0500000000416,284.10197051155416,2.6736622137465567,62.58583766198664,5.15086829434973,63.58657900466821,2.643000955921793,62.23249711820662,-4.7427913256036245,0.8871886438330604,1.5489045762277758,1.5649923057813484
183.1000000000417,652.1500000000417,284.2019705115543,2.9178537090010814,64.4285403017235,6.790880720194698,63.56736161841523,3.3975025904448932,62.788809627796304,-3.103740108799223,1.5067766001754284,1.4711344300857094,1.48857225302907
183.2000000000416,652.2500000000416,284.3019705115542,3.1620452042550515,66.2712429414562,8.065126971334365,63.58900450969626,3.0871285795652534,62.93948728781371,-3.103740108799223,1.5067766001754284,1.7097520752616986,1.728029172616962
183.30000000004173,652.3500000000417,284.40197051155434,3.3823333392334898,67.17835992888051,8.36265103761782,65.12331579749333,4.733664926656153,64.01635735828266,-0.48792786952480866,2.7747218946712082,1.4404149421000656,1.4572904836520846
183.40000000004164,652.4500000000417,284.50197051155425,3.5787181139752873,67.14989126555378,8.279782876529685,67.24674782969522,4.6848721397037165,64.29382954774952,-0.48792786952480866,2.7747218946712082,1.6750787850352962,1.6927362446312992
183.50000000004178,652.5500000000418,284.6019705115544,3.775102889439224,67.12142260199501,7.725676348326208,67.93404158662372,5.683672827760867,66.16773918917522,0.8608451652279148,4.945574654631952,1.4073995645814588,1.4237445967692872
183.6000000000417,652.6500000000417,284.7019705115543,5.696508811164916,66.5384889986379,6.988042288070527,68.06201986386492,5.76975734428358,66.66229665463797,0.8608451652279148,4.945574654631952,1.6374092857819698,1.654484805213401
183.70000000004183,652.7500000000418,284.80197051155443,7.6179147328949774,65.95555539527948,7.282158681627622,66.99426064576961,6.245298926321578,67.66291834088412,1.3914519769829934,5.6303421098809405,1.530112163264853,1.5485188185784196
183.80000000004173,652.8500000000417,284.90197051155434,6.817990784299201,65.64866673731505,7.978098499797808,65.46081194478002,6.8581773444816845,67.74703710009888,2.0599690387483043,4.959400499724048,1.598752337741713,1.6152723316848177
183.90000000004187,652.9500000000419,285.0019705115545,3.2967369699280127,65.6178230242813,7.834064704858069,65.18883269579622,7.54428369187553,67.16470540758466,2.7087684595586805,3.5119976567213924,1.503902223606368,1.5218398818048269
184.00000000004178,653.0500000000418,285.1019705115544,-0.2245168413341993,65.58697931246988,7.362896502022961,65.40814276331065,6.1072824846078335,67.10488344410145,0.18599586479806662,2.9093531727521773,1.548904576228353,1.5649923057819268
184.10000000004192,653.1500000000419,285.2019705115545,3.6662955433022604,68.47766148327197,6.644357184888849,67.37658137653098,6.534412338139432,66.77563959698831,0.7309279220448895,2.0875807963116055,1.4711344300862583,1.4885722530296208
184.20000000004183,653.2500000000418,285.30197051155443,7.5571079279298745,71.3683436540675,5.829477218784839,70.02623202093388,6.607505130343855,66.98439767661928,0.7309279220448895,2.0875807963116055,1.7097520752623314,1.728029172617597
184.30000000004196,653.350000000042,285.40197051155457,9.297621255132471,69.93586918458048,4.335033532566238,68.50857778049594,6.806766683764479,69.46044287813086,0.9269062416532772,5.14849078658516,1.440414942100582,1.4572904836526035
184.40000000004187,653.4500000000419,285.5019705115545,8.88783552851038,64.18023808207175,2.575928347781184,65.36793349044837,6.899457307929723,69.97529195678891,0.9269062416532772,5.14849078658516,1.6750787850358992,1.6927362446319045
184.500000000042,653.550000000042,285.6019705115546,8.478049802496733,58.4246069822936,1.8489985447600992,64.72331963408423,5.63386685491566,66.50133138120589,-0.8094039638159903,-0.46577300337011573,1.4073995645819624,1.4237445967697928
184.60000000004192,653.6500000000419,285.7019705115545,9.516945663603495,59.19150861110746,1.5240576579228486,65.05080469280942,5.5529264585341345,66.45475408086892,-0.8094039638159903,-0.46577300337011573,1.6374092857825637,1.6544848052139969
184.70000000004205,653.7500000000421,285.80197051155466,10.555841524712621,59.95841023992306,1.2567042340435823,65.01057610210894,3.8559177569583576,65.90128197111959,-3.0111790166400185,-1.151664347720615,1.5301121632653985,1.5485188185789678
184.80000000004196,653.850000000042,285.90197051155457,10.051290996010742,60.73234753624228,1.0117787058785446,64.82713850448074,5.097102181558164,64.63062680667723,-0.8347316513869796,-2.77045836644178,1.598752337742282,1.6152723316853885
184.9000000000421,653.9500000000421,286.0019705115547,8.00329408009251,61.513320500056786,2.4942522177911517,62.45843592924455,3.436273725891281,64.4377071334945,-2.9663023020413943,-2.657532799195932,1.5039022236069144,1.5218398818053753
185.000000000042,654.050000000042,286.1019705115546,5.955297165145532,62.29429346463677,4.649475031998045,59.2386645187813,3.737776092240426,63.77185593608224,-2.082777556367222,-3.244160672910291,1.5489045762289304,1.5649923057825057
185.10000000004214,654.1500000000422,286.20197051155475,6.2052059760680605,64.899288864506,3.218965886610172,60.371790064379994,4.1045485578094185,61.516716003272506,-1.31572716785281,-5.80247870473404,1.4711344300868072,1.4885722530301722
185.20000000004205,654.2500000000421,286.30197051155466,6.455114786990022,67.50428426436932,0.3919648953512578,63.200185968600586,3.9729758410242573,60.93646813279963,-1.31572716785281,-5.80247870473404,1.709752075262964,1.7280291726182322
185.3000000000422,654.3500000000422,286.4019705115548,5.633914404859376,67.5335031052259,1.6359963746921966,63.379863420887226,2.7780957430289774,62.8644475493843,-2.7094531747731248,-2.3988501275227896,1.4404149421010985,1.4572904836531226
185.4000000000421,654.4500000000421,286.5019705115547,3.7416048314869412,64.98694539142126,4.465523845791459,62.52797639433995,2.5071504255519113,62.62456253663224,-2.7094531747731248,-2.3988501275227896,1.675078785036502,1.6927362446325098
185.50000000004223,654.5500000000422,286.60197051155484,1.8492952575658559,62.44038767814349,5.796814238318163,61.90662148935962,3.113562772292085,62.30590443439235,-1.5685816334110676,-2.4999011744613027,1.407399564582466,1.4237445967702984
185.60000000004214,654.6500000000422,286.70197051155475,-1.3301478132397007,61.153335002329776,6.544604278059228,61.375049153632524,2.956704608951121,62.05591431694645,-1.5685816334110676,-2.4999011744613027,1.6374092857831577,1.6544848052145926
185.70000000004228,654.7500000000423,286.8019705115549,-4.509590884052486,59.86628232651314,4.933773172756087,64.1682709867603,4.315023227911733,61.50946223043903,0.4957360870511689,-2.9010508700829902,1.5301121632659438,1.5485188185795156
185.8000000000422,654.8500000000422,286.9019705115548,-3.4188876690763763,59.38796001614952,2.404358293305104,68.25636036667687,2.180006016559704,60.76956984583572,-2.5870881125250467,-3.531185088052796,1.5987523377428512,1.6152723316859592
185.90000000004233,654.9500000000423,287.00197051155493,1.9419618244699528,59.71836806986865,1.4928063091095756,68.35282566798278,1.7639216892979603,63.714141701154645,-2.7997586713208102,0.8954229925448471,1.5039022236074606,1.5218398818059242
186.00000000004223,655.0500000000422,287.10197051155484,7.3028113145690545,60.04877612198561,1.2113439039509106,66.89472120770387,2.720054213134129,63.00357614820112,-0.9738552545043087,-0.2777037535875537,1.548904576229508,1.5649923057830843
186.10000000004237,655.1500000000424,287.201970511555,4.541370539478567,56.59255528177197,2.4637685847145248,64.88089989319458,2.052685188942918,64.23660871253007,-1.7341472221150804,1.3929312620069731,1.471134430087356,1.4885722530307233
186.20000000004228,655.2500000000423,287.3019705115549,1.7799297643943595,53.1363344415662,4.313577797306903,62.65065022758108,1.8792704667315678,64.37590183873064,-1.7341472221150804,1.3929312620069731,1.7097520752635966,1.7280291726188672
186.30000000004242,655.3500000000424,287.401970511555,-0.2604860213220302,53.24190065934081,2.7223486018469703,61.82297871463398,2.519342228000361,61.46044550732048,-0.6615941509323623,-2.781900586125367,1.440414942101615,1.4572904836536413
186.40000000004233,655.4500000000423,287.50197051155493,-1.5798768188843302,56.90925392905379,-0.20902038438723025,61.541552424546474,2.4531828129071847,61.1822554487082,-0.6615941509323623,-2.781900586125367,1.6750787850371052,1.692736244633115
186.50000000004246,655.5500000000425,287.60197051155507,-2.899267616726413,60.57660719862596,-1.878468149377663,61.90165252858127,0.30139751507101853,60.964739930746504,-3.5830673317491084,-2.7135735672708963,1.4073995645829693,1.4237445967708042
186.60000000004237,655.6500000000424,287.701970511555,-4.869622897687561,63.89314831327502,-3.056450652755924,62.511600191881975,-0.05690921810356642,60.69338257401966,-3.5830673317491084,-2.7135735672708963,1.6374092857837519,1.6544848052151886
186.7000000000425,655.7500000000425,287.8019705115551,-6.839978178653189,67.20968942793164,-4.088051919318466,63.22772779295019,-1.6889344601486416,61.22785971979163,-5.318415787092313,-1.6231798603717125,1.5301121632664896,1.5485188185800636
186.80000000004242,655.8500000000424,287.901970511555,-7.562830958130289,68.87053952172627,-5.06264384834155,63.98520801572804,-3.4492514011350597,62.68715046472512,-7.052000649136503,0.6486298483637465,1.59875233774342,1.6152723316865303
186.90000000004255,655.9500000000426,288.00197051155516,-7.038181238243846,68.87569859748244,-5.371770411299001,62.029037226943,-4.7993970525144745,63.31557272774074,-7.923552601719484,1.405115685185239,1.503902223608007,1.521839881806473
187.00000000004246,656.0500000000425,288.10197051155507,-6.513531517873875,68.88085767067096,-5.421726191866614,59.01601345728682,-5.787566945748944,64.61201246219149,-8.212797954461388,3.099950005734234,1.5489045762300857,1.5649923057836632
187.1000000000426,656.1500000000426,288.2019705115552,-4.848870878549624,62.8471910872394,-4.10268701948161,58.51512917558232,-6.396226549653625,62.56405506152055,-7.9291872461885795,-0.024469935418081068,1.471134430087905,1.4885722530312746
187.2000000000425,656.2500000000425,288.3019705115551,-3.184210239229158,56.81352450382157,-2.2504818686219785,58.992617608315065,-7.1891452742717625,62.561608067978746,-7.9291872461885795,-0.024469935418081068,1.7097520752642297,1.7280291726195023
187.30000000004264,656.3500000000427,288.40197051155525,-2.0035526115380335,56.07493306298137,-1.0570796271680445,60.192832176396955,-5.105860858129166,59.87334902861044,-4.03910325207703,-3.669321807220153,1.4404149421021317,1.4572904836541603
187.40000000004255,656.4500000000426,288.50197051155516,-1.3068979946562485,60.63141675569247,-0.12025342134124406,61.67451818912389,-5.509771183336501,59.50641684788876,-4.03910325207703,-3.669321807220153,1.6750787850377082,1.6927362446337204
187.5000000000427,656.5500000000427,288.6019705115553,-0.6102433788026065,65.18790044589477,-1.1556498448938282,62.95598600712919,-3.05614498651291,61.09378300963896,-0.10181034568191383,-0.9140638188350845,1.4073995645834732,1.4237445967713098
187.6000000000426,656.6500000000426,288.7019705115552,-2.322518711490968,63.8510840960329,-2.959144065807007,64.15947725592017,-3.066326021081092,61.00237662775554,-0.10181034568191383,-0.9140638188350845,1.6374092857843459,1.6544848052157843
187.70000000004273,656.7500000000427,288.80197051155534,-4.034794044183222,62.51426774616799,-2.5095762919172984,63.52465286681845,-3.232492704201174,62.28445556404273,-0.31432940101882223,0.9444316201244278,1.5301121632670347,1.5485188185806116
187.80000000004264,656.8500000000427,288.90197051155525,-4.368593633357853,63.068928083165794,-1.1825355949661058,62.17388182378075,-3.60769750713419,62.27686795722088,-0.7994491809513428,0.8014905475954764,1.5987523377439894,1.615272331687101
187.90000000004278,656.9500000000428,289.0019705115554,-3.3239174813733636,65.5150651037947,-2.2905949634619547,62.53226809489674,-2.610939546439553,62.16664579107666,0.6555611579899142,0.5459484281977312,1.503902223608553,1.5218398818070213
188.0000000000427,657.0500000000427,289.1019705115553,-2.279241330617115,67.96120212364465,-4.347023430230891,63.55629928296462,-2.488846553409605,63.44433009698213,0.7390739616133601,2.339255365629369,1.5489045762306628,1.564992305784242
188.10000000004283,657.1500000000428,289.20197051155543,-4.102337319809078,68.59809545307748,-5.996841039818237,62.443036669658845,-3.3118657080561227,63.798703791186064,-0.4573221684895252,2.498855968851393,1.4711344300884537,1.4885722530318257
188.20000000004273,657.2500000000427,289.30197051155534,-5.9254333089968965,69.23498878250886,-7.48830081538549,60.4973879774777,-3.3575979249050336,64.04858938807098,-0.4573221684895252,2.498855968851393,1.7097520752648623,1.7280291726201373
188.30000000004287,657.3500000000429,289.4019705115555,-8.01357410288812,69.15014637158592,-6.2270894745900565,59.653089412971106,-5.5773903824840625,63.776741901233784,-3.39293914770242,1.8584306191051472,1.4404149421026484,1.4572904836546794
188.40000000004278,657.4500000000428,289.5019705115554,-10.366759701018857,68.34356822154638,-3.8938284626147945,59.23772041989811,-5.916684297253996,63.96258496314413,-3.39293914770242,1.8584306191051472,1.6750787850383113,1.6927362446343257
188.50000000004292,657.5500000000429,289.6019705115555,-12.71994529800258,67.53699007047904,-4.40564476204905,60.68036062692466,-6.463013687888743,63.12908833381543,-3.883373507033756,0.63993862605446,1.4073995645839765,1.4237445967718156
188.60000000004283,657.6500000000428,289.70197051155543,-12.3915603154898,64.34300012194757,-6.0254990606636545,62.84661730239335,-6.8513510385917655,63.19308219642082,-3.883373507033756,0.63993862605446,1.6374092857849398,1.6544848052163805
188.70000000004296,657.750000000043,289.80197051155557,-12.063175332976272,61.149010173408854,-7.71275529184868,63.11593874275178,-7.050101735753584,63.35180944109798,-3.625075536103197,0.7681246038498084,1.5301121632675803,1.5485188185811598
188.80000000004287,657.8500000000429,289.9019705115555,-11.071025248564016,60.7178247503284,-9.426261742031855,62.64648366056628,-8.389401722241569,62.6225280782599,-5.003493554887124,-0.3611809670770587,1.5987523377445585,1.6152723316876718
188.900000000043,657.950000000043,290.0019705115556,-9.415110063389497,63.04944384795514,-8.453524021713669,61.46269856734255,-9.41555240356594,62.54958454021942,-5.714039036272459,-0.4106130780927832,1.5039022236090995,1.5218398818075702
189.00000000004292,658.0500000000429,290.1019705115555,-7.75919487860846,65.38106294376847,-6.43460713289169,60.00071196690515,-9.5137103458711,63.120613236960004,-5.014989159995487,0.4868398757755514,1.5489045762312406,1.5649923057848205
189.10000000004305,658.1500000000431,290.20197051155566,-7.010154812660119,63.50519430190351,-6.706972208532557,61.83285593709136,-8.632334231250171,61.889310832121105,-3.1703940439736202,-1.2092142968009492,1.4711344300890026,1.488572253032377
189.20000000004296,658.250000000043,290.30197051155557,-6.26111474671348,61.62932566004282,-7.8716952785474295,64.9479252716757,-8.949373635647245,61.76838940244112,-3.1703940439736202,-1.2092142968009492,1.709752075265495,1.7280291726207724
189.3000000000431,658.3500000000431,290.4019705115557,-7.562652300659143,61.25701534292574,-9.748412670045763,64.3344526597889,-8.425400064284746,62.887273978325304,-2.0166229782531477,0.42497642126301094,1.4404149421031647,1.4572904836551983
189.400000000043,658.450000000043,290.5019705115556,-10.914767470957035,62.388263347962585,-11.902421915870216,62.26886971626871,-8.627062362109877,62.92977162045157,-2.0166229782531477,0.42497642126301094,1.6750787850389144,1.6927362446349312
189.50000000004314,658.5500000000432,290.60197051155575,-14.266882640088726,63.519511351610106,-11.479194634939374,61.83183399241899,-11.060428409873122,62.655147842014905,-5.135347294330138,0.028959928570758298,1.4073995645844801,1.4237445967723212
189.60000000004305,658.6500000000431,290.70197051155566,-14.901880808029349,61.42883000264288,-10.0522420798177,62.02904894274397,-11.573963139305668,62.658043834871975,-5.135347294330138,0.028959928570758298,1.6374092857855338,1.6544848052169763
189.7000000000432,658.7500000000432,290.8019705115558,-15.536878975971415,59.33814865367091,-10.9566739009605,60.63424602132065,-11.272758751964279,62.436765368087435,-4.02532474385573,-0.27437582992847104,1.5301121632681256,1.5485188185817078
189.8000000000431,658.8500000000431,290.9019705115557,-15.360639764065569,58.64564633427188,-12.769081919868949,58.61941907096592,-12.591965894392562,61.5419004981495,-5.31890650929803,-1.4896071582174564,1.5987523377451278,1.615272331688243
189.90000000004324,658.9500000000432,291.00197051155584,-14.373163173712861,59.35132304202652,-13.323122827730584,59.10516072778333,-13.328555065695088,60.09168261342827,-5.59552735742081,-3.2363313387057553,1.503902223609646,1.5218398818081187
190.00000000004314,659.0500000000432,291.10197051155575,-13.385686583992774,60.05699975073386,-13.38708265050028,60.56476872740748,-13.781377875588456,59.829619932768644,-5.437872464284754,-3.1460560773975037,1.5489045762318179,1.5649923057853994
190.10000000004328,659.1500000000433,291.2019705115559,-13.857376538996858,62.9716612079288,-15.943364055074984,62.80793588936823,-14.13199747526467,59.96022250969529,-5.1802091976236335,-2.5561301190100423,1.4711344300895515,1.4885722530329284
190.2000000000432,659.2500000000432,291.3019705115558,-14.32906649399987,65.8863226651171,-19.470299932790674,65.35626640241246,-14.650018395026562,59.70460949779452,-5.1802091976236335,-2.5561301190100423,1.709752075266128,1.7280291726214074
190.30000000004333,659.3500000000433,291.40197051155593,-15.473290184026903,66.98564888758061,-17.689995174929745,65.17737088797138,-17.09118842127965,63.003215937214634,-7.744240819679384,2.2306523994740672,1.4404149421036814,1.457290483655717
190.40000000004324,659.4500000000432,291.50197051155584,-17.290047607907532,66.26963987845954,-13.842743318195028,63.936335494718534,-17.865612503246883,63.22628117716184,-7.744240819679384,2.2306523994740672,1.6750787850395172,1.692736244635536
190.50000000004337,659.5500000000434,291.601970511556,-19.106805030015213,65.55363086845837,-15.748703228378833,63.451687183581654,-16.94397393144131,63.919470659248525,-5.529277737613337,2.915147899929071,1.4073995645849837,1.423744596772827
190.60000000004328,659.6500000000433,291.7019705115559,-16.83159156961888,62.81477471000589,-19.895297243429017,63.26161984066637,-17.49690170520214,64.21098544924116,-5.529277737613337,2.915147899929071,1.6374092857861278,1.6544848052175722
190.70000000004342,659.7500000000434,291.801970511556,-14.556378109217377,60.0759185515472,-20.503421264791392,62.462838117483415,-19.393120659533345,64.07939885146071,-7.359413877616799,2.342639414405954,1.530112163268671,1.5485188185822558
190.80000000004333,659.8500000000433,291.90197051155593,-14.221762524799702,59.28311308360259,-19.733459989081148,61.42698773495054,-18.80180738034441,63.16065172743841,-5.4864348425034555,0.7273165052681163,1.5987523377456967,1.6152723316888138
190.90000000004346,659.9500000000435,292.00197051155607,-15.827744812993252,60.43635830278792,-17.689775683995418,60.82765447989711,-19.565084167404848,62.46127422017176,-5.776481131800536,-0.3091133166978155,1.503902223610192,1.5218398818086674
191.00000000004337,660.0500000000434,292.101970511556,-17.43372710125976,61.58960352211263,-15.150029809240836,60.39832629380768,-19.567255147153382,62.251211177343905,-4.926421645182661,-0.5717874841800714,1.548904576232395,1.564992305785978
191.1000000000435,660.1500000000435,292.2019705115561,-19.21610848085319,63.06982083262901,-16.284081466772776,61.4053677300787,-18.135781061524924,61.487019066334604,-2.359873432880107,-1.5086200714591862,1.4711344300901001,1.4885722530334793
191.20000000004342,660.2500000000434,292.301970511556,-20.99848986044257,64.55003814314202,-18.84892280816494,62.971814745948414,-18.37176840481272,61.33615705918882,-2.359873432880107,-1.5086200714591862,1.7097520752667605,1.7280291726220425
191.30000000004355,660.3500000000436,292.40197051155616,-20.622446372279914,64.36336138666483,-18.832907577213476,62.411363711286796,-19.580514399003704,62.60624999328193,-3.691242465348985,0.4139289760487789,1.4404149421041978,1.4572904836562361
191.40000000004346,660.4500000000435,292.50197051155607,-18.08797802012622,62.50979056610147,-17.811757216528147,61.02257530567018,-19.949638645538265,62.647642890886765,-3.691242465348985,0.4139289760487789,1.6750787850401205,1.6927362446361414
191.5000000000436,660.5500000000436,292.6019705115562,-15.553509668591142,60.65621974675091,-17.767174339021555,60.3558341917724,-18.6380112501282,61.661101437303074,-1.3198556644635313,-0.99692455232158,1.4073995645854873,1.4237445967733324
191.6000000000435,660.6500000000435,292.7019705115561,-14.449281084473785,61.59036936868442,-18.102923439051022,59.97030014145824,-18.769996816574434,61.56140898207101,-1.3198556644635313,-0.99692455232158,1.637409285786722,1.654484805218168
191.70000000004364,660.7500000000437,292.80197051155625,-13.345052500353919,62.52451899062005,-16.179049984097617,62.320860519383395,-18.6613981868476,60.8096218961558,-0.9920772657816582,-1.8792892058488624,1.5301121632692163,1.5485188185828036
191.80000000004355,660.8500000000436,292.90197051155616,-13.206370298569718,63.10813750366063,-13.37514854375801,65.73701464534403,-17.5221351509873,61.099682142643076,0.7556127830149358,-1.2096452839311955,1.598752337746266,1.6152723316893844
191.9000000000437,660.9500000000437,293.0019705115563,-14.033234477434485,63.341224908420905,-13.063205225281513,65.43461383130354,-15.570919159639045,63.10454277246473,3.2902925479947753,1.6439260900376138,1.5039022236107384,1.521839881809216
192.0000000000436,661.0500000000436,293.1019705115562,-14.860098656757563,63.574312312933074,-13.72177482756925,63.683992204812725,-15.16078554401945,63.3340060806523,3.41009492990771,1.7393334496723003,1.5489045762329727,1.564992305786557
192.10000000004374,661.1500000000437,293.20197051155634,-16.74109437623969,63.24027420201106,-15.009388642381534,62.202077723119324,-14.396451331594518,63.43950047029947,3.9747610730279885,1.6486479733067665,1.4711344300906493,1.4885722530340304
192.20000000004364,661.2500000000437,293.30197051155625,-18.62209009571754,62.9062360910898,-16.541988731488875,60.824813377256945,-13.99897522429208,63.60436526763,3.9747610730279885,1.6486479733067665,1.7097520752673931,1.728029172622677
192.30000000004378,661.3500000000438,293.4019705115564,-19.661569162966725,62.27400158262448,-18.227444826060072,61.31451097316658,-15.659171932324455,62.49631238019516,1.172296823537415,-0.04819556660709151,1.4404149421047143,1.4572904836567548
192.4000000000437,661.4500000000437,293.5019705115563,-19.859531579455822,61.34357067714004,-19.972431908332588,62.53131175397814,-15.54194224997082,62.49149282353445,1.172296823537415,-0.04819556660709151,1.6750787850407234,1.6927362446367467
192.50000000004383,661.5500000000438,293.60197051155643,-20.057493994009683,60.41313977191348,-19.62035057273099,61.5458831024535,-17.892880669950138,62.24729631583719,-2.2302543640724526,-0.4302059880650624,1.407399564585991,1.4237445967738382
192.60000000004374,661.6500000000437,293.70197051155634,-15.84444292884534,60.07516169293207,-18.45154925399832,59.702778673880246,-18.11590610635718,62.204275717030725,-2.2302543640724526,-0.4302059880650624,1.637409285787316,1.654484805218764
192.70000000004387,661.7500000000439,293.8019705115565,-11.631391863671414,59.737183613949895,-18.47667142396721,60.46495381807406,-18.31744367102444,60.988327772966976,-2.2009787079730962,-2.0173216947629244,1.5301121632697616,1.5485188185833518
192.80000000004378,661.8500000000438,293.9019705115564,-13.742095021457596,58.01409033204402,-18.966776597467195,62.24177582385044,-16.6744926386419,60.50952485649606,0.4280958953682781,-2.4054868550797597,1.5987523377468351,1.6152723316899555
192.90000000004392,661.9500000000439,294.0019705115565,-22.17655239111324,54.905881849637936,-18.85891603273377,62.333197906081566,-17.564085536636483,61.13675546461766,-0.8319130505871994,-1.2406355776097338,1.5039022236112847,1.5218398818097647
193.00000000004383,662.0500000000438,294.10197051155643,-30.611009756287206,51.797673369610955,-18.51817295282871,61.76822757622295,-20.40117776156667,59.04912610646138,-4.899806397077931,-4.119636892088408,1.54890457623355,1.5649923057871356
193.10000000004396,662.150000000044,294.20197051155657,-28.87641836400628,54.09481278003189,-18.635810067787652,61.22781122424926,-20.118232530636426,59.60391227507984,-3.8688128116449785,-2.8386387971714315,1.4711344300911984,1.4885722530345817
193.20000000004387,662.2500000000439,294.3019705115565,-27.141826971729298,56.3919521904476,-18.9319669972761,60.69695761435711,-20.505113811800573,59.32004839536296,-3.8688128116449785,-2.8386387971714315,1.7097520752680262,1.7280291726233123
193.300000000044,662.350000000044,294.4019705115566,-26.104787818941965,57.50855348288982,-18.85717667321509,59.74310298902273,-21.279682933564377,59.20862522491786,-4.440099864592938,-2.6256268735099324,1.4404149421052312,1.457290483657274
193.40000000004392,662.4500000000439,294.5019705115565,-25.765300904421395,57.444616659431084,-18.637917989382625,58.624507252123735,-21.723692920023268,58.94606253756711,-4.440099864592938,-2.6256268735099324,1.6750787850413267,1.6927362446373522
193.50000000004405,662.5500000000441,294.60197051155666,-25.425813989747418,57.38067983620874,-21.015038795386783,59.55591847217693,-21.645404207297265,58.268203634143546,-3.8631053523015093,-3.2117151587643162,1.4073995645864947,1.423744596774344
193.60000000004396,662.650000000044,294.70197051155657,-24.74030462352644,57.853012975392474,-24.403340254835783,61.28572121489446,-22.031714742527065,57.94703211826741,-3.8631053523015093,-3.2117151587643162,1.6374092857879101,1.65448480521936
193.7000000000441,662.7500000000441,294.8019705115567,-24.054795257303905,58.32534611457728,-23.28705292760497,60.792062619200706,-23.6853445524072,59.152890210418185,-5.589735318318278,-1.1454553130096254,1.5301121632703074,1.5485188185838998
193.800000000044,662.850000000044,294.9019705115566,-24.386865232337303,58.85785000797808,-20.41641765136672,59.43245931168897,-24.191416670307493,58.92617269853322,-5.515082546933956,-1.302603822185473,1.5987523377474044,1.6152723316905262
193.90000000004414,662.9500000000442,295.00197051155675,-25.736514546832705,59.45052465549113,-21.844738818551722,58.3772862828522,-22.93505952800538,58.85698483837559,-3.0720103718168525,-1.2206239848427414,1.5039022236118311,1.5218398818103134
194.00000000004405,663.0500000000441,295.10197051155666,-27.086163860248035,60.043199303398936,-24.947322782302525,57.440676048604594,-24.058825430489097,59.01369428332905,-4.278189852920194,-0.8118857069939491,1.5489045762341276,1.5649923057877142
194.1000000000442,663.1500000000442,295.2019705115568,-25.994211788321707,61.533853603563884,-26.891558719328895,58.36997896150518,-25.085090146280955,58.27765794918324,-5.076447140989069,-1.6795959328014267,1.4711344300917473,1.488572253035133
194.2000000000441,663.2500000000441,295.3019705115567,-24.902259716397857,63.02450790372545,-28.38466679959057,60.025976597879776,-25.5927348603794,58.10969835590325,-5.076447140989069,-1.6795959328014267,1.7097520752686592,1.7280291726239474
194.30000000004424,663.3500000000442,295.40197051155684,-24.392067082759176,62.958803662058905,-28.893038486238495,61.49888239317712,-26.920758538248073,59.763164124336605,-6.157267465630501,0.7903165050565333,1.4404149421057477,1.457290483657793
194.40000000004414,663.4500000000442,295.50197051155675,-24.463633886378872,61.3367408813177,-29.01789674818629,62.90048161397812,-27.536485284810563,59.84219577484219,-6.157267465630501,0.7903165050565333,1.6750787850419298,1.6927362446379572
194.50000000004428,663.5500000000443,295.6019705115569,-24.535200689156166,59.71467810167958,-27.566375848275342,61.26477221286318,-27.96707148305477,61.01785197101632,-5.79170415272599,2.216090489553061,1.407399564586998,1.4237445967748499
194.6000000000442,663.6500000000442,295.7019705115568,-22.70644102031235,60.58883348445599,-25.500921539482242,58.44615879905683,-28.54624189832684,61.23946101997142,-5.79170415272599,2.216090489553061,1.637409285788504,1.6544848052199561
194.70000000004433,663.7500000000443,295.80197051155693,-20.877681351464375,61.46298886723438,-25.802071312565296,59.006791580390384,-27.63187881519174,60.038652269128725,-3.756873826078905,0.2913833534516028,1.5301121632708528,1.548518818584448
194.80000000004424,663.8500000000442,295.90197051155684,-21.406142134029178,61.01028367815797,-27.024913877981902,60.88349868333623,-26.36345624012763,60.45566259193234,-1.436758810613854,0.8347766702385426,1.5987523377479733,1.615272331691097
194.90000000004437,663.9500000000444,296.001970511557,-24.291823363828595,59.2307179195779,-28.027081553506598,59.45489207803146,-26.87523555771439,60.89055186689248,-1.9341980916762687,1.306489078482108,1.5039022236123774,1.5218398818108618
195.00000000004428,664.0500000000443,296.1019705115569,-27.177504592049726,57.4511521613048,-28.943305637102615,56.73900474646993,-27.09177833495862,60.260483329313075,-1.9683539203452958,0.1911169708141669,1.548904576234705,1.5649923057882928
195.10000000004442,664.1500000000444,296.201970511557,-26.518306678766347,56.35479683706995,-27.6842798018686,57.384306872999694,-28.03864093170183,58.73057666355863,-2.96880333771987,-1.861419738362772,1.471134430092296,1.488572253035684
195.20000000004433,664.2500000000443,296.30197051155693,-25.859108765484464,55.25844151283758,-25.578085575839893,59.33865098120103,-28.33552126547355,58.54443468972252,-2.96880333771987,-1.861419738362772,1.7097520752692916,1.7280291726245824
195.30000000004446,664.3500000000445,296.40197051155707,-26.647007630939935,54.64532953094698,-25.663118501919904,59.04648894161549,-26.93019954148069,58.20113905805733,-0.667941596165351,-2.105506112016601,1.4404149421062642,1.4572904836583118
195.40000000004437,664.4500000000444,296.501970511557,-28.882003272556144,54.5154608905417,-26.60154227943775,57.87940720583424,-26.996993701097164,57.99058844685586,-0.667941596165351,-2.105506112016601,1.6750787850425328,1.6927362446385623
195.5000000000445,664.5500000000445,296.6019705115571,-31.11699891310444,54.38559225065644,-25.938492513853678,57.19080098463268,-27.724152699489863,57.056078346094374,-1.6732549108163153,-3.1647277656826622,1.4073995645875017,1.4237445967753553
195.60000000004442,664.6500000000444,296.701970511557,-30.94430546786752,55.423259191721336,-24.651736132924093,56.6885408601332,-27.89147819057134,56.7396055695264,-1.6732549108163153,-3.1647277656826622,1.637409285789098,1.6544848052205516
195.70000000004455,664.7500000000446,296.80197051155716,-30.7716120226302,56.46092613278859,-26.575923343208718,57.871379327354646,-26.620206448562726,56.38288874605488,0.28672876604226216,-3.219182936498444,1.530112163271398,1.5485188185849958
195.80000000004446,664.8500000000445,296.90197051155707,-29.26390457313569,58.084420078977644,-29.750638086692263,59.71049285056458,-27.44522693018166,56.22012891469006,-0.9179758036087144,-2.9962082244490365,1.5987523377485426,1.6152723316916677
195.9000000000446,664.9500000000446,297.0019705115572,-26.42118312175693,60.29374102925158,-29.817552854706253,56.87577556874622,-28.74738450529205,57.46512390756006,-2.5536046673276425,-0.9228150023741084,1.503902223612924,1.5218398818114105
196.0000000000445,665.0500000000445,297.1019705115571,-23.578461671652434,62.503061978356435,-28.67411019145233,52.22079768715379,-27.850458137071907,58.466006100548924,-0.8515173063311954,0.6799933726254903,1.5489045762352827,1.5649923057888717
196.10000000004464,665.1500000000447,297.20197051155725,-23.58056205631388,62.100367860735126,-26.62538524080074,53.21860892971926,-28.11069319704732,55.79978390611487,-1.0850581882255272,-2.943004391296294,1.471134430092845,1.4885722530362353
196.20000000004455,665.2500000000446,297.30197051155716,-23.58266244097532,61.697673743114734,-24.224090899399336,56.41794387966263,-28.219199015869773,55.50548346698551,-1.0850581882255272,-2.943004391296294,1.7097520752699247,1.7280291726252175
196.3000000000447,665.3500000000447,297.4019705115573,-22.54232754116852,60.74250362111066,-24.09132394079308,57.049902736876405,-25.887289698213284,56.914588222081484,2.2180192258764873,-0.6258184088713061,1.440414942106781,1.4572904836588305
196.4000000000446,665.4500000000446,297.5019705115572,-20.459557358761217,59.234857495714586,-24.842053023585493,56.68197654446967,-25.665487775625838,56.85200638119441,2.2180192258764873,-0.6258184088713061,1.675078785043136,1.6927362446391676
196.50000000004474,665.5500000000447,297.60197051155734,-18.376787179935206,57.72721137058606,-25.52586472871346,56.56217947381213,-24.02007788202384,56.8703445235688,4.328874568826419,-0.48876894397261406,1.4073995645880053,1.4237445967758608
196.60000000004464,665.6500000000447,297.70197051155725,-24.2998775455417,56.8245126981506,-26.18361492860221,56.53901826414701,-23.587190425141593,56.82146762917158,4.328874568826419,-0.48876894397261406,1.637409285789692,1.6544848052211474
196.70000000004478,665.7500000000448,297.8019705115574,-30.22296791116166,55.92181402571309,-24.82004853672833,55.73239941782158,-24.29897786347886,56.66519464689301,2.7693386137060685,-0.6340891282135398,1.5301121632719437,1.5485188185855436
196.8000000000447,665.8500000000447,297.9019705115573,-31.94076638030104,55.67806362465113,-22.669264313249663,54.62065676041303,-25.910493186341323,56.357528645510946,0.10441995188879272,-0.9762836506160946,1.598752337749112,1.6152723316922386
196.90000000004483,665.9500000000448,298.00197051155743,-29.453272960502286,56.093261493782975,-23.660603946145734,54.2151589989192,-24.4332182506648,55.496579888807254,2.086635413505623,-2.000915996477808,1.50390222361347,1.5218398818119592
197.00000000004474,666.0500000000447,298.10197051155734,-26.965779542767187,56.50845936304956,-25.875668718848946,54.08471393219556,-24.80687630116197,55.55473898513621,1.22646571317269,-1.622266045948426,1.54890457623586,1.5649923057894506
197.10000000004487,666.1500000000449,298.2019705115575,-29.07278742624998,57.22657256728506,-27.09447145940232,55.117259104154165,-25.314025948198964,54.864701731526715,0.38639050555129784,-2.3216449291094827,1.4711344300933937,1.4885722530367864
197.20000000004478,666.2500000000448,298.3019705115574,-31.179795309727986,57.94468577151893,-27.925272023620266,56.6027400792409,-25.27538689764387,54.63253723861598,0.38639050555129784,-2.3216449291094827,1.7097520752705573,1.7280291726258523
197.30000000004492,666.3500000000449,298.4019705115575,-31.881668716482313,56.17105407091651,-28.818034856806772,59.296442879690005,-27.434126128237594,55.89569589048561,-2.6142841420198883,-0.30280030356027177,1.4404149421072971,1.4572904836593494
197.40000000004483,666.4500000000448,298.50197051155743,-31.178407649033755,51.90567746996167,-29.73492938871464,62.460697284630655,-27.695554542439346,55.865415860129616,-2.6142841420198883,-0.30280030356027177,1.6750787850437385,1.692736244639773
197.50000000004496,666.550000000045,298.60197051155757,-30.475146581863484,47.640300873183065,-28.799810746280208,60.25786274318782,-29.14183315123378,56.865098614169014,-4.257614908177229,0.7689882273441775,1.4073995645885087,1.4237445967763664
197.60000000004487,666.6500000000449,298.7019705115575,-30.393591678604437,52.672869559810366,-27.14341083542089,55.96477270214555,-29.567594642051116,56.941997436903364,-4.257614908177229,0.7689882273441775,1.637409285790286,1.6544848052217433
197.700000000045,666.750000000045,298.8019705115576,-30.312036775345206,57.705438246449106,-28.47556431030406,53.79161912598515,-28.806998900351193,56.159657659304685,-2.641289812332227,-0.3936678262485367,1.5301121632724888,1.5485188185860919
197.80000000004492,666.8500000000449,298.9019705115575,-30.777983167216554,59.182967749883886,-30.97163368313453,52.44409167580095,-29.349915971233603,56.977534299315266,-3.0347065846774988,0.8072963108409161,1.5987523377496808,1.6152723316928095
197.90000000004505,666.9500000000451,299.00197051155766,-31.791430853234655,57.105458076523334,-32.54932649809459,51.81730099176812,-30.507365685289663,55.194917769687635,-4.1887374501966,-1.6939400883272455,1.5039022236140163,1.5218398818125076
198.00000000004496,667.050000000045,299.10197051155757,-32.804878536525784,55.02794840385745,-33.769350254465046,51.471206976688016,-31.325320929693458,55.02604041162358,-4.778236137073035,-1.693182569408667,1.548904576236437,1.5649923057900292
198.1000000000451,667.1500000000451,299.2019705115577,-27.76619082589463,54.482967982465546,-31.805676067669154,52.1383323999573,-32.7719498510084,53.554682819834234,-6.070510203213022,-3.4184581346859413,1.4711344300939422,1.4885722530373378
198.200000000045,667.250000000045,299.3019705115576,-22.727503115274935,53.93798756107488,-28.602085382153334,53.20006419633725,-33.379000871329154,53.21283700636595,-6.070510203213022,-3.4184581346859413,1.7097520752711897,1.7280291726264874
198.30000000004515,667.3500000000452,299.40197051155775,-21.150514710192585,54.68040715256005,-28.113980428823428,53.428002704810964,-29.652592096894022,53.10923413787598,-0.1556169432189587,-3.096612364951412,1.4404149421078136,1.4572904836598686
198.40000000004505,667.4500000000451,299.50197051155766,-23.03522560440519,56.710226754593485,-28.68344300278209,53.331213782273046,-29.668153791215904,52.79957290138112,-0.1556169432189587,-3.096612364951412,1.6750787850443418,1.6927362446403782
198.5000000000452,667.5500000000452,299.6019705115578,-24.919936498362574,58.74004635512986,-28.033447993359704,55.873025863399256,-28.570908266551005,53.78754453317313,1.468741796060733,-1.1925092944311868,1.4073995645890123,1.4237445967768725
198.6000000000451,667.6500000000451,299.7019705115577,-26.23111354343666,57.451051515727755,-26.908525524075333,59.44246210245695,-28.424034086945063,53.66829360373012,1.468741796060733,-1.1925092944311868,1.6374092857908802,1.6544848052223395
198.70000000004524,667.7500000000452,299.80197051155784,-27.54229058851373,56.16205667632272,-26.113783632927415,56.667861979005615,-27.571274311966107,56.20548212094016,2.4304593726242136,2.401981691489691,1.5301121632730343,1.54851881858664
198.80000000004515,667.8500000000452,299.90197051155775,-28.277669291410973,55.95743045531498,-25.447633195398634,51.422526410564785,-27.484788761826987,56.27598058147788,2.209526397128295,2.1642391101703966,1.59875233775025,1.6152723316933806
198.90000000004528,667.9500000000453,300.0019705115579,-28.437249653173872,56.83717285074102,-27.105454020920405,52.57821321145844,-26.438249188324182,54.08121508875125,3.3251893604388547,-1.0723869280251344,1.5039022236145627,1.5218398818130565
199.0000000000452,668.0500000000452,300.1019705115578,-28.596830014627304,57.7169152442509,-29.66836394817867,56.22682911117253,-26.63491748346223,54.7715338493434,2.5435064751775815,0.09700039590866383,1.548904576237015,1.5649923057906079
199.10000000004533,668.1500000000453,300.20197051155793,-28.073278116778233,54.36622678570445,-30.542195104001436,56.81889121675023,-27.77715799177456,55.67539310710116,0.6806156368339729,1.2818117985151671,1.4711344300944915,1.488572253037889
199.20000000004524,668.2500000000452,300.30197051155784,-27.54972621893035,51.015538327165615,-30.7582010911924,56.22055412422194,-27.70909642809122,55.80357428695256,0.6806156368339729,1.2818117985151671,1.709752075271823,1.7280291726271226
199.30000000004537,668.3500000000454,300.401970511558,-26.645679331334502,50.000525312260585,-29.491223188369975,57.49887234348471,-28.66996231263127,54.889920878484,-0.6892418411158843,-0.1618965938147927,1.4404149421083305,1.4572904836603877
199.40000000004528,668.4500000000453,300.5019705115579,-25.36113745468519,51.32118773675603,-27.6466854085244,59.508068907679906,-28.738886496742797,54.87373121910253,-0.6892418411158843,-0.1618965938147927,1.6750787850449451,1.6927362446409837
199.50000000004542,668.5500000000454,300.601970511558,-24.076595580758013,52.641850160326165,-28.05323971992961,59.30099395210224,-27.433579425308523,56.185715298714676,1.2778510775577567,1.4992554451947966,1.4073995645895159,1.4237445967773779
199.60000000004533,668.6500000000453,300.70197051155793,-28.784515225765894,51.92114104178317,-29.336499759663603,58.230774416847005,-27.305794317552863,56.33564084323402,1.2778510775577567,1.4992554451947966,1.637409285791474,1.6544848052229353
199.70000000004546,668.7500000000455,300.80197051155807,-33.49243487078448,51.200431923238554,-30.74791387861582,56.639573227250814,-28.13497239595998,57.09158143559069,-0.0259413815743903,2.3192687263279517,1.5301121632735797,1.5485188185871879
199.80000000004537,668.8500000000454,300.901970511558,-34.744023979172184,51.36285361595952,-32.20923862351983,54.84547158658935,-29.75106123835476,55.986221142917515,-2.3028531375074075,0.4457822881538862,1.5987523377508193,1.6152723316939512
199.9000000000455,668.9500000000455,301.0019705115581,-32.53928255722174,52.40840611834043,-31.943612327117222,53.94417342865015,-31.051824391662123,55.40532936065302,-3.7494512239805804,-0.3938085464889378,1.503902223615109,1.5218398818136052
200.00000000004542,669.0500000000454,301.101970511558,-30.33454113759853,53.45395861992876,-31.005411205216618,53.39058469167248,-31.19474616450062,54.95853554912078,-3.406720578484064,-0.9911618097027186,1.5489045762375921,1.5649923057911868
200.10000000004555,669.1500000000456,301.20197051155816,-33.23644070684105,52.76184847607942,-30.98013572571245,55.280340564306044,-31.335306845590743,54.246999476971105,-3.1397951802701125,-1.80265271144573,1.4711344300950404,1.4885722530384402
200.20000000004546,669.2500000000455,301.30197051155807,-36.138340276076974,52.06973833223165,-31.31040640237612,58.12167643841117,-31.64928636361747,54.0667342058267,-3.1397951802701125,-1.80265271144573,1.7097520752724555,1.7280291726277577
200.3000000000456,669.3500000000456,301.4019705115582,-36.800859426952556,52.75086853484318,-31.57677038075129,57.154847007444495,-32.82845363563019,55.19697891258764,-4.35052585632897,-0.0865158226106374,1.4404149421088468,1.4572904836609066
200.4000000000455,669.4500000000455,301.5019705115581,-35.223998163548394,54.80523908140675,-31.818245386930535,54.70489729440438,-33.26350622126269,55.18832733032658,-4.35052585632897,-0.0865158226106374,1.675078785045548,1.6927362446415888
200.50000000004565,669.5500000000457,301.60197051155825,-33.64713690060012,56.85960962628083,-30.886275115720387,54.703334495459316,-33.18824465059652,55.09009108988596,-3.6776093804724304,-0.14742476686044192,1.4073995645900192,1.4237445967778837
200.60000000004555,669.6500000000456,301.70197051155816,-33.07564733670868,55.207014143089815,-29.497297243377716,55.65531546359248,-33.55600558864343,55.07534861319993,-3.6776093804724304,-0.14742476686044192,1.637409285792068,1.654484805223531
200.7000000000457,669.7500000000457,301.8019705115583,-32.50415777281594,53.55441865989504,-28.556226984425916,54.268336402425334,-32.128686821091286,55.392631181361494,-1.2319443668731327,0.3018461669481818,1.530112163274125,1.5485188185877359
200.8000000000456,669.8500000000456,301.9019705115582,-32.32467933074594,52.61553352977651,-27.78959790980012,51.97043074524749,-32.25776779183052,54.86004918454561,-1.2402512541220165,-0.48656760506916297,1.5987523377513884,1.6152723316945223
200.90000000004574,669.9500000000457,302.00197051155834,-32.53721200978123,52.39035875142525,-29.759709409088376,51.58609731941195,-30.580187426014984,53.48196201965072,1.194361551379362,-2.2711097302657257,1.5039022236156552,1.5218398818141536
201.00000000004565,670.0500000000457,302.10197051155825,-32.74974468875943,52.16518397290541,-32.79566630287704,51.94701982659249,-30.947004815283435,53.022661280477564,0.4760976720504212,-2.6115488649305103,1.5489045762381697,1.5649923057917654
201.10000000004578,670.1500000000458,302.2019705115584,-32.83842524257103,51.57004860364904,-33.67199027593556,49.78245153609604,-31.890449176137988,52.43593130308841,-0.8458537435493171,-3.042954225699008,1.471134430095589,1.4885722530389913
201.2000000000457,670.2500000000457,302.3019705115583,-32.92710579638243,50.97491323439402,-33.70722802243438,46.63431075750772,-31.975034550492843,52.131635880518786,-0.8458537435493171,-3.042954225699008,1.7097520752730881,1.7280291726283927
201.30000000004583,670.3500000000458,302.40197051155843,-32.09983504852228,51.072801720559205,-34.026530286334854,47.565395433672,-32.82287950454942,49.42753792729423,-1.8739777188277555,-6.237351327636185,1.4404149421093635,1.4572904836614253
201.40000000004574,670.4500000000457,302.50197051155834,-30.356613000672944,51.86371406087409,-34.45646373701889,50.085166924184755,-33.01027727643203,48.80380279453118,-1.8739777188277555,-6.237351327636185,1.675078785046151,1.692736244642194
201.50000000004587,670.5500000000459,302.6019705115585,-28.6133909540728,52.65462640002578,-34.58310543281463,50.05276551745202,-32.89983176993945,49.68373163943922,-1.3275423895609906,-4.123404412684288,1.4073995645905228,1.423744596778389
201.60000000004578,670.6500000000458,302.7019705115584,-29.598593170132222,50.909076757553166,-34.59162774118317,49.02640006662285,-33.03258600889543,49.271391198171166,-1.3275423895609906,-4.123404412684288,1.637409285792662,1.654484805224127
201.70000000004592,670.7500000000459,302.8019705115585,-30.583795386193884,49.16352711507658,-36.3478936054091,49.395154616439115,-33.76653308207622,48.69630335040636,-2.14662372422388,-4.343621774072907,1.5301121632746704,1.5485188185882839
201.80000000004583,670.8500000000458,302.90197051155843,-30.457221245566053,50.47680298959055,-38.78483210536612,50.30724975236349,-33.39577053506713,48.222379959809196,-1.3204909344676605,-4.3990454693812335,1.5987523377519575,1.615272331695093
201.90000000004596,670.950000000046,303.00197051155857,-29.218870750290684,54.84890437548144,-37.498102419045104,52.08224381071089,-35.83246409039642,48.71299300705741,-4.434889145588301,-3.1499783203360447,1.5039022236162014,1.5218398818147023
202.00000000004587,671.0500000000459,303.1019705115585,-27.980520257720347,59.221005757252506,-34.76116052598824,54.193300721025395,-34.51374454016766,50.70419709444023,-1.831863002818384,0.23139976034892973,1.5489045762387468,1.564992305792344
202.100000000046,671.150000000046,303.2019705115586,-32.62556975807624,54.64487016107126,-34.71200307482663,54.719547668595524,-34.488313603213136,52.19914130071398,-1.553591771938872,2.181623388267531,1.471134430096138,1.4885722530395424
202.20000000004592,671.2500000000459,303.3019705115585,-37.270619258421576,50.068734564900424,-35.70962466296709,54.62857776483499,-34.64367278040688,52.417303639540535,-1.553591771938872,2.181623388267531,1.7097520752737208,1.7280291726290276
202.30000000004605,671.3500000000461,303.40197051155866,-39.12666280030422,49.72711612986579,-36.82343088775664,52.78456770459931,-36.08198455534573,52.55927039113748,-3.313244947753552,2.035291751979388,1.4404149421098802,1.4572904836619445
202.40000000004596,671.450000000046,303.50197051155857,-38.19370038885231,53.62001484817009,-37.982486143840404,50.25782220537957,-36.41330905012078,52.76279956633523,-3.313244947753552,2.035291751979388,1.6750787850467541,1.6927362446427996
202.5000000000461,671.5500000000461,303.6019705115587,-37.26073797918175,57.512913562879525,-38.064933944201925,49.584539530348245,-37.43729634119966,52.68754462722902,-4.2416733763762196,1.8229823183496112,1.4073995645910264,1.4237445967788953
202.600000000046,671.650000000046,303.7019705115586,-40.19171175722112,53.59826819748,-37.72808840368606,49.63310270137459,-37.8614636788369,52.869842859063816,-4.2416733763762196,1.8229823183496112,1.637409285793256,1.6544848052247232
202.70000000004615,671.7500000000462,303.80197051155875,-43.12268553526716,49.68362283207158,-37.50180196201403,50.757127101186924,-38.14888993627724,51.774575242937175,-4.055373640092536,0.09427778107935914,1.530112163275216,1.5485188185888321
202.80000000004605,671.8500000000461,303.90197051155866,-43.160258319716,49.44594129923516,-37.31857364117609,52.29999843467126,-39.859539954351135,50.932799596955995,-5.897106579810892,-1.0982245568850637,1.5987523377525266,1.615272331695664
202.9000000000462,671.9500000000462,304.0019705115588,-40.304430115909824,52.88522359218097,-37.28614062825019,50.43225271191851,-39.396191627643645,51.51428220728327,-4.4740475907286115,-0.17026096616617115,1.5039022236167479,1.5218398818152512
203.0000000000461,672.0500000000461,304.1019705115587,-37.448601913205984,56.324505881892996,-37.31243604796417,47.236215036187936,-39.334824914364724,52.52586202443481,-3.722521610863442,1.3378920976203428,1.5489045762393245,1.5649923057929227
203.10000000004624,672.1500000000462,304.20197051155884,-36.96695487362629,52.77464493256707,-39.33255199139447,47.46870637060113,-38.932870325615795,50.41167542126584,-2.6898194809448617,-1.6408026603472614,1.4711344300966869,1.4885722530400936
203.20000000004615,672.2500000000462,304.30197051155875,-36.48530783404769,49.224783983249225,-42.12917720386563,49.03646561097925,-39.20185227371004,50.24759515523127,-2.6898194809448617,-1.6408026603472614,1.7097520752743536,1.7280291726296624
203.30000000004628,672.3500000000463,304.4019705115589,-38.392606496971226,46.62279492698866,-42.28167636311297,50.1218196462025,-40.21781945136268,49.36834515179428,-3.657227001237903,-2.6149903230591813,1.4404149421103964,1.457290483662463
203.4000000000462,672.4500000000462,304.5019705115588,-42.68885085796671,44.96867776204289,-41.40439958995802,51.01929713547319,-40.583542151486135,49.1068461194886,-3.657227001237903,-2.6149903230591813,1.6750787850473572,1.6927362446434044
203.50000000004633,672.5500000000463,304.60197051155893,-46.985095217527686,43.314560597849464,-42.10134654127034,50.04857352823877,-42.1658287105378,48.609240720325104,-5.460976721919493,-3.108237854318287,1.4073995645915303,1.4237445967794005
203.60000000004624,672.6500000000462,304.70197051155884,-48.16758297029353,43.29055892518769,-43.41138744916065,48.3502641375246,-42.71192638272925,48.29841693489356,-5.460976721919493,-3.108237854318287,1.6374092857938503,1.6544848052253187
203.70000000004637,672.7500000000464,304.801970511559,-49.35007072306206,43.26655725252586,-42.163989923696384,48.02113724895431,-43.61836834483251,47.856076950491655,-5.9519195028636815,-3.286195530821621,1.5301121632757615,1.54851881858938
203.80000000004628,672.8500000000463,304.9019705115589,-50.23329206872931,45.53477997372745,-39.92057764922305,48.22524938128969,-45.47448284586372,46.59556022018745,-7.731292792140776,-4.591746626047753,1.5987523377530959,1.6152723316962347
203.90000000004642,672.9500000000464,305.001970511559,-50.817247007854554,50.095227084549876,-42.414288998478995,48.792150121252845,-43.80384526056718,46.82208771846596,-4.428890500981618,-3.671304015892302,1.5039022236172943,1.5218398818157999
204.00000000004633,673.0500000000463,305.10197051155893,-51.401201946264344,54.65567419041034,-46.7529108392497,49.50034177139114,-45.76656622430717,48.20239245550005,-6.67389288456898,-1.109195804373715,1.548904576239902,1.5649923057935016
204.10000000004646,673.1500000000465,305.20197051155907,-50.4455822660538,48.54096184814299,-45.8306515561072,48.6765632534779,-47.1701757666717,48.64327880082351,-7.655925428795408,-0.378021825977521,1.4711344300972358,1.4885722530406449
204.20000000004637,673.2500000000464,305.301970511559,-49.489962585845426,42.42624950588956,-42.859500255137476,47.256146762774605,-47.93576830955054,48.605476618225794,-7.655925428795408,-0.378021825977521,1.7097520752749864,1.7280291726302976
204.3000000000465,673.3500000000465,305.4019705115591,-46.63522288097203,38.14996386384494,-41.99868794944791,44.16028885539171,-46.6766224862625,46.39146947897926,-4.95964292852461,-3.3515047132382287,1.4404149421109134,1.4572904836629823
204.40000000004642,673.4500000000464,305.501970511559,-41.88136315497879,35.712104918609285,-41.959763958758145,40.411916955759104,-47.17258677911451,46.056319007655745,-4.95964292852461,-3.3515047132382287,1.6750787850479603,1.69273624464401
204.50000000004655,673.5500000000466,305.60197051155916,-37.127503431983236,33.274245977348784,-44.963837694964965,41.97947577055687,-44.02697328600528,41.34486507502511,0.18559544042140574,-9.484748732683041,1.4073995645920336,1.4237445967799063
204.60000000004646,673.6500000000465,305.70197051155907,-38.82801989562037,39.376549855286676,-49.153031110932005,45.617366104259084,-44.00841374196315,40.39639020175767,0.18559544042140574,-9.484748732683041,1.6374092857944442,1.6544848052259147
204.7000000000466,673.7500000000466,305.8019705115592,-40.528536359261366,45.47885373323844,-47.382865737122,45.19476857728618,-46.48421887235981,41.986682425606645,-3.2127942780932917,-6.049482983477207,1.5301121632763066,1.548518818589928
204.8000000000465,673.8500000000465,305.9019705115591,-41.94363401726237,48.17179333177613,-43.29178066030614,43.19078174114159,-45.70347127463068,42.81947950698769,-1.6576492359617374,-4.035258559324745,1.5987523377536648,1.6152723316968056
204.90000000004665,673.9500000000467,306.00197051155925,-43.07331287016195,47.455368657268636,-41.760387289061654,44.37557587477849,-44.49263672918723,42.38676010588789,0.2026285616394834,-4.074446102322071,1.5039022236178403,1.521839881816348
205.00000000004655,674.0500000000466,306.10197051155916,-44.202991722521254,46.738943982502676,-41.22588622161651,46.80226613220752,-44.41514870825746,42.993512448309666,0.2871580613475038,-2.5874196124358475,1.548904576240479,1.5649923057940802
205.1000000000467,674.1500000000467,306.2019705115593,-44.179076108831545,45.46452475950709,-43.04010876729986,45.39860265319002,-43.16959924827902,44.38254468417411,1.91027321288414,-0.404025852144954,1.4711344300977844,1.488572253041196
205.2000000000466,674.2500000000466,306.3019705115592,-44.155160495141885,44.190105536514416,-45.76906041436313,42.50317743101384,-42.97857192699078,44.34214209895965,1.91027321288414,-0.404025852144954,1.709752075275619,1.7280291726309327
205.30000000004674,674.3500000000467,306.40197051155934,-44.38549709545094,43.935509721644415,-46.600096406635444,43.322750531403884,-44.2642511777575,43.25739497511753,-0.07323078127560267,-1.7960934248400597,1.4404149421114296,1.4572904836635012
205.40000000004665,674.4500000000467,306.50197051155925,-44.87008590928245,44.700737312992196,-46.69197404425506,45.58915929106,-44.27157425588506,43.077785632633685,-0.07323078127560267,-1.7960934248400597,1.6750787850485633,1.6927362446446153
205.50000000004678,674.5500000000468,306.6019705115594,-45.354674723376576,45.46596490256148,-45.950303656472435,44.83941558018343,-45.2846496614722,44.407405424843674,-1.4323312549026557,0.26141713192171356,1.4073995645925375,1.4237445967804119
205.6000000000467,674.6500000000467,306.7019705115593,-46.39755372281299,42.43041675944992,-44.88400135714165,42.915007288268114,-45.427882786962336,44.43354713803582,-1.4323312549026557,0.26141713192171356,1.6374092857950382,1.6544848052265104
205.70000000004683,674.7500000000468,306.80197051155943,-47.44043272225177,39.39486861633146,-46.552747630370426,43.148756645784204,-45.22287358447777,43.653844152560126,-0.9578765133529641,-0.8289903716472311,1.5301121632768522,1.548518818590476
205.80000000004674,674.8500000000467,306.90197051155934,-47.62048557247311,39.48349357492696,-49.2866803346517,44.22301767366689,-45.881827622140335,42.366424921520725,-1.7525987781397079,-2.5164755328552153,1.598752337754234,1.6152723316973765
205.90000000004687,674.9500000000469,307.0019705115595,-46.93771227509438,42.6962916293835,-51.37912689348242,44.37603020864346,-47.631180783208904,42.95631925818031,-3.879761291309216,-1.3868436636225343,1.5039022236183868,1.521839881816897
206.00000000004678,675.0500000000468,307.1019705115594,-46.25493897848519,45.90908968171669,-53.221741568259205,44.17025518711378,-47.64438203666403,43.47637202563759,-3.3261668565250737,-0.42099618666256367,1.5489045762410567,1.564992305794659
206.10000000004692,675.1500000000469,307.2019705115595,-47.21181002779502,44.60415242742774,-51.08897329779306,41.05521843144637,-50.16903358276653,43.66835659604184,-6.250087462643082,-0.11082143171360054,1.4711344300983333,1.4885722530417473
206.20000000004683,675.2500000000468,307.30197051155943,-48.16868107710266,43.29921517314177,-47.40796050473475,36.80714654263884,-50.79404232903027,43.65727445287049,-6.250087462643082,-0.11082143171360054,1.7097520752762518,1.7280291726315677
206.30000000004696,675.350000000047,307.40197051155957,-50.35516647933208,43.330106198578,-45.43610525543552,38.31515298778351,-49.3943512071249,40.694171424656645,-3.523471042092876,-4.034584116843768,1.4404149421119463,1.4572904836640201
206.40000000004687,675.4500000000469,307.5019705115595,-53.771266232163974,44.69682550122748,-44.12989501237839,42.06490994474037,-49.746698311333866,40.29071301297264,-3.523471042092876,-4.034584116843768,1.6750787850491664,1.6927362446452205
206.500000000047,675.550000000047,307.6019705115596,-57.1873659810379,46.063544802517484,-45.40017826412771,42.669597457949635,-49.30913055667268,41.947393858760236,-2.7237546683514258,-1.1367788455698895,1.4073995645930408,1.4237445967809177
206.60000000004692,675.6500000000469,307.7019705115595,-52.17762850525366,44.53523633259411,-47.673897410167626,42.049412649038985,-49.58150602350757,41.83371597420335,-2.7237546683514258,-1.1367788455698895,1.6374092857956322,1.6544848052271064
206.70000000004705,675.7500000000471,307.80197051155966,-47.16789102945802,43.00692786266727,-49.55292439334167,42.78535146884137,-49.322730102710196,41.74880489993942,-2.000099689910326,-1.0978537948134488,1.5301121632773975,1.5485188185910237
206.80000000004696,675.850000000047,307.90197051155957,-45.25642880521409,41.322442327739225,-51.278235372873546,44.04944342735289,-48.52667695206321,41.75429067483669,-0.5944874986870345,-0.9363634657030225,1.5987523377548032,1.6152723316979472
206.9000000000471,675.9500000000471,308.0019705115597,-46.44324182668019,39.481779728096356,-50.61120161118637,43.31617334833137,-49.815179903645834,42.67119621731135,-2.255378916210523,0.4201231652045162,1.503902223618933,1.5218398818174457
207.000000000047,676.050000000047,308.1019705115596,-47.630054846951566,37.641117130216315,-49.012450152678724,41.8050147295598,-49.52861785058289,41.632430977391046,-1.4989363213881775,-1.1645245226988328,1.548904576241634,1.5649923057952377
207.10000000004715,676.1500000000472,308.20197051155975,-46.28421739364837,39.53698515561138,-50.03757455337107,41.655476230498465,-49.31090627228808,41.437103964955945,-1.008593549429177,-1.2690377641442958,1.4711344300988822,1.4885722530422982
207.20000000004705,676.2500000000471,308.30197051155966,-44.938379940348234,41.43285318100214,-52.084588287212675,42.036231522303886,-49.411765627230906,41.31020018854163,-1.008593549429177,-1.2690377641442958,1.7097520752768842,1.7280291726322028
207.3000000000472,676.3500000000472,308.4019705115598,-44.59138699914615,43.03708593359858,-50.931622125314654,40.60870544265896,-49.756058434920476,41.677472492140524,-1.2834896996121115,-0.6029701881980335,1.4404149421124626,1.457290483664539
207.4000000000471,676.4500000000471,308.5019705115597,-45.243238568158674,44.34968341394379,-48.5323983288283,38.47692979330693,-49.88440740488157,41.61717547332078,-1.2834896996121115,-0.6029701881980335,1.675078785049769,1.6927362446458258
207.50000000004724,676.5500000000472,308.60197051155984,-45.89509013744427,45.66228089161608,-49.2706629906024,39.32728064221758,-48.6017359145099,41.051392914758075,0.7112845459839571,-1.1261919004464198,1.4073995645935442,1.423744596781423
207.60000000004715,676.6500000000472,308.70197051155975,-47.12119606733347,41.31682708203066,-51.23084749935387,41.33904438647419,-48.53060745991157,40.938773724713535,0.7112845459839571,-1.1261919004464198,1.6374092857962261,1.6544848052277021
207.70000000004728,676.7500000000473,308.8019705115599,-48.347301997225465,36.97137327243538,-50.38601245421977,40.81765005053264,-49.749098547394894,41.21467494461077,-1.045727905929534,-0.6004757531658125,1.5301121632779426,1.5485188185915717
207.8000000000472,676.8500000000472,308.9019705115598,-48.92840338878472,37.169850145532045,-48.44874022257537,39.30969714237497,-49.677669343112235,39.81344702882604,-0.7973595597884482,-2.4794163757902186,1.598752337755372,1.615272331698518
207.90000000004733,676.9500000000473,309.00197051155993,-48.864500243234076,41.91225769272559,-49.15544880697839,39.75222474094277,-49.072216204643446,39.24186945086822,0.12857575271590294,-2.9138445090161493,1.5039022236194792,1.5218398818179941
208.00000000004724,677.0500000000472,309.10197051155984,-48.80059709658352,46.65466523500193,-50.891876759954656,40.95438249401485,-49.004389615066145,40.592116513974204,0.2097726054941527,-0.5068667108949767,1.5489045762422116,1.5649923057958164
208.10000000004737,677.1500000000474,309.20197051156,-46.41068631399146,41.02269054150516,-49.66417629185136,43.37998585804685,-49.8528607579831,40.799148405617025,-0.949970858772329,-0.1653750776553552,1.4711344300994313,1.4885722530428496
208.20000000004728,677.2500000000473,309.3019705115599,-44.02077553140484,35.39071584802121,-47.28207242279044,46.28206985096013,-49.94785784386025,40.782610897851505,-0.949970858772329,-0.1653750776553552,1.7097520752775175,1.7280291726328378
208.30000000004742,677.3500000000474,309.40197051156,-44.59294855898257,34.094589562254384,-48.296256436230514,44.3194442140391,-47.649591723967205,41.549890877035516,2.314057655181164,0.7956390920584053,1.4404149421129795,1.4572904836650582
208.40000000004733,677.4500000000473,309.50197051155993,-48.12720539110508,37.13431167598854,-50.633151791831324,40.46221870033834,-47.4181859584493,41.62945478624128,2.314057655181164,0.7956390920584053,1.6750787850503726,1.6927362446464311
208.50000000004746,677.5500000000475,309.60197051156007,-51.66146222165519,40.174033785262885,-50.45436951333706,36.97874729934829,-49.28702763523302,40.68800367432263,-0.5992574792357612,-0.5895417553256337,1.407399564594048,1.4237445967819293
208.60000000004737,677.6500000000474,309.70197051156,-51.86997774577676,33.81430468870919,-49.29583656147408,33.64083741175234,-49.34695338315654,40.62904949879012,-0.5992574792357612,-0.5895417553256337,1.6374092857968203,1.6544848052282985
208.7000000000475,677.7500000000475,309.8019705115601,-52.0784932698988,27.454575592141033,-49.889162234664816,34.928311019457865,-49.25200970756732,37.48476122405669,-0.3882591990038704,-4.764380230212519,1.5301121632784884,1.54851881859212
208.80000000004742,677.8500000000474,309.90197051156,-51.40856211793112,26.767282155904084,-51.16476318998123,38.01717703638308,-49.90008810527439,34.283996251859385,-1.2480166716518128,-8.581054557790035,1.5987523377559418,1.615272331699089
208.90000000004756,677.9500000000476,310.00197051156016,-49.86018429154044,31.752424369212807,-51.37773736569964,38.66036357302959,-50.63101288295036,35.253630441747575,-2.06710558636808,-6.127614061156596,1.5039022236200257,1.521839881818543
209.00000000004746,678.0500000000475,310.10197051156007,-48.31180646736021,36.73756657998978,-51.176863086139065,38.35106077432896,-50.301139949157054,35.08764009469332,-1.274497398130559,-5.472553524838512,1.5489045762427893,1.5649923057963955
209.1000000000476,678.1500000000476,310.2019705115602,-51.407511838133274,36.41893957168847,-52.345455064627906,37.62284993281516,-50.714875534892414,35.743349112772705,-1.6563695568422205,-3.8785578759513433,1.4711344300999802,1.488572253043401
209.2000000000475,678.2500000000475,310.3019705115601,-54.5032172088993,36.10031256338788,-54.047396574980056,36.73149202052592,-50.880512490576486,35.355493325177925,-1.6563695568422205,-3.8785578759513433,1.7097520752781503,1.7280291726334729
209.30000000004765,678.3500000000477,310.40197051156025,-54.95856415224668,36.47953063458717,-53.82395011450745,37.84679366865639,-53.1689115515053,35.52799473090493,-4.5392249404999765,-3.1281238553612267,1.440414942113496,1.457290483665577
209.40000000004756,678.4500000000476,310.50197051156016,-52.77355267320427,37.55659378395495,-52.85064598732568,39.743604850787975,-53.62283404555489,35.215182345369094,-4.5392249404999765,-3.1281238553612267,1.6750787850509756,1.6927362446470364
209.5000000000477,678.5500000000477,310.6019705115603,-50.58854119588368,38.63365693153769,-53.420540972994594,38.52825589232623,-53.07307811278741,37.26139203316475,-3.101441331557143,0.07846434465396135,1.4073995645945516,1.4237445967824347
209.6000000000476,678.6500000000476,310.7019705115602,-52.01995193061841,35.9671752497398,-54.59144713332486,36.10085140178428,-53.38322224594284,37.269238467630146,-3.101441331557143,0.07846434465396135,1.6374092857974143,1.654484805228894
209.70000000004774,678.7500000000477,310.80197051156034,-53.451362665356406,33.300693567935845,-52.30565773607414,34.80314614043302,-54.26508447871396,36.55485514889868,-3.8803654926981928,-0.8988018004077468,1.5301121632790338,1.548518818592668
209.80000000004765,678.8500000000477,310.90197051156025,-53.495546366690206,32.44584741158434,-48.67363074692524,33.94541123359035,-54.59200704316883,35.51097299452982,-3.79412340581036,-2.235320842285672,1.5987523377565107,1.61527233169966
209.90000000004778,678.9500000000478,311.0019705115604,-52.15250303726953,33.40263677722128,-49.596381282159804,34.53125563653275,-52.28198005420262,34.62903664743563,-0.1597298256377715,-3.1191205046160135,1.5039022236205721,1.5218398818190915
210.0000000000477,679.0500000000477,311.1019705115603,-50.809459709649104,34.35942614342782,-52.293026169361696,35.679313489096266,-51.98175066105287,34.326138346351264,0.3073449086140742,-3.105904448245853,1.5489045762433669,1.5649923057969741
210.10000000004783,679.1500000000478,311.20197051156043,-53.230278110569685,36.51367269245912,-53.874740806189976,35.47244834001747,-52.34398871564043,34.652058600779085,-0.21683495002206737,-2.2624918668713594,1.4711344301005291,1.4885722530439522
210.20000000004774,679.2500000000477,311.30197051156034,-55.651096511484766,38.66791924148552,-55.02223698483715,34.7378976460155,-52.365672210642614,34.42580941409216,-0.21683495002206737,-2.2624918668713594,1.709752075278783,1.728029172634108
210.30000000004787,679.3500000000479,311.4019705115605,-58.26851950622576,38.760223530957944,-54.19674012816233,34.04826648117258,-54.18894431369479,35.18668991565769,-2.665124489670326,-0.9017720131844202,1.4404149421140124,1.4572904836660958
210.40000000004778,679.4500000000478,311.5019705115604,-61.082547094404354,36.79058556482354,-52.6028454335983,33.37612958441441,-54.45545676266158,35.096512714339326,-2.665124489670326,-0.9017720131844202,1.6750787850515787,1.6927362446476415
210.50000000004792,679.5500000000479,311.6019705115605,-63.89657468105153,34.820947600144024,-51.143668486056306,33.650989153764435,-55.537436996817746,34.35127094003862,-4.047262046302764,-1.763769035920605,1.407399564595055,1.42374459678294
210.60000000004783,679.6500000000478,311.70197051156043,-63.505194286545766,35.89320076979665,-49.736958437126205,34.2946640326557,-55.942163201447656,34.174894036446716,-4.047262046302764,-1.763769035920605,1.6374092857980083,1.6544848052294898
210.70000000004796,679.750000000048,311.80197051156057,-63.11381389203911,36.96545393945171,-48.57139024627577,35.39022242205604,-53.69912749756933,34.13493738024325,-0.43987979817215184,-1.579175575620905,1.5301121632795793,1.548518818593216
210.80000000004787,679.8500000000479,311.9019705115605,-60.82770773779769,38.656075026593804,-47.499736670967884,36.661770440527555,-55.66776831006571,34.700660614240924,-3.1558878825463057,-0.5653834416162744,1.5987523377570798,1.6152723317002309
210.900000000048,679.950000000048,312.0019705115606,-56.64687582744715,40.965064030043955,-51.19599073176461,36.26224958231284,-52.715721734272826,35.52536781160813,1.2598551531722166,0.6175440635060736,1.5039022236211184,1.5218398818196401
211.00000000004792,680.0500000000479,312.1019705115605,-52.46604391836991,43.274053032387435,-56.74914436251302,35.211917652383036,-52.56346011926181,37.22507816939021,1.2986685942604037,3.019132712209381,1.548904576243944,1.5649923057975528
211.10000000004806,680.1500000000481,312.20197051156066,-50.91946199279108,43.287265402582975,-56.64414838358491,34.85328293907416,-54.544531571463445,36.662842715504425,-1.517078608929522,1.8740869057689389,1.4711344301010778,1.4885722530445031
211.20000000004796,680.250000000048,312.30197051156057,-49.37288006721577,43.300477772778486,-54.335541013906486,34.764035211025636,-54.69623943235626,36.85025140608115,-1.517078608929522,1.8740869057689389,1.7097520752794155,1.7280291726347428
211.3000000000481,680.3500000000481,312.4019705115607,-49.27383369788942,42.18793844679135,-54.01366032906849,34.11782786696878,-53.43216033040889,37.37675496047852,0.4324393959592969,2.3844437320986334,1.4404149421145291,1.457290483666615
211.400000000048,680.450000000048,312.5019705115606,-50.62232288202804,39.949647426792104,-54.465526161206455,33.254708168401166,-53.388916390813,37.61519933368817,0.4324393959592969,2.3844437320986334,1.6750787850521818,1.692736244648247
211.50000000004815,680.5500000000482,312.60197051156075,-51.97081206496345,37.71135640648467,-54.22622692084174,32.957118214871244,-53.510844766344434,36.285678201343885,0.26159600505918473,0.3312357694872792,1.4073995645955588,1.423744596783446
211.60000000004806,680.6500000000481,312.70197051156066,-50.816832059059415,34.844256749032354,-53.71774794298152,32.87977832080253,-53.48468516583854,36.31880177829258,0.26159600505918473,0.3312357694872792,1.6374092857986022,1.654484805230086
211.7000000000482,680.7500000000482,312.8019705115608,-49.66285205315276,31.977157091573524,-53.420545213044576,31.803218196246085,-53.49712853062304,34.99797600886211,0.2090022838237525,-1.500825084399093,1.5301121632801247,1.548518818593764
211.8000000000481,680.8500000000481,312.9019705115607,-50.853116782244584,30.666293043106766,-53.20562569911261,30.337503801542038,-52.55527128894384,33.9281528910174,1.508627156945732,-2.78934530881802,1.5987523377576491,1.6152723317008015
211.90000000004824,680.9500000000482,313.00197051156084,-54.38762624182028,30.9116646006255,-53.349447058526025,32.753045283409136,-52.64590478592781,32.16750100926801,1.1822794772072907,-4.778307665571052,1.5039022236216646,1.5218398818201886
212.00000000004815,681.0500000000482,313.10197051156075,-57.92213570030399,31.15703615831043,-53.632982905776686,36.68017275184818,-53.67362803280126,31.57617485809255,-0.510449264860507,-4.944715820285115,1.5489045762445213,1.5649923057981312
212.10000000004828,681.1500000000483,313.2019705115609,-59.20792962393827,31.748346286774716,-55.18024195533193,35.7817856940476,-53.733630497684,33.37316094379883,-0.5223975835530946,-1.9084051519445668,1.4711344301016267,1.4885722530450543
212.2000000000482,681.2500000000482,313.3019705115608,-60.49372354756962,32.339656415237656,-57.21966806221149,33.004063604537514,-53.78587025603926,33.18232042860455,-0.5223975835530946,-1.9084051519445668,1.7097520752800484,1.7280291726353778
212.30000000004833,681.3500000000483,313.40197051156093,-60.4637709281318,33.57601271717644,-56.6074356863594,32.85340921726255,-56.478378834687305,32.601829644590374,-4.117665999456916,-2.42936441348623,1.4404149421150456,1.4572904836671339
212.40000000004824,681.4500000000482,313.50197051156084,-59.118071768167866,35.45741519133877,-54.962493813600105,33.72588725174951,-56.89014543463262,32.35889320324197,-4.117665999456916,-2.42936441348623,1.6750787850527848,1.692736244648852
212.50000000004837,681.5500000000484,313.601970511561,-57.772372608471706,37.338817663257636,-54.860023768606005,32.609696327161345,-56.54728326854836,33.59204401062735,-3.1410308786216565,-0.32644341191474346,1.4073995645960624,1.4237445967839517
212.60000000004828,681.6500000000483,313.7019705115609,-56.98589562743406,34.57906839349895,-55.358281651291094,30.719002451456145,-56.86138635641024,33.559399669435905,-3.1410308786216565,-0.32644341191474346,1.6374092857991964,1.6544848052306818
212.70000000004842,681.7500000000484,313.801970511561,-56.199418646394626,31.819319123733983,-54.70580541519533,32.09995291651439,-56.60298447248635,32.21525336726112,-2.361034661608852,-2.1010677056058973,1.53011216328067,1.548518818594312
212.80000000004833,681.8500000000483,313.90197051156093,-55.11140784764801,30.384394575644727,-53.60516661947411,34.75507130447717,-56.64763639314884,31.654256722029757,-2.0908644072597418,-2.5926505447606805,1.598752337758218,1.6152723317013722
212.90000000004846,681.9500000000485,314.00197051156107,-53.72186323177339,30.274294746658178,-53.18268287043632,34.38058157613688,-55.55469733187869,32.874595545791855,-0.331362687446219,-0.6065251781385286,1.5039022236222108,1.5218398818207373
213.00000000004837,682.0500000000484,314.101970511561,-52.33231861627698,30.16419491912586,-53.02431200080861,32.826186858532914,-54.89626075136992,32.24932617480241,0.6901862621836201,-1.4343724864055987,1.548904576245099,1.56499230579871
213.1000000000485,682.1500000000485,314.2019705115611,-51.7171703520251,33.056286536163846,-54.88327754829672,32.757637709208254,-54.13426584949261,32.171408983874656,1.6145363482635047,-1.3475547140219446,1.4711344301021758,1.4885722530456056
213.20000000004842,682.2500000000484,314.301970511561,-51.10202208777462,35.94837815319525,-57.52791081655286,33.26776294019417,-53.972812214666405,32.03665351247258,1.6145363482635047,-1.3475547140219446,1.7097520752806814,1.7280291726360129
213.30000000004856,682.3500000000486,314.40197051156116,-52.38042362920504,36.45502126148889,-58.83299958561369,34.36793338605363,-54.80431335897958,33.317491099640414,0.3188223555452483,0.5812082070836952,1.440414942115562,1.4572904836676528
213.40000000004846,682.4500000000485,314.50197051156107,-55.55237497263372,34.576215865674435,-59.61639208991962,35.697901636177036,-54.77243112342508,33.37561192034873,0.3188223555452483,0.5812082070836952,1.6750787850533877,1.6927362446494576
213.5000000000486,682.5500000000486,314.6019705115612,-58.72432631376896,32.69741047083998,-58.796706184794346,34.82826044970552,-57.13501122473155,34.189034392834,-2.9648872309644245,1.5433638664344616,1.407399564596566,1.4237445967844573
213.6000000000485,682.6500000000485,314.7019705115611,-57.1680817707129,32.84143558596381,-57.352688636487784,33.10196386457828,-57.431499947827724,34.34337077947731,-2.9648872309644245,1.5433638664344616,1.6374092857997904,1.6544848052312777
213.70000000004865,682.7500000000487,314.80197051156125,-55.6118372276533,32.985460701087966,-55.21210782745861,30.587446107962414,-57.50448045490953,33.807643294192246,-2.6603736082810387,0.60962213538529,1.5301121632812154,1.5485188185948602
213.80000000004856,682.8500000000486,314.90197051156116,-56.37519699241203,32.66138168160776,-52.80024491358722,27.76594934378217,-57.183771065083874,33.70465417982478,-1.832375492883004,0.37993280812627717,1.5987523377587873,1.6152723317019433
213.9000000000487,682.9500000000487,315.0019705115613,-59.45816106047787,31.869198528432797,-52.402843060113604,30.03312523701352,-55.415287459879906,31.197064488192943,0.8050972161075416,-3.0370945387007224,1.503902223622757,1.5218398818212862
214.0000000000486,683.0500000000486,315.1019705115612,-62.541125124465886,31.077015375495655,-52.78998909685377,34.282125190200496,-56.86563052831273,30.932489970766568,-1.4561845294018116,-2.9797144735969914,1.5489045762456763,1.564992305799289
214.10000000004874,683.1500000000487,315.20197051156134,-57.257889431795675,30.769885504767437,-54.592388296259706,33.321641349274,-55.54713815340008,32.3049284036791,0.49676973078465947,-0.7663271562640621,1.4711344301027245,1.4885722530461567
214.20000000004865,683.2500000000487,315.30197051156125,-51.97465373913748,30.462755634039915,-56.94596910185275,30.3322825898403,-55.49746118032166,32.22829568805276,0.49676973078465947,-0.7663271562640621,1.709752075281314,1.728029172636648
214.30000000004878,683.3500000000488,315.4019705115614,-51.326181414063214,29.403574699632678,-54.88243728456214,30.21522403603812,-55.14755530748133,30.891979395120785,0.9567331056000798,-2.4545314385150654,1.4404149421160788,1.4572904836681717
214.4000000000487,683.4500000000487,315.5019705115613,-55.312472447534034,27.592342703017685,-51.098625806766414,31.216805653879813,-55.05188199692141,30.646526251269503,0.9567331056000798,-2.4545314385150654,1.675078785053991,1.692736244650063
214.50000000004883,683.5500000000488,315.60197051156143,-59.29876347909388,25.78111070765654,-52.34901644372887,31.95841872283573,-54.05066630892997,29.89025453531522,2.001185783699124,-3.276242733973193,1.4073995645970694,1.4237445967849631
214.60000000004874,683.6500000000487,315.70197051156134,-59.35743327090743,26.543184520783768,-55.56001715434337,32.59878497170535,-53.85054773056024,29.562630261918198,2.001185783699124,-3.276242733973193,1.6374092858003844,1.6544848052318737
214.70000000004887,683.7500000000489,315.8019705115615,-59.416103062721106,27.30525833391273,-56.766426131083556,29.614130844587738,-54.70180799907406,30.52554642726705,0.5687588815234714,-1.5299819713342522,1.530112163281761,1.548518818595408
214.80000000004878,683.8500000000488,315.9019705115614,-57.68039947993503,29.603794112195146,-57.19213090536454,25.21768368566359,-55.64358077938199,29.79231866402052,-0.8405019529142401,-2.3428606494061217,1.5987523377593562,1.6152723317025142
214.90000000004892,683.9500000000489,316.0019705115615,-54.15032252605006,33.43879185263706,-57.97673100788148,25.653163446196007,-56.35554982602477,27.389719905656413,-1.6890447020088626,-5.2534645661122354,1.5039022236233035,1.5218398818218346
215.00000000004883,684.0500000000488,316.10197051156143,-50.62024557521432,37.2737895893792,-58.901105751915146,27.97047559594658,-55.27021634350235,29.082445333927623,0.16363859024727612,-2.0013036907966417,1.5489045762462537,1.5649923057998676
215.10000000004896,684.150000000049,316.20197051156157,-53.31127764165139,33.558351262199366,-56.86440593820244,30.061817978006676,-56.676549401216676,28.735528337279035,-1.734074309378937,-2.1958042523961865,1.4711344301032734,1.4885722530467078
215.20000000004887,684.2500000000489,316.3019705115615,-56.00230970808234,29.842912935027986,-53.674492075002206,32.06515463586122,-56.84995683215441,28.515947912039618,-1.734074309378937,-2.1958042523961865,1.7097520752819468,1.728029172637283
215.300000000049,684.350000000049,316.4019705115616,-56.97058851627016,27.63103745197885,-54.44365713834386,30.39292798151427,-55.65233124338171,29.66761232760884,0.09225234157917517,-0.3816497775756657,1.4404149421165953,1.4572904836686909
215.40000000004892,684.4500000000489,316.5019705115615,-56.216114069586965,26.922724810115096,-56.754716994296984,27.289223946660666,-55.6431060092238,29.629447349851308,0.09225234157917517,-0.3816497775756657,1.6750787850545938,1.6927362446506682
215.50000000004906,684.5500000000491,316.60197051156166,-55.46163962282806,26.21441216963338,-57.35826486260579,25.783759158007104,-56.19270663049616,27.938541729690545,-0.6369204469111142,-2.65368175882956,1.407399564597573,1.4237445967854685
215.60000000004896,684.650000000049,316.70197051156157,-54.55648310245072,28.32339379404438,-57.29680859966977,24.90074136189971,-56.256398675187214,27.673173553807832,-0.6369204469111142,-2.65368175882956,1.6374092858009786,1.6544848052324694
215.7000000000491,684.7500000000491,316.8019705115617,-53.65132658207132,30.432375418460175,-57.11521686806949,25.912694438517416,-56.716620110476285,26.258482543216125,-1.1771627851309852,-4.20885764452656,1.5301121632823063,1.548518818595956
215.800000000049,684.850000000049,316.9019705115616,-54.96306870236285,31.5482723840477,-56.88683742221148,27.662659000887725,-56.08583560241955,26.979851993376993,-0.12090258434921552,-2.608603257120954,1.5987523377599255,1.6152723317030848
215.90000000004915,684.9500000000492,317.00197051156175,-58.49170945897614,31.67108469276295,-56.357959301247625,28.171000623518232,-56.378067514803305,27.18973302399762,-0.4994740648296112,-1.9767102466459754,1.50390222362385,1.5218398818223833
216.00000000004906,685.0500000000491,317.10197051156166,-62.02035021379726,31.7938970004252,-55.712049580025024,28.19578231195906,-57.6160012371989,28.015252451955224,-2.2542945071079012,-0.47649739029385674,1.5489045762468312,1.5649923058004465
216.1000000000492,685.1500000000492,317.2019705115618,-61.91621913223088,29.773236223397404,-59.61720250749518,26.357541963840067,-57.05669417133982,28.040150831198254,-1.20754688800433,-0.3803670412238467,1.4711344301038225,1.4885722530472594
216.2000000000491,685.2500000000491,317.3019705115617,-61.812088050664734,27.752575446374202,-65.29480299889913,23.793732858455,-57.177448860140146,28.002114127075902,-1.20754688800433,-0.3803670412238467,1.7097520752825797,1.7280291726379182
216.30000000004924,685.3500000000492,317.40197051156184,-60.528130194718166,27.731302242433465,-62.07593533820121,25.14475564818118,-61.45126837996754,26.051435160003955,-6.795346991174333,-2.928239272299409,1.4404149421171117,1.4572904836692093
216.40000000004915,685.4500000000492,317.50197051156175,-58.06434556672017,29.709416607638385,-55.392267361393365,28.02044087201003,-62.13080307908435,25.75861123277428,-6.795346991174333,-2.928239272299409,1.675078785055197,1.6927362446512733
216.50000000004928,685.5500000000493,317.6019705115619,-55.600560941960346,31.68753096904246,-57.27293944337319,27.23174273361792,-58.60314013439894,27.603870133941765,-1.0186056318437267,0.07291329662729717,1.4073995645980766,1.4237445967859743
216.6000000000492,685.6500000000492,317.7019705115618,-59.71110743941769,25.953159973739353,-62.4890619125834,25.01592133522169,-58.70500069758322,27.61116146360449,-1.0186056318437267,0.07291329662729717,1.6374092858015725,1.6544848052330654
216.70000000004933,685.7500000000493,317.80197051156193,-63.821653936884374,20.21878897842321,-61.522903251816835,23.029572393946026,-60.864806282916675,26.362682168770114,-3.822405443547456,-1.626299608752288,1.5301121632828516,1.548518818596504
216.80000000004924,685.8500000000492,317.90197051156184,-64.22402740278422,20.001090184679306,-58.14900600904472,21.132593327145543,-62.25593562679442,24.324634959570027,-5.24611682110581,-4.253685013916602,1.5987523377604944,1.6152723317036557
216.90000000004937,685.9500000000494,318.001970511562,-60.91822784443751,25.300063581618936,-57.53851815615356,22.714010966263984,-60.794937925703366,22.537939757553016,-2.5628490054890793,-6.08104268182652,1.503902223624396,1.5218398818229322
217.00000000004928,686.0500000000493,318.1019705115619,-57.612428287567866,30.599036974223825,-58.00426208017601,25.65011788208143,-60.3207156872636,23.77709683611262,-1.4837887136691057,-3.372568209335139,1.5489045762474087,1.5649923058010249
217.10000000004942,686.1500000000494,318.201970511562,-57.28504418366998,27.136999890700263,-59.3216917884651,23.847973177189797,-59.6553843646168,24.447884290839784,-0.39839356480195165,-2.036852681423656,1.4711344301043712,1.4885722530478103
217.20000000004933,686.2500000000493,318.30197051156193,-56.957660079772836,23.67496280718457,-60.97081730278065,20.200478673656853,-59.69522372109696,24.244199022697604,-0.39839356480195165,-2.036852681423656,1.7097520752832123,1.728029172638553
217.30000000004947,686.3500000000495,318.40197051156207,-56.92716913453603,22.201938528161605,-60.0186512552744,19.337276522859785,-59.84306933285246,21.93216069772456,-0.514427690950974,-4.853364173316738,1.4404149421176282,1.4572904836697282
217.40000000004937,686.4500000000494,318.501970511562,-57.193571347372384,22.717927049703498,-58.05339150906673,19.558439185032498,-59.89451210194751,21.446824280393326,-0.514427690950974,-4.853364173316738,1.6750787850557998,1.6927362446518783
217.5000000000495,686.5500000000495,318.6019705115621,-57.459973560510306,23.233915570120484,-58.67090076876657,20.53376656321906,-58.70547343486687,20.803694418147934,1.2009849950870073,-4.9835881033168565,1.4073995645985802,1.4237445967864797
217.60000000004942,686.6500000000494,318.701970511562,-58.33353788448543,21.478098061379722,-60.29428997037078,21.80280939136987,-58.585374935358274,20.3053356078167,1.2009849950870073,-4.9835881033168565,1.6374092858021663,1.6544848052336611
217.70000000004956,686.7500000000496,318.80197051156216,-59.20710220846254,19.722280552634967,-58.76419358640296,22.009569222020378,-59.33207038542855,20.584571201510485,0.020041536219798095,-3.931406740975405,1.530112163283397,1.5485188185970518
217.80000000004947,686.8500000000495,318.90197051156207,-59.46300928689839,18.85447852865369,-56.00594714706832,21.802614486106354,-59.395529119070815,19.86723957788834,-0.07233758172653175,-4.385585441757195,1.5987523377610635,1.6152723317042266
217.9000000000496,686.9500000000496,319.0019705115622,-59.10125912101878,18.874691987671277,-55.87087271339323,21.961107845194864,-57.81236503545257,20.18413427919819,2.076858216301173,-3.3715134484195977,1.5039022236249422,1.5218398818234804
218.0000000000495,687.0500000000495,319.1019705115621,-58.73950895642567,18.894905445620875,-56.75741349138497,22.26192787295866,-57.84575242083416,19.644111199839042,1.7207596770480413,-3.6689661694976246,1.5489045762479858,1.5649923058016038
218.10000000004965,687.1500000000497,319.20197051156225,-60.971549308438235,16.760597901436324,-59.18588536278595,20.746883647406733,-57.38449796884327,20.290477327656156,2.1064902802893006,-2.3263358756526173,1.4711344301049198,1.4885722530483614
218.20000000004956,687.2500000000496,319.30197051156216,-63.20358966044572,14.626290357256627,-62.21487456852302,18.524636638549577,-57.17384894081453,20.057843740091105,2.1064902802893006,-2.3263358756526173,1.7097520752838449,1.7280291726391879
218.3000000000497,687.3500000000497,319.4019705115623,-64.71600798169167,15.584824211494594,-62.78957987908101,17.100573257477727,-60.27613876120782,18.011138949775706,-2.3860642165910004,-4.792590063450643,1.4404149421181447,1.4572904836702472
218.4000000000496,687.4500000000496,319.5019705115622,-65.50880427359927,19.63619945799963,-62.408444796540934,15.987368841847875,-60.514745182866704,17.53187994343108,-2.3860642165910004,-4.792590063450643,1.6750787850564028,1.6927362446524836
218.50000000004974,687.5500000000497,319.60197051156234,-66.30160056290045,23.687574701591068,-63.55641356018797,16.14283165056094,-62.30145568299709,17.65366009865264,-4.609411972552126,-3.7856882392238176,1.4073995645990836,1.4237445967869857
218.60000000004965,687.6500000000497,319.70197051156225,-61.85645221167741,21.86924320344068,-65.29990398466748,16.792387005291854,-62.76239688025188,17.275091274730602,-4.609411972552126,-3.7856882392238176,1.6374092858027602,1.6544848052342571
218.70000000004978,687.7500000000498,319.8019705115624,-57.411303860444264,20.050911705286158,-66.27051484784043,16.120534746137796,-64.36599131298715,16.820620472820124,-6.1661935638953045,-3.8883929991730315,1.5301121632839423,1.5485188185976
218.8000000000497,687.8500000000497,319.9019705115623,-57.8644024991887,17.662164667072815,-66.94012161562252,14.934049776575456,-62.997569101742044,16.96009265899763,-3.364966841881409,-3.1482494982085343,1.5987523377616328,1.6152723317047974
218.90000000004983,687.9500000000498,320.00197051156243,-63.215748118156476,14.703002089925938,-68.23312248654473,15.535701023752287,-64.87527445563506,15.787815812608336,-5.447690491129989,-4.299237940099538,1.5039022236254884,1.521839881824029
219.00000000004974,688.0500000000497,320.10197051156234,-68.56709373241733,11.743839516216942,-69.76890915162727,16.83375614973898,-66.08857505965203,14.587798082341491,-6.435204255505646,-5.428357959555032,1.5489045762485631,1.5649923058021826
219.10000000004987,688.1500000000499,320.2019705115625,-64.49024458190729,15.675255474184146,-67.09122013040019,15.629528749593788,-68.16789146055135,15.042683187216458,-8.350389782084187,-4.106321485623932,1.4711344301054687,1.4885722530489127
219.20000000004978,688.2500000000498,320.3019705115624,-60.41339543140653,19.60667143214241,-62.77255947416387,13.450767507587695,-69.00293043875901,14.632051038654438,-8.350389782084187,-4.106321485623932,1.7097520752844777,1.7280291726398234
219.30000000004992,688.3500000000499,320.4019705115625,-57.352471073678956,19.82474786041866,-60.680970459967064,12.891281520102417,-65.27677463823782,14.862668061400074,-2.154883920204095,-3.1878598345295224,1.4404149421186614,1.4572904836707665
219.40000000004983,688.4500000000498,320.50197051156243,-55.30747150671038,16.329484766425,-59.45673221882231,12.962435165969806,-65.49226303025804,14.543882077947412,-2.154883920204095,-3.1878598345295224,1.6750787850570061,1.6927362446530894
219.50000000004997,688.55000000005,320.60197051156257,-53.26247194294895,12.834221675852117,-58.491466451690066,10.964851275364683,-61.372370067892554,13.493362203765496,3.9671273857253353,-4.190297166687968,1.4073995645995874,1.4237445967874913
219.60000000004987,688.6500000000499,320.7019705115625,-57.63822659153317,16.19336065536162,-57.62705957535339,8.161581089088696,-60.975657329320384,13.074332487097081,3.9671273857253353,-4.190297166687968,1.6374092858033547,1.654484805234853
219.70000000005,688.75000000005,320.8019705115626,-62.013981240127336,19.552499634878764,-59.79965124575088,9.593868224838985,-59.20646260394737,10.477643168350394,5.837033867548804,-7.136939831507251,1.530112163284488,1.5485188185981482
219.80000000004992,688.8500000000499,320.9019705115625,-64.29850944120675,20.949786873179548,-63.155026167257766,12.675726864338934,-59.72921933753491,12.097524139958853,4.2756329848268875,-3.8676935965905237,1.598752337762202,1.6152723317053685
219.90000000005006,688.9500000000501,321.00197051156266,-64.49181119896609,20.38522237419578,-62.272050394186046,15.658585307902907,-61.01479281527597,12.296312206543528,1.9605730267724333,-3.081678856442392,1.503902223626035,1.521839881824578
220.00000000004997,689.05000000005,321.10197051156257,-64.6851129554458,19.82065787360933,-59.73841521619866,18.602887337350545,-61.6400745874645,13.65712151100165,0.7473413764502932,-0.6346065336590891,1.5489045762491411,1.5649923058027613
220.1000000000501,689.1500000000501,321.2019705115627,-62.32115105953189,16.049595779659427,-60.43485890995065,16.965416912121213,-60.61888707051396,15.684803791161226,2.009800559195569,2.1362758123158945,1.471134430106018,1.488572253049464
220.20000000005,689.25000000005,321.3019705115626,-59.95718916362336,12.278533685718095,-62.38928252383068,13.543538744715281,-60.41790701459459,15.89843137239262,2.009800559195569,2.1362758123158945,1.7097520752851108,1.7280291726404582
220.30000000005015,689.3500000000502,321.40197051156275,-59.61915405010383,10.242775752718922,-65.54282182344953,11.214614057512208,-60.8561257276668,13.985818579050457,1.1713509934523259,-0.736540761491917,1.440414942119178,1.4572904836712852
220.40000000005006,689.4500000000501,321.50197051156266,-61.30704571491197,9.942321977191119,-69.16336626889749,9.311348800418092,-60.73899062832167,13.912164502901332,1.1713509934523259,-0.736540761491917,1.6750787850576092,1.6927362446536944
220.5000000000502,689.5500000000502,321.6019705115628,-62.99493737896501,9.64186820284683,-67.91858863147944,10.371097124425253,-64.20460541305755,11.408695515466835,-3.620876655410182,-4.051163546936109,1.407399564600091,1.4237445967879971
220.6000000000501,689.6500000000501,321.7019705115627,-63.17248281182325,11.698045315397037,-64.77897259283417,12.584814665926977,-64.56669307859823,11.003579160773592,-3.620876655410182,-4.051163546936109,1.6374092858039486,1.654484805235449
220.70000000005024,689.7500000000502,321.80197051156284,-63.350028244681894,13.754222427951918,-63.66377599069512,11.362464162727889,-64.62537599379857,11.501859451434528,-3.2075098391348025,-2.8287561991955545,1.5301121632850336,1.548518818598696
220.80000000005015,689.8500000000502,321.90197051156275,-61.57413099122618,12.728620883147315,-63.3370056475322,8.801909616829889,-64.66425120078887,11.937644538024546,-2.809735821966233,-1.8219409674214238,1.5987523377627713,1.6152723317059392
220.90000000005028,689.9500000000503,322.0019705115629,-57.84479105537441,8.621240687172888,-63.00226524293726,7.792546130871821,-64.37333472517332,10.319401205237916,-2.036907994307925,-3.74960137529769,1.5039022236265813,1.5218398818251262
221.0000000000502,690.0500000000502,322.1019705115628,-54.11545112287399,4.513860494784674,-62.6644208344965,7.387306346894132,-62.35466105903238,8.787275485412822,1.2458323387552563,-5.446250009027279,1.5489045762497182,1.5649923058033397
221.10000000005033,690.1500000000503,322.20197051156293,-57.0386467969401,7.524699165107046,-62.476305116512286,7.1125759810000035,-62.32139748105856,7.751041887613963,1.1240224951018418,-6.097659131009232,1.4711344301065665,1.488572253050015
221.20000000005024,690.2500000000502,322.30197051156284,-59.961842470999564,10.535537835422572,-62.34650242850065,6.888673546514729,-62.20899523154848,7.141275974513594,1.1240224951018418,-6.097659131009232,1.7097520752857431,1.728029172641093
221.30000000005037,690.3500000000504,322.401970511563,-61.38206975405171,10.102799749058178,-61.34962931262825,7.605452821933392,-62.01912766587464,7.371073132632455,1.2344651358152152,-4.934776566613723,1.4404149421196946,1.4572904836718041
221.40000000005028,690.4500000000503,322.5019705115629,-61.29932864911787,6.226484912953023,-60.01506871887249,8.688588074793474,-61.895681152293236,6.877595475971532,1.2344651358152152,-4.934776566613723,1.6750787850582123,1.6927362446542997
221.50000000005042,690.5500000000504,322.601970511563,-61.21658754485668,2.350170080238784,-61.26235657583801,9.575469221383337,-60.93259799104912,6.417142910394315,2.357532599289807,-5.02640906690326,1.4073995646005943,1.4237445967885025
221.60000000005033,690.6500000000503,322.70197051156293,-62.46682732132191,5.209066312898175,-63.51516585711791,10.385917644581847,-60.69684473112036,5.914502003704446,2.357532599289807,-5.02640906690326,1.6374092858045424,1.6544848052360448
221.70000000005047,690.7500000000505,322.80197051156307,-63.71706709778998,8.067962545564068,-64.29825501682329,7.958413261595529,-61.84783688588104,7.300166906032491,0.468193238551033,-2.471297856790233,1.5301121632855788,1.548518818599244
221.80000000005037,690.8500000000504,322.901970511563,-64.98764872533002,10.293153034030233,-64.50894997980951,4.2698623920809045,-62.32790810173569,7.54045030515687,-0.2753377199311433,-1.7884512586913281,1.5987523377633401,1.61527233170651
221.9000000000505,690.9500000000505,323.0019705115631,-66.27857220390673,11.884637779586292,-64.39657812902877,4.96685568821198,-63.207927465964474,5.754862320351593,-1.427350382779793,-3.945239840216345,1.5039022236271276,1.521839881825675
222.00000000005042,691.0500000000504,323.101970511563,-67.56949568128834,13.476122523152233,-64.15838533680727,7.37183405782824,-64.24687416215794,7.089675744443528,-2.7511792155287713,-1.4096667160042506,1.5489045762502958,1.5649923058039188
222.10000000005056,691.1500000000506,323.20197051156316,-66.49861817502597,11.132147813594887,-65.20723018110226,5.971352264086217,-64.43710780110297,7.308420176328967,-2.6379534144564687,-0.9330292129810465,1.4711344301071154,1.4885722530505663
222.20000000005047,691.2500000000505,323.30197051156307,-65.42774066876603,8.78817310404287,-66.7573220745972,3.088803727602336,-64.70090314254837,7.215117255030948,-2.6379534144564687,-0.9330292129810465,1.709752075286376,1.728029172641728
222.3000000000506,691.3500000000506,323.4019705115632,-64.35246182115159,5.9559271488293835,-65.6572427155323,4.711035773522411,-65.82044559259222,5.5006130828488455,-3.780924198084016,-3.078352662627215,1.440414942120211,1.4572904836723228
222.4000000000505,691.4500000000505,323.5019705115631,-63.27278163219645,2.635409948955381,-63.52503307330328,8.08769046425083,-66.19853801240028,5.192777816586404,-3.780924198084016,-3.078352662627215,1.6750787850588151,1.6927362446549048
222.50000000005065,691.5500000000507,323.60197051156325,-62.193101445389736,-0.685107249162285,-64.34539342169954,7.687291352184407,-64.6788175050985,5.200458177505268,-1.136933360478733,-2.852250570146656,1.407399564601098,1.4237445967890083
222.60000000005056,691.6500000000506,323.70197051156316,-65.35543877029198,-0.526856531540057,-66.3156556481489,5.81588858054762,-64.79251084114627,4.9152331204908615,-1.136933360478733,-2.852250570146656,1.6374092858051363,1.6544848052366408
222.7000000000507,691.7500000000507,323.8019705115633,-68.51777609520141,-0.36860581391746905,-66.35869844214592,7.055865339465802,-65.71222719814918,4.807956739100669,-2.2350808668770625,-2.6114640123009747,1.530112163286124,1.548518818599792
222.8000000000506,691.8500000000506,323.9019705115632,-68.95992765051257,0.32451699190728617,-65.65117029224012,9.507593615495326,-66.83035512426845,3.5036760834822545,-3.4975395685576207,-4.072853853975231,1.5987523377639092,1.6152723317070807
222.90000000005074,691.9500000000507,324.00197051156334,-66.68189344174446,1.5525118848525472,-64.4286239526188,7.62614520429076,-66.6166421706317,5.666552213093227,-2.7360944228611817,-0.6228338477145865,1.5039022236276738,1.5218398818262235
223.00000000005065,692.0500000000507,324.10197051156325,-64.40385923509919,2.7805067770927723,-63.005499680737124,4.057106650807878,-66.36206437676587,5.002572524709298,-1.9558886688613728,-1.5050474453733087,1.548904576250873,1.5649923058044972
223.10000000005078,692.1500000000508,324.2019705115634,-66.30229739900766,2.62352320466463,-62.737885702305114,3.698347055408786,-65.16574836316015,4.164392580889582,-0.09924877903004581,-2.4162558754168737,1.4711344301076645,1.4885722530511174
223.2000000000507,692.2500000000507,324.3019705115633,-68.20073556291182,2.466539632236845,-62.92029440267981,4.589856146166721,-65.17567324106314,3.9227669933481146,-0.09924877903004581,-2.4162558754168737,1.7097520752870088,1.728029172642363
223.30000000005083,692.3500000000508,324.40197051156343,-67.82779462876609,2.0753478219325716,-64.28122990867594,6.098249408102668,-65.0875341587699,3.7800950111941423,-0.006588178623653462,-2.29854732837814,1.4404149421207277,1.457290483672842
223.40000000005074,692.4500000000507,324.50197051156334,-65.18347460118925,1.449947774229669,-66.10115205729248,7.846893119380252,-65.08819297663226,3.5502402783565374,-0.006588178623653462,-2.29854732837814,1.6750787850594184,1.69273624465551
223.50000000005087,692.5500000000509,324.6019705115635,-62.539154572660955,0.8245477275413562,-65.77953708612276,7.365549811195675,-65.15076937979427,4.483229263521308,-0.0019813447627331504,-0.862749108427318,1.4073995646016015,1.423744596789514
223.60000000005078,692.6500000000508,324.7019705115634,-58.038522237599366,2.1939997349756384,-64.62388344228607,6.015720313072244,-65.15096751427055,4.396954352678654,-0.0019813447627331504,-0.862749108427318,1.6374092858057305,1.6544848052372365
223.70000000005092,692.7500000000509,324.8019705115635,-53.537889902527546,3.563451742413034,-65.79239577288614,3.82242970356964,-64.81548367884497,4.804111355407086,0.4553608261268337,-0.19507472657089808,1.5301121632866694,1.54851881860034
223.80000000005083,692.8500000000508,324.90197051156343,-54.057834173064684,4.393097174211856,-67.86607303687052,1.3006464523718408,-61.9437321591016,4.669895902829724,4.443625018540494,-0.35577607053424043,1.5987523377644783,1.6152723317076518
223.90000000005097,692.950000000051,325.00197051156357,-59.59835503898488,4.682936031475608,-66.87293670733749,1.3848605136780625,-64.03047395489367,3.0986608687542234,1.0231986460179003,-2.417144126607115,1.5039022236282202,1.5218398818267724
224.00000000005087,693.0500000000509,325.1019705115635,-65.13887590126856,4.9727748893715376,-64.68540541952385,2.4840009656636197,-64.18534913841782,3.3077939863613475,0.643285912968856,-1.7561066243242482,1.5489045762514508,1.5649923058050763
224.100000000051,693.150000000051,325.2019705115636,-63.56416584108374,6.505135429160052,-64.27628546894063,3.647398032310156,-64.08629250406672,2.9636706529820076,0.6896090999435939,-1.9793954189412633,1.4711344301082132,1.4885722530516687
224.20000000005092,693.2500000000509,325.3019705115635,-61.989455780902496,8.037495968945082,-64.5597819654185,4.8358203488571725,-64.01733159407242,2.765731111088061,0.6896090999435939,-1.9793954189412633,1.7097520752876414,1.7280291726429982
224.30000000005106,693.3500000000511,325.40197051156366,-61.502915554271915,8.224983773397025,-64.98435594579477,6.067117974982023,-63.700459267171844,4.467127870915509,1.0473614019604152,0.5975709504406701,1.4404149421212442,1.4572904836733611
224.40000000005097,693.450000000051,325.50197051156357,-62.104545158972364,7.06759884526101,-65.46387367490321,7.315113731599919,-63.5957231269759,4.526884965959522,1.0473614019604152,0.5975709504406701,1.6750787850600213,1.6927362446561154
224.5000000000511,693.5500000000511,325.6019705115637,-62.70617476363214,5.910213916515855,-64.28650421271114,5.36300187287364,-64.03261590179365,5.851434971463705,0.3614785604692561,2.2941696637439732,1.4073995646021054,1.4237445967900197
224.600000000051,693.650000000051,325.7019705115636,-63.22561675399311,3.5672956757400374,-62.463846849132004,2.164582638387536,-63.99646804574675,6.080851937837894,0.3614785604692561,2.2941696637439732,1.6374092858063247,1.6544848052378325
224.70000000005115,693.7500000000512,325.80197051156375,-63.74505874435526,1.2243774349588925,-60.85974690095947,1.0844764068277308,-63.158304895872774,4.407289506410694,1.4541658313185264,-0.28079672607980166,1.5301121632872148,1.548518818600888
224.80000000005106,693.8500000000511,325.90197051156366,-63.59111024778734,1.9266812197904162,-59.34076587740052,0.8293640308120718,-63.20524538566608,3.4676591417018354,1.1827177258326231,-1.557843200205512,1.5987523377650477,1.6152723317082227
224.9000000000512,693.9500000000512,326.0019705115638,-62.76377126566665,5.674207024006174,-60.70236530399442,1.455708789189588,-61.46130629672388,2.3049513248089686,3.379575187214254,-2.9094727334836374,1.5039022236287662,1.5218398818273207
225.0000000000511,694.0500000000511,326.1019705115637,-61.936432283773875,9.421732825663206,-63.1858297092143,2.425344042780088,-61.296073056510046,3.5924667339069436,3.1244374884530446,-0.5951137562229927,1.5489045762520282,1.5649923058056547
225.10000000005124,694.1500000000513,326.20197051156384,-61.55092434933779,8.184406578909122,-62.711614956410216,3.0193258071481552,-61.96024155673162,3.2155508117000737,1.821749866670786,-1.015692684885408,1.4711344301087623,1.4885722530522196
225.20000000005115,694.2500000000512,326.30197051156375,-61.16541641490258,6.947080332157851,-61.08550851968455,3.467006330861489,-61.7780665700647,3.1139815432116253,1.821749866670786,-1.015692684885408,1.7097520752882742,1.7280291726436332
225.30000000005128,694.3500000000513,326.4019705115639,-62.822107738968725,4.2343493507198104,-61.751212735921875,4.659157511470983,-61.09065995422035,3.7458440858441895,2.5031031205193015,-0.012045212656767168,1.4404149421217607,1.4572904836738798
225.4000000000512,694.4500000000512,326.5019705115638,-66.52099831734033,0.04621363763325892,-63.309480848110795,6.1412487135542095,-60.84034964216865,3.744639564578514,2.5031031205193015,-0.012045212656767168,1.6750787850606246,1.6927362446567207
225.50000000005133,694.5500000000513,326.60197051156393,-70.21988889229961,-4.141922072606287,-63.211197292484414,6.419499285520897,-63.27392508149011,3.2821066371718217,-1.3517991174882955,-0.878200315517464,1.4073995646026085,1.4237445967905251
225.60000000005124,694.6500000000513,326.70197051156384,-67.2619287923545,-2.7711457267198596,-62.46775650776611,6.228904544488458,-63.40910499323882,3.1942866056201553,-1.3517991174882955,-0.878200315517464,1.6374092858069185,1.6544848052384282
225.70000000005138,694.7500000000514,326.801970511564,-64.30396869240266,-1.4003693808303153,-62.636498315489284,4.945318087654395,-63.075855554393904,4.279300032659907,-0.7135983342543374,0.7087883508977144,1.5301121632877601,1.5485188186014358
225.80000000005128,694.8500000000513,326.9019705115639,-63.21318628211875,-0.7616586536473335,-63.160496892559685,3.236057309589778,-63.08724985230342,3.2938435391181553,-0.6289769020257148,-0.771095673778694,1.5987523377656168,1.6152723317087934
225.90000000005142,694.9500000000514,327.001970511564,-63.98958155765989,-0.8550135436632793,-62.779263288011315,3.761599086231897,-63.22747344697675,3.0221312644149307,-0.7334718306528908,-1.0323178692023809,1.5039022236293127,1.5218398818278696
226.00000000005133,695.0500000000513,327.10197051156393,-64.76597683259061,-0.9483684335200265,-62.04547980692039,5.1575025013114715,-63.612065472945204,2.094849587644729,-1.1932236018334632,-2.2405486886534325,1.5489045762526055,1.5649923058062336
226.10000000005147,695.1500000000515,327.20197051156407,-64.35791370873893,-0.7323301392668047,-63.10890260332,2.4643773758424574,-63.0717588617113,3.1411665594364853,-0.3133549570823144,-0.5572343395180788,1.4711344301093112,1.488572253052771
226.20000000005138,695.2500000000514,327.301970511564,-63.94985058488819,-0.5162918450140739,-64.872261685806,-1.8212524532978636,-63.10309435741951,3.085443125484728,-0.3133549570823144,-0.5572343395180788,1.709752075288907,1.7280291726442683
226.3000000000515,695.3500000000515,327.4019705115641,-63.770443204479854,0.727716190560723,-65.82961552675572,-0.5280725334545564,-64.02977664751249,0.33002557292047185,-1.5146596410242237,-4.169920687684904,1.4404149421222774,1.457290483674399
226.40000000005142,695.4500000000514,327.501970511564,-63.81969156704373,2.999693965334306,-66.47306421257692,2.937819236660544,-64.18124261161478,-0.08696649584763927,-1.5146596410242237,-4.169920687684904,1.6750787850612274,1.692736244657326
226.50000000005156,695.5500000000516,327.60197051156416,-63.86893993138554,5.27167173806244,-66.17947542875447,2.6181567337898537,-65.06363392920733,1.873719363142938,-2.460345118172894,-0.8706563687496125,1.4073995646031123,1.423744596791031
226.60000000005147,695.6500000000515,327.70197051156407,-67.36265692489869,3.5706551750367073,-65.52094994587948,0.8241799956562819,-65.3096684410244,1.786653726268056,-2.460345118172894,-0.8706563687496125,1.6374092858075124,1.6544848052390242
226.7000000000516,695.7500000000516,327.8019705115642,-70.85637391841978,1.8696386120071065,-64.51449682799891,-0.17542029870552867,-65.53903368624982,1.1373603987451442,-2.4376344597105426,-1.6314199421848754,1.5301121632883057,1.548518818601984
226.8000000000515,695.8500000000515,327.9019705115641,-70.5646684117344,0.38439546983059747,-63.37254052402514,-0.8656443657654291,-67.23561292873804,0.9665193147063939,-4.48780131652343,-1.642206062577661,1.5987523377661859,1.6152723317093642
226.90000000005165,695.9500000000517,328.00197051156425,-66.48754041265643,-0.8850742519450505,-62.71122473328487,-2.5308432388714843,-66.03892314029588,0.05466043328245471,-2.2641834612201692,-2.645787740889915,1.503902223629859,1.5218398818284182
227.00000000005156,696.0500000000516,328.10197051156416,-62.410412415568466,-2.154543972484583,-62.23709821513473,-4.575753808574031,-65.446434402862,-0.6242854275916266,-1.054544199136025,-3.253337224224203,1.548904576253183,1.5649923058068125
227.1000000000517,696.1500000000517,328.2019705115643,-62.17088055406094,-1.0346754901570954,-62.56754681012855,-5.315305657428519,-64.3201660835823,-2.551151431572004,0.5884312676848269,-5.37545783794431,1.4711344301098601,1.4885722530533225
227.2000000000516,696.2500000000516,328.3019705115642,-61.93134869255396,0.08519299216784626,-63.2113435853615,-5.546475165022257,-64.26132295681387,-3.088697215365946,0.5884312676848269,-5.37545783794431,1.7097520752895399,1.7280291726449035
227.30000000005174,696.3500000000518,328.40197051156434,-61.3349813048956,1.5249833772633314,-63.540700212364925,-4.2257737859368385,-63.49296806207546,-3.7625893233614054,1.5589331024838828,-5.518035314563649,1.4404149421227936,1.4572904836749179
227.40000000005165,696.4500000000517,328.50197051156425,-60.381778391826906,3.2846956644608625,-63.747595621474446,-2.300683940989335,-63.33707475182722,-4.314392854817268,1.5589331024838828,-5.518035314563649,1.6750787850618303,1.6927362446579313
227.50000000005178,696.5500000000518,328.6019705115644,-59.42857547946436,5.04440795022128,-63.62455345753917,-0.7164844094377818,-62.69424691088893,-2.223606196740704,2.3260011364159414,-1.7345256201352957,1.4073995646036157,1.4237445967915365
227.6000000000517,696.6500000000517,328.7019705115643,-59.841672933249896,4.0242552428857525,-63.373014480296355,0.7349526769144057,-62.461646797247546,-2.397058758754076,2.3260011364159414,-1.7345256201352957,1.6374092858081064,1.65448480523962
227.70000000005183,696.7500000000518,328.80197051156443,-60.25477038703638,3.0041025355479047,-64.2501054633693,0.6492732506558186,-62.5864204564091,-1.1707249872981171,1.839105468112665,0.1595583440836834,1.530112163288851,1.548518818602532
227.80000000005174,696.8500000000518,328.90197051156434,-60.9366060612603,0.8085778401813057,-65.56675036558262,-0.03504843307785843,-61.977034275970915,-0.3867784358114071,2.4395229777064396,1.2354829700032302,1.598752337766755,1.6152723317099351
227.90000000005188,696.9500000000519,329.0019705115645,-61.88717995536747,-2.562318840786721,-67.83816592705708,-2.1546031181388927,-63.27093854367134,-0.21591237254686207,0.3613292191240314,1.2989993051864634,1.503902223630405,1.5218398818289667
228.00000000005178,697.0500000000518,329.1019705115644,-62.83775385137973,-5.9332155195982645,-70.48142451938148,-4.8331207164573655,-63.150459450058484,-1.3319532878521572,0.4859202050175353,-0.5278125755972785,1.54890457625376,1.564992305807391
228.10000000005192,697.1500000000519,329.2019705115645,-67.46732997736964,-5.15910979549798,-68.88204583145695,-4.5802485806931355,-66.05551122684149,-2.915352564418498,-3.4538985076280753,-2.5559677912421392,1.4711344301104086,1.4885722530538734
228.20000000005183,697.2500000000518,329.30197051156443,-72.09690610334904,-4.3850040713994565,-65.63033829387263,-3.1857233863981294,-66.40090107760398,-3.1709493435424796,-3.4538985076280753,-2.5559677912421392,1.7097520752901723,1.7280291726455383
228.30000000005197,697.350000000052,329.40197051156457,-72.92993870333494,-3.6791614193211015,-65.33796503610543,-3.963293122036392,-67.45510553287683,-3.3911732681657325,-4.475680235824482,-2.5157403705346826,1.4404149421233103,1.4572904836754368
228.40000000005188,697.4500000000519,329.5019705115645,-69.96642778521351,-3.0415818391242615,-66.19812806257305,-5.586802512621637,-67.90267355645886,-3.642747305218972,-4.475680235824482,-2.5157403705346826,1.6750787850624334,1.6927362446585368
228.500000000052,697.550000000052,329.6019705115646,-67.00291686914349,-2.4040022604136495,-63.454810542181086,-5.600229672040509,-67.582760325648,-4.400940598779533,-3.420797637345871,-3.127815505161382,1.407399564604119,1.4237445967920426
228.60000000005192,697.6500000000519,329.7019705115645,-67.99215516927379,-4.623574717248595,-59.308088848061956,-4.9865974942732265,-67.92484008938227,-4.7137221492953865,-3.420797637345871,-3.127815505161382,1.6374092858087004,1.6544848052402161
228.70000000005206,697.7500000000521,329.80197051156466,-68.98139346940634,-6.843147174088587,-60.000764969958006,-5.0330909165096465,-64.3719820175911,-5.031656655508051,1.885770736574918,-3.1347880912760915,1.5301121632893964,1.54851881860308
228.80000000005197,697.850000000052,329.90197051156457,-69.20518544810942,-7.366632603676982,-62.578183080894306,-5.336675506628717,-65.27125503123621,-5.925739967194164,0.3506317330525983,-3.948192040478851,1.5987523377673243,1.615272331710506
228.9000000000521,697.9500000000521,330.0019705115647,-68.66353110697828,-6.194031009548675,-61.393055904666845,-5.694477555682157,-64.48741307049019,-6.088428314363139,1.362499443966727,-3.6365944635847005,1.5039022236309516,1.5218398818295154
229.000000000052,698.050000000052,330.1019705115646,-68.12187676657061,-5.021429416096516,-58.7425755258394,-6.073395025552804,-65.15218022738703,-6.147238477383425,0.1792861652175024,-3.189621162631833,1.548904576254338,1.5649923058079698
229.10000000005215,698.1500000000522,330.20197051156475,-68.9673296580992,-5.142281150649649,-60.13961506378661,-5.457319257321486,-62.5232546760819,-6.445596212935181,3.662053651186458,-3.162319195918407,1.471134430110958,1.4885722530544248
229.20000000005206,698.2500000000521,330.30197051156466,-69.81278254962588,-5.2631328852025066,-63.11299344152107,-4.453735454838867,-62.157049310963586,-6.761828132526734,3.662053651186458,-3.162319195918407,1.7097520752908055,1.7280291726461734
229.3000000000522,698.3500000000522,330.4019705115648,-69.36228541759405,-5.369458652277846,-64.51205672386736,-5.41225268104391,-63.85591802004652,-5.8788853900731155,0.8256242915109344,-1.5570602817690207,1.4404149421238273,1.4572904836759557
229.4000000000521,698.4500000000521,330.5019705115647,-67.6158382647108,-5.461258451905502,-65.29799046467474,-7.134925766316166,-63.773355590895505,-6.034591418249876,0.8256242915109344,-1.5570602817690207,1.6750787850630369,1.6927362446591419
229.50000000005224,698.5500000000523,330.60197051156484,-65.86939111135645,-5.553058252444934,-65.2593804962352,-7.897962798897985,-64.66396919236371,-6.586632943652496,-0.527846901022486,-2.05355838713981,1.4073995646046231,1.423744596792548
229.60000000005215,698.6500000000522,330.70197051156475,-63.22967977357536,-7.387951986987442,-64.89964541891175,-8.287261934440133,-64.71675388246591,-6.791988782366291,-0.527846901022486,-2.05355838713981,1.6374092858092948,1.6544848052408119
229.70000000005228,698.7500000000523,330.8019705115649,-60.58996843578828,-9.22284572153412,-64.32842695753189,-6.834263394826065,-64.79606941759616,-7.600900843026981,-0.5639932399638706,-2.8702445728513837,1.530112163289942,1.548518818603628
229.8000000000522,698.8500000000522,330.9019705115648,-60.03887318052055,-9.742552178198402,-63.67484460935114,-4.66376736551814,-63.69015275682595,-8.391104770494916,1.0762296395108994,-3.575179113318706,1.5987523377678932,1.6152723317110769
229.90000000005233,698.9500000000523,331.00197051156493,-61.5763940034006,-8.947071359733803,-65.55848375784677,-5.562873157653841,-63.51824617729636,-7.073299864468344,1.1630997753047623,-1.3263331932973772,1.5039022236314978,1.521839881830064
230.00000000005224,699.0500000000523,331.10197051156484,-63.113914823572514,-8.151590541415814,-68.43026400818893,-7.657459805542885,-63.340751482912886,-7.407436896382809,1.2534780822350309,-1.6217801058901529,1.5489045762549152,1.5649923058085484
230.10000000005238,699.1500000000524,331.201970511565,-59.47962323263003,-7.632994205450776,-68.05147691548315,-9.750071395829037,-65.38149766403697,-7.855595018599524,-1.6358404064813812,-2.0007198856166255,1.4711344301115066,1.4885722530549756
230.20000000005228,699.2500000000523,331.3019705115649,-55.84533164169582,-7.114397869486915,-66.40673050460175,-11.84191378420859,-65.54508170468496,-8.055667007161004,-1.6358404064813812,-2.0007198856166255,1.7097520752914381,1.7280291726468082
230.30000000005242,699.3500000000524,331.401970511565,-54.967139764633586,-5.814056340025388,-64.93936041922949,-9.944507128754564,-63.86293621563764,-9.526528312681698,0.9399299340699734,-3.6732806266947007,1.4404149421243435,1.4572904836764746
230.40000000005233,699.4500000000523,331.50197051156493,-56.84504759566948,-3.7319696187109455,-63.54107095530533,-6.493455688695041,-63.768943222230725,-9.893856375350834,0.9399299340699734,-3.6732806266947007,1.6750787850636397,1.6927362446597471
230.50000000005247,699.5500000000525,331.60197051156507,-58.72295542454841,-1.6498829001976978,-63.81076278781324,-8.034922260177522,-62.60802607789033,-7.265279266914284,2.510293406326392,0.5284032779382923,1.4073995646051265,1.4237445967930535
230.60000000005238,699.6500000000524,331.701970511565,-56.48605970014924,-4.910049832252069,-64.73006320919234,-11.520764699258374,-62.356996737257916,-7.212438939120503,2.510293406326392,0.5284032779382923,1.6374092858098888,1.6544848052414078
230.7000000000525,699.7500000000525,331.8019705115651,-54.24916397574499,-8.170216764313853,-63.74944205932856,-12.709516433423873,-63.1713543824786,-9.227677077399887,1.0587814377533904,-2.2699625623843684,1.5301121632904875,1.548518818604176
230.80000000005242,699.8500000000524,331.901970511565,-55.91091835533458,-10.011286129070093,-62.02888133490387,-13.003647913435822,-60.9753545756024,-9.551098168176711,4.008293805848076,-2.405049942639277,1.5987523377684627,1.6152723317116477
230.90000000005256,699.9500000000526,332.00197051156516,-61.47132283073477,-10.433257929510592,-61.33893452426104,-11.686057429956563,-60.83557833486764,-11.101209433289931,3.655517729017293,-4.162981422182531,1.5039022236320443,1.5218398818306127
231.00000000005247,700.0500000000525,332.10197051156507,-67.03172730299723,-10.85522973060091,-61.05036850346134,-9.740769002509168,-61.86393631195123,-11.37638728122772,1.5965198338456954,-3.9560693275397574,1.548904576255493,1.5649923058091273
231.1000000000526,700.1500000000526,332.2019705115652,-66.64221721171845,-12.516226102929377,-61.8123612217743,-9.499265941543452,-61.393886277044516,-10.944124116601774,2.010554881971047,-2.85909474927936,1.4711344301120555,1.4885722530555268
231.2000000000525,700.2500000000525,332.3019705115651,-66.25270712044056,-14.177222475254066,-62.98350240086085,-9.921315649438846,-61.192830788847594,-11.23003359152945,2.010554881971047,-2.85909474927936,1.7097520752920707,1.7280291726474433
231.30000000005265,700.3500000000527,332.40197051156525,-64.8477519570785,-14.089746848508401,-63.427213082753354,-10.961438591321837,-62.59620182871592,-11.697679098531317,-0.1791610886128716,-3.13476023489012,1.44041494212486,1.4572904836769935
231.40000000005256,700.4500000000526,332.50197051156516,-62.42735172377667,-12.25379922637415,-63.58762016897972,-12.242275072499444,-62.61411793757719,-12.011155122020044,-0.1791610886128716,-3.13476023489012,1.6750787850642426,1.6927362446603522
231.5000000000527,700.5500000000527,332.6019705115653,-60.00695149336229,-10.417851604594675,-62.86081830266828,-12.58965265597603,-62.510419514933595,-12.154325044237686,0.06937691373712962,-2.84855818524769,1.40739956460563,1.4237445967935591
231.6000000000526,700.6500000000526,332.7019705115652,-63.07076614202754,-9.26236865390369,-61.78848584982374,-12.573487243738148,-62.50348182355989,-12.439180862762196,0.06937691373712962,-2.84855818524769,1.6374092858104827,1.6544848052420036
231.70000000005274,700.7500000000528,332.80197051156534,-66.13458079069976,-8.106885703210079,-61.64671890406519,-12.42999711455917,-62.09674526882167,-12.743519456051938,0.6140736698461461,-2.8749207881519294,1.5301121632910326,1.548518818604724
231.80000000005265,700.8500000000527,332.90197051156525,-67.21640322358228,-9.16575850761417,-61.86736810002125,-12.236919361180885,-63.207341021044336,-11.905705941721854,-1.0398193817275239,-1.298412150190306,1.5987523377690316,1.6152723317122186
231.90000000005278,700.9500000000528,333.0019705115654,-66.31623344486209,-12.43898706244843,-63.11811032328992,-11.320981079861927,-62.81211146011285,-12.126453004391129,-0.3652062578876477,-1.4204383307422552,1.5039022236325905,1.5218398818311614
232.0000000000527,701.0500000000527,333.1019705115653,-65.41606366770553,-15.712215615941425,-64.77003047301066,-10.123519013774002,-63.39403457437902,-13.002295515239734,-1.1708413255871548,-2.4963418514863607,1.5489045762560703,1.5649923058097062
232.10000000005283,701.1500000000528,333.20197051156543,-67.47618414268925,-16.45689943506792,-63.66593492726794,-10.07271884984959,-64.17092876362977,-12.065483790285194,-2.0509515171186017,-0.9242340945055458,1.4711344301126044,1.4885722530560783
232.20000000005274,701.2500000000528,333.30197051156534,-69.5363046176683,-17.201583254192727,-61.488487137928246,-10.468495288288047,-64.37602391534145,-12.157907199735664,-2.0509515171186017,-0.9242340945055458,1.7097520752927038,1.7280291726480785
232.30000000005288,701.3500000000529,333.4019705115655,-67.9522994294799,-17.314479219778516,-60.117839401406165,-13.179016944453661,-64.37109848255339,-12.613142976712002,-1.8292476163475018,-1.4565565783800813,1.4404149421253765,1.4572904836775125
232.40000000005278,701.4500000000528,333.5019705115654,-62.724168585837006,-16.79558733316075,-59.06140636557092,-16.791034545243228,-64.55402324418797,-12.758798634549878,-1.8292476163475018,-1.4565565783800813,1.6750787850648456,1.6927362446609575
232.50000000005292,701.5500000000529,333.6019705115655,-57.49603774526637,-16.276695447095165,-58.41300511610533,-17.426170359993588,-61.51463222362313,-15.152597783907133,2.653196876942519,-4.506292437920266,1.4073995646061337,1.423744596794065
232.60000000005283,701.6500000000528,333.70197051156543,-58.08943552076367,-16.802320473319448,-57.923515092756595,-16.901935874630784,-61.24931253592912,-15.60322702769875,2.653196876942519,-4.506292437920266,1.6374092858110767,1.6544848052425998
232.70000000005297,701.750000000053,333.80197051156557,-58.68283329626232,-17.327945499544924,-58.43819463987007,-15.731963705231303,-59.647426860712834,-16.453979021281306,4.474170432499452,-5.047707985403493,1.5301121632915782,1.5485188186052723
232.80000000005288,701.8500000000529,333.9019705115655,-59.22856864945638,-18.190698295455167,-59.343956016878245,-14.310503856329516,-59.10705516513376,-17.144489000807354,4.605345043795037,-5.307921233268136,1.5987523377696007,1.6152723317127893
232.900000000053,701.950000000053,334.0019705115656,-59.72664158044934,-19.390578860339684,-59.22208888328403,-14.878190644852202,-58.883230854178436,-16.39830173327411,4.285464986309368,-3.5937859852245686,1.503902223633137,1.5218398818317103
233.00000000005292,702.0500000000529,334.1019705115655,-60.224714511594286,-20.59045942562693,-58.70000364888287,-16.220566419951158,-58.83069392818079,-17.57438123329544,3.730046732994516,-4.791241638841466,1.5489045762566476,1.5649923058102848
233.10000000005306,702.1500000000531,334.20197051156566,-61.0118105684006,-22.555670204175772,-60.772829432214564,-18.14279438353491,-58.39468307444478,-17.65186321102909,3.814089679852968,-4.259043086002489,1.4711344301131533,1.4885722530566294
233.20000000005297,702.250000000053,334.30197051156557,-61.79890662520513,-24.520880982720143,-63.85626396039569,-20.29085039609078,-58.013274106459825,-18.077767519628953,3.814089679852968,-4.259043086002489,1.7097520752933364,1.7280291726487136
233.3000000000531,702.3500000000531,334.4019705115657,-62.74811520728934,-25.439571788471046,-62.378900257883686,-20.233492919646736,-60.75815138289741,-20.668902877554785,-0.40152321343870057,-7.198836813624373,1.440414942125893,1.4572904836780316
233.400000000053,702.450000000053,334.5019705115656,-63.85943631430465,-25.31174262364676,-59.12529739189391,-19.317219610340267,-60.79830370424124,-21.388786558916568,-0.40152321343870057,-7.198836813624373,1.6750787850654485,1.6927362446615628
233.50000000005315,702.5500000000532,334.60197051156575,-64.97075742048713,-25.18391345920102,-60.15475517641434,-21.22592290567412,-60.695289002052576,-21.814955266631202,-0.3526752343463391,-6.917862249797155,1.407399564606637,1.4237445967945705
233.60000000005306,702.6500000000531,334.70197051156566,-64.51202349025986,-25.76810444939427,-62.852285013711025,-24.23483581941935,-60.73055652548718,-22.50674149161029,-0.3526752343463391,-6.917862249797155,1.6374092858116704,1.6544848052431955
233.7000000000532,702.7500000000532,334.8019705115658,-64.05328956003156,-26.352295439588847,-62.40371550057617,-23.61668726527612,-61.897018367556804,-24.126229934105094,-1.8938448882661698,-8.173158041552012,1.5301121632921235,1.5485188186058203
233.8000000000531,702.8500000000531,334.9019705115657,-63.5945556298043,-26.936486429782093,-60.72987256034394,-21.5859507601383,-62.46982909725755,-25.38658080921574,-2.4349236492182826,-8.793832656995766,1.5987523377701698,1.6152723317133602
233.90000000005324,702.9500000000533,335.00197051156584,-63.13582169957599,-27.52067741997667,-59.223867102454065,-21.748613852313877,-61.84365358288201,-24.522511237197378,-1.2596915766227685,-6.453533366479588,1.5039022236336832,1.5218398818322587
234.00000000005315,703.0500000000532,335.10197051156575,-62.67708776886079,-28.104868409891967,-57.78322728763309,-22.76551387162891,-62.11991036272886,-25.793690801412694,-1.4816872242977703,-7.3711265183999,1.548904576257225,1.5649923058108635
234.10000000005329,703.1500000000533,335.2019705115659,-61.30125337606419,-28.16664092529153,-57.699287470639824,-23.46631347233765,-60.5211966561595,-25.465240796414616,0.848451599104276,-5.959195890884918,1.471134430113702,1.4885722530571805
234.2000000000532,703.2500000000532,335.3019705115658,-59.92541898327072,-28.228413440690954,-58.14372526373275,-24.044005249650805,-60.43635149624915,-26.061160385502564,0.848451599104276,-5.959195890884918,1.709752075293969,1.7280291726493484
234.30000000005333,703.3500000000533,335.40197051156593,-60.19644753473791,-29.270392737563853,-57.20591017582163,-23.729226585844565,-59.40487143639214,-26.282343172520438,2.123325891366857,-5.4804603538087955,1.4404149421264094,1.4572904836785503
234.40000000005324,703.4500000000533,335.50197051156584,-62.114339026952166,-31.29257881381493,-55.72976570413914,-23.06686820691828,-59.19253884725565,-26.83038920790082,2.123325891366857,-5.4804603538087955,1.6750787850660518,1.692736244662168
234.50000000005338,703.5500000000534,335.601970511566,-64.03223051579545,-33.314764887791945,-56.014963520862445,-22.995023874614553,-58.59023611162873,-27.069644874944064,2.4657398550682945,-5.275382152803229,1.4073995646071407,1.4237445967950766
234.60000000005329,703.6500000000533,335.7019705115659,-59.63317445373022,-31.072405302266223,-56.98613010767109,-23.153159936778824,-58.34366212612212,-27.597183090223908,2.4657398550682945,-5.275382152803229,1.6374092858122646,1.6544848052437917
234.70000000005342,703.7500000000534,335.801970511566,-55.23411839165498,-28.830045716735402,-58.533401788593046,-21.27929125778372,-57.696269727960804,-26.350312825207915,3.0118256726315744,-2.8743881095435273,1.5301121632926689,1.5485188186063683
234.80000000005333,703.8500000000533,335.90197051156593,-56.88190451503998,-27.50991490192105,-60.30504218276403,-18.61404216268919,-56.451053631214506,-26.89288941361061,4.344015382092415,-3.2318260468184805,1.5987523377707389,1.6152723317139313
234.90000000005347,703.9500000000535,336.00197051156607,-64.57653281096871,-27.112012855846068,-59.824169609735,-19.371085844621607,-57.724513586400114,-23.77303442761698,2.036084216220703,1.3898868302668639,1.5039022236342294,1.5218398818328072
235.00000000005338,704.0500000000534,336.101970511566,-72.27116109939719,-26.71411080965117,-58.46603793728071,-21.460968681427328,-60.654319256343555,-24.290355919140353,-2.592402684956412,0.4275977871200811,1.5489045762578024,1.5649923058114423
235.1000000000535,704.1500000000535,336.2019705115661,-65.96171051467138,-26.09009463774076,-59.68278696206505,-23.396568988565914,-59.94856864150084,-23.441451192090916,-1.305216618986256,1.495785317405934,1.471134430114251,1.4885722530577319
235.20000000005342,704.2500000000534,336.301970511566,-59.65225992995992,-25.466078465831767,-61.9023437639712,-25.272082736817914,-60.07909030339935,-23.29187266035046,-1.305216618986256,1.495785317405934,1.7097520752946018,1.7280291726499837
235.30000000005356,704.3500000000536,336.40197051156616,-55.05273423876723,-24.715603155139053,-60.707813066101735,-27.110928245345058,-60.43304183957343,-24.354646754184245,-1.568344973669605,-0.13019795537060472,1.4404149421269263,1.4572904836790692
235.40000000005347,704.4500000000535,336.50197051156607,-52.16313343745182,-23.838668705936893,-58.18363882388679,-28.93549301611845,-60.58987633694024,-24.367666549721292,-1.568344973669605,-0.13019795537060472,1.6750787850666549,1.6927362446627734
235.5000000000536,704.5500000000536,336.6019705115662,-49.273532637939766,-22.96173425928849,-56.734563308453076,-28.286206684039676,-57.67880016621392,-25.807586335139547,2.853844349819762,-1.9469497681409929,1.4073995646076445,1.4237445967955822
235.6000000000535,704.6500000000535,336.7019705115661,-49.75688304327021,-26.84765230387884,-55.704193547253354,-26.67345935431846,-57.3934157312322,-26.002281311953467,2.853844349819762,-1.9469497681409929,1.6374092858128588,1.6544848052443875
235.70000000005365,704.7500000000537,336.80197051156625,-50.24023344860175,-30.73357034847802,-55.923799408738994,-27.526471288270358,-56.359394890563486,-26.261186217998286,3.873806783555271,-2.0338337406378915,1.5301121632932144,1.548518818606916
235.80000000005356,704.8500000000536,336.90197051156616,-52.082117438915176,-31.56907181623714,-56.630218223143885,-29.33979278870506,-54.78256860442255,-27.790554382539298,5.552314113186067,-3.8914859985891574,1.5987523377713082,1.615272331714502
235.9000000000537,704.9500000000537,337.0019705115663,-55.282535011302905,-29.35415671370744,-56.62208183222312,-27.8477053594584,-55.06794757227324,-28.915568115442767,4.416349106688818,-4.87926416586709,1.5039022236347759,1.5218398818333558
236.0000000000536,705.0500000000536,337.1019705115662,-58.482952580321154,-27.1392416121425,-56.33565623052511,-25.06830011980612,-55.445583182923684,-28.921020234493312,3.2061729966586094,-4.17185515695321,1.54890457625838,1.5649923058120208
236.10000000005374,705.1500000000538,337.20197051156634,-55.41764104214393,-26.712851867499797,-57.95315369189771,-23.937003696636317,-55.45361263288519,-27.62279282461,2.7677962989600897,-1.8988362660283786,1.4711344301148,1.488572253058283
236.20000000005365,705.2500000000537,337.30197051156625,-52.35232950397368,-26.286462122858065,-60.31214914061746,-23.447576366850534,-55.17683300298943,-27.812676451212663,2.7677962989600897,-1.8988362660283786,1.7097520752952347,1.7280291726506187
236.30000000005379,705.3500000000538,337.4019705115664,-52.30462661658714,-25.554151110832816,-59.85939233103096,-26.122614240189606,-56.23878212030434,-26.113293874026894,1.0212883997208557,0.6237064174296856,1.4404149421274428,1.4572904836795884
236.4000000000537,705.4500000000537,337.5019705115663,-55.2745323734938,-24.5159188320854,-58.31157622997493,-30.030078268058425,-56.136653280332354,-26.05092323228398,1.0212883997208557,0.6237064174296856,1.6750787850672582,1.692736244663379
236.50000000005383,705.5500000000538,337.60197051156644,-58.24443812879774,-23.477686554005412,-58.764279545701264,-33.367014303403245,-57.013739276811215,-27.228269012590314,-0.3411820090576953,-0.9120193286151104,1.4073995646081479,1.4237445967960878
236.60000000005374,705.6500000000538,337.70197051156634,-58.227629533477916,-23.682394070543147,-59.996101067391116,-36.481753672082306,-57.04785747771695,-27.31947094545174,-0.3411820090576953,-0.9120193286151104,1.6374092858134528,1.6544848052449832
236.70000000005388,705.7500000000539,337.8019705115665,-58.21082093815806,-23.887101587081347,-59.752139320292414,-33.4706114095224,-58.37725407035148,-31.31637027305597,-2.1059042303621434,-6.196910763520793,1.53011216329376,1.548518818607464
236.80000000005379,705.8500000000538,337.9019705115664,-58.753756125351806,-25.92951649668494,-58.93342203564467,-28.073695799087652,-58.52922125188502,-30.33219894361939,-2.0231770002101066,-3.9499629546534916,1.5987523377718773,1.6152723317150728
236.90000000005392,705.9500000000539,338.0019705115665,-59.85643509385511,-29.809638795402034,-57.505731648486744,-27.99406522943417,-58.776603723181864,-29.26109497652192,-2.084075609676911,-1.9819639758058762,1.503902223635322,1.5218398818339045
237.00000000005383,706.0500000000538,338.10197051156644,-60.959114062492645,-33.689761090480175,-55.84087184066836,-29.985293631112174,-59.404372242221946,-30.360733473598476,-2.703529867742606,-3.303668086169335,1.5489045762589575,1.5649923058125996
237.10000000005397,706.150000000054,338.20197051156657,-62.31553939493734,-30.833391061545637,-53.75351425525088,-28.030025823198503,-58.174819094552944,-30.723644617456518,-0.7028288146524799,-3.3467911661528973,1.4711344301153488,1.4885722530588343
237.20000000005388,706.2500000000539,338.3019705115665,-63.67196472737894,-27.977021032617593,-51.50161154833609,-24.53776366229808,-58.24510197601813,-31.058323734071504,-0.7028288146524799,-3.3467911661528973,1.7097520752958675,1.7280291726512538
237.300000000054,706.350000000054,338.4019705115666,-62.761474464076954,-26.5093317746198,-53.14825313762574,-25.876278691932086,-56.75913668336921,-27.96717049900708,1.3162216788292227,1.2402624384470724,1.4404149421279595,1.4572904836801073
237.40000000005392,706.4500000000539,338.5019705115665,-59.58406860993217,-26.43032328455931,-56.31321382565374,-29.09617833922649,-56.62751451548641,-27.843144255162485,1.3162216788292227,1.2402624384470724,1.6750787850678612,1.692736244663984
237.50000000005406,706.5500000000541,338.60197051156666,-56.4066627562899,-26.351314794373167,-56.24329985536462,-32.84422451091373,-56.68407239577746,-28.201650687125674,1.0717325458038025,0.6555616287881584,1.4073995646086515,1.4237445967965936
237.60000000005397,706.650000000054,338.70197051156657,-54.17122352761337,-26.04043535465497,-54.913538207948534,-36.79796154922854,-56.57689914119718,-28.136094524246918,1.0717325458038025,0.6555616287881584,1.6374092858140465,1.6544848052455794
237.7000000000541,706.7500000000541,338.8019705115667,-51.93578429893176,-25.729555914936064,-54.60761680963937,-35.66032999433976,-55.678488086902846,-31.889882911373288,2.149736267943395,-4.512483731418325,1.5301121632943053,1.5485188186080125
237.800000000054,706.850000000054,338.9019705115666,-52.00365857936653,-27.809254333162794,-54.70043814353264,-32.539824426375276,-54.468869394143844,-30.967316956149368,3.55334734748667,-2.587824182213838,1.5987523377724464,1.6152723317156439
237.90000000005415,706.9500000000542,339.00197051156675,-54.37484636393224,-32.27953060416997,-54.24563102123726,-30.078451966052423,-54.2499337438434,-31.462261223765566,3.36902344346242,-2.904832704972268,1.5039022236358681,1.5218398818344532
238.00000000005406,707.0500000000541,339.10197051156666,-56.74603414846397,-36.74980687144416,-53.577545638939576,-27.8737841395452,-54.51484948102416,-32.81753462447595,2.4800547256877055,-4.466039456425131,1.5489045762595348,1.5649923058131783
238.1000000000542,707.1500000000542,339.2019705115668,-59.06437424950653,-34.34059705947363,-52.999390929173416,-28.39634404109859,-53.881431725467436,-31.209819467444195,2.9941500698827204,-1.7439507635298064,1.4711344301158975,1.4885722530593852
238.2000000000541,707.2500000000541,339.3019705115667,-61.38271435054382,-31.93138724750858,-52.45626043544768,-29.98104448319359,-53.58201671847944,-31.384214543797018,2.9941500698827204,-1.7439507635298064,1.7097520752964999,1.7280291726518886
238.30000000005424,707.3500000000543,339.40197051156684,-60.77378895452062,-30.80379522316855,-52.97539691545944,-29.334288212327632,-54.41194581325387,-31.08272058097239,1.398720660589016,-1.105847725705531,1.4404149421284758,1.457290483680626
238.40000000005415,707.4500000000542,339.50197051156675,-57.23759806778936,-30.95782098367865,-53.90824172135474,-27.818473367839573,-54.2720737471951,-31.19330535354284,1.398720660589016,-1.105847725705531,1.6750787850684639,1.6927362446645893
238.50000000005429,707.5500000000543,339.6019705115669,-53.701407183149556,-31.11184674377854,-55.791177992988025,-28.86818633322232,-54.035531868887645,-30.004234026206063,1.5404015380860712,0.5984922938587316,1.407399564609155,1.423744596797099
238.6000000000542,707.6500000000542,339.7019705115668,-54.02869373385574,-30.51036357011185,-58.044134946275264,-30.917064519277087,-53.88149171507918,-29.944384796820245,1.5404015380860712,0.5984922938587316,1.6374092858146407,1.654484805246175
238.70000000005433,707.7500000000543,339.80197051156694,-54.35598028456266,-29.908880396443788,-55.13309881935754,-31.57952513421038,-55.63541572321968,-30.494691329257286,-1.0590603038956792,-0.22712388520194016,1.5301121632948504,1.54851881860856
238.80000000005424,707.8500000000543,339.90197051156684,-51.76653224062536,-27.961472506109587,-50.21090449502188,-31.702034393686375,-55.49673893542823,-30.328826108724776,-0.7139129088985038,0.0370658881433073,1.5987523377730155,1.6152723317162143
238.90000000005438,707.9500000000544,340.001970511567,-46.260349608372124,-24.668139902026013,-49.71620978108842,-31.06179901981783,-53.01511544210341,-30.857102188942157,2.736122360472595,-0.677033533398349,1.5039022236364146,1.5218398818350016
239.00000000005429,708.0500000000543,340.1019705115669,-40.754166981892865,-21.37480730179846,-50.94584002213637,-30.12450667897543,-50.19501937469008,-28.88986118864713,6.497631919408768,2.3066237842066517,1.5489045762601121,1.5649923058137571
239.10000000005442,708.1500000000544,340.201970511567,-45.85012785621782,-25.163489898067265,-53.07589436103328,-30.110759853821463,-50.011968302295905,-29.033650960290128,5.875092009993215,1.810453562943524,1.4711344301164464,1.4885722530599366
239.20000000005433,708.2500000000543,340.30197051156694,-50.94608873053118,-28.95217249432746,-55.556626029930214,-30.45669517883992,-49.42445910129712,-28.85260560399594,5.875092009993215,1.810453562943524,1.7097520752971327,1.7280291726525236
239.30000000005447,708.3500000000545,340.4019705115671,-53.537676511899015,-31.930098457548873,-58.23380081362219,-30.441949656972305,-52.02441104100555,-29.633764618262948,1.5778752543386811,0.5147415745319961,1.4404149421289925,1.457290483681145
239.40000000005438,708.4500000000544,340.501970511567,-53.624891205764655,-34.09726778948398,-60.98748193155299,-30.286734109177637,-51.866623515571824,-29.582290460809794,1.5778752543386811,0.5147415745319961,1.6750787850690672,1.6927362446651946
239.5000000000545,708.5500000000545,340.6019705115671,-53.712105900697196,-36.2644371195086,-58.59322578023836,-29.55393301127395,-55.38214264162911,-30.941489945089135,-3.320975718782403,-1.5531962743486467,1.4073995646096586,1.423744596797605
239.60000000005442,708.6500000000544,340.701970511567,-55.754068023924894,-34.92155448194838,-54.19406449486867,-28.59618662476309,-55.71424021350705,-31.09680957252386,-3.320975718782403,-1.5531962743486467,1.6374092858152347,1.654484805246771
239.70000000005456,708.7500000000546,340.80197051156716,-57.79603014715724,-33.5786718443851,-51.907865335319876,-31.208365110438656,-54.92367239678563,-30.15468061569464,-1.7914261092147588,-0.06821266270754744,1.530112163295396,1.5485188186091083
239.80000000005447,708.8500000000545,340.9019705115671,-58.30186291955059,-32.63108001415094,-50.44457608951143,-35.21087924514809,-55.89882785398184,-30.738872503357637,-2.9147337982804715,-0.8770860722710733,1.5987523377735846,1.6152723317167854
239.9000000000546,708.9500000000546,341.0019705115672,-57.27156634446028,-32.078778990378744,-50.71419271316769,-34.850520555414114,-53.919646326018686,-32.929949146422125,0.15373237938767526,-3.70051244519057,1.503902223636961,1.5218398818355505
240.0000000000545,709.0500000000545,341.1019705115671,-56.241269769372316,-31.52647796660781,-51.658703317230234,-32.79100632677812,-54.4007240219276,-32.92209252637651,-0.5795944574877974,-3.146419865964209,1.5489045762606901,1.564992305814336
240.10000000005465,709.1500000000547,341.20197051156725,-55.21097319428201,-30.974176942835616,-53.48943255744464,-35.02832183654758,-53.54779293151331,-32.94899052168346,0.6354280116523958,-2.7651428461874055,1.4711344301169955,1.488572253060488
240.20000000005456,709.2500000000546,341.30197051156716,-54.180676619194045,-30.42187591906468,-55.665306697558634,-38.939071879815145,-53.48425013034812,-33.22550480630195,0.6354280116523958,-2.7651428461874055,1.7097520752977657,1.7280291726531587
240.3000000000547,709.3500000000547,341.4019705115673,-53.782663537538205,-31.12832748835272,-53.56814470508704,-38.87824657044862,-54.43961188118926,-35.28069434381136,-0.7268329211926043,-5.0928206841734385,1.4404149421295092,1.4572904836816643
240.4000000000546,709.4500000000546,341.5019705115672,-54.016933947933275,-33.093531647943216,-49.806814788245006,-37.27065963632134,-54.51229517330845,-35.78997641222824,-0.7268329211926043,-5.0928206841734385,1.6750787850696705,1.6927362446657999
240.50000000005474,709.5500000000548,341.60197051156734,-54.25120435679788,-35.05873580693966,-48.29965100327152,-35.63413378458894,-52.594116302839225,-36.37368985762536,1.9028750466755686,-5.14861388836101,1.4073995646101622,1.4237445967981102
240.60000000005465,709.6500000000547,341.70197051156725,-51.691537196045886,-35.931701751377304,-47.67039015580789,-33.986337441119964,-52.403828798171844,-36.88855124646099,1.9028750466755686,-5.14861388836101,1.6374092858158287,1.6544848052473666
240.70000000005479,709.7500000000548,341.8019705115674,-49.131870035288074,-36.80466769581694,-48.37754363390303,-33.82132301451621,-50.29801659946122,-36.03447617852355,4.512637561526748,-3.296273621276962,1.5301121632959414,1.5485188186096563
240.8000000000547,709.8500000000547,341.9019705115673,-48.056896261992485,-36.251175325053026,-49.60517430555548,-34.233789804621864,-49.382101483876966,-36.58291377959634,5.168338593522903,-3.602818113610729,1.598752337774154,1.6152723317173563
240.90000000005483,709.9500000000548,342.00197051156744,-48.466615872899965,-34.27122464220968,-48.977332080842466,-35.14750333079492,-49.13717530423318,-36.061522845388815,4.8008941545759,-2.419317157187458,1.5039022236375075,1.5218398818360992
241.00000000005474,710.0500000000548,342.10197051156734,-48.876335484210465,-32.29127396160826,-47.626861171782664,-36.25643138697952,-48.70366133614491,-35.44852620913586,4.732095763503566,-1.1658120041692066,1.5489045762612674,1.5649923058149149
241.10000000005488,710.1500000000549,342.2019705115675,-50.02323539353159,-34.394424687708174,-48.15096862173811,-36.06691205888912,-47.74726924720947,-35.95743151056933,5.37660526950684,-1.685663568580876,1.4711344301175442,1.488572253061039
241.20000000005479,710.2500000000548,342.3019705115674,-51.170135302850106,-36.497575413803304,-49.40514553049859,-35.37170206464622,-47.209608720259276,-36.125997867427266,5.37660526950684,-1.685663568580876,1.7097520752983981,1.7280291726537937
241.30000000005492,710.3500000000549,342.4019705115675,-50.42645671517733,-39.95436136366518,-50.30802922999256,-36.47238404382583,-48.431525670940616,-36.17873647216352,2.9813366100108523,-1.5448648204768287,1.4404149421300256,1.4572904836821832
241.40000000005483,710.4500000000548,342.50197051156744,-47.79219963466917,-44.76478253430492,-51.074098993732456,-38.2724904427936,-48.133392009939804,-36.33322295421107,2.9813366100108523,-1.5448648204768287,1.6750787850702733,1.6927362446664052
241.50000000005497,710.550000000055,342.6019705115676,-45.15794255622258,-49.57520370068393,-52.417926330645976,-39.22874278714859,-48.44849475582098,-39.588972499286726,2.2651382958893596,-6.033746195176361,1.4073995646106656,1.4237445967986162
241.60000000005488,710.6500000000549,342.7019705115675,-46.28122722212512,-46.622385965186616,-53.98676595191104,-39.85634945499593,-48.22198092623225,-40.192347118803816,2.2651382958893596,-6.033746195176361,1.6374092858164229,1.6544848052479628
241.700000000055,710.750000000055,342.8019705115676,-47.404511888030214,-43.66956822968258,-51.88232134749267,-40.52803295391623,-50.4677377395224,-40.667269445651336,-1.1031499179964301,-5.859934362686891,1.5301121632964867,1.5485188186102041
241.80000000005492,710.8500000000549,342.9019705115675,-47.26455599112078,-42.85022485360749,-48.34728697137273,-41.216882525435445,-50.04300460085903,-41.512193492992196,-0.3481072302037663,-6.2226859098882175,1.5987523377747228,1.615272331717927
241.90000000005506,710.9500000000551,343.00197051156766,-45.86135953417654,-44.16435583226189,-46.81580820014494,-42.69398540663375,-49.04816140187581,-42.029979788775464,1.043323155597526,-6.0824355767260725,1.5039022236380535,1.5218398818366476
242.00000000005497,711.050000000055,343.1019705115676,-44.458163079792406,-45.47848680945367,-46.064630102460534,-44.478079811775984,-47.99093381860675,-43.243435824219674,2.450881536295554,-6.969804626785936,1.5489045762618443,1.5649923058154933
242.1000000000551,711.1500000000551,343.2019705115677,-47.70182668585371,-44.139940295810284,-46.557883190825024,-44.03220744956618,-46.990342626846434,-44.49649004256781,3.4586350811927513,-7.706633720546992,1.471134430118093,1.4885722530615901
242.200000000055,711.250000000055,343.3019705115676,-50.94549029190764,-42.80139378216994,-47.53578990710454,-42.71785678494395,-46.644479118727475,-45.2671534146218,3.4586350811927513,-7.706633720546992,1.7097520752990312,1.7280291726544286
242.30000000005515,711.3500000000552,343.40197051156775,-51.39450408359854,-41.51586069822699,-47.39798619712684,-41.94475667140133,-47.77556099510946,-44.35218752729953,1.4282118055996265,-5.438004746336787,1.440414942130542,1.4572904836827019
242.40000000005506,711.4500000000551,343.50197051156766,-49.04886806708803,-40.28334104387035,-46.82566018342523,-41.38245089195746,-47.63273981454962,-44.895988001932714,1.4282118055996265,-5.438004746336787,1.6750787850708764,1.6927362446670104
242.5000000000552,711.5500000000552,343.6019705115678,-46.70323205211906,-39.05082139061193,-45.60209844895784,-43.12529726024437,-47.041885955984185,-43.04962692239274,2.044026172411324,-2.1019391753403376,1.4073995646111692,1.4237445967991216
242.6000000000551,711.6500000000551,343.7019705115677,-47.157264536840565,-39.811037607632564,-44.12490778086212,-45.76590347560762,-46.83748333874324,-43.25982083992658,2.044026172411324,-2.1019391753403376,1.6374092858170168,1.6544848052485586
242.70000000005524,711.7500000000553,343.80197051156784,-47.61129702156311,-40.57125382465492,-42.938469419318906,-46.247028798523196,-45.42245500128,-44.71366905277634,3.693415310527529,-3.7847571893858314,1.5301121632970323,1.5485188186107524
242.80000000005515,711.8500000000552,343.90197051156775,-47.9815015621873,-40.59692664233714,-41.865266857215175,-45.8871271038981,-45.597325099928,-44.26224648361465,2.9254413877677043,-2.622102504485073,1.5987523377752921,1.6152723317184978
242.9000000000553,711.9500000000553,344.0019705115679,-48.26787815890009,-39.88805606230273,-42.20687639194821,-45.8364905297894,-43.796050099974245,-45.07227134533637,4.964275912043268,-3.357453710067915,1.5039022236385997,1.5218398818371963
243.0000000000552,712.0500000000552,344.1019705115678,-48.55425475653438,-39.17918548507456,-43.0994957560975,-45.90629971782939,-44.41587017228795,-44.080757315189146,3.315423402265055,-1.4114116880659515,1.548904576262422,1.564992305816072
243.10000000005533,712.1500000000553,344.20197051156794,-50.50963660199969,-43.54639824276092,-42.68924278189249,-45.73681615354311,-43.72879798999001,-44.87413083597509,3.789659031482797,-2.2756563461374304,1.471134430118642,1.4885722530621412
243.20000000005524,712.2500000000553,344.30197051156784,-52.46501844746055,-47.91361100043735,-41.77157580796952,-45.47413812270273,-43.34983208684207,-45.10169647058862,3.789659031482797,-2.2756563461374304,1.7097520752996638,1.7280291726550638
243.30000000005538,712.3500000000554,344.401970511568,-50.767085925508106,-49.37420885491502,-42.52231605507498,-46.510645023691204,-44.11214117084878,-46.24491083895282,2.1670002295597692,-3.5363414396418156,1.4404149421310588,1.457290483683221
243.4000000000553,712.4500000000553,344.5019705115679,-45.415839044240776,-47.928191812624334,-43.92283077068009,-48.05312983458054,-43.895441147893,-46.59854498291668,2.1670002295597692,-3.5363414396418156,1.6750787850714794,1.6927362446676157
243.50000000005542,712.5500000000554,344.601970511568,-40.06459216591869,-46.482174773777515,-43.69082491340408,-49.48669865111483,-43.20555256179666,-47.46004265212416,2.911316727898008,-4.184131770999382,1.407399564611673,1.4237445967996276
243.60000000005533,712.6500000000553,344.70197051156794,-40.04402855657531,-51.24958133952986,-42.82302092831586,-50.8778492669492,-42.914420889007125,-47.87845582922372,2.911316727898008,-4.184131770999382,1.6374092858176108,1.6544848052491548
243.70000000005547,712.7500000000555,344.8019705115681,-40.02346494723188,-56.01698790529305,-40.76140334943092,-51.0373545067312,-42.52348421902641,-49.57358477138295,3.047293748331328,-5.911686040983275,1.5301121632975776,1.5485188186113004
243.80000000005538,712.8500000000554,344.901970511568,-40.56053929218252,-57.96872433836639,-38.234845566733775,-50.71718565404991,-41.725310475211295,-51.95653244748738,3.7436265479805253,-8.42189766841615,1.5987523377758612,1.6152723317190687
243.9000000000555,712.9500000000555,345.0019705115681,-41.65525159019217,-57.10479064500721,-36.499114819394926,-50.68159291371166,-39.7876697185316,-52.2076097852109,5.856173886392426,-7.628426248627318,1.5039022236391462,1.5218398818377452
244.00000000005542,713.0500000000554,345.101970511568,-42.74996388629828,-56.24085695170623,-35.07137795394929,-50.75683060482599,-39.955739324638124,-53.667320732855785,4.742873734922029,-8.650182085322353,1.5489045762629992,1.5649923058166508
244.10000000005556,713.1500000000556,345.20197051156816,-40.41805776534814,-55.47827577799251,-35.92045080058616,-52.71001620604896,-37.599557276707046,-53.40099213246937,7.253103255613935,-7.151083745492965,1.4711344301191907,1.4885722530626926
244.20000000005547,713.2500000000555,345.3019705115681,-38.086151644403294,-54.71569460428052,-37.65624530719028,-55.39458356453412,-36.87424695114631,-54.11610050701802,7.253103255613935,-7.151083745492965,1.7097520753002964,1.7280291726556989
244.3000000000556,713.3500000000556,345.4019705115682,-36.95610997951307,-54.06554614144196,-37.49986023049843,-55.28068829574548,-36.73329451253567,-55.44058410718938,6.4690648547331895,-7.957742597812414,1.440414942131575,1.45729048368374
244.4000000000555,713.4500000000555,345.5019705115681,-37.02793276801001,-53.52783038922977,-36.606550758170144,-54.07690948814211,-36.08638802706294,-56.236358366969895,6.4690648547331895,-7.957742597812414,1.6750787850720823,1.692736244668221
244.50000000005565,713.5500000000557,345.60197051156825,-37.099755555563156,-52.990114639131946,-35.51647248146016,-53.551823326225275,-35.881479841082516,-55.42055326507178,5.83170677007776,-5.7172622044621555,1.4073995646121762,1.4237445968001332
244.60000000005556,713.6500000000556,345.70197051156816,-35.47705833701651,-56.25013442652722,-34.34976102810969,-53.29105941583403,-35.29830916407527,-55.99227948551748,5.83170677007776,-5.7172622044621555,1.6374092858182048,1.6544848052497505
244.7000000000557,713.7500000000557,345.8019705115683,-33.85436111846617,-59.51015421392991,-34.455651099591094,-54.71091347501583,-34.27649218017868,-55.41897238222767,6.4293303311589165,-4.1678905574348795,1.530112163298123,1.5485188186118484
244.8000000000556,713.8500000000556,345.9019705115682,-32.33017150191455,-59.99267873355417,-35.057165961578136,-56.78529757587311,-33.44270253308473,-56.993551866660326,6.6986610373079944,-5.78990916543846,1.59875233777643,1.6152723317196398
244.90000000005574,713.9500000000558,346.00197051156835,-30.904489487135205,-57.6977079915912,-34.30328357174114,-55.25220887013204,-33.525440894237654,-57.65219246779805,5.681623469100893,-5.896825794503366,1.5039022236396924,1.5218398818382937
245.00000000005565,714.0500000000557,346.10197051156825,-29.478807473715847,-55.40273725215812,-33.02153093668228,-52.31416117359354,-32.218342875441465,-57.636902430449254,6.7731338721909236,-5.009808431185603,1.548904576263577,1.5649923058172297
245.1000000000558,714.1500000000558,346.2019705115684,-30.48864599561418,-57.63986087323482,-30.29799882803115,-53.36605622088984,-31.772546004429365,-55.86689555257823,6.464317655530864,-2.0006215969918353,1.4711344301197398,1.4885722530632437
245.2000000000557,714.2500000000557,346.3019705115683,-31.498484517510224,-59.87698449430642,-27.0129542305164,-55.971866219521566,-31.126114238876866,-56.06695771227723,6.464317655530864,-2.0006215969918353,1.7097520753009294,1.728029172656334
245.30000000005583,714.3500000000558,346.40197051156844,-30.512764361228427,-60.59614319790694,-26.884984813239658,-57.057066780101025,-28.98569931058127,-57.29263774533486,8.447172362828528,-3.406610279332921,1.4404149421320918,1.4572904836842588
245.40000000005574,714.4500000000558,346.50197051156835,-27.53148553122898,-59.797336987422426,-27.98656344715752,-57.55005389486241,-28.14098207429919,-57.63329877326784,8.447172362828528,-3.406610279332921,1.6750787850726856,1.692736244668826
245.50000000005588,714.5500000000559,346.6019705115685,-24.550206703804704,-58.99853077588947,-27.96500929709279,-57.97828456788751,-26.945387243332252,-58.14124994299704,9.001326809091093,-3.6593967745044167,1.4073995646126802,1.423744596800639
245.6000000000558,714.6500000000558,346.7019705115684,-26.185002009591937,-56.328536453970855,-27.506042147040564,-58.38129532938135,-26.045254562423963,-58.50718962044715,9.001326809091093,-3.6593967745044167,1.6374092858187992,1.6544848052503465
245.70000000005592,714.7500000000559,346.8019705115685,-27.81979731538289,-53.65854213204617,-26.692390296086106,-56.63079012733467,-25.770068605855105,-58.828061151392205,8.149882533778449,-3.598414000525069,1.5301121632986685,1.5485188186123964
245.80000000005583,714.8500000000558,346.90197051156844,-27.98861142151475,-54.34459296366222,-25.74060366598442,-54.04158099681128,-25.64035882208647,-57.7840458949795,7.182839630308474,-1.6316663376233698,1.5987523377769997,1.6152723317202105
245.90000000005597,714.950000000056,347.0019705115686,-26.691444331268222,-58.38668894131346,-26.757357156087426,-55.15532644011798,-24.93536221510777,-56.24242568804661,7.164883664168619,0.6567301979372746,1.5039022236402388,1.5218398818388421
246.00000000005588,715.0500000000559,347.1019705115685,-25.39427724147616,-62.428784916797035,-28.540774260545355,-57.71121700824665,-24.468566163818497,-57.50895581631683,6.7960535076317345,-1.2965603990029049,1.5489045762641542,1.5649923058178081
246.100000000056,715.150000000056,347.2019705115686,-24.904347036123255,-62.61191566572364,-27.654602057638936,-57.54801060876922,-25.528742754469185,-57.95734003688727,4.475385912242645,-1.7188932174913176,1.4711344301202887,1.4885722530637948
246.20000000005592,715.2500000000559,347.3019705115685,-24.41441683077146,-62.79504641464984,-25.728737055882327,-56.325830258203865,-25.081204163245328,-58.129229358636245,4.475385912242645,-1.7188932174913176,1.709752075301562,1.7280291726569688
246.30000000005606,715.3500000000561,347.40197051156866,-25.07848823683661,-63.16249047421525,-24.311739549590296,-55.87213195992826,-24.59840164071255,-58.340570512393974,4.5290922528462385,-1.8157961881739693,1.4404149421326082,1.4572904836847775
246.40000000005597,715.450000000056,347.5019705115686,-26.896561251728514,-63.71424784400498,-23.092924538694035,-55.717725112068244,-24.145492415428336,-58.522150131211205,4.5290922528462385,-1.8157961881739693,1.6750787850732884,1.6927362446694314
246.5000000000561,715.5500000000561,347.6019705115687,-28.714634263894137,-64.26600521336391,-23.683331628972436,-56.81475652991157,-24.149752756879405,-58.72687643442766,3.7583329889496033,-2.031876589187747,1.4073995646131836,1.4237445968011444
246.600000000056,715.650000000056,347.7019705115686,-25.670965969340145,-64.04845527890504,-24.978354663325966,-58.39917053857327,-23.773919457984785,-58.930064093346246,3.7583329889496033,-2.031876589187747,1.6374092858193932,1.6544848052509422
246.70000000005615,715.7500000000562,347.80197051156875,-22.627297674779232,-63.83090534444566,-25.003973679211935,-60.015942338660835,-24.05787007697804,-59.0771649027805,2.8594255814078284,-1.9559841478401239,1.530112163299214,1.5485188186129442
246.80000000005606,715.8500000000561,347.90197051156866,-21.40446167491789,-62.849711610752635,-24.535213198900585,-61.64531613809925,-23.18399816680571,-60.22775320650647,3.689092545771588,-3.2938872190132136,1.5987523377775688,1.6152723317207816
246.9000000000562,715.9500000000562,348.0019705115688,-22.002457965660145,-61.10487407953697,-22.1497398700694,-61.97912216895697,-23.320393405264785,-61.23013055172151,3.006245609857201,-4.197263991579805,1.503902223640785,1.521839881839391
247.0000000000561,716.0500000000561,348.1019705115687,-22.60045425565949,-59.3600365493115,-19.01778747026622,-61.80835902293981,-22.930693356668964,-61.1619346520229,3.1378224508273522,-3.481867064483397,1.548904576264732,1.564992305818387
247.10000000005624,716.1500000000563,348.20197051156885,-21.878057265843907,-59.37126220786244,-18.428169428291476,-61.23379822498032,-20.898958224072643,-61.69108899522098,5.429372616714199,-3.721659391358385,1.4711344301208378,1.4885722530643462
247.20000000005615,716.2500000000562,348.30197051156875,-21.155660276029963,-59.38248786641335,-18.828683732439885,-60.50197521827939,-20.35602096240172,-62.06325493435648,5.429372616714199,-3.721659391358385,1.709752075302195,1.7280291726576038
247.3000000000563,716.3500000000563,348.4019705115689,-19.33757587437863,-59.811482798224155,-19.61073360130843,-61.43316229747941,-19.491792576209797,-61.29931487750115,5.851445552387979,-2.187950998265096,1.4404149421331252,1.4572904836852967
247.4000000000562,716.4500000000562,348.5019705115688,-16.423804063364557,-60.6582470023525,-20.541375531899483,-63.012021887926466,-18.90664802097153,-61.51810997732746,5.851445552387979,-2.187950998265096,1.6750787850738917,1.692736244670037
247.50000000005633,716.5500000000563,348.60197051156894,-13.51003225574435,-61.50501120652866,-18.089904155107615,-65.01783518043023,-18.166152234699055,-62.315613192078786,6.218137592403071,-2.9362510734104297,1.4073995646136872,1.4237445968016502
247.60000000005624,716.6500000000563,348.70197051156885,-16.626707450465876,-62.433137752284054,-14.321241837817698,-67.1899289896498,-17.544338475459313,-62.60923829941956,6.218137592403071,-2.9362510734104297,1.637409285819987,1.6544848052515382
247.70000000005638,716.7500000000564,348.801970511569,-19.743382645194487,-63.36126429804156,-13.521332635968697,-63.91599977682979,-15.303347817243788,-64.89564146533642,8.424147877202968,-5.632726153013893,1.5301121632997594,1.5485188186134922
247.8000000000563,716.8500000000563,348.9019705115689,-17.49323954359515,-63.81870142447193,-13.877627958589494,-58.521073561714694,-15.804355831939063,-65.1749792742907,6.528352890127828,-5.234944716977177,1.5987523377781379,1.6152723317213522
247.90000000005642,716.9500000000564,349.001970511569,-9.876278157762737,-63.80544913263892,-13.862864358031374,-59.94630459809624,-14.52376988033679,-62.55896336341531,7.376668356096954,-1.0206673003914748,1.5039022236413313,1.5218398818399395
248.00000000005633,717.0500000000563,349.10197051156894,-2.259316778281516,-63.79219684148318,-13.70358890716456,-64.02770014701656,-11.33745437871581,-62.90206274364252,10.993661815945744,-1.374071966828505,1.548904576265309,1.5649923058189656
248.10000000005647,717.1500000000565,349.2019705115691,-5.874875429134948,-64.97998763063501,-14.54171538693113,-64.94428790643776,-11.198700840733533,-63.845433814541735,9.712315814652191,-2.4420195636864563,1.4711344301213864,1.4885722530648973
248.20000000005638,717.2500000000564,349.301970511569,-9.49043407998016,-66.16777841978413,-15.768287985338684,-64.62831608849153,-10.227469259269197,-64.08963577091016,9.712315814652191,-2.4420195636864563,1.7097520753028275,1.7280291726582389
248.3000000000565,717.3500000000565,349.4019705115691,-11.014897766035942,-65.13237465660328,-15.813091503995318,-63.115265811763564,-11.674709199041075,-64.90167352912454,6.468728541401689,-3.219270574065152,1.4404149421336414,1.4572904836858158
248.40000000005642,717.4500000000564,349.501970511569,-10.448266492021434,-61.873776346121794,-15.397645650696523,-61.13600380359821,-11.027836344901495,-65.22360058653076,6.468728541401689,-3.219270574065152,1.6750787850744948,1.692736244670642
248.50000000005656,717.5500000000566,349.60197051156916,-9.881635220479344,-58.615178038082576,-13.576097590222219,-60.816199458857874,-11.77591645932707,-62.759515681161616,4.6508931308114025,0.6520381750614095,1.4073995646141908,1.4237445968021558
248.60000000005647,717.6500000000565,349.7019705115691,-13.68427526738167,-59.68338338924864,-11.206931836208962,-61.142684106158,-11.310827146246352,-62.694311863655535,4.6508931308114025,0.6520381750614095,1.637409285820581,1.654484805252134
248.7000000000566,717.7500000000566,349.8019705115692,-17.48691531429264,-60.75158874041714,-10.831730941920982,-62.37458649093522,-10.594252203291925,-62.0665185318443,4.993523936827523,1.413291340631499,1.5301121633003048,1.5485188186140402
248.8000000000565,717.8500000000565,349.9019705115691,-16.810708243570428,-60.574542060453254,-11.23309552909044,-63.959111018367466,-11.987462641775826,-61.776041991591946,2.322800227586379,1.6222409589558862,1.598752337778707,1.615272331721923
248.90000000005665,717.9500000000567,350.00197051156925,-11.655654065354941,-59.152243352176235,-11.53333967535631,-63.48136898172664,-11.534933750608515,-62.6232104094421,2.620435152673526,0.2672971757593854,1.5039022236418778,1.5218398818404881
249.00000000005656,718.0500000000566,350.10197051156916,-6.50059989015234,-57.729944647111495,-11.794201661252586,-62.20046082136903,-10.259107025040462,-61.55950353233969,4.117933463582421,1.7877242501791328,1.5489045762658866,1.5649923058195445
249.1000000000567,718.1500000000567,350.2019705115693,-6.646458711474459,-61.975724426382726,-9.114431560417126,-61.914584727058326,-10.476962145419572,-61.500674443193006,3.2780553395136907,1.628792564279925,1.4711344301219351,1.4885722530654484
249.2000000000566,718.2500000000566,350.3019705115692,-6.792317532796246,-66.2215042056443,-5.289408893544257,-62.01623178876654,-10.1491566114685,-61.33779518676516,3.2780553395136907,1.628792564279925,1.7097520753034603,1.7280291726588737
249.30000000005674,718.3500000000568,350.40197051156935,-5.489347664528645,-66.74089016632405,-4.841535870376138,-62.3023043740927,-7.248177593247048,-62.646671769527146,6.743233917284562,-0.390311834592048,1.4404149421341579,1.4572904836863345
249.40000000005665,718.4500000000567,350.50197051156925,-2.737549109965248,-63.53388231687548,-5.708920649371783,-62.66020294714359,-6.573854201519205,-62.68570295298632,6.743233917284562,-0.390311834592048,1.6750787850750977,1.692736244671247
249.5000000000568,718.5500000000568,350.6019705115694,0.014249442250436447,-60.32687446971305,-3.8017318573843326,-62.29068219213006,-4.717628552247885,-62.322965382949306,8.497276876426673,0.21468988281396506,1.4073995646146944,1.4237445968026614
249.6000000000567,718.6500000000567,350.7019705115693,-1.3750993505043758,-61.15450069558026,-0.8139633097201218,-61.63786219141765,-3.867900864605991,-62.30149639466793,8.497276876426673,0.21468988281396506,1.637409285821175,1.65448480525273
249.70000000005683,718.7500000000568,350.80197051156944,-2.764448143262347,-61.98212692144935,0.183085985024177,-60.3925294530448,-1.5772465782414484,-61.95203528370247,10.460434143820386,0.6585037743395542,1.53011216330085,1.5485188186145884
249.80000000005674,718.8500000000568,350.90197051156935,-3.4122490012804034,-61.65459910371427,0.4048338257148489,-58.916437914117864,-1.034475099988345,-61.986328103947976,9.750232997962584,0.518207114360612,1.598752337779276,1.6152723317224937
249.90000000005688,718.9500000000569,351.0019705115695,-3.318501926247576,-60.171917245000046,1.2254987825901849,-59.47458888823159,0.40955279001362,-60.624325156948615,10.384025793720163,2.2769117319948853,1.5039022236424242,1.5218398818410366
250.0000000000568,719.0500000000568,351.1019705115694,-3.2247548508206356,-58.689235388397215,2.279416776198923,-60.82499179637893,0.45532608138478453,-60.03281599701871,8.917774757961745,2.8103455806618953,1.5489045762664642,1.5649923058201232
250.10000000005692,719.1500000000569,351.2019705115695,-2.4373035238451255,-60.915028074215776,1.8974028273356485,-62.45641872803099,2.030050137131767,-60.20313340546395,9.828746391671512,2.2122787647739437,1.4711344301224845,1.4885722530659997
250.20000000005683,719.2500000000568,351.30197051156944,-1.6498521968714057,-63.14082076002927,0.956153757159069,-64.19729270185901,3.012924776298024,-59.98190552898676,9.828746391671512,2.2122787647739437,1.7097520753040933,1.7280291726595092
250.30000000005697,719.350000000057,351.4019705115696,-1.7683207218407329,-64.8439354964714,2.007940807220156,-64.65786912691492,2.278986954558207,-62.158028830297276,7.490975595417439,-1.008271810671891,1.4404149421346748,1.4572904836868534
250.40000000005688,719.4500000000569,351.5019705115695,-2.7927090966886254,-66.02437228472525,3.8359316337350338,-64.61982348373151,3.0280845140992696,-62.25885601136437,7.490975595417439,-1.008271810671891,1.675078785075701,1.6927362446718526
250.500000000057,719.550000000057,351.6019705115696,-3.8170974698705558,-67.2048090704956,5.151062358920583,-63.95038481766635,2.816387461378009,-63.98142553469116,5.971029752587302,-3.288862093356429,1.4073995646151982,1.4237445968031672
250.60000000005692,719.6500000000569,351.7019705115695,-1.9182905339192478,-64.02893228600328,6.2664556365953,-63.035045114581635,3.413490436636196,-64.3103117440265,5.971029752587302,-3.288862093356429,1.6374092858217693,1.6544848052533259
250.70000000005706,719.7500000000571,351.80197051156966,-0.019483597963622312,-60.85305550150375,6.580789062661012,-63.808863956186705,5.193178477201684,-64.00552490893087,7.582215546039263,-2.4314241234971874,1.5301121633013959,1.5485188186151364
250.80000000005697,719.850000000057,351.9019705115696,3.004899610415261,-59.81225291700251,6.58314335514576,-65.24053903436518,4.979893318424281,-63.2275608747465,6.21125656438084,-1.0008943695915504,1.5987523377798454,1.6152723317230648
250.9000000000571,719.9500000000571,352.0019705115697,7.154859088661656,-60.9065245276208,6.971400722111429,-65.35921013606544,6.147025129996376,-64.22885547233074,6.94910599014406,-2.2106143874677002,1.5039022236429707,1.5218398818415857
251.000000000057,720.050000000057,352.1019705115696,11.30481856267979,-62.0007961390122,7.509951112225445,-64.96652139100132,7.789991140797558,-63.92805037638853,8.349515232843634,-1.4454480563824461,1.5489045762670417,1.564992305820702
251.10000000005715,720.1500000000572,352.20197051156975,8.062513897450847,-64.4540753440779,4.9754568271420165,-65.34326793432521,8.492294164361075,-64.39333360787354,8.172577498548547,-1.8704445631250493,1.4711344301230331,1.488572253066551
251.20000000005706,720.2500000000571,352.30197051156966,4.820209232229277,-66.90735454913803,1.2441408398060894,-66.01967717342978,9.309551914215186,-64.58037806418588,8.172577498548547,-1.8704445631250493,1.709752075304726,1.7280291726601442
251.3000000000572,720.3500000000572,352.4019705115698,3.714821412671546,-66.994813222477,4.41377169516371,-62.12391948767013,5.751651130308339,-65.90409737668665,2.269044607296296,-3.410623795599727,1.440414942135191,1.4572904836873726
251.4000000000571,720.4500000000571,352.5019705115697,4.746350433894744,-64.71645136950596,10.27103121211801,-56.44749501039032,5.978555591037762,-66.24515975624631,2.269044607296296,-3.410623795599727,1.6750787850763036,1.692736244672458
251.50000000005724,720.5500000000573,352.60197051156985,5.777879456530514,-62.43808951824889,8.896354359594138,-57.6310118751568,8.093043276149038,-62.05988063159478,4.737223992394486,2.6413659943383934,1.4073995646157014,1.423744596803673
251.60000000005715,720.6500000000572,352.70197051156975,9.270617202935803,-63.16008126817887,4.705142340447512,-61.486187482993714,8.566765675388055,-61.79574403216118,4.737223992394486,2.6413659943383934,1.637409285822363,1.6544848052539218
251.7000000000573,720.7500000000573,352.8019705115699,12.763354949349031,-63.882073018110496,4.223502422928724,-61.47826377316473,7.001626225990641,-61.861342500029586,1.959423611087427,2.1951936832646255,1.5301121633019408,1.5485188186156842
251.8000000000572,720.8500000000572,352.9019705115698,15.221614956215154,-64.51472707301876,5.186584879002733,-59.965825293778366,8.748282664560866,-62.165081766160306,4.147741368647441,1.4621290276457772,1.5987523377804143,1.6152723317236355
251.90000000005733,720.9500000000573,353.00197051156994,16.645397225916298,-65.05804343311131,7.258480889308047,-62.61474672281008,7.8616305681001375,-61.04364474397419,2.389049474966514,2.7712073493469727,1.5039022236435164,1.5218398818421341
252.00000000005724,721.0500000000573,353.10197051156985,18.069179494178194,-65.60135979210587,9.762213161592872,-66.88434288183859,10.218186195721763,-61.79674637442605,5.517113033682557,1.260684226812305,1.548904576267619,1.5649923058212807
252.10000000005738,721.1500000000574,353.20197051157,16.986754847530396,-64.23057877129568,12.188278873808452,-64.83628306097354,10.80320155130437,-63.95358487289817,5.561536781812905,-1.7642962199417755,1.471134430123582,1.4885722530671022
252.2000000000573,721.2500000000573,353.3019705115699,15.904330200885058,-62.8597977504886,14.584096726172358,-60.32776184653584,11.359355229485155,-64.13001449489218,5.561536781812905,-1.7642962199417755,1.7097520753053588,1.728029172660779
252.30000000005742,721.3500000000574,353.40197051157,16.553185554402642,-62.17697399821919,12.772093923719789,-60.328669780831326,13.856940278632102,-62.18770249018551,8.189194968920539,1.0645140878846981,1.4404149421357078,1.4572904836878915
252.40000000005733,721.4500000000573,353.50197051156994,18.93332090410436,-62.18210751291067,9.321321883884666,-62.085810780494526,14.675859775523412,-62.081251081397134,8.189194968920539,1.0645140878846981,1.6750787850769069,1.6927362446730634
252.50000000005747,721.5500000000575,353.6019705115701,21.313456252302593,-62.187241027291655,11.203550285877865,-62.714571009786795,14.325185660993522,-62.1863746527898,6.8472674543416066,0.7810060572701392,1.407399564616205,1.4237445968041784
252.60000000005738,721.6500000000574,353.70197051157,21.070593273748532,-61.652623535395584,15.16275814682043,-62.903874369064674,15.00991240642706,-62.10827404706286,6.8472674543416066,0.7810060572701392,1.6374092858229572,1.6544848052545176
252.7000000000575,721.7500000000575,353.8019705115701,20.827730295193923,-61.1180060434983,17.069186851269727,-61.83811788595112,16.116938221562005,-62.369853130151185,7.4226190985059155,0.32137744384008643,1.5301121633024866,1.5485188186162324
252.80000000005742,721.8500000000574,353.90197051157,18.37127890032171,-61.45607489100938,18.176144378405834,-60.2835683601925,17.741947294367403,-62.02203903598241,8.668323461551793,0.7636275270749145,1.5987523377809838,1.6152723317242064
252.90000000005756,721.9500000000576,354.00197051157016,13.701239094214237,-62.66683007592231,17.30591388639732,-58.992004431759234,18.80028997398295,-61.13262565355666,8.927122356476435,1.855014555567248,1.503902223644063,1.5218398818426826
253.00000000005747,722.0500000000575,354.1019705115701,9.031199294834794,-63.87758525730824,15.665651787036868,-57.80286233689305,17.428102966750814,-61.57155627016688,5.581552262076868,0.9394655293079649,1.5489045762681966,1.5649923058218593
253.1000000000576,722.1500000000576,354.2019705115702,16.03842537002185,-58.96191775912625,16.422374938773874,-58.35385379744447,17.1173294417351,-60.00532302546957,4.422501953723396,2.890328445943303,1.4711344301241307,1.4885722530676533
253.2000000000575,722.2500000000575,354.3019705115701,23.04565144519298,-54.04625026095544,18.112623070343933,-59.58255411810852,17.55957963710704,-59.716290180875504,4.422501953723396,2.890328445943303,1.7097520753059914,1.728029172661414
253.30000000005765,722.3500000000577,354.40197051157025,23.88249431406155,-53.55152202252572,19.54156677177041,-60.11379118751565,19.806923763789293,-58.16368948512322,6.916751303288579,4.641936953958025,1.4404149421362242,1.4572904836884104
253.40000000005756,722.4500000000576,354.50197051157016,18.548953990850002,-57.477733033646544,20.868743383566628,-60.37339564371848,20.49859889411752,-57.69949578972784,6.916751303288579,4.641936953958025,1.67507878507751,1.6927362446736685
253.5000000000577,722.5500000000577,354.6019705115703,13.215413672967307,-61.40394404165268,21.51966694485604,-61.84432030016344,19.974856366642157,-58.9210450226104,5.049074063236854,2.30033563532717,1.4073995646167086,1.4237445968046842
253.6000000000576,722.6500000000576,354.7019705115702,17.129861093118667,-59.921562485683104,21.9072183744019,-63.78700324755743,20.479763772965384,-58.69101145907789,5.049074063236854,2.30033563532717,1.637409285823551,1.6544848052551135
253.70000000005774,722.7500000000578,354.80197051157035,21.044308513278928,-58.43918092971016,23.394700037224354,-61.931889362936374,21.534722737118383,-60.68700190035237,5.798479143377501,-0.7117500456250903,1.5301121633030317,1.5485188186167806
253.80000000005765,722.8500000000577,354.90197051157025,22.497918215946836,-58.085851261157984,25.31055828198562,-58.597693281472964,22.360856996992695,-60.122954541779244,6.146030501307565,0.1781713664818697,1.5987523377815527,1.6152723317247775
253.9000000000578,722.9500000000578,355.0019705115704,21.49069020681382,-58.86157347741673,26.84641732382644,-58.61408927261416,24.241153178751684,-59.178020014948395,7.856434205704105,1.4226742996946573,1.5039022236446091,1.5218398818432315
254.0000000000577,723.0500000000577,355.1019705115703,20.483462200359835,-59.63729569386989,28.234282652276658,-59.93540000845658,24.061650767709594,-59.16393132599562,6.430780044210506,1.2347372497644604,1.548904576268774,1.5649923058224382
254.10000000005783,723.1500000000578,355.20197051157044,24.111043903573062,-60.75271039109241,26.79137129731865,-60.28119834066198,26.305261573033825,-59.46543017675889,8.565705415021112,0.6716246146817562,1.4711344301246798,1.4885722530682044
254.20000000005774,723.2500000000578,355.30197051157035,27.738625606778044,-61.86812508831239,24.245991437372272,-60.24707560472151,27.161832114535155,-59.39826771529078,8.565705415021112,0.6716246146817562,1.7097520753066242,1.7280291726620491
254.30000000005788,723.3500000000579,355.4019705115705,29.688611525987227,-60.507980509296274,26.032315939271317,-59.31699198403577,26.997854534547876,-60.151101007932986,7.222213977252101,-0.4448524208413152,1.4404149421367405,1.4572904836889293
254.4000000000578,723.4500000000578,355.5019705115704,29.96100166507482,-56.67227665978032,29.505657174011304,-58.037969267265304,27.72007593227243,-60.19558625001708,7.222213977252101,-0.4448524208413152,1.6750787850781128,1.692736244674274
254.50000000005792,723.5500000000579,355.6019705115705,30.233391804238266,-52.836572814485365,28.8083973183911,-57.33831903111078,29.611153452192728,-58.0988961116467,8.819972962458241,2.5998238826815427,1.4073995646172122,1.42374459680519
254.60000000005783,723.6500000000578,355.70197051157044,30.63553592915826,-56.29595852260122,26.48686368097499,-56.86431001783517,30.49315074843775,-57.83891372337879,8.819972962458241,2.5998238826815427,1.637409285824145,1.6544848052557095
254.70000000005797,723.750000000058,355.8019705115706,31.037680054079168,-59.75534423072493,25.191394621042253,-57.48568194827884,29.440793517828528,-57.175244311597524,6.184556175455349,3.146062333157635,1.5301121633035772,1.5485188186173284
254.80000000005788,723.8500000000579,355.9019705115705,31.659108914251085,-61.66563652648352,24.295534575624767,-58.53365870364059,30.370795209581658,-57.79881169123259,6.624199960467743,1.8317181996844698,1.598752337782122,1.6152723317253483
254.90000000005801,723.950000000058,356.0019705115706,32.499822509168276,-62.02683541347833,26.38297209430516,-55.73750224857128,28.546444806791246,-58.023499207246196,3.263684527563038,1.2842339810267935,1.5039022236451554,1.5218398818437802
255.00000000005792,724.0500000000579,356.1019705115705,33.34053610396274,-62.38803429914107,29.63227858861724,-51.4442175253921,29.821896839955237,-58.852449860987214,4.665612517817099,-0.11947815997420763,1.5489045762693512,1.564992305823017
255.10000000005806,724.1500000000581,356.20197051157066,33.972885027559556,-60.45317919645403,31.398233251836267,-52.12608170799716,30.50412200987962,-55.75234588045967,4.953283204822189,4.004166017779166,1.4711344301252285,1.4885722530687557
255.20000000005797,724.250000000058,356.3019705115706,34.60523395115494,-58.51832409377138,32.586484740804146,-54.745557221216075,30.999450330361388,-55.35192927868212,4.953283204822189,4.004166017779166,1.709752075307257,1.7280291726626842
255.3000000000581,724.3500000000581,356.4019705115707,33.916719422177756,-56.63485226091802,31.776023558739766,-55.68990552339252,32.742024311171164,-55.44460942480218,6.653728500032459,3.3274528060146764,1.4404149421372572,1.4572904836894482
255.40000000005801,724.450000000058,356.5019705115706,31.90734144370051,-54.802763697783085,30.187147822387022,-55.98186220356722,33.407397161173805,-55.111864144201014,6.653728500032459,3.3274528060146764,1.675078785078716,1.692736244674879
255.50000000005815,724.5500000000582,356.60197051157076,29.897963466697604,-52.97067513660029,30.09991691111613,-58.09525172210974,32.052779178780206,-54.80552428091717,3.856089055783592,3.3533774256935716,1.4073995646177158,1.4237445968056957
255.60000000005806,724.6500000000581,356.70197051157066,30.429341099461,-54.49950171153043,30.59751352616141,-60.91801275341668,32.438388084358216,-54.470186538348116,3.856089055783592,3.3533774256935716,1.637409285824739,1.6544848052563055
255.7000000000582,724.7500000000582,356.8019705115708,30.960718732225605,-56.02832828646403,31.5210527591165,-58.354678800490554,32.1102881494941,-56.99611254888218,2.883712879120599,-0.5182661691344053,1.5301121633041226,1.5485188186178764
255.8000000000581,724.8500000000581,356.9019705115707,32.6612541722809,-55.300770855923695,32.61047873400922,-53.69368729665343,32.183516441245274,-56.99978518146754,2.5801100127023946,-0.45080434124750757,1.598752337782691,1.6152723317259192
255.90000000005824,724.9500000000583,357.00197051157085,35.530947416912454,-52.31682942515966,33.462811782466844,-51.85880613152929,32.693564886974876,-55.298065083006,2.9207026633829387,1.8939886801757437,1.5039022236457018,1.5218398818443286
256.00000000005815,725.0500000000582,357.10197051157076,38.40064066004656,-49.332887997679904,34.22280710407875,-51.12457612630861,34.1359510957803,-53.877944807911554,4.619878742993284,3.6984856560200225,1.5489045762699287,1.5649923058235955
256.1000000000583,725.1500000000583,357.2019705115709,38.7089549002601,-51.97962479001547,35.85258328137645,-49.77844104931007,34.66018136661125,-52.47658061987398,4.702902890589072,5.0653020423876205,1.4711344301257774,1.4885722530693068
256.2000000000582,725.2500000000582,357.3019705115708,39.01726914047294,-54.62636158234503,37.821102534107666,-48.19399467294012,35.13047165566973,-51.970050415635676,4.702902890589072,5.0653020423876205,1.7097520753078896,1.728029172663319
256.30000000005833,725.3500000000583,357.40197051157094,38.87606746542674,-55.41380554558011,38.6513894565125,-49.12909202189932,37.33544328129527,-50.776337544819185,7.055327968221841,5.936050393598032,1.4404149421377739,1.4572904836899674
256.40000000005824,725.4500000000583,357.50197051157085,38.2853498761708,-54.34195668405461,39.038382740503465,-51.04544572369269,38.04097607811681,-50.182732505459924,7.055327968221841,5.936050393598032,1.6750787850793192,1.6927362446754846
256.5000000000584,725.5500000000584,357.601970511571,37.69463228936901,-53.270107821396415,39.01858890596912,-50.74639614381424,38.86560933592796,-50.75582549817421,7.176475712136101,4.2888436861000105,1.4073995646182194,1.4237445968062012
256.6000000000583,725.6500000000583,357.7019705115709,41.30601651665537,-50.264063459223465,38.84036859115932,-49.58454012705041,39.583256907140914,-50.3269411295646,7.176475712136101,4.2888436861000105,1.6374092858253333,1.6544848052569012
256.7000000000584,725.7500000000584,357.801970511571,44.91740074394993,-47.258019097043686,38.29345575631254,-48.806522372996035,39.90884630374022,-49.52821668510211,6.6423250791901385,4.789283031906201,1.530112163304668,1.5485188186184244
256.80000000005833,725.8500000000583,357.90197051157094,44.244214765113504,-45.39888187237745,37.60295268570703,-48.17799348470902,41.92959152730968,-48.307133667306445,8.556592130192898,5.829012439987552,1.5987523377832602,1.61527233172649
256.90000000005847,725.9500000000585,358.0019705115711,39.286458590157785,-44.68665178253552,39.766362292419274,-48.26621042572479,40.967528490111214,-47.67062975198375,6.100199824153605,5.9009652287023675,1.503902223646248,1.5218398818448775
257.0000000000584,726.0500000000584,358.101970511571,34.32870241825086,-43.97442169442865,43.04125090101373,-48.633569733391234,40.037667641356954,-46.41867298870441,3.8255824106454224,6.8713918381549774,1.5489045762705063,1.5649923058241746
257.1000000000585,726.1500000000585,358.2019705115711,34.56907117114347,-46.22863296776737,40.58392214411024,-48.43875117844641,41.81359451385773,-46.63840950247354,5.684174774678645,5.6697303830118235,1.4711344301263263,1.4885722530698582
257.2000000000584,726.2500000000584,358.301970511571,34.80943992403553,-48.482844241100956,35.89413572071549,-48.02498798143811,42.38201199132508,-46.071436464172876,5.684174774678645,5.6697303830118235,1.7097520753085225,1.7280291726639543
257.30000000005856,726.3500000000586,358.40197051157116,36.18027251827251,-48.919497631095155,36.68173578961517,-49.440139456919475,38.850853874788825,-46.848281222556416,0.13680439492551622,3.8514396903428323,1.4404149421382904,1.457290483690486
257.40000000005847,726.4500000000585,358.5019705115711,38.681568951200674,-47.538593142004615,39.60254761364688,-51.56757630498811,38.864534314281364,-46.46313725352248,0.13680439492551622,3.8514396903428323,1.6750787850799223,1.6927362446760896
257.5000000000586,726.5500000000586,358.6019705115712,41.18286538248484,-46.15768865533772,40.35413676641904,-49.577452076821515,39.80155605130817,-48.01143101041922,1.4289851923683123,1.322855182316634,1.4073995646187227,1.4237445968067068
257.6000000000585,726.6500000000585,358.7019705115711,40.87200240550997,-48.9136606419997,40.260904888514446,-45.983710922479105,39.94445457054487,-47.87914549218768,1.4289851923683123,1.322855182316634,1.6374092858259273,1.6544848052574972
257.70000000005865,726.7500000000587,358.80197051157126,40.561139428534375,-51.669632628667934,41.67286287129065,-42.867844395675995,40.186063914655584,-46.62871062153083,1.563471482921031,2.835849492498057,1.5301121633052135,1.5485188186189724
257.80000000005856,726.8500000000586,358.90197051157116,41.43027442477312,-51.28813358580787,43.67102902268834,-39.93808994521304,40.372016525588315,-47.722995371373166,1.6052497582066387,0.9055085292782721,1.5987523377838293,1.6152723317270608
257.9000000000587,726.9500000000587,359.0019705115713,43.47940739146127,-47.76916352077983,46.05324298516312,-41.92560376972793,41.98904022585841,-44.39175183679167,3.5735000010923934,5.2556065758275485,1.5039022236467945,1.5218398818454255
258.0000000000586,727.0500000000586,359.1019705115712,45.52854035508764,-44.2501934565096,48.585027423672415,-45.8281868525462,43.02237809388073,-43.94801562023919,4.572027773211241,5.135634699544821,1.5489045762710836,1.564992305824753
258.10000000005874,727.1500000000588,359.20197051157135,42.36628140181577,-42.00939701561522,48.62673441349985,-46.51033503071881,45.72405112688197,-44.560789657366975,7.565891123074603,3.643173967223106,1.4711344301268752,1.488572253070409
258.20000000005865,727.2500000000587,359.30197051157126,39.204022448551086,-39.76860057472594,47.69866092642429,-45.938259209023244,46.48064023918874,-44.196472260644995,7.565891123074603,3.643173967223106,1.709752075309155,1.728029172664589
258.3000000000588,727.3500000000588,359.4019705115714,39.42572994432791,-39.676147035000696,45.482211681795725,-44.653740286370294,45.92957393525257,-43.49735886554589,5.731202574752134,4.138313470356059,1.440414942138807,1.457290483691005
258.4000000000587,727.4500000000587,359.5019705115713,43.03140388118939,-41.732036391389066,42.76399424629009,-43.09175472886778,46.50269419272726,-43.083527518510664,5.731202574752134,4.138313470356059,1.6750787850805253,1.692736244676695
258.50000000005883,727.5500000000588,359.60197051157144,46.6370778155594,-43.787925747210274,44.950421907589195,-40.17182540898194,45.44059213694613,-42.76328034000222,3.5657011927114723,3.978690243394955,1.4073995646192263,1.4237445968072124
258.60000000005874,727.6500000000588,359.70197051157135,45.99809823752783,-44.872783314992844,49.04700262998784,-36.72303408516201,45.79716225621695,-42.36541131566308,3.5657011927114723,3.978690243394955,1.637409285826521,1.6544848052580927
258.7000000000589,727.7500000000589,359.8019705115715,45.3591186594948,-45.95764088277788,49.644560007625806,-37.565254498333886,47.84903517723048,-39.43227731929282,5.875427460945764,7.409217184329726,1.5301121633057588,1.5485188186195202
258.8000000000588,727.8500000000588,359.9019705115714,46.200533882236016,-46.9545399284415,48.87939490056431,-40.07864357771269,47.787177219086644,-40.253527772529324,4.959014104346137,5.220675744917209,1.5987523377843982,1.6152723317276316
258.9000000000589,727.9500000000589,360.0019705115715,48.522343902268105,-47.86348045219542,47.78314858606792,-40.0436781273642,48.56518608676687,-39.98674296349926,5.34024208753719,4.878000530558816,1.5039022236473405,1.5218398818459744
259.00000000005883,728.0500000000588,360.10197051157144,50.84415392102346,-48.772420972674766,46.55796006079876,-39.01623572717483,49.46989070736545,-41.47496545487111,5.887788431749633,1.9807350039231286,1.548904576271661,1.5649923058253317
259.10000000005897,728.150000000059,360.2019705115716,51.00692951507756,-44.12436537812839,45.95602284534052,-38.194964048177894,48.809197989852606,-40.304729635721834,4.221138092866483,3.2689049148626115,1.4711344301274238,1.4885722530709604
259.2000000000589,728.2500000000589,360.3019705115715,51.16970510913129,-39.476309783592576,45.596815811940125,-37.45398719713158,49.23131179913887,-39.97783914423587,4.221138092866483,3.2689049148626115,1.709752075309788,1.7280291726652242
259.300000000059,728.350000000059,360.4019705115716,52.33665484363816,-37.65996619495963,46.5400413733927,-37.37209176481826,48.612356010710975,-38.282810510684335,2.848771098878994,5.1083705822091545,1.4404149421393238,1.4572904836915241
259.4000000000589,728.4500000000589,360.5019705115715,54.507778716222866,-38.67533460555459,47.99050967286281,-37.54688083559406,48.897233120598614,-37.77197345246388,2.848771098878994,5.1083705822091545,1.6750787850811284,1.6927362446773
259.50000000005906,728.5500000000591,360.60197051157166,56.67890258597949,-39.69070301284074,47.220395174592745,-37.73257689269345,50.30306831312069,-37.678727613206284,4.576079130076195,4.481638393440317,1.4073995646197301,1.423744596807718
259.60000000005897,728.650000000059,360.7019705115716,54.057815012613474,-35.105133033278435,45.585457035719756,-37.92252076240703,50.76067622612789,-37.23056377386266,4.576079130076195,4.481638393440317,1.6374092858271154,1.6544848052586885
259.7000000000591,728.7500000000591,360.8019705115717,51.436727439241494,-30.519563053705696,47.843122234409115,-36.58886135859769,48.94569754424562,-37.12218225451208,1.4798458497083935,4.021870907338401,1.5301121633063042,1.5485188186200682
259.800000000059,728.850000000059,360.9019705115716,50.25678178439541,-30.58662994444413,51.616792777836494,-34.66182253602588,49.32523763090145,-34.894027458367,1.806609515275012,6.579979458236606,1.5987523377849675,1.6152723317282023
259.90000000005915,728.9500000000592,361.00197051157176,50.51797804466201,-35.30633369449201,53.058829634986,-34.745226859696366,50.76556610324527,-34.01399247912279,3.508870466267595,6.878027733782165,1.503902223647887,1.5218398818465233
260.00000000005906,729.0500000000591,361.10197051157166,50.77917430588698,-40.02603744228273,53.592793199312794,-35.61161426453243,51.04480461103761,-34.753814818719604,3.403035643997213,4.784828424673037,1.5489045762722384,1.5649923058259105
260.1000000000592,729.1500000000592,361.2019705115718,52.66252497771343,-40.945779180393416,54.85981387162174,-35.88329405493802,52.33572371535304,-34.7213738629199,4.671046666892208,4.193797764114801,1.471134430127973,1.4885722530715115
260.2000000000591,729.2500000000591,361.3019705115717,54.5458756495356,-41.86552091850202,56.41232946784412,-35.923360232588486,52.80282838204184,-34.3019940865088,4.671046666892208,4.193797764114801,1.7097520753104207,1.7280291726658592
260.30000000005924,729.3500000000593,361.40197051157185,55.48148987532384,-40.919353916758205,56.733526831237306,-36.9176666461221,55.055557439732354,-35.89513181310272,7.078424714097231,1.4467515249252278,1.44041494213984,1.4572904836920428
260.40000000005915,729.4500000000592,361.50197051157176,55.46936765731928,-38.10727817958704,56.57517751078874,-38.28360951276813,55.763399911141434,-35.75045666061033,7.078424714097231,1.4467515249252278,1.6750787850817312,1.6927362446779053
260.5000000000593,729.5500000000593,361.6019705115719,55.45724544090508,-35.29520244307584,56.34000615713844,-35.76619376156205,56.483612981807845,-36.52795587952137,7.060476294491085,0.25236208251637543,1.4073995646202335,1.4237445968082239
260.6000000000592,729.6500000000592,361.7019705115718,58.125020803316815,-33.605977446061495,56.074915851356536,-31.73637309529073,57.18966061125631,-36.50271967126976,7.060476294491085,0.25236208251637543,1.6374092858277094,1.6544848052592847
260.70000000005933,729.7500000000593,361.80197051157194,60.792796165734615,-31.916752449043308,54.850616964724644,-31.98956858170641,57.34865849201587,-34.17973574595245,6.315160960096336,3.3614988133203694,1.5301121633068497,1.5485188186206165
260.80000000005924,729.8500000000593,361.90197051157185,60.582331022111305,-31.990799032803633,53.25274666349976,-33.91081879036182,58.91399141403777,-33.226231554515515,7.632933186690163,4.226387789687865,1.5987523377855368,1.6152723317287734
260.9000000000594,729.9500000000594,362.001970511572,57.49362537927826,-33.82811719315718,53.78230467955261,-35.652742431871076,57.26267749515736,-33.310264429008996,4.369935971518326,3.5462642523814893,1.5039022236484334,1.521839881847072
261.0000000000593,730.0500000000593,362.1019705115719,54.40491974150637,-35.66543535069013,55.140406582515595,-37.32482591483075,56.99976321520645,-33.533050341838155,3.3360750305398437,2.6996560664309763,1.5489045762728162,1.5649923058264892
261.1000000000594,730.1500000000594,362.20197051157203,59.832832823258414,-32.756876666605166,57.30260559611474,-33.61040612666111,56.75904378308669,-34.829455943096136,2.56998942182872,0.6241258587181449,1.4711344301285219,1.4885722530720626
261.20000000005933,730.2500000000593,362.30197051157194,65.26074590499812,-29.848317982526808,59.777966627946824,-27.798169777133516,57.01604272526933,-34.76704335722438,2.56998942182872,0.6241258587181449,1.7097520753110533,1.728029172666494
261.30000000005947,730.3500000000595,362.4019705115721,65.29388731175816,-27.19696631221917,59.837101327125794,-25.6814252333137,60.296268534970885,-30.652730127799355,6.710278069567293,6.057194888840482,1.4404149421403567,1.457290483692562
261.4000000000594,730.4500000000594,362.501970511572,59.93225705636891,-24.80282165508259,58.9552174542356,-25.003919379644827,60.967296341927,-30.047010638915857,6.710278069567293,6.057194888840482,1.6750787850823343,1.6927362446785108
261.5000000000595,730.5500000000595,362.6019705115721,54.57062680497888,-22.408677000445838,57.59127974404055,-23.741950836846872,59.58056443942075,-26.52800192882233,3.7653395258071383,10.098200584168422,1.4073995646207371,1.4237445968087297
261.6000000000594,730.6500000000594,362.70197051157203,55.942717176807115,-24.219997625056912,56.039602331029165,-22.252358648983865,59.95709839200112,-25.51818187040641,3.7653395258071383,10.098200584168422,1.6374092858283034,1.6544848052598806
261.70000000005956,730.7500000000596,362.80197051157216,57.31480754863846,-26.0313182496721,58.077586149874556,-24.434351457312275,58.575293233295014,-23.18160273134954,1.3697308890331077,11.893469646956566,1.530112163307395,1.5485188186211643
261.80000000005947,730.8500000000595,362.9019705115721,59.424705962590714,-24.408251270425335,61.513592099734076,-28.046272258572447,58.577721246704385,-22.90584741130226,1.1798652121982902,10.613563879032109,1.5987523377861057,1.615272331729344
261.9000000000596,730.9500000000596,363.0019705115722,62.27241241691536,-19.350796695492956,62.53102129149259,-27.260061328467973,60.1719878116124,-24.280592814384633,3.1748470860426847,7.343497049754449,1.5039022236489792,1.5218398818476202
262.0000000000595,731.0500000000595,363.1019705115721,65.12011887010193,-14.293342125861066,62.60651651929033,-24.760962998015454,61.473166131084945,-21.574605195058524,4.627898888198896,10.234333784570149,1.5489045762733933,1.5649923058270678
262.10000000005965,731.1500000000597,363.20197051157226,66.06828526947712,-18.11421488328824,60.950252677640016,-21.61755645563821,62.3103155629633,-21.55278906113745,5.127251157535211,8.907134435452859,1.4711344301290705,1.4885722530726138
262.20000000005956,731.2500000000596,363.30197051157216,67.01645166885014,-21.935087640706726,58.619541486149046,-18.223218953137355,62.82304067871635,-20.662075617592972,5.127251157535211,8.907134435452859,1.709752075311686,1.7280291726671293
262.3000000000597,731.3500000000597,363.4019705115723,65.3361888664528,-25.316984109523627,58.475242790820765,-18.711606150964727,62.33536401223934,-19.30523371084917,3.8342536423126132,9.490547670593799,1.4404149421408732,1.457290483693081
262.4000000000596,731.4500000000596,363.5019705115722,61.027496868567916,-28.25990429077159,59.18245984021642,-20.71215137960992,62.71878937647025,-18.356178943790653,3.8342536423126132,9.490547670593799,1.6750787850829374,1.692736244679116
262.50000000005974,731.5500000000598,363.60197051157235,56.71880487527272,-31.202824467594088,58.89609426922002,-21.415248750950003,60.830762953593585,-20.8917487061328,0.6313527315444629,4.477165457207171,1.4073995646212405,1.423744596809235
262.60000000005965,731.6500000000597,363.70197051157226,60.10164183192131,-26.734022070048034,58.222770040409536,-21.613044729989326,60.89389822674797,-20.44403216041249,0.6313527315444629,4.477165457207171,1.6374092858288973,1.6544848052604764
262.7000000000598,731.7500000000598,363.8019705115724,63.48447878857761,-22.265219672491817,56.93734207607246,-21.374041856746395,59.82204991726028,-20.52304949415572,-0.9149795178604343,3.76442939839715,1.5301121633079404,1.5485188186217123
262.8000000000597,731.8500000000597,363.9019705115723,64.7310184139899,-18.456907782163277,55.41352544120346,-20.96492419471334,60.86052324578525,-20.08275886820034,0.6795995564955346,3.8538774819115718,1.598752337786675,1.615272331729915
262.90000000005983,731.9500000000598,364.00197051157244,63.841260713273805,-15.309086397465222,56.88794234867253,-18.965361390629425,58.678043918626386,-20.02802772801861,-2.361548087940207,3.4100252546626977,1.5039022236495259,1.521839881848169
263.00000000005974,732.0500000000598,364.10197051157235,62.95150301209979,-12.161265016589402,59.530045167247174,-16.34638707022336,59.39987165679444,-18.083412006733383,-0.9464750907010198,5.761260185359257,1.5489045762739706,1.5649923058276467
263.1000000000599,732.1500000000599,364.2019705115725,61.29260207847105,-15.393247723807251,60.88624220370969,-17.115439509231756,59.63299922062271,-16.672962163541712,-0.5092611087980086,6.866786316297974,1.4711344301296196,1.4885722530731653
263.2000000000598,732.2500000000598,364.3019705115724,59.63370114484607,-18.62523043101775,61.74163300090066,-19.203985929462572,59.58207310974295,-15.98628353191254,-0.5092611087980086,6.866786316297974,1.709752075312319,1.7280291726677643
263.3000000000599,732.3500000000599,364.40197051157253,60.58733769217097,-19.807067872818838,63.083324576945444,-18.331439049049944,60.24783450421164,-17.46758405328844,0.44024535276265536,3.9483062134752487,1.4404149421413899,1.4572904836935998
263.40000000005983,732.4500000000598,364.50197051157244,64.15351171418041,-18.938760054118347,64.61440986098364,-16.305670820202874,60.29185903948787,-17.072753431941276,0.44024535276265536,3.9483062134752487,1.6750787850835405,1.6927362446797212
263.50000000005997,732.55000000006,364.6019705115726,67.71968573332418,-18.070452235902597,63.84951236075288,-15.919383646784178,63.215314114127935,-16.51897918521711,4.4765384935654104,4.109430979653523,1.4073995646217443,1.4237445968097409
263.6000000000599,732.6500000000599,364.7019705115725,66.49838023403902,-18.01297131046577,62.19042609521937,-16.17160541635144,63.66296796348407,-16.10803608725213,4.4765384935654104,4.109430979653523,1.6374092858294913,1.6544848052610723
263.70000000006,732.75000000006,364.8019705115726,65.27707473475107,-17.95549038502881,60.971520713006576,-16.509677459232698,63.29690006941174,-15.794425976727762,3.3679020400078117,3.9777274144076618,1.530112163308486,1.5485188186222605
263.8000000000599,732.8500000000599,364.90197051157253,65.59877885372451,-17.194423852876785,59.92404727848657,-16.881184574196933,63.88504958311646,-15.886250964956114,3.722612201569216,3.291820355343732,1.598752337787244,1.615272331730486
263.90000000006006,732.9500000000601,365.00197051157267,67.46349258725594,-15.729771715695588,60.1881776493084,-14.361420416484068,62.592747634424356,-16.007001442120714,1.4731925444245162,2.6878598022031612,1.503902223650072,1.5218398818487175
264.00000000005997,733.05000000006,365.1019705115726,69.32820631902436,-14.265119581049708,60.96312255902774,-10.715627654739198,64.13959304062402,-15.424323451378559,3.5404866434268527,3.148091647095711,1.5489045762745484,1.5649923058282251
264.1000000000601,733.1500000000601,365.2019705115727,68.26293934850479,-17.018576388835704,62.022311579874085,-11.669298983631478,63.37636612683746,-13.071282888517551,2.050170433358476,5.848863223991609,1.4711344301301685,1.4885722530737162
264.20000000006,733.25000000006,365.3019705115726,67.19767237798763,-19.77203319661544,63.19220173162884,-14.414268202221017,63.58138317017312,-12.486396566118922,2.050170433358476,5.848863223991609,1.7097520753129518,1.7280291726683994
264.30000000006015,733.3500000000602,365.40197051157276,65.06338733309184,-18.45672577276161,64.07948109530494,-14.139102882389482,64.25116074438742,-14.421697525592174,2.6993411678658426,2.4217936377215175,1.4404149421419064,1.457290483694119
264.40000000006006,733.4500000000601,365.50197051157267,61.860084216398754,-13.072654127068077,64.85669543872493,-12.68772213426967,64.52109486117376,-14.179518161820242,2.6993411678658426,2.4217936377215175,1.6750787850841438,1.6927362446803267
264.5000000000602,733.5500000000602,365.6019705115728,58.65678110193989,-7.688582483754721,63.0374935106993,-7.931886994970055,63.87487256176546,-12.230404242886838,1.2873755100942086,4.860579054202999,1.4073995646222477,1.4237445968102467
264.6000000000601,733.6500000000601,365.7019705115727,59.17357178775634,-6.275068611092059,60.20709660514597,-1.889105798307325,64.00361011277477,-11.74434633746698,1.2873755100942086,4.860579054202999,1.6374092858300853,1.6544848052616683
264.70000000006024,733.7500000000603,365.80197051157285,59.69036247357396,-4.861554738426182,60.171504419113035,-3.334923525805255,62.30775282115666,-6.805157481705447,-1.1985017223173764,10.886215768771207,1.5301121633090313,1.5485188186228085
264.80000000006015,733.8500000000602,365.90197051157276,61.37841547617531,-3.4853823578920595,61.22437117036469,-7.697235693790462,61.70677724172606,-5.274226282023763,-1.8774503998881364,11.505874060036994,1.5987523377878132,1.6152723317310567
264.9000000000603,733.9500000000603,366.0019705115729,64.23773079274513,-2.1465514693934327,63.28746635738628,-7.667041175690223,61.46760579923278,-5.6223323861694405,-1.9469458464136948,9.494123995681406,1.5039022236506185,1.521839881849266
265.0000000000602,734.0500000000602,366.1019705115728,67.09704610814362,-0.8077205818746978,65.74400304746219,-5.926149975941956,62.510138990271976,-3.849310860591206,-0.1193889432621218,10.70170856243678,1.5489045762751257,1.564992305828804
265.10000000006033,734.1500000000603,366.20197051157294,68.02315627997312,-1.0901063714925634,66.03553773583842,-5.997900738466243,63.93229134441912,-3.4614602944523774,1.7935226750999471,9.797595689124275,1.4711344301307172,1.4885722530742675
265.20000000006024,734.2500000000603,366.30197051157285,68.94926645180053,-1.3724921611097871,65.48389516695624,-6.775599337038,64.11164361192895,-2.4817007255408408,1.7935226750999471,9.797595689124275,1.7097520753135844,1.7280291726690344
265.3000000000604,734.3500000000604,366.401970511573,69.16761200226402,-1.7702297030947762,63.9536162351701,-4.995334578242191,65.58443787180146,-3.0758756418606863,3.570447819602755,7.71523494623133,1.4404149421424228,1.4572904836946374
265.4000000000603,734.4500000000603,366.5019705115729,68.67819293307166,-2.2833189971671817,62.04219958449723,-2.218850635298348,65.94148265376141,-2.304352147238255,3.570447819602755,7.71523494623133,1.6750787850847466,1.6927362446809318
265.5000000000604,734.5500000000604,366.60197051157303,68.18877386353228,-2.7964082890744986,60.785851781358474,-2.343175680681697,65.11394813442747,-1.5417190099875104,2.0762407584689084,7.66140288818899,1.4073995646227513,1.4237445968107523
265.60000000006033,734.6500000000603,366.70197051157294,67.12743311557617,0.2721906324864989,59.78462575351161,-3.597243869337331,65.32157221027417,-0.7755787211693083,2.0762407584689084,7.66140288818899,1.6374092858306792,1.654484805262264
265.70000000006047,734.7500000000605,366.8019705115731,66.06609236761764,3.340789554054473,62.01325686871769,-1.7305287878570512,63.21163252150151,-1.3313663345372198,-1.081270631200288,5.8726710071237145,1.5301121633095764,1.5485188186233565
265.8000000000604,734.8500000000604,366.901970511573,67.17223663452103,4.4965308234040915,65.49978154940051,1.3516001713540007,63.60111776913185,0.4977038364554245,-0.3790561663819525,7.6123880038684995,1.598752337788382,1.6152723317316278
265.9000000000605,734.9500000000605,367.0019705115731,70.44586591104765,3.739414445168303,65.07689526091333,1.8444812405486408,64.66550462551827,1.8271228585815842,1.1105348585455665,8.375076698992128,1.5039022236511645,1.5218398818498151
266.0000000000604,735.0500000000604,367.10197051157303,73.71949518259567,2.982298067576187,63.13145776191524,1.3289591154114704,66.67631667603095,2.7323201499087544,3.916741563089044,8.47432395061344,1.548904576275703,1.564992305829383
266.10000000006056,735.1500000000606,367.20197051157317,68.77378885572203,3.286584347776934,63.64905920556481,2.576019760016096,65.53374309580792,2.9348020967403876,1.8702327905250513,7.619728225776922,1.4711344301312663,1.488572253074819
266.20000000006047,735.2500000000605,367.3019705115731,63.82808252885965,3.590870627976989,65.1259107646982,4.5095322897867325,65.72076637486026,3.6967749193173867,1.8702327905250513,7.619728225776922,1.7097520753142172,1.7280291726696697
266.3000000000606,735.3500000000606,367.4019705115732,61.400530904516124,2.4052797946569626,64.11334435878172,4.8937497281321605,65.06885349194505,4.796253758693128,0.70730614039424,8.064041710148881,1.4404149421429395,1.4572904836951566
266.4000000000605,735.4500000000605,367.5019705115731,61.49113397659896,-0.270188148566584,62.131254317203954,4.674581864833952,65.13958410598441,5.6026579297072825,0.70730614039424,8.064041710148881,1.67507878508535,1.6927362446815373
266.50000000006065,735.5500000000607,367.60197051157326,61.581737049882925,-2.945656087087395,63.77717125108794,4.082951509629535,63.37584680245641,4.357652844191723,-1.8278945599062721,5.071447527994488,1.407399564623255,1.4237445968112579
266.60000000006056,735.6500000000606,367.70197051157317,63.650504876824364,2.135281487876096,66.83604437088601,3.346262673139252,63.19305734646595,4.8647975969907105,-1.8278945599062721,5.071447527994488,1.6374092858312734,1.65448480526286
266.7000000000607,735.7500000000607,367.8019705115733,65.71927270377051,7.216219062851141,67.19709159927477,4.136729883171188,64.80554292158794,4.6433916666011275,0.618036570388032,4.0856283832165525,1.530112163310122,1.5485188186239045
266.8000000000606,735.8500000000606,367.9019705115732,65.29723734597643,9.187272412606065,66.50744906670491,5.521960167635721,65.26856070964378,6.082939339564193,1.1842170289559595,5.529997368233097,1.5987523377889514,1.6152723317321984
266.90000000006074,735.9500000000608,368.00197051157335,62.38439880948873,8.048441544701728,65.29922594020799,6.938237581155695,65.77358741316581,6.512172671082693,1.7066585344709584,5.363861282267571,1.5039022236517112,1.5218398818503636
267.00000000006065,736.0500000000607,368.10197051157326,59.47156027426195,6.909610680387006,63.88903747488264,8.366606546134712,64.56925153672063,7.01895128650095,-0.32440959437600525,5.320450428261957,1.5489045762762805,1.5649923058299615
267.1000000000608,736.1500000000608,368.2019705115734,58.62480057651011,11.679360452585613,62.50866142556249,10.425566374912993,64.1472559307927,8.128575946379213,-0.8440303716808756,6.085776001472489,1.471134430131815,1.48857225307537
267.2000000000607,736.2500000000607,368.3019705115733,57.778040878760194,16.449110224773374,61.1398960588877,12.730114833422983,64.06285289362468,8.737153546525908,-0.8440303716808756,6.085776001472489,1.70975207531485,1.7280291726703045
267.30000000006083,736.3500000000608,368.40197051157344,58.865078703755344,16.693233538002026,63.13591884060645,12.406547756867713,61.697698332320485,12.565001609247561,-3.9530064589105285,10.447776908794056,1.440414942143456,1.4572904836956755
267.40000000006074,736.4500000000608,368.50197051157335,61.88591404678588,12.411730403280844,66.44238514150072,11.05944017235261,61.30239768642979,13.609779300126016,-3.9530064589105285,10.447776908794056,1.6750787850859528,1.6927362446821423
267.5000000000609,736.5500000000609,368.6019705115735,64.90674938765427,8.130227271806728,64.50870498717728,10.936482440187772,63.67378142423502,12.439708318759621,-0.1792030468621743,7.336224641664358,1.4073995646237585,1.4237445968117637
267.6000000000608,736.6500000000608,368.7019705115734,64.3680963691894,9.193336234322437,60.53420809821265,11.29027960900607,63.65586111954882,13.17333078292539,-0.1792030468621743,7.336224641664358,1.6374092858318674,1.654484805263456
267.7000000000609,736.7500000000609,368.80197051157353,63.8294433507233,10.256445196840563,60.336001608871044,13.042691525167392,61.96925589227605,13.13066720842318,-2.452664398505733,6.2858136594200005,1.5301121633106674,1.5485188186244525
267.80000000006083,736.8500000000608,368.90197051157344,61.89533919912553,11.656232864864187,61.608501464915655,15.339805083938533,62.082571665674216,13.201237698982645,-1.9466447291171503,5.504062488479208,1.5987523377895205,1.6152723317327693
267.90000000006097,736.950000000061,369.0019705115736,58.56578391778863,13.392699237579034,61.260400402849804,14.264640015142053,61.86391353474436,14.74422508937106,-1.9790687350078204,6.836439763648848,1.5039022236522572,1.5218398818509122
268.0000000000609,737.0500000000609,369.1019705115735,55.23622864113918,15.129165609437424,60.28114341754514,11.876114200455842,60.300121408293826,15.364220372201846,-3.9966705638766067,6.743117364008393,1.548904576276858,1.5649923058305404
268.100000000061,737.150000000061,369.2019705115736,59.58664621163531,15.466605901652564,59.73959452560797,11.952367395043737,59.834176054214396,14.468374452654169,-4.085078136151852,4.662569899045964,1.471134430132364,1.488572253075921
268.2000000000609,737.2500000000609,369.30197051157353,63.93706378212156,15.804046193866936,59.36851453362864,12.988548387889203,59.425668240599585,14.934631442558342,-4.085078136151852,4.662569899045964,1.7097520753154827,1.7280291726709394
268.30000000006106,737.3500000000611,369.40197051157367,64.83715978735907,17.004531201315988,59.72282593501859,13.465957415174596,60.17114133786946,14.920579986351822,-2.4781408547605444,4.033399573567732,1.4404149421439725,1.4572904836961944
268.40000000006097,737.450000000061,369.5019705115736,62.286934235769436,19.068060921886712,60.359646786743596,13.725748254130625,59.92332725239363,15.323919943708228,-2.4781408547605444,4.033399573567732,1.6750787850865558,1.6927362446827476
268.5000000000611,737.5500000000611,369.6019705115737,59.73670868617122,21.131590640816754,60.09092672385854,16.77710392598079,59.915003099205954,16.138960492700782,-2.1610910663707026,4.751825553444266,1.407399564624262,1.423744596812269
268.600000000061,737.650000000061,369.7019705115736,60.45187022069029,20.504999071484125,59.46953654608029,20.915656735429234,59.69889399256908,16.614143048044777,-2.1610910663707026,4.751825553444266,1.6374092858324614,1.6544848052640517
268.70000000006115,737.7500000000612,369.80197051157376,61.167031755210985,19.878407502150072,59.05586063411649,20.83818848234799,59.34751408357099,19.168382884541465,-2.34538765646402,7.565047087839783,1.5301121633112127,1.5485188186250005
268.80000000006106,737.8500000000611,369.90197051157367,61.955856165248996,20.359285630714567,58.723080695828976,19.11875727814151,59.593116719070366,19.928767999267706,-1.6678275765417188,7.570483383122651,1.5987523377900896,1.61527233173334
268.9000000000612,737.9500000000612,370.0019705115738,62.818343450627694,21.947633454470335,57.81854922317548,17.666284503844878,59.07632303003101,20.11773986425907,-2.1408174179642567,6.807933953220777,1.5039022236528037,1.5218398818514607
269.0000000000611,738.0500000000611,370.1019705115737,63.68083073691694,23.53598127644178,56.69134456584389,16.317780814360574,59.88585987077614,21.381837491307913,-0.6287908990903692,7.663180897081279,1.5489045762774354,1.5649923058311188
269.10000000006124,738.1500000000613,370.20197051157385,66.03523165220955,22.212937178451174,57.89536903175023,18.47426571408645,58.54703798815388,20.10469456323257,-2.330750795395677,4.955479779177056,1.471134430132913,1.4885722530764722
269.20000000006115,738.2500000000612,370.30197051157376,68.3896325674968,20.88989308046358,60.00730923008108,21.995796310260147,58.31396290861453,20.600242541149825,-2.330750795395677,4.955479779177056,1.7097520753161155,1.7280291726715744
269.3000000000613,738.3500000000613,370.4019705115739,67.70382454082036,20.071129044071558,60.58616717609069,23.74118336470798,60.834246539816135,21.76598918001093,1.4544684229630587,5.8382004139105765,1.4404149421444892,1.4572904836967135
269.4000000000612,738.4500000000612,370.5019705115738,63.97780757963515,19.756645068042804,60.56795403967655,24.794837183448628,60.97969338211231,22.349809221401458,1.4544684229630587,5.8382004139105765,1.675078785087159,1.692736244683353
269.50000000006133,738.5500000000613,370.60197051157394,60.25179061977559,19.442161094277996,60.1943258437274,24.28233995574699,60.81898220552876,23.169321171674632,1.0223275018403037,6.029464831803634,1.4073995646247657,1.4237445968127747
269.60000000006124,738.6500000000613,370.70197051157385,58.69894814526233,22.816593712857006,59.682278424685734,23.15989274061672,60.9212149557127,23.772267654854446,1.0223275018403037,6.029464831803634,1.6374092858330553,1.6544848052646475
269.7000000000614,738.7500000000614,370.801970511574,57.14610567074553,26.191026331443688,58.78359135982902,23.665395392451675,60.46686610229098,23.947569656336423,0.26402571118734897,5.450808978553242,1.5301121633117583,1.5485188186255483
269.8000000000613,738.8500000000613,370.9019705115739,56.82543425482912,26.535929955159546,57.73432440829011,24.80491607412205,59.63309053967654,25.26092674573789,-0.9498299647633976,6.52713354290168,1.5987523377906592,1.615272331733911
269.9000000000614,738.9500000000614,371.00197051157403,57.73693389448589,23.85130459144556,58.500909676035754,25.44465051860405,58.710876719384984,25.792951013954408,-2.0677144109085956,6.365128252938993,1.5039022236533501,1.5218398818520094
270.00000000006133,739.0500000000613,371.10197051157394,58.648433532812525,21.166679232878646,59.9746930399273,25.88973923604352,58.53476509805877,25.308052761085623,-2.0224256076976865,4.720903258086743,1.5489045762780127,1.5649923058316977
270.10000000006147,739.1500000000615,371.2019705115741,57.39666304240222,26.856196691789847,59.36556152446272,27.580038709074575,59.0301438907242,25.98753623753086,-1.0918795259031915,4.995710881493851,1.4711344301334615,1.4885722530770236
270.2000000000614,739.2500000000614,371.301970511574,56.14489255199476,32.54571415068811,57.945222234781575,29.75529541942562,58.92095593813398,26.48710732567979,-1.0918795259031915,4.995710881493851,1.709752075316748,1.7280291726722095
270.3000000000615,739.3500000000615,371.4019705115741,55.333145229045876,33.410836026424946,57.46599097602025,28.44753345782101,57.773299650263084,29.758619334742196,-2.5104625142366994,8.753712381247384,1.4404149421450057,1.4572904836972325
270.4000000000614,739.4500000000614,371.50197051157403,54.96142107247674,29.451562330865308,57.353281728613794,25.78328215888188,57.522253398839645,30.63399057286614,-2.5104625142366994,8.753712381247384,1.675078785087762,1.6927362446839582
270.50000000006156,739.5500000000616,371.60197051157417,54.58969691698291,25.49228863844814,57.90291385370346,25.450498161784992,56.75737304624078,28.517552600530486,-3.2767642156354735,4.644055111153366,1.4073995646252693,1.4237445968132807
270.60000000006147,739.6500000000615,371.7019705115741,55.96447180745945,26.64753210781523,58.710500096781296,26.02572265765484,56.42969662467753,28.9819581116454,-3.2767642156354735,4.644055111153366,1.6374092858336495,1.6544848052652437
270.7000000000616,739.7500000000616,371.8019705115742,57.339246697939096,27.802775577184946,57.11537938454746,28.242976094620637,57.12713934746334,28.304993911740308,-1.8801142405794011,3.099640785074488,1.5301121633123038,1.5485188186260965
270.8000000000615,739.8500000000615,371.9019705115741,58.714021588415626,28.958019046552035,54.584505329431614,31.099730768861402,57.147037361887456,28.598244988837017,-1.5867191377655188,3.0762265309820314,1.598752337791228,1.615272331734482
270.90000000006165,739.9500000000617,372.00197051157426,60.08879647889528,30.11326251592175,55.14942623629769,29.729130907336145,55.75589078298483,30.120456867842737,-3.2522328236045253,4.7066132223441155,1.5039022236538964,1.5218398818525583
271.00000000006156,740.0500000000616,372.10197051157417,61.46357136765987,31.268505985286296,56.92002912537588,26.712154183395267,56.712244313393036,30.735458160958842,-1.3591662459464073,4.918246041479037,1.5489045762785905,1.5649923058322768
271.1000000000617,740.1500000000617,372.2019705115743,60.06004095297903,32.41962140049983,56.328245920278725,26.298672644010633,56.84744504284697,29.41863620742748,-0.9975270984717705,2.5216873288342927,1.4711344301340106,1.488572253077575
271.2000000000616,740.2500000000616,372.3019705115742,58.65651053830139,33.570736815710745,54.81641265251766,26.89914302112687,56.74769233299988,29.670804940310678,-0.9975270984717705,2.5216873288342927,1.709752075317381,1.7280291726728447
271.30000000006174,740.3500000000618,372.40197051157435,58.97646093546708,33.5546121550227,56.075759185151995,26.512914998157704,56.047216124850124,29.741393542222262,-1.787362510919058,2.322443610530783,1.4404149421455223,1.4572904836977514
271.40000000006165,740.4500000000617,372.50197051157426,61.01989214021891,32.37124742131802,58.4143637422395,25.742409431791362,55.86847987375838,29.97363790327513,-1.787362510919058,2.322443610530783,1.6750787850883653,1.6927362446845635
271.5000000000618,740.5500000000618,372.6019705115744,63.06332334430846,31.187882688724393,58.64063843429908,27.772093373498855,58.06997556032994,28.888055669953406,1.5920240084987907,0.6335907769868727,1.4073995646257729,1.4237445968137863
271.6000000000617,740.6500000000617,372.7019705115743,64.02839594109582,31.805373925017513,58.04424945191855,30.89233340114921,58.22917796117967,28.951414747652034,1.5920240084987907,0.6335907769868727,1.6374092858342435,1.6544848052658394
271.70000000006183,740.7500000000618,372.80197051157444,64.99346853788538,32.42286516131203,55.18352601780521,30.637194443675412,58.23190469711075,30.106423068963355,1.3788373416508328,2.1107271637406377,1.5301121633128492,1.5485188186266443
271.80000000006174,740.8500000000618,372.90197051157435,62.15283206748227,32.69349582969667,51.44093951341875,29.067487281443853,59.87133082313335,30.846669653953157,3.497765600296214,2.8520788285054905,1.5987523377917974,1.6152723317350526
271.9000000000619,740.9500000000619,373.0019705115745,55.50648653928825,32.61726593103073,52.629800737825406,28.01413606142502,56.56373601336714,30.263571044709938,-1.4446500476295085,1.6865198736448388,1.5039022236544426,1.5218398818531067
272.0000000000618,741.0500000000618,373.1019705115744,48.860141016805315,32.541036031457395,55.739253521354705,27.16188377191795,54.81347619788146,30.881575691541673,-3.8166315445396624,2.3453655802613786,1.5489045762791676,1.5649923058328552
272.1000000000619,741.1500000000619,373.20197051157453,51.42380156995881,30.997343061101446,53.384470575090106,26.611635827655505,55.127465353898515,29.662378141782774,-2.8887119379902817,0.41908588393964763,1.4711344301345592,1.488572253078126
272.20000000006183,741.2500000000618,373.30197051157444,53.987462123106475,29.45365009074901,48.90159754315383,26.179005878797675,54.83859416009975,29.7042867301767,-2.8887119379902817,0.41908588393964763,1.7097520753180138,1.7280291726734798
272.30000000006197,741.350000000062,373.4019705115746,55.11839653690964,28.249756721807245,50.92393161176983,25.918165692269458,52.158874037358764,28.302453819235215,-6.074882870806744,-1.5051728882714073,1.4404149421460388,1.4572904836982703
272.4000000000619,741.4500000000619,373.5019705115745,54.816604814914,27.38566295343947,55.47977034974295,25.724230395668474,51.55138575027864,28.15193653040821,-6.074882870806744,-1.5051728882714073,1.6750787850889681,1.6927362446851688
272.500000000062,741.550000000062,373.6019705115746,54.51481309362014,26.521569185545946,56.10221355118181,27.005538794459422,53.367295876319766,26.934225691479234,-2.767048197333457,-2.948841142218348,1.4073995646262765,1.4237445968142917
272.6000000000619,741.6500000000619,373.70197051157453,55.34471805232675,26.424659619795875,55.192764561609295,28.86139258941006,53.090591056586675,26.639341577257667,-2.767048197333457,-2.948841142218348,1.6374092858348377,1.6544848052664352
272.70000000006206,741.7500000000621,373.80197051157467,56.174623011035244,26.327750054045584,54.09469970092688,31.042119830826334,53.57308569656223,27.446698418652524,-1.7326943738689753,-1.4573728596739282,1.5301121633133947,1.5485188186271923
272.80000000006197,741.850000000062,373.9019705115746,55.66415282771264,28.266563102531947,52.923176888366434,33.34937162108532,54.04920583714297,27.071088433185626,-0.8162967183073749,-1.7794154217976588,1.5987523377923665,1.6152723317356235
272.9000000000621,741.9500000000621,374.0019705115747,53.81330750568468,32.24109876020925,54.33396305714186,34.71541145517118,53.420917453845476,29.527356091373225,-1.5550279808582523,1.7565780901927286,1.5039022236549888,1.5218398818536554
273.000000000062,742.050000000062,374.1019705115746,51.962462184857976,36.21563441461226,56.75045000696275,35.714888803392824,52.98862694097883,31.09074403481486,-1.963881798075914,3.7912829522717786,1.5489045762797453,1.564992305833434
273.10000000006215,742.1500000000622,374.20197051157476,52.04007344744064,34.92982593819467,57.12551320559005,35.22746955703116,54.43398009208577,33.20310052318468,0.22601097868398812,6.087908077637739,1.4711344301351081,1.4885722530786771
273.20000000006206,742.2500000000621,374.30197051157467,52.11768471002313,33.644017461779995,56.70552768004631,34.16096660019457,54.45658118995415,33.8118913309479,0.22601097868398812,6.087908077637739,1.7097520753186464,1.7280291726741146
273.3000000000622,742.3500000000622,374.4019705115748,51.677233148553434,33.62317900947817,55.90617611655758,35.28058214580996,54.830080714103026,34.188403221798566,0.6721754793707927,5.769277557194054,1.4404149421465553,1.4572904836987892
273.4000000000621,742.4500000000621,374.5019705115747,50.718718764322226,34.86731057814272,54.959077430856134,37.25159893784968,54.897298262040046,34.76533097751744,0.6721754793707927,5.769277557194054,1.6750787850895712,1.6927362446857739
273.50000000006224,742.5500000000623,374.60197051157485,49.76020438191591,36.111442143798826,55.47508071015793,36.9432813083716,53.97734178203683,36.42857013609985,-0.8018128769618541,7.214178140685646,1.40739956462678,1.4237445968147975
273.60000000006215,742.6500000000622,374.70197051157476,51.73437072423068,32.522099856992455,56.56090069209985,35.747258751039915,53.89716049434072,37.149987950167755,-0.8018128769618541,7.214178140685646,1.6374092858354317,1.6544848052670313
273.7000000000623,742.7500000000623,374.8019705115749,53.70853706654993,28.932757570177916,55.29037062033464,35.29126428483119,54.99653707547326,37.11437020737006,0.805248582338351,6.1898154402510945,1.53011216331394,1.5485188186277405
273.8000000000622,742.8500000000622,374.9019705115748,55.10963526406671,29.649355938369936,53.10214126992466,35.12347964735244,55.00566348996136,35.57314688579384,0.7044933982714199,3.1634538447058325,1.5987523377929356,1.6152723317361943
273.90000000006233,742.9500000000623,375.00197051157494,55.93766531821548,34.671894950841306,52.26401422969138,34.318532200923904,54.107447295833595,35.668416101375435,-0.6045198816378519,2.8666953720911987,1.5039022236555353,1.521839881854204
274.00000000006224,743.0500000000623,375.10197051157485,56.765695370404835,39.694433959318836,51.95169527735434,33.26543662844445,54.62453193671037,36.75187801074334,0.2485817654241892,4.03496092566283,1.5489045762803226,1.5649923058340125
274.1000000000624,743.1500000000624,375.201970511575,54.45164736125012,38.32468513560457,55.40459532091875,33.75939056647891,53.638472218388095,35.748455223204296,-1.0998656143025136,2.1707140468115904,1.4711344301356573,1.4885722530792282
274.2000000000623,743.2500000000623,375.3019705115749,52.137599352100665,36.95493631189342,60.32388986347206,34.855855246746835,53.52848565695795,35.96552662788526,-1.0998656143025136,2.1707140468115904,1.7097520753192794,1.7280291726747496
274.3000000000624,743.3500000000624,375.40197051157503,51.42381210589341,36.25352816992592,58.41012001910379,35.0195205536268,55.865894806856986,35.917521905084584,2.143312140071079,1.8211129709929361,1.440414942147072,1.4572904836993081
274.40000000006233,743.4500000000623,375.50197051157494,52.31028561863644,36.22046070803671,53.835158876394246,34.819899721959814,56.0802260208639,36.09963320218371,2.143312140071079,1.8211129709929361,1.6750787850901743,1.6927362446863792
274.50000000006247,743.5500000000625,375.6019705115751,53.19675913010041,36.187393247496416,53.00017347304654,37.08221296624312,54.55192674067148,35.80688439711307,-0.253189268459385,1.197584027287852,1.4073995646272834,1.423744596815303
274.6000000000624,743.6500000000624,375.701970511575,52.03440851923851,38.3117522020952,53.621751381565076,40.30334602678575,54.52660781382557,35.92664279984175,-0.253189268459385,1.197584027287852,1.6374092858360252,1.654484805267627
274.7000000000625,743.7500000000625,375.8019705115751,50.87205790837396,40.43611115669882,52.298248273557746,40.29855843109408,54.215907677572424,38.09333231389486,-0.6420003263704065,3.967334882156251,1.5301121633144854,1.5485188186282883
274.8000000000624,743.8500000000624,375.90197051157503,50.592682775421345,40.40834991029914,50.217217886044125,39.0374103661616,53.33703683474422,39.16350995436784,-1.7916375331299537,4.910803509410692,1.5987523377935047,1.6152723317367654
274.90000000006256,743.9500000000626,376.00197051157517,51.19628311817097,38.22846846827873,49.24089542457081,38.61145215463437,51.762928999177454,39.42147629676662,-3.676705458427998,4.597886212771314,1.5039022236560815,1.5218398818547525
275.00000000006247,744.0500000000625,376.1019705115751,51.79988346155522,36.04858702740266,48.694810255405926,38.51076527738591,51.4812134160164,39.06458558115919,-3.549738065280168,3.4004621774357773,1.5489045762809002,1.5649923058345911
275.1000000000626,744.1500000000626,376.2019705115752,53.4206293905273,35.69092929302085,49.9716419692357,40.29220380399844,50.08879162591171,39.1599453696372,-4.933573510435629,3.0762388561722016,1.4711344301362062,1.4885722530797794
275.2000000000625,744.2500000000625,376.3019705115751,55.041375319495714,35.33327155863986,51.958423168665554,42.80665104580165,49.595434274868595,39.46756925525414,-4.933573510435629,3.0762388561722016,1.7097520753199122,1.7280291726753847
275.30000000006265,744.3500000000627,376.40197051157526,53.40064338822002,36.412955199661674,51.74464204501896,42.551695627918086,51.27649389457875,40.3806859626226,-1.968121735716554,3.8364386354417013,1.4404149421475885,1.457290483699827
275.40000000006256,744.4500000000626,376.50197051157517,48.498433604879835,38.929980212479904,50.67383441408818,41.21817430721707,51.079681721007276,40.764329826166424,-1.968121735716554,3.8364386354417013,1.6750787850907773,1.6927362446869845
275.5000000000627,744.5500000000627,376.6019705115753,43.59622382619948,41.44700522270361,49.40096387755968,40.47064397660878,49.387295036638584,41.19163318626781,-4.181045372356372,3.9034680931447214,1.407399564627787,1.423744596815809
275.6000000000626,744.6500000000626,376.7019705115752,46.13717303197132,39.82054470246385,48.04939833457267,39.95133250000741,48.969190499403325,41.581979995581925,-4.181045372356372,3.9034680931447214,1.6374092858366196,1.654484805268223
275.70000000006274,744.7500000000628,376.80197051157535,48.67812223774895,38.194084182220394,47.9772721559933,39.75427631877056,48.08509608532304,41.236579112578994,-4.815922550737817,2.9079105052559426,1.5301121633150307,1.5485188186288363
275.80000000006265,744.8500000000627,376.90197051157526,49.273226168361155,37.48226282313197,48.403433818780535,39.68272502659987,48.04386916467372,40.68706004417228,-4.194493174985425,1.7306692570860114,1.598752337794074,1.615272331737336
275.9000000000628,744.9500000000628,377.0019705115754,47.92248482869511,37.685080622899406,48.61239682780403,39.90882060450872,47.85223946447872,40.45492319553535,-3.886627462805921,1.18674969408407,1.5039022236566282,1.5218398818553014
276.0000000000627,745.0500000000627,377.1019705115753,46.57174349023692,37.887898424294114,48.73677009280142,40.25083712443793,47.274123544130205,40.001320622318545,-4.166476058915276,0.3476702004894694,1.5489045762814775,1.5649923058351705
276.10000000006283,745.1500000000628,377.20197051157544,47.1408158439863,40.68450720757989,49.623763497174906,40.770484693297725,47.44718058203042,40.15733240410221,-3.379878368070705,0.5083263490684239,1.471134430136755,1.4885722530803307
276.20000000006274,745.2500000000628,377.30197051157535,47.70988819773439,43.48111599085931,50.8077653832301,41.35931208762712,47.10919274522366,40.20816503900901,-3.379878368070705,0.5083263490684239,1.7097520753205449,1.7280291726760197
276.3000000000629,745.3500000000629,377.4019705115755,49.630023743818654,45.092680883884064,49.79130128963956,43.05620398107731,48.39355857629259,41.50337466991176,-1.2039241772120777,2.202629838972164,1.440414942148105,1.457290483700346
276.4000000000628,745.4500000000628,377.5019705115754,52.9012224788328,45.51920188962691,47.91784821049276,45.1846404109157,48.27316615857149,41.72363765380877,-1.2039241772120777,2.202629838972164,1.6750787850913802,1.6927362446875898
276.5000000000629,745.5500000000629,377.60197051157553,56.17242121051823,45.94572289440599,47.247158918837144,45.35147649327585,49.27628375671538,43.97000327135963,0.5443846489826156,4.983317347049915,1.4073995646282906,1.4237445968163145
276.60000000006283,745.6500000000628,377.70197051157544,54.14666772970915,44.840482386109315,47.04489555498317,44.75435171125327,49.33072222161359,44.468335006064166,0.5443846489826156,4.983317347049915,1.6374092858372138,1.654484805268819
276.70000000006297,745.750000000063,377.8019705115756,52.120914248895474,43.73524187781013,46.35118236726707,44.857081837405374,48.45519019776741,44.958459451616704,-0.7226322310203208,4.972211870161971,1.5301121633155763,1.5485188186293846
276.8000000000629,745.8500000000629,377.9019705115755,49.420932258250915,43.73554395743861,45.46607013503278,45.23237602650635,48.94564847733347,45.030508639501676,0.07146222826021631,4.376562711992121,1.598752337794643,1.6152723317379072
276.900000000063,745.950000000063,378.0019705115756,46.04672175946179,44.84138862220956,45.688174417873284,45.71270440837239,47.5285337138043,45.537802845003995,-1.8532233105987959,4.470040209469352,1.503902223657174,1.52183988185585
277.0000000000629,746.0500000000629,378.10197051157553,42.672511262884214,45.94723328594236,46.341492982969825,46.233939192398495,46.3510091026252,45.976800566757575,-3.318843596526431,4.4583012874044305,1.5489045762820548,1.5649923058357489
277.10000000006306,746.1500000000631,378.20197051157567,42.79748646962686,45.408759152802425,48.63503443681426,46.03298085473659,46.11652575554325,46.523153844942534,-3.1889219274656884,4.591500130815269,1.471134430137304,1.488572253080882
277.20000000006297,746.250000000063,378.3019705115756,42.92246167636923,44.87028501966371,51.56737374642831,45.550758659122906,45.797633562796975,46.98230385802364,-3.1889219274656884,4.591500130815269,1.7097520753211777,1.7280291726766548
277.3000000000631,746.3500000000631,378.4019705115757,43.96055341308273,44.57952089743932,51.35652197370291,45.49960627316821,47.36568001778616,46.40878713327519,-0.6954829701312231,3.197335151603687,1.4404149421486214,1.457290483700865
277.400000000063,746.450000000063,378.5019705115756,45.911761677458074,44.536466785505404,49.92152942263403,45.61633745473891,47.296131720773104,46.72852064843527,-0.6954829701312231,3.197335151603687,1.6750787850919833,1.692736244688195
277.50000000006315,746.5500000000632,378.60197051157576,47.86296994022985,44.49341267363696,47.166974202725385,47.484790871458976,48.08793256383475,46.21139078442022,0.458866098831893,2.0186631853411097,1.4073995646287942,1.4237445968168203
277.60000000006306,746.6500000000631,378.70197051157567,47.27026797340135,44.554102588295905,43.8985048012859,50.03546645163653,48.133819173717896,46.41325710295415,0.458866098831893,2.0186631853411097,1.6374092858378075,1.654484805269415
277.7000000000632,746.7500000000632,378.8019705115758,46.6775660065715,44.614792502954984,42.485818587023516,50.363819761238496,46.142764469026396,48.285353026002824,-2.3163176950376587,4.278690330042041,1.5301121633161217,1.5485188186299326
277.8000000000631,746.8500000000631,378.9019705115757,46.44691642564748,44.74925241799338,41.795881902040705,49.826671978872255,45.98526989011917,47.90377851934737,-2.211697679630352,3.1446919388741557,1.598752337795212,1.6152723317384778
277.90000000006324,746.9500000000633,379.00197051157585,46.57831922971282,44.957482333225194,43.290946226681235,49.5247981186994,44.11411139928958,48.8543180020988,-4.441422052202887,3.998511906656143,1.5039022236577204,1.5218398818563985
278.00000000006315,747.0500000000632,379.10197051157576,46.70972203335972,45.16571224906339,45.63697658122739,49.31455355967133,44.3157074390166,48.382987632043665,-3.4875771657756944,2.7211761240134003,1.5489045762826323,1.5649923058363275
278.1000000000633,747.1500000000633,379.2019705115759,46.179608718733114,46.33402012407206,46.63432561677004,46.752704428251036,44.725538219042726,48.94278140875237,-2.4757079766634917,3.102363269208549,1.4711344301378526,1.488572253081433
278.2000000000632,747.2500000000632,379.3019705115758,45.64949540410771,47.50232799907808,47.10641998076079,43.2750041836959,44.477967421376604,49.25301773567294,-2.4757079766634917,3.102363269208549,1.7097520753218103,1.7280291726772896
278.30000000006333,747.3500000000633,379.40197051157594,46.02550175200822,46.805328291331804,45.93056553224059,43.37273654977869,45.39558480691483,46.90231293820596,-0.9102873305638094,-0.4384712454561489,1.440414942149138,1.457290483701384
278.40000000006324,747.4500000000633,379.50197051157585,47.30762776013778,44.24302100556114,44.11290430546924,44.86294959686273,45.304556073858535,46.85846581366039,-0.9102873305638094,-0.4384712454561489,1.6750787850925861,1.6927362446888006
278.5000000000634,747.5500000000634,379.601970511576,48.589753765213544,41.68071372287328,43.53883548507571,45.66458892298145,45.2455165328337,45.391925607463335,-0.7542790770784595,-2.4686638339748446,1.4073995646292976,1.423744596817326
278.6000000000633,747.6500000000633,379.7019705115759,45.053413050584595,43.98721423691099,43.44909362298386,46.19805773428104,45.17008862512592,45.145059224066074,-0.7542790770784595,-2.4686638339748446,1.6374092858384013,1.6544848052700107
278.7000000000634,747.7500000000634,379.80197051157603,41.51707233594761,46.29371475095393,43.31463541229702,45.39401656828979,44.414272178693636,45.39440461475169,-1.6812587758509496,-1.7972279571843905,1.530112163316667,1.5485188186304804
278.80000000006333,747.8500000000633,379.90197051157594,42.28344877982737,47.74203302882174,43.16276206382895,44.06907149867897,43.287418033471745,45.66463043023138,-3.0341852264593863,-1.1668677452524416,1.5987523377957813,1.6152723317390487
278.90000000006347,747.9500000000635,380.0019705115761,47.35254237130924,48.332169072698626,43.37691914040844,45.83912910041116,42.95261772628502,44.81744116772282,-3.0765932313595274,-2.1474474416703364,1.5039022236582666,1.5218398818569472
279.0000000000634,748.0500000000634,380.101970511576,52.42163595870178,48.92230511737372,43.73362967863498,48.81456012034912,44.72182943189032,45.52313254256481,-0.008766869772653507,-0.7978940954374949,1.5489045762832097,1.5649923058369064
279.1000000000635,748.1500000000635,380.2019705115761,51.062617589431284,50.772824376374444,43.56251713303924,47.88965709493477,44.39657525550503,46.94168178743675,-0.44144886883115136,1.18748914125875,1.4711344301384015,1.4885722530819843
279.2000000000634,748.2500000000634,380.30197051157603,49.70359922016388,52.62334363537096,43.185839687404766,45.445737939447056,44.35243036862195,47.06043070156252,-0.44144886883115136,1.18748914125875,1.709752075322443,1.7280291726779247
279.30000000006356,748.3500000000636,380.40197051157617,47.92059631214806,52.75397497961467,43.18622594278807,46.56340202601132,44.66466868556559,47.470960225721576,0.07954530709931928,1.635737511953972,1.4404149421496546,1.4572904837019027
279.40000000006347,748.4500000000635,380.5019705115761,45.7136088664697,51.164718413477,43.33346265693994,49.06815304675858,44.67262321627551,47.63453397691683,0.07954530709931928,1.635737511953972,1.6750787850931894,1.6927362446894056
279.5000000000636,748.5500000000636,380.6019705115762,43.506621420636016,49.57546184743388,41.39944048510254,49.73765954801113,44.040042696157975,48.80210425602746,-0.8025231271044941,3.006782480000696,1.4073995646298012,1.4237445968178315
279.6000000000635,748.6500000000635,380.7019705115761,41.06352471005683,48.14040812687598,38.654855478933555,49.69241546756388,43.9597903834476,49.10278250402726,-0.8025231271044941,3.006782480000696,1.6374092858389955,1.6544848052706067
279.70000000006365,748.7500000000637,380.80197051157626,38.6204279994721,46.705354406314825,37.88153732582658,49.161611887314265,41.49257386877935,49.59569608787563,-4.0545875446787045,3.2669006553775395,1.5301121633172123,1.5485188186310288
279.80000000006356,748.8500000000636,380.90197051157617,39.450385671409784,45.53953632708956,37.87594473459723,48.44170329612853,40.27285451677805,49.13036083037178,-5.203645872547448,2.1573044969220154,1.5987523377963502,1.6152723317396196
279.9000000000637,748.9500000000637,381.0019705115763,43.55339771753854,44.642953888509254,37.86653250208017,49.1359056253844,38.892274925448554,48.98695884364994,-6.36610373280704,1.6752281436365117,1.5039022236588129,1.5218398818574959
280.0000000000636,749.0500000000636,381.1019705115762,47.6564097593771,43.74637145224837,37.85563267986963,50.380844705099065,40.25267583333101,48.00210413383816,-3.416241286870947,-0.014400187712157564,1.5489045762837872,1.564992305837485
280.10000000006374,749.1500000000638,381.20197051157635,45.035327900545084,46.48976266935007,37.84473285765906,51.62578378481656,39.06926984533968,48.986154905642955,-4.539080785750312,1.29143070022591,1.4711344301389504,1.4885722530825354
280.20000000006365,749.2500000000637,381.30197051157626,42.414246041719025,49.233153886445535,37.83383303544852,52.870722864531224,38.61536176676506,49.11529797566543,-4.539080785750312,1.29143070022591,1.7097520753230757,1.7280291726785597
280.3000000000638,749.3500000000638,381.4019705115764,40.977577406764944,50.52156974612728,37.770596926015536,51.286491832372974,38.39261118381155,50.89517256995611,-4.20432524282513,3.493785623691406,1.440414942150171,1.4572904837024216
280.4000000000637,749.4500000000637,381.5019705115763,40.72532199266777,50.355010252101266,37.686978033068904,48.60041798762136,37.97217865952942,51.24455113232493,-4.20432524282513,3.493785623691406,1.6750787850937925,1.692736244690011
280.50000000006384,749.5500000000638,381.60197051157644,40.47306657893129,50.188450757669806,37.86591365055119,49.14800273808662,38.000332227451956,50.1912197291339,-3.5157470671879465,1.6142698615989612,1.407399564630305,1.4237445968183373
280.60000000006374,749.6500000000638,381.70197051157635,40.786234556076444,49.387891604090335,38.14710321134177,50.95496155961576,37.64875752073348,50.352646715293645,-3.5157470671879465,1.6142698615989612,1.6374092858395897,1.6544848052712027
280.7000000000639,749.7500000000639,381.8019705115765,41.09940253322231,48.587332450509045,40.172024168819334,51.941289166313936,37.563699281581975,50.929058532670055,-3.1526378424397947,2.17579564263658,1.530112163317758,1.5485188186315766
280.8000000000638,749.8500000000638,381.9019705115764,40.28177418565926,49.19908652310984,42.87605519410623,52.60801541639272,38.05410647532091,50.54791778167279,-2.0157009090099636,1.3370121562053698,1.5987523377969195,1.6152723317401905
280.9000000000639,749.9500000000639,382.00197051157653,38.33334951627352,51.22315381828608,41.61620702642218,50.70463000171209,40.00491424824168,51.51608471461804,0.8929307170349783,2.4571454250515696,1.5039022236593595,1.5218398818580443
281.00000000006384,750.0500000000638,382.10197051157644,36.384924849370336,53.24722110983202,38.81259456530862,47.80029414807652,39.30624011342698,52.0783177255348,-0.27100605841643155,2.9212282107743697,1.5489045762843647,1.564992305838064
281.100000000064,750.150000000064,382.2019705115766,38.31511268554505,49.596557590657156,38.379321326477445,49.6195925671033,38.81451596595589,50.501405303856814,-0.890760046797815,0.4446510839518205,1.4711344301394993,1.4885722530830867
281.2000000000639,750.2500000000639,382.3019705115765,40.24530052171537,45.9458940714906,38.86919555923633,53.27854794092893,38.725439961276194,50.54587041225196,-0.890760046797815,0.4446510839518205,1.7097520753237085,1.728029172679195
281.300000000064,750.350000000064,382.4019705115766,40.04938734407065,47.115687217753404,39.60204728272463,52.88818421535312,39.17303371790607,50.784041445983455,-0.14994514176521023,0.6399443407275174,1.4404149421506873,1.4572904837029408
281.4000000000639,750.4500000000639,382.50197051157653,37.72737315805509,53.105937017098796,40.429528523416664,50.9207809449246,39.158039203729565,50.84803588005615,-0.14994514176521023,0.6399443407275174,1.6750787850943953,1.6927362446906162
281.50000000006406,750.5500000000641,382.60197051157667,35.40535897550389,59.09618681033615,40.83137765171786,49.854813662095935,38.99150058010749,52.19124367266029,-0.4753936755510866,2.5846008225475963,1.4073995646308084,1.423744596818843
281.600000000064,750.650000000064,382.7019705115766,38.49457585857891,55.53915167701258,41.06746096697099,49.1399177976248,38.94396121255242,52.449703754914815,-0.4753936755510866,2.5846008225475963,1.6374092858401834,1.6544848052717984
281.7000000000641,750.7500000000641,382.8019705115767,41.58379274166097,51.98211654368093,41.594606317365596,48.812634923218994,39.76534255133791,51.310268764848566,0.7084473340729633,0.6930759685113841,1.5301121633183032,1.5485188186321246
281.800000000064,750.850000000064,382.9019705115766,42.987677201858745,50.29919497551964,42.23510809340805,48.63631101214234,40.53256034368127,51.13987708117826,1.6911465646351136,0.35726675495035265,1.5987523377974886,1.6152723317407611
281.90000000006415,750.9500000000642,383.00197051157676,42.70622924350112,50.490386967714386,42.56545614013855,48.65704054053181,41.402287536237935,50.20763083380493,2.6379244582082952,-0.9420780254719224,1.5039022236599056,1.5218398818585932
282.00000000006406,751.0500000000641,383.10197051157667,42.42478128343481,50.68157895939141,42.77501234900607,48.75451409893153,41.82725178582454,50.23448752459921,2.8759975506127375,-0.7645719620694104,1.5489045762849423,1.5649923058386426
282.1000000000642,751.1500000000642,383.2019705115768,39.47748240769123,50.06602222450269,42.18672284395039,51.28470521633205,42.45307964189338,49.641019001235264,3.327154661263428,-1.4496411345782896,1.4711344301400482,1.4885722530836378
282.2000000000641,751.2500000000641,383.3019705115767,36.53018353195435,49.45046548961537,41.287705976924904,54.762337544899935,42.78579510801942,49.49605488777757,3.327154661263428,-1.4496411345782896,1.7097520753243414,1.7280291726798298
282.30000000006424,751.3500000000643,383.40197051157685,36.47994612033472,48.483520760824135,39.638715471707165,54.67082421498569,41.132616749293774,51.47591873587131,0.5999551813650168,1.3650480025751723,1.4404149421512042,1.4572904837034597
282.40000000006415,751.4500000000642,383.50197051157676,39.32677016538909,47.16518803903622,37.69764176534887,53.189278707677104,41.19261226743022,51.6124235361287,0.5999551813650168,1.3650480025751723,1.6750787850949984,1.6927362446912215
282.5000000000643,751.5500000000643,383.6019705115769,42.1735942062968,45.8468553183722,36.31733385877464,53.484796182342386,40.0582493085347,51.07924781869139,-0.9398226729102503,0.2929565196243866,1.4073995646313118,1.4237445968193487
282.6000000000642,751.6500000000642,383.7019705115768,38.56610404966388,46.279814093299564,35.155420655101715,54.47240497592591,39.96426704124376,51.10854347065381,-0.9398226729102503,0.2929565196243866,1.6374092858407776,1.6544848052723946
282.70000000006434,751.7500000000643,383.80197051157694,34.95861389302276,46.71277286822791,37.36167121323775,51.99037077093813,37.85548239943405,52.55518866414519,-3.684843777640471,2.2108056756457044,1.5301121633188486,1.5485188186326726
282.80000000006424,751.8500000000643,383.90197051157685,33.786504664699095,48.068518820555646,40.879679949828756,48.15705649124034,36.541858855612055,51.57150192885995,-5.018593725805178,0.5229743245717176,1.5987523377980575,1.615272331741332
282.9000000000644,751.9500000000644,384.001970511577,35.04977635841922,50.34705194791379,41.208475029646124,48.731919986319724,38.12676996278171,49.9229324562187,-2.198621119824436,-1.7601603407898287,1.503902223660452,1.5218398818591417
283.0000000000643,752.0500000000643,384.1019705115769,36.31304805040026,52.62558507139905,40.2952054733663,51.02358339288857,37.568322352538885,50.36031240084112,-2.6987588283482236,-0.8607925535796318,1.5489045762855196,1.5649923058392212
283.1000000000644,752.1500000000644,384.20197051157703,34.878110061285945,48.89338511149464,39.71888123092489,52.047153543200544,38.228704684774655,50.754585543719145,-1.4579021188654344,-0.22429852977978282,1.471134430140597,1.488572253084189
283.20000000006434,752.2500000000643,384.30197051157694,33.44317207217489,45.161185151598715,39.273783022127475,52.57685468428849,38.08291447288824,50.73215569074119,-1.4579021188654344,-0.22429852977978282,1.709752075324974,1.7280291726804649
283.3000000000645,752.3500000000645,384.4019705115771,33.87534082715743,45.68857841772592,38.855386191818276,51.638766328506236,37.426969638030414,50.13216461905225,-2.189868044016159,-1.0609893375399828,1.4404149421517207,1.4572904837039784
283.4000000000644,752.4500000000644,384.501970511577,36.17461632141742,50.475564898890845,38.447388425832926,50.12903567356222,37.207982833628996,50.02606568529835,-2.189868044016159,-1.0609893375399828,1.6750787850956015,1.6927362446918266
283.5000000000645,752.5500000000645,384.6019705115771,38.473891813104814,55.26255137712717,38.16822958044875,51.961875790715865,37.64605836891039,50.766183305239466,-1.2755693528340983,0.22304300420612044,1.4073995646318156,1.4237445968198543
283.6000000000644,752.6500000000644,384.70197051157703,36.78113468400652,55.49742438142864,37.939248077900515,55.0965066928173,37.518501433627094,50.78848760566006,-1.2755693528340983,0.22304300420612044,1.6374092858413716,1.6544848052729904
283.70000000006456,752.7500000000646,384.80197051157717,35.08837755490437,55.73229738573063,38.27939988892069,55.824123093823616,37.54568506068786,52.83212103140514,-1.0647466365394456,2.958151206845959,1.530112163319394,1.5485188186332206
283.8000000000645,752.8500000000645,384.9019705115771,35.487920958465295,54.29144360472619,38.841205197660216,55.61430854409599,36.75899033955539,53.73062789042469,-2.024651271733148,3.8024984999615086,1.5987523377986268,1.6152723317419029
283.9000000000646,752.9500000000646,385.0019705115772,37.97976488928677,51.1748630427371,37.71229697830222,54.22938239785253,37.433471639558924,54.75982626379075,-0.8395832800454084,4.67360538392648,1.5039022236609982,1.5218398818596903
284.0000000000645,753.0500000000645,385.1019705115771,40.47160881724387,48.0582824853422,35.924926921956896,52.386799689663654,38.01274370551379,53.69961360313623,0.14009993486532724,2.433861115082565,1.548904576286097,1.5649923058397999
284.10000000006465,753.1500000000647,385.20197051157726,38.536414297609866,52.04531500526123,36.20863833160309,53.65894887591879,37.079621718668434,53.25755086380294,-1.123264423030351,1.5256027223207207,1.471134430141146,1.4885722530847403
284.20000000006456,753.2500000000646,385.30197051157717,36.60121977798026,56.032347525171204,37.29894889834231,56.14415518323747,36.967295276365505,53.41011113603487,-1.123264423030351,1.5256027223207207,1.7097520753256066,1.7280291726811
284.3000000000647,753.3500000000647,385.4019705115773,34.59257868565762,55.8309017727875,36.78687564882422,55.08070054700896,36.87198309293091,55.51039253849661,-1.112862113254009,4.151475045150634,1.4404149421522372,1.4572904837044975
284.4000000000646,753.4500000000646,385.5019705115772,32.510491020841116,51.440977758948776,35.65074127146039,52.63519166865439,36.76069688160561,55.925540043011296,-1.112862113254009,4.151475045150634,1.6750787850962048,1.692736244692432
284.50000000006474,753.5500000000648,385.60197051157735,30.42840335814089,47.051053749924144,34.12620217788491,51.75694395974531,35.091216391565226,53.35022245571472,-3.372183905204518,-0.06576540953818544,1.407399564632319,1.42374459682036
284.60000000006465,753.6500000000647,385.70197051157726,31.619413635315528,50.10552780686896,32.450395776943566,51.48907858440326,34.75399800104508,53.343645914760906,-3.372183905204518,-0.06576540953818544,1.6374092858419655,1.6544848052735863
284.7000000000648,753.7500000000648,385.8019705115774,32.81042391249287,53.16000186382073,33.875222664925275,53.92622172565548,33.36018925152775,52.584861494143546,-4.811711112030846,-1.0835956658687271,1.5301121633199393,1.5485188186337688
284.8000000000647,753.8500000000647,385.9019705115773,32.75002160411786,54.626291176457826,36.50761585985663,57.4168519581767,32.938937328269034,52.92941923478044,-4.727155084004261,-0.4490764281972164,1.5987523377991961,1.6152723317424738
284.90000000006484,753.9500000000648,386.00197051157744,31.438206713433953,54.50439574890358,37.068383786932465,56.522551764491176,34.161364580008566,54.953556545446254,-2.436411471706464,2.3282768399108464,1.5039022236615445,1.521839881860239
285.00000000006474,754.0500000000648,386.10197051157735,30.12639182556691,54.38250032075031,36.82234076895632,53.9205055242421,33.11232643220695,55.01509005976677,-3.626094468812968,2.0771234843499498,1.5489045762866744,1.5649923058403785
285.1000000000649,754.1500000000649,386.2019705115775,33.156890457147284,53.33577867631992,36.789561376496245,53.231180261189174,34.116929473217745,54.54290029471442,-1.802391370679088,1.1762148314678864,1.4711344301416946,1.4885722530852912
285.2000000000648,754.2500000000648,386.3019705115774,36.187389088720764,52.28905703189191,36.839839199989754,53.28677940274473,33.93669033615,54.660521777861106,-1.802391370679088,1.1762148314678864,1.7097520753262394,1.7280291726817347
285.3000000000649,754.3500000000649,386.40197051157753,35.639224043637824,52.36454437254912,35.25770256511268,55.436239393622444,35.449700212164394,53.792137257330104,0.4952070989729688,-0.1593536951666843,1.4404149421527537,1.4572904837050162
285.40000000006484,754.4500000000648,386.50197051157744,31.51239533119334,53.56224069537728,33.03980912986737,58.401170153675714,35.499220922061646,53.77620188781345,0.4952070989729688,-0.1593536951666843,1.6750787850968076,1.6927362446930372
285.500000000065,754.550000000065,386.6019705115776,27.385566624672318,54.75993701728761,32.236742900963726,54.721400999900744,33.08234992649686,55.74088615697188,-3.0241453480955247,2.4616083829663804,1.4073995646328226,1.4237445968208655
285.6000000000649,754.6500000000649,386.7019705115775,32.382148033608175,54.54204963725797,31.984692385731368,48.45380059104027,32.77993539168758,55.987046995268294,-3.0241453480955247,2.4616083829663804,1.6374092858425597,1.6544848052741818
285.700000000065,754.750000000065,386.8019705115776,37.37872944255539,54.324162257227826,32.43911277365554,48.17740370888845,32.16942396608176,52.581423585399776,-3.4439048630889655,-2.479707173360346,1.5301121633204848,1.5485188186343164
285.8000000000649,754.8500000000649,386.90197051157753,38.490693797645974,54.6602705919793,33.16867387639077,50.23432871382514,33.47403415812641,52.702619587175384,-1.1168882201878252,-1.9625191978773926,1.598752337799765,1.6152723317430444
285.90000000006506,754.9500000000651,387.00197051157767,35.718041108989475,55.550374640072874,32.32573393085495,52.81275596963861,33.33578141198953,51.812684609886475,-1.1527855740399988,-2.8936748518593065,1.5039022236620907,1.5218398818607874
286.000000000065,755.050000000065,387.1019705115776,32.94538842075543,56.44047868771494,30.870370939262394,55.594286426780386,33.16205997445568,52.57108173198365,-1.2391138081134354,-1.3574311054236687,1.5489045762872518,1.5649923058409574
286.1000000000651,755.1500000000651,387.2019705115777,30.812683541091516,56.63937473200654,32.65395414313844,55.13128671412864,32.0646586916007,53.82281748066911,-2.5376365806013057,0.481056649169727,1.4711344301422438,1.4885722530858425
286.200000000065,755.250000000065,387.3019705115776,28.679978661432457,56.83827077629767,35.6989707159893,53.40467890926391,31.8108950335408,53.87092314558604,-2.5376365806013057,0.481056649169727,1.7097520753268722,1.7280291726823698
286.30000000006515,755.3500000000652,387.40197051157776,27.39432288738676,56.64369250545511,32.3632837177582,52.89939863558719,32.549698811151046,54.1057330510734,-1.2518139677785356,0.7576586061903556,1.4404149421532704,1.4572904837055354
286.40000000006506,755.4500000000651,387.50197051157767,26.95571621675312,56.055639920505,26.542580940833666,52.869774087359474,32.424517414373305,54.181498911692366,-1.2518139677785356,0.7576586061903556,1.675078785097411,1.6927362446936425
286.5000000000652,755.5500000000652,387.6019705115778,26.517109548641294,55.46758733486061,27.516136413149095,53.60639019298072,28.785148157641594,54.02751445239651,-6.0689126244542875,0.49794139434751905,1.4073995646333264,1.4237445968213713
286.6000000000651,755.6500000000651,387.7019705115777,29.944507866637853,53.81764085018091,31.135769824330577,54.641424818419836,28.178256895196718,54.07730859183122,-6.0689126244542875,0.49794139434751905,1.637409285843154,1.654484805274778
286.70000000006524,755.7500000000653,387.80197051157785,33.37190618464221,52.16769436549746,32.56458364543229,54.67449814144179,29.20515366061453,54.45496821129931,-3.8429957435451945,0.9415839227045228,1.5301121633210304,1.5485188186348646
286.80000000006515,755.8500000000652,387.90197051157776,34.32204379867195,51.9725396571079,33.14016534424435,54.317349662367235,30.091664873640838,53.88560904582811,-2.0496684932707883,0.012022061842174803,1.5987523378003343,1.6152723317436155
286.9000000000653,755.9500000000653,388.0019705115779,32.79492071519767,53.232176721213975,29.944226323215105,53.082049751271924,31.134385004264505,54.011932570880845,-0.3635975341313096,0.1799768968900472,1.5039022236626371,1.5218398818613363
287.0000000000652,756.0500000000652,388.1019705115778,31.26779763403973,54.49181378464448,25.279438546874033,51.50474677729871,31.134090196157686,54.12834988801099,-0.31032461135060513,0.32428081413637133,1.5489045762878295,1.564992305841536
287.10000000006534,756.1500000000653,388.20197051157794,33.28497016115336,54.72057349809207,25.709153215006037,53.15610822211993,28.48987845996889,53.05004305616018,-3.796003086419444,-1.147505601241424,1.4711344301427927,1.4885722530863938
287.20000000006524,756.2500000000653,388.30197051157785,35.30214268826241,54.94933321153915,28.12296239842348,56.0648987161616,28.11027815132729,52.93529249603614,-3.796003086419444,-1.147505601241424,1.7097520753275053,1.728029172683005
287.3000000000654,756.3500000000654,388.401970511578,36.0517399185821,56.66496573624992,27.718717158611124,55.46233266026666,29.434018980196054,54.569799527810225,-1.441236465553793,1.192750468040268,1.440414942153787,1.4572904837060543
287.4000000000653,756.4500000000653,388.5019705115779,35.5337618554235,59.867471068328726,26.216958199681105,53.492240855223336,29.289895333640807,54.689074574614146,-1.441236465553793,1.192750468040268,1.6750787850980138,1.692736244694248
287.5000000000654,756.5500000000654,388.60197051157803,35.01578379005178,63.06997639876233,28.43532398286632,52.841771559712704,29.020800172655367,55.67634642669046,-1.407511877236106,2.602765243321886,1.4073995646338298,1.423744596821877
287.60000000006534,756.6500000000653,388.70197051157794,31.119965296019682,63.74897455066716,32.10252194885749,52.70523975111976,28.880048984931886,55.93662295102241,-1.407511877236106,2.602765243321886,1.637409285843748,1.654484805275374
287.7000000000655,756.7500000000655,388.8019705115781,27.224146801978726,64.42797270257353,33.15284952481514,53.78943742520927,30.43131716318845,54.8926520794605,0.8977409495234494,0.8379572731179319,1.5301121633215757,1.5485188186354129
287.8000000000654,756.8500000000654,388.901970511578,24.702930328467936,62.81620904616214,33.18401610425536,55.34905790998674,29.432896396037226,57.04154513978854,-0.6378845890674301,3.731076976346187,1.5987523378009034,1.6152723317441864
287.9000000000655,756.9500000000655,389.0019705115781,23.55631587187529,58.91368358742598,30.553166080090406,55.822035831866835,30.811722225562917,56.90105225879186,1.3116028192732816,3.041652494214381,1.5039022236631836,1.521839881861885
288.0000000000654,757.0500000000654,389.10197051157803,22.409701417246424,55.011158131062246,26.885572507306986,55.87181216092989,29.130168884705853,56.737700276587425,-1.3660264417722627,2.356173696359241,1.5489045762884068,1.564992305842115
288.10000000006556,757.1500000000656,389.20197051157817,24.257987672409147,54.71802736084353,25.47928975118093,56.79046359257597,27.812063328864255,56.641709137641094,-2.942014475480149,1.9167737168258647,1.4711344301433413,1.488572253086945
288.2000000000655,757.2500000000655,389.3019705115781,26.106273927567663,54.42489659062547,24.953692486437475,58.047505346782444,27.51786188131651,56.8333865093235,-2.942014475480149,1.9167737168258647,1.7097520753281379,1.72802917268364
288.3000000000656,757.3500000000656,389.4019705115782,28.293854471964185,55.29513537509864,24.690072141247846,58.736237975721764,26.24601876509735,57.09524748945014,-4.250417389180811,1.9845272507116842,1.4404149421543038,1.4572904837065732
288.4000000000655,757.4500000000655,389.5019705115781,30.820729304698485,57.32874371120651,24.528480791996635,59.20363809364256,25.820977026179655,57.293700214521124,-4.250417389180811,1.9845272507116842,1.675078785098617,1.692736244694853
288.50000000006565,757.5500000000657,389.60197051157826,33.347604134210684,59.36235204690244,26.13789282063609,58.740569928586496,26.383174691737885,58.47798752216652,-2.6836299688220615,3.3349467479911348,1.4073995646343334,1.4237445968223825
288.60000000006556,757.6500000000656,389.70197051157817,30.962287716109973,60.76201469873252,28.437036207114826,57.91512348675349,26.114811694855923,58.81148219696533,-2.6836299688220615,3.3349467479911348,1.6374092858443416,1.6544848052759697
288.7000000000657,757.7500000000657,389.8019705115783,28.57697129800384,62.16167735056579,28.726907549444217,58.21232998766817,27.046248151834043,58.668476845746746,-1.048990828061709,2.690183303290328,1.5301121633221209,1.5485188186359606
288.8000000000656,757.8500000000656,389.9019705115782,27.173368965638225,62.2929468018781,28.23425190588944,58.94676261037034,27.023071872093116,59.78986077724132,-0.9336662406716745,3.884313805354438,1.5987523378014727,1.6152723317447573
288.90000000006575,757.9500000000658,390.00197051157835,26.751480716426368,61.155823056003946,27.46023239990408,58.0833747314842,27.349483263325638,59.89650553971853,-0.36639613827012196,3.5060615188318627,1.5039022236637296,1.5218398818624332
289.00000000006565,758.0500000000657,390.10197051157826,26.329592465607917,60.01869931065911,26.576633498813983,56.59770294399436,27.103970452832495,60.198440846624486,-0.6749307993503839,3.4346998019827257,1.5489045762889841,1.5649923058426936
289.1000000000658,758.1500000000658,390.2019705115784,23.46130001669904,59.683159164224335,27.26374574498132,56.419967155713685,26.760276923424808,59.055981865787565,-1.0433502073569836,1.4657601090364065,1.4711344301438902,1.4885722530874963
289.2000000000657,758.2500000000657,390.3019705115783,20.59300756779669,59.347619017790315,28.562583945991012,56.751617449902504,26.655941902689204,59.202557876691074,-1.0433502073569836,1.4657601090364065,1.7097520753287705,1.7280291726842751
289.30000000006584,758.3500000000658,390.40197051157844,19.811385683698653,59.07538110103567,27.853264909914138,58.34806028772137,26.091901973782896,58.50288918593798,-1.7287886874249332,0.34278358681707566,1.44041494215482,1.4572904837070924
289.40000000006575,758.4500000000658,390.50197051157835,21.116434358914304,58.866445413794935,26.361853058444257,60.43708664592409,25.91902310504056,58.537167544619656,-1.7287886874249332,0.34278358681707566,1.67507878509922,1.6927362446954584
289.5000000000659,758.5500000000659,390.6019705115785,22.421483033452144,58.65750972539329,26.104865573515177,61.31812843501674,25.187521773834895,59.40472603446399,-2.575701395325751,1.4342901680544715,1.4073995646348372,1.4237445968228883
289.6000000000658,758.6500000000658,390.7019705115784,22.694082518650458,56.68868494651652,26.328634480759824,61.72871102143117,24.929951634302554,59.548155051269305,-2.575701395325751,1.4342901680544715,1.6374092858449358,1.6544848052765655
289.7000000000659,758.7500000000659,390.80197051157853,22.966682003849392,54.71986016763527,23.703526897773163,60.72613217936909,25.2772738765745,60.57163045421231,-1.7515796972669624,2.625101728263311,1.5301121633226664,1.5485188186365086
289.80000000006584,758.8500000000658,390.90197051157844,21.78740762294742,55.566068975319716,19.96890169645105,59.17318637411086,24.66543031342569,59.370848496831954,-2.3678163410398705,0.575087316936147,1.5987523378020416,1.615272331745328
289.900000000066,758.950000000066,391.0019705115786,19.15625937976855,59.22731136214895,18.71326493004269,59.32576781146673,22.260773490315913,59.18322418867811,-5.297390391225161,0.24603644339466724,1.503902223664276,1.5218398818629821
290.0000000000659,759.0500000000659,391.1019705115785,16.525111138692413,62.88855374572743,18.423089935544088,60.142580404763386,20.625134083207502,59.992128753815926,-6.930958511363078,1.3959868965062636,1.5489045762895617,1.5649923058432722
290.100000000066,759.150000000066,391.2019705115786,17.073826061116645,61.63242503387032,17.636729044695358,62.26461831970512,19.168882345456993,60.254646281824286,-7.948920069715565,1.5588612910427877,1.4711344301444391,1.4885722530880474
290.2000000000659,759.2500000000659,391.30197051157853,17.622540983539622,60.37629632201606,16.657124608241293,64.89498662215648,18.37399033848616,60.410532410928425,-7.948920069715565,1.5588612910427877,1.7097520753294033,1.7280291726849102
290.30000000006606,759.3500000000661,391.40197051157867,18.267413840231153,59.16587524993379,16.344111776818032,63.60464729120692,16.94676344836813,62.230987131882785,-8.79383619565586,3.7588943695097448,1.4404149421553365,1.457290483707611
290.400000000066,759.450000000066,391.5019705115786,19.008444630934235,58.00116181750825,16.290708350209023,60.78735717439457,16.067379828803343,62.606876568833414,-8.79383619565586,3.7588943695097448,1.675078785099823,1.6927362446960637
290.5000000000661,759.5500000000661,391.6019705115787,19.74947542239106,56.836448388160626,15.96119484364018,59.05612701297082,16.140089016454457,61.00185363559319,-7.387680953464999,0.9655957425103094,1.4073995646353408,1.423744596823394
290.600000000066,759.650000000066,391.7019705115786,21.627128599759633,60.32756954275677,15.524148069356226,57.747871543224704,15.40132092110863,61.09841320984414,-7.387680953464999,0.9655957425103094,1.6374092858455298,1.6544848052771617
290.70000000006615,759.7500000000662,391.80197051157876,23.504781777132475,63.81869069736085,15.424622492075379,57.86415592909257,14.744356130564478,59.73398751613717,-7.276229924341134,-1.0112979460312883,1.530112163323212,1.5485188186370566
290.80000000006606,759.8500000000661,391.90197051157867,24.181537943422434,63.69388877958472,15.456547230706851,58.5352386971428,16.12262630597058,60.867941633715574,-4.304461316810073,0.7190057759004094,1.598752337802611,1.615272331745899
290.9000000000662,759.9500000000662,392.0019705115788,23.657397101810922,59.95316379899782,17.947402049964182,59.20170327374173,15.487313479976043,60.12227600312494,-4.581309428015976,-0.3784426755492247,1.5039022236648225,1.5218398818635306
291.0000000000661,760.0500000000661,392.1019705115787,23.13325625749131,56.21243882253637,21.395906755421894,59.86636925892976,16.750740380677595,59.25937502674461,-2.0383298870655966,-1.5881497038038663,1.5489045762901392,1.564992305843851
291.10000000006625,760.1500000000663,392.20197051157885,18.51441379902093,58.69389807531576,19.80028655142771,60.82093564193345,18.617769160873113,59.40320933011282,0.7239598500405733,-1.187122343983234,1.4711344301449885,1.4885722530885988
291.20000000006615,760.2500000000662,392.30197051157876,13.895571340561048,61.175357328089504,16.240191764121548,61.888406041671544,18.690165145877106,59.284497095714606,0.7239598500405733,-1.187122343983234,1.7097520753300364,1.7280291726855452
291.3000000000663,760.3500000000663,392.4019705115789,11.179910806262882,62.3008905246042,16.94870815794481,60.99566045764082,16.336477964621483,60.72685724210523,-2.5835997669127537,0.9132085205445056,1.4404149421558534,1.4572904837081302
291.4000000000662,760.4500000000662,392.5019705115788,10.367432191093105,62.070497668449526,19.31966914263129,59.33949316082008,16.078117987930444,60.8181780941596,-2.5835997669127537,0.9132085205445056,1.6750787851004263,1.6927362446966692
291.50000000006634,760.5500000000663,392.60197051157894,9.554953576890073,61.840104813688875,17.263956896360003,58.71804843282628,16.05101702368359,60.42316142789121,-2.4908544759342073,0.3089297526457966,1.4073995646358441,1.4237445968238995
291.60000000006625,760.6500000000663,392.70197051157885,10.20134846653284,63.71013423120077,13.4842415361909,58.49958464280142,15.801931576090395,60.45405440315576,-2.4908544759342073,0.3089297526457966,1.6374092858461238,1.6544848052777574
291.7000000000664,760.7500000000664,392.801970511579,10.847743356177077,65.58016364871692,14.954502569623166,59.21178367682697,14.24835636358011,59.695063682074085,-4.268126520516515,-0.759880541499572,1.5301121633237573,1.5485188186376049
291.8000000000663,760.8500000000663,392.9019705115789,12.68144717901885,66.56753403227799,18.46940868486872,60.2864367531855,13.222193687781356,61.05940661254827,-5.113909968934533,1.2579662128201987,1.59875233780318,1.6152723317464697
291.9000000000664,760.9500000000664,393.00197051157903,15.702459931913332,66.67224538423258,18.7581589551456,58.748950404145084,15.145534107894841,60.99371994721072,-1.8237177961529754,1.000931327722781,1.5039022236653687,1.5218398818640795
292.00000000006634,761.0500000000663,393.10197051157894,18.72347268067445,66.77695673375223,17.79045716030097,56.19414557046662,15.761969447492714,62.304795616383494,-0.6437689672535036,2.776486958877655,1.5489045762907168,1.5649923058444302
292.1000000000665,761.1500000000665,393.2019705115791,15.529242594326973,63.21458837545313,16.89721739102336,59.29723641454754,16.346110301639232,60.08825175315369,0.2212785962610292,-0.5284588765359945,1.4711344301455371,1.4885722530891499
292.2000000000664,761.2500000000664,393.301970511579,12.335012507986757,59.652220017162136,16.032977450117794,64.60383975155176,16.368238161265314,60.03540586550014,0.2212785962610292,-0.5284588765359945,1.709752075330669,1.72802917268618
292.3000000000665,761.3500000000665,393.4019705115791,10.982390749942743,59.156958075858086,15.038268924854043,65.58972846643708,15.228033835000128,61.71700099026328,-1.3847665367620963,1.7508778394631885,1.44041494215637,1.4572904837086489
292.4000000000664,761.4500000000664,393.50197051157903,11.471377315301899,61.72880254338391,13.992748371245534,64.89288049077973,15.089557181324045,61.89208877420944,-1.3847665367620963,1.7508778394631885,1.6750787851010291,1.692736244697274
292.50000000006656,761.5500000000666,393.60197051157917,11.960363880261957,64.30064700954277,12.599867929974442,63.32386886969539,13.974879222684251,63.37186252242854,-2.7696226457385356,3.529994994477573,1.407399564636348,1.4237445968244054
292.6000000000665,761.6500000000665,393.7019705115791,11.848620965940258,64.81187570939784,11.071705416432579,61.41518617689155,13.69791695811065,63.72486202187598,-2.7696226457385356,3.529994994477573,1.637409285846718,1.6544848052783534
292.7000000000666,761.7500000000666,393.8019705115792,11.736878051618305,65.32310440925406,12.315153301180022,62.03237577063139,12.246779885929763,62.92929659994829,-4.369350077210546,1.9758446592587597,1.5301121633243027,1.5485188186381527
292.8000000000665,761.8500000000665,393.9019705115791,12.110166983906486,65.65268831769029,14.638026909898342,63.63328642532833,11.737164340215688,63.662561013930805,-4.471914511383042,2.7263110840454594,1.5987523378037494,1.6152723317470405
292.90000000006665,761.9500000000667,394.00197051157926,12.968487761513979,65.8006274351921,13.61645003364806,65.20913184959737,12.694232833945561,64.06474678274526,-2.574257526763623,2.900216952489848,1.503902223665915,1.5218398818646282
293.00000000006656,762.0500000000666,394.10197051157917,13.826808537069384,65.94856655074325,11.292350303448243,66.77521542042133,12.732086713801948,64.69438009999118,-2.138088584068425,3.3981591685972203,1.548904576291294,1.5649923058450088
293.1000000000667,762.1500000000667,394.2019705115793,11.60779673302288,63.169012500326936,9.240934048259945,65.67663248410493,11.776261046869346,65.9100358211672,-3.1278530607363457,4.558696314448588,1.4711344301460858,1.4885722530897012
293.2000000000666,762.2500000000666,394.3019705115792,9.388784928981423,60.389458449916944,7.295716542227823,63.540273973208905,11.463475740795996,66.36590545261164,-3.1278530607363457,4.558696314448588,1.7097520753313016,1.7280291726868153
293.30000000006675,762.3500000000668,394.40197051157935,8.20021450954767,59.5260085810464,6.289979250062762,62.70776615267266,9.018165464186707,64.29512088248532,-6.003890202884995,1.1360405527396993,1.4404149421568861,1.457290483709168
293.40000000006665,762.4500000000667,394.50197051157926,8.042085471976401,60.57866288860444,5.650130002855108,62.383053358544444,8.417776443898752,64.40872493775919,-6.003890202884995,1.1360405527396993,1.6750787851016318,1.6927362446978795
293.5000000000668,762.5500000000668,394.6019705115794,7.883956434897549,61.6313171960589,6.950003705207587,62.31455912482013,6.900130315116624,63.302539580858635,-7.208049054289855,-0.5541333360974702,1.4073995646368513,1.423744596824911
293.6000000000667,762.6500000000667,394.7019705115793,8.462986319196611,62.52544143163221,9.00531794508902,62.345851248236045,6.179325409688294,63.247126247248936,-7.208049054289855,-0.5541333360974702,1.637409285847312,1.6544848052789491
293.70000000006684,762.7500000000668,394.80197051157944,9.042016203496988,63.41956566720755,9.758647534768143,60.55656533710956,6.880082757014294,62.849528362417075,-5.271274294223683,-1.0171513380325843,1.530112163324848,1.5485188186387007
293.80000000006675,762.8500000000668,394.90197051157935,9.397206665813162,62.71109252244925,10.004908842228772,58.058240823673145,6.921124782842941,62.97210415316126,-4.469491859741335,-0.7029286218982679,1.5987523378043182,1.6152723317476114
293.9000000000669,762.9500000000669,395.0019705115795,9.528557706745273,60.40002200163929,12.970340629097858,59.881748845272455,7.725988016976317,60.788955591391776,-2.77784595676507,-3.539090626194089,1.5039022236664612,1.5218398818651768
294.0000000000668,763.0500000000668,395.1019705115794,9.659908746461772,58.08895148639332,16.99477499623245,63.388428937458066,7.918038566165065,59.93513304741859,-2.083834329145601,-4.272069154147453,1.5489045762918716,1.5649923058455875
294.1000000000669,763.1500000000669,395.20197051157953,7.97322954170683,64.09335839129095,15.730145042585047,64.77422515459149,11.4588166192572,61.153705464205316,2.9171128374212003,-2.091318702429273,1.4711344301466347,1.4885722530902523
294.20000000006684,763.2500000000668,395.30197051157944,6.286550336955724,70.09776529617493,12.40564690290918,65.33402627021962,11.750527902999055,60.94457359396258,2.9171128374212003,-2.091318702429273,1.7097520753319342,1.7280291726874504
294.300000000067,763.350000000067,395.4019705115796,6.155092483356581,72.00770016369549,11.195679495031666,66.39118691995091,10.820839762877005,64.42369227592637,1.2243917413394811,2.916069879145981,1.4404149421574028,1.4572904837096867
294.4000000000669,763.4500000000669,395.5019705115795,7.578855976744399,69.82316300481084,10.809232906462945,67.64204819783924,10.943278937010842,64.7152992638407,1.2243917413394811,2.916069879145981,1.675078785102235,1.6927362446984846
294.500000000067,763.550000000067,395.6019705115796,9.002619470156727,67.6386258446576,10.816531296400484,64.90069492861481,10.611375570116094,66.52696156509333,0.557204292581071,4.989860188354052,1.4073995646373547,1.4237445968254165
294.6000000000669,763.6500000000669,395.70197051157953,10.458099449448659,63.57019153563457,10.97717680133595,60.60454193706339,10.66709599937415,67.02594758392829,0.557204292581071,4.989860188354052,1.6374092858479057,1.6544848052795451
294.70000000006706,763.7500000000671,395.80197051157967,11.913579428743901,59.5017572266023,11.149977643204656,59.44174746009,10.856720585142561,64.49493919770305,0.7396389275005719,0.889903161377406,1.5301121633253936,1.548518818639249
294.800000000067,763.850000000067,395.9019705115796,13.489203005969529,59.195199633249395,11.327512477764254,59.49926438947175,11.296407537882773,63.098699562467885,1.255735529800163,-1.1908452699117036,1.5987523378048873,1.6152723317481823
294.9000000000671,763.9500000000671,396.0019705115797,15.184970180810362,62.65051874548131,11.016513888017473,60.838106917503254,11.439421000650915,61.638906119782696,1.2793030799116352,-2.990526945412465,1.5039022236670074,1.5218398818657255
295.000000000067,764.050000000067,396.1019705115796,16.8807373528511,66.10583785567077,10.5152520688041,62.67597189572359,12.696080110422916,62.355404722652736,2.946591960759162,-1.5015147006915948,1.5489045762924487,1.5649923058461659
295.10000000006715,764.1500000000672,396.20197051157976,14.407694356124168,66.5278579205829,10.334659249198857,63.97714857036749,12.11258143937697,62.52234708319894,1.7752310807935214,-1.0813474882217704,1.4711344301471834,1.4885722530908032
295.20000000006706,764.2500000000671,396.30197051157967,11.934651359402856,66.94987798549408,10.278953523127305,65.06930771462926,12.290104547456162,62.414212334376856,1.7752310807935214,-1.0813474882217704,1.709752075332567,1.7280291726880852
295.3000000000672,764.3500000000672,396.4019705115798,10.380391776501796,66.7893030322747,9.45615720954397,62.77934410692231,11.455650054628473,64.16135865391045,0.40807347948429534,1.4244499405046684,1.4404149421579195,1.4572904837102059
295.4000000000671,764.4500000000671,396.5019705115797,9.744915604958768,66.04613306249126,8.334611362744367,59.172185881156636,11.496457402576866,64.30380364796079,0.40807347948429534,1.4244499405046684,1.6750787851028384,1.6927362446990901
295.50000000006725,764.5500000000673,396.60197051157985,9.109439432221643,65.3029630943792,6.568803027021081,59.27418522908325,9.945515250476797,62.55440007167454,-1.7673754291394037,-1.0185145053687132,1.4073995646378585,1.4237445968259224
295.60000000006715,764.6500000000672,396.70197051157976,6.701885811525193,67.04568501875617,4.552081538451165,60.82074550868135,9.768777707563018,62.452548621137765,-1.7673754291394037,-1.0185145053687132,1.6374092858484999,1.654484805280141
295.7000000000673,764.7500000000673,396.8019705115799,4.294332190823269,68.7884069431371,5.765365646821667,63.059270425930436,7.331016138553859,61.894269326328285,-4.84785555384121,-1.6361178066507924,1.530112163325939,1.5485188186397967
295.8000000000672,764.8500000000672,396.9019705115798,3.5266633696561396,67.57575349296364,8.236601136794555,65.5672864774232,6.009556557459976,63.37873812641801,-6.028542989609629,0.6727779167842383,1.5987523378054567,1.6152723317487534
295.90000000006734,764.9500000000673,397.00197051157994,4.398879343605573,63.40772467618643,9.611549544228781,63.22126717912436,6.586191333171983,64.53094312184308,-4.434631770384044,2.129114624162683,1.5039022236675539,1.521839881866274
296.00000000006725,765.0500000000673,397.10197051157985,5.271095318287449,59.23969586315152,10.559540223963399,58.98480518921578,5.95756617430631,63.57101073356286,-4.708141680798127,0.4094783445536403,1.5489045762930265,1.5649923058467448
296.1000000000674,765.1500000000674,397.20197051158,7.234538875729127,60.617977902903,8.757802887400864,58.530912958372,7.313138770323488,61.52214668160936,-2.2719532831911806,-2.359640288861501,1.4711344301477325,1.4885722530913545
296.2000000000673,765.2500000000673,397.3019705115799,9.197982433166342,61.99625994265135,5.885162094701609,59.55017261894368,7.085943442004576,61.28618265272342,-2.2719532831911806,-2.359640288861501,1.7097520753331998,1.7280291726887202
296.3000000000674,765.3500000000674,397.40197051158003,9.104179035959804,62.52768902479762,7.346344310470945,61.00967800880957,6.723905707226073,60.83074029531245,-2.4210549699405632,-2.636170003207133,1.440414942158436,1.4572904837107248
296.40000000006734,765.4500000000673,397.50197051157994,6.953128689657621,62.212265151623065,10.495368382069564,62.64064060107688,6.481800210232237,60.56712329499198,-2.4210549699405632,-2.636170003207133,1.6750787851034414,1.6927362446996952
296.5000000000675,765.5500000000675,397.6019705115801,4.802078345462011,61.89684127788746,9.899110365678904,62.733910284214026,7.647064692074365,61.445129886406654,-0.6185520461948271,-1.0914716769990587,1.4073995646383621,1.4237445968264282
296.6000000000674,765.6500000000674,397.70197051158,5.7777341139388785,60.75166349021898,7.844222438090957,62.228313228130105,7.5852094874549385,61.335982718706845,-0.6185520461948271,-1.0914716769990587,1.637409285849094,1.654484805280737
296.7000000000675,765.7500000000675,397.8019705115801,6.753389882417966,59.6064857025479,6.02885428241279,64.02698075716063,7.40517466411896,61.53165396388791,-0.7795631466515405,-0.6790146797995201,1.5301121633264845,1.5485188186403447
296.8000000000674,765.8500000000674,397.90197051158003,6.699910527259421,60.21833450964896,4.306769007822028,66.72306246439743,7.301064100257786,60.94630710649706,-0.8164711806873278,-1.4039352089733836,1.5987523378060258,1.6152723317493238
296.90000000006756,765.9500000000676,398.00197051158017,5.6172960512429,62.58720990677888,4.820388710826659,65.47965077544424,5.900389564393062,63.28789653264094,-2.5989485641865997,1.9277195420372535,1.5039022236681001,1.5218398818668226
297.0000000000675,766.0500000000675,398.1019705115801,4.534681574704739,64.95608530178532,6.204721507347034,62.70197203593936,5.4055855331289235,63.79505504922615,-2.9459419735965318,2.3886765041869826,1.5489045762936038,1.5649923058473236
297.1000000000676,766.1500000000676,398.2019705115802,2.6759638554166623,64.18844338733867,4.6792928892816485,62.32830132877814,5.5748269218200495,63.33362508486049,-2.327239026691884,1.4607426616016188,1.4711344301482814,1.4885722530919059
297.2000000000675,766.2500000000675,398.3019705115801,0.817246136132812,63.420801472893764,2.0206345347067103,62.890890679028715,5.3421030191510726,63.47969935102052,-2.327239026691884,1.4607426616016188,1.7097520753338327,1.7280291726893553
297.30000000006766,766.3500000000677,398.40197051158026,0.3206962808235094,63.74356643728865,2.355281411135583,62.41304611127301,2.8028079774104553,63.37433794484196,-5.457884429256589,1.1224335744492475,1.4404149421589525,1.4572904837112437
297.40000000006756,766.4500000000676,398.50197051158017,1.1863142858053304,65.15673827757148,3.8556948281547987,61.52999627519361,2.2570195344852926,63.48658130228679,-5.457884429256589,1.1224335744492475,1.6750787851040445,1.6927362447003005
297.5000000000677,766.5500000000677,398.6019705115803,2.0519322906946544,66.56991011656572,3.500307920425711,61.72698853940496,2.4971665792484194,63.38409046804265,-4.41270003838322,0.9411627173157742,1.4073995646388655,1.4237445968269336
297.6000000000676,766.6500000000676,398.7019705115802,2.778133158790322,66.076553082342,2.4221648092220915,62.344611793701254,2.0558965754104985,63.478206739774144,-4.41270003838322,0.9411627173157742,1.637409285849688,1.6544848052813328
297.70000000006775,766.7500000000678,398.80197051158035,3.5043340268876406,65.58319604811717,3.431245005384453,62.952816025849216,1.6886824992085487,63.18726190311859,-4.311804244898042,0.4201274327261013,1.5301121633270298,1.548518818640893
297.80000000006766,766.8500000000677,398.90197051158026,4.1435306487214,64.23678319942759,5.253210927082195,63.557351944870405,1.7585650670058062,63.67624676084324,-3.604720289448495,1.046317690413613,1.5987523378065949,1.6152723317498952
297.9000000000678,766.9500000000678,399.0019705115804,4.695723024530313,62.037314538579196,5.657728922683707,65.04884803907736,2.966204832348555,63.78889489299569,-1.4856409053466542,1.0570783422046477,1.5039022236686466,1.5218398818673715
298.0000000000677,767.0500000000677,399.1019705115803,5.247915400252376,59.83784588133219,5.510210544529233,66.88577783123763,3.333906825071937,63.030175924999945,-0.7230443464425819,-0.21035354079846025,1.5489045762941815,1.5649923058479023
298.10000000006784,767.1500000000678,399.20197051158044,5.6737822274646135,62.94613010817511,4.519183665923178,65.36428693586178,4.048909929192774,64.59005450278866,0.32713271845474334,1.8844465964921473,1.4711344301488303,1.4885722530924568
298.20000000006775,767.2500000000678,399.30197051158035,6.099649054675882,66.05441433501096,3.1996456898426335,62.534832380061246,4.0816232010382185,64.7784991624377,0.32713271845474334,1.8844465964921473,1.7097520753344655,1.7280291726899903
298.3000000000679,767.3500000000679,399.4019705115805,6.864733858260259,65.80347327599118,2.7450758420059707,64.41194753187034,4.049254405940257,64.36585037977922,0.2615919600069957,1.1135552965892304,1.440414942159469,1.4572904837117628
298.4000000000678,767.4500000000678,399.5019705115804,7.9690366372933426,62.19330694023666,2.627374714449956,68.12207370747427,4.075413601940933,64.47720590943804,0.2615919600069957,1.1135552965892304,1.6750787851046471,1.692736244700906
298.5000000000679,767.5500000000679,399.60197051158053,9.073339412745666,58.583140607847305,2.280696283143239,66.39664241543407,4.476003435172919,65.06716720838467,0.9218334765972811,1.5381788570048922,1.407399564639369,1.4237445968274394
298.60000000006784,767.6500000000678,399.70197051158044,4.906941845056859,59.934918590826314,1.8448408188712444,62.55429001574904,4.568186782832564,65.22098509408502,0.9218334765972811,1.5381788570048922,1.6374092858502818,1.6544848052819288
298.700000000068,767.750000000068,399.8019705115806,0.7405442773585786,61.2866965738084,0.001136843278002786,60.525983329885165,3.5278325742078716,63.897235850144064,-0.6211662404976865,-0.46115214039789953,1.530112163327575,1.548518818641441
298.8000000000679,767.8500000000679,399.9019705115805,0.03829926274459128,63.15599818270731,-2.3908649375907727,59.204171182019394,2.4529707019875207,63.44965045165613,-2.0503197141378475,-1.0235959934368388,1.598752337807164,1.6152723317504658
298.900000000068,767.950000000068,400.0019705115806,2.8002067917913234,65.54282341612421,-1.3664486376715763,61.479843532736744,0.16412298069847364,61.61480414008754,-4.866299424200863,-3.349175060256863,1.5039022236691926,1.5218398818679197
299.0000000000679,768.0500000000679,400.10197051158053,5.562114317292465,67.92964864623602,0.9885188689621662,65.15658484735846,0.9275700078916225,62.696839320266754,-3.019762480739675,-1.2716237781840087,1.5489045762947584,1.5649923058484807
299.10000000006806,768.1500000000681,400.20197051158067,3.117984990621386,65.46293688234161,1.300330992424417,64.70262791191028,0.9199093201646442,63.84338710401339,-2.6271796130537655,0.4161140344374106,1.4711344301493792,1.4885722530930081
299.200000000068,768.250000000068,400.3019705115806,0.673855663955865,62.99622511845281,0.8164199940960658,62.639937674146395,0.6571913588595066,63.88499850745709,-2.6271796130537655,0.4161140344374106,1.709752075335098,1.7280291726906254
299.3000000000681,768.3500000000681,400.4019705115807,-1.2763688341718749,62.36105537269373,1.594831084903591,62.71789842922023,0.24608226260451663,62.92566686277794,-2.8356278676235123,-0.9315211481266555,1.4404149421599857,1.4572904837122818
299.400000000068,768.450000000068,400.5019705115806,-2.73268850509833,63.557427640078245,2.8648635578813573,63.629552747058504,-0.03748052415757672,62.832514747965355,-2.8356278676235123,-0.9315211481266555,1.6750787851052507,1.6927362447015113
299.50000000006816,768.5500000000682,400.60197051158076,-4.189008173889225,64.75379990686386,3.64064630295169,63.02189853586454,0.11639862753266286,63.451050483401566,-2.3908199208917713,0.06556101619640697,1.4073995646398727,1.423744596827945
299.60000000006806,768.6500000000681,400.70197051158067,-2.509710576650444,65.06820588808402,4.223939558638946,61.82253752858939,-0.12268336455629683,63.4576065850212,-2.3908199208917713,0.06556101619640697,1.637409285850876,1.6544848052825243
299.7000000000682,768.7500000000682,400.8019705115808,-0.8304129794078441,65.38261186930488,1.5292472322686885,61.13388296397238,1.44357624245571,62.694288544530934,0.06882617315141015,-0.976173877291674,1.5301121633281203,1.5485188186419887
299.8000000000681,768.8500000000681,400.9019705115807,-0.4658855364459167,65.51150427504898,-2.4420826626330543,60.6441270872473,1.1495748735631226,63.20453559508221,-0.3557716166956279,-0.12457983610132739,1.5987523378077328,1.6152723317510365
299.90000000006825,768.9500000000683,401.00197051158085,-1.416128244175674,65.45488310582307,-1.424470195292241,60.4482425973882,-0.6788297436814583,62.17455801055424,-2.778522159225471,-1.4904328999521312,1.5039022236697388,1.5218398818684684
300.00000000006816,769.0500000000682,401.10197051158076,-2.3663709495236875,65.3982619374915,1.5361255730591101,60.366808657539615,-1.256143838128333,62.744190549525115,-3.22086885890516,-0.4367026629447146,1.548904576295336,1.5649923058490596
