method,nominal_hz,time_rel_s,time_s,x_m,y_m
method1,4.0,0.0,221.0,1.10202600461593,4.56143993708724
method1,4.0,0.1,221.1,1.097028783091934,4.561080720345412
method1,4.0,0.2,221.2,1.092031561567938,4.560721503603584
method1,4.0,0.3,221.3,1.0870348964478,4.5603497561671515
method1,4.0,0.4,221.4,1.08203878773152,4.559965478036116
method1,4.0,0.5,221.5,1.07704267901524,4.55958119990508
method1,4.0,0.6,221.6,1.0720478088078962,4.5591718625344635
method1,4.0,0.7,221.7,1.067052938600552,4.558762525163848
method1,4.0,0.8,221.8,1.062058750501436,4.55834065956354
method1,4.0,0.9,221.9,1.0570652445105482,4.55790626573354
method1,4.0,1.0,222.0,1.05207173851966,4.55747187190354
method1,4.0,1.1,222.1,1.047079722455912,4.557012425025032
method1,4.0,1.2,222.2,1.042087706392164,4.556552978146525
method1,4.0,1.3,222.3,1.037096498147314,4.556081006764594
method1,4.0,1.4,222.4,1.032106097721362,4.5555965108792424
method1,4.0,1.5,222.5,1.02711569729541,4.55511201499389
method1,4.0,1.6,222.6,1.022127038214746,4.554602474774222
method1,4.0,1.7,222.7,1.017138379134082,4.5540929345545536
method1,4.0,1.8,222.8,1.012150653576626,4.553570874819466
method1,4.0,1.9,222.9,1.0071638615423781,4.553036295568958
method1,4.0,2.0,223.0,1.00217706950813,4.55250171631845
method1,4.0,2.1,223.1,0.9971922702119228,4.551942103971562
method1,4.0,2.2,223.2,0.9922074709157156,4.551382491624675
method1,4.0,2.3,223.3,0.9872237308280006,4.5508103660123425
method1,4.0,2.4,223.4,0.9822410499487778,4.550225727134566
method1,4.0,2.5,223.5,0.977258369069555,4.54964108825679
method1,4.0,2.6,223.6,0.9722779322704082,4.5490314300446695
method1,4.0,2.7,223.7,0.9672974954712614,4.54842177183255
method1,4.0,2.8,223.8,0.9623182435341886,4.547799607867056
method1,4.0,2.9,223.9,0.9573401764591898,4.547164938148188
method1,4.0,3.0,224.0,0.952362109384191,4.54653026842932
method1,4.0,3.1,224.1,0.9473865376552257,4.545870595662356
method1,4.0,3.2,224.2,0.9424109659262606,4.545210922895392
method1,4.0,3.3,224.3,0.9374367046685754,4.544538753149208
method1,4.0,3.4,224.4,0.9324637538821702,4.543854086423804
method1,4.0,3.5,224.5,0.927490803095765,4.5431694196984
method1,4.0,3.6,224.6,0.9225205988199198,4.542459768735208
method1,4.0,3.7,224.7,0.9175503945440746,4.541750117772016
method1,4.0,3.8,224.8,0.912581626291659,4.541027979865708
method1,4.0,3.9,224.9,0.907614294062673,4.540293355016284
method1,4.0,4.0,225.0,0.902646961833687,4.53955873016686
method1,4.0,4.1,225.1,0.8976826271529926,4.538799142413616
method1,4.0,4.2,225.2,0.8927182924722983,4.538039554660372
method1,4.0,4.3,225.3,0.8877555192974457,4.537267491261798
method1,4.0,4.4,225.4,0.8827943076284348,4.536482952217894
method1,4.0,4.5,225.5,0.877833095959424,4.53569841317399
method1,4.0,4.6,225.6,0.8728751327242801,4.534888935083242
method1,4.0,4.7,225.7,0.867917169489136,4.534079456992494
method1,4.0,4.8,225.8,0.8629608931598262,4.5332575158154915
method1,4.0,4.9,225.9,0.8580063037363506,4.5324231115522355
method1,4.0,5.0,226.0,0.853051714312875,4.53158870728898
method1,4.0,5.1,226.1,0.8481006240313206,4.530729390357948
method1,4.0,5.2,226.2,0.8431495337497662,4.529870073426916
method1,4.0,5.3,226.3,0.8382002556789382,4.5289983072294815
method1,4.0,5.4,226.4,0.8332527898188365,4.528114091765646
method1,4.0,5.5,226.5,0.828305323958735,4.52722987630181
method1,4.0,5.6,226.6,0.8233616077457286,4.526320777070194
method1,4.0,5.7,226.7,0.8184178915327222,4.525411677838578
method1,4.0,5.8,226.8,0.8134761127275554,4.524490144420534
method1,4.0,5.9,226.9,0.8085362713302282,4.523556176816062
method1,4.0,6.0,227.0,0.803596429932901,4.52262220921159
method1,4.0,6.1,227.1,0.7986605884596082,4.521663389258846
method1,4.0,6.2,227.2,0.7937247469863153,4.520704569306102
method1,4.0,6.3,227.3,0.7887909679975204,4.519733331506252
method1,4.0,6.4,227.4,0.7838592514932231,4.518749675859296
method1,4.0,6.5,227.5,0.778927534988926,4.51776602021234
method1,4.0,6.6,227.6,0.7740000684320212,4.516757546154456
method1,4.0,6.7,227.7,0.7690726018751164,4.515749072096572
method1,4.0,6.8,227.8,0.7641473227462426,4.514728197789356
method1,4.0,6.9,227.9,0.7592242310453998,4.513694923232808
method1,4.0,7.0,228.0,0.754301139344557,4.51266164867626
method1,4.0,7.1,228.1,0.7493825473355482,4.5116035921620155
method1,4.0,7.2,228.2,0.7444639553265394,4.510545535647772
method1,4.0,7.3,228.3,0.7395476755433046,4.50947509773939
method1,4.0,7.4,228.4,0.7346337079858437,4.50839227843687
method1,4.0,7.5,228.5,0.729719740428383,4.50730945913435
method1,4.0,7.6,228.6,0.7248105220029586,4.50620189684109
method1,4.0,7.7,228.7,0.7199013035775342,4.50509433454783
method1,4.0,7.8,228.8,0.7149945220171796,4.503974410971884
method1,4.0,7.9,228.9,0.7100901773218948,4.502842126113252
method1,4.0,8.0,229.0,0.70518583262661,4.50170984125462
method1,4.0,8.1,229.1,0.7002864861740185,4.500552854883476
method1,4.0,8.2,229.2,0.6953871397214269,4.499395868512332
method1,4.0,8.3,229.3,0.690490354602105,4.498226542224936
method1,4.0,8.4,229.4,0.685596130816053,4.497044876021287
method1,4.0,8.5,229.5,0.680701907030001,4.49586320981764
method1,4.0,8.6,229.6,0.6758129302424654,4.49465688608828
method1,4.0,8.7,229.7,0.6709239534549298,4.49345056235892
method1,4.0,8.8,229.8,0.6660376622851285,4.492231921333306
method1,4.0,8.9,229.9,0.6611540567330618,4.491000963011437
method1,4.0,9.0,230.0,0.656270451180995,4.48977000468957
method1,4.0,9.1,230.1,0.651392341003167,4.488514435334421
method1,4.0,9.2,230.2,0.6465142308253391,4.487258865979274
method1,4.0,9.3,230.3,0.6416389303533474,4.485991003199902
method1,4.0,9.4,230.4,0.6367664395871921,4.484710846996306
method1,4.0,9.5,230.5,0.631893948821037,4.48343069079271
method1,4.0,9.6,230.6,0.6270272013994994,4.482125972550675
method1,4.0,9.7,230.7,0.6221604539779618,4.480821254308638
method1,4.0,9.8,230.8,0.6172966401413842,4.479504267764766
method1,4.0,9.9,230.9,0.6124357598897666,4.478175012919058
method1,4.0,10.0,231.0,0.607574879638149,4.47684575807335
method1,4.0,10.1,231.1,0.602719990270965,4.4754919926830175
method1,4.0,10.2,231.2,0.597865100903781,4.474138227292686
method1,4.0,10.3,231.3,0.5930132687791011,4.472772219971472
method1,4.0,10.4,231.4,0.5881644938969256,4.471393970719376
method1,4.0,10.5,231.5,0.58331571901475,4.47001572146728
method1,4.0,10.6,231.6,0.5784731821010737,4.46861301565962
method1,4.0,10.7,231.7,0.5736306451873973,4.46721030985196
method1,4.0,10.8,231.8,0.5687912889396026,4.465795389731022
method1,4.0,10.9,231.9,0.5639551133576898,4.464368255296806
method1,4.0,11.0,232.0,0.559118937775777,4.46294112086259
method1,4.0,11.1,232.1,0.5542892467655215,4.461489586353138
method1,4.0,11.2,232.2,0.5494595557552658,4.460038051843686
method1,4.0,11.3,232.3,0.544633168587532,4.458574331883162
method1,4.0,11.4,232.4,0.53981008526232,4.457098426471566
method1,4.0,11.5,232.5,0.534987001937108,4.45562252105997
method1,4.0,11.6,232.6,0.53017064928068,4.454122274540534
method1,4.0,11.7,232.7,0.525354296624252,4.452622028021098
method1,4.0,11.8,232.8,0.520541370727696,4.45110962615522
method1,4.0,11.9,232.9,0.515731871591012,4.4495850689429
method1,4.0,12.0,233.0,0.510922372454328,4.44806051173058
method1,4.0,12.1,233.1,0.506119849552436,4.4465116748604
method1,4.0,12.2,233.2,0.5013173266505441,4.44496283799022
method1,4.0,12.3,233.3,0.4965183531540502,4.44340187711835
method1,4.0,12.4,233.4,0.49172292906295456,4.44182879224479
method1,4.0,12.5,233.5,0.486927504971859,4.44025570737123
method1,4.0,12.6,233.6,0.4821393021253954,4.438658406767642
method1,4.0,12.7,233.7,0.4773510992789318,4.437061106164054
method1,4.0,12.8,233.8,0.47256656819905457,4.435451714141232
method1,4.0,12.9,233.9,0.46778570888576376,4.433830230699177
method1,4.0,13.0,234.0,0.463004849572473,4.43220874725712
method1,4.0,13.1,234.1,0.4582314559324802,4.43056311448574
method1,4.0,13.2,234.2,0.4534580622924874,4.42891748171436
method1,4.0,13.3,234.3,0.4486884624834382,4.427259791341342
method1,4.0,13.4,234.4,0.4439226565053326,4.425590043366686
method1,4.0,13.5,234.5,0.439156850527227,4.42392029539203
method1,4.0,13.6,234.6,0.43439875404494865,4.422226466956402
method1,4.0,13.7,234.7,0.4296406575626702,4.420532638520774
method1,4.0,13.8,234.8,0.4248864766663924,4.418826787533572
method1,4.0,13.9,234.9,0.4201362113561152,4.417108913994796
method1,4.0,14.0,235.0,0.415385946045838,4.41539104045602
method1,4.0,14.1,235.1,0.4106436334228628,4.413649157786768
method1,4.0,14.2,235.2,0.40590132079988767,4.411907275117517
method1,4.0,14.3,235.3,0.401163045196223,4.410153406176416
method1,4.0,14.4,235.4,0.39642880661186897,4.408387550963468
method1,4.0,14.5,235.5,0.391694568027515,4.40662169575052
method1,4.0,14.6,235.6,0.38696852466601783,4.4048319051940155
method1,4.0,14.7,235.7,0.38224248130452065,4.403042114637512
method1,4.0,14.8,235.8,0.3775205960614766,4.40124037531561
method1,4.0,14.9,235.9,0.3728028689368858,4.39942668722831
method1,4.0,15.0,236.0,0.368085141812295,4.39761299914101
method1,4.0,15.1,236.1,0.3633758517653786,4.39577545194751
method1,4.0,15.2,236.2,0.35866656171846223,4.39393790475401
method1,4.0,15.3,236.3,0.3539615505425798,4.392088447525234
method1,4.0,15.4,236.4,0.34926081823773136,4.390227080261182
method1,4.0,15.5,236.5,0.344560085932883,4.38836571299713
method1,4.0,15.6,236.6,0.339868031855029,4.3864805653084264
method1,4.0,15.7,236.7,0.33517597777717506,4.384595417619722
method1,4.0,15.8,236.8,0.33048832296400654,4.382698399846352
method1,4.0,15.9,236.9,0.3258050674155238,4.380789511988316
method1,4.0,16.0,237.0,0.321121811867041,4.37888062413028
method1,4.0,16.1,237.1,0.31644747496467174,4.37694803696684
method1,4.0,16.2,237.2,0.31177313806230267,4.3750154498034
method1,4.0,16.3,237.3,0.30710332044700456,4.373071033723092
method1,4.0,16.4,237.4,0.30243802211877785,4.371114788725916
method1,4.0,16.5,237.5,0.297772723790551,4.36915854372874
method1,4.0,16.6,237.6,0.29311658377270733,4.367178682976368
method1,4.0,16.7,237.7,0.28846044375486385,4.365198822223996
method1,4.0,16.8,237.8,0.2838089426629032,4.3632071749363
method1,4.0,16.9,237.9,0.27916208049682567,4.361203741113281
method1,4.0,17.0,238.0,0.274515218330748,4.35920030729026
method1,4.0,17.1,238.1,0.2698777533598931,4.35717334368624
method1,4.0,17.2,238.2,0.2652402883890384,4.35514638008222
method1,4.0,17.3,238.3,0.26060758158702874,4.353107673534618
method1,4.0,17.4,238.4,0.25597963295386444,4.351057224043434
method1,4.0,17.5,238.5,0.2513516843207,4.34900677455225
method1,4.0,17.6,238.6,0.24673337096364634,4.34693288367099
method1,4.0,17.7,238.7,0.24211505760659283,4.34485899278973
method1,4.0,17.8,238.8,0.23750162125325397,4.342773403763142
method1,4.0,17.9,238.9,0.23289306190363007,4.340676116591226
method1,4.0,18.0,239.0,0.228284502554006,4.33857882941931
method1,4.0,18.1,239.1,0.22368581573297835,4.33645819165751
method1,4.0,18.2,239.2,0.21908712891195084,4.33433755389571
method1,4.0,18.3,239.3,0.21449343750920596,4.332205263989544
method1,4.0,18.4,239.4,0.20990474152474406,4.330061321939012
method1,4.0,18.5,239.5,0.205316045540282,4.32791737988848
method1,4.0,18.6,239.6,0.20073745848411434,4.325750180449776
method1,4.0,18.7,239.7,0.19615887142794683,4.3235829810110715
method1,4.0,18.8,239.8,0.19158539777215397,4.321404176627747
method1,4.0,18.9,239.9,0.18701703751673607,4.319213767299804
method1,4.0,19.0,240.0,0.182448677261318,4.31702335797186
method1,4.0,19.1,240.1,0.17789066145679674,4.314809786851
method1,4.0,19.2,240.2,0.17333264565227563,4.3125962157301405
method1,4.0,19.3,240.3,0.16877986078560858,4.31037108805914
method1,4.0,19.4,240.4,0.16423230685679588,4.308134403838
method1,4.0,19.5,240.5,0.159684752927983,4.30589771961686
method1,4.0,19.6,240.6,0.15514777807133373,4.303637971583372
method1,4.0,19.7,240.7,0.15061080321468465,4.301378223549884
method1,4.0,19.8,240.8,0.14607917637665657,4.299106968551294
method1,4.0,19.9,240.9,0.14155289755724987,4.296824206587602
method1,4.0,20.0,241.0,0.137026618737843,4.29454144462391
method1,4.0,20.1,241.1,0.13251115268637134,4.292235719205294
method1,4.0,20.2,241.2,0.12799568663489985,4.289929993786678
method1,4.0,20.3,241.3,0.12348568521404438,4.287612812174256
method1,4.0,20.4,241.4,0.11898114842380526,4.285284174368027
method1,4.0,20.5,241.5,0.114476611633566,4.2829555365618
method1,4.0,20.6,241.6,0.10998312035745833,4.280604038026204
method1,4.0,20.7,241.7,0.10548962908135083,4.278252539490608
method1,4.0,20.8,241.8,0.1010017185670607,4.2758896367143455
method1,4.0,20.9,241.9,0.09651938881458823,4.2735153296974175
method1,4.0,21.0,242.0,0.0920370590621156,4.27114102268049
method1,4.0,21.1,242.1,0.08756600659639634,4.268743960018925
method1,4.0,21.2,242.2,0.08309495413067723,4.266346897357361
method1,4.0,21.3,242.3,0.07862959806520628,4.263938483585572
method1,4.0,21.4,242.4,0.07416993839998381,4.261518718703556
method1,4.0,21.5,242.5,0.0697102787347612,4.25909895382154
method1,4.0,21.6,242.6,0.0652621271314237,4.256656540729596
method1,4.0,21.7,242.7,0.06081397552808635,4.254214127637652
method1,4.0,21.8,242.8,0.05637163545872005,4.251760417738564
method1,4.0,21.9,242.9,0.051935106923325106,4.249295411032332
method1,4.0,22.0,243.0,0.04749857838793,4.2468304043261
method1,4.0,22.1,243.1,0.0430737876682345,4.244342859185168
method1,4.0,22.2,243.2,0.038648996948539155,4.241855314044236
method1,4.0,22.3,243.3,0.03423013237993919,4.2393565275671
method1,4.0,22.4,243.4,0.029817193962434922,4.23684649975376
method1,4.0,22.5,243.5,0.0254042555449305,4.23433647194042
method1,4.0,22.6,243.6,0.02100328365188296,4.231804017798452
method1,4.0,22.7,243.7,0.016602311758835572,4.229271563656484
method1,4.0,22.8,243.8,0.012207380105561511,4.226727924812207
method1,4.0,22.9,243.9,0.007818488692061087,4.2241731012656185
method1,4.0,23.0,244.0,0.00342959727856051,4.22161827771903
method1,4.0,23.1,244.1,-0.0009470999704289202,4.219041142270802
method1,4.0,23.2,244.2,-0.0053237972194181945,4.216464006822574
method1,4.0,23.3,244.3,-0.0096943406802023,4.213875744463856
method1,4.0,23.4,244.4,-0.014058730352780923,4.211276355194648
method1,4.0,23.5,244.5,-0.0184231200253597,4.20867696592544
method1,4.0,23.6,244.6,-0.022775088985629802,4.206055381492328
method1,4.0,23.7,244.7,-0.02712705794589975,4.2034337970592155
method1,4.0,23.8,244.8,-0.03147276012153173,4.200801144660224
method1,4.0,23.9,244.9,-0.03581219551252544,4.198157424295352
method1,4.0,24.0,245.0,-0.0401516309035193,4.19551370393048
method1,4.0,24.1,245.1,-0.044478420150120684,4.192847907439776
method1,4.0,24.2,245.2,-0.04880520939672191,4.190182110949072
method1,4.0,24.3,245.3,-0.053125619425954375,4.187505306584624
method1,4.0,24.4,245.4,-0.05743965023781776,4.184817494346432
method1,4.0,24.5,245.5,-0.0617536810496813,4.18212968210824
method1,4.0,24.6,245.6,-0.06605484142414109,4.179419915071984
method1,4.0,24.7,245.7,-0.07035600179860071,4.1767101480357285
method1,4.0,24.8,245.8,-0.07465067109831715,4.173989434360006
method1,4.0,24.9,245.9,-0.0789388493232901,4.171257774044818
method1,4.0,25.0,246.0,-0.0832270275482632,4.16852611372963
method1,4.0,25.1,246.1,-0.08750211220514865,4.165772622222958
method1,4.0,25.2,246.2,-0.09177719686203396,4.163019130716286
method1,4.0,25.3,246.3,-0.0960456791737602,4.160254754941066
method1,4.0,25.4,246.4,-0.10030755914032702,4.157479494897298
method1,4.0,25.5,246.5,-0.104569439106894,4.15470423485353
method1,4.0,25.6,246.6,-0.10881800356016925,4.151907269492566
method1,4.0,25.7,246.7,-0.11306656801344436,4.149110304131602
method1,4.0,25.8,246.8,-0.11730841944965383,4.146302518004034
method1,4.0,25.9,246.9,-0.12154355786879734,4.143483911109862
method1,4.0,26.0,247.0,-0.125778696287941,4.14066530421569
method1,4.0,26.1,247.1,-0.13000029845711586,4.13782512013495
method1,4.0,26.2,247.2,-0.13422190062629058,4.13498493605421
method1,4.0,26.3,247.3,-0.1384366797164968,4.132133995834098
method1,4.0,26.4,247.4,-0.14264463572773434,4.129272299474614
method1,4.0,26.5,247.5,-0.146852591738972,4.12641060311513
method1,4.0,26.6,247.6,-0.15104679199502927,4.123527459944458
method1,4.0,26.7,247.7,-0.15524099225108637,4.120644316773786
method1,4.0,26.8,247.8,-0.15942825998771923,4.117750483210418
method1,4.0,26.9,247.9,-0.16360859520492754,4.114845959254354
method1,4.0,27.0,248.0,-0.167788930422136,4.11194143529829
method1,4.0,27.1,248.1,-0.17195529163324405,4.109015597139354
method1,4.0,27.2,248.2,-0.17612165284435197,4.106089758980418
method1,4.0,27.3,248.3,-0.18028097272841104,4.103153297288928
method1,4.0,27.4,248.4,-0.18443325128542093,4.100206212064884
method1,4.0,27.5,248.5,-0.188585529842431,4.09725912684084
method1,4.0,27.6,248.6,-0.19272361741942587,4.094290862243132
method1,4.0,27.7,248.7,-0.19686170499642058,4.091322597645424
method1,4.0,27.8,248.8,-0.20099264308290124,4.088343777482688
method1,4.0,27.9,248.9,-0.20511643167886753,4.085354401754924
method1,4.0,28.0,249.0,-0.209240220274834,4.08236502602716
method1,4.0,28.1,249.1,-0.21334960221647525,4.079354607963536
method1,4.0,28.2,249.2,-0.21745898415811638,4.076344189899912
method1,4.0,28.3,249.3,-0.2215611091012074,4.073323285339976
method1,4.0,28.4,249.4,-0.22565597704574814,4.070291894283728
method1,4.0,28.5,249.5,-0.229750844990289,4.06726050322748
method1,4.0,28.6,249.6,-0.23383109192827706,4.064208209069264
method1,4.0,28.7,249.7,-0.23791133886626498,4.0611559149110485
method1,4.0,28.8,249.8,-0.2419842219643066,4.058093204420104
method1,4.0,28.9,249.9,-0.24604974122240172,4.055020077596432
method1,4.0,29.0,250.0,-0.250115260480497,4.05194695077276
method1,4.0,29.1,250.1,-0.25416594572425544,4.04885306226436
method1,4.0,29.2,250.2,-0.2582166309680137,4.04575917375596
method1,4.0,29.3,250.3,-0.26225984620821824,4.042654940166864
method1,4.0,29.4,250.4,-0.26629559144486853,4.039540361497072
method1,4.0,29.5,250.5,-0.270331336681519,4.03642578282728
method1,4.0,29.6,250.6,-0.27435203626272864,4.033290586060376
method1,4.0,29.7,250.7,-0.2783727358439382,4.030155389293472
method1,4.0,29.8,250.8,-0.28238585994686166,4.027009919779804
method1,4.0,29.9,250.9,-0.28639140857149875,4.023854177519373
method1,4.0,30.0,251.0,-0.290396957196136,4.02069843525894
method1,4.0,30.1,251.1,-0.29438724991302245,4.0175222206461845
method1,4.0,30.2,251.2,-0.2983775426299088,4.014346006033428
method1,4.0,30.3,251.3,-0.30236015509367725,4.011159592083092
method1,4.0,30.4,251.4,-0.30633508730432757,4.007962978795176
method1,4.0,30.5,251.5,-0.310310019514978,4.00476636550726
method1,4.0,30.6,251.6,-0.31426948697634244,4.001549427755576
method1,4.0,30.7,251.7,-0.31822895443770677,3.998332490003892
method1,4.0,30.8,251.8,-0.32218063758198284,3.995105427392286
method1,4.0,30.9,251.9,-0.32612453640917033,3.991868239920758
method1,4.0,31.0,252.0,-0.330068435236358,3.98863105244923
method1,4.0,31.1,252.1,-0.33399666190535726,3.985373690532602
method1,4.0,31.2,252.2,-0.3379248885743564,3.982116328615974
method1,4.0,31.3,252.3,-0.3418452275840512,3.97884891737869
method1,4.0,31.4,252.4,-0.34575767893444154,3.97557145682075
method1,4.0,31.5,252.5,-0.349670130284832,3.97229399626281
method1,4.0,31.6,252.6,-0.35356670352248687,3.968996513394674
method1,4.0,31.7,252.7,-0.35746327676014156,3.965699030526538
method1,4.0,31.8,252.8,-0.3613518597288594,3.9623915749316256
method1,4.0,31.9,252.9,-0.36523245242864016,3.9590741466099377
method1,4.0,32.0,253.0,-0.369113045128421,3.95575671828825
method1,4.0,32.1,253.1,-0.3729775552368639,3.952419421893426
method1,4.0,32.2,253.2,-0.37684206534530673,3.949082125498602
method1,4.0,32.3,253.3,-0.3806984833185237,3.9457349340183963
method1,4.0,32.4,253.4,-0.38454680915651535,3.9423778474528084
method1,4.0,32.5,253.5,-0.388395134994507,3.93902076088722
method1,4.0,32.6,253.6,-0.39222717525995504,3.935643962573392
method1,4.0,32.7,253.7,-0.3960592155254031,3.9322671642595637
method1,4.0,32.8,253.8,-0.3998830625433727,3.928880549542052
method1,4.0,32.9,253.9,-0.40369871631386434,3.925484118420856
method1,4.0,33.0,254.0,-0.407514370084356,3.92208768729966
method1,4.0,33.1,254.1,-0.4113135368198084,3.918671702828444
method1,4.0,33.2,254.2,-0.41511270355526086,3.915255718357228
method1,4.0,33.3,254.3,-0.4189035766956399,3.9118299971970063
method1,4.0,33.4,254.4,-0.4226861562409459,3.908394539347778
method1,4.0,33.5,254.5,-0.426468735786252,3.90495908149855
method1,4.0,33.6,254.6,-0.43023462837390924,3.90150423075609
method1,4.0,33.7,254.7,-0.4340005209615665,3.89804938001363
method1,4.0,33.8,254.8,-0.4377580203817633,3.8945848733224024
method1,4.0,33.9,254.9,-0.44150712663450015,3.891110710682406
method1,4.0,34.0,255.0,-0.445256232887237,3.88763654804241
method1,4.0,34.1,255.1,-0.44898845382062863,3.884143155009578
method1,4.0,34.2,255.2,-0.4527206747540203,3.8806497619767457
method1,4.0,34.3,255.3,-0.45644440373325246,3.8771467947533997
method1,4.0,34.4,255.4,-0.4601596407583257,3.87363425333954
method1,4.0,34.5,255.5,-0.463874877783399,3.87012171192568
method1,4.0,34.6,255.6,-0.46757303270922984,3.8665901046478117
method1,4.0,34.7,255.7,-0.4712711876350607,3.863058497369944
method1,4.0,34.8,255.8,-0.4749607526161257,3.859517398670202
method1,4.0,34.9,255.9,-0.47864172765242535,3.8559668085485863
method1,4.0,35.0,256.0,-0.482322702688725,3.85241621842697
method1,4.0,35.1,256.1,-0.48598640044842106,3.848846728983194
method1,4.0,35.2,256.2,-0.4896500982081171,3.845277239539418
method1,4.0,35.3,256.3,-0.4933051088388655,3.841698342445042
method1,4.0,35.4,256.4,-0.49695143234066674,3.838110037700066
method1,4.0,35.5,256.5,-0.500597755842468,3.83452173295509
method1,4.0,35.6,256.6,-0.5042266085134276,3.830914697427246
method1,4.0,35.7,256.7,-0.5078554611843873,3.8273076618994017
method1,4.0,35.8,256.8,-0.5114755303588978,3.823691303487002
method1,4.0,35.9,256.9,-0.5150868160369599,3.820065622190046
method1,4.0,36.0,257.0,-0.518698101715022,3.81643994089309
method1,4.0,36.1,257.1,-0.5222917246515636,3.81279569933419
method1,4.0,36.2,257.2,-0.5258853475881053,3.8091514577752896
method1,4.0,36.3,257.3,-0.5294700914875563,3.805497979084696
method1,4.0,36.4,257.4,-0.5330459563499171,3.801835263262408
method1,4.0,36.5,257.5,-0.536621821212278,3.79817254744012
method1,4.0,36.6,257.6,-0.5401798330862796,3.7944914438424
method1,4.0,36.7,257.7,-0.5437378449602813,3.79081034024468
method1,4.0,36.8,257.8,-0.547286883093512,3.787120086246886
method1,4.0,36.9,257.9,-0.5508269474859725,3.783420681849018
method1,4.0,37.0,258.0,-0.554367011878433,3.77972127745115
method1,4.0,37.1,258.1,-0.5578890347196634,3.7760036597137336
method1,4.0,37.2,258.2,-0.5614110575608938,3.772286041976318
method1,4.0,37.3,258.3,-0.5649240128046584,3.7685593615410378
method1,4.0,37.4,258.4,-0.5684279004509577,3.764823618407894
method1,4.0,37.5,258.5,-0.571931788097257,3.76108787527475
method1,4.0,37.6,258.6,-0.5754174473333882,3.7573340951708696
method1,4.0,37.7,258.7,-0.5789031065695195,3.7535803150669897
method1,4.0,37.8,258.8,-0.5823796052084181,3.749817560929776
method1,4.0,37.9,258.9,-0.5858469432500846,3.746045832759228
method1,4.0,38.0,259.0,-0.589314281291751,3.74227410458868
method1,4.0,38.1,259.1,-0.5927632057880522,3.7384845177324997
method1,4.0,38.2,259.2,-0.5962121302843535,3.7346949308763198
method1,4.0,38.3,259.3,-0.5996518020504469,3.730896459605282
method1,4.0,38.4,259.4,-0.6030822210863329,3.727089103919386
method1,4.0,38.5,259.5,-0.606512640122219,3.72328174823349
method1,4.0,38.6,259.6,-0.6099244622209278,3.719456714046526
method1,4.0,38.7,259.7,-0.6133362843196366,3.7156316798595617
method1,4.0,38.8,259.8,-0.6167387624317353,3.71179785182169
method1,4.0,38.9,259.9,-0.6201318965572241,3.70795522993291
method1,4.0,39.0,260.0,-0.623525030682713,3.70411260804413
method1,4.0,39.1,260.1,-0.6268993862420774,3.7002524897212496
method1,4.0,39.2,260.2,-0.6302737418014419,3.6963923713983697
method1,4.0,39.3,260.3,-0.6336386630040651,3.6925235507254377
method1,4.0,39.4,260.4,-0.6369941498499475,3.688646027702454
method1,4.0,39.5,260.5,-0.64034963669583,3.68476850467947
method1,4.0,39.6,260.6,-0.643686165128818,3.6808736691545096
method1,4.0,39.7,260.7,-0.6470226935618061,3.67697883362955
method1,4.0,39.8,260.8,-0.6503496981638079,3.67307538818363
method1,4.0,39.9,260.9,-0.653667178934824,3.66916333281675
method1,4.0,40.0,261.0,-0.65698465970584,3.66525127744987
method1,4.0,40.1,261.1,-0.6602830040185144,3.6613220953608536
method1,4.0,40.2,261.2,-0.6635813483311889,3.657392913271838
method1,4.0,40.3,261.3,-0.6668700802440473,3.653455214610414
method1,4.0,40.4,261.4,-0.6701491997570902,3.649508999376582
method1,4.0,40.5,261.5,-0.673428319270133,3.64556278414275
method1,4.0,40.6,261.6,-0.6766881260996843,3.6415996297967097
method1,4.0,40.7,261.7,-0.6799479329292355,3.63763647545067
method1,4.0,40.8,261.8,-0.6831980397050004,3.6336648987913645
method1,4.0,40.9,261.9,-0.6864384464269792,3.629684899818792
method1,4.0,41.0,262.0,-0.689678853148958,3.62570490084622
method1,4.0,41.1,262.1,-0.6928997728013929,3.621708152183616
method1,4.0,41.2,262.2,-0.6961206924538277,3.617711403521012
method1,4.0,41.3,262.3,-0.6993318253227223,3.613706327705918
method1,4.0,41.4,262.4,-0.7025331714080771,3.6096929247383343
method1,4.0,41.5,262.5,-0.705734517493432,3.60567952177075
method1,4.0,41.6,262.6,-0.7089162039809153,3.601649560329526
method1,4.0,41.7,262.7,-0.7120978904683986,3.597619598888302
method1,4.0,41.8,262.8,-0.7152697043760735,3.5935814063479303
method1,4.0,41.9,262.9,-0.7184316457039408,3.58953498270841
method1,4.0,42.0,263.0,-0.721593587031808,3.58548855906889
method1,4.0,42.1,263.1,-0.7247356981096497,3.581425769948122
method1,4.0,42.2,263.2,-0.7278778091874913,3.577362980827354
method1,4.0,42.3,263.3,-0.7310099628319229,3.573292057544192
method1,4.0,42.4,263.4,-0.7341321590429449,3.569213000098636
method1,4.0,42.5,263.5,-0.737254355253967,3.56513394265308
method1,4.0,42.6,263.6,-0.7403565524572558,3.561038714476272
method1,4.0,42.7,263.7,-0.7434587496605447,3.5569434862994638
method1,4.0,42.8,263.8,-0.7465509055285783,3.552840221771174
method1,4.0,42.9,263.9,-0.7496330200613571,3.5487289208914023
method1,4.0,43.0,264.0,-0.752715134594136,3.54461762001163
method1,4.0,43.1,264.1,-0.7557770832740088,3.540490344889598
method1,4.0,43.2,264.2,-0.7588390319538817,3.536363069767566
method1,4.0,43.3,264.3,-0.7618908563574112,3.5322278569697843
method1,4.0,43.4,264.4,-0.7649325564845976,3.528084706496252
method1,4.0,43.5,264.5,-0.767974256611784,3.52394155602272
method1,4.0,43.6,264.6,-0.7709956259713369,3.519782629516136
method1,4.0,43.7,264.7,-0.7740169953308896,3.515623703009552
method1,4.0,43.8,264.8,-0.7770281584426753,3.511456938358326
method1,4.0,43.9,264.9,-0.7800291153066942,3.5072823355624583
method1,4.0,44.0,265.0,-0.783030072170713,3.50310773276659
method1,4.0,44.1,265.1,-0.7860105353005382,3.498917553848138
method1,4.0,44.2,265.2,-0.7889909984303635,3.494727374929686
method1,4.0,44.3,265.3,-0.7919611743194773,3.490529458243554
method1,4.0,44.4,265.4,-0.7949210629678802,3.4863238037897424
method1,4.0,44.5,265.5,-0.797880951616283,3.48211814933593
method1,4.0,44.6,265.6,-0.8008201855296391,3.477897120352098
method1,4.0,44.7,265.7,-0.8037594194429951,3.4736760913682656
method1,4.0,44.8,265.8,-0.8066882861098975,3.469447425829946
method1,4.0,44.9,265.9,-0.8096067855303468,3.465211123737138
method1,4.0,45.0,266.0,-0.812525284950796,3.46097482164433
method1,4.0,45.1,266.1,-0.8154229706183981,3.4567233482768502
method1,4.0,45.2,266.2,-0.8183206562860001,3.45247187490937
method1,4.0,45.3,266.3,-0.8212078956972357,3.448212867027116
method1,4.0,45.4,266.4,-0.8240846888521053,3.443946324630088
method1,4.0,45.5,266.5,-0.826961482006975,3.43967978223306
method1,4.0,45.6,266.6,-0.829817304391411,3.435398273459972
method1,4.0,45.7,266.7,-0.832673126775847,3.431116764686884
method1,4.0,45.8,266.8,-0.8355184248983641,3.42682782425546
method1,4.0,45.9,266.9,-0.8383531987589625,3.4225314521657
method1,4.0,46.0,267.0,-0.841187972619561,3.41823508007594
method1,4.0,46.1,267.1,-0.844001620709321,3.41392394813232
method1,4.0,46.2,267.2,-0.8468152687990811,3.4096128161887
method1,4.0,46.3,267.3,-0.8496183156341659,3.4052943562500197
method1,4.0,46.4,267.4,-0.8524107612145759,3.40096856831628
method1,4.0,46.5,267.5,-0.855203206794986,3.39664278038254
method1,4.0,46.6,267.6,-0.8579743736381052,3.3923024407208597
method1,4.0,46.7,267.7,-0.8607455404812245,3.38796210105918
method1,4.0,46.8,267.8,-0.8635060300980463,3.383614537862582
method1,4.0,46.9,267.9,-0.8662558424885711,3.379259751131066
method1,4.0,47.0,268.0,-0.869005654879096,3.37490496439955
method1,4.0,47.1,268.1,-0.8717340376164112,3.3705358356497097
method1,4.0,47.2,268.2,-0.8744624203537265,3.36616670689987
method1,4.0,47.3,268.3,-0.8771800509224953,3.361790459862056
method1,4.0,47.4,268.4,-0.8798869293227182,3.357407094536268
method1,4.0,47.5,268.5,-0.882593807722941,3.35302372921048
method1,4.0,47.6,268.6,-0.8852791076209483,3.348626233139472
method1,4.0,47.7,268.7,-0.8879644075189554,3.344228737068464
method1,4.0,47.8,268.8,-0.890638881343682,3.3398242287330904
method1,4.0,47.9,268.9,-0.893302529095128,3.33541270813335
method1,4.0,48.0,269.0,-0.895966176846574,3.33100118753361
method1,4.0,48.1,269.1,-0.8986080993298928,3.3265757490048617
method1,4.0,48.2,269.2,-0.9012500218132117,3.322150310476114
method1,4.0,48.3,269.3,-0.90388104536407,3.317717966473042
method1,4.0,48.4,269.4,-0.906501169982468,3.3132787169956464
method1,4.0,48.5,269.5,-0.909121294600866,3.30883946751825
method1,4.0,48.6,269.6,-0.9117195492843004,3.304386514450634
method1,4.0,48.7,269.7,-0.9143178039677349,3.2999335613830176
method1,4.0,48.8,269.8,-0.9169050879130242,3.295473810387238
method1,4.0,48.9,269.9,-0.9194814011201685,3.291007261463294
method1,4.0,49.0,270.0,-0.922057714327313,3.28654071253935
method1,4.0,49.1,270.1,-0.9246120150475102,3.282060675865842
method1,4.0,49.2,270.2,-0.9271663157677075,3.277580639192334
method1,4.0,49.3,270.3,-0.9297095750054074,3.2730939128825502
method1,4.0,49.4,270.4,-0.9322417927606101,3.2686004969364904
method1,4.0,49.5,270.5,-0.934774010515813,3.26410708099043
method1,4.0,49.6,270.6,-0.937284075362513,3.259600394616462
method1,4.0,49.7,270.7,-0.9397941402092131,3.255093708242494
method1,4.0,49.8,270.8,-0.9422930938981328,3.2505804412593884
method1,4.0,49.9,270.9,-0.9447809364292723,3.2460605936671443
method1,4.0,50.0,271.0,-0.947268778960412,3.2415407460749
method1,4.0,50.1,271.1,-0.9497343303072864,3.237007846836372
method1,4.0,50.2,271.2,-0.9521998816541608,3.232474947597844
method1,4.0,50.3,271.3,-0.9546542532446723,3.227935577502016
method1,4.0,50.4,271.4,-0.9570974450788211,3.223389736548888
method1,4.0,50.5,271.5,-0.95954063691297,3.21884389559576
method1,4.0,50.6,271.6,-0.9619614014480476,3.2142852232167436
method1,4.0,50.7,271.7,-0.9643821659831252,3.2097265508377277
method1,4.0,50.8,271.8,-0.9667916832474858,3.205161518067308
method1,4.0,50.9,271.9,-0.9691899532411293,3.200590124905484
method1,4.0,51.0,272.0,-0.971588223234773,3.19601873174366
method1,4.0,51.1,272.1,-0.9739639319904454,3.1914347287937876
method1,4.0,51.2,272.2,-0.9763396407461179,3.186850725843916
method1,4.0,51.3,272.3,-0.9787040358083701,3.182260473671886
method1,4.0,51.4,272.4,-0.9810571171772026,3.1776639722776983
method1,4.0,51.5,272.5,-0.983410198546035,3.17306747088351
method1,4.0,51.6,272.6,-0.9857405869286437,3.168458582735034
method1,4.0,51.7,272.7,-0.9880709753112527,3.163849694586558
method1,4.0,51.8,272.8,-0.9903899846767064,3.159234669077732
method1,4.0,51.9,272.9,-0.9926976150250052,3.1546135062085563
method1,4.0,52.0,273.0,-0.995005245373304,3.14999234333938
method1,4.0,52.1,273.1,-0.9972900531922985,3.145359018123948
method1,4.0,52.2,273.2,-0.9995748610112929,3.1407256929085157
method1,4.0,52.3,273.3,-1.001848225595578,3.136086342876236
method1,4.0,52.4,273.4,-1.0041101469451539,3.1314409680271083
method1,4.0,52.5,273.5,-1.00637206829473,3.12679559317798
method1,4.0,52.6,273.6,-1.0086110397914099,3.1221382817431
method1,4.0,52.7,273.7,-1.01085001128809,3.1174809703082196
method1,4.0,52.8,273.8,-1.013077476445786,3.112817747270748
method1,4.0,52.9,273.9,-1.015293435264498,3.108148612630684
method1,4.0,53.0,274.0,-1.01750939408321,3.10347947799062
method1,4.0,53.1,274.1,-1.0197022779590181,3.098798633855812
method1,4.0,53.2,274.2,-1.021895161834826,3.094117789721004
method1,4.0,53.3,274.3,-1.024076477387652,3.0894311478576
method1,4.0,53.4,274.4,-1.026246224617496,3.0847387082656
method1,4.0,53.5,274.5,-1.02841597184734,3.0800462686736
method1,4.0,53.6,274.6,-1.030562521291744,3.075342347986284
method1,4.0,53.7,274.7,-1.032709070736148,3.070638427298968
method1,4.0,53.8,274.8,-1.0348439910007319,3.0659288234057
method1,4.0,53.9,274.9,-1.0369672820854958,3.06121353630648
method1,4.0,54.0,275.0,-1.03909057317026,3.05649824920726
method1,4.0,54.1,275.1,-1.041190545888168,3.051771710698312
method1,4.0,54.2,275.2,-1.0432905186060761,3.047045172189364
method1,4.0,54.3,275.3,-1.04537880242127,3.0423130656346085
method1,4.0,54.4,275.4,-1.04745539733375,3.037575391034044
method1,4.0,54.5,275.5,-1.04953199224623,3.03283771643348
method1,4.0,54.6,275.6,-1.051585150485006,3.0280890213725438
method1,4.0,54.7,275.7,-1.053638308723782,3.0233403263116077
method1,4.0,54.8,275.8,-1.0556797194775498,3.018586178991268
method1,4.0,54.9,275.9,-1.05770938274631,3.013826579411524
method1,4.0,55.0,276.0,-1.05973904601507,3.00906697983178
method1,4.0,55.1,276.1,-1.061745156591074,3.0042965919822717
method1,4.0,55.2,276.2,-1.063751267167078,2.999526204132764
method1,4.0,55.3,276.3,-1.065745572822934,2.9947504804252203
method1,4.0,55.4,276.4,-1.0677280735586419,2.98996942085964
method1,4.0,55.5,276.5,-1.06971057429435,2.98518836129406
method1,4.0,55.6,276.6,-1.071669408619034,2.980396746867896
method1,4.0,55.7,276.7,-1.073628242943718,2.9756051324417316
method1,4.0,55.8,276.8,-1.0755752160667198,2.9708082991625
method1,4.0,55.9,276.9,-1.07751032798804,2.9660062470302
method1,4.0,56.0,277.0,-1.07944543990936,2.9612041948979
method1,4.0,56.1,277.1,-1.0813567740149441,2.956391822509976
method1,4.0,56.2,277.2,-1.083268108120528,2.951579450122052
method1,4.0,56.3,277.3,-1.08516752590282,2.946761976478184
method1,4.0,56.4,277.4,-1.08705502736182,2.941939401578372
method1,4.0,56.5,277.5,-1.08894252882082,2.93711682667856
method1,4.0,56.6,277.6,-1.090806143385476,2.932284167300924
method1,4.0,56.7,277.7,-1.092669757950132,2.927451507923288
method1,4.0,56.8,277.8,-1.0945214022360379,2.9226138654674942
method1,4.0,56.9,277.9,-1.096361076243194,2.917771239933542
method1,4.0,57.0,278.0,-1.09820075025035,2.91292861439959
method1,4.0,57.1,278.1,-1.100016430622974,2.908076141315382
method1,4.0,57.2,278.2,-1.101832110995598,2.903223668231174
method1,4.0,57.3,278.3,-1.103635768306258,2.89836633081569
method1,4.0,57.4,278.4,-1.105427402554954,2.8935041290689303
method1,4.0,57.5,278.5,-1.10721903680365,2.88864192732217
method1,4.0,57.6,278.6,-1.108986573028138,2.88377011607929
method1,4.0,57.7,278.7,-1.110754109252626,2.87889830483641
method1,4.0,57.8,278.8,-1.112509570810172,2.8740217485665984
method1,4.0,57.9,278.9,-1.114252957700776,2.8691404472698543
method1,4.0,58.0,279.0,-1.11599634459138,2.86425914597311
method1,4.0,58.1,279.1,-1.11771553143048,2.859368474337638
method1,4.0,58.2,279.2,-1.11943471826958,2.854477802702166
method1,4.0,58.3,279.3,-1.1211417800208638,2.8495825058898765
method1,4.0,58.4,279.4,-1.122836716684332,2.8446825839007683
method1,4.0,58.5,279.5,-1.1245316533478,2.83978266191166
method1,4.0,58.6,279.6,-1.1262022903064601,2.834873609821008
method1,4.0,58.7,279.7,-1.12787292726512,2.8299645577303556
method1,4.0,58.8,279.8,-1.12953138990496,2.825051000847016
method1,4.0,58.9,279.9,-1.13117767822598,2.820132939170988
method1,4.0,59.0,280.0,-1.132823966547,2.81521487749496
method1,4.0,59.1,280.1,-1.1344458578953,2.810287927010812
method1,4.0,59.2,280.2,-1.1360677492436,2.805360976526664
method1,4.0,59.3,280.3,-1.137677418237574,2.8004296421561543
method1,4.0,59.4,280.4,-1.139274864877222,2.795493923899282
method1,4.0,59.5,280.5,-1.14087231151687,2.79055820564241
method1,4.0,59.6,280.6,-1.142445266312446,2.785613840903374
method1,4.0,59.7,280.7,-1.144018221108022,2.780669476164338
method1,4.0,59.8,280.8,-1.145578906714792,2.7757208489555962
method1,4.0,59.9,280.9,-1.1471273231327561,2.770767959277148
method1,4.0,60.0,281.0,-1.14867573955072,2.7658150695987
method1,4.0,60.1,281.1,-1.150199571660744,2.760853776772772
method1,4.0,60.2,281.2,-1.1517234037707682,2.7558924839468437
method1,4.0,60.3,281.3,-1.153234921063934,2.750927050566254
method1,4.0,60.4,281.4,-1.154734123540242,2.745957476631002
method1,4.0,60.5,281.5,-1.15623332601655,2.74098790269575
method1,4.0,60.6,281.6,-1.157707854139214,2.736010169932518
method1,4.0,60.7,281.7,-1.159182382261878,2.731032437169286
method1,4.0,60.8,281.8,-1.160644551151344,2.726050686252836
method1,4.0,60.9,281.9,-1.162094360807612,2.7210649171831682
method1,4.0,61.0,282.0,-1.16354417046388,2.7160791481135
method1,4.0,61.1,282.1,-1.164969218149432,2.7110854654961156
method1,4.0,61.2,282.2,-1.1663942658349842,2.706091782878732
method1,4.0,61.3,282.3,-1.167806911087876,2.7010942049839324
method1,4.0,61.4,282.4,-1.169207153908108,2.6960927318117163
method1,4.0,61.5,282.5,-1.17060739672834,2.6910912586395
method1,4.0,61.6,282.6,-1.171982792399616,2.686082118136456
method1,4.0,61.7,282.7,-1.1733581880708919,2.681072977633412
method1,4.0,61.8,282.8,-1.1747211393319739,2.676060065191006
method1,4.0,61.9,282.9,-1.176071646182862,2.671043380809238
method1,4.0,62.0,283.0,-1.17742215303375,2.66602669642747
method1,4.0,62.1,283.1,-1.17874773000625,2.66100259184413
method1,4.0,62.2,283.2,-1.18007330697875,2.65597848726079
method1,4.0,62.3,283.3,-1.1813863987903719,2.650950734526244
method1,4.0,62.4,283.4,-1.182687005441116,2.6459193336404923
method1,4.0,62.5,283.5,-1.18398761209186,2.64088793275474
method1,4.0,62.6,283.6,-1.18526320859332,2.6358493596846797
method1,4.0,62.7,283.7,-1.18653880509478,2.63081078661462
method1,4.0,62.8,283.8,-1.1878018769163379,2.6257686896194024
method1,4.0,62.9,283.9,-1.189052424057994,2.620723068699026
method1,4.0,63.0,284.0,-1.19030297119965,2.61567744777865
method1,4.0,63.1,284.1,-1.191528430389154,2.6106249035547697
method1,4.0,63.2,284.2,-1.192753889578658,2.6055723593308895
method1,4.0,63.3,284.3,-1.193966785805572,2.600516415833536
method1,4.0,63.4,284.4,-1.195167119069896,2.595457073062708
method1,4.0,63.5,284.5,-1.19636745233422,2.59039773029188
method1,4.0,63.6,284.6,-1.197542622320796,2.585331713937332
method1,4.0,63.7,284.7,-1.198717792307372,2.580265697582784
method1,4.0,63.8,284.8,-1.199880362289574,2.5751964070197744
method1,4.0,63.9,284.9,-1.2010303322674019,2.570123842248302
method1,4.0,64.0,285.0,-1.20218030224523,2.56505127747683
method1,4.0,64.1,285.1,-1.2033050361059898,2.55997228965573
method1,4.0,64.2,285.2,-1.2044297699667499,2.55489330183463
method1,4.0,64.3,285.3,-1.2055418680266898,2.5498111652710542
method1,4.0,64.4,285.4,-1.2066413302858099,2.544725879965002
method1,4.0,64.5,285.5,-1.20774079254493,2.53964059465895
method1,4.0,64.6,285.6,-1.20881494834269,2.534549137626914
method1,4.0,64.7,285.7,-1.20988910414045,2.5294576805948776
method1,4.0,64.8,285.8,-1.210950589590604,2.524363200674922
method1,4.0,64.9,285.9,-1.2119994046931521,2.519265697867046
method1,4.0,65.0,286.0,-1.2130482197957,2.51416819505917
method1,4.0,65.1,286.1,-1.21407166059612,2.5090647726136504
method1,4.0,65.2,286.2,-1.21509510139654,2.50396135016813
method1,4.0,65.3,286.3,-1.2161058385564179,2.4988550310653603
method1,4.0,65.4,286.4,-1.2171038720757539,2.49374581530534
method1,4.0,65.5,286.5,-1.21810190559509,2.48863659954532
method1,4.0,65.6,286.6,-1.219074499483338,2.483521716975756
method1,4.0,65.7,286.7,-1.2200470933715861,2.478406834406192
method1,4.0,65.8,286.8,-1.221006951584268,2.473289181773674
method1,4.0,65.9,286.9,-1.2219540741213841,2.4681687590782015
method1,4.0,66.0,287.0,-1.2229011966585,2.46304833638273
method1,4.0,66.1,287.1,-1.22382281675538,2.4579225004205303
method1,4.0,66.2,287.2,-1.22474443685226,2.45279666445833
method1,4.0,66.3,287.3,-1.225653290500412,2.4476681853785562
method1,4.0,66.4,287.4,-1.2265493776998362,2.442537063181208
method1,4.0,66.5,287.5,-1.22744546489926,2.43740594098386
method1,4.0,66.6,287.6,-1.228315989376864,2.4322696597522
method1,4.0,66.7,287.7,-1.229186513854468,2.42713337852054
method1,4.0,66.8,287.8,-1.230044242375862,2.421994581455192
method1,4.0,66.9,287.9,-1.230889174941046,2.4168532685561557
method1,4.0,67.0,288.0,-1.23173410750623,2.41171195565712
method1,4.0,67.1,288.1,-1.232553419603094,2.4065657386205763
method1,4.0,67.2,288.2,-1.233372731699958,2.4014195215840317
method1,4.0,67.3,288.3,-1.2341792196025059,2.3962709163235663
method1,4.0,67.4,288.4,-1.234972883310738,2.3911199228391777
method1,4.0,67.5,288.5,-1.23576654701897,2.38596892935479
method1,4.0,67.6,288.6,-1.2365345350547219,2.3808132872688184
method1,4.0,67.7,288.7,-1.237302523090474,2.3756576451828457
method1,4.0,67.8,288.8,-1.2380576599667399,2.3704997427959364
method1,4.0,67.9,288.9,-1.23879994568352,2.365339580108088
method1,4.0,68.0,289.0,-1.2395422314003,2.36017941742024
method1,4.0,68.1,289.1,-1.240258788789804,2.3550148622804725
method1,4.0,68.2,289.2,-1.240975346179308,2.349850307140704
method1,4.0,68.3,289.3,-1.241679026720534,2.3446836199235004
method1,4.0,68.4,289.4,-1.242369830413482,2.33951480062886
method1,4.0,68.5,289.5,-1.24306063410643,2.33434598133422
method1,4.0,68.6,289.6,-1.243725659373406,2.3291730263256363
method1,4.0,68.7,289.7,-1.244390684640382,2.3240000713170517
method1,4.0,68.8,289.8,-1.2450428086499898,2.3188251127423123
method1,4.0,68.9,289.9,-1.2456820314022299,2.313648150601416
method1,4.0,69.0,290.0,-1.24632125415447,2.30847118846052
method1,4.0,69.1,290.1,-1.246934650944646,2.303290347906444
method1,4.0,69.2,290.2,-1.247548047734822,2.298109507352368
method1,4.0,69.3,290.3,-1.248148520141418,2.29292679201842
method1,4.0,69.4,290.4,-1.248736068164434,2.2877422019046
method1,4.0,69.5,290.5,-1.24932361618745,2.28255761179078
method1,4.0,69.6,290.6,-1.249885293281174,2.277369401101752
method1,4.0,69.7,290.7,-1.250446970374898,2.2721811904127236
method1,4.0,69.8,290.8,-1.2509957012447699,2.266991233992304
method1,4.0,69.9,290.9,-1.25153148589079,2.2617995318404915
method1,4.0,70.0,291.0,-1.25206727053681,2.25660782968868
method1,4.0,70.1,291.1,-1.252577141861154,2.25141276531118
method1,4.0,70.2,291.2,-1.253087013185498,2.2462177009336797
method1,4.0,70.3,291.3,-1.253583917734592,2.241021020122616
method1,4.0,70.4,291.4,-1.2540678555084361,2.2358227228779874
method1,4.0,70.5,291.5,-1.25455179328228,2.23062442563336
method1,4.0,70.6,291.6,-1.2550097779226481,2.2254230249984044
method1,4.0,70.7,291.7,-1.2554677625630162,2.220221624363448
method1,4.0,70.8,291.8,-1.25591276116841,2.2150187368292302
method1,4.0,70.9,291.9,-1.25634477373883,2.2098143623957496
method1,4.0,71.0,292.0,-1.25677678630925,2.20460998796227
method1,4.0,71.1,292.1,-1.25718280852045,2.19940276943387
method1,4.0,71.2,292.2,-1.25758883073165,2.19419555090547
method1,4.0,71.3,292.3,-1.257981848942506,2.18898697523568
method1,4.0,71.4,292.4,-1.258361863153018,2.1837770424244995
method1,4.0,71.5,292.5,-1.25874187736353,2.17856710961332
method1,4.0,71.6,292.6,-1.259095866580354,2.1733545924368243
method1,4.0,71.7,292.7,-1.259449855797178,2.1681420752603278
method1,4.0,71.8,292.8,-1.259790824345184,2.162928330910946
method1,4.0,71.9,292.9,-1.260118772224372,2.1577133593886777
method1,4.0,72.0,293.0,-1.26044672010356,2.15249838786641
method1,4.0,72.1,293.1,-1.2607486109508321,2.1472810921167342
method1,4.0,72.2,293.2,-1.2610505017981042,2.142063796367058
method1,4.0,72.3,293.3,-1.261339356607398,2.1368454036106623
method1,4.0,72.4,293.4,-1.2616151753787141,2.1316259138475457
method1,4.0,72.5,293.5,-1.26189099415003,2.12640642408443
method1,4.0,72.6,293.6,-1.262140726452142,2.121184870614162
method1,4.0,72.7,293.7,-1.262390458754254,2.1159633171438936
method1,4.0,72.8,293.8,-1.262627140950824,2.110740797017742
method1,4.0,72.9,293.9,-1.262850773041852,2.1055173102357054
method1,4.0,73.0,294.0,-1.26307440513288,2.10029382345367
method1,4.0,73.1,294.1,-1.2632719239228118,2.0950685338410704
method1,4.0,73.2,294.2,-1.263469442712744,2.08984324422847
method1,4.0,73.3,294.3,-1.263653898633326,2.084617118482476
method1,4.0,73.4,294.4,-1.263825291684558,2.0793901566030875
method1,4.0,73.5,294.5,-1.26399668473579,2.0741631947237
method1,4.0,73.6,294.6,-1.264141940263598,2.0689346912206044
method1,4.0,73.7,294.7,-1.264287195791406,2.063706187717508
method1,4.0,73.8,294.8,-1.264419376991836,2.058476978762118
method1,4.0,73.9,294.9,-1.264538483864888,2.0532470643544336
method1,4.0,74.0,295.0,-1.26465759073794,2.04801714994675
method1,4.0,74.1,295.1,-1.26475053847874,2.0427859554263703
method1,4.0,74.2,295.2,-1.26484348621954,2.03755476090599
method1,4.0,74.3,295.3,-1.26492334948261,2.03232299175996
method1,4.0,74.4,295.4,-1.2649901282679499,2.0270906479882798
method1,4.0,74.5,295.5,-1.26505690705329,2.0218583042166
method1,4.0,74.6,295.6,-1.265097507714694,2.0166249421212363
method1,4.0,74.7,295.7,-1.265138108376098,2.011391580025872
method1,4.0,74.8,295.8,-1.265165615718866,2.006157774263956
method1,4.0,74.9,295.9,-1.265180029742998,2.0009235248354877
method1,4.0,75.0,296.0,-1.26519444376713,1.99568927540702
method1,4.0,75.1,296.1,-1.265182663296198,1.9904542696956882
method1,4.0,75.2,296.2,-1.2651708828252661,1.9852192639843558
method1,4.0,75.3,296.3,-1.265146001505866,1.979983945684912
method1,4.0,75.4,296.4,-1.265108019337998,1.9747483147973557
method1,4.0,75.5,296.5,-1.26507003717013,1.9695126839098
method1,4.0,75.6,296.6,-1.265005846759754,1.9642765590057643
method1,4.0,75.7,296.7,-1.264941656349378,1.9590404341017278
method1,4.0,75.8,296.8,-1.264864358873284,1.9538041277942342
method1,4.0,75.9,296.9,-1.264773954331472,1.9485676400832816
method1,4.0,76.0,297.0,-1.26468354978966,1.94333115237233
method1,4.0,76.1,297.1,-1.26456692588446,1.9380944331105743
method1,4.0,76.2,297.2,-1.2644503019792601,1.9328577138488179
method1,4.0,76.3,297.3,-1.26432056610504,1.9276209444613281
method1,4.0,76.4,297.4,-1.2641777182618,1.9223841249481037
method1,4.0,76.5,297.5,-1.26403487041856,1.91714730543488
method1,4.0,76.6,297.6,-1.2638657947202239,1.9119105170094963
method1,4.0,76.7,297.7,-1.263696719021888,1.9066737285841118
method1,4.0,76.8,297.8,-1.263514527766418,1.901437021390626
method1,4.0,76.9,297.9,-1.263319220953814,1.8962003954290376
method1,4.0,77.0,298.0,-1.26312391414121,1.89096376946745
method1,4.0,77.1,298.1,-1.262902373613326,1.8857274373789743
method1,4.0,77.2,298.2,-1.262680833085442,1.880491105290498
method1,4.0,77.3,298.3,-1.262446174728608,1.875254985858274
method1,4.0,77.4,298.4,-1.262198398542824,1.8700190790823017
method1,4.0,77.5,298.5,-1.26195062235704,1.86478317230633
method1,4.0,77.6,298.6,-1.261676609229392,1.8595478223090143
method1,4.0,77.7,298.7,-1.2614025961017439,1.854312472311698
method1,4.0,77.8,298.8,-1.261115464190604,1.8490774664485181
method1,4.0,77.9,298.9,-1.2608152134959718,1.8438428047194737
method1,4.0,78.0,299.0,-1.26051496280134,1.83860814299043
method1,4.0,78.1,299.1,-1.260188474573672,1.8333743010394383
method1,4.0,78.2,299.2,-1.2598619863460039,1.8281404590884458
method1,4.0,78.3,299.3,-1.2595223796984198,1.8229070927898001
method1,4.0,78.4,299.4,-1.25916965463092,1.8176742021434997
method1,4.0,78.5,299.5,-1.25881692956342,1.8124413114972
method1,4.0,78.6,299.6,-1.258437969008696,1.8072095036957843
method1,4.0,78.7,299.7,-1.258059008453972,1.8019776958943678
method1,4.0,78.8,299.8,-1.25766693116173,1.796746495290612
method1,4.0,78.9,299.9,-1.2572617371319699,1.7915159018845157
method1,4.0,79.0,300.0,-1.25685654310221,1.78628530847842
method1,4.0,79.1,300.1,-1.256425118269302,1.7810560610250323
method1,4.0,79.2,300.2,-1.255993693436394,1.775826813571644
method1,4.0,79.3,300.3,-1.255549154867772,1.7705983048751122
method1,4.0,79.4,300.4,-1.255091502563436,1.7653705349354356
method1,4.0,79.5,300.5,-1.2546338502591,1.76014276499576
method1,4.0,79.6,300.6,-1.254149974474976,1.7549166041311324
method1,4.0,79.7,300.7,-1.2536660986908519,1.749690443266504
method1,4.0,79.8,300.8,-1.253169113492666,1.7444651527185702
method1,4.0,79.9,300.9,-1.2526590188804179,1.7392407324873298
method1,4.0,80.0,301.0,-1.25214892426817,1.73401631225609
method1,4.0,80.1,301.1,-1.251612616139546,1.7287937642102744
method1,4.0,80.2,301.2,-1.251076308010922,1.7235712161644579
method1,4.0,80.3,301.3,-1.250526896110052,1.7183496699825722
method1,4.0,80.4,301.4,-1.249964380436936,1.7131291256646157
method1,4.0,80.5,301.5,-1.24940186476382,1.70790858134666
method1,4.0,80.6,301.6,-1.248813148178272,1.7026901722860643
method1,4.0,80.7,301.7,-1.248224431592724,1.6974717632254679
method1,4.0,80.8,301.8,-1.247622618197086,1.6922544875501782
method1,4.0,80.9,301.9,-1.247007707991358,1.6870383452601936
method1,4.0,81.0,302.0,-1.24639279778563,1.68182220297021
method1,4.0,81.1,302.1,-1.245751701912182,1.6766084589445542
method1,4.0,81.2,302.2,-1.245110606038734,1.671394714918898
method1,4.0,81.3,302.3,-1.2444564216377438,1.6661822357608223
method1,4.0,81.4,302.4,-1.2437891487092119,1.6609710214703257
method1,4.0,81.5,302.5,-1.24312187578068,1.65575980717983
method1,4.0,81.6,302.6,-1.242428435069856,1.6505512540691503
method1,4.0,81.7,302.7,-1.241734994359032,1.6453427009584698
method1,4.0,81.8,302.8,-1.2410284747235159,1.640135544145274
method1,4.0,81.9,302.9,-1.2403088761633079,1.6349297836295615
method1,4.0,82.0,303.0,-1.2395892776031,1.62972402311385
method1,4.0,82.1,303.1,-1.238843531786452,1.6245211865754463
method1,4.0,82.2,303.2,-1.238097785969804,1.6193183500370418
method1,4.0,82.3,303.3,-1.237338972151394,1.6141170411604002
method1,4.0,82.4,303.4,-1.236567090331222,1.6089172599455197
method1,4.0,82.5,303.5,-1.23579520851105,1.60371747873064
method1,4.0,82.6,303.6,-1.234997202600134,1.5985208841460403
method1,4.0,82.7,303.7,-1.2341991966892178,1.59332428956144
method1,4.0,82.8,303.8,-1.2333881350192,1.588129353923984
method1,4.0,82.9,303.9,-1.2325640175900798,1.5829360772336716
method1,4.0,83.0,304.0,-1.23173990016096,1.57774280054336
method1,4.0,83.1,304.1,-1.2308896844458,1.5725529729652643
method1,4.0,83.2,304.2,-1.23003946873064,1.567363145387168
method1,4.0,83.3,304.3,-1.2291762108182822,1.5621751079494461
method1,4.0,83.4,304.4,-1.228299910708726,1.5569888606520976
method1,4.0,83.5,304.5,-1.22742361059917,1.55180261335475
method1,4.0,83.6,304.6,-1.226521240646174,1.5466200774539824
method1,4.0,83.7,304.7,-1.2256188706931779,1.541437541553214
method1,4.0,83.8,304.8,-1.224703473423512,1.5362569268806403
method1,4.0,83.9,304.9,-1.223775048837176,1.5310782334362598
method1,4.0,84.0,305.0,-1.22284662425084,1.52589953999188
method1,4.0,84.1,305.1,-1.2218921609002,1.5207248200043604
method1,4.0,84.2,305.2,-1.2209376975495598,1.5155501000168399
method1,4.0,84.3,305.3,-1.219970223080646,1.510377432226664
method1,4.0,84.4,305.4,-1.218989737493458,1.5052068166338317
method1,4.0,84.5,305.5,-1.21800925190627,1.500036201041
method1,4.0,84.6,305.6,-1.217002761268802,1.4948698207147204
method1,4.0,84.7,305.7,-1.2159962706313339,1.48970344038844
method1,4.0,84.8,305.8,-1.214976786390976,1.4845392430967341
method1,4.0,84.9,305.9,-1.213944308547728,1.4793772288396017
method1,4.0,85.0,306.0,-1.21291183070448,1.47421521458247
method1,4.0,85.1,306.1,-1.211853384157952,1.4690576971244944
method1,4.0,85.2,306.2,-1.210794937611424,1.4639001796665179
method1,4.0,85.3,306.3,-1.2097235162933582,1.4587449759351783
method1,4.0,85.4,306.4,-1.208639120203754,1.4535920859304738
method1,4.0,85.5,306.5,-1.20755472411415,1.44843919592577
method1,4.0,85.6,306.6,-1.206444398299078,1.4432910639492464
method1,4.0,85.7,306.7,-1.205334072484006,1.438142931972722
method1,4.0,85.8,306.8,-1.20421079204356,1.4329972442564922
method1,4.0,85.9,306.9,-1.20307455697774,1.4278540008005558
method1,4.0,86.0,307.0,-1.20193832191192,1.42271075734462
method1,4.0,86.1,307.1,-1.200776198726824,1.4175725328158524
method1,4.0,86.2,307.2,-1.199614075541728,1.4124343082870838
method1,4.0,86.3,307.3,-1.198439019190946,1.4072986583806282
method1,4.0,86.4,307.4,-1.1972510296744778,1.4021655830964836
method1,4.0,86.5,307.5,-1.19606304015801,1.39703250781234
method1,4.0,86.6,307.6,-1.194849206754126,1.3919047119978523
method1,4.0,86.7,307.7,-1.193635373350242,1.3867769161833639
method1,4.0,86.8,307.8,-1.19240862955247,1.3816518251683523
method1,4.0,86.9,307.9,-1.19116897536081,1.3765294389528158
method1,4.0,87.0,308.0,-1.18992932116915,1.37140705273728
method1,4.0,87.1,308.1,-1.1886638699446341,1.3662902061509643
method1,4.0,87.2,308.2,-1.187398418720118,1.361173359564648
method1,4.0,87.3,308.3,-1.1861200811840662,1.3560593477569063
method1,4.0,87.4,308.4,-1.184828857336478,1.3509481707277378
method1,4.0,87.5,308.5,-1.18353763348889,1.34583699369857
method1,4.0,87.6,308.6,-1.1822206620824622,1.3407316160488503
method1,4.0,87.7,308.7,-1.180903690676034,1.33562623839913
method1,4.0,87.8,308.8,-1.179573858349296,1.3305238252958203
method1,4.0,87.9,308.9,-1.178231165102248,1.3254243767389198
method1,4.0,88.0,309.0,-1.1768884718552,1.32032492818202
method1,4.0,88.1,309.1,-1.175520083139288,1.3152315383190882
method1,4.0,88.2,309.2,-1.1741516944233759,1.3101381484561558
method1,4.0,88.3,309.3,-1.1727704714854321,1.305047852683022
method1,4.0,88.4,309.4,-1.171376414325456,1.2999606509996857
method1,4.0,88.5,309.5,-1.16998235716548,1.29487344931635
method1,4.0,88.6,309.6,-1.1685626592388,1.2897925651794424
method1,4.0,88.7,309.7,-1.16714296131212,1.2847116810425339
method1,4.0,88.8,309.8,-1.1657104571667902,1.2796340203012022
method1,4.0,88.9,309.9,-1.16426514680281,1.2745595829554457
method1,4.0,89.0,310.0,-1.16281983643883,1.26948514560969
method1,4.0,89.1,310.1,-1.1613489426184622,1.2644172841744383
method1,4.0,89.2,310.2,-1.159878048798094,1.259349422739186
method1,4.0,89.3,310.3,-1.1583943780654762,1.25428491375452
method1,4.0,89.4,310.4,-1.156897930420608,1.2492237572204397
method1,4.0,89.5,310.5,-1.15540148277574,1.24416260068636
method1,4.0,89.6,310.6,-1.15387951158866,1.2391082779121962
method1,4.0,89.7,310.7,-1.15235754040158,1.2340539551380318
method1,4.0,89.8,310.8,-1.1508228229094482,1.2290031136055721
method1,4.0,89.9,310.9,-1.149275359112264,1.2239557533148158
method1,4.0,90.0,311.0,-1.14772789531508,1.21890839302406
method1,4.0,90.1,311.1,-1.146154970489148,1.2138681238017124
method1,4.0,90.2,311.2,-1.1445820456632159,1.2088278545793638
method1,4.0,90.3,311.3,-1.1429964064378901,1.2037911951128262
method1,4.0,90.4,311.4,-1.14139805281317,1.1987581454020977
method1,4.0,90.5,311.5,-1.13979969918845,1.19372509569137
method1,4.0,90.6,311.6,-1.138175949642902,1.1886993937904302
method1,4.0,90.7,311.7,-1.1365522000973538,1.18367369188949
method1,4.0,90.8,311.8,-1.134915769354044,1.1786517279683602
method1,4.0,90.9,311.9,-1.133266657412972,1.1736335020270396
method1,4.0,91.0,312.0,-1.1316175454719,1.16861527608572
method1,4.0,91.1,312.1,-1.1299431053072921,1.1636046541022802
method1,4.0,91.2,312.2,-1.1282686651426839,1.15859403211884
method1,4.0,91.3,312.3,-1.126581578275302,1.1535872760360382
method1,4.0,91.4,312.4,-1.1248818447051459,1.1485843858538738
method1,4.0,91.5,312.5,-1.12318211113499,1.14358149567171
method1,4.0,91.6,312.6,-1.121457119622602,1.1385864649761144
method1,4.0,91.7,312.7,-1.119732128110214,1.133591434280518
method1,4.0,91.8,312.8,-1.117994525680662,1.1286003970901621
method1,4.0,91.9,312.9,-1.1162443123339458,1.1236133534050459
method1,4.0,92.0,313.0,-1.11449409898723,1.11862630971993
method1,4.0,92.1,313.1,-1.1127187005579702,1.1136473804045903
method1,4.0,92.2,313.2,-1.11094330212871,1.10866845108925
method1,4.0,92.3,313.3,-1.109155329855634,1.1036936425545083
method1,4.0,92.4,313.4,-1.1073547837387419,1.0987229548003639
method1,4.0,92.5,313.5,-1.10555423762185,1.09375226704622
method1,4.0,92.6,313.6,-1.10372858185461,1.0887899478735683
method1,4.0,92.7,313.7,-1.1019029260873698,1.0838276287009159
method1,4.0,92.8,313.8,-1.100064734834394,1.0788695572419722
method1,4.0,92.9,313.9,-1.098214008095682,1.0739157334967357
method1,4.0,93.0,314.0,-1.09636328135697,1.0689619097515
method1,4.0,93.1,314.1,-1.0944875229664661,1.0640167081020082
method1,4.0,93.2,314.2,-1.0926117645759619,1.0590715064525158
method1,4.0,93.3,314.3,-1.0907235103394,1.054130679094628
method1,4.0,93.4,314.4,-1.08882276025678,1.0491942260283438
method1,4.0,93.5,314.5,-1.08692201017416,1.04425777296206
method1,4.0,93.6,314.6,-1.084996308998252,1.0393301947823923
method1,4.0,93.7,314.7,-1.083070607822344,1.0344026166027238
method1,4.0,93.8,314.8,-1.081132451718374,1.0294795389244042
method1,4.0,93.9,314.9,-1.079181840686342,1.0245609617474318
method1,4.0,94.0,315.0,-1.07723122965431,1.01964238457046
method1,4.0,94.1,315.1,-1.075255750640778,1.0147329343217364
method1,4.0,94.2,315.2,-1.0732802716272458,1.0098234840730118
method1,4.0,94.3,315.3,-1.071292379878576,1.0049186601543092
method1,4.0,94.4,315.4,-1.069292075394768,1.0000184625656268
method1,4.0,94.5,315.5,-1.06729177091096,0.995118264976945
method1,4.0,94.6,315.6,-1.0652666841037841,0.9902274455831277
method1,4.0,94.7,315.7,-1.0632415972966078,0.9853366261893096
method1,4.0,94.8,315.8,-1.061204141218608,0.9804505585602387
method1,4.0,94.9,315.9,-1.0591543158697838,0.9755692426959135
method1,4.0,95.0,316.0,-1.05710449052096,0.970687926831589
method1,4.0,95.1,316.1,-1.055029971046064,0.9658162396279885
method1,4.0,95.2,316.2,-1.0529554515711679,0.9609445524243873
method1,4.0,95.3,316.3,-1.050868607557492,0.9560777420134611
method1,4.0,95.4,316.4,-1.048769439005036,0.9512158083952087
method1,4.0,95.5,316.5,-1.04667027045258,0.946353874776957
method1,4.0,95.6,316.6,-1.0445464985030481,0.9415018194588725
method1,4.0,95.7,316.7,-1.042422726553516,0.9366497641407873
method1,4.0,95.8,316.8,-1.04028667606119,0.9318027102236945
method1,4.0,95.9,316.9,-1.0381383470260699,0.926960657707593
method1,4.0,96.0,317.0,-1.03599001799095,0.922118605191492
method1,4.0,96.1,317.1,-1.033817178811746,0.9172866797629919
method1,4.0,96.2,317.2,-1.0316443396325419,0.9124547543344911
method1,4.0,96.3,317.3,-1.02945926916655,0.9076279544829096
method1,4.0,96.4,317.4,-1.02726196741377,0.9028062802082459
method1,4.0,96.5,317.5,-1.02506466566099,0.897984605933583
method1,4.0,96.6,317.6,-1.0228429495331341,0.8931733066564237
method1,4.0,96.7,317.7,-1.020621233405278,0.8883620073792637
method1,4.0,96.8,317.8,-1.01838733450261,0.883555957409817
method1,4.0,96.9,317.9,-1.01614125282513,0.8787551567480821
method1,4.0,97.0,318.0,-1.01389517114765,0.873954356086348
method1,4.0,97.1,318.1,-1.0116247733719022,0.8691641774290406
method1,4.0,97.2,318.2,-1.009354375596154,0.8643739987717326
method1,4.0,97.3,318.3,-1.007071844809362,0.8595891926950942
method1,4.0,97.4,318.4,-1.0047771810115258,0.8548097591991237
method1,4.0,97.5,318.5,-1.00248251721369,0.850030325703154
method1,4.0,97.6,318.6,-1.000163638093696,0.8452617602901823
method1,4.0,97.7,318.7,-0.997844758973702,0.8404931948772099
method1,4.0,97.8,318.8,-0.9955137978539175,0.8357301248473603
method1,4.0,97.9,318.9,-0.993170754734342,0.8309725502006323
method1,4.0,98.0,319.0,-0.990827711614767,0.826214975553905
method1,4.0,98.1,319.1,-0.988460556439714,0.8214685141151052
method1,4.0,98.2,319.2,-0.9860934012646605,0.8167220526763048
method1,4.0,98.3,319.3,-0.983714216344118,0.8119812089399517
method1,4.0,98.4,319.4,-0.9813230016780858,0.8072459829060445
method1,4.0,98.5,319.5,-0.978931787012054,0.802510756872138
method1,4.0,98.6,319.6,-0.9765165660387901,0.7977868881922359
method1,4.0,98.7,319.7,-0.9741013450655259,0.793063019512333
method1,4.0,98.8,319.8,-0.9716741478395601,0.7883448903584898
method1,4.0,98.9,319.9,-0.9692349743608919,0.7836325007307046
method1,4.0,99.0,320.0,-0.966795800882224,0.77892011110292
method1,4.0,99.1,320.1,-0.9643327293168834,0.7742193219712403
method1,4.0,99.2,320.2,-0.9618696577515423,0.7695185328395598
method1,4.0,99.3,320.3,-0.9593946646600833,0.7648236045492981
method1,4.0,99.4,320.4,-0.9569077500425054,0.7601345371004538
method1,4.0,99.5,320.5,-0.954420835424928,0.75544546965161
method1,4.0,99.6,320.6,-0.9519101334040425,0.750768244811957
method1,4.0,99.7,320.7,-0.9493994313831567,0.7460910199723034
method1,4.0,99.8,320.8,-0.9468768637917143,0.7414197767686773
method1,4.0,99.9,320.9,-0.9443424306297145,0.7367545152010773
method1,4.0,100.0,321.0,-0.941807997467715,0.732089253633478
method1,4.0,100.1,321.1,-0.9392498900388155,0.7274360757341934
method1,4.0,100.2,321.2,-0.9366917826099157,0.7227828978349082
method1,4.0,100.3,321.3,-0.9341218667900547,0.7181358218330591
method1,4.0,100.4,321.4,-0.9315401425792317,0.7134948477286448
method1,4.0,100.5,321.5,-0.928958418368409,0.708853873624231
method1,4.0,100.6,321.6,-0.9263531354701243,0.7042252231684388
method1,4.0,100.7,321.7,-0.9237478525718393,0.6995965727126461
method1,4.0,100.8,321.8,-0.9211308196811522,0.6949741438700925
method1,4.0,100.9,321.9,-0.9185020367980624,0.6903579366407769
method1,4.0,101.0,322.0,-0.915873253914973,0.685741729411462
method1,4.0,101.1,322.1,-0.9132210303566227,0.681138084707497
method1,4.0,101.2,322.2,-0.9105688067982721,0.6765344400035315
method1,4.0,101.3,322.3,-0.9079048928598465,0.6719371360706475
method1,4.0,101.4,322.4,-0.9052292885413451,0.6673461729088439
method1,4.0,101.5,322.5,-0.902553684222844,0.662755209747041
method1,4.0,101.6,322.6,-0.8998547596635289,0.6581770468590765
method1,4.0,101.7,322.7,-0.8971558351042135,0.6535988839711113
method1,4.0,101.8,322.8,-0.8944452809855966,0.6490271804418025
method1,4.0,101.9,322.9,-0.8917230973076776,0.644461936271149
method1,4.0,102.0,323.0,-0.889000913629759,0.639896692100496
method1,4.0,102.1,323.1,-0.8862555325569516,0.6353444847993635
method1,4.0,102.2,323.2,-0.8835101514841437,0.6307922774982303
method1,4.0,102.3,323.3,-0.8807532028758093,0.6262466475608052
method1,4.0,102.4,323.4,-0.8779846867319474,0.6217075949870867
method1,4.0,102.5,323.5,-0.875216170588086,0.617168542413369
method1,4.0,102.6,323.6,-0.8724245822957233,0.6126427621275917
method1,4.0,102.7,323.7,-0.8696329940033602,0.6081169818418137
method1,4.0,102.8,323.8,-0.8668299013966755,0.6035978963300666
method1,4.0,102.9,323.9,-0.8640153044756681,0.599085505592349
method1,4.0,103.0,324.0,-0.861200707554661,0.594573114854632
method1,4.0,103.1,324.1,-0.8583631661207379,0.5900742306216539
method1,4.0,103.2,324.2,-0.8555256246868145,0.585575346388675
method1,4.0,103.3,324.3,-0.852676643351511,0.5810832737331721
method1,4.0,103.4,324.4,-0.8498162221148269,0.5765980126551438
method1,4.0,103.5,324.5,-0.846955800878143,0.572112751577116
method1,4.0,103.6,324.6,-0.8440725651418144,0.5676412299947591
method1,4.0,103.7,324.7,-0.8411893294054853,0.5631697084124014
method1,4.0,103.8,324.8,-0.8382947193666362,0.5587051145919887
method1,4.0,103.9,324.9,-0.8353887350252664,0.5542474485335195
method1,4.0,104.0,325.0,-0.832482750683897,0.549789782475051
method1,4.0,104.1,325.1,-0.8295540842220828,0.5453460876531788
method1,4.0,104.2,325.2,-0.8266254177602681,0.540902392831306
method1,4.0,104.3,325.3,-0.8236854437747729,0.5364657413248319
method1,4.0,104.4,325.4,-0.8207341622655963,0.5320361331337552
method1,4.0,104.5,325.5,-0.81778288075642,0.527606524942679
method1,4.0,104.6,325.6,-0.8148090518599246,0.5231911184550948
method1,4.0,104.7,325.7,-0.8118352229634287,0.51877571196751
method1,4.0,104.8,325.8,-0.808850154496008,0.5143674637057771
method1,4.0,104.9,325.9,-0.8058538464576612,0.5099663736698947
method1,4.0,105.0,326.0,-0.802857538419315,0.505565283634013
method1,4.0,105.1,326.1,-0.7998388200684544,0.5011786244705776
method1,4.0,105.2,326.2,-0.7968201017175933,0.4967919653071417
method1,4.0,105.3,326.3,-0.7937902129162951,0.49241257862508575
method1,4.0,105.4,326.4,-0.7907491536645588,0.48804046442440857
method1,4.0,105.5,326.5,-0.787708094412823,0.483668350223732
method1,4.0,105.6,326.6,-0.7846447642525671,0.47931089474272465
method1,4.0,105.7,326.7,-0.781581434092311,0.4749534392617167
method1,4.0,105.8,326.8,-0.7785070037635323,0.4706033698508237
method1,4.0,105.9,326.9,-0.7754214732662305,0.46626068651004454
method1,4.0,106.0,327.0,-0.772335942768929,0.461918003169266
method1,4.0,106.1,327.1,-0.7692282830835601,0.45759020504997383
method1,4.0,106.2,327.2,-0.7661206233981905,0.4532624069306811
method1,4.0,106.3,327.3,-0.7630019349812147,0.4489421077916415
method1,4.0,106.4,327.4,-0.7598722178326317,0.44462930763285397
method1,4.0,106.5,327.5,-0.756742500684049,0.440316507474067
method1,4.0,106.6,327.6,-0.7535907983713376,0.43601881766962924
method1,4.0,106.7,327.7,-0.7504390960586257,0.4317211278651909
method1,4.0,106.8,327.8,-0.7472764375996784,0.42743104926080155
method1,4.0,106.9,327.9,-0.744102822994495,0.42314858185646
method1,4.0,107.0,328.0,-0.740929208389312,0.418866114452119
method1,4.0,107.1,328.1,-0.7377337549342146,0.4145989811426097
method1,4.0,107.2,328.2,-0.7345383014791167,0.41033184783309967
method1,4.0,107.3,328.3,-0.731331965604945,0.4060724372414125
method1,4.0,107.4,328.4,-0.7281147473116982,0.40182074936754697
method1,4.0,107.5,328.5,-0.724897529018452,0.397569061493682
method1,4.0,107.6,328.6,-0.7216586204663301,0.39333293003945385
method1,4.0,107.7,328.7,-0.718419711914208,0.3890967985852251
method1,4.0,107.8,328.8,-0.7151699958051791,0.38486850065295436
method1,4.0,107.9,328.9,-0.7119094721392428,0.3806480362426404
method1,4.0,108.0,329.0,-0.708648948473307,0.376427571832327
method1,4.0,108.1,329.1,-0.705366885402674,0.37222288472760967
method1,4.0,108.2,329.2,-0.7020848223320405,0.3680181976228917
method1,4.0,108.3,329.3,-0.6987920276947713,0.36382145411907674
method1,4.0,108.4,329.4,-0.6954885014908654,0.3596326542161636
method1,4.0,108.5,329.5,-0.69218497528696,0.355443854313251
method1,4.0,108.6,329.6,-0.688860062781753,0.3512710511400136
method1,4.0,108.7,329.7,-0.6855351502765455,0.34709824796677563
method1,4.0,108.8,329.8,-0.6821995833160573,0.3429334977367121
method1,4.0,108.9,329.9,-0.6788533619002874,0.3387768004498218
method1,4.0,109.0,330.0,-0.675507140484518,0.334620103162932
method1,4.0,109.1,330.1,-0.6721396881059026,0.33047962054501423
method1,4.0,109.2,330.2,-0.6687722357272867,0.3263391379270959
method1,4.0,109.3,330.3,-0.6653942071186919,0.32220681684653235
method1,4.0,109.4,330.4,-0.6620056022801172,0.31808265730332236
method1,4.0,109.5,330.5,-0.658616997441543,0.313958497760113
method1,4.0,109.6,330.6,-0.6552073191992496,0.30985076931762723
method1,4.0,109.7,330.7,-0.6517976409569557,0.30574304087514087
method1,4.0,109.8,330.8,-0.6483774658166794,0.3016435818047523
method1,4.0,109.9,330.9,-0.64494679377842,0.29755239210646034
method1,4.0,110.0,331.0,-0.641516121740161,0.293461202408169
method1,4.0,110.1,331.1,-0.6380645360633576,0.28938665871218283
method1,4.0,110.2,331.2,-0.6346129503865536,0.2853121150161961
method1,4.0,110.3,331.3,-0.6311509482430896,0.2812459477563347
method1,4.0,110.4,331.4,-0.6276785296329646,0.2771881569325976
method1,4.0,110.5,331.5,-0.62420611102284,0.273130366108861
method1,4.0,110.6,331.6,-0.620712940730543,0.26908943463635804
method1,4.0,110.7,331.7,-0.6172197704382455,0.2650485031638545
method1,4.0,110.8,331.8,-0.6137162652024527,0.26101605440958453
method1,4.0,110.9,331.9,-0.6102024250231636,0.256992088373547
method1,4.0,111.0,332.0,-0.606688584843875,0.25296812233751
method1,4.0,111.1,332.1,-0.6031541571149012,0.2489612274266422
method1,4.0,111.2,332.2,-0.5996197293859269,0.24495433251577386
method1,4.0,111.3,332.3,-0.596075049320867,0.2409560258121931
method1,4.0,111.4,332.4,-0.5925201169197203,0.23696630731589877
method1,4.0,111.5,332.5,-0.588965184518574,0.232976588819605
method1,4.0,111.6,332.6,-0.5853898308610375,0.22900415162523324
method1,4.0,111.7,332.7,-0.5818144772035003,0.2250317144308609
method1,4.0,111.8,332.8,-0.5782289548938203,0.22106797012871832
method1,4.0,111.9,332.9,-0.5746332639319964,0.21711291871880437
method1,4.0,112.0,333.0,-0.571037572970173,0.213157867308891
method1,4.0,112.1,333.1,-0.567421629190526,0.20922030575842282
method1,4.0,112.2,333.2,-0.5638056854108785,0.2052827442079541
method1,4.0,112.3,333.3,-0.5601796577317407,0.2013539794195605
method1,4.0,112.4,333.4,-0.5565435461531116,0.197434011393241
method1,4.0,112.5,333.5,-0.552907434574483,0.193514043366922
method1,4.0,112.6,333.6,-0.5492512407461084,0.18961177211645142
method1,4.0,112.7,333.7,-0.5455950469177333,0.1857095008659803
method1,4.0,112.8,333.8,-0.5419288550032954,0.1818161294214249
method1,4.0,112.9,333.9,-0.5382526650027935,0.17793165778278416
method1,4.0,113.0,334.0,-0.534576475002292,0.174047186144144
method1,4.0,113.1,334.1,-0.5308803754336497,0.17018061653489622
method1,4.0,113.2,334.2,-0.527184275865007,0.16631404692564788
method1,4.0,113.3,334.3,-0.5234782650764549,0.16245647932931973
method1,4.0,113.4,334.4,-0.5197623430679922,0.1586079137459106
method1,4.0,113.5,334.5,-0.51604642105953,0.154759348162502
method1,4.0,113.6,334.6,-0.5123107642618554,0.15092888817758543
method1,4.0,113.7,334.7,-0.5085751074641802,0.1470984281926683
method1,4.0,113.8,334.8,-0.5048296273573181,0.14327707158008832
method1,4.0,113.9,334.9,-0.5010743239412677,0.1394648183398444
method1,4.0,114.0,335.0,-0.497319020525218,0.135652565099601
method1,4.0,114.1,335.1,-0.4935441591797822,0.13185861932108
method1,4.0,114.2,335.2,-0.4897692978343459,0.1280646735425585
method1,4.0,114.3,335.3,-0.4859847021267457,0.1242799316375293
method1,4.0,114.4,335.4,-0.4821903720569806,0.12050439360599138
method1,4.0,114.5,335.5,-0.478396041987216,0.116728855574454
method1,4.0,114.6,335.6,-0.47458233291214424,0.11297182514073341
method1,4.0,114.7,335.7,-0.4707686238370719,0.10921479470701229
method1,4.0,114.8,335.8,-0.4669452703747837,0.10546706777908549
method1,4.0,114.9,335.9,-0.4631122725252786,0.10172864435695193
method1,4.0,115.0,336.0,-0.459279274675774,0.0979902209348189
method1,4.0,115.1,336.1,-0.45542707879243305,0.09427050349835947
method1,4.0,115.2,336.2,-0.4515748829090915,0.09055078606189952
method1,4.0,115.3,336.3,-0.4477131336329211,0.08684047088417131
method1,4.0,115.4,336.4,-0.44384183096392077,0.08313955796517379
method1,4.0,115.5,336.5,-0.439970528294921,0.0794386450461768
method1,4.0,115.6,336.6,-0.4360802105938684,0.075756634731532
method1,4.0,115.7,336.7,-0.4321898928928153,0.0720746244168867
method1,4.0,115.8,336.8,-0.42829011380416815,0.06840211422411849
method1,4.0,115.9,336.9,-0.4243808733279258,0.06473910415322633
method1,4.0,116.0,337.0,-0.420471632851684,0.0610760940823347
method1,4.0,116.1,337.1,-0.4165435623581958,0.05743218144452523
method1,4.0,116.2,337.2,-0.4126154918647071,0.053788268806715236
method1,4.0,116.3,337.3,-0.4086780529910073,0.050153953253791385
method1,4.0,116.4,337.4,-0.4047312457370954,0.04652923478575263
method1,4.0,116.5,337.5,-0.400784438483184,0.0429045163177144
method1,4.0,116.6,337.6,-0.3968189882223494,0.03929908830093497
method1,4.0,116.7,337.7,-0.3928535379615143,0.035693660284155014
method1,4.0,116.8,337.8,-0.3888788133211953,0.03209792540487604
method1,4.0,116.9,337.9,-0.3848948143013914,0.028511883663097017
method1,4.0,117.0,338.0,-0.380910815281588,0.0249258419213185
method1,4.0,117.1,338.1,-0.3769083622429878,0.021359281817991422
method1,4.0,117.2,338.2,-0.37290590920438704,0.01779272171466384
method1,4.0,117.3,338.3,-0.3688942767714633,0.014235949880883487
method1,4.0,117.4,338.4,-0.36487346494421535,0.010688966316649357
method1,4.0,117.5,338.5,-0.360852653116968,0.00714198275241573
method1,4.0,117.6,338.6,-0.35681357821892984,0.0036146701625839866
method1,4.0,117.7,338.7,-0.3527745033208911,8.735757275174158e-05
method1,4.0,117.8,338.8,-0.3487263449891091,-0.003430072546140644
method1,4.0,117.9,338.9,-0.34466910322358274,-0.006937620194094171
method1,4.0,118.0,339.0,-0.340611861458057,-0.0104451678420472
method1,4.0,118.1,339.1,-0.33653654951149764,-0.013932857050973161
method1,4.0,118.2,339.2,-0.33246123756493773,-0.017420546259899618
method1,4.0,118.3,339.3,-0.32837693911151694,-0.0208982597371439
method1,4.0,118.4,339.4,-0.32428365415123417,-0.024365997482706996
method1,4.0,118.5,339.5,-0.320190369190952,-0.0278337352282696
method1,4.0,118.6,339.6,-0.31607920886280183,-0.031281428961413484
method1,4.0,118.7,339.7,-0.3119680485346511,-0.03472912269455786
method1,4.0,118.8,339.8,-0.3078479995836049,-0.03816674838583636
method1,4.0,118.9,339.9,-0.30371906200966214,-0.041594306035249974
method1,4.0,119.0,340.0,-0.29959012443572,-0.0450218636846631
method1,4.0,119.1,340.1,-0.2954435082119482,-0.04842919365922239
method1,4.0,119.2,340.2,-0.2912968919881759,-0.05183652363378216
method1,4.0,119.3,340.3,-0.28714148597323513,-0.05523369421666881
method1,4.0,119.4,340.4,-0.28297729016712475,-0.05862070540788329
method1,4.0,119.5,340.5,-0.278813094361015,-0.0620077165990973
method1,4.0,119.6,340.6,-0.2746314185092384,-0.06537431838352503
method1,4.0,119.7,340.7,-0.27044974265746125,-0.06874092016795323
method1,4.0,119.8,340.8,-0.2662593767845835,-0.07209727218100381
method1,4.0,119.9,340.9,-0.26206032089060394,-0.07544337442267769
method1,4.0,120.0,341.0,-0.257861264996625,-0.0787894766643511
method1,4.0,120.1,341.1,-0.25364492952832446,-0.08211498971716863
method1,4.0,120.2,341.2,-0.24942859406002327,-0.08544050276998663
method1,4.0,120.3,341.3,-0.24520366926950812,-0.08875567665145816
method1,4.0,120.4,341.4,-0.24097015515677778,-0.09206051136158416
method1,4.0,120.5,341.5,-0.236736641044048,-0.0953653460717097
method1,4.0,120.6,341.6,-0.23248604967638306,-0.09864941377994683
method1,4.0,120.7,341.7,-0.2282354583087175,-0.10193348148818443
method1,4.0,120.8,341.8,-0.22397637923692154,-0.10520712161438411
method1,4.0,120.9,341.9,-0.21970881246099397,-0.10847033415854679
method1,4.0,121.0,342.0,-0.215441245685067,-0.111733546702709
method1,4.0,121.1,342.1,-0.21115680580229323,-0.11497581641997483
method1,4.0,121.2,342.2,-0.20687236591951888,-0.1182180861372411
method1,4.0,121.3,342.3,-0.20257954086017793,-0.12144984086050031
method1,4.0,121.4,342.4,-0.19827833062426917,-0.12467108058975337
method1,4.0,121.5,342.5,-0.193977120388361,-0.127892320319006
method1,4.0,121.6,342.6,-0.18965924300286124,-0.13109244340317303
method1,4.0,121.7,342.7,-0.1853413656173609,-0.1342925664873405
method1,4.0,121.8,342.8,-0.18101520648252092,-0.13748208817360633
method1,4.0,121.9,342.9,-0.17668076559834017,-0.14066100846197138
method1,4.0,122.0,343.0,-0.17234632471416,-0.143839928750336
method1,4.0,122.1,343.1,-0.16799542442708584,-0.14699756060084943
method1,4.0,122.2,343.2,-0.16364452414001107,-0.15015519245136327
method1,4.0,122.3,343.3,-0.15928544642057593,-0.1533021375174079
method1,4.0,122.4,343.4,-0.15491819126877915,-0.1564383957989842
method1,4.0,122.5,343.5,-0.150550936116983,-0.15957465408056
method1,4.0,122.6,343.6,-0.14616743107851204,-0.16268945417535582
method1,4.0,122.7,343.7,-0.14178392604004048,-0.1658042542701521
method1,4.0,122.8,343.8,-0.13739234876593312,-0.16890828322039572
method1,4.0,122.9,343.9,-0.13299269925618876,-0.17200154102608758
method1,4.0,123.0,344.0,-0.128593049746445,-0.175094798831779
method1,4.0,123.1,344.1,-0.12417736161566086,-0.17816643076381203
method1,4.0,123.2,344.2,-0.11976167348487607,-0.1812380626958455
method1,4.0,123.3,344.3,-0.11533801918482553,-0.1842988401587843
method1,4.0,123.4,344.4,-0.11090639871550795,-0.18734876315262938
method1,4.0,123.5,344.5,-0.106474778246191,-0.190398686146474
method1,4.0,123.6,344.6,-0.10202733215058533,-0.19342681765985065
method1,4.0,123.7,344.7,-0.09757988605497903,-0.1964549491732277
method1,4.0,123.8,344.8,-0.09312458071592826,-0.19947214393746932
method1,4.0,123.9,344.9,-0.08866141613343176,-0.20247840195257638
method1,4.0,124.0,345.0,-0.0841982515509359,-0.205484659967683
method1,4.0,124.1,345.1,-0.07971947604554032,-0.20846896299339643
method1,4.0,124.2,345.2,-0.07524070054014409,-0.21145326601911027
method1,4.0,124.3,345.3,-0.07075417356629025,-0.21442655106900632
method1,4.0,124.4,345.4,-0.06625989512397751,-0.21738881814308536
method1,4.0,124.5,345.5,-0.0617656166816654,-0.220351085217164
method1,4.0,124.6,345.6,-0.057255943707817177,-0.22329123590842584
method1,4.0,124.7,345.7,-0.052746270733968315,-0.22623138659968808
method1,4.0,124.8,345.8,-0.048228954905434905,-0.22916043915056714
method1,4.0,124.9,345.9,-0.04370399622221568,-0.23207839356106377
method1,4.0,125.0,346.0,-0.0391790375389971,-0.23499634797156
method1,4.0,125.1,346.1,-0.03463890238273527,-0.23789202673872864
method1,4.0,125.2,346.2,-0.03009876722647281,-0.2407877055058977
method1,4.0,125.3,346.3,-0.02555109865761893,-0.24367220703888834
method1,4.0,125.4,346.4,-0.02099589667617234,-0.24654553133770138
method1,4.0,125.5,346.5,-0.0164406946947264,-0.249418855636514
method1,4.0,125.6,346.6,-0.011870535944833964,-0.2522697471816082
method1,4.0,125.7,346.7,-0.00730037719494088,-0.2551206387267029
method1,4.0,125.8,346.8,-0.0027227952923110964,-0.2579602750231471
method1,4.0,125.9,346.9,0.001862209763056683,-0.26078865607094176
method1,4.0,126.0,347.0,0.00644721481842381,-0.263617037118736
method1,4.0,126.1,347.1,0.011046955312738263,-0.26642283046954024
method1,4.0,126.2,347.2,0.01564669580705337,-0.2692286238203449
method1,4.0,126.3,347.3,0.02025374838713361,-0.2720230849957975
method1,4.0,126.4,347.4,0.024868113052980284,-0.274806213995899
method1,4.0,126.5,347.5,0.0294824777188263,-0.277589342996
method1,4.0,126.6,347.6,0.03411135489059552,-0.28034973153974707
method1,4.0,126.7,347.7,0.03874023206236539,-0.28311012008349445
method1,4.0,126.8,347.8,0.04337630945654392,-0.2858591006213015
method1,4.0,126.9,347.9,0.04801958707313244,-0.28859667315316895
method1,4.0,127.0,348.0,0.0526628646897203,-0.291334245685036
method1,4.0,127.1,348.1,0.05732043029723667,-0.294048927201675
method1,4.0,127.2,348.2,0.06197799590475371,-0.2967636087183145
method1,4.0,127.3,348.3,0.06664264908575676,-0.2994668075027747
method1,4.0,127.4,348.4,0.07131438984024717,-0.3021585235550565
method1,4.0,127.5,348.5,0.0759861305947369,-0.304850239607338
method1,4.0,127.6,348.6,0.08067193326490847,-0.3075189163023722
method1,4.0,127.7,348.7,0.08535773593508071,-0.3101875929974069
method1,4.0,127.8,348.8,0.09005051275515392,-0.31284471334650255
method1,4.0,127.9,348.9,0.09475026372512944,-0.31549027734965995
method1,4.0,128.0,349.0,0.0994500146951043,-0.318135841352817
method1,4.0,128.1,349.1,0.10416359996715831,-0.32075821988971687
method1,4.0,128.2,349.2,0.10887718523921233,-0.3233805984266167
method1,4.0,128.3,349.3,0.11359763047390833,-0.3259913481243203
method1,4.0,128.4,349.4,0.11832493567124366,-0.3285904689828262
method1,4.0,128.5,349.5,0.123052240868579,-0.331189589841332
method1,4.0,128.6,349.6,0.12779315123809112,-0.33376538137351547
method1,4.0,128.7,349.7,0.13253406160760328,-0.3363411729056989
method1,4.0,128.8,349.8,0.13728171699989294,-0.3389052642338425
method1,4.0,128.9,349.9,0.14203611741495747,-0.34145765535794476
method1,4.0,129.0,350.0,0.146790517830022,-0.344010046482047
method1,4.0,129.1,350.1,0.15155829279328611,-0.3465389666844241
method1,4.0,129.2,350.2,0.15632606775655025,-0.3490678868868011
method1,4.0,129.3,350.3,0.16110047206127473,-0.3515850366565141
method1,4.0,129.4,350.4,0.16588150570745688,-0.3540904159935615
method1,4.0,129.5,350.5,0.170662539353639,-0.356595795330609
method1,4.0,129.6,350.6,0.17545671545235314,-0.35907756443068883
method1,4.0,129.7,350.7,0.18025089155106727,-0.3615593335307687
method1,4.0,129.8,350.8,0.18505158057970794,-0.36402926311347467
method1,4.0,129.9,350.9,0.18985878253827249,-0.3664873531788053
method1,4.0,130.0,351.0,0.194665984496837,-0.368945443244136
method1,4.0,130.1,351.1,0.19948609536312273,-0.37137978605269384
method1,4.0,130.2,351.2,0.20430620622940845,-0.3738141288612517
method1,4.0,130.3,351.3,0.20913271289518234,-0.37623656421922247
method1,4.0,130.4,351.4,0.21396561536044167,-0.37864709212660475
method1,4.0,130.5,351.5,0.218798517825701,-0.381057620033987
method1,4.0,130.6,351.6,0.22364409422743192,-0.3834442659752817
method1,4.0,130.7,351.7,0.22848967062916287,-0.3858309119165763
method1,4.0,130.8,351.8,0.23334152499243077,-0.3882055836330385
method1,4.0,130.9,351.9,0.2381996573172329,-0.39056828112466674
method1,4.0,131.0,352.0,0.243057789642035,-0.392930978616295
method1,4.0,131.1,352.1,0.24792835952848433,-0.39526966175784445
method1,4.0,131.2,352.2,0.25279892941493365,-0.3976083448993939
method1,4.0,131.3,352.3,0.25767565872892556,-0.39993498820819123
method1,4.0,131.4,352.4,0.2625585474704573,-0.40224959168423513
method1,4.0,131.5,352.5,0.267441436211989,-0.404564195160279
method1,4.0,131.6,352.6,0.2723365247597823,-0.40685465424217687
method1,4.0,131.7,352.7,0.2772316133075756,-0.40914511332407477
method1,4.0,131.8,352.8,0.28213274206441913,-0.4114234681388711
method1,4.0,131.9,352.9,0.28703991103031007,-0.4136897186865645
method1,4.0,132.0,353.0,0.291947079996201,-0.415955969234258
method1,4.0,132.1,353.1,0.29686620965557714,-0.4181979476980395
method1,4.0,132.2,353.2,0.30178533931495327,-0.4204399261618209
method1,4.0,132.3,353.3,0.30671038929201055,-0.42266973710485284
method1,4.0,132.4,353.4,0.31164135958674627,-0.42488738052713393
method1,4.0,132.5,353.5,0.316572329881482,-0.427105023949415
method1,4.0,132.6,353.6,0.3215150204228509,-0.4292982699664665
method1,4.0,132.7,353.7,0.3264577109642198,-0.431491515983518
method1,4.0,132.8,353.8,0.33140620127071857,-0.4336725324138875
method1,4.0,132.9,353.9,0.33636049134234425,-0.43584131925757374
method1,4.0,133.0,354.0,0.34131478141397,-0.43801010610126
method1,4.0,133.1,354.1,0.3462805499747653,-0.44015437260075907
method1,4.0,133.2,354.2,0.3512463185355606,-0.44229863910025813
method1,4.0,133.3,354.3,0.35621776565952273,-0.44443061514176024
method1,4.0,133.4,354.4,0.3611948913466489,-0.4465503007252641
method1,4.0,133.5,354.5,0.366172017033775,-0.448669986308768
method1,4.0,133.6,354.6,0.3711603781656043,-0.45076503100517185
method1,4.0,133.7,354.7,0.37614873929743364,-0.45286007570157577
method1,4.0,133.8,354.8,0.3811426571528928,-0.45494277027006563
method1,4.0,133.9,354.9,0.38614213173197887,-0.4570131147106403
method1,4.0,134.0,355.0,0.391141606311065,-0.459083459151215
method1,4.0,134.1,355.1,0.3961520720271363,-0.4611290445712701
method1,4.0,134.2,355.2,0.4011625377432076,-0.4631746299913252
method1,4.0,134.3,355.3,0.40617843771771217,-0.4652078068216146
method1,4.0,134.4,355.4,0.41119977195064705,-0.46722857506213733
method1,4.0,134.5,355.5,0.416221106183582,-0.46924934330266
method1,4.0,134.6,355.6,0.4212531860064209,-0.47124523681194785
method1,4.0,134.7,355.7,0.4262852658292598,-0.47324113032123577
method1,4.0,134.8,355.8,0.43132265683165416,-0.475224557993518
method1,4.0,134.9,355.9,0.4363653590136011,-0.4771955198287935
method1,4.0,135.0,356.0,0.441408061195548,-0.479166481664069
method1,4.0,135.1,356.1,0.4464612622049901,-0.4811124554930785
method1,4.0,135.2,356.2,0.4515144632144322,-0.483058429322088
method1,4.0,135.3,356.3,0.45657285172291995,-0.4849918812878922
method1,4.0,135.4,356.4,0.4616364277304505,-0.48691281139049014
method1,4.0,135.5,356.5,0.466700003737981,-0.488833741493088
method1,4.0,135.6,356.6,0.47177383061943073,-0.4907295727628079
method1,4.0,135.7,356.7,0.47684765750088043,-0.4926254040325278
method1,4.0,135.8,356.8,0.4819265476113504,-0.4945086586401924
method1,4.0,135.9,356.9,0.4870105009508377,-0.4963793365858007
method1,4.0,136.0,357.0,0.492094454290325,-0.498250014531409
method1,4.0,136.1,357.1,0.4971884093832911,-0.5000954852784453
method1,4.0,136.2,357.2,0.5022823644762572,-0.5019409560254816
method1,4.0,136.3,357.3,0.5073812579508836,-0.503773796545151
method1,4.0,136.4,357.4,0.5124850898071673,-0.5055940068374525
method1,4.0,136.5,357.5,0.517588921663451,-0.507414217129754
method1,4.0,136.6,357.6,0.5227025050103388,-0.5092091143309647
method1,4.0,136.7,357.7,0.5278160883572264,-0.5110040115321755
method1,4.0,136.8,357.8,0.5329344846733267,-0.5127862261803134
method1,4.0,136.9,357.9,0.5380576939586369,-0.5145557582753777
method1,4.0,137.0,358.0,0.543180903243947,-0.516325290370442
method1,4.0,137.1,358.1,0.548313612639107,-0.5180694059670846
method1,4.0,137.2,358.2,0.5534463220342671,-0.5198135215637274
method1,4.0,137.3,358.3,0.5585837184334171,-0.5215449035271443
method1,4.0,137.4,358.4,0.5637258018365541,-0.5232635518573346
method1,4.0,137.5,358.5,0.568867885239691,-0.524982200187525
method1,4.0,137.6,358.6,0.5740192162787291,-0.5266753311089233
method1,4.0,137.7,358.7,0.5791705473177672,-0.5283684620303216
method1,4.0,137.8,358.8,0.5843264388551688,-0.5300488094897168
method1,4.0,137.9,358.9,0.5894868908909309,-0.5317163734871079
method1,4.0,138.0,359.0,0.594647342926693,-0.533383937484499
method1,4.0,138.1,359.1,0.5998167890560206,-0.5350258856712121
method1,4.0,138.2,359.2,0.6049862351853483,-0.5366678338579252
method1,4.0,138.3,359.3,0.610160114779445,-0.5382969500109354
method1,4.0,138.4,359.4,0.6153384278383075,-0.5399132341302416
method1,4.0,138.5,359.5,0.62051674089717,-0.541529518249548
method1,4.0,138.6,359.6,0.6257037934638041,-0.5431200906760523
method1,4.0,138.7,359.7,0.6308908460304382,-0.5447106631025566
method1,4.0,138.8,359.8,0.6360822045127728,-0.546288356186313
method1,4.0,138.9,359.9,0.6412778689108048,-0.5478531699273205
method1,4.0,139.0,360.0,0.646473533308837,-0.549417983668328
method1,4.0,139.1,360.1,0.6516776816104335,-0.5509569923652031
method1,4.0,139.2,360.2,0.6568818299120299,-0.5524960010620782
method1,4.0,139.3,360.3,0.6620901560773372,-0.5540220843752683
method1,4.0,139.4,360.4,0.6673026601063521,-0.5555352423047727
method1,4.0,139.5,360.5,0.672515164135367,-0.557048400234277
method1,4.0,139.6,360.6,0.6777358954704955,-0.5585356623098937
method1,4.0,139.7,360.7,0.682956626805624,-0.5600229243855104
method1,4.0,139.8,360.8,0.6881814074621619,-0.5614972163099415
method1,4.0,139.9,360.9,0.6934102374401065,-0.5629585380831863
method1,4.0,140.0,361.0,0.698639067418051,-0.564419859856431
method1,4.0,140.1,361.1,0.7038758671366876,-0.5658551975181396
method1,4.0,140.2,361.2,0.709112666855324,-0.5672905351798484
method1,4.0,140.3,361.3,0.7143533868754254,-0.5687128592015095
method1,4.0,140.4,361.4,0.7195980271969887,-0.5701221695831222
method1,4.0,140.5,361.5,0.724842667518552,-0.571531479964735
method1,4.0,140.6,361.6,0.7300950190728077,-0.5729147205395513
method1,4.0,140.7,361.7,0.7353473706270633,-0.5742979611143677
method1,4.0,140.8,361.8,0.7406035129979158,-0.5756681458439902
method1,4.0,140.9,361.9,0.7458634461853619,-0.577025274728418
method1,4.0,141.0,362.0,0.751123379372808,-0.578382403612846
method1,4.0,141.1,362.1,0.7563907643678653,-0.5797133795676307
method1,4.0,141.2,362.2,0.7616581493629225,-0.5810443555224155
method1,4.0,141.3,362.3,0.7669291952375625,-0.5823622347155274
method1,4.0,141.4,362.4,0.7722039019917823,-0.5836670171469657
method1,4.0,141.5,362.5,0.777478608746002,-0.584971799578404
method1,4.0,141.6,362.6,0.782760506991275,-0.58625034853954
method1,4.0,141.7,362.7,0.7880424052365478,-0.5875288975006758
method1,4.0,141.8,362.8,0.79332783398507,-0.5887943100771486
method1,4.0,141.9,362.9,0.7986167932368385,-0.5900465862689573
method1,4.0,142.0,363.0,0.803905752488607,-0.591298862460766
method1,4.0,142.1,363.1,0.8092016420490995,-0.59252482723332
method1,4.0,142.2,363.2,0.814497531609592,-0.5937507920058739
method1,4.0,142.3,363.3,0.8197968208705628,-0.5949635820689596
method1,4.0,142.4,363.4,0.825099509832009,-0.5961631974225763
method1,4.0,142.5,363.5,0.830402198793455,-0.597362812776193
method1,4.0,142.6,363.6,0.8357115560413355,-0.5985360413625717
method1,4.0,142.7,363.7,0.841020913289216,-0.5997092699489505
method1,4.0,142.8,363.8,0.8463335390212944,-0.6008692868038077
method1,4.0,142.9,363.9,0.8516494332375677,-0.6020160919271429
method1,4.0,143.0,364.0,0.856965327453841,-0.603162897050478
method1,4.0,143.1,364.1,0.8622876271202031,-0.6042832426685656
method1,4.0,143.2,364.2,0.8676099267865652,-0.6054035882866531
method1,4.0,143.3,364.3,0.8729353633203139,-0.6065106864583566
method1,4.0,143.4,364.4,0.8782639367214459,-0.6076045371836752
method1,4.0,143.5,364.5,0.883592510122578,-0.608698387908994
method1,4.0,143.6,364.6,0.8889272253494073,-0.6097657090097783
method1,4.0,143.7,364.7,0.8942619405762365,-0.6108330301105627
method1,4.0,143.8,364.8,0.899599660666135,-0.6118870693615996
method1,4.0,143.9,364.9,0.9049403856190995,-0.6129278267628888
method1,4.0,144.0,365.0,0.910281110572064,-0.613968584164178
method1,4.0,144.1,365.1,0.9156277129643796,-0.6149827444488555
method1,4.0,144.2,365.2,0.9209743153566954,-0.6159969047335331
method1,4.0,144.3,365.3,0.926323790233329,-0.6169977500807787
method1,4.0,144.4,365.4,0.9316761375942775,-0.6179852804905919
method1,4.0,144.5,365.5,0.937028484955226,-0.618972810900405
method1,4.0,144.6,365.6,0.9423864446334197,-0.6199336793369682
method1,4.0,144.7,365.7,0.9477444043116134,-0.6208945477735313
method1,4.0,144.8,365.8,0.9531051037340552,-0.6218420695047051
method1,4.0,144.9,365.9,0.9584685429007421,-0.6227762445304891
method1,4.0,145.0,366.0,0.963831982067429,-0.623710419556273
method1,4.0,145.1,366.1,0.9692007677197699,-0.6246178703955741
method1,4.0,145.2,366.2,0.9745695533721108,-0.6255253212348753
method1,4.0,145.3,366.3,0.9799409456804716,-0.6264193949244751
method1,4.0,145.4,366.4,0.9853149446448493,-0.627300091464373
method1,4.0,145.5,366.5,0.990688943609227,-0.628180788004271
method1,4.0,145.6,366.6,0.996068022544544,-0.6290347007955646
method1,4.0,145.7,366.7,1.001447101479861,-0.6298886135868581
method1,4.0,145.8,366.8,1.0068286536480147,-0.6307291201115701
method1,4.0,145.9,366.9,1.0122126790490025,-0.6315562203697
method1,4.0,146.0,367.0,1.01759670444999,-0.63238332062783
method1,4.0,146.1,367.1,1.0229855426505297,-0.6331835802337864
method1,4.0,146.2,367.2,1.0283743808510692,-0.6339838398397427
method1,4.0,146.3,367.3,1.0337655585395487,-0.6347706653933249
method1,4.0,146.4,367.4,1.0391590757159643,-0.6355440568945324
method1,4.0,146.5,367.5,1.04455259289238,-0.63631744839574
method1,4.0,146.6,367.6,1.0499506550667996,-0.6370639450069355
method1,4.0,146.7,367.7,1.0553487172412195,-0.637810441618131
method1,4.0,146.8,367.8,1.0607489848502587,-0.6385434777257702
method1,4.0,146.9,367.9,1.0661514578939142,-0.6392630533298527
method1,4.0,147.0,368.0,1.07155393093757,-0.639982628933935
method1,4.0,147.1,368.1,1.0769606805741376,-0.6406752580828098
method1,4.0,147.2,368.2,1.0823674302107054,-0.6413678872316846
method1,4.0,147.3,368.3,1.0877762509334585,-0.6420470307638215
method1,4.0,147.4,368.4,1.0931871427423943,-0.6427126886792203
method1,4.0,147.5,368.5,1.09859803455133,-0.643378346594619
method1,4.0,147.6,368.6,1.1040129339712217,-0.6440170091689066
method1,4.0,147.7,368.7,1.1094278333911134,-0.644655671743194
method1,4.0,147.8,368.8,1.1148446692670086,-0.6452808249288204
method1,4.0,147.9,368.9,1.1202634415989043,-0.6458924687257852
method1,4.0,148.0,369.0,1.1256822139308,-0.64650411252275
method1,4.0,148.1,369.1,1.1311047243415757,-0.6470887147783736
method1,4.0,148.2,369.2,1.1365272347523514,-0.6476733170339971
method1,4.0,148.3,369.3,1.1419515467205925,-0.6482443874734176
method1,4.0,148.4,369.4,1.1473776602462964,-0.6488019260966348
method1,4.0,148.5,369.5,1.152803773772,-0.649359464719852
method1,4.0,148.6,369.6,1.1582333553212196,-0.6498899182932856
method1,4.0,148.7,369.7,1.1636629368704394,-0.6504203718667191
method1,4.0,148.8,369.8,1.1690941848236567,-0.6509372725437796
method1,4.0,148.9,369.9,1.1745270991808683,-0.6514406203244668
method1,4.0,149.0,370.0,1.17996001353808,-0.651943968105154
method1,4.0,149.1,370.1,1.1853961253670358,-0.6524201900252495
method1,4.0,149.2,370.2,1.1908322371959914,-0.6528964119453451
method1,4.0,149.3,370.3,1.1962698800340126,-0.6533590612391258
method1,4.0,149.4,370.4,1.2017090538810964,-0.6538081379065914
method1,4.0,149.5,370.5,1.20714822772818,-0.654257214574057
method1,4.0,149.6,370.6,1.2125903280257837,-0.6546791272733338
method1,4.0,149.7,370.7,1.2180324283233874,-0.6551010399726106
method1,4.0,149.8,370.8,1.2234759240071467,-0.6555093616685804
method1,4.0,149.9,370.9,1.2289208150770583,-0.6559040923612433
method1,4.0,150.0,371.0,1.23436570614697,-0.656298823053906
method1,4.0,150.1,371.1,1.2398132522037497,-0.656666354379302
method1,4.0,150.2,371.2,1.2452607982605293,-0.6570338857046979
method1,4.0,150.3,371.3,1.2507096038661025,-0.6573878090053312
method1,4.0,150.4,371.4,1.2561596690204664,-0.6577281242812015
method1,4.0,150.5,371.5,1.26160973417483,-0.658068439557072
method1,4.0,150.6,371.6,1.2670621824370536,-0.6583815227801556
method1,4.0,150.7,371.7,1.2725146306992774,-0.6586946060032391
method1,4.0,150.8,371.8,1.2779682024720327,-0.658994065538092
method1,4.0,150.9,371.9,1.2834228977553164,-0.659279901384714
method1,4.0,151.0,372.0,1.2888775930386,-0.659565737231336
method1,4.0,151.1,372.1,1.2943343991624996,-0.659824311057976
method1,4.0,151.2,372.2,1.2997912052863994,-0.660082884884616
method1,4.0,151.3,372.3,1.3052489986952505,-0.6603278207198608
method1,4.0,151.4,372.4,1.3107077793890503,-0.6605591185637104
method1,4.0,151.5,372.5,1.31616656008285,-0.66079041640756
method1,4.0,151.6,372.6,1.3216271789889777,-0.660994424987054
method1,4.0,151.7,372.7,1.3270877978951054,-0.661198433566548
method1,4.0,151.8,372.8,1.3325492676868926,-0.6613887912139658
method1,4.0,151.9,372.9,1.3380115883643364,-0.6615654979293074
method1,4.0,152.0,373.0,1.34347390904178,-0.661742204644649
method1,4.0,152.1,373.1,1.3489377949694596,-0.6618915975783074
method1,4.0,152.2,373.2,1.3544016808971393,-0.6620409905119657
method1,4.0,152.3,373.3,1.3598662811510966,-0.6621767209373944
method1,4.0,152.4,373.4,1.3653315957313283,-0.6622987888545931
method1,4.0,152.5,373.5,1.37079691031156,-0.662420856771792
method1,4.0,152.6,373.6,1.3762635168734236,-0.6625155891209772
method1,4.0,152.7,373.7,1.3817301234352872,-0.6626103214701624
method1,4.0,152.8,373.8,1.3871973076176165,-0.6626913811013996
method1,4.0,152.9,373.9,1.3926650694204084,-0.6627587680146888
method1,4.0,153.0,374.0,1.3981328312232,-0.662826154927978
method1,4.0,153.1,374.1,1.4036016114598238,-0.6628661872215988
method1,4.0,153.2,374.2,1.4090703916964475,-0.6629062195152197
method1,4.0,153.3,374.3,1.4145396127149708,-0.6629325702493806
method1,4.0,153.4,374.4,1.4200092745153903,-0.6629452394240818
method1,4.0,153.5,374.5,1.42547893631581,-0.662957908598783
method1,4.0,153.6,374.6,1.4309493427504538,-0.6629432068402407
method1,4.0,153.7,374.7,1.4364197491850974,-0.6629285050816982
method1,4.0,153.8,374.8,1.4418904594440147,-0.6629001142920247
method1,4.0,153.9,374.9,1.4473614735272022,-0.6628580344712198
method1,4.0,154.0,375.0,1.45283248761039,-0.662815954650415
method1,4.0,154.1,375.1,1.4583039723037856,-0.6627464903240033
method1,4.0,154.2,375.2,1.4637754569971813,-0.6626770259975918
method1,4.0,154.3,375.3,1.4692471084518886,-0.6625938665397144
method1,4.0,154.4,375.4,1.4747189266679044,-0.6624970119503711
method1,4.0,154.5,375.5,1.48019074488392,-0.662400157361028
method1,4.0,154.6,375.6,1.4856627594891716,-0.6622759074377828
method1,4.0,154.7,375.7,1.4911347740944234,-0.6621516575145376
method1,4.0,154.8,375.8,1.4966068183064145,-0.6620137077321888
method1,4.0,154.9,375.9,1.5020788921251422,-0.6618620580907364
method1,4.0,155.0,376.0,1.50755096594387,-0.661710408449284
method1,4.0,155.1,376.1,1.5130229617614017,-0.6615313553922832
method1,4.0,155.2,376.2,1.5184949575789333,-0.6613523023352824
method1,4.0,155.3,376.3,1.5239668457707827,-0.6611595460654586
method1,4.0,155.4,376.4,1.5294386263369464,-0.6609530865828118
method1,4.0,155.5,376.5,1.53491040690311,-0.660746627100165
method1,4.0,155.6,376.6,1.5403818349356857,-0.6605127588692797
method1,4.0,155.7,376.7,1.5458532629682613,-0.6602788906383946
method1,4.0,155.8,376.8,1.5513244460786406,-0.660031317215969
method1,4.0,155.9,376.9,1.5567953842668203,-0.659770038602003
method1,4.0,156.0,377.0,1.562266322455,-0.659508759988037
method1,4.0,156.1,377.1,1.5677366334628076,-0.6592200700441282
method1,4.0,156.2,377.2,1.5732069444706154,-0.6589313801002195
method1,4.0,156.3,377.3,1.5786768732094025,-0.6586289843620018
method1,4.0,156.4,377.4,1.5841464196791664,-0.6583128828294754
method1,4.0,156.5,377.5,1.58961596614893,-0.657996781296949
method1,4.0,156.6,377.6,1.5950846107047056,-0.6576532686055154
method1,4.0,156.7,377.7,1.6005532552604813,-0.6573097559140819
method1,4.0,156.8,377.8,1.6060213801638985,-0.6569525382023278
method1,4.0,156.9,377.9,1.6114889854149543,-0.6565816154702534
method1,4.0,157.0,378.0,1.61695659066601,-0.656210692738179
method1,4.0,157.1,378.1,1.6224230192102376,-0.6558123617724494
method1,4.0,157.2,378.2,1.6278894477544654,-0.6554140308067198
method1,4.0,157.3,378.3,1.6333552192402787,-0.6550019969720847
method1,4.0,157.4,378.4,1.6388203336676743,-0.6545762602685444
method1,4.0,157.5,378.5,1.64428544809507,-0.654150523565004
method1,4.0,157.6,378.6,1.6497491109911817,-0.6536973843084797
method1,4.0,157.7,378.7,1.6552127738872933,-0.6532442450519553
method1,4.0,157.8,378.8,1.6606756423100406,-0.652777406455898
method1,4.0,157.9,378.9,1.6661377162594202,-0.652296868520308
method1,4.0,158.0,379.0,1.6715997902088,-0.651816330584718
method1,4.0,158.1,379.1,1.6770601377984597,-0.651308398533158
method1,4.0,158.2,379.2,1.6825204853881193,-0.6508004664815981
method1,4.0,158.3,379.3,1.6879799010943846,-0.6502788399982277
method1,4.0,158.4,379.4,1.6934383849172523,-0.6497435190830474
method1,4.0,158.5,379.5,1.69889686874012,-0.649208198167867
method1,4.0,158.6,379.6,1.7043533513985116,-0.648645494330721
method1,4.0,158.7,379.7,1.7098098340569032,-0.6480827904935751
method1,4.0,158.8,379.8,1.7152652474406225,-0.6475063985109456
method1,4.0,158.9,379.9,1.7207195915496662,-0.6469163183828328
method1,4.0,159.0,380.0,1.72617393565871,-0.64632623825472
method1,4.0,159.1,380.1,1.7316260038498537,-0.6457087891560037
method1,4.0,159.2,380.2,1.7370780720409975,-0.6450913400572873
method1,4.0,159.3,380.3,1.7425289335987808,-0.6444602104781344
method1,4.0,159.4,380.4,1.7479785885232004,-0.6438154004185451
method1,4.0,159.5,380.5,1.75342824344762,-0.643170590358956
method1,4.0,159.6,380.6,1.7588753477797197,-0.6424984280375768
method1,4.0,159.7,380.7,1.7643224521118193,-0.6418262657161976
method1,4.0,159.8,380.8,1.7697682124982965,-0.6411404319581245
method1,4.0,159.9,380.9,1.7752126289391483,-0.6404409267633577
method1,4.0,160.0,381.0,1.78065704538,-0.639741421568591
method1,4.0,160.1,381.1,1.7860986366608076,-0.639014583578111
method1,4.0,160.2,381.2,1.7915402279416153,-0.638287745587631
method1,4.0,160.3,381.3,1.7969803380248046,-0.6375472465827334
method1,4.0,160.4,381.4,1.8024189669103723,-0.6367930865634187
method1,4.0,160.5,381.5,1.80785759579594,-0.636038926544104
method1,4.0,160.6,381.6,1.8132931250881117,-0.6352574559519536
method1,4.0,160.7,381.7,1.8187286543802834,-0.6344759853598032
method1,4.0,160.8,381.8,1.8241625652969466,-0.6336808655537437
method1,4.0,160.9,381.9,1.8295948578380983,-0.6328720965337753
method1,4.0,161.0,382.0,1.83502715037925,-0.632063327513807
method1,4.0,161.1,382.1,1.8404560690557257,-0.6312272728999386
method1,4.0,161.2,382.2,1.8458849877322014,-0.6303912182860703
method1,4.0,161.3,382.3,1.8513121509432306,-0.6295415276365921
method1,4.0,161.4,382.4,1.8567375586888104,-0.6286782009515045
method1,4.0,161.5,382.5,1.86216296643439,-0.627814874266417
method1,4.0,161.6,382.6,1.8675847262337577,-0.626924289721403
method1,4.0,161.7,382.7,1.8730064860331253,-0.6260337051763891
method1,4.0,161.8,382.8,1.8784263533789025,-0.6251294991512772
method1,4.0,161.9,382.9,1.8838443282710864,-0.6242116716460682
method1,4.0,162.0,383.0,1.88926230316327,-0.623293844140859
method1,4.0,162.1,383.1,1.8946763562451256,-0.6223487892634362
method1,4.0,162.2,383.2,1.9000904093269815,-0.6214037343860135
method1,4.0,162.3,383.3,1.9055024330827386,-0.6204450739604971
method1,4.0,162.4,383.4,1.9109124275123943,-0.6194728079868875
method1,4.0,162.5,383.5,1.91632242194205,-0.618500542013278
method1,4.0,162.6,383.6,1.9217282209423656,-0.6175010819073312
method1,4.0,162.7,383.7,1.9271340199426814,-0.6165016218013846
method1,4.0,162.8,383.8,1.9325376528738507,-0.6154885734549843
method1,4.0,162.9,383.9,1.9379391197358704,-0.6144619368681311
method1,4.0,163.0,384.0,1.94334058659789,-0.613435300281278
method1,4.0,163.1,384.1,1.9487375846843218,-0.6123815055522721
method1,4.0,163.2,384.2,1.9541345827707535,-0.6113277108232661
method1,4.0,163.3,384.3,1.9595292781882907,-0.6102603465360847
method1,4.0,163.4,384.4,1.9649216709369304,-0.6091794126907284
method1,4.0,163.5,384.5,1.97031406368557,-0.608098478845372
method1,4.0,163.6,384.6,1.9757017146127818,-0.6069904255962237
method1,4.0,163.7,384.7,1.9810893655399933,-0.6058823723470754
method1,4.0,163.8,384.8,1.9864745773556804,-0.6047607695955322
method1,4.0,163.9,384.9,1.9918573500598402,-0.6036256173415946
method1,4.0,164.0,385.0,1.997240122764,-0.602490465087657
method1,4.0,164.1,385.1,2.002617880928948,-0.6013282349140523
method1,4.0,164.2,385.2,2.0079956390938953,-0.6001660047404476
method1,4.0,164.3,385.3,2.013370821875615,-0.598990246492456
method1,4.0,164.4,385.4,2.018743429274102,-0.5978009601700786
method1,4.0,164.5,385.5,2.02411603667259,-0.596611673847701
method1,4.0,164.6,385.6,2.0294833571697457,-0.5953953538328575
method1,4.0,164.7,385.7,2.0348506776669013,-0.594179033818014
method1,4.0,164.8,385.8,2.0402152866938628,-0.5929492085276057
method1,4.0,164.9,385.9,2.045577184250626,-0.5917058779616333
method1,4.0,165.0,386.0,2.05093908180739,-0.590462547395661
method1,4.0,165.1,386.1,2.056295420483966,-0.5891922301045327
method1,4.0,165.2,386.2,2.0616517591605414,-0.5879219128134043
method1,4.0,165.3,386.3,2.0670052504784806,-0.5866381144147943
method1,4.0,165.4,386.4,2.0723558944377802,-0.5853408349087031
method1,4.0,165.5,386.5,2.07770653839708,-0.584043555402612
method1,4.0,165.6,386.6,2.0830513519081717,-0.5827193388755401
method1,4.0,165.7,386.7,2.0883961654192635,-0.5813951223484682
method1,4.0,165.8,386.8,2.0937379958955846,-0.5800574502495667
method1,4.0,165.9,386.9,2.0990768433371323,-0.5787063225788364
method1,4.0,166.0,387.0,2.10441569077868,-0.577355194908106
method1,4.0,166.1,387.1,2.1097484366423758,-0.5759771826539133
method1,4.0,166.2,387.2,2.1150811825060716,-0.5745991703997205
method1,4.0,166.3,387.3,2.120410809884935,-0.5732077294750895
method1,4.0,166.4,387.4,2.1257373187789623,-0.5718028598800207
method1,4.0,166.5,387.5,2.13106382767299,-0.570397990284952
method1,4.0,166.6,387.6,2.1363839643254336,-0.5689662912734833
method1,4.0,166.7,387.7,2.1417041009778774,-0.5675345922620145
method1,4.0,166.8,387.8,2.1470209839352448,-0.5660894928452694
method1,4.0,166.9,387.9,2.152334613197532,-0.5646309930232487
method1,4.0,167.0,388.0,2.15764824245982,-0.563172493201228
method1,4.0,167.1,388.1,2.1629552293101675,-0.5616872218553365
method1,4.0,167.2,388.2,2.1682622161605156,-0.560201950509445
method1,4.0,167.3,388.3,2.1735658143591006,-0.5587033083851018
method1,4.0,167.4,388.4,2.1788660239059205,-0.557191295482308
method1,4.0,167.5,388.5,2.18416623345274,-0.555679282579514
method1,4.0,167.6,388.6,2.1894595309380995,-0.5541405587664942
method1,4.0,167.7,388.7,2.1947528284234594,-0.5526018349534743
method1,4.0,167.8,388.8,2.2000426025676423,-0.5510497713482444
method1,4.0,167.9,388.9,2.2053288533706463,-0.5494843679508057
method1,4.0,168.0,389.0,2.21061510417365,-0.547918964553367
method1,4.0,168.1,389.1,2.2158941738139135,-0.5463269135758334
method1,4.0,168.2,389.2,2.2211732434541775,-0.5447348625983
method1,4.0,168.3,389.3,2.2264486553448206,-0.5431295041718316
method1,4.0,168.4,389.4,2.23172040948584,-0.5415108382964293
method1,4.0,168.5,389.5,2.23699216362686,-0.539892172421027
method1,4.0,168.6,389.6,2.242256468079468,-0.5382469250072399
method1,4.0,168.7,389.7,2.2475207725320754,-0.5366016775934528
method1,4.0,168.8,389.8,2.2527812851212627,-0.5349431564285176
method1,4.0,168.9,389.9,2.2580380058470264,-0.5332713615124353
method1,4.0,169.0,390.0,2.26329472657279,-0.531599566596353
method1,4.0,169.1,390.1,2.268543729687418,-0.5299012588899951
method1,4.0,169.2,390.2,2.273792732802045,-0.5282029511836371
method1,4.0,169.3,390.3,2.2790378102477464,-0.5264914047757696
method1,4.0,169.4,390.4,2.2842789620245183,-0.5247666196663933
method1,4.0,169.5,390.5,2.28952011380129,-0.523041834557017
method1,4.0,169.6,390.6,2.294753280674426,-0.5212906081064143
method1,4.0,169.7,390.7,2.2999864475475613,-0.5195393816558116
method1,4.0,169.8,390.8,2.3052155552681843,-0.5177749529023934
method1,4.0,169.9,390.9,2.3104406038362924,-0.5159973218461607
method1,4.0,170.0,391.0,2.3156656524044,-0.514219690789928
method1,4.0,170.1,391.1,2.3208824494338356,-0.5124156925367265
method1,4.0,170.2,391.2,2.3260992464632717,-0.510611694283525
method1,4.0,170.3,391.3,2.331311851192139,-0.5087945314723216
method1,4.0,170.4,391.4,2.3365202636204345,-0.5069642041031173
method1,4.0,170.5,391.5,2.34172867604873,-0.505133876733913
method1,4.0,170.6,391.6,2.346928570987958,-0.5032772590012007
method1,4.0,170.7,391.7,2.3521284659271853,-0.5014206412684884
method1,4.0,170.8,391.8,2.3573240357668905,-0.4995508980656358
method1,4.0,170.9,391.9,2.36251528050707,-0.4976680293926439
method1,4.0,171.0,392.0,2.36770652524725,-0.495785160719652
method1,4.0,171.1,392.1,2.3728889872597296,-0.49387608119953413
method1,4.0,171.2,392.2,2.3780714492722095,-0.4919670016794162
method1,4.0,171.3,392.3,2.383249453748869,-0.49004483711685937
method1,4.0,171.4,392.4,2.3884230006897043,-0.4881095875118647
method1,4.0,171.5,392.5,2.39359654763054,-0.48617433790687
method1,4.0,171.6,392.6,2.39876104734388,-0.4842129596474969
method1,4.0,171.7,392.7,2.403925547057219,-0.4822515813881238
method1,4.0,171.8,392.8,2.4090854571746148,-0.4802771598505068
method1,4.0,171.9,392.9,2.414240777696062,-0.47828969503464686
method1,4.0,172.0,393.0,2.41939609821751,-0.476302230218787
method1,4.0,172.1,393.1,2.42454210777751,-0.4742887216108375
method1,4.0,172.2,393.2,2.429688117337509,-0.472275213002888
method1,4.0,172.3,393.3,2.4348294056311066,-0.47024870421390014
method1,4.0,172.4,393.4,2.4399659726582983,-0.4682091952438751
method1,4.0,172.5,393.5,2.44510253968549,-0.46616968627385
method1,4.0,172.6,393.6,2.4502295328100696,-0.4641042210364633
method1,4.0,172.7,393.7,2.4553565259346493,-0.4620387557990766
method1,4.0,172.8,393.8,2.4604786665254887,-0.45996033480725074
method1,4.0,172.9,393.9,2.465595954582584,-0.4578689580609869
method1,4.0,173.0,394.0,2.47071324263968,-0.455777581314723
method1,4.0,173.1,394.1,2.4758206946726795,-0.4536603384808923
method1,4.0,173.2,394.2,2.4809281467056796,-0.45154309564706163
method1,4.0,173.3,394.3,2.486030615354145,-0.44941294281102995
method1,4.0,173.4,394.4,2.4911281006180723,-0.44726987997279843
method1,4.0,173.5,394.5,2.496225585882,-0.445126817134567
method1,4.0,173.6,394.6,2.5013129738468356,-0.4429579810359855
method1,4.0,173.7,394.7,2.5064003618116715,-0.44078914493740406
method1,4.0,173.8,394.8,2.511482635971112,-0.43860744591061035
method1,4.0,173.9,394.9,2.516559796325156,-0.4364128839556057
method1,4.0,174.0,395.0,2.5216369566792,-0.434218322000601
method1,4.0,174.1,395.1,2.5267037593323836,-0.4319980822519699
method1,4.0,174.2,395.2,2.5317705619855673,-0.42977784250333884
method1,4.0,174.3,395.3,2.5368321208557822,-0.4275447882182091
method1,4.0,174.4,395.4,2.5418884359430263,-0.42529891939658204
method1,4.0,174.5,395.5,2.54694475103027,-0.423053050574955
method1,4.0,174.6,395.6,2.5519904489147898,-0.4207816020577487
method1,4.0,174.7,395.7,2.5570361467993097,-0.4185101535405425
method1,4.0,174.8,395.8,2.5620764713798887,-0.41622594019211573
method1,4.0,174.9,395.9,2.567111422656524,-0.41392896201246987
method1,4.0,175.0,396.0,2.57214637393316,-0.411631983832824
method1,4.0,175.1,396.1,2.5771704494316956,-0.40930952667851533
method1,4.0,175.2,396.2,2.5821945249302316,-0.40698706952420666
method1,4.0,175.3,396.3,2.5872130980737347,-0.4046518985532263
method1,4.0,175.4,396.4,2.592226168862202,-0.4023040137655757
method1,4.0,175.5,396.5,2.59723923965067,-0.399956128977925
method1,4.0,175.6,396.6,2.6022411770386698,-0.3975828685506747
method1,4.0,175.7,396.7,2.6072431144266695,-0.3952096081234245
method1,4.0,175.8,396.8,2.6122394208916586,-0.3928236861988925
method1,4.0,175.9,396.9,2.617230096433634,-0.39042510277708026
method1,4.0,176.0,397.0,2.62222077197561,-0.388026519355268
method1,4.0,176.1,397.1,2.6272000574741816,-0.3856026662340749
method1,4.0,176.2,397.2,2.6321793429727536,-0.3831788131128819
method1,4.0,176.3,397.3,2.6371528694766506,-0.38074235211407653
method1,4.0,176.4,397.4,2.64212063698587,-0.37829328323766026
method1,4.0,176.5,397.5,2.64708840449509,-0.375844214361244
method1,4.0,176.6,397.6,2.652044526323754,-0.37336998432156093
method1,4.0,176.7,397.7,2.6570006481524175,-0.3708957542818779
method1,4.0,176.8,397.8,2.6619508834242005,-0.3684089712798365
method1,4.0,176.9,397.9,2.6668952321391,-0.3659096353154383
method1,4.0,177.0,398.0,2.671839580854,-0.36341029935104
method1,4.0,177.1,398.1,2.6767720292832315,-0.3608859133458602
method1,4.0,177.2,398.2,2.6817044777124632,-0.3583615273406803
method1,4.0,177.3,398.3,2.6866309125451844,-0.3558246445791499
method1,4.0,177.4,398.4,2.6915513337813923,-0.35327526506127044
method1,4.0,177.5,398.5,2.6964717550176,-0.350725885543391
method1,4.0,177.6,398.6,2.701380022421236,-0.34815156968379796
method1,4.0,177.7,398.7,2.7062882898248715,-0.3455772538242049
method1,4.0,177.8,398.8,2.711190417127993,-0.3429904987000625
method1,4.0,177.9,398.9,2.7160864043305963,-0.34039130431137227
method1,4.0,178.0,399.0,2.7209823915332,-0.337792109922682
method1,4.0,178.1,399.1,2.725865972440624,-0.33516809545786935
method1,4.0,178.2,399.2,2.7307495533480477,-0.3325440809930567
method1,4.0,178.3,399.3,2.7356268681996005,-0.3299076860361965
method1,4.0,178.4,399.4,2.7404979169952806,-0.32725891058729023
method1,4.0,178.5,399.5,2.74536896579096,-0.324610135138384
method1,4.0,178.6,399.6,2.750227356939124,-0.32193665843515373
method1,4.0,178.7,399.7,2.7550857480872875,-0.31926318173192353
method1,4.0,178.8,399.8,2.7599377477858344,-0.3165773845846201
method1,4.0,178.9,399.9,2.7647833560347626,-0.3138792669932451
method1,4.0,179.0,400.0,2.76962896428369,-0.31118114940187
method1,4.0,179.1,400.1,2.7744616646689257,-0.3084584519235934
method1,4.0,179.2,400.2,2.7792943650541613,-0.30573575444531675
method1,4.0,179.3,400.3,2.7841205491705625,-0.30300079784105993
method1,4.0,179.4,400.4,2.7889402170181263,-0.3002535821108245
method1,4.0,179.5,400.5,2.79375988486569,-0.297506366380589
method1,4.0,179.6,400.6,2.798566395795314,-0.29473469466565355
method1,4.0,179.7,400.7,2.8033729067249373,-0.2919630229507181
method1,4.0,179.8,400.8,2.8081727771539104,-0.2891791546925241
method1,4.0,179.9,400.9,2.81296600708223,-0.28638308989107303
method1,4.0,180.0,401.0,2.81775923701055,-0.283587025089622
method1,4.0,180.1,401.1,2.8225390621543016,-0.28076663072934777
method1,4.0,180.2,401.2,2.8273188872980533,-0.2779462363690735
method1,4.0,180.3,401.3,2.8320919483095426,-0.2751137093072741
method1,4.0,180.4,401.4,2.836858245188766,-0.27226904954395104
method1,4.0,180.5,401.5,2.84162454206799,-0.269424389780628
method1,4.0,180.6,401.6,2.84637718750921,-0.26655552939666655
method1,4.0,180.7,401.7,2.8511298329504293,-0.26368666901270515
method1,4.0,180.8,401.8,2.8558755912407463,-0.2608057410222165
method1,4.0,180.9,401.9,2.860614462380158,-0.2579127454252022
method1,4.0,181.0,402.0,2.86535333351957,-0.255019749828188
method1,4.0,181.1,402.1,2.8700783078061978,-0.25210268504940253
method1,4.0,181.2,402.2,2.8748032820928255,-0.24918562027061714
method1,4.0,181.3,402.3,2.8795212468355826,-0.24625655422768866
method1,4.0,181.4,402.4,2.8842322020344664,-0.24331548692061883
method1,4.0,181.5,402.5,2.88894315723335,-0.240374419613549
method1,4.0,181.6,402.6,2.893639971428682,-0.23740941705237717
method1,4.0,181.7,402.7,2.8983367856240134,-0.23444441449120532
method1,4.0,181.8,402.8,2.9030264685208307,-0.23146747824965586
method1,4.0,181.9,402.9,2.90770902011913,-0.22847860832773043
method1,4.0,182.0,403.0,2.91239157171743,-0.225489738405805
method1,4.0,182.1,403.1,2.9170597394506577,-0.22247706963410557
method1,4.0,182.2,403.2,2.9217279071838855,-0.21946440086240615
method1,4.0,182.3,403.3,2.9263888225148644,-0.21643986722934225
method1,4.0,182.4,403.4,2.931042485443592,-0.21340346873491564
method1,4.0,182.5,403.5,2.93569614837232,-0.210367070240489
method1,4.0,182.6,403.6,2.9403351858888396,-0.20730701176487917
method1,4.0,182.7,403.7,2.9449742234053593,-0.20424695328926934
method1,4.0,182.8,403.8,2.9496058880793425,-0.20117510000029304
method1,4.0,182.9,403.9,2.954230179910786,-0.19809145189795202
method1,4.0,183.0,404.0,2.95885447174223,-0.195007803795611
method1,4.0,183.1,404.1,2.9634638979537056,-0.191900637032292
method1,4.0,183.2,404.2,2.9680733241651813,-0.18879347026897295
method1,4.0,183.3,404.3,2.9726752577697524,-0.18567457996288125
method1,4.0,183.4,404.4,2.977269698767416,-0.18254396611401863
method1,4.0,183.5,404.5,2.98186413976508,-0.179413352265156
method1,4.0,183.6,404.6,2.9864434762992715,-0.17625936351422777
method1,4.0,183.7,404.7,2.9910228128334633,-0.17310537476329957
method1,4.0,183.8,404.8,2.995594537684714,-0.16993973495627385
method1,4.0,183.9,404.9,3.000158650853022,-0.1667624440931524
method1,4.0,184.0,405.0,3.00472276402133,-0.163585153230031
method1,4.0,184.1,405.1,3.0092715352716817,-0.1603846336493072
method1,4.0,184.2,405.2,3.0138203065220335,-0.15718411406858335
method1,4.0,184.3,405.3,3.0183613477140807,-0.15397201712787523
method1,4.0,184.4,405.4,3.0228946588478203,-0.15074834282718463
method1,4.0,184.5,405.5,3.02742796998156,-0.147524668526494
method1,4.0,184.6,405.6,3.0319457031565196,-0.144277914104809
method1,4.0,184.7,405.7,3.0364634363314793,-0.14103115968312396
method1,4.0,184.8,405.8,3.0409733217857347,-0.13777290280024002
method1,4.0,184.9,405.9,3.045475359519282,-0.13450314345615902
method1,4.0,185.0,406.0,3.04997739725283,-0.131233384112078
method1,4.0,185.1,406.1,3.0544636224249215,-0.12794069564209218
method1,4.0,185.2,406.2,3.058949847597013,-0.12464800717210638
method1,4.0,185.3,406.3,3.0634281081111783,-0.12134389233548722
method1,4.0,185.4,406.4,3.067898403967414,-0.11802835113223661
method1,4.0,185.5,406.5,3.07236869982365,-0.114712809928986
method1,4.0,185.6,406.6,3.0768229499782858,-0.11137449297949858
method1,4.0,185.7,406.7,3.0812772001329214,-0.10803617603001117
method1,4.0,185.8,406.8,3.0857233694297386,-0.10468650999722039
method1,4.0,185.9,406.9,3.090161457868734,-0.10132549488112814
method1,4.0,186.0,407.0,3.09459954630773,-0.0979644797650359
method1,4.0,186.1,407.1,3.0990213573917456,-0.09458084465279329
method1,4.0,186.2,407.2,3.1034431684757613,-0.09119720954055069
method1,4.0,186.3,407.3,3.1078567832514805,-0.08780230380996086
method1,4.0,186.4,407.4,3.1122622017189006,-0.08439612746102573
method1,4.0,186.5,407.5,3.11666762018632,-0.0809899511120906
method1,4.0,186.6,407.6,3.1210565311562477,-0.07756131287310995
method1,4.0,186.7,407.7,3.1254454421261753,-0.07413267463412931
method1,4.0,186.8,407.8,3.1298260420987623,-0.07069284541612084
method1,4.0,186.9,407.9,3.134198331074006,-0.06724182521908646
method1,4.0,187.0,408.0,3.13857062004925,-0.0637908050220521
method1,4.0,187.1,408.1,3.1429261729193017,-0.06031748338245046
method1,4.0,187.2,408.2,3.1472817257893535,-0.056844161742848814
method1,4.0,187.3,408.3,3.151628853746393,-0.053359729930517165
method1,4.0,187.4,408.4,3.1559675567904164,-0.04986418794545749
method1,4.0,187.5,408.5,3.16030625983444,-0.0463686459603978
method1,4.0,187.6,408.6,3.1646279997242237,-0.042850965306729924
method1,4.0,187.7,408.7,3.1689497396140074,-0.03933328465306204
method1,4.0,187.8,408.8,3.1732629414603566,-0.03580457579243573
method1,4.0,187.9,408.9,3.177567605263268,-0.032264838724853015
method1,4.0,188.0,409.0,3.18187226906618,-0.0287251016572703
method1,4.0,188.1,409.1,3.1861597442481195,-0.025163391006388702
method1,4.0,188.2,409.2,3.1904472194300597,-0.021601680355507104
method1,4.0,188.3,409.3,3.1947260442351886,-0.018029024615284134
method1,4.0,188.4,409.4,3.1989962186635044,-0.014445423785721816
method1,4.0,188.5,409.5,3.20326639309182,-0.0108618229561595
method1,4.0,188.6,409.6,3.2075191550382716,-0.007256415924585426
method1,4.0,188.7,409.7,3.2117719169847234,-0.0036510088930113505
method1,4.0,188.8,409.8,3.216015917029768,-3.4741033812875485e-05
method1,4.0,188.9,409.9,3.220251155173404,0.0035923876530079427
method1,4.0,189.0,410.0,3.22448639331704,0.00721951633982876
method1,4.0,189.1,410.1,3.228703996747136,0.010868281567011969
method1,4.0,189.2,410.2,3.2329216001772316,0.014517046794195177
method1,4.0,189.3,410.3,3.2371303310017505,0.018176587451052217
method1,4.0,189.4,410.4,3.2413301892206903,0.02184690353758101
method1,4.0,189.5,410.5,3.24553004743963,0.0255172196241098
method1,4.0,189.6,410.6,3.249712050365802,0.02920900032483863
method1,4.0,189.7,410.7,3.2538940532919733,0.03290078102556746
method1,4.0,189.8,410.8,3.2580670737404005,0.036603250629770503
method1,4.0,189.9,410.9,3.2622311117110803,0.040316409137445657
method1,4.0,190.0,411.0,3.26639514968176,0.0440295676451208
method1,4.0,190.1,411.1,3.270541113455968,0.04776401659240815
method1,4.0,190.2,411.2,3.2746870772301753,0.0514984655396955
method1,4.0,190.3,411.3,3.2788239494979665,0.05524351574411099
method1,4.0,190.4,411.4,3.282951730259338,0.05899916720565249
method1,4.0,190.5,411.5,3.28707951102071,0.062754818667194
method1,4.0,190.6,411.6,3.2911890003803377,0.06653158416165943
method1,4.0,190.7,411.7,3.2952984897399653,0.07030834965612484
method1,4.0,190.8,411.8,3.29939877941942,0.07409562764944433
method1,4.0,190.9,411.9,3.3034898694187,0.07789341814161571
method1,4.0,191.0,412.0,3.30758095941798,0.0816912086337871
method1,4.0,191.1,412.1,3.3116535425314395,0.0855099345366476
method1,4.0,191.2,412.2,3.3157261256448995,0.0893286604395081
method1,4.0,191.3,412.3,3.319789401770686,0.09315780897935876
method1,4.0,191.4,412.4,3.323843370908798,0.09699738015619737
method1,4.0,191.5,412.5,3.32789734004691,0.100836951333036
method1,4.0,191.6,412.6,3.3319325885589057,0.10469727709957018
method1,4.0,191.7,412.7,3.3359678370709016,0.10855760286610436
method1,4.0,191.8,412.8,3.3399936721652344,0.11242826031262504
method1,4.0,191.9,412.9,3.344010093841902,0.11630924943913001
method1,4.0,192.0,413.0,3.34802651551857,0.120190238565635
method1,4.0,192.1,413.1,3.352024004595046,0.12409179927910237
method1,4.0,192.2,413.2,3.3560214936715216,0.12799335999256975
method1,4.0,192.3,413.3,3.3600094637890345,0.13190516034244804
method1,4.0,192.4,413.4,3.3639879149475824,0.13582720032873502
method1,4.0,192.5,413.5,3.36796636610613,0.139749240315022
method1,4.0,192.6,413.6,3.3719256744788937,0.14369166672104378
method1,4.0,192.7,413.7,3.3758849828516575,0.14763409312706555
method1,4.0,192.8,413.8,3.3798346676239284,0.15158666604803145
method1,4.0,192.9,413.9,3.3837747287957045,0.1555493854839392
method1,4.0,193.0,414.0,3.38771478996748,0.159512104919847
method1,4.0,193.1,414.1,3.391635499978464,0.16349502346124198
method1,4.0,193.2,414.2,3.3955562099894476,0.16747794200263696
method1,4.0,193.3,414.3,3.3994671926691944,0.17147091286841046
method1,4.0,193.4,414.4,3.4033684480177024,0.17547393605856024
method1,4.0,193.5,414.5,3.40726970336621,0.17947695924871
method1,4.0,193.6,414.6,3.4111514010114217,0.18349999210078177
method1,4.0,193.7,414.7,3.4150330986566337,0.18752302495285356
method1,4.0,193.8,414.8,3.4189049661615685,0.19155601487854607
method1,4.0,193.9,414.9,3.422767003526224,0.19559896187785702
method1,4.0,194.0,415.0,3.42662904089088,0.199641908877168
method1,4.0,194.1,415.1,3.430471315863988,0.20370467398344058
method1,4.0,194.2,415.2,3.4343135908370956,0.20776743908971312
method1,4.0,194.3,415.3,3.4381459337934244,0.21184006496767346
method1,4.0,194.4,415.4,3.441968344732972,0.2159225516173192
method1,4.0,194.5,415.5,3.44579075567252,0.220005038266965
method1,4.0,194.6,415.6,3.4495932014081157,0.22410714937536436
method1,4.0,194.7,415.7,3.4533956471437115,0.22820926048376375
method1,4.0,194.8,415.8,3.4571880599293006,0.23232113501987028
method1,4.0,194.9,415.9,3.46097043976488,0.23644277298368163
method1,4.0,195.0,416.0,3.46475281960046,0.240564410947493
method1,4.0,195.1,416.1,3.468515033316928,0.24470547764696757
method1,4.0,195.2,416.2,3.4722772470333956,0.24884654434644213
method1,4.0,195.3,416.3,3.4760293278205663,0.2529972760968355
method1,4.0,195.4,416.4,3.4797712756784382,0.25715767289814523
method1,4.0,195.5,416.5,3.48351322353631,0.261318069699455
method1,4.0,195.6,416.6,3.487234806278362,0.26549769745703916
method1,4.0,195.7,416.7,3.490956389020414,0.2696773252146233
method1,4.0,195.8,416.8,3.4946677398183823,0.27386651862287564
method1,4.0,195.9,416.9,3.4983688586722663,0.27806527768179384
method1,4.0,196.0,417.0,3.50206997752615,0.282264036740712
method1,4.0,196.1,417.1,3.5057505342070057,0.28648182693902097
method1,4.0,196.2,417.2,3.5094310908878614,0.29069961713732995
method1,4.0,196.3,417.3,3.5131013175848183,0.2949268725720501
method1,4.0,196.4,417.4,3.5167612142978744,0.29916359324317904
method1,4.0,196.5,417.5,3.52042111101093,0.303400313914308
method1,4.0,196.6,417.6,3.52406025045411,0.30765586388946536
method1,4.0,196.7,417.7,3.5276993898972893,0.31191141386462273
method1,4.0,196.8,417.8,3.531328102302114,0.3161763276574901
method1,4.0,196.9,417.9,3.5349463876685823,0.320450605268065
method1,4.0,197.0,418.0,3.53856467303505,0.32472488287864
method1,4.0,197.1,418.1,3.542162008015806,0.32901778595863257
method1,4.0,197.2,418.2,3.5457593429965617,0.33331068903862515
method1,4.0,197.3,418.3,3.549346154880147,0.3376128535228497
method1,4.0,197.4,418.4,3.5529224436665583,0.3419242794113039
method1,4.0,197.5,418.5,3.55649873245297,0.346235705299758
method1,4.0,197.6,418.6,3.560053879739342,0.35056555084321495
method1,4.0,197.7,418.7,3.5636090270257137,0.3548953963866719
method1,4.0,197.8,418.8,3.5671535561619327,0.35923439993588047
method1,4.0,197.9,418.9,3.5706874671479962,0.36358256149083823
method1,4.0,198.0,419.0,3.57422137813406,0.367930723045796
method1,4.0,198.1,419.1,3.57773395852754,0.3722970964811886
method1,4.0,198.2,419.2,3.5812465389210195,0.3766634699165811
method1,4.0,198.3,419.3,3.5847484071273024,0.3810388969841205
method1,4.0,198.4,419.4,3.588239563146386,0.38542337768380425
method1,4.0,198.5,419.5,3.59173071916547,0.389807858383488
method1,4.0,198.6,419.6,3.5952003575413056,0.39421034124874377
method1,4.0,198.7,419.7,3.5986699959171418,0.3986128241139995
method1,4.0,198.8,419.8,3.6021288290946583,0.40302425527265373
method1,4.0,198.9,419.9,3.6055768570738542,0.4074446347247038
method1,4.0,199.0,420.0,3.60902488505305,0.411865014176754
method1,4.0,199.1,420.1,3.612451210400134,0.41630318415928735
method1,4.0,199.2,420.2,3.615877535747218,0.4207413541418207
method1,4.0,199.3,420.3,3.6192929639206923,0.4251883661239449
method1,4.0,199.4,420.4,3.622697494920556,0.42964422010565745
method1,4.0,199.5,420.5,3.62610202592042,0.43410007408737
method1,4.0,199.6,420.6,3.6294846713807916,0.438573505064519
method1,4.0,199.7,420.7,3.6328673168411636,0.4430469360416679
method1,4.0,199.8,420.8,3.636238974198274,0.44752910177972693
method1,4.0,199.9,420.9,3.6395996434521223,0.45202000227869343
method1,4.0,200.0,421.0,3.64296031270597,0.45651090277766
method1,4.0,200.1,421.1,3.64629891561393,0.4610191648575289
method1,4.0,200.2,421.2,3.6496375185218897,0.4655274269373979
method1,4.0,200.3,421.3,3.6529650434522702,0.4700443156049087
method1,4.0,200.4,421.4,3.6562814904050702,0.47456983086005883
method1,4.0,200.5,421.5,3.65959793735787,0.479095346115209
method1,4.0,200.6,421.6,3.6628921392786937,0.48363800567791354
method1,4.0,200.7,421.7,3.6661863411995177,0.4881806652406181
method1,4.0,200.8,421.8,3.669469376333374,0.4927318422934937
method1,4.0,200.9,421.9,3.672741244680262,0.4972915368365379
method1,4.0,201.0,422.0,3.67601311302715,0.501851231379582
method1,4.0,201.1,422.1,3.6792625597953736,0.5064278511188893
method1,4.0,201.2,422.2,3.6825120065635977,0.5110044708581967
method1,4.0,201.3,422.3,3.685750198809904,0.5155894980764871
method1,4.0,201.4,422.4,3.6889771365342923,0.520182932773758
method1,4.0,201.5,422.5,3.69220407425868,0.524776367471029
method1,4.0,201.6,422.6,3.695408416015996,0.5293865064363935
method1,4.0,201.7,422.7,3.6986127577733114,0.5339966454017581
method1,4.0,201.8,422.8,3.701805758357592,0.5386150809317818
method1,4.0,201.9,422.9,3.704987417768836,0.5432418130264619
method1,4.0,202.0,423.0,3.70816907718008,0.547868545121142
method1,4.0,202.1,423.1,3.7113279684128235,0.5525117587601286
method1,4.0,202.2,423.2,3.7144868596455676,0.5571549723991152
method1,4.0,202.3,423.3,3.717634324147276,0.5618063707959794
method1,4.0,202.4,423.4,3.720770361917948,0.5664659539507186
method1,4.0,202.5,423.5,3.72390639968862,0.571125537105458
method1,4.0,202.6,423.6,3.727019499264816,0.5758013773065529
method1,4.0,202.7,423.7,3.7301325988410117,0.5804772175076479
method1,4.0,202.8,423.8,3.7332341872304826,0.5851611297781547
method1,4.0,202.9,423.9,3.736324264433226,0.5898531141180708
method1,4.0,203.0,424.0,3.73941434163597,0.594545098457987
method1,4.0,203.1,424.1,3.742481312841978,0.5992531135937831
method1,4.0,203.2,424.2,3.745548284047986,0.6039611287295793
method1,4.0,203.3,424.3,3.7486036607229627,0.6086771023755075
method1,4.0,203.4,424.4,3.7516474428669064,0.6134010345315652
method1,4.0,203.5,424.5,3.75469122501085,0.618124966687623
method1,4.0,203.6,424.6,3.757711735587578,0.6228647016583931
method1,4.0,203.7,424.7,3.760732246164306,0.6276044366291633
method1,4.0,203.8,424.8,3.7637410799860525,0.6323520156909316
method1,4.0,203.9,424.9,3.766738237052816,0.6371074388436953
method1,4.0,204.0,425.0,3.76973539411958,0.641862861996459
method1,4.0,204.1,425.1,3.772709116298256,0.6466338582740927
method1,4.0,204.2,425.2,3.7756828384769316,0.6514048545517265
method1,4.0,204.3,425.3,3.7786448028059043,0.6561835796524247
method1,4.0,204.4,425.4,3.7815950092851724,0.6609700335761849
method1,4.0,204.5,425.5,3.78454521576444,0.665756487499945
method1,4.0,204.6,425.6,3.7874718263019678,0.6705582831722583
method1,4.0,204.7,425.7,3.790398436839496,0.6753600788445716
method1,4.0,204.8,425.8,3.7933132095705746,0.6801694872343613
method1,4.0,204.9,425.9,3.7962161444952023,0.6849865083416247
method1,4.0,205.0,426.0,3.79911907941983,0.689803529448888
method1,4.0,205.1,426.1,3.801998259633706,0.6946356592642905
method1,4.0,205.2,426.2,3.8048774398475818,0.699467789079693
method1,4.0,205.3,426.3,3.8077447034448864,0.7043074146805669
method1,4.0,205.4,426.4,3.8106000504256183,0.7091545360669094
method1,4.0,205.5,426.5,3.81345539740635,0.714001657453252
method1,4.0,205.6,426.6,3.816286833209122,0.7188636528657872
method1,4.0,205.7,426.7,3.8191182690118937,0.7237256482783226
method1,4.0,205.8,426.8,3.8219377105431285,0.7285950217292307
method1,4.0,205.9,426.9,3.824745157802824,0.7334717732185089
method1,4.0,206.0,427.0,3.82755260506252,0.738348524707787
method1,4.0,206.1,427.1,3.8303359869958156,0.7432399139225155
method1,4.0,206.2,427.2,3.8331193689291116,0.748131303137244
method1,4.0,206.3,427.3,3.8358906800994883,0.7530299518395666
method1,4.0,206.4,427.4,3.838649920506944,0.7579358600294802
method1,4.0,206.5,427.5,3.8414091609144,0.762841768219394
method1,4.0,206.6,427.6,3.844144184182516,0.7677620762381345
method1,4.0,206.7,427.7,3.8468792074506317,0.7726823842568751
method1,4.0,206.8,427.8,3.849602084636332,0.7776098324202496
method1,4.0,206.9,427.9,3.8523128157396163,0.7825444207282553
method1,4.0,207.0,428.0,3.8550235468429,0.787479009036261
method1,4.0,207.1,428.1,3.857709911345908,0.7924277577036724
method1,4.0,207.2,428.2,3.8603962758489154,0.7973765063710837
method1,4.0,207.3,428.3,3.8630704201301023,0.8023322750595756
method1,4.0,207.4,428.4,3.865732344189466,0.8072950637691453
method1,4.0,207.5,428.5,3.86839426824883,0.812257852478715
method1,4.0,207.6,428.6,3.8710316786152617,0.8172345605287294
method1,4.0,207.7,428.7,3.8736690889816936,0.8222112685787439
method1,4.0,207.8,428.8,3.876294206175062,0.827194875757361
method1,4.0,207.9,428.9,3.878907030195366,0.8321853820645775
method1,4.0,208.0,429.0,3.88151985421567,0.837175888371794
method1,4.0,208.1,429.1,3.8841080198347218,0.8421800714743806
method1,4.0,208.2,429.2,3.886696185453774,0.847184254576967
method1,4.0,208.3,429.3,3.889271986144656,0.8521952151585074
method1,4.0,208.4,429.4,3.891835421907368,0.8572129532189987
method1,4.0,208.5,429.5,3.89439885767008,0.86223069127949
method1,4.0,208.6,429.6,3.8969374927233558,0.8672618620877521
method1,4.0,208.7,429.7,3.899476127776632,0.8722930328960142
method1,4.0,208.8,429.8,3.902002327350618,0.8773308587882488
method1,4.0,208.9,429.9,3.904516091445314,0.8823753397644528
method1,4.0,209.0,430.0,3.90702985554001,0.887419820740657
method1,4.0,209.1,430.1,3.909518679032822,0.8924774889382618
method1,4.0,209.2,430.2,3.912007502525634,0.8975351571358667
method1,4.0,209.3,430.3,3.9144838211997444,0.902599357289046
method1,4.0,209.4,430.4,3.9169476350551524,0.9076700893977965
method1,4.0,209.5,430.5,3.91941144891056,0.912740821506547
method1,4.0,209.6,430.6,3.921850184702716,0.9178244938554763
method1,4.0,209.7,430.7,3.9242889204948717,0.9229081662044056
method1,4.0,209.8,430.8,3.9267150833482503,0.9279982466590939
method1,4.0,209.9,430.9,3.9291286732628503,0.9330947352195385
method1,4.0,210.0,431.0,3.93154226317745,0.938191223779983
method1,4.0,210.1,431.1,3.93393064001361,0.9433004041686043
method1,4.0,210.2,431.2,3.9363190168497697,0.9484095845572257
method1,4.0,210.3,431.3,3.9386947538539,0.9535250484924495
method1,4.0,210.4,431.4,3.941057851026,0.9586467959742727
method1,4.0,210.5,431.5,3.9434209481981,0.963768543456096
method1,4.0,210.6,431.6,3.945758699737636,0.9689027329475489
method1,4.0,210.7,431.7,3.948096451277172,0.9740369224390019
method1,4.0,210.8,431.8,3.9504214973256304,0.9791772702207143
method1,4.0,210.9,431.9,3.95273383788301,0.9843237762926836
method1,4.0,211.0,432.0,3.95504617844039,0.989470282364653
method1,4.0,211.1,432.1,3.957333043286762,0.9946289792455435
method1,4.0,211.2,432.2,3.9596199081331336,0.999787676126434
method1,4.0,211.3,432.3,3.9618940030708423,1.0049524053562846
method1,4.0,211.4,432.4,3.9641553280998862,1.0101231669350923
method1,4.0,211.5,432.5,3.96641665312893,1.0152939285139
method1,4.0,211.6,432.6,3.968652374858606,1.0204766283433038
method1,4.0,211.7,432.7,3.970888096588282,1.0256593281727076
method1,4.0,211.8,432.8,3.9731109852402944,1.0308479337371246
method1,4.0,211.9,432.9,3.975321040814642,1.0360424450365524
method1,4.0,212.0,433.0,3.97753109638899,1.04123695633598
method1,4.0,212.1,433.1,3.97971542357985,1.0464431519947317
method1,4.0,212.2,433.2,3.9818997507707095,1.0516493476534834
method1,4.0,212.3,433.3,3.984071182970512,1.0568613217730385
method1,4.0,212.4,433.4,3.986229720179256,1.0620790743533943
method1,4.0,212.5,433.5,3.988388257388,1.06729682693375
method1,4.0,212.6,433.6,3.990520943647256,1.0725260086740658
method1,4.0,212.7,433.7,3.9926536299065116,1.0777551904143814
method1,4.0,212.8,433.8,3.9947733605238125,1.0829900226934726
method1,4.0,212.9,433.9,3.9968801354991563,1.0882305055113364
method1,4.0,213.0,434.0,3.9989869104745,1.0934709883292
method1,4.0,213.1,434.1,4.001067714466148,1.0987226438245397
method1,4.0,213.2,434.2,4.003148518457796,1.1039742993198796
method1,4.0,213.3,434.3,4.00521630742585,1.1092314767966767
method1,4.0,213.4,434.4,4.00727108137031,1.1144941762549283
method1,4.0,213.5,434.5,4.00932585531477,1.11975687571318
method1,4.0,213.6,434.6,4.011354540786513,1.1250304901084356
method1,4.0,213.7,434.7,4.013383226258258,1.1303041045036915
method1,4.0,213.8,434.8,4.015398838600676,1.1355831117003967
method1,4.0,213.9,434.9,4.017401377813768,1.1408675116985483
method1,4.0,214.0,435.0,4.01940391702686,1.1461519116967
method1,4.0,214.1,435.1,4.021380252836572,1.1514469676586356
method1,4.0,214.2,435.2,4.023356588646284,1.1567420236205714
method1,4.0,214.3,435.3,4.0253197945033525,1.1620423425939266
method1,4.0,214.4,435.4,4.027269870407776,1.1673479245786984
method1,4.0,214.5,435.5,4.0292199463122,1.17265350656347
method1,4.0,214.6,435.6,4.031143706453844,1.1779694843314696
method1,4.0,214.7,435.7,4.0330674665954875,1.1832854620994695
method1,4.0,214.8,435.8,4.0349780412499845,1.1886065724915627
method1,4.0,214.9,435.9,4.036875430417332,1.1939328155077464
method1,4.0,215.0,436.0,4.03877281958468,1.19925905852393
method1,4.0,215.1,436.1,4.040643783213763,1.2045954359609936
method1,4.0,215.2,436.2,4.042514746842848,1.2099318133980572
method1,4.0,215.3,436.3,4.044372470745352,1.2152731924873945
method1,4.0,215.4,436.4,4.0462169549212765,1.2206195732290024
method1,4.0,215.5,436.5,4.0480614390972,1.22596595397061
method1,4.0,215.6,436.6,4.049879390555692,1.2313222066146137
method1,4.0,215.7,436.7,4.051697342014184,1.2366784592586173
method1,4.0,215.8,436.8,4.05350200080788,1.2420395820114485
method1,4.0,215.9,436.9,4.05529336693678,1.2474055748731043
method1,4.0,216.0,437.0,4.05708473306568,1.25277156773476
method1,4.0,216.1,437.1,4.058849461906448,1.2581471688499877
method1,4.0,216.2,437.2,4.0606141907472155,1.2635227699652154
method1,4.0,216.3,437.3,4.062365575292192,1.2689031090871326
method1,4.0,216.4,437.4,4.064103615541376,1.2742881862157363
method1,4.0,216.5,437.5,4.06584165579056,1.27967326334434
method1,4.0,216.6,437.6,4.067552956801268,1.2850676839732718
method1,4.0,216.7,437.7,4.069264257811976,1.2904621046022033
method1,4.0,216.8,437.8,4.070962164208998,1.2958611305899845
method1,4.0,216.9,437.9,4.072646675992334,1.3012647619366122
method1,4.0,217.0,438.0,4.07433118777567,1.30666839328324
method1,4.0,217.1,438.1,4.075988861002178,1.3120811022985917
method1,4.0,217.2,438.2,4.077646534228686,1.3174938113139434
method1,4.0,217.3,438.3,4.079290763842472,1.3229109925076525
method1,4.0,217.4,438.4,4.080921549843536,1.3283326458797162
method1,4.0,217.5,438.5,4.0825523358446,1.33375429925178
method1,4.0,217.6,438.6,4.08415618661384,1.3391847634087717
method1,4.0,217.7,438.7,4.085760037383079,1.3446152275657632
method1,4.0,217.8,438.8,4.087350396865038,1.3500500302010905
method1,4.0,217.9,438.9,4.088927265059714,1.3554891713147503
method1,4.0,218.0,439.0,4.09050413325439,1.36092831242841
method1,4.0,218.1,439.1,4.092053972196734,1.3663759964172977
method1,4.0,218.2,439.2,4.0936038111390785,1.3718236804061854
method1,4.0,218.3,439.3,4.095140112449545,1.3772755686670306
method1,4.0,218.4,439.4,4.096662876128132,1.3827316611998304
method1,4.0,218.5,439.5,4.09818563980672,1.38818775373263
method1,4.0,218.6,439.6,4.099681282877795,1.3936521202314616
method1,4.0,218.7,439.7,4.101176925948872,1.3991164867302932
method1,4.0,218.8,439.8,4.102658986378806,1.4045849228015785
method1,4.0,218.9,439.9,4.104127464167598,1.4100574284453142
method1,4.0,219.0,440.0,4.10559594195639,1.41552993408905
method1,4.0,219.1,440.1,4.10703721045841,1.4210104438166458
method1,4.0,219.2,440.2,4.108478478960429,1.4264909535442414
method1,4.0,219.3,440.3,4.1099061211526,1.4319753976649547
method1,4.0,219.4,440.4,4.11132013703492,1.4374637761787823
method1,4.0,219.5,440.5,4.11273415291724,1.44295215469261
method1,4.0,219.6,440.6,4.114120873519776,1.4484482664617897
method1,4.0,219.7,440.7,4.115507594122312,1.4539443782309693
method1,4.0,219.8,440.8,4.1168806460919445,1.4594442887474366
method1,4.0,219.9,440.9,4.118240029428672,1.4649479980111884
method1,4.0,220.0,441.0,4.1195994127654,1.47045170727494
method1,4.0,220.1,441.1,4.1209314175256315,1.4759628780459355
method1,4.0,220.2,441.2,4.122263422285863,1.4814740488169313
method1,4.0,220.3,441.3,4.123581717440758,1.4869888822362947
method1,4.0,220.4,441.4,4.124886302990314,1.4925073783040224
method1,4.0,220.5,441.5,4.12619088853987,1.49802587437175
method1,4.0,220.6,441.6,4.127468014922314,1.5035515593058737
method1,4.0,220.7,441.7,4.128745141304758,1.5090772442399973
method1,4.0,220.8,441.8,4.130008518464882,1.5146064552839287
method1,4.0,220.9,441.9,4.131258146402685,1.5201391924376644
method1,4.0,221.0,442.0,4.13250777434049,1.5256719295914
method1,4.0,221.1,442.1,4.13372986523619,1.5312115821048837
method1,4.0,221.2,442.2,4.13495195613189,1.5367512346183674
method1,4.0,221.3,442.3,4.136160259548427,1.5422942762769567
method1,4.0,221.4,442.4,4.137354775485798,1.5478407070806484
method1,4.0,221.5,442.5,4.13854929142317,1.55338713788434
method1,4.0,221.6,442.6,4.139716195168342,1.5589402097024037
method1,4.0,221.7,442.7,4.1408830989135135,1.5644932815204673
method1,4.0,221.8,442.8,4.142036178287384,1.5700496051063486
method1,4.0,221.9,442.9,4.143175433289952,1.5756091804600443
method1,4.0,222.0,443.0,4.14431468829252,1.58116875581374
method1,4.0,222.1,443.1,4.145426258686656,1.5867346970248477
method1,4.0,222.2,443.2,4.146537829080792,1.5923006382359552
method1,4.0,222.3,443.3,4.147635539580624,1.5978696934386085
method1,4.0,222.4,443.4,4.148719390186152,1.6034418626328044
method1,4.0,222.5,443.5,4.14980324079168,1.609014031827
method1,4.0,222.6,443.6,4.150859337115136,1.6145922909373078
method1,4.0,222.7,443.7,4.151915433438592,1.6201705500476156
method1,4.0,222.8,443.8,4.152957635718164,1.6257517849878607
method1,4.0,222.9,443.9,4.1539859439538525,1.6313359957580404
method1,4.0,223.0,444.0,4.15501425218954,1.63692020652822
method1,4.0,223.1,444.1,4.156014739220552,1.6425102305162236
method1,4.0,223.2,444.2,4.157015226251564,1.6481002545042274
method1,4.0,223.3,444.3,4.15800178646669,1.6536931157889185
method1,4.0,223.4,444.4,4.15897441986593,1.6592888143702944
method1,4.0,223.5,444.5,4.15994705326517,1.66488451295167
method1,4.0,223.6,444.6,4.160891801296338,1.6704857473230177
method1,4.0,223.7,444.7,4.161836549327506,1.6760869816943653
method1,4.0,223.8,444.8,4.162767339152384,1.6816909144712466
method1,4.0,223.9,444.9,4.163684170770972,1.6872975456536583
method1,4.0,224.0,445.0,4.16460100238956,1.69290417683607
method1,4.0,224.1,445.1,4.165489887243796,1.6985160656785696
method1,4.0,224.2,445.2,4.166378772098032,1.7041279545210692
method1,4.0,224.3,445.3,4.167253668741048,1.7097424025338246
method1,4.0,224.4,445.4,4.168114577172844,1.7153594097168323
method1,4.0,224.5,445.5,4.16897548560464,1.72097641689984
method1,4.0,224.6,445.6,4.1698083886505355,1.7265984029386277
method1,4.0,224.7,445.7,4.170641291696431,1.7322203889774153
method1,4.0,224.8,445.8,4.171460177915406,1.7378447946208826
method1,4.0,224.9,445.9,4.172265047307458,1.7434716198690263
method1,4.0,225.0,446.0,4.17306991669951,1.74909844511717
method1,4.0,225.1,446.1,4.173846724866194,1.7547299697700378
method1,4.0,225.2,446.2,4.174623533032878,1.7603614944229053
method1,4.0,225.3,446.3,4.175386297149764,1.7659952987984426
method1,4.0,225.4,446.4,4.176135017216851,1.7716313828966463
method1,4.0,225.5,446.5,4.17688373728394,1.77726746699485
method1,4.0,225.6,446.6,4.177604343075348,1.7829079704277497
method1,4.0,225.7,446.7,4.178324948866757,1.7885484738606494
method1,4.0,225.8,446.8,4.179031484781786,1.7941911168316786
method1,4.0,225.9,446.9,4.179723950820438,1.7998358993408343
method1,4.0,226.0,447.0,4.18041641685909,1.80548068184999
method1,4.0,226.1,447.1,4.1810807183677134,1.8111296030326816
method1,4.0,226.2,447.2,4.181745019876337,1.8167785242153733
method1,4.0,226.3,447.3,4.182395227081623,1.8224294444630664
method1,4.0,226.4,447.4,4.183031339983572,1.8280823637757582
method1,4.0,226.5,447.5,4.18366745288552,1.83373528308845
method1,4.0,226.6,447.6,4.1842753538055595,1.8393920598503055
method1,4.0,226.7,447.7,4.1848832547256,1.8450488366121613
method1,4.0,226.8,447.8,4.185477038318158,1.8507074716912786
method1,4.0,226.9,447.9,4.186056704583234,1.8563679650876543
method1,4.0,227.0,448.0,4.18663637084831,1.86202845848403
method1,4.0,227.1,448.1,4.18718778048831,1.8676925275699818
method1,4.0,227.2,448.2,4.18773919012831,1.8733565966559333
method1,4.0,227.3,448.3,4.188276460822548,1.8790223830508066
method1,4.0,227.4,448.4,4.188799592571024,1.8846898867545983
method1,4.0,227.5,448.5,4.1893227243195,1.89035739045839
method1,4.0,227.6,448.6,4.189817557614396,1.8960281875850016
method1,4.0,227.7,448.7,4.190312390909292,1.9016989847116132
method1,4.0,227.8,448.8,4.19079306504892,1.9073713578922527
method1,4.0,227.9,448.9,4.19125958003328,1.9130453071269162
method1,4.0,228.0,449.0,4.19172609501764,1.91871925636158
method1,4.0,228.1,449.1,4.192164272540276,1.9243962162732797
method1,4.0,228.2,449.2,4.192602450062912,1.9300731761849792
method1,4.0,228.3,449.3,4.193026449632312,1.9357515706633346
method1,4.0,228.4,449.4,4.193436271248476,1.9414313997083423
method1,4.0,228.5,449.5,4.19384609286464,1.94711122875335
method1,4.0,228.6,449.6,4.1942275408366845,1.9527937852787578
method1,4.0,228.7,449.7,4.194608988808728,1.9584763418041653
method1,4.0,228.8,449.8,4.194976241443742,1.9641601911904907
method1,4.0,228.9,449.9,4.1953292987417266,1.9698453334377304
method1,4.0,229.0,450.0,4.19568235603971,1.97553047568497
method1,4.0,229.1,450.1,4.196007006342034,1.9812180617933657
method1,4.0,229.2,450.2,4.196331656644358,1.9869056479017613
method1,4.0,229.3,450.3,4.196642095642518,1.9925943849611085
method1,4.0,229.4,450.4,4.196938323336514,1.9982842729714043
method1,4.0,229.5,450.5,4.19723455103051,2.0039741609817
method1,4.0,229.6,450.6,4.197502341213018,2.0096662088396156
method1,4.0,229.7,450.7,4.197770131395526,2.015358256697531
method1,4.0,229.8,450.8,4.198023695725736,2.021051313406369
method1,4.0,229.9,450.9,4.198263034203648,2.0267453789661243
method1,4.0,230.0,451.0,4.19850237268156,2.03243944452588
method1,4.0,230.1,451.1,4.198713245972396,2.0381353855537716
method1,4.0,230.2,451.2,4.198924119263232,2.0438313265816634
method1,4.0,230.3,451.3,4.199120753574852,2.0495281341845786
method1,4.0,230.4,451.4,4.199303148907256,2.0552258083625143
method1,4.0,230.5,451.5,4.19948554423966,2.06092348254045
method1,4.0,230.6,451.6,4.19963944955392,2.0666227474695136
method1,4.0,230.7,451.7,4.19979335486818,2.0723220123985775
method1,4.0,230.8,451.8,4.199933009499576,2.0780220014651105
method1,4.0,230.9,451.9,4.200058413448108,2.0837227146691104
method1,4.0,231.0,452.0,4.20018381739664,2.08942342787311
method1,4.0,231.1,452.1,4.200280709344456,2.0951254468021574
method1,4.0,231.2,452.2,4.200377601292272,2.1008274657312054
method1,4.0,231.3,452.3,4.200460232278767,2.1065300662127604
method1,4.0,231.4,452.4,4.200528602303944,2.1122332482468202
method1,4.0,231.5,452.5,4.20059697232912,2.11793643028088
method1,4.0,231.6,452.6,4.200636811223212,2.12364063273334
method1,4.0,231.7,452.7,4.2006766501173045,2.1293448351857993
method1,4.0,231.8,452.8,4.20070221919859,2.1350494764726546
method1,4.0,231.9,452.9,4.20071351846707,2.1407545565939023
method1,4.0,232.0,453.0,4.20072481773555,2.14645963671515
method1,4.0,232.1,453.1,4.2007075695981895,2.1521654516961375
method1,4.0,232.2,453.2,4.200690321460829,2.1578712666771254
method1,4.0,232.3,453.3,4.200658796087784,2.1635773776555305
method1,4.0,232.4,453.4,4.2006129934790515,2.16928378463135
method1,4.0,232.5,453.5,4.20056719087032,2.17499019160717
method1,4.0,232.6,453.6,4.200492827439728,2.1806970476606415
method1,4.0,232.7,453.7,4.200418464009136,2.186403903714113
method1,4.0,232.8,453.8,4.200329817350072,2.1921109128234666
method1,4.0,232.9,453.9,4.200226887462536,2.197818074988698
method1,4.0,233.0,454.0,4.200123957575,2.20352523715393
method1,4.0,233.1,454.1,4.199992456311168,2.2092325624199174
method1,4.0,233.2,454.2,4.199860955047336,2.2149398876859054
method1,4.0,233.3,454.3,4.1997151659936955,2.220647222976001
method1,4.0,233.4,454.4,4.199555089150248,2.2263545682902004
method1,4.0,233.5,454.5,4.1993950123068,2.2320619136044
method1,4.0,233.6,454.6,4.199206356396748,2.2377691358763196
method1,4.0,233.7,454.7,4.199017700486696,2.2434763581482393
method1,4.0,233.8,454.8,4.19881475365815,2.2491834473365926
method1,4.0,233.9,454.9,4.19859751591111,2.2548904034413764
method1,4.0,234.0,455.0,4.19838027816407,2.26059735954616
method1,4.0,234.1,455.1,4.1981344565265175,2.266303906328176
method1,4.0,234.2,455.2,4.197888634888966,2.2720104531101915
method1,4.0,234.3,455.3,4.19762852063795,2.2777167236394185
method1,4.0,234.4,455.4,4.19735411377347,2.283422717915854
method1,4.0,234.5,455.5,4.19707970690899,2.28912871219229
method1,4.0,234.6,455.6,4.1967767141984655,2.2948340107567375
method1,4.0,234.7,455.7,4.1964737214879415,2.300539309321185
method1,4.0,234.8,455.8,4.196156435903612,2.3062441884164424
method1,4.0,234.9,455.9,4.1958248574454755,2.3119486480425064
method1,4.0,235.0,456.0,4.19549327898734,2.31765310766857
method1,4.0,235.1,456.1,4.195133115597708,2.3233565851134417
method1,4.0,235.2,456.2,4.1947729522080754,2.3290600625583133
method1,4.0,235.3,456.3,4.194398497119698,2.3347629772847927
method1,4.0,235.4,456.4,4.194009750332574,2.3404653292928765
method1,4.0,235.5,456.5,4.19362100354545,2.34616768130096
method1,4.0,235.6,456.6,4.193203675612859,2.3518687646074357
method1,4.0,235.7,456.7,4.192786347680266,2.3575698479139113
method1,4.0,235.8,456.8,4.192354730660022,2.3632702252343787
method1,4.0,235.9,456.9,4.191908824552126,2.3689698965688346
method1,4.0,236.0,457.0,4.19146291844423,2.37466956790329
method1,4.0,236.1,457.1,4.1909884378494775,2.3803676839932977
method1,4.0,236.2,457.2,4.190513957254726,2.3860658000833053
method1,4.0,236.3,457.3,4.190025191619938,2.3917630669156766
method1,4.0,236.4,457.4,4.189522140945114,2.3974594844904082
method1,4.0,236.5,457.5,4.18901909027029,2.40315590206514
method1,4.0,236.6,457.6,4.188487474640634,2.4088504778589597
method1,4.0,236.7,457.7,4.187955859010978,2.414545053652779
method1,4.0,236.8,457.8,4.1874099638257665,2.4202386369277304
method1,4.0,236.9,457.9,4.186849789084998,2.4259312276838103
method1,4.0,237.0,458.0,4.18628961434423,2.43162381843989
method1,4.0,237.1,458.1,4.1857008870546055,2.4373142809138018
method1,4.0,237.2,458.2,4.185112159764982,2.4430047433877133
method1,4.0,237.3,458.3,4.184509159841338,2.4486940701063307
method1,4.0,237.4,458.4,4.183891887283673,2.45438226106965
method1,4.0,237.5,458.5,4.18327461472601,2.46007045203297
method1,4.0,237.6,458.6,4.182628804899666,2.4657562282768937
method1,4.0,237.7,458.7,4.181982995073322,2.4714420045208176
method1,4.0,237.8,458.8,4.181322920971603,2.477126501812253
method1,4.0,237.9,458.9,4.180648582594507,2.4828097201511965
method1,4.0,238.0,459.0,4.17997424421741,2.48849293849014
method1,4.0,238.1,459.1,4.179271386725983,2.4941734557653317
method1,4.0,238.2,459.2,4.178568529234554,2.4998539730405236
method1,4.0,238.3,459.3,4.177851417263405,2.505533068219677
method1,4.0,238.4,459.4,4.177120050812532,2.5112107413027887
method1,4.0,238.5,459.5,4.17638868436166,2.5168884143859
method1,4.0,238.6,459.6,4.175628819824636,2.5225631001826314
method1,4.0,238.7,459.7,4.174868955287612,2.528237785979363
method1,4.0,238.8,459.8,4.174094847503303,2.5339109066045786
method1,4.0,238.9,459.9,4.173306496471712,2.539582462058274
method1,4.0,239.0,460.0,4.17251814544012,2.54525401751197
method1,4.0,239.1,460.1,4.171701320223756,2.5509222996072256
method1,4.0,239.2,460.2,4.1708844950073924,2.556590581702481
method1,4.0,239.3,460.3,4.170053439212576,2.5622571556332425
method1,4.0,239.4,460.4,4.169208152839309,2.5679220213995064
method1,4.0,239.5,460.5,4.16836286646604,2.57358688716577
method1,4.0,239.6,460.6,4.1674891326816885,2.5792481936809457
method1,4.0,239.7,460.7,4.166615398897337,2.584909500196121
method1,4.0,239.8,460.8,4.165727448639234,2.5905689556507427
method1,4.0,239.9,460.9,4.164825281907382,2.5962265600448062
method1,4.0,240.0,461.0,4.16392311517553,2.60188416443887
method1,4.0,240.1,461.1,4.1629925306773785,2.60753792389747
method1,4.0,240.2,461.2,4.162061946179226,2.613191683356069
method1,4.0,240.3,461.3,4.161117160747222,2.6188434489693986
method1,4.0,240.4,461.4,4.160158174381366,2.6244932207374543
method1,4.0,240.5,461.5,4.15919918801551,2.63014299250551
method1,4.0,240.6,461.6,4.1582118163977455,2.6357886338908214
method1,4.0,240.7,461.7,4.157224444779982,2.6414342752761333
method1,4.0,240.8,461.8,4.156222889202645,2.6470777801572165
method1,4.0,240.9,461.9,4.155207149665738,2.6527191485340684
method1,4.0,241.0,462.0,4.15419141012883,2.65836051691092
method1,4.0,241.1,462.1,4.153147320722247,2.6639974697236837
method1,4.0,241.2,462.2,4.152103231315662,2.669634422536447
method1,4.0,241.3,462.3,4.1510449763572,2.6752690963262005
method1,4.0,241.4,462.4,4.14997255584686,2.6809014910929405
method1,4.0,241.5,462.5,4.14890013533652,2.68653388585968
method1,4.0,241.6,462.6,4.1477994032044965,2.6921615801757395
method1,4.0,241.7,462.7,4.146698671072472,2.6977892744917993
method1,4.0,241.8,462.8,4.145583793228576,2.7034145474206386
method1,4.0,241.9,462.9,4.144454769672808,2.7090373989622543
method1,4.0,242.0,463.0,4.14332574611704,2.71466025050387
method1,4.0,242.1,463.1,4.142168452050988,2.7202781170317736
method1,4.0,242.2,463.2,4.141011157984936,2.725895983559677
method1,4.0,242.3,463.3,4.1398397394780755,2.7315112865051288
method1,4.0,242.4,463.4,4.138654196530408,2.737124025868124
method1,4.0,242.5,463.5,4.13746865358274,2.74273676523112
method1,4.0,242.6,463.6,4.136254884096952,2.7483442353697076
method1,4.0,242.7,463.7,4.135041114611164,2.7539517055082956
method1,4.0,242.8,463.8,4.133813243385291,2.7595564700525665
method1,4.0,242.9,463.9,4.132571270419336,2.7651585290025182
method1,4.0,243.0,464.0,4.13132929745338,2.77076058795247
method1,4.0,243.1,464.1,4.130059144779284,2.7763570938484214
method1,4.0,243.2,464.2,4.128788992105188,2.7819535997443734
method1,4.0,243.3,464.3,4.12750476181986,2.7875472582318808
method1,4.0,243.4,464.4,4.1262064539233,2.7931380693109404
method1,4.0,243.5,464.5,4.12490814602674,2.79872888039
method1,4.0,243.6,464.6,4.123581708106608,2.8043138549953235
method1,4.0,243.7,464.7,4.122255270186477,2.8098988296006473
method1,4.0,243.8,464.8,4.1209147802103985,2.8154808151955044
method1,4.0,243.9,464.9,4.119560238178374,2.821059811779892
method1,4.0,244.0,465.0,4.11820569614635,2.82663880836428
method1,4.0,244.1,465.1,4.116823076626406,2.8322116854937596
method1,4.0,244.2,465.2,4.1154404571064624,2.8377845626232396
method1,4.0,244.3,465.3,4.114043812510462,2.843354309366689
method1,4.0,244.4,465.4,4.112633142838407,2.848920925724104
method1,4.0,244.5,465.5,4.11122247316635,2.85448754208152
method1,4.0,244.6,465.6,4.109783781389306,2.8600477564700997
method1,4.0,244.7,465.7,4.108345089612262,2.865607970858679
method1,4.0,244.8,465.8,4.106892401161682,2.8711649137264525
method1,4.0,244.9,465.9,4.1054257160375665,2.8767185850734163
method1,4.0,245.0,466.0,4.10395903091345,2.88227225642038
method1,4.0,245.1,466.1,4.10246438191045,2.8878192437804957
method1,4.0,245.2,466.2,4.10096973290745,2.8933662311406114
method1,4.0,245.3,466.3,4.099461117053952,2.8989098061002547
method1,4.0,245.4,466.4,4.097938534349956,2.904449968659422
method1,4.0,245.5,466.5,4.09641595164596,2.90999013121859
method1,4.0,245.6,466.6,4.094865466127984,2.9155233282974096
method1,4.0,245.7,466.7,4.093314980610008,2.9210565253762293
method1,4.0,245.8,466.8,4.091750559482818,2.9265861694443225
method1,4.0,245.9,466.9,4.090172202746413,2.9321122605016865
method1,4.0,246.0,467.0,4.08859384601001,2.93763835155905
method1,4.0,246.1,467.1,4.086987650358663,2.9431571961956777
method1,4.0,246.2,467.2,4.085381454707314,2.9486760408323054
method1,4.0,246.3,467.3,4.083761356103878,2.954191192131635
method1,4.0,246.4,467.4,4.082127354548354,2.9597026500936625
method1,4.0,246.5,467.5,4.08049335299283,2.96521410805569
method1,4.0,246.6,467.6,4.07883157925057,2.9707180392382417
method1,4.0,246.7,467.7,4.07716980550831,2.9762219704207933
method1,4.0,246.8,467.8,4.075494162884382,2.9817220682374304
method1,4.0,246.9,467.9,4.073804651378786,2.9872183326881503
method1,4.0,247.0,468.0,4.07211513987319,2.99271459713887
method1,4.0,247.1,468.1,4.070397925732986,2.9982030550614973
method1,4.0,247.2,468.2,4.068680711592782,3.0036915129841253
method1,4.0,247.3,468.3,4.06694966405193,3.0091759978244066
method1,4.0,247.4,468.4,4.065204783110429,3.0146565095823386
method1,4.0,247.5,468.5,4.06345990216893,3.02013702134027
method1,4.0,247.6,468.6,4.061687390963346,3.0256094474600936
method1,4.0,247.7,468.7,4.059914879757762,3.0310818735799177
method1,4.0,247.8,468.8,4.058128572040306,3.036550187227357
method1,4.0,247.9,468.9,4.056328467810977,3.0420143884024085
method1,4.0,248.0,469.0,4.05452836358165,3.04747858957746
method1,4.0,248.1,469.1,4.052700704271338,3.052934426671376
method1,4.0,248.2,469.2,4.050873044961026,3.0583902637652916
method1,4.0,248.3,469.3,4.0490316274324005,3.063841849337373
method1,4.0,248.4,469.4,4.04717645168546,3.069289183387616
method1,4.0,248.5,469.5,4.04532127593852,3.07473651743786
method1,4.0,248.6,469.6,4.04343862310016,3.080175209659264
method1,4.0,248.7,469.7,4.0415559702618005,3.0856139018806674
method1,4.0,248.8,469.8,4.039659598900342,3.0910482038855287
method1,4.0,248.9,469.9,4.037749509015786,3.096478115673844
method1,4.0,249.0,470.0,4.03583941913123,3.10190802746216
method1,4.0,249.1,470.1,4.033901932944894,3.1073290203975716
method1,4.0,249.2,470.2,4.0319644467585585,3.1127500133329833
method1,4.0,249.3,470.3,4.0300132831427256,3.1181664777260165
method1,4.0,249.4,470.4,4.028048442097398,3.123578413576668
method1,4.0,249.5,470.5,4.02608360105207,3.12899034942732
method1,4.0,249.6,470.6,4.024091447288014,3.1343930901528596
method1,4.0,249.7,470.7,4.022099293523959,3.1397958308783993
method1,4.0,249.8,470.8,4.020093504818984,3.145193905118705
method1,4.0,249.9,470.9,4.018074081173092,3.1505873128737725
method1,4.0,250.0,471.0,4.0160546575272,3.15598072062884
method1,4.0,250.1,471.1,4.014008007532072,3.1613646577666157
method1,4.0,250.2,471.2,4.011961357536944,3.166748594904391
method1,4.0,250.3,471.3,4.009901116480906,3.1721277280111226
method1,4.0,250.4,471.4,4.007827284363958,3.177502057086806
method1,4.0,250.5,471.5,4.00575345224701,3.18287638616249
method1,4.0,250.6,471.6,4.003652482929518,3.1882409699368415
method1,4.0,250.7,471.7,4.001551513612026,3.193605553711193
method1,4.0,250.8,471.8,3.9994369985013636,3.1989651963197745
method1,4.0,250.9,471.9,3.9973089375975315,3.204319897762582
method1,4.0,251.0,472.0,3.9951808766937,3.20967459920539
method1,4.0,251.1,472.1,3.99302577050968,3.2150192814990057
method1,4.0,251.2,472.2,3.9908706643256604,3.2203639637926216
method1,4.0,251.3,472.3,3.988702059000112,3.225703568210829
method1,4.0,251.4,472.4,3.9865199545330356,3.2310380947536244
method1,4.0,251.5,472.5,3.98433785006596,3.23637262129642
method1,4.0,251.6,472.6,3.982128795002912,3.2416968557063117
method1,4.0,251.7,472.7,3.9799197399398643,3.2470210901162035
method1,4.0,251.8,472.8,3.9776972337668495,3.252340110380105
method1,4.0,251.9,472.9,3.9754612764838697,3.2576539164980125
method1,4.0,252.0,473.0,3.97322531920089,3.26296772261592
method1,4.0,252.1,473.1,3.970962508761918,3.268270964509264
method1,4.0,252.2,473.2,3.9686996983229466,3.2735742064026074
method1,4.0,252.3,473.3,3.966423486181376,3.2788720983323625
method1,4.0,252.4,473.4,3.964133872337208,3.2841646402985263
method1,4.0,252.5,473.5,3.96184425849304,3.28945718226469
method1,4.0,252.6,473.6,3.959527891680252,3.2947388888345017
method1,4.0,252.7,473.7,3.957211524867464,3.3000205954043134
method1,4.0,252.8,473.8,3.9548818071309917,3.3052968166598187
method1,4.0,252.9,473.9,3.952538738470836,3.310567552601014
method1,4.0,253.0,474.0,3.95019566981068,3.31583828854221
method1,4.0,253.1,474.1,3.9478259511080043,3.3210979188628817
method1,4.0,253.2,474.2,3.9454562324053284,3.326357549183553
method1,4.0,253.3,474.3,3.9430732149250356,3.3316115593199265
method1,4.0,253.4,474.4,3.940676898667128,3.336859949271998
method1,4.0,253.5,474.5,3.93828058240922,3.34210833922407
method1,4.0,253.6,474.6,3.9358577217646764,3.3473453543067335
method1,4.0,253.7,474.7,3.933434861120132,3.3525823693893977
method1,4.0,253.8,474.8,3.93099875520665,3.3578136299123127
method1,4.0,253.9,474.9,3.92854940402423,3.3630391358754763
method1,4.0,254.0,475.0,3.92610005284181,3.36826464183864
method1,4.0,254.1,475.1,3.9236242656492344,3.373478504686368
method1,4.0,254.2,475.2,3.9211484784566584,3.378692367534095
method1,4.0,254.3,475.3,3.918659500861752,3.3839003419549347
method1,4.0,254.4,475.4,3.916157332864516,3.3891024279488824
method1,4.0,254.5,475.5,3.91365516486728,3.39430451394283
method1,4.0,254.6,475.6,3.9111266719474402,3.3994946896056657
method1,4.0,254.7,475.7,3.9085981790276003,3.4046848652685013
method1,4.0,254.8,475.8,3.9060565519251558,3.4098690191593426
method1,4.0,254.9,475.9,3.903501790640108,3.4150471512781864
method1,4.0,255.0,476.0,3.90094702935506,3.42022528339703
method1,4.0,255.1,476.1,3.8983660569362844,3.4253912390268417
method1,4.0,255.2,476.2,3.895785084517508,3.4305571946566533
method1,4.0,255.3,476.3,3.893191035484014,3.4357169957050746
method1,4.0,255.4,476.4,3.8905839098358017,3.440870642172102
method1,4.0,255.5,476.5,3.88797678418759,3.44602428863913
method1,4.0,255.6,476.6,3.8853435638857783,3.451165493544282
method1,4.0,255.7,476.7,3.8827103435839665,3.4563066984494335
method1,4.0,255.8,476.8,3.88006410557839,3.4614416165131408
method1,4.0,255.9,476.9,3.87740484986905,3.4665702477354
method1,4.0,256.0,477.0,3.87474559415971,3.47169887895766
method1,4.0,256.1,477.1,3.8720603629578374,3.476814804657473
method1,4.0,256.2,477.2,3.8693751317559664,3.4819307303572833
method1,4.0,256.3,477.3,3.866676943099118,3.4870402375185265
method1,4.0,256.4,477.4,3.8639657969872947,3.4921433261411967
method1,4.0,256.5,477.5,3.86125465087547,3.49724641476387
method1,4.0,256.6,477.6,3.8585176511025177,3.502336535042931
method1,4.0,256.7,477.7,3.8557806513295665,3.5074266553219893
method1,4.0,256.8,477.8,3.8530307556828935,3.5125102259418126
method1,4.0,256.9,477.9,3.8502679641625024,3.5175872469023948
method1,4.0,257.0,478.0,3.84750517264211,3.52266426786298
method1,4.0,257.1,478.1,3.8447166519514533,3.5277280588252053
method1,4.0,257.2,478.2,3.8419281312607985,3.5327918497874276
method1,4.0,257.3,478.3,3.8391267776046356,3.5378489605596926
method1,4.0,257.4,478.4,3.8363125909829687,3.542899391141995
method1,4.0,257.5,478.5,3.8334984043613,3.5479498217243
method1,4.0,257.6,478.6,3.8306586157085394,3.5529867618468214
method1,4.0,257.7,478.7,3.8278188270557805,3.5580237019693395
method1,4.0,257.8,478.8,3.824966269667046,3.5630538319745524
method1,4.0,257.9,478.9,3.8221009435423388,3.5680771518624548
method1,4.0,258.0,479.0,3.81923561741763,3.57310047175036
method1,4.0,258.1,479.1,3.8163448190379015,3.578110041937193
method1,4.0,258.2,479.2,3.8134540206581744,3.5831196121240234
method1,4.0,258.3,479.3,3.810550519087542,3.5881222428829487
method1,4.0,258.4,479.4,3.8076343143260067,3.593117934213963
method1,4.0,258.5,479.5,3.80471810956447,3.59811362554498
method1,4.0,258.6,479.6,3.8017765649491735,3.603095309180477
method1,4.0,258.7,479.7,3.7988350203338785,3.6080769928159713
method1,4.0,258.8,479.8,3.795880839382376,3.6130516083430284
method1,4.0,258.9,479.9,3.792914022094669,3.6180191557616426
method1,4.0,259.0,480.0,3.78994720480696,3.62298670318026
method1,4.0,259.1,480.1,3.7869551826799914,3.627939986182321
method1,4.0,259.2,480.2,3.783963160553024,3.6328932691843794
method1,4.0,259.3,480.3,3.7809585702481217,3.6378393560408067
method1,4.0,259.4,480.4,3.7779414117652865,3.642778246751597
method1,4.0,259.5,480.5,3.77492425328245,3.64771713746239
method1,4.0,259.6,480.6,3.7718820275758573,3.652641508335483
method1,4.0,259.7,480.7,3.7688398018692664,3.6575658792085735
method1,4.0,259.8,480.8,3.7657850774404076,3.6624829265553784
method1,4.0,259.9,480.9,3.762717854289285,3.6673926503758927
method1,4.0,260.0,481.0,3.75965063113816,3.67230237419641
method1,4.0,260.1,481.1,3.7565584809672834,3.677197324084323
method1,4.0,260.2,481.2,3.7534663307964085,3.6820922739722333
method1,4.0,260.3,481.3,3.7503617526500097,3.6869797736228924
method1,4.0,260.4,481.4,3.7472447465280907,3.691859823036295
method1,4.0,260.5,481.5,3.74412774040617,3.6967398724497
method1,4.0,260.6,481.6,3.7409859500442333,3.701604895188077
method1,4.0,260.7,481.7,3.7378441596822984,3.7064699179264515
method1,4.0,260.8,481.8,3.7346900133762118,3.7113273643993825
method1,4.0,260.9,481.9,3.731523511125977,3.716177234606865
method1,4.0,261.0,482.0,3.72835700887574,3.72102710481435
method1,4.0,261.1,482.1,3.7251658677279353,3.725861696982967
method1,4.0,261.2,482.2,3.7219747265801324,3.7306962891515814
method1,4.0,261.3,482.3,3.7187713027975895,3.7355231797223585
method1,4.0,261.4,482.4,3.7155555963803106,3.7403423686952926
method1,4.0,261.5,482.5,3.71233988996303,3.74516155766823
method1,4.0,261.6,482.6,3.7090996925400375,3.7499652186430388
method1,4.0,261.7,482.7,3.7058594951170463,3.7547688796178456
method1,4.0,261.8,482.8,3.7026070896400576,3.7595647143711766
method1,4.0,261.9,482.9,3.699342476109075,3.764352722903027
method1,4.0,262.0,483.0,3.69607786257809,3.76914073143488
method1,4.0,262.1,483.1,3.6927889084690815,3.773912963439773
method1,4.0,262.2,483.2,3.6894999543600746,3.7786851954446634
method1,4.0,262.3,483.3,3.6861988680422977,3.7834494773260987
method1,4.0,262.4,483.4,3.6828856495157547,3.788205809084073
method1,4.0,262.5,483.5,3.67957243098921,3.79296214084205
method1,4.0,262.6,483.6,3.6762350248343654,3.7977024490003912
method1,4.0,262.7,483.7,3.6728976186795226,3.8024427571587296
method1,4.0,262.8,483.8,3.6695481574186357,3.8071749920261166
method1,4.0,262.9,483.9,3.6661866410517088,3.811899153602547
method1,4.0,263.0,484.0,3.66282512468478,3.81662331517898
method1,4.0,263.1,484.1,3.659439576147207,3.821331207564853
method1,4.0,263.2,484.2,3.656054027609636,3.8260390999507234
method1,4.0,263.3,484.3,3.6526565023191533,3.8307387966253947
method1,4.0,263.4,484.4,3.6492470002757624,3.835430297588861
method1,4.0,263.5,484.5,3.64583749823237,3.84012179855233
method1,4.0,263.6,484.6,3.642404121969573,3.844796786241519
method1,4.0,263.7,484.7,3.638970745706778,3.8494717739307056
method1,4.0,263.8,484.8,3.635525472287364,3.8541384442483864
method1,4.0,263.9,484.9,3.632068301711333,3.858796797194557
method1,4.0,264.0,485.0,3.6286111311353,3.86345515014073
method1,4.0,264.1,485.1,3.6251302467701034,3.8680967472614274
method1,4.0,264.2,485.2,3.6216493624049084,3.8727383443821215
method1,4.0,264.3,485.3,3.6181566617151795,3.8773715032435687
method1,4.0,264.4,485.4,3.6146521447009206,3.881996223845763
method1,4.0,264.5,485.5,3.61114762768666,3.88662094444796
method1,4.0,264.6,485.6,3.607619559777595,3.891228668231193
method1,4.0,264.7,485.7,3.6040914918685325,3.895836392014423
method1,4.0,264.8,485.8,3.6005516896953296,3.9004355574357823
method1,4.0,264.9,485.9,3.5970001532579907,3.905026164495265
method1,4.0,265.0,486.0,3.59344861682065,3.90961677155475
method1,4.0,265.1,486.1,3.5898736948318852,3.9141901423845114
method1,4.0,265.2,486.2,3.5862987728431226,3.9187635132142695
method1,4.0,265.3,486.3,3.582712199871288,3.923328206377133
method1,4.0,265.4,486.4,3.579113975916385,3.927884221873095
method1,4.0,265.5,486.5,3.57551575196148,3.93244023736906
method1,4.0,265.6,486.6,3.571894310232183,3.9369787788321613
method1,4.0,265.7,486.7,3.568272868502888,3.9415173202952594
method1,4.0,265.8,486.8,3.5646398602845255,3.9460470655964404
method1,4.0,265.9,486.9,3.5609952855770985,3.950568014735699
method1,4.0,266.0,487.0,3.55735071086967,3.95508896387496
method1,4.0,266.1,487.1,3.553683088582897,3.959592202810577
method1,4.0,266.2,487.2,3.5500154662961263,3.9640954417461916
method1,4.0,266.3,487.3,3.5463363632193494,3.9685897668472006
method1,4.0,266.4,487.4,3.5426457793525707,3.973075178113599
method1,4.0,266.5,487.5,3.53895519548579,3.97756058938
method1,4.0,266.6,487.6,3.535241736636861,3.9820280559289207
method1,4.0,266.7,487.7,3.5315282777879347,3.9864955224778393
method1,4.0,266.8,487.8,3.5278034250451236,3.9909539583540563
method1,4.0,266.9,487.9,3.524067178408433,3.9954033635575668
method1,4.0,267.0,488.0,3.52033093177174,3.99985276876108
method1,4.0,267.1,488.1,3.5165719851361272,4.004283996414645
method1,4.0,267.2,488.2,3.5128130385005165,4.008715224068207
method1,4.0,267.3,488.3,3.509042786056076,4.013137305057734
method1,4.0,267.4,488.4,3.505261227802809,4.017550239383221
method1,4.0,267.5,488.5,3.50147966954954,4.02196317370871
method1,4.0,267.6,488.6,3.497675588650231,4.026357699357435
method1,4.0,267.7,488.7,3.4938715077509244,4.030752225006157
method1,4.0,267.8,488.8,3.4900562103085315,4.035137488858377
method1,4.0,267.9,488.9,3.486229696323057,4.0395134909140875
method1,4.0,268.0,489.0,3.48240318233758,4.0438894929698
method1,4.0,268.1,489.1,3.478554325411971,4.048246856951689
method1,4.0,268.2,489.2,3.4747054684863645,4.052604220933576
method1,4.0,268.3,489.3,3.4708454854557336,4.056952208857367
method1,4.0,268.4,489.4,3.4669743763200827,4.061290820723057
method1,4.0,268.5,489.5,3.46310326718443,4.06562943258875
method1,4.0,268.6,489.6,3.459209997150721,4.0699491787372875
method1,4.0,268.7,489.7,3.4553167271170144,4.074268924885821
method1,4.0,268.8,489.8,3.4514124225801655,4.078579181597484
method1,4.0,268.9,489.9,3.447497083540179,4.082879948872271
method1,4.0,269.0,490.0,3.44358174450019,4.08718071614706
method1,4.0,269.1,490.1,3.4396444289232893,4.091462391838853
method1,4.0,269.2,490.2,3.435707113346391,4.095744067530643
method1,4.0,269.3,490.3,3.4317588560234378,4.100016141301456
method1,4.0,269.4,490.4,3.4277996569544347,4.104278613151287
method1,4.0,269.5,490.5,3.42384045788543,4.10854108500112
method1,4.0,269.6,490.6,3.419859468942369,4.112784241203249
method1,4.0,269.7,490.7,3.4158784799993107,4.1170273974053755
method1,4.0,269.8,490.8,3.411886643213758,4.121260840108855
method1,4.0,269.9,490.9,3.407883958585715,4.125484569313682
method1,4.0,270.0,491.0,3.40388127395767,4.12970829851851
method1,4.0,270.1,491.1,3.399856988402541,4.133912489835499
method1,4.0,270.2,491.2,3.3958327028474145,4.138116681152486
method1,4.0,270.3,491.3,3.3917976644909733,4.142311048311274
method1,4.0,270.4,491.4,3.387751873333223,4.1464955913118615
method1,4.0,270.5,491.5,3.38370608217547,4.15068013431245
method1,4.0,270.6,491.6,3.3796388813038933,4.154844919032931
method1,4.0,270.7,491.7,3.375571680432319,4.1590097037534095
method1,4.0,270.8,491.8,3.3714938229292497,4.163164554585855
method1,4.0,270.9,491.9,3.367405308794691,4.167309471530261
method1,4.0,271.0,492.0,3.36331679466013,4.17145438847467
method1,4.0,271.1,492.1,3.359207064273221,4.175579328617667
method1,4.0,271.2,492.2,3.3550973338863144,4.179704268760662
method1,4.0,271.3,492.3,3.3509770441572897,4.183819166227015
method1,4.0,271.4,492.4,3.346846195086151,4.1879240210167215
method1,4.0,271.5,492.5,3.34271534601501,4.19202887580643
method1,4.0,271.6,492.6,3.338563476382917,4.19611353716731
method1,4.0,271.7,492.7,3.3344116067508263,4.200198198528189
method1,4.0,271.8,492.8,3.3302492761763274,4.2042727093764665
method1,4.0,271.9,492.9,3.326076484659425,4.208337069712137
method1,4.0,272.0,493.0,3.32190369314252,4.21240143004781
method1,4.0,272.1,493.1,3.317710078967443,4.216445382243891
method1,4.0,272.2,493.2,3.3135164647923685,4.22048933443997
method1,4.0,272.3,493.3,3.3093124891756096,4.224523029251463
method1,4.0,272.4,493.4,3.305098152117171,4.228546466678365
method1,4.0,272.5,493.5,3.30088381505873,4.23256990410527
method1,4.0,272.6,493.6,3.296648855437517,4.23657272062103
method1,4.0,272.7,493.7,3.2924138958163067,4.240575537136789
method1,4.0,272.8,493.8,3.2881686753457036,4.244567990371194
method1,4.0,272.9,493.9,3.283913194025713,4.24855008032424
method1,4.0,273.0,494.0,3.27965771270572,4.25253217027729
method1,4.0,273.1,494.1,3.2753818110919672,4.256493428509247
method1,4.0,273.2,494.2,3.2711059094782167,4.260454686741202
method1,4.0,273.3,494.3,3.266819848689382,4.264405476781397
method1,4.0,273.4,494.4,3.262523628725467,4.268345798629827
method1,4.0,273.5,494.5,3.25822740876155,4.27228612047826
method1,4.0,273.6,494.6,3.2539109729272693,4.276205401779444
method1,4.0,273.7,494.7,3.2495945370929906,4.280124683080627
method1,4.0,273.8,494.8,3.2452680448302815,4.284033392277061
method1,4.0,273.9,494.9,3.240931496139147,4.2879315293687394
method1,4.0,274.0,495.0,3.23659494744801,4.29182966646042
method1,4.0,274.1,495.1,3.232238389444833,4.295706556184521
method1,4.0,274.2,495.2,3.2278818314416586,4.2995834459086195
method1,4.0,274.3,495.3,3.2235153208192675,4.3034496606233485
method1,4.0,274.4,495.4,3.219138857577665,4.307305200328703
method1,4.0,274.5,495.5,3.21476239433606,4.31116074003406
method1,4.0,274.6,495.6,3.210366130455995,4.314994827579133
method1,4.0,274.7,495.7,3.2059698665759324,4.318828915124204
method1,4.0,274.8,495.8,3.201563754938533,4.322652225774522
method1,4.0,274.9,495.9,3.197147795543803,4.326464759530085
method1,4.0,275.0,496.0,3.19273183614907,4.33027729328565
method1,4.0,275.1,496.1,3.188296286884801,4.334068172137479
method1,4.0,275.2,496.2,3.1838607376205346,4.337859050989305
method1,4.0,275.3,496.3,3.17941544650347,4.341639052090998
method1,4.0,275.4,496.4,3.1749604135336114,4.345408175442553
method1,4.0,275.5,496.5,3.17050538056375,4.34917729879411
method1,4.0,275.6,496.6,3.1660309705685172,4.352924566569183
method1,4.0,275.7,496.7,3.1615565605732865,4.356671834344254
method1,4.0,275.8,496.8,3.157072515662333,4.36040812455447
method1,4.0,275.9,496.9,3.152578835835663,4.364133437199829
method1,4.0,276.0,497.0,3.14808515600899,4.36785874984519
method1,4.0,276.1,497.1,3.143572314055989,4.371562008333239
method1,4.0,276.2,497.2,3.1390594721029905,4.375265266821286
method1,4.0,276.3,497.3,3.1345371031936695,4.378957448980998
method1,4.0,276.4,497.4,3.1300052073280313,4.382638554812373
method1,4.0,276.5,497.5,3.12547331146239,4.38631966064375
method1,4.0,276.6,497.6,3.120922470403781,4.389978515849947
method1,4.0,276.7,497.7,3.1163716293451746,4.393637371056141
method1,4.0,276.8,497.8,3.1118113703016235,4.39728505223222
method1,4.0,276.9,497.9,3.107241693273133,4.400921559378179
method1,4.0,277.0,498.0,3.10267201624464,4.40455806652414
method1,4.0,277.1,498.1,3.098083612970111,4.408172128710845
method1,4.0,277.2,498.2,3.093495209695585,4.411786190897548
method1,4.0,277.3,498.3,3.0888974984090294,4.41538898242442
method1,4.0,277.4,498.4,3.084290479110451,4.418980503291459
method1,4.0,277.5,498.5,3.07968345981187,4.4225720241585
method1,4.0,277.6,498.6,3.075057935206737,4.426140907886633
method1,4.0,277.7,498.7,3.0704324106016068,4.429709791614764
method1,4.0,277.8,498.8,3.0657976889483654,4.433267309135679
method1,4.0,277.9,498.9,3.061153770247019,4.436813460449374
method1,4.0,278.0,499.0,3.05650985154567,4.44035961176307
method1,4.0,278.1,499.1,3.051847650448617,4.443882935933047
method1,4.0,278.2,499.2,3.047185449351567,4.447406260103022
method1,4.0,278.3,499.3,3.042514163150664,4.450918123610882
method1,4.0,278.4,499.4,3.0378337918459133,4.454418526456625
method1,4.0,278.5,499.5,3.03315342054116,4.45791892930237
method1,4.0,278.6,499.6,3.028454991701511,4.461396317194643
method1,4.0,278.7,499.7,3.023756562861865,4.464873705086913
method1,4.0,278.8,499.8,3.0190491618322097,4.468339538964714
method1,4.0,278.9,499.9,3.0143327886125513,4.471793818828042
method1,4.0,279.0,500.0,3.00961641539289,4.47524809869137
method1,4.0,279.1,500.1,3.004882211427477,4.478679178006531
method1,4.0,279.2,500.2,3.000148007462067,4.48211025732169
method1,4.0,279.3,500.3,2.9954049451792213,4.485529690382514
method1,4.0,279.4,500.4,2.990653024578947,4.488937477189001
method1,4.0,279.5,500.5,2.98590110397867,4.49234526399549
method1,4.0,279.6,500.6,2.9811315813283046,4.495729666893962
method1,4.0,279.7,500.7,2.9763620586779425,4.499114069792434
method1,4.0,279.8,500.8,2.9715837925304855,4.502486735319034
method1,4.0,279.9,500.9,2.966796782885939,4.505847663473761
method1,4.0,280.0,501.0,2.96200977324139,4.50920859162849
method1,4.0,280.1,501.1,2.9572053921269132,4.512545954769783
method1,4.0,280.2,501.2,2.9524010110124386,4.515883317911073
method1,4.0,280.3,501.3,2.9475880021579135,4.519208853695024
method1,4.0,280.4,501.4,2.9427663655633434,4.522522562121631
method1,4.0,280.5,501.5,2.93794472896877,4.52583627054824
method1,4.0,280.6,501.6,2.933105953346705,4.529126235129769
method1,4.0,280.7,501.7,2.9282671777246425,4.532416199711296
method1,4.0,280.8,501.8,2.9234198910451115,4.535694248091702
method1,4.0,280.9,501.9,2.918564093308117,4.538960380270986
method1,4.0,281.0,502.0,2.91370829557112,4.54222651245027
method1,4.0,281.1,502.1,2.908835593088915,4.5454687242457545
method1,4.0,281.2,502.2,2.9039628906067128,4.548710936041238
method1,4.0,281.3,502.3,2.8990817946639096,4.55194114394302
method1,4.0,281.4,502.4,2.8941923052605114,4.5551593479511
method1,4.0,281.5,502.5,2.88930281585711,4.55837755195918
method1,4.0,281.6,502.6,2.884396657808005,4.561571661356573
method1,4.0,281.7,502.7,2.879490499758903,4.564765770753963
method1,4.0,281.8,502.8,2.8745760667489915,4.567947789725682
method1,4.0,281.9,502.9,2.8696533587782773,4.571117718271725
method1,4.0,282.0,503.0,2.86473065080756,4.57428764681777
method1,4.0,282.1,503.1,2.8597915120850588,4.5774333088567705
method1,4.0,282.2,503.2,2.8548523733625606,4.580578970895769
method1,4.0,282.3,503.3,2.8499050790705116,4.5837124571470245
method1,4.0,282.4,503.4,2.844949629208917,4.586833767610531
method1,4.0,282.5,503.5,2.83999417934732,4.58995507807404
method1,4.0,282.6,503.6,2.835022538399267,4.593051952483141
method1,4.0,282.7,503.7,2.8300508974512164,4.5961488268922395
method1,4.0,282.8,503.8,2.8250712212047855,4.599233441330594
method1,4.0,282.9,503.9,2.820083509659979,4.602305795798202
method1,4.0,283.0,504.0,2.81509579811517,4.60537815026581
method1,4.0,283.1,504.1,2.8100921368974485,4.608425901498899
method1,4.0,283.2,504.2,2.8050884756797303,4.611473652731986
method1,4.0,283.3,504.3,2.800076900303077,4.614509060999467
method1,4.0,283.4,504.4,2.795057410767495,4.617532126301337
method1,4.0,283.5,504.5,2.79003792123191,4.62055519160321
method1,4.0,283.6,504.6,2.785002725161781,4.623553488875703
method1,4.0,283.7,504.7,2.7799675290916546,4.626551786148194
method1,4.0,283.8,504.8,2.774924540858567,4.629537658657302
method1,4.0,283.9,504.9,2.769873760462525,4.632511106403025
method1,4.0,284.0,505.0,2.76482298006648,4.63548455414875
method1,4.0,284.1,505.1,2.759756737975515,4.638433071473274
method1,4.0,284.2,505.2,2.7546904958845526,4.641381588797798
method1,4.0,284.3,505.3,2.749616584471309,4.644317600767082
method1,4.0,284.4,505.4,2.744535003735791,4.6472411073811255
method1,4.0,284.5,505.5,2.73945342300027,4.65016461399517
method1,4.0,284.6,505.6,2.734356627086957,4.653063030216774
method1,4.0,284.7,505.7,2.7292598311736467,4.655961446438377
method1,4.0,284.8,505.8,2.7241554896115114,4.658847277927526
method1,4.0,284.9,505.9,2.719043602400557,4.661720524684218
method1,4.0,285.0,506.0,2.7139317151896,4.66459377144091
method1,4.0,285.1,506.1,2.7088048609715507,4.6674417702718225
method1,4.0,285.2,506.2,2.7036780067535044,4.670289769102734
method1,4.0,285.3,506.3,2.6985437313808616,4.673125105047203
method1,4.0,285.4,506.4,2.6934020348536274,4.675947778105225
method1,4.0,285.5,506.5,2.68826033832639,4.67877045116325
method1,4.0,285.6,506.6,2.683103924592217,4.681567721217139
method1,4.0,285.7,506.7,2.6779475108580466,4.684364991271026
method1,4.0,285.8,506.8,2.672783801272171,4.6871495215162
method1,4.0,285.9,506.9,2.667612795834597,4.689921311952659
method1,4.0,286.0,507.0,2.66244179039702,4.69269310238912
method1,4.0,286.1,507.1,2.657256319157835,4.695439337214893
method1,4.0,286.2,507.2,2.6520708479186528,4.698185572040663
method1,4.0,286.3,507.3,2.6468782069271413,4.700918991375523
method1,4.0,286.4,507.4,2.6416783961833072,4.703639595219466
method1,4.0,286.5,507.5,2.63647858543947,4.70636019906341
method1,4.0,286.6,507.6,2.631264561880057,4.709055097178538
method1,4.0,286.7,507.7,2.626050538320647,4.7117499952936654
method1,4.0,286.8,507.8,2.6208294718924874,4.71443200348399
method1,4.0,286.9,507.9,2.615601362595585,4.71710112174951
method1,4.0,287.0,508.0,2.61037325329868,4.71977024001503
method1,4.0,287.1,508.1,2.6051311857283026,4.722413504938374
method1,4.0,287.2,508.2,2.5998891181579284,4.725056769861718
method1,4.0,287.3,508.3,2.594640135374233,4.727687071682799
method1,4.0,287.4,508.4,2.589384237377223,4.730304410401613
method1,4.0,287.5,508.5,2.58412833938021,4.73292174912043
method1,4.0,287.6,508.6,2.578858739183105,4.735513089404595
method1,4.0,287.7,508.7,2.573589138986003,4.738104429688758
method1,4.0,287.8,508.8,2.568312751990405,4.740682734957627
method1,4.0,287.9,508.9,2.563029578196319,4.743248005211198
method1,4.0,288.0,509.0,2.55774640440223,4.74581327546477
method1,4.0,288.1,509.1,2.5524497859877284,4.748352404727955
method1,4.0,288.2,509.2,2.5471531675732306,4.750891533991138
method1,4.0,288.3,509.3,2.5418498915219474,4.753417557598282
method1,4.0,288.4,509.4,2.536539957833885,4.755930475549385
method1,4.0,288.5,509.5,2.53123002414582,4.75844339350049
method1,4.0,288.6,509.6,2.5259069048981866,4.760930030457859
method1,4.0,288.7,509.7,2.5205837856505564,4.763416667415226
method1,4.0,288.8,509.8,2.5152541386621152,4.765890129355856
method1,4.0,288.9,509.9,2.5099179639328693,4.768350416279747
method1,4.0,289.0,510.0,2.50458178920362,4.77081070320364
method1,4.0,289.1,510.1,2.4992326894315187,4.773244571698177
method1,4.0,289.2,510.2,2.4938835896594207,4.775678440192712
method1,4.0,289.3,510.3,2.4885280927640734,4.77809906559748
method1,4.0,289.4,510.4,2.483166198745483,4.7805064479124795
method1,4.0,289.5,510.5,2.47780430472689,4.78291383022748
method1,4.0,289.6,510.6,2.4724297476125727,4.785294659260357
method1,4.0,289.7,510.7,2.4670551904982587,4.787675488293232
method1,4.0,289.8,510.8,2.4616743675870656,4.7900430074584746
method1,4.0,289.9,510.9,2.456287278878999,4.792397216756082
method1,4.0,290.0,511.0,2.45090019017093,4.79475142605369
method1,4.0,290.1,511.1,2.4455007017190806,4.797078949814142
method1,4.0,290.2,511.2,2.440101213267235,4.799406473574593
method1,4.0,290.3,511.3,2.4346955910408576,4.801720621992074
method1,4.0,290.4,511.4,2.4292838350399553,4.804021395066582
method1,4.0,290.5,511.5,2.42387207903905,4.80632216814109
method1,4.0,290.6,511.6,2.418448188025333,4.808596126035755
method1,4.0,290.7,511.7,2.413024297011619,4.810870083930418
method1,4.0,290.8,511.8,2.4075944049287634,4.813130602316548
method1,4.0,290.9,511.9,2.4021585117767734,4.8153776811941436
method1,4.0,291.0,512.0,2.39672261862478,4.81762476007174
method1,4.0,291.1,512.1,2.3912748565440745,4.819844896753496
method1,4.0,291.2,512.2,2.3858270944633726,4.822065033435251
method1,4.0,291.3,512.3,2.380373464688977,4.824271667759806
method1,4.0,291.4,512.4,2.374913967220895,4.826464799727157
method1,4.0,291.5,512.5,2.36945446975281,4.82865793169451
method1,4.0,291.6,512.6,2.3639833707671607,4.830823997090822
method1,4.0,291.7,512.7,2.3585122717815143,4.832990062487133
method1,4.0,291.8,512.8,2.353035439134603,4.83514256400145
method1,4.0,291.9,512.9,2.347552872826433,4.837281501633769
method1,4.0,292.0,513.0,2.34207030651826,4.83942043926609
method1,4.0,292.1,513.1,2.336576407404511,4.841532188606818
method1,4.0,292.2,513.2,2.3310825082907645,4.8436439379475456
method1,4.0,292.3,513.3,2.325583010192019,4.845742063212212
method1,4.0,292.4,513.4,2.3200779131082814,4.847826564400815
method1,4.0,292.5,513.5,2.31457281602454,4.84991106558942
method1,4.0,292.6,513.6,2.3090566561216948,4.8519682594341
method1,4.0,292.7,513.7,2.3035404962188526,4.85402545327878
method1,4.0,292.8,513.8,2.2980188726379036,4.856068964190794
method1,4.0,292.9,513.9,2.292491785378853,4.858098792170142
method1,4.0,293.0,514.0,2.2869646981198,4.86012862014949
method1,4.0,293.1,514.1,2.2814268192760987,4.8621310244141185
method1,4.0,293.2,514.2,2.2758889404324005,4.864133428678746
method1,4.0,293.3,514.3,2.2703457338348234,4.866122092498154
method1,4.0,293.4,514.4,2.264797199483373,4.868097015872341
method1,4.0,293.5,514.5,2.25924866513192,4.87007193924653
method1,4.0,293.6,514.6,2.2536896116516187,4.8720193252298065
method1,4.0,293.7,514.7,2.2481305581713205,4.873966711213082
method1,4.0,293.8,514.8,2.2425663134653613,4.875900300589096
method1,4.0,293.9,514.9,2.2369968775337474,4.8778200933578475
method1,4.0,294.0,515.0,2.23142744160213,4.8797398861266
method1,4.0,294.1,515.1,2.225847760192025,4.88163203053564
method1,4.0,294.2,515.2,2.2202680787819227,4.88352417494468
method1,4.0,294.3,515.3,2.2146833432649413,4.885402467941258
method1,4.0,294.4,515.4,2.2090935536410874,4.887266909525374
method1,4.0,294.5,515.5,2.20350376401723,4.88913135110949
method1,4.0,294.6,515.6,2.1979040037329125,4.8909680360850025
method1,4.0,294.7,515.7,2.1923042434485986,4.892804721060514
method1,4.0,294.8,515.8,2.1866995667532674,4.894627501181408
method1,4.0,294.9,515.9,2.181089973646925,4.896436376447684
method1,4.0,295.0,516.0,2.17548038054058,4.89824525171396
method1,4.0,295.1,516.1,2.1698610927324107,4.900026264854921
method1,4.0,295.2,516.2,2.1642418049242447,4.90180727799588
method1,4.0,295.3,516.3,2.158617738964449,4.9035743342091624
method1,4.0,295.4,516.4,2.1529888948530314,4.905327433494765
method1,4.0,295.5,516.5,2.14736005074161,4.90708053278037
method1,4.0,295.6,516.6,2.141721789000461,4.908805667168102
method1,4.0,295.7,516.7,2.1360835272593146,4.910530801555834
method1,4.0,295.8,516.8,2.1304406261758353,4.9122419283178616
method1,4.0,295.9,516.9,2.1247930857500292,4.9139390474541855
method1,4.0,296.0,517.0,2.11914554532422,4.91563616659051
method1,4.0,296.1,517.1,2.113488865426931,4.917305220812291
method1,4.0,296.2,517.2,2.1078321855296447,4.91897427503407
method1,4.0,296.3,517.3,2.1021710056355554,4.920629272312937
method1,4.0,296.4,517.4,2.096505325744669,4.922270212648888
method1,4.0,296.5,517.5,2.09083964585378,4.92391115298484
method1,4.0,296.6,517.6,2.085165105708407,4.925523931156913
method1,4.0,296.7,517.7,2.0794905655630367,4.927136709328984
method1,4.0,296.8,517.8,2.073811665288883,4.928735382627406
method1,4.0,296.9,517.9,2.0681284048859534,4.930319951052177
method1,4.0,297.0,518.0,2.06244514448302,4.93190451947695
method1,4.0,297.1,518.1,2.0567533040738026,4.9334608312670065
method1,4.0,297.2,518.2,2.0510614636645887,4.935017143057062
method1,4.0,297.3,518.3,2.0453654035033075,4.936559303434731
method1,4.0,297.4,518.4,2.039665123589965,4.938087312400009
method1,4.0,297.5,518.5,2.03396484367662,4.93961532136529
method1,4.0,297.6,518.6,2.0282562650087304,4.941114982014426
method1,4.0,297.7,518.7,2.0225476863408445,4.942614642663562
method1,4.0,297.8,518.8,2.0168350287924515,4.944100106758948
method1,4.0,297.9,518.9,2.0111182923635575,4.945571374300584
method1,4.0,298.0,519.0,2.00540155593466,4.94704264184222
method1,4.0,298.1,519.1,1.9996768029787388,4.9484854721863085
method1,4.0,298.2,519.2,1.9939520500228207,4.949928302530396
method1,4.0,298.3,519.3,1.9882233595388734,4.951356892581992
method1,4.0,298.4,519.4,1.9824907315269034,4.952771242341096
method1,4.0,298.5,519.5,1.97675810351493,4.9541855921002
method1,4.0,298.6,519.6,1.9710177421513606,4.955571418590736
method1,4.0,298.7,519.7,1.9652773807877946,4.956957245081272
method1,4.0,298.8,519.8,1.9595332237156393,4.9583287889482985
method1,4.0,298.9,519.9,1.9537852709349013,4.959686050191814
method1,4.0,299.0,520.0,1.94803731815416,4.96104331143533
method1,4.0,299.1,520.1,1.9422819161171427,4.962371966159714
method1,4.0,299.2,520.2,1.9365265140801287,4.963700620884098
method1,4.0,299.3,520.3,1.9307674586068975,4.965014952066644
method1,4.0,299.4,520.4,1.9250047496974554,4.9663149597073515
method1,4.0,299.5,520.5,1.91924204078801,4.96761496734806
method1,4.0,299.6,520.6,1.9134721676094166,4.968886288049308
method1,4.0,299.7,520.7,1.9077022944308266,4.970157608750556
method1,4.0,299.8,520.8,1.9019289105272552,4.971414566409158
method1,4.0,299.9,520.9,1.8961520158987093,4.972657161025114
method1,4.0,300.0,521.0,1.89037512127016,4.97389975564107
method1,4.0,300.1,521.1,1.8845913482231986,4.975113585736994
method1,4.0,300.2,521.2,1.8788075751762405,4.976327415832918
method1,4.0,300.3,521.3,1.8730204345402652,4.97752684480759
method1,4.0,300.4,521.4,1.8672299263152794,4.97871187266101
method1,4.0,300.5,521.5,1.86143941809029,4.97989690051443
method1,4.0,300.6,521.6,1.8556423181329287,4.981053089116235
method1,4.0,300.7,521.7,1.8498452181755707,4.982209277718038
method1,4.0,300.8,521.8,1.8440448941757153,4.98335102854673
method1,4.0,300.9,521.9,1.8382413461333693,4.98447834160231
method1,4.0,301.0,522.0,1.83243779809102,4.98560565465789
method1,4.0,301.1,522.1,1.8266279458092387,4.986704056588215
method1,4.0,301.2,522.2,1.8208180935274607,4.987802458518538
method1,4.0,301.3,522.3,1.8150051611460414,4.988886387455042
method1,4.0,301.4,522.4,1.8091891486649874,4.989955843397726
method1,4.0,301.5,522.5,1.80337313618393,4.99102529934041
method1,4.0,301.6,522.6,1.7975511077347766,4.992065775150794
method1,4.0,301.7,522.7,1.7917290792856266,4.993106250961178
method1,4.0,301.8,522.8,1.7859041150617512,4.9941322199924505
method1,4.0,301.9,522.9,1.7800762150631573,4.99514368224461
method1,4.0,302.0,523.0,1.77424831506456,4.99615514449677
method1,4.0,302.1,523.1,1.7684146881190228,4.997137560484562
method1,4.0,302.2,523.2,1.7625810611734887,4.998119976472354
method1,4.0,302.3,523.3,1.7567446431458853,4.999087853335278
method1,4.0,302.4,523.4,1.7509054340362193,5.000041191073334
method1,4.0,302.5,523.5,1.74506622492655,5.00099452881139
method1,4.0,302.6,523.6,1.7392215786122327,5.001918757036094
method1,4.0,302.7,523.7,1.7333769322979187,5.002842985260798
method1,4.0,302.8,523.8,1.7275296399475732,5.003752643458388
method1,4.0,302.9,523.9,1.7216797015612033,5.004647731628864
method1,4.0,303.0,524.0,1.71582976317483,5.00554281979934
method1,4.0,303.1,524.1,1.7099746780184726,5.006408738098372
method1,4.0,303.2,524.2,1.7041195928621187,5.007274656397404
method1,4.0,303.3,524.3,1.6982620070547474,5.0081259752144165
method1,4.0,303.4,524.4,1.6924019205963654,5.008962694549408
method1,4.0,303.5,524.5,1.68654183413798,5.0097994138844
method1,4.0,303.6,524.6,1.6806768920077868,5.010606905888272
method1,4.0,303.7,524.7,1.6748119498775966,5.0114143978921435
method1,4.0,303.8,524.8,1.6689446528059353,5.012207262410124
method1,4.0,303.9,524.9,1.6630750007928095,5.012985499442212
method1,4.0,304.0,525.0,1.65720534877968,5.0137637364743
method1,4.0,304.1,525.1,1.6513311328275146,5.014512691621245
method1,4.0,304.2,525.2,1.6454569168753528,5.015261646768188
method1,4.0,304.3,525.3,1.6395804920013113,5.015995947879948
method1,4.0,304.4,525.4,1.6337018582053973,5.016715594956524
method1,4.0,304.5,525.5,1.62782322440948,5.0174352420331
method1,4.0,304.6,525.6,1.6219403190128625,5.018125555583096
method1,4.0,304.7,525.7,1.6160574136162487,5.018815869133093
method1,4.0,304.8,525.8,1.6101724456128732,5.019491503556592
method1,4.0,304.9,525.9,1.6042854150027432,5.0201524588535955
method1,4.0,305.0,526.0,1.59839838439261,5.0208134141506
method1,4.0,305.1,526.1,1.5925073750966126,5.021444987198844
method1,4.0,305.2,526.2,1.5866163658006187,5.022076560247088
method1,4.0,305.3,526.3,1.5807234404939354,5.022693430538762
method1,4.0,305.4,526.4,1.5748285991765694,5.023295598073866
method1,4.0,305.5,526.5,1.5689337578592,5.02389776560897
method1,4.0,305.6,526.6,1.5630352313181346,5.024470505098742
method1,4.0,305.7,526.7,1.5571367047770726,5.025043244588514
method1,4.0,305.8,526.8,1.5512364090877613,5.02560125915599
method1,4.0,305.9,526.9,1.5453343442502074,5.026144548801169
method1,4.0,306.0,527.0,1.53943227941265,5.02668783844635
method1,4.0,306.1,527.1,1.5335268233316728,5.027201657181326
method1,4.0,306.2,527.2,1.5276213672506986,5.027715475916302
method1,4.0,306.3,527.3,1.5217142891356494,5.02821454903056
method1,4.0,306.4,527.4,1.5158055889865314,5.0286988765241
method1,4.0,306.5,527.5,1.50989688883741,5.02918320401764
method1,4.0,306.6,527.6,1.5039850919139528,5.0296380206735884
method1,4.0,306.7,527.7,1.4980732949904987,5.030092837329536
method1,4.0,306.8,527.8,1.4921600233842134,5.030532889136474
method1,4.0,306.9,527.9,1.4862452770951033,5.030958176094401
method1,4.0,307.0,528.0,1.48033053080599,5.03138346305233
method1,4.0,307.1,528.1,1.4744129826710808,5.031779202188238
method1,4.0,307.2,528.2,1.4684954345361747,5.032174941324146
method1,4.0,307.3,528.3,1.4625765592920534,5.032555897855556
method1,4.0,307.4,528.4,1.4566563569387234,5.032922071782468
method1,4.0,307.5,528.5,1.45073615458539,5.03328824570938
method1,4.0,307.6,528.6,1.4448134457448407,5.033624837777996
method1,4.0,307.7,528.7,1.4388907369042947,5.033961429846612
method1,4.0,307.8,528.8,1.4329668487358034,5.03428322303057
method1,4.0,307.9,528.9,1.4270417812393732,5.03459021732987
method1,4.0,308.0,529.0,1.42111671374294,5.03489721162917
method1,4.0,308.1,529.1,1.4151894355184227,5.03517459298697
method1,4.0,308.2,529.2,1.4092621572939088,5.03545197434477
method1,4.0,308.3,529.3,1.4033338477156174,5.03571454201545
method1,4.0,308.4,529.4,1.3974045067835552,5.03596229599901
method1,4.0,308.5,529.5,1.39147516585149,5.03621004998257
method1,4.0,308.6,529.6,1.3855439103214966,5.036428162899106
method1,4.0,308.7,529.7,1.3796126547915066,5.036646275815642
method1,4.0,308.8,529.8,1.3736805160600314,5.036849561722526
method1,4.0,308.9,529.9,1.3677474941270775,5.037038020619758
method1,4.0,309.0,530.0,1.36181447219412,5.03722647951699
method1,4.0,309.1,530.1,1.3558798321348227,5.037385272183654
method1,4.0,309.2,530.2,1.3499451920755288,5.0375440648503185
method1,4.0,309.3,530.3,1.3440098171303554,5.0376880186668185
method1,4.0,309.4,530.4,1.3380737072993094,5.037817133633154
method1,4.0,309.5,530.5,1.33213759746826,5.03794624859949
method1,4.0,309.6,530.6,1.3262001662942788,5.038045675137718
method1,4.0,309.7,530.7,1.3202627351203007,5.038145101675946
method1,4.0,309.8,530.8,1.3143247175245334,5.0382296790074435
method1,4.0,309.9,530.9,1.3083861135069834,5.038299407132212
method1,4.0,310.0,531.0,1.30244750948943,5.03836913525698
method1,4.0,310.1,531.1,1.2965078811944728,5.038409155725812
method1,4.0,310.2,531.2,1.2905682528995188,5.038449176194644
method1,4.0,310.3,531.3,1.2846281867805014,5.03847433858592
method1,4.0,310.4,531.4,1.2786876828374274,5.03848464289964
method1,4.0,310.5,531.5,1.27274717889435,5.03849494721336
method1,4.0,310.6,531.6,1.2668059479918088,5.038475527616464
method1,4.0,310.7,531.7,1.2608647170892708,5.038456108019568
method1,4.0,310.8,531.8,1.2549231970791594,5.038421822961656
method1,4.0,310.9,531.9,1.2489813879614813,5.038372672442728
method1,4.0,311.0,532.0,1.2430395788438,5.0383235219238
method1,4.0,311.1,532.1,1.2370973403072347,5.0382446342158484
method1,4.0,311.2,532.2,1.2311551017706726,5.038165746507896
method1,4.0,311.3,532.3,1.2252127229468992,5.038071987444328
method1,4.0,311.4,532.4,1.2192702038359213,5.037963357025144
method1,4.0,311.5,532.5,1.21332768472494,5.03785472660596
method1,4.0,311.6,532.6,1.2073850339284946,5.037716348698444
method1,4.0,311.7,532.7,1.2014423831320526,5.037577970790928
method1,4.0,311.8,532.8,1.1954997409577253,5.037424717123394
method1,4.0,311.9,532.9,1.1895571074055193,5.0372565876958415
method1,4.0,312.0,533.0,1.18361447385331,5.03708845826829
method1,4.0,312.1,533.1,1.1776720065120687,5.03689057403471
method1,4.0,312.2,533.2,1.1717295391708307,5.03669268980113
method1,4.0,312.3,533.3,1.1657872294350753,5.036479926894524
method1,4.0,312.4,533.4,1.1598450773048095,5.036252285314892
method1,4.0,312.5,533.5,1.15390292517454,5.03602464373526
method1,4.0,312.6,533.6,1.1479612372847987,5.035767243015764
method1,4.0,312.7,533.7,1.1420195493950607,5.0355098422962685
method1,4.0,312.8,533.8,1.1360781681532695,5.035237561483163
method1,4.0,312.9,533.9,1.1301370935594313,5.034950400576446
method1,4.0,313.0,534.0,1.12419601896559,5.03466323966973
method1,4.0,313.1,534.1,1.1182557067450967,5.034346318275098
method1,4.0,313.2,534.2,1.1123153945246067,5.034029396880466
method1,4.0,313.3,534.3,1.1063755380386733,5.033697595464958
method1,4.0,313.4,534.4,1.1004361372873033,5.033350914028574
method1,4.0,313.5,534.5,1.09449673653593,5.03300423259219
method1,4.0,313.6,534.6,1.0885583963640446,5.032627792307254
method1,4.0,313.7,534.7,1.0826200561921626,5.032251352022318
method1,4.0,313.8,534.8,1.0766823208706273,5.031860033283302
method1,4.0,313.9,534.9,1.0707451903994454,5.031453836090207
method1,4.0,314.0,535.0,1.06480805992826,5.03104763889711
method1,4.0,314.1,535.1,1.0588722882860908,5.03061168748357
method1,4.0,314.2,535.2,1.0529365166439246,5.03017573607003
method1,4.0,314.3,535.3,1.0470014989820973,5.029724909263854
method1,4.0,314.4,535.4,1.0410672353006154,5.029259207065042
method1,4.0,314.5,535.5,1.03513297161913,5.02879350486623
method1,4.0,314.6,535.6,1.0292003650296127,5.028298056064866
method1,4.0,314.7,535.7,1.0232677584400987,5.027802607263502
method1,4.0,314.8,535.8,1.0173360549601334,5.027292287626036
method1,4.0,314.9,535.9,1.0114052545897232,5.026767097152468
method1,4.0,315.0,536.0,1.00547445421931,5.0262419066789
method1,4.0,315.1,536.1,0.999545609187267,5.025686980211176
method1,4.0,315.2,536.2,0.9936167641552275,5.025132053743452
method1,4.0,315.3,536.3,0.987688971346177,5.024562262491542
method1,4.0,315.4,536.4,0.9817622307601221,5.023977606455446
method1,4.0,315.5,536.5,0.975835490174064,5.02339295041935
method1,4.0,315.6,536.6,0.9699110031262275,5.02277857198843
method1,4.0,315.7,536.7,0.9639865160783943,5.02216419355751
method1,4.0,315.8,536.8,0.9580632303362178,5.02153495788984
method1,4.0,315.9,536.9,0.9521411458997046,5.020890864985421
method1,4.0,316.0,537.0,0.946219061463188,5.020246772081
method1,4.0,316.1,537.1,0.9402995286882047,5.019572973372152
method1,4.0,316.2,537.2,0.9343799959132246,5.018899174663304
method1,4.0,316.3,537.3,0.9284618134807947,5.018210527760652
method1,4.0,316.4,537.4,0.9225449813909216,5.017507032664196
method1,4.0,316.5,537.5,0.916628149301045,5.01680353756774
method1,4.0,316.6,537.6,0.9107141668894612,5.01607035624816
method1,4.0,316.7,537.7,0.9048001844778808,5.01533717492858
method1,4.0,316.8,537.8,0.8988877013849631,5.014589155953484
method1,4.0,316.9,537.9,0.8929767176107147,5.013826299322872
method1,4.0,317.0,538.0,0.887065733836463,5.01306344269226
method1,4.0,317.1,538.1,0.8811578976207016,5.012270922410243
method1,4.0,317.2,538.2,0.8752500614049437,5.011478402128228
method1,4.0,317.3,538.3,0.8693438734081791,5.010671056224028
method1,4.0,317.4,538.4,0.8634393336304147,5.009848884697645
method1,4.0,317.5,538.5,0.857534793852647,5.00902671317126
method1,4.0,317.6,538.6,0.8516336993469804,5.008174903554832
method1,4.0,317.7,538.7,0.8457326048413173,5.007323093938404
method1,4.0,317.8,538.8,0.8398333073641839,5.006456472227696
method1,4.0,317.9,538.9,0.8339358069155871,5.005575038422708
method1,4.0,318.0,539.0,0.828038306466987,5.00469360461772
method1,4.0,318.1,539.1,0.8221445488075201,5.003782561272632
method1,4.0,318.2,539.2,0.8162507911480564,5.002871517927544
method1,4.0,318.3,539.3,0.8103589792208623,5.001945677510036
method1,4.0,318.4,539.4,0.8044691130259444,5.001005040020108
method1,4.0,318.5,539.5,0.798579246831023,5.00006440253018
method1,4.0,318.6,539.6,0.7926934207156616,4.999094187037287
method1,4.0,318.7,539.7,0.7868075946003037,4.998123971544396
method1,4.0,318.8,539.8,0.7809238628001566,4.997138975494147
method1,4.0,318.9,539.9,0.7750422253152269,4.996139198886544
method1,4.0,319.0,540.0,0.769160587830294,4.99513942227894
method1,4.0,319.1,540.1,0.7632832874587611,4.994110102191016
method1,4.0,319.2,540.2,0.7574059870872314,4.9930807821030925
method1,4.0,319.3,540.3,0.7515309294780579,4.992036699465156
method1,4.0,319.4,540.4,0.7456581146312471,4.990977854277208
method1,4.0,319.5,540.5,0.739785299784433,4.98991900908926
method1,4.0,319.6,540.6,0.7339171187982696,4.9888306579271875
method1,4.0,319.7,540.7,0.7280489378121097,4.987742306765116
method1,4.0,319.8,540.8,0.7221831478846678,4.98663921255159
method1,4.0,319.9,540.9,0.7163197490159505,4.98552137528661
method1,4.0,320.0,541.0,0.71045635014723,4.98440353802163
method1,4.0,320.1,541.1,0.7045978815698563,4.98325623526997
method1,4.0,320.2,541.2,0.6987394129924859,4.98210893251831
method1,4.0,320.3,541.3,0.692883483604423,4.980946907703762
method1,4.0,320.4,541.4,0.6870300934056741,4.979770160826327
method1,4.0,320.5,541.5,0.681176703206922,4.97859341394889
method1,4.0,320.6,541.6,0.6753285393836983,4.97738724505089
method1,4.0,320.7,541.7,0.6694803755604779,4.976181076152891
method1,4.0,320.8,541.8,0.6636348988764154,4.974960207669199
method1,4.0,320.9,541.9,0.6577921093315173,4.97372463959982
method1,4.0,321.0,542.0,0.651949319786616,4.97248907153044
method1,4.0,321.1,542.1,0.6461120523249726,4.971224127882412
method1,4.0,321.2,542.2,0.6402747848633327,4.969959184234384
method1,4.0,321.3,542.3,0.6344403522949927,4.968679564964982
method1,4.0,321.4,542.4,0.6286087546199595,4.967385270074207
method1,4.0,321.5,542.5,0.622777156944923,4.96609097518343
method1,4.0,321.6,542.6,0.616951376654514,4.964767354128526
method1,4.0,321.7,542.7,0.6111255963641085,4.963443733073622
method1,4.0,321.8,542.8,0.6053027985104897,4.962105461847112
method1,4.0,321.9,542.9,0.5994829830936645,4.960752540448996
method1,4.0,322.0,543.0,0.593663167676836,4.95939961905088
method1,4.0,322.1,543.1,0.5878494645097447,4.95801742387228
method1,4.0,322.2,543.2,0.5820357613426567,4.95663522869368
method1,4.0,322.3,543.3,0.5762251879302493,4.955238410276876
method1,4.0,322.4,543.4,0.5704177442725293,4.953826968621868
method1,4.0,322.5,543.5,0.564610300614806,4.95241552696686
method1,4.0,322.6,543.6,0.5588092636058255,4.950974866880351
method1,4.0,322.7,543.7,0.5530082265968482,4.949534206793844
method1,4.0,322.8,543.8,0.5472104664199309,4.948078951884198
method1,4.0,322.9,543.9,0.5414159830750801,4.946609102151414
method1,4.0,323.0,544.0,0.535621499730226,4.94513925241863
method1,4.0,323.1,544.1,0.5298337169371715,4.943640242564578
method1,4.0,323.2,544.2,0.5240459341441203,4.942141232710527
method1,4.0,323.3,544.3,0.518261575005091,4.940627657927954
method1,4.0,323.4,544.4,0.5124806395200902,4.939099518216863
method1,4.0,323.5,544.5,0.506699704035086,4.93757137850577
method1,4.0,323.6,544.6,0.5009257624792179,4.93601413994051
method1,4.0,323.7,544.7,0.495151820923353,4.93445690137525
method1,4.0,323.8,544.8,0.48938144957316115,4.932885129253366
method1,4.0,323.9,544.9,0.4836146484286487,4.931298823574858
method1,4.0,324.0,545.0,0.477847847284133,4.92971251789635
method1,4.0,324.1,545.1,0.4720883328906025,4.928097177582954
method1,4.0,324.2,545.2,0.46632881849707525,4.9264818372695585
method1,4.0,324.3,545.3,0.46057302057570454,4.924851996246296
method1,4.0,324.4,545.4,0.4548209391264969,4.923207654513169
method1,4.0,324.5,545.5,0.449068857677286,4.92156331278004
method1,4.0,324.6,545.6,0.4433243552157139,4.9198900035785
method1,4.0,324.7,545.7,0.43757985275414507,4.9182166943769605
method1,4.0,324.8,545.8,0.43183921273119397,4.9165289187846115
method1,4.0,324.9,545.9,0.42610243514686713,4.914826676801456
method1,4.0,325.0,546.0,0.420365657562537,4.9131244348183
method1,4.0,325.1,546.1,0.4146367505876353,4.911393295475111
method1,4.0,325.2,546.2,0.40890784361273685,4.909662156131924
method1,4.0,325.3,546.3,0.4031829447280815,4.907916586186562
method1,4.0,325.4,546.4,0.3974620539336759,4.906156585639026
method1,4.0,325.5,546.5,0.391741163139267,4.90439658509149
method1,4.0,325.6,546.6,0.38602843393158887,4.9026077602286415
method1,4.0,325.7,546.7,0.380315704723914,4.900818935365794
method1,4.0,325.8,546.8,0.37460712892846615,4.899015717156116
method1,4.0,325.9,546.9,0.3689027065452517,4.8971981055996086
method1,4.0,326.0,547.0,0.363198284162034,4.8953804940431
method1,4.0,326.1,547.1,0.3575023136687999,4.893534134146444
method1,4.0,326.2,547.2,0.3518063431755691,4.891687774249789
method1,4.0,326.3,547.3,0.34611467107213917,4.889827059725348
method1,4.0,326.4,547.4,0.34042729735851673,4.887951990573124
method1,4.0,326.5,547.5,0.334739923644891,4.8860769214209
method1,4.0,326.6,547.6,0.32906129142092055,4.884173182827955
method1,4.0,326.7,547.7,0.32338265919695325,4.882269444235011
method1,4.0,326.8,547.8,0.3177084699812054,4.880351391193861
method1,4.0,326.9,547.9,0.3120387237736833,4.878419023704506
method1,4.0,327.0,548.0,0.306368977566158,4.87648665621515
method1,4.0,327.1,548.1,0.3007082617149323,4.874525701102301
method1,4.0,327.2,548.2,0.29504754586370985,4.872564745989454
method1,4.0,327.3,548.3,0.2893914172652525,4.870589518065196
method1,4.0,327.4,548.4,0.2837398759195669,4.868600017329529
method1,4.0,327.5,548.5,0.278088334573878,4.86661051659386
method1,4.0,327.6,548.6,0.2724461116886903,4.864592512962947
method1,4.0,327.7,548.7,0.26680388880350586,4.862574509332036
method1,4.0,327.8,548.8,0.26116639702707817,4.860542275980276
method1,4.0,327.9,548.9,0.2555336363594137,4.858495812907669
method1,4.0,328.0,549.0,0.249900875691746,4.85644934983506
method1,4.0,328.1,549.1,0.2442777207970059,4.854374471499395
method1,4.0,328.2,549.2,0.23865456590226905,4.852299593163732
method1,4.0,328.3,549.3,0.23303628556906478,4.850210529647931
method1,4.0,328.4,549.4,0.22742287979739947,4.8481072809519965
method1,4.0,328.5,549.5,0.221809474025731,4.84600403225606
method1,4.0,328.6,549.6,0.21620596051836533,4.843872458825847
method1,4.0,328.7,549.7,0.21060244701100284,4.841740885395636
method1,4.0,328.8,549.8,0.20500395110012096,4.839595172772396
method1,4.0,328.9,549.9,0.19941047278572607,4.8374353209561285
method1,4.0,329.0,550.0,0.193816994471328,4.83527546913986
method1,4.0,329.1,550.1,0.18823369406234913,4.833087386007019
method1,4.0,329.2,550.2,0.18265039365337343,4.83089930287418
method1,4.0,329.3,550.3,0.17707225344340397,4.82869712797791
method1,4.0,329.4,550.4,0.17149927343244706,4.826480861318211
method1,4.0,329.5,550.5,0.165926293421487,4.82426459465851
method1,4.0,329.6,550.6,0.16036377607767213,4.82202019298091
method1,4.0,329.7,550.7,0.15480125873386041,4.81977579130331
method1,4.0,329.8,550.8,0.14924404374461817,4.817517346730321
method1,4.0,329.9,550.9,0.14369213110995166,4.815244859261947
method1,4.0,330.0,551.0,0.138140218475282,4.81297237179357
method1,4.0,330.1,551.1,0.13259905236101913,4.810671848478681
method1,4.0,330.2,551.2,0.12705788624675943,4.808371325163794
method1,4.0,330.3,551.3,0.12152216418115178,4.806056809255804
method1,4.0,330.4,551.4,0.11599188616420246,4.803728300754712
method1,4.0,330.5,551.5,0.11046160814725,4.80139979225362
method1,4.0,330.6,551.6,0.10494235956653455,4.799043349941579
method1,4.0,330.7,551.7,0.09942311098582222,4.79668690762954
method1,4.0,330.8,551.8,0.09390944767189349,4.7943165244565815
method1,4.0,330.9,551.9,0.08840136962475462,4.791932200422706
method1,4.0,331.0,552.0,0.0828932915776126,4.78954787638883
method1,4.0,331.1,552.1,0.07739652491618683,4.787135723434921
method1,4.0,331.2,552.2,0.07189975825476418,4.784723570481014
method1,4.0,331.3,552.3,0.0664087175878738,4.782297529823776
method1,4.0,331.4,552.4,0.0609234029155219,4.779857601463209
method1,4.0,331.5,552.5,0.0554380882431669,4.77741767310264
method1,4.0,331.6,552.6,0.049964365910849254,4.774950023559172
method1,4.0,331.7,552.7,0.04449064357853472,4.772482374015705
method1,4.0,331.8,552.8,0.03902278746372796,4.770000891347272
method1,4.0,331.9,552.9,0.03356079756643518,4.767505575553876
method1,4.0,332.0,553.0,0.0280988076691393,4.76501025976048
method1,4.0,332.1,553.1,0.022648690042295062,4.7624873333581155
method1,4.0,332.2,553.2,0.01719857241545392,4.759964406955753
method1,4.0,332.3,553.3,0.011754460709981094,4.757427703422778
method1,4.0,332.4,553.4,0.006316354925882773,4.754877222759195
method1,4.0,332.5,553.5,0.000878249141781362,4.75232674209561
method1,4.0,332.6,553.6,-0.004547705493999936,4.749748764224085
method1,4.0,332.7,553.7,-0.00997366012977815,4.747170786352562
method1,4.0,332.8,553.8,-0.015393469673749615,4.744579088755848
method1,4.0,332.9,553.9,-0.02080713412590817,4.741973671433945
method1,4.0,333.0,554.0,-0.0262207985780698,4.73936825411204
method1,4.0,333.1,554.1,-0.03162203408514559,4.736735455800315
method1,4.0,333.2,554.2,-0.03702326959221831,4.7341026574885925
method1,4.0,333.3,554.3,-0.04241822138471443,4.731456198263094
method1,4.0,333.4,554.4,-0.04780688946262784,4.728796078123822
method1,4.0,333.5,554.5,-0.0531955575405443,4.72613595798455
method1,4.0,333.6,554.6,-0.05857151998617376,4.723448575880389
method1,4.0,333.7,554.7,-0.06394748243180017,4.72076119377623
method1,4.0,333.8,554.8,-0.06931702310196086,4.718060210970492
method1,4.0,333.9,554.9,-0.07468014199664975,4.715345627463177
method1,4.0,334.0,555.0,-0.0800432608913417,4.71263104395586
method1,4.0,334.1,555.1,-0.08539339860446511,4.7098893203048355
method1,4.0,334.2,555.2,-0.09074353631758549,4.7071475966538125
method1,4.0,334.3,555.3,-0.09608711477038477,4.704392333908825
method1,4.0,334.4,555.4,-0.10142413396285686,4.7016235320698785
method1,4.0,334.5,555.5,-0.106761153155332,4.69885473023093
method1,4.0,334.6,555.6,-0.1120849167831516,4.696058912854821
method1,4.0,334.7,555.7,-0.11740868041096819,4.693263095478715
method1,4.0,334.8,555.8,-0.12272574788374821,4.690453802006186
method1,4.0,334.9,555.9,-0.1280361192014856,4.687631032437239
method1,4.0,335.0,556.0,-0.133346490519226,4.68480826286829
method1,4.0,335.1,556.1,-0.1386433330835616,4.681958605142969
method1,4.0,335.2,556.2,-0.1439401756478942,4.67910894741765
method1,4.0,335.3,556.3,-0.1492301857666672,4.676245877977726
method1,4.0,335.4,556.4,-0.1545133634398746,4.673369396823198
method1,4.0,335.5,556.5,-0.159796541113085,4.67049291566867
method1,4.0,335.6,556.6,-0.165065918066549,4.667589676501361
method1,4.0,335.7,556.7,-0.17033529502001,4.664686437334054
method1,4.0,335.8,556.8,-0.1755977038555782,4.661769852212451
method1,4.0,335.9,556.9,-0.1808531445732476,4.658839921136557
method1,4.0,336.0,557.0,-0.18610858529092,4.65590999006066
method1,4.0,336.1,557.1,-0.191349954572836,4.652953433866664
method1,4.0,336.2,557.2,-0.196591323854749,4.649996877672669
method1,4.0,336.3,557.3,-0.201825589978576,4.647027042657254
method1,4.0,336.4,557.4,-0.207052752944311,4.644043928820423
method1,4.0,336.5,557.5,-0.212279915910049,4.64106081498359
method1,4.0,336.6,557.6,-0.21749273800219576,4.638051211662433
method1,4.0,336.7,557.7,-0.2227055600943396,4.635041608341279
method1,4.0,336.8,557.8,-0.2279111446342218,4.632018794698076
method1,4.0,336.9,557.9,-0.23310949162183642,4.628982770732829
method1,4.0,337.0,558.0,-0.238307838609454,4.62594674676758
method1,4.0,337.1,558.1,-0.24349157659153478,4.622884371678603
method1,4.0,337.2,558.2,-0.2486753145736126,4.6198219965896286
method1,4.0,337.3,558.3,-0.25385168126910757,4.61674648103826
method1,4.0,337.4,558.4,-0.2590206766780138,4.613657825024501
method1,4.0,337.5,558.5,-0.264189672086923,4.61056916901074
method1,4.0,337.6,558.6,-0.269343791691835,4.607454302948112
method1,4.0,337.7,558.7,-0.274497911296744,4.604339436885485
method1,4.0,337.8,558.8,-0.2796445265543658,4.60121150157406
method1,4.0,337.9,558.9,-0.28478363746469443,4.598070497013841
method1,4.0,338.0,559.0,-0.289922748375026,4.59492949245362
method1,4.0,338.1,559.1,-0.29504671804386595,4.591762421620811
method1,4.0,338.2,559.2,-0.300170687712703,4.588595350788005
method1,4.0,338.3,559.3,-0.30528702066087937,4.585415283267445
method1,4.0,338.4,559.4,-0.31039571688838924,4.582222219059139
method1,4.0,338.5,559.5,-0.315504413115902,4.57902915485083
method1,4.0,338.6,559.6,-0.32059770405274196,4.575810170834518
method1,4.0,338.7,559.7,-0.32569099498957904,4.572591186818206
method1,4.0,338.8,559.8,-0.3307765175333552,4.569359280016013
method1,4.0,338.9,559.9,-0.3358542716840647,4.566114450427943
method1,4.0,339.0,560.0,-0.340932025834777,4.56286962083987
method1,4.0,339.1,560.1,-0.34599411206118735,4.559599020583294
method1,4.0,339.2,560.2,-0.3510561982875948,4.556328420326719
method1,4.0,339.3,560.3,-0.35611038516309756,4.553044972520186
method1,4.0,339.4,560.4,-0.36115667268768986,4.549748677163699
method1,4.0,339.5,560.5,-0.366202960212285,4.54645238180721
method1,4.0,339.6,560.6,-0.3712333186215877,4.543130467582969
method1,4.0,339.7,560.7,-0.3762636770308876,4.53980855335873
method1,4.0,339.8,560.8,-0.38128600585951195,4.536473868147613
method1,4.0,339.9,560.9,-0.38630030510745506,4.533126411949623
method1,4.0,340.0,561.0,-0.391314604355401,4.52977895575163
method1,4.0,340.1,561.1,-0.3963127147666821,4.526406035133942
method1,4.0,340.2,561.2,-0.4013108251779604,4.523033114516255
method1,4.0,340.3,561.3,-0.4063007765203124,4.519647500794884
method1,4.0,340.4,561.4,-0.41128256879373226,4.516249193969833
method1,4.0,340.5,561.5,-0.416264361067155,4.51285088714478
method1,4.0,340.6,561.6,-0.4212297062789833,4.5094272729811715
method1,4.0,340.7,561.7,-0.42619505149080883,4.506003658817565
method1,4.0,340.8,561.8,-0.43115210890036537,4.502567430746406
method1,4.0,340.9,561.9,-0.4361008785076473,4.499118588767699
method1,4.0,341.0,562.0,-0.441049648114932,4.49566974678899
method1,4.0,341.1,562.1,-0.44598171395883235,4.492195757171469
method1,4.0,341.2,562.2,-0.45091377980272984,4.48872176755395
method1,4.0,341.3,562.3,-0.45583742987923015,4.485235244530641
method1,4.0,341.4,562.4,-0.46075266418832767,4.4817361881015465
method1,4.0,341.5,562.5,-0.465667898497428,4.47823713167245
method1,4.0,341.6,562.6,-0.47056617389104793,4.474713089908117
method1,4.0,341.7,562.7,-0.4754644492846651,4.471189048143787
method1,4.0,341.8,562.8,-0.4803541817272204,4.467652554773606
method1,4.0,341.9,562.9,-0.4852353712187083,4.464103609797579
method1,4.0,342.0,563.0,-0.490116560710199,4.46055466482155
method1,4.0,342.1,563.1,-0.4949805377102165,4.456980899402681
method1,4.0,342.2,563.2,-0.4998445147102312,4.453407133983815
method1,4.0,342.3,563.3,-0.504699822370144,4.449821000049639
method1,4.0,342.4,563.4,-0.5095464606899491,4.446222497600161
method1,4.0,342.5,563.5,-0.514393099009757,4.44262399515068
method1,4.0,342.6,563.6,-0.5192222728644817,4.439000839724267
method1,4.0,342.7,563.7,-0.5240514467192037,4.4353776842978565
method1,4.0,342.8,563.8,-0.5288718256525106,4.431742244729562
method1,4.0,342.9,563.9,-0.5336834096643969,4.428094521019387
method1,4.0,343.0,564.0,-0.538494993676286,4.42444679730921
method1,4.0,343.1,564.1,-0.5432888628779631,4.420774590645969
method1,4.0,343.2,564.2,-0.5480827320796374,4.417102383982731
method1,4.0,343.3,564.3,-0.5528676815993303,4.413417978826068
method1,4.0,343.4,564.4,-0.5576437114370363,4.409721375175986
method1,4.0,343.5,564.5,-0.562419741274745,4.4060247715259
method1,4.0,343.6,564.6,-0.5671778076115785,4.402303857488739
method1,4.0,343.7,564.7,-0.5719358739484093,4.39858294345158
method1,4.0,343.8,564.8,-0.5766848966763843,4.394849917836518
method1,4.0,343.9,564.9,-0.5814248757954983,4.391104780643555
method1,4.0,344.0,565.0,-0.586164854914615,4.38735964345059
method1,4.0,344.1,565.1,-0.5908866235224569,4.383590370962581
method1,4.0,344.2,565.2,-0.5956083921302961,4.379821098474575
method1,4.0,344.3,565.3,-0.6003209940489658,4.3760398025831275
method1,4.0,344.4,565.4,-0.6050244292784606,4.372246483288245
method1,4.0,344.5,565.5,-0.609727864507958,4.36845316399336
method1,4.0,344.6,565.6,-0.6144128439217142,4.364635887005135
method1,4.0,344.7,565.7,-0.6190978233354679,4.360818610016912
method1,4.0,344.8,565.8,-0.6237735138390844,4.35698939905042
method1,4.0,344.9,565.9,-0.6284399154325584,4.353148254105661
method1,4.0,345.0,566.0,-0.633106317026035,4.3493071091609
method1,4.0,345.1,566.1,-0.6377540192307277,4.345442186617583
method1,4.0,345.2,566.2,-0.6424017214354176,4.341577264074268
method1,4.0,345.3,566.3,-0.6470400133810629,4.337700498220183
method1,4.0,345.4,566.4,-0.6516688950676581,4.333811889055332
method1,4.0,345.5,566.5,-0.656297776754256,4.32992327989048
method1,4.0,345.6,566.6,-0.6609077172357891,4.326011075698039
method1,4.0,345.7,566.7,-0.6655176577173195,4.322098871505601
method1,4.0,345.8,566.8,-0.6701180674755786,4.318174915903728
method1,4.0,345.9,566.9,-0.674708946510561,4.314239208892425
method1,4.0,346.0,567.0,-0.679299825545546,4.31030350188112
method1,4.0,346.1,567.1,-0.6838715233411202,4.306344384872271
method1,4.0,346.2,567.2,-0.6884432211366919,4.302385267863424
method1,4.0,346.3,567.3,-0.6930052686419962,4.298414492571675
method1,4.0,346.4,567.4,-0.6975576658570278,4.294432058997029
method1,4.0,346.5,567.5,-0.702110063072062,4.29044962542238
method1,4.0,346.6,567.6,-0.7066430408202726,4.286443969321907
method1,4.0,346.7,567.7,-0.7111760185684807,4.282438313221436
method1,4.0,346.8,567.8,-0.7156992273691128,4.278421093181048
method1,4.0,346.9,567.9,-0.7202126672221641,4.274392309200745
method1,4.0,347.0,568.0,-0.724726107075218,4.27036352522044
method1,4.0,347.1,568.1,-0.7292198910658154,4.2663117086100675
method1,4.0,347.2,568.2,-0.7337136750564103,4.262259891999697
method1,4.0,347.3,568.3,-0.7381975723641837,4.258196606999948
method1,4.0,347.4,568.4,-0.7426715829891305,4.254121853610825
method1,4.0,347.5,568.5,-0.74714559361408,4.2500471002217
method1,4.0,347.6,568.6,-0.7515997138373695,4.245949506504419
method1,4.0,347.7,568.7,-0.7560538340606563,4.241851912787141
method1,4.0,347.8,568.8,-0.7604979508002275,4.237742947429582
method1,4.0,347.9,568.9,-0.764932064056078,4.233622610431747
method1,4.0,348.0,569.0,-0.769366177311931,4.22950227343391
method1,4.0,348.1,569.1,-0.7737801675078512,4.225359290797817
method1,4.0,348.2,569.2,-0.7781941577037689,4.221216308161726
method1,4.0,348.3,569.3,-0.7825980285616263,4.217062051823869
method1,4.0,348.4,569.4,-0.7869917800814185,4.21289652178425
method1,4.0,348.5,569.5,-0.791385531601213,4.20873099174463
method1,4.0,348.6,569.6,-0.7957589293080308,4.204543013126281
method1,4.0,348.7,569.7,-0.8001323270148462,4.200355034507934
method1,4.0,348.8,569.8,-0.8044954904879212,4.196155881306494
method1,4.0,348.9,569.9,-0.8088484197272514,4.191945553521963
method1,4.0,349.0,570.0,-0.813201348966584,4.18773522573743
method1,4.0,349.1,570.1,-0.8175336955692646,4.183502648784649
method1,4.0,349.2,570.2,-0.8218660421719427,4.17927007183187
method1,4.0,349.3,570.3,-0.826188040615879,4.1750264205854535
method1,4.0,349.4,570.4,-0.8304996909010688,4.170771695045403
method1,4.0,349.5,570.5,-0.834811341186261,4.16651696950535
method1,4.0,349.6,570.6,-0.83910218196444,4.162240196539622
method1,4.0,349.7,570.7,-0.8433930227426165,4.157963423573895
method1,4.0,349.8,570.8,-0.8476734024196633,4.153675677765252
method1,4.0,349.9,570.9,-0.8519433209955755,4.149376959113697
method1,4.0,350.0,571.0,-0.85621323957149,4.14507824046214
method1,4.0,350.1,571.1,-0.8604621237471097,4.140757678440434
method1,4.0,350.2,571.2,-0.864711007922727,4.136437116418732
method1,4.0,350.3,571.3,-0.8689493190492681,4.132105684156489
method1,4.0,350.4,571.4,-0.8731770571267279,4.127763381653711
method1,4.0,350.5,571.5,-0.87740479520419,4.12342107915093
method1,4.0,350.6,571.6,-0.8816112759887326,4.119057139627101
method1,4.0,350.7,571.7,-0.8858177567732727,4.114693200103274
method1,4.0,350.8,571.8,-0.890013553566979,4.110318494083184
method1,4.0,350.9,571.9,-0.8941986663698468,4.105933021566833
method1,4.0,351.0,572.0,-0.898383779172717,4.10154754905048
method1,4.0,351.1,572.1,-0.9025474138140803,4.0971406481361505
method1,4.0,351.2,572.2,-0.9067110484554413,4.092733747221825
method1,4.0,351.3,572.3,-0.9108638891820419,4.088316184687548
method1,4.0,351.4,572.4,-0.9150059359938773,4.083887960533325
method1,4.0,351.5,572.5,-0.919147982805715,4.0794597363791
method1,4.0,351.6,572.6,-0.9232683326347019,4.075010294704083
method1,4.0,351.7,572.7,-0.9273886824636864,4.070560853029069
method1,4.0,351.8,572.8,-0.9314981294833646,4.066100855732466
method1,4.0,351.9,572.9,-0.9355966736937317,4.061630302814279
method1,4.0,352.0,573.0,-0.939695217904101,4.05715974989609
method1,4.0,352.1,573.1,-0.9437718483805055,4.0526681925683326
method1,4.0,352.2,573.2,-0.9478484788569077,4.048176635240578
method1,4.0,352.3,573.3,-0.9519140986702896,4.043674629401547
method1,4.0,352.4,573.4,-0.9559687078206467,4.039162175051245
method1,4.0,352.5,573.5,-0.960023316971006,4.03464972070094
method1,4.0,352.6,573.6,-0.9640557977293309,4.030116477265987
method1,4.0,352.7,573.7,-0.9680882784876536,4.0255832338310364
method1,4.0,352.8,573.8,-0.9721096417814235,4.021039650096854
method1,4.0,352.9,573.9,-0.9761198876106361,4.016485726063443
method1,4.0,353.0,574.0,-0.980130133439851,4.01193180203003
method1,4.0,353.1,574.1,-0.9841180383346031,4.00735730643004
method1,4.0,353.2,574.2,-0.988105943229353,4.0027828108300545
method1,4.0,353.3,574.3,-0.9920826249214536,3.9981980842342733
method1,4.0,353.4,574.4,-0.9960480834109007,3.9936031266427032
method1,4.0,353.5,574.5,-1.00001354190035,3.98900816905113
method1,4.0,353.6,574.6,-1.003956449050955,3.984392859583421
method1,4.0,353.7,574.7,-1.0078993562015577,3.9797775501157147
method1,4.0,353.8,574.8,-1.0118309354859985,3.9751521200365953
method1,4.0,353.9,574.9,-1.0157511869042732,3.9705165693460693
method1,4.0,354.0,575.0,-1.01967143832255,3.96588101865554
method1,4.0,354.1,575.1,-1.0235689301578348,3.961225337930671
method1,4.0,354.2,575.2,-1.0274664219931176,3.9565696572058044
method1,4.0,354.3,575.3,-1.0313524823843603,3.9519039673242813
method1,4.0,354.4,575.4,-1.035227111331559,3.947228268286107
method1,4.0,354.5,575.5,-1.03910174027876,3.94255256924793
method1,4.0,354.6,575.6,-1.0429534035810568,3.937856964147325
method1,4.0,354.7,575.7,-1.0468050668833515,3.9331613590467227
method1,4.0,354.8,575.8,-1.0506451962602985,3.9284558573039274
method1,4.0,354.9,575.9,-1.0544737917118931,3.923740458918945
method1,4.0,355.0,576.0,-1.05830238716349,3.91902506053396
method1,4.0,355.1,576.1,-1.0621078131122947,3.914289982167099
method1,4.0,355.2,576.2,-1.0659132390610975,3.9095549038002404
method1,4.0,355.3,576.3,-1.0697070297106583,3.9048100423545673
method1,4.0,355.4,576.4,-1.0734891850609731,3.900055397830085
method1,4.0,355.5,576.5,-1.07727134041129,3.8953007533056
method1,4.0,355.6,576.6,-1.0810301246265028,3.8905266569667467
method1,4.0,355.7,576.7,-1.0847889088417135,3.885752560627896
method1,4.0,355.8,576.8,-1.0885359575019344,3.8809687958116235
method1,4.0,355.9,576.9,-1.0922712706071611,3.876175362517933
method1,4.0,356.0,577.0,-1.09600658371239,3.87138192922424
method1,4.0,356.1,577.1,-1.0997183262971508,3.866569274348735
method1,4.0,356.2,577.2,-1.1034300688819096,3.8617566194732325
method1,4.0,356.3,577.3,-1.1071299767847005,3.8569344117487074
method1,4.0,356.4,577.4,-1.1108180500055191,3.852102651175165
method1,4.0,356.5,577.5,-1.11450612322634,3.84727089060162
method1,4.0,356.6,577.6,-1.118170428809409,3.842420140721743
method1,4.0,356.7,577.7,-1.1218347343924757,3.8375693908418684
method1,4.0,356.8,577.8,-1.1254871073058845,3.8327092047572555
method1,4.0,356.9,577.9,-1.1291275475496312,3.827839582467909
method1,4.0,357.0,578.0,-1.13276798779338,3.82296996017856
method1,4.0,357.1,578.1,-1.1363844655711008,3.8180815828789307
method1,4.0,357.2,578.2,-1.1400009433488196,3.8131932055793047
method1,4.0,357.3,578.3,-1.1436053916188844,3.8082955097238895
method1,4.0,357.4,578.4,-1.1471978103812912,3.8033884953126913
method1,4.0,357.5,578.5,-1.1507902291437,3.79848148090149
method1,4.0,357.6,578.6,-1.1543584929215127,3.793555947774085
method1,4.0,357.7,578.7,-1.1579267566993234,3.7886304146466827
method1,4.0,357.8,578.8,-1.1614828952914764,3.7836956816057676
method1,4.0,357.9,578.9,-1.1650269086979672,3.778751748651345
method1,4.0,358.0,579.0,-1.16857092210446,3.77380781569692
method1,4.0,358.1,579.1,-1.1720905903379848,3.768845602295607
method1,4.0,358.2,579.2,-1.1756102585715076,3.7638833888942966
method1,4.0,358.3,579.3,-1.1791177071115404,3.7589120952036454
method1,4.0,358.4,579.4,-1.182612935958079,3.753931721223659
method1,4.0,358.5,579.5,-1.18610816480462,3.74895134724367
method1,4.0,358.6,579.6,-1.1895788606402726,3.743952933038385
method1,4.0,358.7,579.7,-1.1930495564759236,3.7389545188331024
method1,4.0,358.8,579.8,-1.1965079392904983,3.7339471449329973
method1,4.0,358.9,579.9,-1.199954009083993,3.728930811338075
method1,4.0,359.0,580.0,-1.20340007887749,3.72391447774315
method1,4.0,359.1,580.1,-1.2068214301926627,3.718880346073601
method1,4.0,359.2,580.2,-1.2102427815078336,3.7138462144040547
method1,4.0,359.3,580.3,-1.2136517276645464,3.7088032445929113
method1,4.0,359.4,580.4,-1.2170482686627973,3.703751436640177
method1,4.0,359.5,580.5,-1.22044480966105,3.69869962868744
method1,4.0,359.6,580.6,-1.2238164491038188,3.693630266716427
method1,4.0,359.7,580.7,-1.2271880885465856,3.6885609047454166
method1,4.0,359.8,580.8,-1.2305472318935624,3.6834828271329916
method1,4.0,359.9,580.9,-1.2338938791447454,3.678396033879157
method1,4.0,360.0,581.0,-1.23724052639593,3.67330924062532
method1,4.0,360.1,581.1,-1.2405620914243227,3.6682051392916586
method1,4.0,360.2,581.2,-1.2438836564527136,3.6631010379580005
method1,4.0,360.3,581.3,-1.2471926356577563,3.6579883444182175
method1,4.0,360.4,581.4,-1.2504890290394473,3.652867058672315
method1,4.0,360.5,581.5,-1.25378542242114,3.64774577292641
method1,4.0,360.6,581.6,-1.2570565553419288,3.642607426897421
method1,4.0,360.7,581.7,-1.2603276882627157,3.6374690808684345
method1,4.0,360.8,581.8,-1.2635861468519805,3.632322266991775
method1,4.0,360.9,581.9,-1.2668319311097194,3.627166985267449
method1,4.0,361.0,582.0,-1.27007771536746,3.62201170354312
method1,4.0,361.1,582.1,-1.2732980633744688,3.6168396111667467
method1,4.0,361.2,582.2,-1.2765184113814756,3.6116675187903766
method1,4.0,361.3,582.3,-1.2797259977776703,3.6064870838358956
method1,4.0,361.4,582.4,-1.2829208225630493,3.6012983063033093
method1,4.0,361.5,582.5,-1.28611564734843,3.59610952877072
method1,4.0,361.6,582.6,-1.2892848625604068,3.5909041920272307
method1,4.0,361.7,582.7,-1.2924540777723816,3.5856988552837445
method1,4.0,361.8,582.8,-1.2956104453324984,3.5804853021306813
method1,4.0,361.9,582.9,-1.2987539652407534,3.575263532568047
method1,4.0,362.0,583.0,-1.30189748514901,3.57004176300541
method1,4.0,362.1,583.1,-1.3050152246469786,3.564803687458741
method1,4.0,362.2,583.2,-1.3081329641449457,3.559565611912075
method1,4.0,362.3,583.3,-1.3112377711975165,3.5543194470110895
method1,4.0,362.4,583.4,-1.3143296458046874,3.549065192755791
method1,4.0,362.5,583.5,-1.31742152041186,3.54381093850049
method1,4.0,362.6,583.6,-1.3204874462760328,3.538540633249165
method1,4.0,362.7,583.7,-1.3235533721402035,3.5332703279978426
method1,4.0,362.8,583.8,-1.3266062820220703,3.5279920613218536
method1,4.0,362.9,583.9,-1.3296461759216291,3.5227058332212033
method1,4.0,363.0,584.0,-1.33268606982119,3.51741960512055
method1,4.0,363.1,584.1,-1.3356998491673546,3.5121175827482567
method1,4.0,363.2,584.2,-1.3387136285135177,3.5068155603759665
method1,4.0,363.3,584.3,-1.3417143096061164,3.5015057053706236
method1,4.0,363.4,584.4,-1.3447018924451473,3.496188017732233
method1,4.0,363.5,584.5,-1.34768947528418,3.49087033009384
method1,4.0,363.6,584.6,-1.3506507802996206,3.485537106619611
method1,4.0,363.7,584.7,-1.3536120853150595,3.4802038831453848
method1,4.0,363.8,584.8,-1.3565602110802104,3.4748629566791593
method1,4.0,363.9,584.9,-1.3594951575950693,3.469514327220941
method1,4.0,364.0,585.0,-1.36243010410993,3.46416569776272
method1,4.0,364.1,585.1,-1.3653386120888666,3.4588017925907466
method1,4.0,364.2,585.2,-1.3682471200678017,3.4534378874187763
method1,4.0,364.3,585.3,-1.3711423690830185,3.4480664097326814
method1,4.0,364.4,585.4,-1.3740243591345134,3.442687359532467
method1,4.0,364.5,585.5,-1.37690634918601,3.43730830933225
method1,4.0,364.6,585.6,-1.3797617425645108,3.4319142452013485
method1,4.0,364.7,585.7,-1.3826171359430097,3.4265201810704506
method1,4.0,364.8,585.8,-1.3854591919362944,3.4211186757274192
method1,4.0,364.9,585.9,-1.3882879105443613,3.4157097291722613
method1,4.0,365.0,586.0,-1.39111662915243,3.4103007826171
method1,4.0,365.1,586.1,-1.3939185955428506,3.4048770855497708
method1,4.0,365.2,586.2,-1.3967205619332697,3.3994533884824447
method1,4.0,365.3,586.3,-1.3995091138174223,3.394022382316307
method1,4.0,365.4,586.4,-1.4022842511953053,3.388584067051365
method1,4.0,365.5,586.5,-1.40505938857319,3.38314575178642
method1,4.0,365.6,586.6,-1.4078076207980785,3.377692951037623
method1,4.0,365.7,586.7,-1.4105558530229656,3.3722401502888286
method1,4.0,365.8,586.8,-1.4132905949293721,3.3667801733529834
method1,4.0,365.9,586.9,-1.4160118465172953,3.361313020230093
method1,4.0,366.0,587.0,-1.41873309810522,3.3558458671072
method1,4.0,366.1,587.1,-1.4214272942307566,3.3503644951127107
method1,4.0,366.2,587.2,-1.4241214903562918,3.3448831231182243
method1,4.0,366.3,587.3,-1.4268021216682203,3.339394708633923
method1,4.0,366.4,587.4,-1.4294691881665393,3.333899251659813
method1,4.0,366.5,587.5,-1.43213625466486,3.3284037946857
method1,4.0,366.6,587.6,-1.4347761180337486,3.322894387010163
method1,4.0,366.7,587.7,-1.4374159814026357,3.3173849793346286
method1,4.0,366.8,587.8,-1.4400422067880103,3.3118686636389376
method1,4.0,366.9,587.9,-1.4426547941898695,3.306345439923095
method1,4.0,367.0,588.0,-1.44526738159173,3.30082221620725
method1,4.0,367.1,588.1,-1.4478526208555826,3.295285311491877
method1,4.0,367.2,588.2,-1.4504378601194337,3.2897484067765066
method1,4.0,367.3,588.3,-1.4530093895630882,3.2842047292699235
method1,4.0,367.4,588.4,-1.4555672091865435,3.2786542789721334
method1,4.0,367.5,588.5,-1.45812502881,3.27310382867434
method1,4.0,367.6,588.6,-1.4606553579612205,3.2675399685842748
method1,4.0,367.7,588.7,-1.4631856871124396,3.2619761084942125
method1,4.0,367.8,588.8,-1.4657022359478682,3.2564056115879434
method1,4.0,367.9,588.9,-1.4682050044675035,3.2508284778654732
method1,4.0,368.0,589.0,-1.47070777298714,3.245251344143
method1,4.0,368.1,589.1,-1.4731829113902646,3.2396610733143625
method1,4.0,368.2,589.2,-1.4756580497933878,3.2340708024857285
method1,4.0,368.3,589.3,-1.4781193387339564,3.2284740315486533
method1,4.0,368.4,589.4,-1.4805667782119676,3.222870760503143
method1,4.0,368.5,589.5,-1.48301421768998,3.21726748945763
method1,4.0,368.6,589.6,-1.4854338901125046,3.211651355444221
method1,4.0,368.7,589.7,-1.4878535625350278,3.2060352214308145
method1,4.0,368.8,589.8,-1.4902593177046684,3.2004127247361094
method1,4.0,368.9,589.9,-1.4926511556214235,3.1947838653601113
method1,4.0,369.0,590.0,-1.49504299353818,3.18915500598411
method1,4.0,369.1,590.1,-1.4974069301808526,3.1835135592037926
method1,4.0,369.2,590.2,-1.4997708668235237,3.177872112423479
method1,4.0,369.3,590.3,-1.5021208197868963,3.1722244410949294
method1,4.0,369.4,590.4,-1.5044567890709675,3.166570545218151
method1,4.0,369.5,590.5,-1.50679275835504,3.16091664934137
method1,4.0,369.6,590.6,-1.5091006948816246,3.155250443022169
method1,4.0,369.7,590.7,-1.5114086314082078,3.149584236702971
method1,4.0,369.8,590.8,-1.5137025192003262,3.1439119446609793
method1,4.0,369.9,590.9,-1.5159823582579774,3.138233566896201
method1,4.0,370.0,591.0,-1.51826219731563,3.13255518913142
method1,4.0,370.1,591.1,-1.5205138748821385,3.1268647792572786
method1,4.0,370.2,591.2,-1.5227655524486459,3.1211743693831404
method1,4.0,370.3,591.3,-1.5250031176039784,3.1154780132904114
method1,4.0,370.4,591.4,-1.5272265703481336,3.1097757109790973
method1,4.0,370.5,591.5,-1.52945002309229,3.10407340866778
method1,4.0,370.6,591.6,-1.5316451883756665,3.098359353924019
method1,4.0,370.7,591.7,-1.5338403536590417,3.0926452991802607
method1,4.0,370.8,591.8,-1.5360213442400603,3.086925438387193
method1,4.0,370.9,591.9,-1.5381881601187195,3.0811997715448234
method1,4.0,371.0,592.0,-1.54035497599738,3.07547410470245
method1,4.0,371.1,592.1,-1.5424933812236445,3.069736966420949
method1,4.0,371.2,592.2,-1.5446317864499077,3.0639998281394507
method1,4.0,371.3,592.3,-1.5467559560751003,3.0582570246292313
method1,4.0,371.4,592.4,-1.5488658900992196,3.0525085558902973
method1,4.0,371.5,592.5,-1.55097582412334,3.04676008715136
method1,4.0,371.6,592.6,-1.5530572270952006,3.0410004292554267
method1,4.0,371.7,592.7,-1.5551386300670598,3.0352407713594967
method1,4.0,371.8,592.8,-1.5572057379383941,3.0294755896929093
method1,4.0,371.9,592.9,-1.5592585507092014,3.0237048842556713
method1,4.0,372.0,593.0,-1.56131136348001,3.01793417881843
method1,4.0,372.1,593.1,-1.5633355276039225,3.0121525677673726
method1,4.0,372.2,593.2,-1.5653596917278338,3.0063709567163186
method1,4.0,372.3,593.3,-1.5673695026576842,3.0005839639762453
method1,4.0,372.4,593.4,-1.5693649603934716,2.9947915895471593
method1,4.0,372.5,593.5,-1.57136041812926,2.98899921511807
method1,4.0,372.6,593.6,-1.5733271124419164,2.983196219851529
method1,4.0,372.7,593.7,-1.5752938067545716,2.977393224584991
method1,4.0,372.8,593.8,-1.5772460911920763,2.9715849903206597
method1,4.0,372.9,593.9,-1.5791839657544275,2.9657715170585415
method1,4.0,373.0,594.0,-1.58112184031678,2.95995804379642
method1,4.0,373.1,594.1,-1.5830308395110764,2.954134235678367
method1,4.0,373.2,594.2,-1.5849398387053717,2.9483104275603167
method1,4.0,373.3,594.3,-1.5868343727622503,2.9424815237312534
method1,4.0,373.4,594.4,-1.5887144416817096,2.936647524191183
method1,4.0,373.5,594.5,-1.59059451060117,2.93081352465111
method1,4.0,373.6,594.6,-1.5924455950515746,2.9249694774136366
method1,4.0,373.7,594.7,-1.594296679501978,2.9191254301761664
method1,4.0,373.8,594.8,-1.5961332449777783,2.913276431095895
method1,4.0,373.9,594.9,-1.5979552914789736,2.9074224801728294
method1,4.0,374.0,595.0,-1.59977733798017,2.90156852924976
method1,4.0,374.1,595.1,-1.6015702937675984,2.895704818936535
method1,4.0,374.2,595.2,-1.6033632495550258,2.8898411086233127
method1,4.0,374.3,595.3,-1.6051416339618323,2.883972590902769
method1,4.0,374.4,595.4,-1.6069054469880157,2.878099265774911
method1,4.0,374.5,595.5,-1.6086692600142,2.87222594064705
method1,4.0,374.6,595.6,-1.6104038789502484,2.8663431455565807
method1,4.0,374.7,595.7,-1.6121384978862958,2.860460350466115
method1,4.0,374.8,595.8,-1.6138584944728442,2.8545728929568273
method1,4.0,374.9,595.9,-1.6155638687098917,2.8486807730287254
method1,4.0,375.0,596.0,-1.61726924294694,2.84278865310062
method1,4.0,375.1,596.1,-1.6189453225976203,2.8368873537292068
method1,4.0,375.2,596.2,-1.6206214022482996,2.8309860543577967
method1,4.0,375.3,596.3,-1.622282810023562,2.825080238094789
method1,4.0,375.4,596.4,-1.6239295459234055,2.8191699049401913
method1,4.0,375.5,596.5,-1.62557628182325,2.81325957178559
method1,4.0,375.6,596.6,-1.6271936255321224,2.8073403507700765
method1,4.0,375.7,596.7,-1.6288109692409938,2.8014211297545666
method1,4.0,375.8,596.8,-1.6304135929971622,2.7954975378990334
method1,4.0,375.9,596.9,-1.6320014968006258,2.7895695752034833
method1,4.0,376.0,597.0,-1.63358940060409,2.78364161250793
method1,4.0,376.1,597.1,-1.6351478175148184,2.7777050545681727
method1,4.0,376.2,597.2,-1.6367062344255459,2.7717684966284186
method1,4.0,376.3,597.3,-1.6382498847604643,2.765827714410153
method1,4.0,376.4,597.4,-1.6397787685195717,2.759882707913383
method1,4.0,376.5,597.5,-1.64130765227868,2.75393770141661
method1,4.0,376.6,597.6,-1.6428069573570563,2.747984393297729
method1,4.0,376.7,597.7,-1.6443062624354319,2.7420310851788505
method1,4.0,376.8,597.8,-1.6457907557744502,2.736073699838421
method1,4.0,376.9,597.9,-1.6472604373741095,2.7301122372764475
method1,4.0,377.0,598.0,-1.64873011897377,2.72415077471447
method1,4.0,377.1,598.1,-1.6501701330291263,2.718181305128873
method1,4.0,377.2,598.2,-1.6516101470844817,2.7122118355432785
method1,4.0,377.3,598.3,-1.6530353057017402,2.706238436274007
method1,4.0,377.4,598.4,-1.6544456088808996,2.700261107321065
method1,4.0,377.5,598.5,-1.65585591206006,2.69428377836812
method1,4.0,377.6,598.6,-1.6572364617661002,2.688298737937279
method1,4.0,377.7,598.7,-1.6586170114721397,2.6823136975064408
method1,4.0,377.8,598.8,-1.659982663511258,2.6763248753961233
method1,4.0,377.9,598.9,-1.6613334178834536,2.670332271606333
method1,4.0,378.0,599.0,-1.66268417225565,2.66433966781654
method1,4.0,378.1,599.1,-1.6640050901707304,2.6583396490125786
method1,4.0,378.2,599.2,-1.6653260080858099,2.652339630208621
method1,4.0,378.3,599.3,-1.6666319875800162,2.6463359781810496
method1,4.0,378.4,599.4,-1.6679230286533477,2.6403286929298715
method1,4.0,378.5,599.5,-1.66921406972668,2.63432140767869
method1,4.0,378.6,599.6,-1.6704751943134843,2.6283070047657286
method1,4.0,378.7,599.7,-1.6717363189002878,2.6222926018527706
method1,4.0,378.8,599.8,-1.67298246579195,2.6162747146090393
method1,4.0,378.9,599.9,-1.6742136349884698,2.6102533430345414
method1,4.0,379.0,600.0,-1.67544480418499,2.60423197146004
method1,4.0,379.1,600.1,-1.6766459798296343,2.598203780435347
method1,4.0,379.2,600.2,-1.677847155474278,2.592175589410657
method1,4.0,379.3,600.3,-1.6790333156338562,2.5861440633702495
method1,4.0,379.4,600.4,-1.680204460308368,2.5801092023141314
method1,4.0,379.5,600.5,-1.68137560498288,2.57407434125801
method1,4.0,379.6,600.6,-1.6825166820134203,2.5680329597929483
method1,4.0,379.7,600.7,-1.6836577590439599,2.5619915783278904
method1,4.0,379.8,600.8,-1.6847837842883742,2.5559470115695913
method1,4.0,379.9,600.9,-1.6858947577466616,2.549899259518057
method1,4.0,380.0,601.0,-1.68700573120495,2.54385150746652
method1,4.0,380.1,601.1,-1.6880865659093063,2.5377975348472828
method1,4.0,380.2,601.2,-1.6891674006136619,2.5317435622280486
method1,4.0,380.3,601.3,-1.690233148724064,2.5256865544306213
method1,4.0,380.4,601.4,-1.6912838102405117,2.5196265114550074
method1,4.0,380.5,601.5,-1.69233447175696,2.51356646847939
method1,4.0,380.6,601.6,-1.693354926400248,2.5075005055475725
method1,4.0,380.7,601.7,-1.6943753810435358,2.5014345426157587
method1,4.0,380.8,601.8,-1.695380715782496,2.4953656949984735
method1,4.0,380.9,601.9,-1.6963709306171277,2.4892939626957236
method1,4.0,381.0,602.0,-1.69736114545176,2.48322223039297
method1,4.0,381.1,602.1,-1.6983210882930162,2.4771448794859285
method1,4.0,381.2,602.2,-1.6992810311342719,2.4710675285788906
method1,4.0,381.3,602.3,-1.700225822262362,2.464987443841839
method1,4.0,381.4,602.4,-1.7011554616772857,2.4589046252747813
method1,4.0,381.5,602.5,-1.70208510109221,2.45282180670772
method1,4.0,381.6,602.6,-1.7029844064005621,2.4467336715987824
method1,4.0,381.7,602.7,-1.7038837117089138,2.440645536489849
method1,4.0,381.8,602.8,-1.704767835000708,2.4345548187541035
method1,4.0,381.9,602.9,-1.705636776275944,2.428461518391553
method1,4.0,382.0,603.0,-1.70650571755118,2.422368218029
method1,4.0,382.1,603.1,-1.7073442656213722,2.4162699038674544
method1,4.0,382.2,603.2,-1.7081828136915638,2.4101715897059126
method1,4.0,382.3,603.3,-1.709006150951036,2.4040708444534893
method1,4.0,382.4,603.4,-1.7098142773997878,2.397967668110191
method1,4.0,382.5,603.5,-1.71062240384854,2.39186449176689
method1,4.0,382.6,603.6,-1.7114000810158883,2.3857566050178765
method1,4.0,382.7,603.7,-1.7121777581832358,2.3796487182688666
method1,4.0,382.8,603.8,-1.712940197258554,2.3735385522825494
method1,4.0,382.9,603.9,-1.7136873982418417,2.3674261070589315
method1,4.0,383.0,604.0,-1.71443459922513,2.36131366183531
method1,4.0,383.1,604.1,-1.7151512978798702,2.3551968102194647
method1,4.0,383.2,604.2,-1.71586799653461,2.349079958603623
method1,4.0,383.3,604.3,-1.716569431332334,2.3429609799066053
method1,4.0,383.4,604.4,-1.7172556022730419,2.3368398741284193
method1,4.0,383.5,604.5,-1.71794177321375,2.33071876835023
method1,4.0,383.6,604.6,-1.718597391814778,2.324593560783261
method1,4.0,383.7,604.7,-1.719253010415806,2.318468353216295
method1,4.0,383.8,604.8,-1.719893340914484,2.3123411710116795
method1,4.0,383.9,604.9,-1.720518383310812,2.3062120141694216
method1,4.0,384.0,605.0,-1.72114342570714,2.30008285732716
method1,4.0,384.1,605.1,-1.72173786879516,2.2939499038592106
method1,4.0,384.2,605.2,-1.72233231188318,2.2878169503912646
method1,4.0,384.3,605.3,-1.722911444146334,2.2816821750014213
method1,4.0,384.4,605.4,-1.723475265584622,2.2755455776896873
method1,4.0,384.5,605.5,-1.72403908702291,2.26940898037795
method1,4.0,384.6,605.6,-1.7245722652329663,2.2632688921328366
method1,4.0,384.7,605.7,-1.725105443443022,2.257128803887727
method1,4.0,384.8,605.8,-1.725623289631538,2.250987046693479
method1,4.0,384.9,605.9,-1.7261258037985139,2.2448436205501014
method1,4.0,385.0,606.0,-1.72662831796549,2.23870019440672
method1,4.0,385.1,606.1,-1.7271001480388941,2.232553583521055
method1,4.0,385.2,606.2,-1.727571978112298,2.226406972635393
method1,4.0,385.3,606.3,-1.728028456496196,2.220258846015111
method1,4.0,385.4,606.4,-1.7284695831905879,2.2141092036602172
method1,4.0,385.5,606.5,-1.72891070988498,2.20795956130532
method1,4.0,385.6,606.6,-1.7293211146806362,2.2018070408674704
method1,4.0,385.7,606.7,-1.729731519476292,2.1956545204296245
method1,4.0,385.8,606.8,-1.730126554445902,2.189500637698153
method1,4.0,385.9,606.9,-1.7305062195894658,2.183345392673063
method1,4.0,386.0,607.0,-1.73088588473303,2.17719014764797
method1,4.0,386.1,607.1,-1.731234793238138,2.1710323316369244
method1,4.0,386.2,607.2,-1.7315837017432458,2.1648745156258826
method1,4.0,386.3,607.3,-1.731917223819752,2.1587154909733735
method1,4.0,386.4,607.4,-1.7322353594676558,2.1525552576794036
method1,4.0,386.5,607.5,-1.73255349511556,2.14639502438543
method1,4.0,386.6,607.6,-1.732840842455716,2.1402325276094887
method1,4.0,386.7,607.7,-1.733128189795872,2.1340700308335507
method1,4.0,386.8,607.8,-1.73340013564127,2.1279064792641433
method1,4.0,386.9,607.9,-1.73365667999191,2.1217418729012736
method1,4.0,387.0,608.0,-1.73391322434255,2.1155772665384
method1,4.0,387.1,608.1,-1.734138951791238,2.1094107045738464
method1,4.0,387.2,608.2,-1.7343646792399259,2.103244142609297
method1,4.0,387.3,608.3,-1.734574991666352,2.0970766798797253
method1,4.0,387.4,608.4,-1.7347698890705159,2.0909083163851396
method1,4.0,387.5,608.5,-1.73496478647468,2.08473995289055
method1,4.0,387.6,608.6,-1.735128841462136,2.0785699420201085
method1,4.0,387.7,608.7,-1.735292896449592,2.0723999311496706
method1,4.0,387.8,608.8,-1.7354415244280361,2.066229173707739
method1,4.0,387.9,608.9,-1.735574725397468,2.0600576696943214
method1,4.0,388.0,609.0,-1.7357079263669,2.0538861656809
method1,4.0,388.1,609.1,-1.735810262488368,2.0477133228321867
method1,4.0,388.2,609.2,-1.735912598609836,2.041540479983477
method1,4.0,388.3,609.3,-1.735999497278252,2.035367044906449
method1,4.0,388.4,609.4,-1.736070958493616,2.0291930176011115
method1,4.0,388.5,609.5,-1.73614241970898,2.02301899029577
method1,4.0,388.6,609.6,-1.736182996732356,2.0168439329795804
method1,4.0,388.7,609.7,-1.7362235737557319,2.0106688756633946
method1,4.0,388.8,609.8,-1.736248704426514,2.0044933805962875
method1,4.0,388.9,609.9,-1.736258388744702,1.9983174477782655
method1,4.0,389.0,610.0,-1.73626807306289,1.99214151496024
method1,4.0,389.1,610.1,-1.736246856935754,1.9859648612087786
method1,4.0,389.2,610.2,-1.736225640808618,1.9797882074573208
method1,4.0,389.3,610.3,-1.73618897097548,1.9736112705510953
method1,4.0,389.4,610.4,-1.73613684743634,1.9674340504901096
method1,4.0,389.5,610.5,-1.7360847238972,1.96125683042912
method1,4.0,389.6,610.6,-1.736001686753204,1.9550791987341587
method1,4.0,389.7,610.7,-1.735918649609208,1.9489015670392007
method1,4.0,389.8,610.8,-1.73582015295343,1.9427238068889072
method1,4.0,389.9,610.9,-1.73570619678587,1.9365459182832854
method1,4.0,390.0,611.0,-1.73559224061831,1.93036802967766
method1,4.0,390.1,611.1,-1.735447360782966,1.9241900389285906
method1,4.0,390.2,611.2,-1.7353024809476219,1.9180120481795249
method1,4.0,390.3,611.3,-1.735142137343672,1.9118340837623433
method1,4.0,390.4,611.4,-1.734966329971116,1.9056561456770535
method1,4.0,390.5,611.5,-1.73479052259856,1.89947820759176
method1,4.0,390.6,611.6,-1.7345837845944199,1.8933004770135986
method1,4.0,390.7,611.7,-1.73437704659028,1.8871227464354408
method1,4.0,390.8,611.8,-1.734154842110836,1.8809451970486573
method1,4.0,390.9,611.9,-1.7339171711560881,1.8747678288532554
method1,4.0,391.0,612.0,-1.73367950020134,1.86859046065785
method1,4.0,391.1,612.1,-1.733410894752528,1.8624136097491806
method1,4.0,391.2,612.2,-1.733142289303716,1.8562367588405146
method1,4.0,391.3,612.3,-1.73285821622405,1.8500602440394533
method1,4.0,391.4,612.4,-1.73255867551353,1.8438840653460034
method1,4.0,391.5,612.5,-1.73225913480301,1.83770788665255
method1,4.0,391.6,612.6,-1.731928658839142,1.8315325351233886
method1,4.0,391.7,612.7,-1.7315981828752742,1.8253571835942308
method1,4.0,391.8,612.8,-1.731252239677014,1.8191823231301094
method1,4.0,391.9,612.9,-1.730890829244362,1.8130079537310315
method1,4.0,392.0,613.0,-1.73052941881171,1.80683358433195
method1,4.0,392.1,613.1,-1.7301370754712058,1.8006603520415767
method1,4.0,392.2,613.2,-1.729744732130702,1.794487119751207
method1,4.0,392.3,613.3,-1.7293369235049898,1.7883145335089614
method1,4.0,392.4,613.4,-1.72891364959407,1.7821425933148474
method1,4.0,392.5,613.5,-1.72849037568315,1.77597065312073
method1,4.0,392.6,613.6,-1.7280361743158938,1.7698001600154645
method1,4.0,392.7,613.7,-1.7275819729486381,1.7636296669102027
method1,4.0,392.8,613.8,-1.72711230979863,1.7574599748462412
method1,4.0,392.9,613.9,-1.72662718486587,1.7512910838235873
method1,4.0,393.0,614.0,-1.72614205993311,1.74512219280093
method1,4.0,393.1,614.1,-1.7256260161025219,1.7389550588518965
method1,4.0,393.2,614.2,-1.725109972271934,1.7327879249028666
method1,4.0,393.3,614.3,-1.724578471714722,1.7266217469828293
method1,4.0,393.4,614.4,-1.7240315144308862,1.7204565250917914
method1,4.0,393.5,614.5,-1.72348455714705,1.71429130320075
method1,4.0,393.6,614.6,-1.722906692631502,1.7081281483415527
method1,4.0,393.7,614.7,-1.7223288281159541,1.7019649934823586
method1,4.0,393.8,614.8,-1.721735513483816,1.6958029496187932
method1,4.0,393.9,614.9,-1.721126748735088,1.6896420167508635
method1,4.0,394.0,615.0,-1.72051798398636,1.68348108388293
method1,4.0,394.1,615.1,-1.7198783267799918,1.6773225279473685
method1,4.0,394.2,615.2,-1.719238669573624,1.6711639720118106
method1,4.0,394.3,615.3,-1.718583570414694,1.6650066820018772
method1,4.0,394.4,615.4,-1.717913029303202,1.6588506579175752
method1,4.0,394.5,615.5,-1.71724248819171,1.65269463383327
method1,4.0,394.6,615.6,-1.71654107250459,1.6465412964929886
method1,4.0,394.7,615.7,-1.71583965681747,1.6403879591527106
method1,4.0,394.8,615.8,-1.71512280889574,1.6342360426158253
method1,4.0,394.9,615.9,-1.7143905287394001,1.6280855468823394
method1,4.0,395.0,616.0,-1.71365824858306,1.62193505114885
method1,4.0,395.1,616.1,-1.7128951148407638,1.6157875518510005
method1,4.0,395.2,616.2,-1.712131981098468,1.6096400525531547
method1,4.0,395.3,616.3,-1.711353426393204,1.6034941288686493
method1,4.0,395.4,616.4,-1.7105594507249722,1.5973497807974915
method1,4.0,395.5,616.5,-1.70976547505674,1.59120543272633
method1,4.0,395.6,616.6,-1.7089406698992637,1.5850643906311928
method1,4.0,395.7,616.7,-1.708115864741788,1.5789233485360588
method1,4.0,395.8,616.8,-1.707275651446294,1.5727840367808112
method1,4.0,395.9,616.9,-1.7064200300127823,1.5666464553654573
method1,4.0,396.0,617.0,-1.70556440857927,1.5605088739501
method1,4.0,396.1,617.1,-1.7046779848593339,1.5543749078687625
method1,4.0,396.2,617.2,-1.7037915611393981,1.5482409417874285
method1,4.0,396.3,617.3,-1.702889743659164,1.5421088606735252
method1,4.0,396.4,617.4,-1.7019725324186323,1.5359786645270592
method1,4.0,396.5,617.5,-1.7010553211781,1.52984846838059
method1,4.0,396.6,617.6,-1.7001073379588358,1.5237221967125607
method1,4.0,396.7,617.7,-1.699159354739572,1.5175959250445348
method1,4.0,396.8,617.8,-1.6981959936897937,1.5114716928569074
method1,4.0,396.9,617.9,-1.6972172548095021,1.5053495001496855
method1,4.0,397.0,618.0,-1.69623851592921,1.49922730744246
method1,4.0,397.1,618.1,-1.6952290384812057,1.4931093481133386
method1,4.0,397.2,618.2,-1.694219561033202,1.4869913887842208
method1,4.0,397.3,618.3,-1.6931947232356799,1.4808756233183094
method1,4.0,397.4,618.4,-1.6921545250886403,1.4747620517156115
method1,4.0,397.5,618.5,-1.6911143269416,1.46864848011291
method1,4.0,397.6,618.6,-1.6900434267393238,1.4625394505120806
method1,4.0,397.7,618.7,-1.688972526537048,1.4564304209112546
method1,4.0,397.8,618.8,-1.6878862850164538,1.4503237394107034
method1,4.0,397.9,618.9,-1.6867847021775422,1.4442194060104334
method1,4.0,398.0,619.0,-1.68568311933863,1.43811507261016
method1,4.0,398.1,619.1,-1.6845508740562296,1.4320155895284705
method1,4.0,398.2,619.2,-1.6834186287738302,1.4259161064467847
method1,4.0,398.3,619.3,-1.68227106275335,1.4198191255411354
method1,4.0,398.4,619.4,-1.6811081759947903,1.4137246468115294
method1,4.0,398.5,619.5,-1.67994528923623,1.40763016808192
method1,4.0,398.6,619.6,-1.6787517827427099,1.4015408476494386
method1,4.0,398.7,619.7,-1.67755827624919,1.3954515272169608
method1,4.0,398.8,619.8,-1.6763494711455418,1.3893648628594073
method1,4.0,398.9,619.9,-1.6751253674317663,1.3832808545767854
method1,4.0,399.0,620.0,-1.67390126371799,1.37719684629416
method1,4.0,399.1,620.1,-1.6726465860717656,1.3711183039179067
method1,4.0,399.2,620.2,-1.6713919084255422,1.3650397615416567
method1,4.0,399.3,620.3,-1.670121955843368,1.3589640289468095
method1,4.0,399.4,620.4,-1.6688367283252443,1.3528911061333715
method1,4.0,399.5,620.5,-1.66755150080712,1.34681818331993
method1,4.0,399.6,620.6,-1.6662357482499357,1.3407510336217445
method1,4.0,399.7,620.7,-1.664919995692752,1.3346838839235626
method1,4.0,399.8,620.8,-1.6635889934183918,1.3286196975052933
method1,4.0,399.9,620.9,-1.6622427414268564,1.3225584743669434
method1,4.0,400.0,621.0,-1.66089648943532,1.31649725122859
method1,4.0,400.1,621.1,-1.6595197643855397,1.3104421079829287
method1,4.0,400.2,621.2,-1.6581430393357601,1.3043869647372708
method1,4.0,400.3,621.3,-1.6567510913303818,1.2983349380465654
method1,4.0,400.4,621.4,-1.6553439203694063,1.2922860279108195
method1,4.0,400.5,621.5,-1.65393674940843,1.28623711777507
method1,4.0,400.6,621.6,-1.6524991604537258,1.2801945938469685
method1,4.0,400.7,621.7,-1.6510615714990222,1.2741520699188706
method1,4.0,400.8,621.8,-1.6496087878911478,1.2681128155817714
method1,4.0,400.9,621.9,-1.6481408096301045,1.2620768308356773
method1,4.0,401.0,622.0,-1.64667283136906,1.25604084608958
method1,4.0,401.1,622.1,-1.6451744932584476,1.2500115533726186
method1,4.0,401.2,622.2,-1.643676155147836,1.2439822606556605
method1,4.0,401.3,622.3,-1.6421626522252337,1.2379563903112654
method1,4.0,401.4,622.4,-1.6406339844906423,1.2319339423394393
method1,4.0,401.5,622.5,-1.63910531675605,1.22591149436761
method1,4.0,401.6,622.6,-1.6375463503913217,1.2198960437219446
method1,4.0,401.7,622.7,-1.6359873840265942,1.2138805930762826
method1,4.0,401.8,622.8,-1.6344132842275478,1.2078687173147953
method1,4.0,401.9,622.9,-1.6328240509941843,1.2018604164374893
method1,4.0,402.0,623.0,-1.63123481776082,1.19585211556018
method1,4.0,402.1,623.1,-1.6296153501873556,1.1898511167506987
method1,4.0,402.2,623.2,-1.627995882613892,1.1838501179412206
method1,4.0,402.3,623.3,-1.6263613145178497,1.1778528462421094
method1,4.0,402.4,623.4,-1.6247116458992303,1.1718593016533714
method1,4.0,402.5,623.5,-1.62306197728061,1.16586575706463
method1,4.0,402.6,623.6,-1.6213821416775376,1.1598798186991166
method1,4.0,402.7,623.7,-1.6197023060744662,1.1538938803336065
method1,4.0,402.8,623.8,-1.6180074043920618,1.1479118210038133
method1,4.0,402.9,623.9,-1.6162974366303264,1.1419336407097433
method1,4.0,403.0,624.0,-1.61458746886859,1.13595546041567
method1,4.0,403.1,624.1,-1.6128474045383656,1.1299851898831126
method1,4.0,403.2,624.2,-1.6111073402081422,1.1240149193505586
method1,4.0,403.3,624.3,-1.6093522457706058,1.1180486794628133
method1,4.0,403.4,624.4,-1.6075821212257584,1.1120864702198834
method1,4.0,403.5,624.5,-1.60581199668091,1.10612426097695
method1,4.0,403.6,624.6,-1.6040118490382416,1.1001702643859246
method1,4.0,403.7,624.7,-1.6022117013955743,1.0942162677949026
method1,4.0,403.8,624.8,-1.6003965611435038,1.0882664531261372
method1,4.0,403.9,624.9,-1.5985664282820324,1.0823208203796353
method1,4.0,404.0,625.0,-1.59673629542056,1.07637518763313
method1,4.0,404.1,625.1,-1.5948762159807355,1.0704380697502687
method1,4.0,404.2,625.2,-1.5930161365409121,1.0645009518674107
method1,4.0,404.3,625.3,-1.5911411035124519,1.0585681668372553
method1,4.0,404.4,625.4,-1.5892511168953565,1.0526397146598092
method1,4.0,404.5,625.5,-1.58736113027826,1.04671126248236
method1,4.0,404.6,625.6,-1.5854412766448276,1.0407916266709467
method1,4.0,404.7,625.7,-1.583521423011396,1.0348719908595367
method1,4.0,404.8,625.8,-1.5815866563297636,1.0289568384689434
method1,4.0,404.9,625.9,-1.5796369765999323,1.0230461694991735
method1,4.0,405.0,626.0,-1.5776872968701,1.0171355005294
method1,4.0,405.1,626.1,-1.5757078327219676,1.0112339486880628
method1,4.0,405.2,626.2,-1.5737283685738361,1.0053323968467287
method1,4.0,405.3,626.3,-1.5717340334342578,0.9994354786166858
method1,4.0,405.4,626.4,-1.5697248273032345,0.9935431939979406
method1,4.0,405.5,626.5,-1.56771562117221,0.987650909379192
method1,4.0,405.6,626.6,-1.5656767162501055,0.9817680418807323
method1,4.0,405.7,626.7,-1.5636378113280023,0.9758851743822758
method1,4.0,405.8,626.8,-1.5615840789840219,0.9700070902926735
method1,4.0,405.9,626.9,-1.5595155192181664,0.964133789611932
method1,4.0,406.0,627.0,-1.55744695945231,0.958260488931187
method1,4.0,406.1,627.1,-1.5553487895446134,0.9523969045615028
method1,4.0,406.2,627.2,-1.5532506196369182,0.9465333201918221
method1,4.0,406.3,627.3,-1.5511376673860857,0.9406746686204076
method1,4.0,406.4,627.4,-1.5490099327921185,0.9348209498472659
method1,4.0,406.5,627.5,-1.54688219819815,0.928967231074121
method1,4.0,406.6,627.6,-1.5447249451261456,0.923123526971301
method1,4.0,406.7,627.7,-1.5425676920541422,0.9172798228684841
method1,4.0,406.8,627.8,-1.5403957032230937,0.9114412005299833
method1,4.0,406.9,627.9,-1.5382089786330024,0.9056076599558054
method1,4.0,407.0,628.0,-1.53602225404291,0.899774119381624
method1,4.0,407.1,628.1,-1.5338061056453816,0.8939508909751259
method1,4.0,407.2,628.2,-1.5315899572478544,0.8881276625686311
method1,4.0,407.3,628.3,-1.5293591211767779,0.8823096644539764
method1,4.0,407.4,628.4,-1.5271135974321546,0.8764968966311684
method1,4.0,407.5,628.5,-1.52486807368753,0.870684128808357
method1,4.0,407.6,628.6,-1.5225932238047815,0.8648819697583917
method1,4.0,407.7,628.7,-1.5203183739220343,0.8590798107084296
method1,4.0,407.8,628.8,-1.5180288859485138,0.8532830300241615
method1,4.0,407.9,628.9,-1.5157247598842225,0.8474916277055939
method1,4.0,408.0,629.0,-1.51342063381993,0.841700225387023
method1,4.0,408.1,629.1,-1.5110872822771735,0.8359197275240261
method1,4.0,408.2,629.2,-1.5087539307344182,0.8301392296610325
method1,4.0,408.3,629.3,-1.5064059921766857,0.8243642577688324
method1,4.0,408.4,629.4,-1.5040434666039786,0.8185948118474323
method1,4.0,408.5,629.5,-1.50168094103127,0.812825365926029
method1,4.0,408.6,629.6,-1.4992892936214135,0.8070671191903337
method1,4.0,408.7,629.7,-1.4968976462115584,0.8013088724546417
method1,4.0,408.8,629.8,-1.4944914643511158,0.7955562988110222
method1,4.0,408.9,629.9,-1.4920707480400885,0.7898093982594817
method1,4.0,409.0,630.0,-1.48965003172906,0.784062497707938
method1,4.0,409.1,630.1,-1.4872003001948675,0.7783270900895854
method1,4.0,409.2,630.2,-1.4847505686606763,0.7725916824712362
method1,4.0,409.3,630.3,-1.4822863567243256,0.766862094567412
method1,4.0,409.4,630.4,-1.4798076643858185,0.7611383263781191
method1,4.0,409.5,630.5,-1.47732897204731,0.755414558188823
method1,4.0,409.6,630.6,-1.4748213740629894,0.7497025756675457
method1,4.0,409.7,630.7,-1.4723137760786702,0.7439905931462716
method1,4.0,409.8,630.8,-1.4697917532199238,0.7382845764481725
method1,4.0,409.9,630.9,-1.4672553054867525,0.7325845255732548
method1,4.0,410.0,631.0,-1.46471885775358,0.726884474698334
method1,4.0,410.1,631.1,-1.4621536169057354,0.7211965011837279
method1,4.0,410.2,631.2,-1.4595883760578923,0.715508527669125
method1,4.0,410.3,631.3,-1.4570087673377896,0.7098266655576138
method1,4.0,410.4,631.4,-1.4544147907454306,0.7041509148492004
method1,4.0,410.5,631.5,-1.45182081415307,0.698475164140784
method1,4.0,410.6,631.6,-1.4491981599210535,0.6928117814126199
method1,4.0,410.7,631.7,-1.4465755056890384,0.687148398684459
method1,4.0,410.8,631.8,-1.4439385420563458,0.6814912723956997
method1,4.0,410.9,631.9,-1.4412872690229785,0.6758404025463485
method1,4.0,411.0,632.0,-1.43863599598961,0.670189532696994
method1,4.0,411.1,632.1,-1.4359561637252973,0.6645513203457715
method1,4.0,411.2,632.2,-1.4332763314609864,0.6589131079945522
method1,4.0,411.3,632.3,-1.4305822497318137,0.6532812965605975
method1,4.0,411.4,632.4,-1.4278739185377827,0.6476558860439139
method1,4.0,411.5,632.5,-1.42516558734375,0.642030475527227
method1,4.0,411.6,632.6,-1.4224288182506815,0.6364180108948602
method1,4.0,411.7,632.7,-1.4196920491576144,0.6308055462624965
method1,4.0,411.8,632.8,-1.4169410919944176,0.6251996264520365
method1,4.0,411.9,632.9,-1.4141759467610946,0.6196002514634869
method1,4.0,412.0,633.0,-1.41141080152777,0.614000876474934
method1,4.0,412.1,633.1,-1.4086173426397053,0.6084147345956955
method1,4.0,412.2,633.2,-1.4058238837516421,0.6028285927164603
method1,4.0,412.3,633.3,-1.4030162996416256,0.5972491389758012
method1,4.0,412.4,633.4,-1.4001945903096586,0.5916763733737247
method1,4.0,412.5,633.5,-1.39737288097769,0.586103607771645
method1,4.0,412.6,633.6,-1.3945229851365812,0.5805443613132578
method1,4.0,412.7,633.7,-1.3916730892954743,0.5749851148548737
method1,4.0,412.8,633.8,-1.3888091325284135,0.5694326992491014
method1,4.0,412.9,633.9,-1.3859311148354025,0.5638871144959473
method1,4.0,413.0,634.0,-1.38305309714239,0.55834152974279
method1,4.0,413.1,634.1,-1.3801470229757453,0.5528097489477691
method1,4.0,413.2,634.2,-1.3772409488091024,0.5472779681527514
method1,4.0,413.3,634.3,-1.3743208794545516,0.5417531603071076
method1,4.0,413.4,634.4,-1.3713868149120967,0.5362353254108438
method1,4.0,413.5,634.5,-1.36845275036964,0.530717490514577
method1,4.0,413.6,634.6,-1.3654907622672834,0.5252137431417705
method1,4.0,413.7,634.7,-1.3625287741649283,0.5197099957689671
method1,4.0,413.8,634.8,-1.3595528580488516,0.5142133628104611
method1,4.0,413.9,634.9,-1.3565630139190565,0.5087238442662586
method1,4.0,414.0,635.0,-1.35357316978926,0.503234325722053
method1,4.0,414.1,635.1,-1.3505555378795313,0.4977591769884057
method1,4.0,414.2,635.2,-1.3475379059698045,0.4922840282547616
method1,4.0,414.3,635.3,-1.3445064146506118,0.48681613475397895
method1,4.0,414.4,635.4,-1.3414610639219569,0.481355496486064
method1,4.0,414.5,635.5,-1.3384157131933,0.475894858218146
method1,4.0,414.6,635.6,-1.3353427133186473,0.47044887074070596
method1,4.0,414.7,635.7,-1.3322697134439965,0.46500288326326905
method1,4.0,414.8,635.8,-1.3291829241879898,0.459564291176438
method1,4.0,414.9,635.9,-1.3260823455506308,0.45413309448021905
method1,4.0,415.0,636.0,-1.32298176691327,0.448701897783997
method1,4.0,415.1,636.1,-1.3198536806052412,0.443285631522119
method1,4.0,415.2,636.2,-1.3167255942972143,0.437869365260244
method1,4.0,415.3,636.3,-1.3135837900534457,0.4324606338715088
method1,4.0,415.4,636.4,-1.3104282678739387,0.42705943735591945
method1,4.0,415.5,636.5,-1.30727274569443,0.421658240840327
method1,4.0,415.6,636.6,-1.3040898601481172,0.41627225303817056
method1,4.0,415.7,636.7,-1.3009069746018063,0.4108862652360172
method1,4.0,415.8,636.8,-1.2977104439763616,0.40550795109997956
method1,4.0,415.9,636.9,-1.2945002682717868,0.4001373106300638
method1,4.0,416.0,637.0,-1.29129009256721,0.394766670160145
method1,4.0,416.1,637.1,-1.2880527006150773,0.38941151528936135
method1,4.0,416.2,637.2,-1.2848153086629464,0.3840563604185808
method1,4.0,416.3,637.3,-1.2815643458926396,0.37870901730307177
method1,4.0,416.4,637.4,-1.2782998123041607,0.3733694859428404
method1,4.0,416.5,637.5,-1.27503527871568,0.368029954582606
method1,4.0,416.6,637.6,-1.2717436788008352,0.3627061842853188
method1,4.0,416.7,637.7,-1.2684520788859923,0.3573824139880346
method1,4.0,416.8,637.8,-1.2651469838114835,0.3520665928171376
method1,4.0,416.9,637.9,-1.2618283935773127,0.3467587207726338
method1,4.0,417.0,638.0,-1.25850980334314,0.341450848728127
method1,4.0,417.1,638.1,-1.2551642994920074,0.3361590117601518
method1,4.0,417.2,638.2,-1.2518187956408764,0.3308671747921796
method1,4.0,417.3,638.3,-1.2484598736792156,0.3255834235895322
method1,4.0,417.4,638.4,-1.2450875336070288,0.3203077581522156
method1,4.0,417.5,638.5,-1.24171519353484,0.315032092714896
method1,4.0,417.6,638.6,-1.2383160953292833,0.30977273488922724
method1,4.0,417.7,638.7,-1.2349169971237284,0.3045133770635614
method1,4.0,417.8,638.8,-1.2315045592403155,0.2992622408958948
method1,4.0,417.9,638.9,-1.2280787816790488,0.2940193263862334
method1,4.0,418.0,639.0,-1.22465300411778,0.288776411876569
method1,4.0,418.1,639.1,-1.2212006266666313,0.2835500760071354
method1,4.0,418.2,639.2,-1.2177482492154843,0.2783237401377048
method1,4.0,418.3,639.3,-1.2142826118954735,0.27310576105868184
method1,4.0,418.4,639.4,-1.2108037147066029,0.2678961387700724
method1,4.0,418.5,639.5,-1.20732481751773,0.26268651648146
method1,4.0,418.6,639.6,-1.2038194814277692,0.2574937423271516
method1,4.0,418.7,639.7,-1.2003141453378103,0.2523009681728462
method1,4.0,418.8,639.8,-1.1967956305569336,0.2471166851671478
method1,4.0,418.9,639.9,-1.1932639370851428,0.24194089331006238
method1,4.0,419.0,640.0,-1.18973224361335,0.236765101452974
method1,4.0,419.1,640.1,-1.1861742749597013,0.23160642566196882
method1,4.0,419.2,640.2,-1.1826163063060544,0.22644774987096658
method1,4.0,419.3,640.3,-1.1790452415008836,0.22129769879868963
method1,4.0,419.4,640.4,-1.175461080544193,0.21615627244514377
method1,4.0,419.5,640.5,-1.1718769195875,0.211014846091595
method1,4.0,419.6,640.6,-1.1682666498834713,0.20589080214593103
method1,4.0,419.7,640.7,-1.1646563801794445,0.20076675820026998
method1,4.0,419.8,640.8,-1.1610330982170896,0.19565147174158223
method1,4.0,419.9,640.9,-1.1573968039964109,0.19054494276987358
method1,4.0,420.0,641.0,-1.15376050977573,0.185438413798162
method1,4.0,420.1,641.1,-1.150098275942089,0.18034953195865805
method1,4.0,420.2,641.2,-1.1464360421084503,0.17526065011915698
method1,4.0,420.3,641.3,-1.1427608812556935,0.17018065771927623
method1,4.0,420.4,641.4,-1.1390727933838227,0.16510955475902156
method1,4.0,420.5,641.5,-1.13538470551195,0.160038451798764
method1,4.0,420.6,641.6,-1.1316708498456411,0.15498525905018004
method1,4.0,420.7,641.7,-1.1279569941793344,0.14993206630159897
method1,4.0,420.8,641.8,-1.1242302980712175,0.14488789411604963
method1,4.0,420.9,641.9,-1.120490761521295,0.13985274249353774
method1,4.0,421.0,642.0,-1.11675122497137,0.134817590871023
method1,4.0,421.1,642.1,-1.1129860951136812,0.12980061086756906
method1,4.0,421.2,642.2,-1.1092209652559946,0.12478363086411796
method1,4.0,421.3,642.3,-1.1054430828638315,0.11977580170429562
method1,4.0,421.4,642.4,-1.1016524479371967,0.11477712338810774
method1,4.0,421.5,642.5,-1.09786181301056,0.109778445071917
method1,4.0,421.6,642.6,-1.094045761914723,0.10479819808304959
method1,4.0,421.7,642.7,-1.0902297108188885,0.09981795109418501
method1,4.0,421.8,642.8,-1.0864009964177477,0.09484698437324832
method1,4.0,421.9,642.9,-1.082559618711305,0.08988529792024516
method1,4.0,422.0,643.0,-1.07871824100486,0.0849236114672392
method1,4.0,422.1,643.1,-1.074851626903131,0.07998061432377383
method1,4.0,422.2,643.2,-1.0709850128014045,0.07503761718031128
method1,4.0,422.3,643.3,-1.0671058259370276,0.070104028859363
method1,4.0,422.4,643.4,-1.063214066310005,0.0651798493609346
method1,4.0,422.5,643.5,-1.05932230668298,0.0602556698625034
method1,4.0,422.6,643.6,-1.0554054930531391,0.055350435903064765
method1,4.0,422.7,643.7,-1.0514886794233005,0.05044520194362892
method1,4.0,422.8,643.8,-1.0475593848784854,0.04554950447824755
method1,4.0,422.9,643.9,-1.0436176094186989,0.040663343506926214
method1,4.0,423.0,644.0,-1.03967583395891,0.0357771825356021
method1,4.0,423.1,644.1,-1.0357091894902293,0.030910221553362874
method1,4.0,423.2,644.2,-1.0317425450215505,0.026043260571126416
method1,4.0,423.3,644.3,-1.0277635127819797,0.02118596285819769
method1,4.0,423.4,644.4,-1.023772092771521,0.016338328414582222
method1,4.0,423.5,644.5,-1.01978067276106,0.011490693970964
method1,4.0,423.6,644.6,-1.0157645713197472,0.00666251216076454
method1,4.0,423.7,644.7,-1.0117484698784365,0.001834330350567825
method1,4.0,423.8,644.8,-1.0077200750979802,-0.0029840623245244906
method1,4.0,423.9,644.9,-1.0036793869783833,-0.0077926658645069286
method1,4.0,424.0,645.0,-0.999638698858784,-0.0126012694044921
method1,4.0,424.1,645.1,-0.9955735194528554,-0.017390169498739026
method1,4.0,424.2,645.2,-0.9915083400469292,-0.022179069592983235
method1,4.0,424.3,645.3,-0.9874309630123969,-0.026958055608855003
method1,4.0,424.4,645.4,-0.9833413883492631,-0.03172712754634889
method1,4.0,424.5,645.5,-0.979251813686127,-0.0364961994838455
method1,4.0,424.6,645.6,-0.9751379404297909,-0.04124531902135534
method1,4.0,424.7,645.7,-0.9710240671734571,-0.04599443855886248
method1,4.0,424.8,645.8,-0.9668980932688319,-0.05073352001025782
method1,4.0,424.9,645.9,-0.9627600187159201,-0.05546256337553596
method1,4.0,425.0,646.0,-0.958621944163006,-0.0601916067408168
method1,4.0,425.1,646.1,-0.9544597662404702,-0.06490045063583443
method1,4.0,425.2,646.2,-0.9502975883179369,-0.06960929453084938
method1,4.0,425.3,646.3,-0.9461234079880695,-0.0743079772804359
method1,4.0,425.4,646.4,-0.941937225250873,-0.07899649888458861
method1,4.0,425.5,646.5,-0.937751042513674,-0.083685020488744
method1,4.0,425.6,646.6,-0.9335409541424599,-0.08835309746205851
method1,4.0,425.7,646.7,-0.9293308657712481,-0.09302117443537035
method1,4.0,425.8,646.8,-0.9251088744850215,-0.09767896816518201
method1,4.0,425.9,646.9,-0.920874980283785,-0.10232647865148818
method1,4.0,426.0,647.0,-0.916641086082546,-0.106973989137797
method1,4.0,426.1,647.1,-0.9123834864762654,-0.11160081176791126
method1,4.0,426.2,647.2,-0.9081258868699873,-0.11622763439802287
method1,4.0,426.3,647.3,-0.9038564850829779,-0.12084405266052473
method1,4.0,426.4,647.4,-0.8995752811152422,-0.12545006655541155
method1,4.0,426.5,647.5,-0.895294077147504,-0.130056080450301
method1,4.0,426.6,647.6,-0.890989370478111,-0.13464116522423725
method1,4.0,426.7,647.7,-0.8866846638087205,-0.13922624999817088
method1,4.0,426.8,647.8,-0.8823682569253117,-0.14380081026698294
method1,4.0,426.9,647.9,-0.8780401498278896,-0.14836484603066816
method1,4.0,427.0,648.0,-0.873712042730465,-0.152928881794356
method1,4.0,427.1,648.1,-0.8693606380900116,-0.15747174915807943
method1,4.0,427.2,648.2,-0.8650092334495607,-0.16201461652180027
method1,4.0,427.3,648.3,-0.8606462317845703,-0.1665468402420267
method1,4.0,427.4,648.4,-0.8562716330950454,-0.17106842031875358
method1,4.0,427.5,648.5,-0.851897034405518,-0.175590000395483
method1,4.0,427.6,648.6,-0.8474993457673619,-0.18009017480398362
method1,4.0,427.7,648.7,-0.8431016571292081,-0.18459034921248169
method1,4.0,427.8,648.8,-0.8386924758689763,-0.18907976185068873
method1,4.0,427.9,648.9,-0.8342718019866714,-0.19355841271859958
method1,4.0,428.0,649.0,-0.829851128104364,-0.198037063586513
method1,4.0,428.1,649.1,-0.8254075742839106,-0.20249407355345841
method1,4.0,428.2,649.2,-0.8209640204634597,-0.20695108352040129
method1,4.0,428.3,649.3,-0.8165090796264529,-0.2113972146141897
method1,4.0,428.4,649.4,-0.8120427517728952,-0.2158324668348186
method1,4.0,428.5,649.5,-0.807576423919335,-0.22026771905545
method1,4.0,428.6,649.6,-0.8030874285342315,-0.22468109720250581
method1,4.0,428.7,649.7,-0.7985984331491307,-0.22909447534955912
method1,4.0,428.8,649.8,-0.7940981575460246,-0.23349685855676872
method1,4.0,428.9,649.9,-0.7895866017249187,-0.2378882468241296
method1,4.0,429.0,650.0,-0.78507504590381,-0.242279635091493
method1,4.0,429.1,650.1,-0.780541037333669,-0.24664891819721357
method1,4.0,429.2,650.2,-0.7760070287635306,-0.2510182013029317
method1,4.0,429.3,650.3,-0.771461847956793,-0.25537637445045125
method1,4.0,429.4,650.4,-0.7669054949134613,-0.2597234376397674
method1,4.0,429.5,650.5,-0.762349141870127,-0.264070500829086
method1,4.0,429.6,650.6,-0.7577705532157364,-0.2683952298774298
method1,4.0,429.7,650.7,-0.7531919645613483,-0.2727199589257711
method1,4.0,429.8,650.8,-0.7486023128243403,-0.27703346405794027
method1,4.0,429.9,650.9,-0.7440015980047174,-0.2813357452739324
method1,4.0,430.0,651.0,-0.739400883185092,-0.285638026489927
method1,4.0,430.1,651.1,-0.7347781522271374,-0.28991774671836595
method1,4.0,430.2,651.2,-0.7301554212691854,-0.2941974669468025
method1,4.0,430.3,651.3,-0.7255217375447457,-0.2984658503734319
method1,4.0,430.4,651.4,-0.7208771010538237,-0.3027228969982492
method1,4.0,430.5,651.5,-0.716232464562899,-0.306979943623069
method1,4.0,430.6,651.6,-0.7115660337201899,-0.3112142045702936
method1,4.0,430.7,651.7,-0.7068996028774835,-0.3154484655175157
method1,4.0,430.8,651.8,-0.7022223307360494,-0.3196712778614785
method1,4.0,430.9,651.9,-0.697534217295893,-0.32388264160217706
method1,4.0,431.0,652.0,-0.692846103855734,-0.328094005342878
method1,4.0,431.1,652.1,-0.6881364201429473,-0.33228236089609575
method1,4.0,431.2,652.2,-0.6834267364301634,-0.33647071644931115
method1,4.0,431.3,652.3,-0.6787063240273803,-0.3406475126937461
method1,4.0,431.4,652.4,-0.6739751829346035,-0.3448127496293959
method1,4.0,431.5,652.5,-0.669244041841824,-0.348977986565048
method1,4.0,431.6,652.6,-0.6644915568267769,-0.3531199950068514
method1,4.0,431.7,652.7,-0.6597390718117325,-0.35726200344865233
method1,4.0,431.8,652.8,-0.6549759718456086,-0.36139234298372785
method1,4.0,431.9,652.9,-0.6502022569284107,-0.3655110136120733
method1,4.0,432.0,653.0,-0.64542854201121,-0.369629684240421
method1,4.0,432.1,653.1,-0.6406337117716201,-0.3737249082952675
method1,4.0,432.2,653.2,-0.6358388815320329,-0.37782013235011175
method1,4.0,432.3,653.3,-0.6310335511995904,-0.3819035790193911
method1,4.0,432.4,653.4,-0.626217720774298,-0.38597524830310087
method1,4.0,432.5,653.5,-0.621401890349003,-0.390046917586813
method1,4.0,432.6,653.6,-0.616565175428825,-0.3940949244670375
method1,4.0,432.7,653.7,-0.6117284605086499,-0.3981429313472597
method1,4.0,432.8,653.8,-0.6068813614621287,-0.4021790534936182
method1,4.0,432.9,653.9,-0.6020238782892667,-0.40620329090610846
method1,4.0,433.0,654.0,-0.597166395116402,-0.410227528318601
method1,4.0,433.1,654.1,-0.5922882604816425,-0.4142278897700407
method1,4.0,433.2,654.2,-0.5874101258468858,-0.41822825122147816
method1,4.0,433.3,654.3,-0.5825217241494605,-0.4222166217326059
method1,4.0,433.4,654.4,-0.5776230553893722,-0.4261930013034193
method1,4.0,433.5,654.5,-0.572724386629281,-0.430169380874235
method1,4.0,433.6,654.6,-0.5678053016233875,-0.4341216732213895
method1,4.0,433.7,654.7,-0.5628862166174968,-0.4380739655685417
method1,4.0,433.8,654.8,-0.5579569826985304,-0.44201416192200765
method1,4.0,433.9,654.9,-0.5530175998664941,-0.4459422622817827
method1,4.0,434.0,655.0,-0.548078217034455,-0.44987036264156
method1,4.0,434.1,655.1,-0.5431186553332231,-0.4537741668323237
method1,4.0,434.2,655.2,-0.538159093631994,-0.45767797102308516
method1,4.0,434.3,655.3,-0.5331895022418485,-0.4615695753309482
method1,4.0,434.4,655.4,-0.5282098811627921,-0.46544897975590854
method1,4.0,434.5,655.5,-0.523230260083733,-0.469328384180871
method1,4.0,434.6,655.6,-0.5182306996497607,-0.4731832858308255
method1,4.0,434.7,655.7,-0.5132311392157911,-0.47703818748077775
method1,4.0,434.8,655.8,-0.5082216693801546,-0.48088078653377425
method1,4.0,434.9,655.9,-0.5032022901428567,-0.4847110829898105
method1,4.0,435.0,656.0,-0.498182910905556,-0.488541379445849
method1,4.0,435.1,656.1,-0.49314383394225925,-0.4923469688820899
method1,4.0,435.2,656.2,-0.4881047569789654,-0.49615255831832855
method1,4.0,435.3,656.3,-0.48305589195275805,-0.4999457436295862
method1,4.0,435.4,656.4,-0.477997238863643,-0.5037265248158586
method1,4.0,435.5,656.5,-0.472938585774525,-0.507507306002133
method1,4.0,435.6,656.6,-0.46786047867966823,-0.5112631783066742
method1,4.0,435.7,656.7,-0.4627823715848144,-0.5150190506112133
method1,4.0,435.8,656.8,-0.4576945988056174,-0.5187624184595342
method1,4.0,435.9,656.9,-0.45259716034208314,-0.5224932818516325
method1,4.0,436.0,657.0,-0.447499721878546,-0.526224145243733
method1,4.0,436.1,657.1,-0.44238307519738285,-0.5299299002964138
method1,4.0,436.2,657.2,-0.4372664285162226,-0.5336356553490925
method1,4.0,436.3,657.3,-0.43214023955729364,-0.5373288068217535
method1,4.0,436.4,657.4,-0.42700450832060177,-0.5410093547143927
method1,4.0,436.5,657.5,-0.421868777083907,-0.544689902607034
method1,4.0,436.6,657.6,-0.4167140854618218,-0.5483451451280045
method1,4.0,436.7,657.7,-0.41155939383973955,-0.5520003876489729
method1,4.0,436.8,657.8,-0.40639528436256117,-0.5556429286840865
method1,4.0,436.9,657.9,-0.40122175703029256,-0.5592727682333413
method1,4.0,437.0,658.0,-0.396048229698021,-0.562902607782598
method1,4.0,437.1,658.1,-0.390855991832797,-0.5665069473742976
method1,4.0,437.2,658.2,-0.38566375396757596,-0.5701112869659952
method1,4.0,437.3,658.3,-0.380462223673999,-0.5737028283943802
method1,4.0,437.4,658.4,-0.375251400952072,-0.5772815716594486
method1,4.0,437.5,658.5,-0.370040578230142,-0.580860314924519
method1,4.0,437.6,658.6,-0.36481129682374086,-0.5844133661132201
method1,4.0,437.7,658.7,-0.35958201541734264,-0.5879664173019195
method1,4.0,437.8,658.8,-0.3543435680012794,-0.5915065748885137
method1,4.0,437.9,658.9,-0.3490959545755572,-0.5950338388729988
method1,4.0,438.0,659.0,-0.343848341149832,-0.598561102857486
method1,4.0,438.1,659.1,-0.3385825228597928,-0.6020624851343372
method1,4.0,438.2,659.2,-0.3333167045697566,-0.6055638674111864
method1,4.0,438.3,659.3,-0.328041847668454,-0.6090522618959818
method1,4.0,438.4,659.4,-0.32275795215589104,-0.6125276685887194
method1,4.0,438.5,659.5,-0.317474056643325,-0.616003075281459
method1,4.0,438.6,659.6,-0.3121722120337206,-0.6194524131430562
method1,4.0,438.7,659.7,-0.30687036742411916,-0.6229017510046514
method1,4.0,438.8,659.8,-0.3015596125690272,-0.6263380081431358
method1,4.0,438.9,659.9,-0.2962399474684506,-0.6297611845585054
method1,4.0,439.0,660.0,-0.290920282367871,-0.633184360973877
method1,4.0,439.1,660.1,-0.2855829258598498,-0.6365812839623549
method1,4.0,439.2,660.2,-0.28024556935183165,-0.639978206950831
method1,4.0,439.3,660.3,-0.27489943191903143,-0.6433619575539627
method1,4.0,439.4,660.4,-0.26954451356145526,-0.6467325357717464
method1,4.0,439.5,660.5,-0.264189595203876,-0.650103113989532
method1,4.0,439.6,660.6,-0.2588172450258104,-0.653447256732152
method1,4.0,439.7,660.7,-0.2534448948477478,-0.65679139947477
method1,4.0,439.8,660.8,-0.2480638940079984,-0.660122279448444
method1,4.0,439.9,660.9,-0.24267424250656822,-0.66343989665317
method1,4.0,440.0,661.0,-0.237284591005135,-0.666757513857898
method1,4.0,440.1,661.1,-0.23187776914232455,-0.6700485161061696
method1,4.0,440.2,661.2,-0.22647094727951722,-0.6733395183544393
method1,4.0,440.3,661.3,-0.2210556059478682,-0.6766171687384768
method1,4.0,440.4,661.4,-0.21563174514738362,-0.6798814672582785
method1,4.0,440.5,661.5,-0.210207884346896,-0.683145765778082
method1,4.0,440.6,661.6,-0.20476711649092355,-0.6863832724463527
method1,4.0,440.7,661.7,-0.19932634863495421,-0.6896207791146216
method1,4.0,440.8,661.8,-0.193877193419986,-0.6928448461212464
method1,4.0,440.9,661.9,-0.18841965084602505,-0.6960554734662233
method1,4.0,441.0,662.0,-0.182962108272061,-0.699266100811202
method1,4.0,441.1,662.1,-0.17748792376969455,-0.7024497620147804
method1,4.0,441.2,662.2,-0.1720137392673312,-0.7056334232183569
method1,4.0,441.3,662.3,-0.16653130041998018,-0.7088035582701787
method1,4.0,441.4,662.4,-0.16104060722764765,-0.7119601671702425
method1,4.0,441.5,662.5,-0.155549914035312,-0.715116776070308
method1,4.0,441.6,662.6,-0.15004284583705993,-0.7182462471630559
method1,4.0,441.7,662.7,-0.144535777638811,-0.721375718255802
method1,4.0,441.8,662.8,-0.13902058900080635,-0.7244915780232953
method1,4.0,441.9,662.9,-0.13349727992305224,-0.7275938264655323
method1,4.0,442.0,663.0,-0.127973970845295,-0.730696074907771
method1,4.0,442.1,663.1,-0.12243455545355293,-0.7337710165191997
method1,4.0,442.2,663.2,-0.11689514006181402,-0.7368459581306267
method1,4.0,442.3,663.3,-0.11134773901374577,-0.7399072045690872
method1,4.0,442.4,663.4,-0.10579235230935446,-0.7429547558345777
method1,4.0,442.5,663.5,-0.10023696560496,-0.74600230710007
method1,4.0,442.6,663.6,-0.09466574302178217,-0.7490223851719191
method1,4.0,442.7,663.7,-0.08909452043860751,-0.7520424632437664
method1,4.0,442.8,663.8,-0.0835154478475882,-0.7550487636297705
method1,4.0,442.9,663.9,-0.07792852524873059,-0.7580412863299278
method1,4.0,443.0,664.0,-0.0723416026498698,-0.761033809030087
method1,4.0,443.1,664.1,-0.06673911632436133,-0.7639986948523849
method1,4.0,443.2,664.2,-0.06113662999885604,-0.7669635806746811
method1,4.0,443.3,664.3,-0.05552643016583606,-0.7699146076420084
method1,4.0,443.4,664.4,-0.04990851682530778,-0.7728517757543634
method1,4.0,443.5,664.5,-0.0442906034847763,-0.77578894386672
method1,4.0,443.6,664.6,-0.0386574002601125,-0.7786983141133295
method1,4.0,443.7,664.7,-0.033024197035451903,-0.7816076843599373
method1,4.0,443.8,664.8,-0.027383417642134457,-0.7845031159349901
method1,4.0,443.9,664.9,-0.021735062080166585,-0.7873846088384847
method1,4.0,444.0,665.0,-0.0160867065181955,-0.790266101741981
method1,4.0,444.1,665.1,-0.010423336578294168,-0.7931196385056068
method1,4.0,444.2,665.2,-0.004759966638396056,-0.7959731752692311
method1,4.0,444.3,665.3,0.0009108413061813334,-0.7988126949059113
method1,4.0,444.4,665.4,0.006589087255431553,-0.8016381974156443
method1,4.0,444.5,665.5,0.012267333204685,-0.804463699925379
method1,4.0,444.6,665.6,0.017960316388897373,-0.8072610907520676
method1,4.0,444.7,665.7,0.023653299573106513,-0.8100584815787547
method1,4.0,444.8,665.8,0.029353581786382008,-0.8128417781928243
method1,4.0,444.9,665.9,0.03506116302871738,-0.8156109805942734
method1,4.0,445.0,666.0,0.040768744271056,-0.818380182995724
method1,4.0,445.1,666.1,0.0464907839956715,-0.8211211209188071
method1,4.0,445.2,666.2,0.05221282372028375,-0.8238620588418886
method1,4.0,445.3,666.3,0.05794202270030549,-0.8265888268447873
method1,4.0,445.4,666.4,0.06367838093573022,-0.8293014249275004
method1,4.0,445.5,666.5,0.0694147391711582,-0.832014023010215
method1,4.0,445.6,666.6,0.07516527555372755,-0.8346982065837384
method1,4.0,445.7,666.7,0.08091581193629363,-0.8373823901572603
method1,4.0,445.8,666.8,0.08667336701622379,-0.8400523294893908
method1,4.0,445.9,666.9,0.0924379407935115,-0.8427080245801266
method1,4.0,446.0,667.0,0.0982025145708025,-0.845363719670864
method1,4.0,446.1,667.1,0.103980984605074,-0.8479908530024626
method1,4.0,446.2,667.2,0.10975945463934224,-0.8506179863340597
method1,4.0,446.3,667.3,0.11554480204230386,-0.8532308024975362
method1,4.0,446.4,667.4,0.12133702681395228,-0.8558293014928894
method1,4.0,446.5,667.5,0.127129251585604,-0.858427800488244
method1,4.0,446.6,667.6,0.1329350891966241,-0.8609975932714785
method1,4.0,446.7,667.7,0.13874092680764094,-0.8635673860547116
method1,4.0,446.8,667.8,0.14455349970188386,-0.8661227901455528
method1,4.0,446.9,667.9,0.15037280787934626,-0.8686638055439992
method1,4.0,447.0,668.0,0.156192116056812,-0.871204820942447
method1,4.0,447.1,668.1,0.16202475215636053,-0.8737169884885968
method1,4.0,447.2,668.2,0.16785738825590574,-0.8762291560347452
method1,4.0,447.3,668.3,0.17369661681033627,-0.8787268647745337
method1,4.0,447.4,668.4,0.1795424378196455,-0.8812101147079596
method1,4.0,447.5,668.5,0.185388258828958,-0.883693364641387
method1,4.0,447.6,668.6,0.19124712137128932,-0.8861476279106819
method1,4.0,447.7,668.7,0.19710598391361733,-0.8886018911799755
method1,4.0,447.8,668.8,0.20297129535362146,-0.8910416269469534
method1,4.0,447.9,668.9,0.20884305569129505,-0.8934668352116131
method1,4.0,448.0,669.0,0.214714816028972,-0.895892043476274
method1,4.0,448.1,669.1,0.22059933006692733,-0.8982881291085938
method1,4.0,448.2,669.2,0.22648384410487932,-0.9006842147409121
method1,4.0,448.3,669.3,0.23237466276850227,-0.9030657056005347
method1,4.0,448.4,669.4,0.23827178605778945,-0.9054326016874586
method1,4.0,448.5,669.5,0.24416890934708,-0.907799497774384
method1,4.0,448.6,669.6,0.25007849708845614,-0.9101371381193732
method1,4.0,448.7,669.7,0.25598808482982893,-0.9124747784643613
method1,4.0,448.8,669.8,0.2619038322242385,-0.9147977581992794
method1,4.0,448.9,669.9,0.2678257392716781,-0.9171060773241251
method1,4.0,449.0,670.0,0.273747646319121,-0.919414396448972
method1,4.0,449.1,670.1,0.27968172718341555,-0.9216933295956221
method1,4.0,449.2,670.2,0.2856158080477067,-0.923972262742271
method1,4.0,449.3,670.3,0.29155590290599925,-0.9262364708817661
method1,4.0,449.4,670.4,0.29750201175828644,-0.9284859540141049
method1,4.0,449.5,670.5,0.303448120610577,-0.930735437146445
method1,4.0,449.6,670.6,0.30940611128597556,-0.9329554069520887
method1,4.0,449.7,670.7,0.3153641019613707,-0.9351753767577311
method1,4.0,449.8,670.8,0.3213279602996531,-0.937380558606575
method1,4.0,449.9,670.9,0.32729768630081585,-0.9395709524986179
method1,4.0,450.0,671.0,0.333267412301982,-0.941761346390662
method1,4.0,450.1,671.1,0.33924872680270973,-0.9439221025094221
method1,4.0,450.2,671.2,0.3452300413034341,-0.946082858628181
method1,4.0,450.3,671.3,0.3512170764782255,-0.9482287652949338
method1,4.0,450.4,671.4,0.35720983232707704,-0.9503598225096783
method1,4.0,450.5,671.5,0.363202588175932,-0.952490879724424
method1,4.0,450.6,671.6,0.36920663789985336,-0.9545921776350769
method1,4.0,450.7,671.7,0.3752106876237713,-0.9566934755457285
method1,4.0,450.8,671.8,0.3812203103897003,-0.9587798639704684
method1,4.0,450.9,671.9,0.3872355061976334,-0.9608513429092941
method1,4.0,451.0,672.0,0.39325070200557,-0.962922821848121
method1,4.0,451.1,672.1,0.3992768957921002,-0.9649644228813951
method1,4.0,451.2,672.2,0.40530308957862693,-0.9670060239146681
method1,4.0,451.3,672.3,0.4113347081463943,-0.9690326568961378
method1,4.0,451.4,672.4,0.41737175149539546,-0.9710443218258024
method1,4.0,451.5,672.5,0.4234087948444,-0.973055986755468
method1,4.0,451.6,672.6,0.4294565390327018,-0.975037658120766
method1,4.0,451.7,672.7,0.4355042832210001,-0.977019329486063
method1,4.0,451.8,672.8,0.4415573033156587,-0.9789859757082534
method1,4.0,451.9,672.9,0.4476155993166706,-0.9809375967873352
method1,4.0,452.0,673.0,0.453673895317686,-0.982889217866418
method1,4.0,452.1,673.1,0.4597425938051218,-0.9848107326779537
method1,4.0,452.2,673.2,0.46581129229255414,-0.9867322474894882
method1,4.0,452.3,673.3,0.4718851172120299,-0.9886386815476287
method1,4.0,452.4,673.4,0.47796406856354223,-0.9905300348523728
method1,4.0,452.5,673.5,0.484043019915058,-0.992421388157118
method1,4.0,452.6,673.6,0.4901320742159634,-0.994282525459484
method1,4.0,452.7,673.7,0.49622112851686534,-0.996143662761849
method1,4.0,452.8,673.8,0.5023151591907847,-0.9979896651878258
method1,4.0,452.9,673.9,0.5084141662377146,-0.9998205327374124
method1,4.0,453.0,674.0,0.514513173284648,-1.001651400287
method1,4.0,453.1,674.1,0.5206219825893074,-1.0034519450801405
method1,4.0,453.2,674.2,0.5267307918939633,-1.0052524898732798
method1,4.0,453.3,674.3,0.5328444269427143,-1.0070378471604662
method1,4.0,453.4,674.4,0.5389628877355533,-1.0088080169416975
method1,4.0,453.5,674.5,0.545081348528396,-1.01057818672293
method1,4.0,453.6,674.6,0.551209309762345,-1.0123179299865224
method1,4.0,453.7,674.7,0.5573372709962905,-1.0140576732501139
method1,4.0,453.8,674.8,0.5634699067903647,-1.0157821778776042
method1,4.0,453.9,674.9,0.5696072171445606,-1.0174914438689915
method1,4.0,454.0,675.0,0.57574452749876,-1.01920070986038
method1,4.0,454.1,675.1,0.5818910353822934,-1.0208794485776445
method1,4.0,454.2,675.2,0.5880375432658232,-1.0225581872949079
method1,4.0,454.3,675.3,0.5941885739854115,-1.0242216377511781
method1,4.0,454.4,675.4,0.600344127541051,-1.0258697999464537
method1,4.0,454.5,675.5,0.606499681096694,-1.02751796214173
method1,4.0,454.6,675.6,0.6126641282046482,-1.0291354993226345
method1,4.0,454.7,675.7,0.6188285753125988,-1.030753036503538
method1,4.0,454.8,675.8,0.6249973930074145,-1.0323552373094982
method1,4.0,454.9,675.9,0.631170581289088,-1.0339421017405137
method1,4.0,455.0,676.0,0.637343769570765,-1.03552896617153
method1,4.0,455.1,676.1,0.6435255463925365,-1.0370851108753902
method1,4.0,455.2,676.2,0.6497073232143044,-1.03864125557925
method1,4.0,455.3,676.3,0.6558933178636793,-1.0401820173107001
method1,4.0,455.4,676.4,0.6620835303406544,-1.0417073960697396
method1,4.0,455.5,676.5,0.668273742817633,-1.04323277482878
method1,4.0,455.6,676.6,0.6744722378174364,-1.0447273421862844
method1,4.0,455.7,676.7,0.6806707328172362,-1.046221909543788
method1,4.0,455.8,676.8,0.6868732923904205,-1.0477010488532943
method1,4.0,455.9,676.9,0.693079916536982,-1.0491647601148018
method1,4.0,456.0,677.0,0.699286540683547,-1.05062847137631
method1,4.0,456.1,677.1,0.7055011403609104,-1.0520612826109224
method1,4.0,456.2,677.2,0.7117157400382702,-1.053494093845534
method1,4.0,456.3,677.3,0.7179342505549953,-1.0549114334836742
method1,4.0,456.4,677.4,0.7241566719110784,-1.0563133015253416
method1,4.0,456.5,677.5,0.730379093267165,-1.05771516956701
method1,4.0,456.6,677.6,0.7366091822176248,-1.0590860520157863
method1,4.0,456.7,677.7,0.7428392711680811,-1.0604569344645618
method1,4.0,456.8,677.8,0.7490731167593123,-1.0618123033005982
method1,4.0,456.9,677.9,0.7553107189913114,-1.0631521585238937
method1,4.0,457.0,678.0,0.761548321223314,-1.06449201374719
method1,4.0,457.1,678.1,0.7677932821993826,-1.0658008008809823
method1,4.0,457.2,678.2,0.7740382431754477,-1.0671095880147738
method1,4.0,457.3,678.3,0.7802868061443915,-1.068402821056696
method1,4.0,457.4,678.4,0.786538971106207,-1.0696805000067475
method1,4.0,457.5,678.5,0.792791136068026,-1.0709581789568
method1,4.0,457.6,678.6,0.7990503500403046,-1.0722047103998482
method1,4.0,457.7,678.7,0.8053095640125797,-1.0734512418428959
method1,4.0,457.8,678.8,0.8115722248958684,-1.0746821802568742
method1,4.0,457.9,678.9,0.8178383326901639,-1.0758975256417818
method1,4.0,458.0,679.0,0.824104440484463,-1.07711287102669
method1,4.0,458.1,679.1,0.8303772867030285,-1.0782969925756063
method1,4.0,458.2,679.2,0.8366501329215903,-1.079481114124522
method1,4.0,458.3,679.3,0.8429262705506959,-1.0806496052537282
method1,4.0,458.4,679.4,0.8492056995903382,-1.0818024659632237
method1,4.0,458.5,679.5,0.855485128629984,-1.08295532667272
method1,4.0,458.6,679.6,0.8617709846859303,-1.0840768903148843
method1,4.0,458.7,679.7,0.8680568407418728,-1.0851984539570478
method1,4.0,458.8,679.8,0.8743458323047213,-1.0863043513398962
method1,4.0,458.9,679.9,0.8806379593744683,-1.0873945824634277
method1,4.0,459.0,680.0,0.886930086444219,-1.08848481358696
method1,4.0,459.1,680.1,0.8932283283314133,-1.0895436775182523
method1,4.0,459.2,680.2,0.8995265702186039,-1.090602541449544
method1,4.0,459.3,680.3,0.9058277913213597,-1.0916457048372783
method1,4.0,459.4,680.4,0.9121319916396735,-1.0926731676814538
method1,4.0,459.5,680.5,0.918436191957991,-1.09370063052563
method1,4.0,459.6,680.6,0.9247461941350212,-1.0946966591675982
method1,4.0,459.7,680.7,0.931056196312048,-1.0956926878095659
method1,4.0,459.8,680.8,0.9373690210411217,-1.096672983183268
method1,4.0,459.9,680.9,0.9436846683222355,-1.0976375452887037
method1,4.0,460.0,681.0,0.950000315603353,-1.09860210739414
method1,4.0,460.1,681.1,0.9563214510556368,-1.0995351714105124
method1,4.0,460.2,681.2,0.9626425865079171,-1.100468235426884
method1,4.0,460.3,681.3,0.9689663874921175,-1.1013855350138322
method1,4.0,460.4,681.4,0.975292854008231,-1.1022870701713559
method1,4.0,460.5,681.5,0.981619320524348,-1.10318860532888
method1,4.0,460.6,681.6,0.9879509608264654,-1.1040585816414883
method1,4.0,460.7,681.7,0.9942826011285792,-1.104928557954096
method1,4.0,460.8,681.8,1.000616749601477,-1.105782740243528
method1,4.0,460.9,681.9,1.0069534062451517,-1.1066211285097838
method1,4.0,461.0,682.0,1.01329006288883,-1.10745951677604
method1,4.0,461.1,682.1,1.0196315782669634,-1.10826628858008
method1,4.0,461.2,682.2,1.0259730936450933,-1.10907306038412
method1,4.0,461.3,682.3,1.0323169595075208,-1.109864010142348
method1,4.0,461.4,682.4,1.0386631758542386,-1.1106391378547638
method1,4.0,461.5,682.5,1.04500939220096,-1.11141426556718
method1,4.0,461.6,682.6,1.0513601515955655,-1.112157722345904
method1,4.0,461.7,682.7,1.0577109109901675,-1.112901179124628
method1,4.0,461.8,682.8,1.0640638628729089,-1.113628787409562
method1,4.0,461.9,682.9,1.0704190072437827,-1.114340547200706
method1,4.0,462.0,683.0,1.07677415161466,-1.11505230699185
method1,4.0,462.1,683.1,1.0831335227432295,-1.1157323445305702
method1,4.0,462.2,683.2,1.0894928938717954,-1.11641238206929
method1,4.0,462.3,683.3,1.0958542991984128,-1.1170765462443002
method1,4.0,462.4,683.4,1.1022177387230745,-1.1177248370555999
method1,4.0,462.5,683.5,1.10858117824774,-1.1183731278669
method1,4.0,462.6,683.6,1.1149485276677895,-1.118989648266424
method1,4.0,462.7,683.7,1.1213158770878353,-1.1196061686659478
method1,4.0,462.8,683.8,1.1276851021376606,-1.120206792413122
method1,4.0,462.9,683.9,1.1340562028172585,-1.1207915195079459
method1,4.0,463.0,684.0,1.14042730349686,-1.12137624660277
method1,4.0,463.1,684.1,1.1468019966689895,-1.121929158292162
method1,4.0,463.2,684.2,1.1531766898411153,-1.1224820699815539
method1,4.0,463.3,684.3,1.1595530998123829,-1.123019063314324
method1,4.0,463.4,684.4,1.1659312265827846,-1.1235401382904717
method1,4.0,463.5,684.5,1.17230935335319,-1.12406121326662
method1,4.0,463.6,684.6,1.1786907547043355,-1.12455043101536
method1,4.0,463.7,684.7,1.1850721560554773,-1.1250396487641
method1,4.0,463.8,684.8,1.1914551151285768,-1.1255129280392242
method1,4.0,463.9,684.9,1.1978396319236266,-1.125970268840732
method1,4.0,464.0,685.0,1.20422414871868,-1.12642760964224
method1,4.0,464.1,685.1,1.2106116217054814,-1.1268530545717321
method1,4.0,464.2,685.2,1.2169990946922793,-1.127278499501224
method1,4.0,464.3,685.3,1.2233879660931788,-1.1276879874301522
method1,4.0,464.4,685.4,1.2297782359081726,-1.128081518358516
method1,4.0,464.5,685.5,1.23616850572317,-1.12847504928688
method1,4.0,464.6,685.6,1.2425614128954474,-1.1288366488813402
method1,4.0,464.7,685.7,1.2489543200677213,-1.1291982484757999
method1,4.0,464.8,685.8,1.2553484661314707,-1.129543874135394
method1,4.0,464.9,685.9,1.2617438510866885,-1.1298735258601218
method1,4.0,465.0,686.0,1.26813923604191,-1.13020317758485
method1,4.0,465.1,686.1,1.2745369391063115,-1.130500865701566
method1,4.0,465.2,686.2,1.2809346421707093,-1.1307985538182819
method1,4.0,465.3,686.3,1.2873334244050987,-1.131080252660912
method1,4.0,465.4,686.4,1.2937332858094726,-1.131345962229456
method1,4.0,465.5,686.5,1.30013314721385,-1.131611671798
method1,4.0,465.6,686.6,1.3065350070975514,-1.1318453886769202
method1,4.0,465.7,686.7,1.3129368669812493,-1.1320791055558401
method1,4.0,465.8,686.8,1.3193396461305609,-1.13229681941883
method1,4.0,465.9,686.9,1.3257433445454787,-1.13249853026589
method1,4.0,466.0,687.0,1.3321470429604,-1.13270024111295
method1,4.0,466.1,687.1,1.3385524198749577,-1.132869933385674
method1,4.0,466.2,687.2,1.3449577967895114,-1.1330396256583979
method1,4.0,466.3,687.3,1.3513639328983769,-1.133193302772844
method1,4.0,466.4,687.4,1.3577708282015466,-1.133330964729012
method1,4.0,466.5,687.5,1.36417772350472,-1.13346862668518
method1,4.0,466.6,687.6,1.3705859770100135,-1.1335742473833
method1,4.0,466.7,687.7,1.3769942305153033,-1.13367986808142
method1,4.0,466.8,687.8,1.3834030829926847,-1.133769463080368
method1,4.0,466.9,687.9,1.3898125344421506,-1.133843032380144
method1,4.0,467.0,688.0,1.39622198589162,-1.13391660167992
method1,4.0,467.1,688.1,1.4026324749598695,-1.133958110242704
method1,4.0,467.2,688.2,1.4090429640281155,-1.1339996188054882
method1,4.0,467.3,688.3,1.4154538917113388,-1.1340250927314741
method1,4.0,467.4,688.4,1.4218652580095326,-1.134034532020662
method1,4.0,467.5,688.5,1.42827662430773,-1.13404397130985
method1,4.0,467.6,688.6,1.4346887073876315,-1.134021333591302
method1,4.0,467.7,688.7,1.4411007904675293,-1.1339986958727541
method1,4.0,467.8,688.8,1.4475131516864526,-1.1339600161846881
method1,4.0,467.9,688.9,1.4539257910443943,-1.133905294527104
method1,4.0,468.0,689.0,1.46033843040234,-1.13385057286952
method1,4.0,468.1,689.1,1.4667514654832694,-1.1337637611448002
method1,4.0,468.2,689.2,1.4731645005641953,-1.13367694942008
method1,4.0,468.3,689.3,1.4795776532054088,-1.1335740899995121
method1,4.0,468.4,689.4,1.4859909234069026,-1.133455182883096
method1,4.0,468.5,689.5,1.4924041936084,-1.13333627576668
method1,4.0,468.6,689.6,1.4988175382846975,-1.133185268737868
method1,4.0,468.7,689.7,1.5052308829609913,-1.133034261709056
method1,4.0,468.8,689.8,1.5116441845321387,-1.13286720286578
method1,4.0,468.9,689.9,1.5180574429981326,-1.1326840922080401
method1,4.0,469.0,690.0,1.52447070146413,-1.1325009815503
method1,4.0,469.1,690.1,1.5308837129994355,-1.132285764351528
method1,4.0,469.2,690.2,1.5372967245347373,-1.1320705471527561
method1,4.0,469.3,690.3,1.5437095322288668,-1.131839275629776
method1,4.0,469.4,690.4,1.5501221360818165,-1.131591949782588
method1,4.0,469.5,690.5,1.55653473993477,-1.1313446239354
method1,4.0,469.6,690.6,1.5629467753264634,-1.131065188137336
method1,4.0,469.7,690.7,1.5693588107181533,-1.1307857523392721
method1,4.0,469.8,690.8,1.5757704814781546,-1.130490261317128
method1,4.0,469.9,690.9,1.5821817876064606,-1.1301787150709042
method1,4.0,470.0,691.0,1.58859309373477,-1.12986716882468
method1,4.0,470.1,691.1,1.5950035097784114,-1.129523512438364
method1,4.0,470.2,691.2,1.6014139258220492,-1.129179856052048
method1,4.0,470.3,691.3,1.6078238164051366,-1.12882014515249
method1,4.0,470.4,691.4,1.6142331815276665,-1.1284443797396901
method1,4.0,470.5,691.5,1.6206425466502,-1.12806861432689
method1,4.0,470.6,691.6,1.6270507000040735,-1.127660741806918
method1,4.0,470.7,691.7,1.6334588533579433,-1.1272528692869461
method1,4.0,470.8,691.8,1.6398663204001767,-1.1268289445759618
method1,4.0,470.9,691.9,1.6462731011307665,-1.126388967673966
method1,4.0,471.0,692.0,1.65267988186136,-1.12594899077197
method1,4.0,471.1,692.1,1.6590851291110293,-1.1254769130190578
method1,4.0,471.2,692.2,1.6654903763606952,-1.125004835266146
method1,4.0,471.3,692.3,1.6718947764415768,-1.124516709256354
method1,4.0,471.4,692.4,1.6782983293536666,-1.1240125349896821
method1,4.0,471.5,692.5,1.68470188226576,-1.12350836072301
method1,4.0,471.6,692.6,1.6911035799886653,-1.122972095085874
method1,4.0,471.7,692.7,1.6975052777115671,-1.122435829448738
method1,4.0,471.8,692.8,1.7039059674186205,-1.1218835211011118
method1,4.0,471.9,692.9,1.7103056491098185,-1.121315170042996
method1,4.0,472.0,693.0,1.71670533080102,-1.12074681898488
method1,4.0,472.1,693.1,1.7231028356311255,-1.1201463892614958
method1,4.0,472.2,693.2,1.7295003404612272,-1.119545959538112
method1,4.0,472.3,693.3,1.7358966764546666,-1.1189294942630779
method1,4.0,472.4,693.4,1.7422918436114365,-1.118296993436394
method1,4.0,472.5,693.5,1.74868701076821,-1.11766449260971
method1,4.0,472.6,693.6,1.7550796794606314,-1.1169999290479258
method1,4.0,472.7,693.7,1.7614723481530492,-1.116335365486142
method1,4.0,472.8,693.8,1.7678636872304125,-1.1156547751440178
method1,4.0,472.9,693.9,1.7742536966927145,-1.1149581580215542
method1,4.0,473.0,694.0,1.78064370615502,-1.11426154089909
method1,4.0,473.1,694.1,1.7870308956507375,-1.1135328801965578
method1,4.0,473.2,694.2,1.7934180851464512,-1.1128042194940262
method1,4.0,473.3,694.3,1.7998037843073027,-1.1120595423948159
method1,4.0,473.4,694.4,1.8061879931332845,-1.1112988488989282
method1,4.0,473.5,694.5,1.81257220195927,-1.11053815540304
method1,4.0,473.6,694.6,1.8189532694497714,-1.10974544070654
method1,4.0,473.7,694.7,1.8253343369402693,-1.1089527260100402
method1,4.0,473.8,694.8,1.8317137534508647,-1.1081440069125699
method1,4.0,473.9,694.9,1.8380915189815505,-1.10731928341413
method1,4.0,474.0,695.0,1.84446928451224,-1.10649455991569
method1,4.0,474.1,695.1,1.8508435875042535,-1.1056378408197818
method1,4.0,474.2,695.2,1.8572178904962633,-1.104781121723874
method1,4.0,474.3,695.3,1.8635903819542567,-1.1039084118342959
method1,4.0,474.4,695.4,1.8699610618782265,-1.1030197111510482
method1,4.0,474.5,695.5,1.8763317418022,-1.1021310104678
method1,4.0,474.6,695.6,1.8826986381823334,-1.1012103430128317
method1,4.0,474.7,695.7,1.8890655345624632,-1.100289675557864
method1,4.0,474.8,695.8,1.8954304589615787,-1.0993530325274998
method1,4.0,474.9,695.9,1.9017934113796726,-1.0984004139217403
method1,4.0,475.0,696.0,1.90815636379777,-1.09744779531598
method1,4.0,475.1,696.1,1.9145152118972395,-1.0964632419854479
method1,4.0,475.2,696.2,1.9208740599967054,-1.0954786886549162
method1,4.0,475.3,696.3,1.9272307757914207,-1.0944781765774498
method1,4.0,475.4,696.4,1.9335853592813785,-1.0934617057530502
method1,4.0,475.5,696.5,1.93993994277134,-1.09244523492865
method1,4.0,475.6,696.6,1.9462901014306053,-1.0913968646459098
method1,4.0,475.7,696.7,1.9526402600898671,-1.0903484943631703
method1,4.0,475.8,696.8,1.9589881262600806,-1.089284183771204
method1,4.0,475.9,696.9,1.9653336999412385,-1.0882039328700122
method1,4.0,476.0,697.0,1.9716792736224,-1.08712368196882
method1,4.0,476.1,697.1,1.9780201022558175,-1.0860115700931356
method1,4.0,476.2,697.2,1.9843609308892314,-1.084899458217452
method1,4.0,476.3,697.3,1.9906993070048826,-1.0837714260783917
method1,4.0,476.4,697.4,1.9970352306027646,-1.0826274736759562
method1,4.0,476.5,697.5,2.00337115420065,-1.08148352127352
method1,4.0,476.6,697.6,2.0097020128610836,-1.0803077495954958
method1,4.0,476.7,697.7,2.0160328715215132,-1.0791319779174722
method1,4.0,476.8,697.8,2.0223611178072067,-1.07794030762879
method1,4.0,476.9,697.9,2.0286867517181566,-1.0767327387294503
method1,4.0,477.0,698.0,2.03501238562911,-1.07552516983011
method1,4.0,477.1,698.1,2.0413326350725036,-1.0742858265664417
method1,4.0,477.2,698.2,2.0476528845158932,-1.073046483302774
method1,4.0,477.3,698.3,2.0539703619154506,-1.0717912646866037
method1,4.0,477.4,698.4,2.0602850672711686,-1.0705201707179322
method1,4.0,477.5,698.5,2.06659977262689,-1.06924907674926
method1,4.0,477.6,698.6,2.0729087743768395,-1.0679462565368436
method1,4.0,477.7,698.7,2.0792177761267854,-1.0666434363244282
method1,4.0,477.8,698.8,2.0855238463678027,-1.065324765621518
method1,4.0,477.9,698.9,2.0918269850998845,-1.0639902444281144
method1,4.0,478.0,699.0,2.09813012383197,-1.06265572323471
method1,4.0,478.1,699.1,2.1044272402441715,-1.0612895271241216
method1,4.0,478.2,699.2,2.110724356656369,-1.059923331013534
method1,4.0,478.3,699.3,2.1170183823146647,-1.0585413108765458
method1,4.0,478.4,699.4,2.1233093172190505,-1.0571434667131583
method1,4.0,478.5,699.5,2.12960025212344,-1.05574562254977
method1,4.0,478.6,699.6,2.1358848464501734,-1.0543161579980735
method1,4.0,478.7,699.7,2.1421694407769034,-1.052886693446378
method1,4.0,478.8,699.8,2.148450785340959,-1.0514414329325559
method1,4.0,478.9,699.9,2.1547288801423328,-1.0499803764566082
method1,4.0,479.0,700.0,2.16100697494371,-1.04851931998066
method1,4.0,479.1,700.1,2.1672784113981836,-1.0470267008435796
method1,4.0,479.2,700.2,2.1735498478526534,-1.0455340817065002
method1,4.0,479.3,700.3,2.179817875787983,-1.0440256962696637
method1,4.0,479.4,700.4,2.1860824952041646,-1.0425015445330723
method1,4.0,479.5,700.5,2.19234711462035,-1.04097739279648
method1,4.0,479.6,700.6,2.1986047584410273,-1.0394217393199277
method1,4.0,479.7,700.7,2.204862402261701,-1.0378660858433761
method1,4.0,479.8,700.8,2.2111164790751228,-1.0362946973252918
method1,4.0,479.9,700.9,2.2173669888812846,-1.0347075737656763
method1,4.0,480.0,701.0,2.22361749868745,-1.03312045020606
method1,4.0,480.1,701.1,2.229860716202291,-1.0315018890170118
method1,4.0,480.2,701.2,2.2361039337171293,-1.0298833278279642
method1,4.0,480.3,701.3,2.2423434260210087,-1.0282490644490618
method1,4.0,480.4,701.4,2.2485791931139225,-1.0265990988803064
method1,4.0,480.5,701.5,2.25481496020684,-1.02494913331155
method1,4.0,480.6,701.6,2.261043118897441,-1.0232677974082656
method1,4.0,480.7,701.7,2.2672712775880393,-1.0215864615049821
method1,4.0,480.8,701.8,2.2734955531644028,-1.0198894578544158
method1,4.0,480.9,701.9,2.2797159456265246,-1.0181767864565683
method1,4.0,481.0,702.0,2.28593633808865,-1.01646411505872
method1,4.0,481.1,702.1,2.2921488066543434,-1.0147201438003515
method1,4.0,481.2,702.2,2.2983612752200333,-1.0129761725419841
method1,4.0,481.3,702.3,2.304569703084635,-1.0112165695670678
method1,4.0,481.4,702.4,2.3107740902481404,-1.0094413348756044
method1,4.0,481.5,702.5,2.31697847741165,-1.00766610018414
method1,4.0,481.6,702.6,2.323174625833443,-1.0058596392796517
method1,4.0,481.7,702.7,2.329370774255233,-1.0040531783751643
method1,4.0,481.8,702.8,2.3355627247214965,-1.0022311233701442
method1,4.0,481.9,702.9,2.3417504772322264,-1.0003934742645937
method1,4.0,482.0,703.0,2.34793822974296,-0.998555825159042
method1,4.0,482.1,703.1,2.3541174293474656,-0.9966870266555151
method1,4.0,482.2,703.2,2.3602966289519673,-0.9948182281519894
method1,4.0,482.3,703.3,2.366471473694849,-0.9929338747461843
method1,4.0,482.4,703.4,2.3726419635761027,-0.9910339664381022
method1,4.0,482.5,703.5,2.37881245345736,-0.989134058130019
method1,4.0,482.6,703.6,2.3849740769805137,-0.9872030804003153
method1,4.0,482.7,703.7,2.3911357005036633,-0.9852721026706128
method1,4.0,482.8,703.8,2.397292812623389,-0.9833256108159097
method1,4.0,482.9,703.9,2.4034454133396825,-0.9813636048362084
method1,4.0,483.0,704.0,2.40959801405598,-0.979401598856506
method1,4.0,483.1,704.1,2.4157414357067495,-0.9774086065862687
method1,4.0,483.2,704.2,2.4218848573575156,-0.9754156143160326
method1,4.0,483.3,704.3,2.428023611443213,-0.9734071502737388
method1,4.0,483.4,704.4,2.4341576979638346,-0.9713832144593895
method1,4.0,483.5,704.5,2.44029178448446,-0.969359278645039
method1,4.0,483.6,704.6,2.4464163800083534,-0.9673044428190718
method1,4.0,483.7,704.7,2.4525409755322434,-0.9652496069931057
method1,4.0,483.8,704.8,2.4586607477254625,-0.963179343320158
method1,4.0,483.9,704.9,2.4647756965880045,-0.9610936518002311
method1,4.0,484.0,705.0,2.47089064545055,-0.959007960280303
method1,4.0,484.1,705.1,2.4769957921930557,-0.9568914581683033
method1,4.0,484.2,705.2,2.4831009389355576,-0.9547749560563049
method1,4.0,484.3,705.3,2.489201106993643,-0.9526430715908504
method1,4.0,484.4,705.4,2.4952962963673047,-0.9504958047719423
method1,4.0,484.5,705.5,2.50139148574097,-0.948348537953033
method1,4.0,484.6,705.6,2.5074765627108273,-0.9461705530946817
method1,4.0,484.7,705.7,2.513561639680681,-0.9439925682363316
method1,4.0,484.8,705.8,2.5196415830400305,-0.9417992480826541
method1,4.0,484.9,705.9,2.5257163927888686,-0.9395905926336517
method1,4.0,485.0,706.0,2.53179120253771,-0.937381937184648
method1,4.0,485.1,706.1,2.5378555904700515,-0.9351426593740767
method1,4.0,485.2,706.2,2.543919978402389,-0.9329033815635066
method1,4.0,485.3,706.3,2.549979078241557,-0.9306488170763323
method1,4.0,485.4,706.4,2.556032889987547,-0.9283789659125563
method1,4.0,485.5,706.5,2.56208670173354,-0.926109114748779
method1,4.0,485.6,706.6,2.5681297831529175,-0.9238087400183769
method1,4.0,485.7,706.7,2.5741728645722914,-0.9215083652879761
method1,4.0,485.8,706.8,2.5802105038749668,-0.9191927540561291
method1,4.0,485.9,706.9,2.586242701060937,-0.9168619063228387
method1,4.0,486.0,707.0,2.59227489824691,-0.914531058589547
method1,4.0,486.1,707.1,2.5982960575301113,-0.9121697891931593
method1,4.0,486.2,707.2,2.6043172168133095,-0.9098085197967728
method1,4.0,486.3,707.3,2.6103327804311087,-0.9074320656262093
method1,4.0,486.4,707.4,2.6163427483835027,-0.9050404266814713
method1,4.0,486.5,707.5,2.6223527163359,-0.902648787736732
method1,4.0,486.6,707.6,2.6283513397746896,-0.9002268321322026
method1,4.0,486.7,707.7,2.6343499632134755,-0.8978048765276746
method1,4.0,486.8,707.8,2.6403428379286207,-0.8953677894238703
method1,4.0,486.9,707.9,2.6463299639201185,-0.8929155708207923
method1,4.0,487.0,708.0,2.65231708991162,-0.890463352217713
method1,4.0,487.1,708.1,2.6582925657752052,-0.8879809250488184
method1,4.0,487.2,708.2,2.6642680416387874,-0.8854984978799253
method1,4.0,487.3,708.3,2.670237616226567,-0.8830009940296469
method1,4.0,487.4,708.4,2.676201289538537,-0.8804884134979861
method1,4.0,487.5,708.5,2.68216496285051,-0.877975832966324
method1,4.0,487.6,708.6,2.6881166814479713,-0.8754331550440502
method1,4.0,487.7,708.7,2.6940684000454294,-0.8728904771217778
method1,4.0,487.8,708.8,2.7000140653365348,-0.8703327788742115
method1,4.0,487.9,708.9,2.705953677321281,-0.867760060301354
method1,4.0,488.0,709.0,2.71189328930603,-0.865187341728495
method1,4.0,488.1,709.1,2.7178206430484475,-0.862584640011708
method1,4.0,488.2,709.2,2.7237479967908613,-0.8599819382949224
method1,4.0,488.3,709.3,2.7296691457335207,-0.8573642741421783
method1,4.0,488.4,709.4,2.7355840898764185,-0.8547316475534784
method1,4.0,488.5,709.5,2.74149903401932,-0.852099020964777
method1,4.0,488.6,709.6,2.747401417481805,-0.8494365285402555
method1,4.0,488.7,709.7,2.753303800944287,-0.8467740361157357
method1,4.0,488.8,709.8,2.7591998286662047,-0.8440966406727313
method1,4.0,488.9,709.9,2.7650895006475507,-0.8414043422112455
method1,4.0,489.0,710.0,2.7709791726289,-0.838712043749758
method1,4.0,489.1,710.1,2.7768559826124015,-0.8359899998116006
method1,4.0,489.2,710.2,2.7827327925958993,-0.8332679558734447
method1,4.0,489.3,710.3,2.788603096466043,-0.8305310698571513
method1,4.0,489.4,710.4,2.7944668942228246,-0.8277793417627234
method1,4.0,489.5,710.5,2.80033069197961,-0.825027613668294
method1,4.0,489.6,710.6,2.8061813275725194,-0.822246263496715
method1,4.0,489.7,710.7,2.8120319631654254,-0.8194649133251375
method1,4.0,489.8,710.8,2.817875942855571,-0.8166687835332193
method1,4.0,489.9,710.9,2.8237132666429487,-0.8138578741209634
method1,4.0,490.0,711.0,2.82955059043033,-0.811046964708706
method1,4.0,490.1,711.1,2.8353744530699077,-0.8082065596481838
method1,4.0,490.2,711.2,2.8411983157094816,-0.8053661545876631
method1,4.0,490.3,711.3,2.8470153732555907,-0.8025110338764779
method1,4.0,490.4,711.4,2.8528256257082285,-0.7996411975146313
method1,4.0,490.5,711.5,2.85863587816087,-0.796771361152783
method1,4.0,490.6,711.6,2.864432371694439,-0.7938721585896211
method1,4.0,490.7,711.7,2.8702288652280052,-0.7909729560264609
method1,4.0,490.8,711.8,2.8760184050913646,-0.7880591032884569
method1,4.0,490.9,711.9,2.8818009912845106,-0.7851306003756123
method1,4.0,491.0,712.0,2.88758357747766,-0.782202097462766
method1,4.0,491.1,712.1,2.8933521082236173,-0.779244360802007
method1,4.0,491.2,712.2,2.8991206389695714,-0.7762866241412496
method1,4.0,491.3,712.3,2.9048820680977387,-0.7733143042817351
method1,4.0,491.4,712.4,2.9106363956081127,-0.7703274012234669
method1,4.0,491.5,712.5,2.91639072311849,-0.767340498165197
method1,4.0,491.6,712.6,2.922130699927063,-0.7643244968069395
method1,4.0,491.7,712.7,2.9278706767356333,-0.7613084954486837
method1,4.0,491.8,712.8,2.933603404623157,-0.7582779793619823
method1,4.0,491.9,712.9,2.939328883589627,-0.7552329485468385
method1,4.0,492.0,713.0,2.9450543625561,-0.752187917731693
method1,4.0,492.1,713.1,2.9507651968698894,-0.7491139270467891
method1,4.0,492.2,713.2,2.9564760311836755,-0.746039936361887
method1,4.0,492.3,713.3,2.9621794699325648,-0.7429515009068883
method1,4.0,492.4,713.4,2.967875513116551,-0.7398486206817966
method1,4.0,492.5,713.5,2.97357155630054,-0.736745740456703
method1,4.0,492.6,713.6,2.9792526622148414,-0.733614041761842
method1,4.0,492.7,713.7,2.9849337681291392,-0.7304823430669826
method1,4.0,492.8,713.8,2.9906073325091365,-0.7273362710420664
method1,4.0,492.9,713.9,2.996273355354827,-0.7241758256870972
method1,4.0,493.0,714.0,3.00193937820052,-0.721015380332126
method1,4.0,493.1,714.1,3.0075901725233893,-0.7178262608643129
method1,4.0,493.2,714.2,3.0132409668462556,-0.7146371413965016
method1,4.0,493.3,714.3,3.018884074354829,-0.7114337215138736
method1,4.0,493.4,714.4,3.024519495049103,-0.7082160012164327
method1,4.0,493.5,714.5,3.03015491574338,-0.70499828091899
method1,4.0,493.6,714.6,3.035774818055469,-0.7017520338094109
method1,4.0,493.7,714.7,3.0413947203675553,-0.6985057866998335
method1,4.0,493.8,714.8,3.0470067912896828,-0.6952453135592325
method1,4.0,493.9,714.9,3.052611030821845,-0.6919706143876112
method1,4.0,494.0,715.0,3.05821527035401,-0.688695915215988
method1,4.0,494.1,715.1,3.0638037030681233,-0.6853928394632857
method1,4.0,494.2,715.2,3.0693921357822336,-0.6820897637105852
method1,4.0,494.3,715.3,3.074972593249895,-0.678772537772406
method1,4.0,494.4,715.4,3.080545075471101,-0.675441161648752
method1,4.0,494.5,715.5,3.08611755769231,-0.672109785525096
method1,4.0,494.6,715.6,3.091673946112751,-0.6687501859680165
method1,4.0,494.7,715.7,3.0972303345331893,-0.6653905864109388
method1,4.0,494.8,715.8,3.1027786045846364,-0.6620169139687381
method1,4.0,494.9,715.9,3.108318756267087,-0.658629168641418
method1,4.0,495.0,716.0,3.11385890794954,-0.655241423314096
method1,4.0,495.1,716.1,3.119382680331141,-0.6518256106035688
method1,4.0,495.2,716.2,3.124906452712739,-0.6484097978930436
method1,4.0,495.3,716.3,3.1304219643514744,-0.6449799910454598
method1,4.0,495.4,716.4,3.135929215247341,-0.6415361900608214
method1,4.0,495.5,716.5,3.14143646614321,-0.638092389076181
method1,4.0,495.6,716.6,3.1469270537501273,-0.6346206796467683
method1,4.0,495.7,716.7,3.1524176413570415,-0.6311489702173574
method1,4.0,495.8,716.8,3.1578998266105307,-0.6276633468394238
method1,4.0,495.9,716.9,3.1633736095105887,-0.6241638095129713
method1,4.0,496.0,717.0,3.16884739241065,-0.620664272186517
method1,4.0,496.1,717.1,3.1743042295748793,-0.6171369882272966
method1,4.0,496.2,717.2,3.1797610667391054,-0.6136097042680783
method1,4.0,496.3,717.3,3.1852093607172307,-0.6100685879819434
method1,4.0,496.4,717.4,3.1906491115092486,-0.6065136393688962
method1,4.0,496.5,717.5,3.19608886230127,-0.602958690755847
method1,4.0,496.6,717.6,3.2015113864808713,-0.599376160180687
method1,4.0,496.7,717.7,3.2069339106604695,-0.595793629605529
method1,4.0,496.8,717.8,3.2123477516136707,-0.5921973497505971
method1,4.0,496.9,717.9,3.217752909340469,-0.5885873206158956
method1,4.0,497.0,718.0,3.22315806706727,-0.584977291481192
method1,4.0,497.1,718.1,3.228545718904299,-0.5813398478984396
method1,4.0,497.2,718.2,3.233933370741325,-0.5777024043156892
method1,4.0,497.3,718.3,3.2393122001184826,-0.5740512959181525
method1,4.0,497.4,718.4,3.2446822070357646,-0.5703865227058338
method1,4.0,497.5,718.5,3.25005221395305,-0.566721749493513
method1,4.0,497.6,718.6,3.255404437331203,-0.5630297321751069
method1,4.0,497.7,718.7,3.260756660709353,-0.559337714856703
method1,4.0,497.8,718.8,3.2660999232153367,-0.5556321185985099
method1,4.0,497.9,718.9,3.2714342248491466,-0.551912943400532
method1,4.0,498.0,719.0,3.27676852648296,-0.548193768202552
method1,4.0,498.1,719.1,3.2820847685849452,-0.5444475220525263
method1,4.0,498.2,719.2,3.2874010106869274,-0.5407012759025028
method1,4.0,498.3,719.3,3.2927081543398944,-0.5369415380897223
method1,4.0,498.4,719.4,3.2980061995438406,-0.5331683086141893
method1,4.0,498.5,719.5,3.30330424474779,-0.529395079138654
method1,4.0,498.6,719.6,3.308583956112335,-0.5255949546610967
method1,4.0,498.7,719.7,3.3138636674768773,-0.5217948301835416
method1,4.0,498.8,719.8,3.319134143665215,-0.517981302714169
method1,4.0,498.9,719.9,3.324395384677341,-0.5141543722529831
method1,4.0,499.0,720.0,3.32965662568947,-0.510327441791795
method1,4.0,499.1,720.1,3.334899260268075,-0.5064737950581886
method1,4.0,499.2,720.2,3.3401418948466772,-0.5026201483245842
method1,4.0,499.3,720.3,3.3453751583856626,-0.49875318865574614
method1,4.0,499.4,720.4,3.350599050885025,-0.49487291605167866
method1,4.0,499.5,720.5,3.35582294338439,-0.490992643447609
method1,4.0,499.6,720.6,3.361027958597727,-0.48708583606364053
method1,4.0,499.7,720.7,3.3662329738110612,-0.48317902867967427
method1,4.0,499.8,720.8,3.3714284829991947,-0.47925899979428477
method1,4.0,499.9,720.9,3.376614486162121,-0.4753257494074765
method1,4.0,500.0,721.0,3.38180048932505,-0.471392499020666
method1,4.0,500.1,721.1,3.386967346119067,-0.4674328980924211
method1,4.0,500.2,721.2,3.3921342029130814,-0.46347329716417845
method1,4.0,500.3,721.3,3.3972914195880826,-0.45950056753700597
method1,4.0,500.4,721.4,3.4024389961440646,-0.4555147092109081
method1,4.0,500.5,721.5,3.40758657270005,-0.451528850884808
method1,4.0,500.6,721.6,3.412714735601719,-0.4475168289844303
method1,4.0,500.7,721.7,3.4178428985033853,-0.4435048070840549
method1,4.0,500.8,721.8,3.4229612880978926,-0.43947975064722394
method1,4.0,500.9,721.9,3.428069904385235,-0.4354416596739421
method1,4.0,501.0,722.0,3.43317852067258,-0.431403568700658
method1,4.0,501.1,722.1,3.438267457845325,-0.42733950383142627
method1,4.0,501.2,722.2,3.4433563950180672,-0.4232754389621969
method1,4.0,501.3,722.3,3.4484354266149566,-0.41919843507013893
method1,4.0,501.4,722.4,3.453504552635987,-0.41510849215525714
method1,4.0,501.5,722.5,3.45857367865702,-0.411018549240373
method1,4.0,501.6,722.6,3.463622861955809,-0.4069028248012201
method1,4.0,501.7,722.7,3.4686720452545954,-0.4027871003620695
method1,4.0,501.8,722.8,3.4737111916419923,-0.39865853375589055
method1,4.0,501.9,722.9,3.4787403011179947,-0.394517124982688
method1,4.0,502.0,723.0,3.483769410594,-0.390375716209483
method1,4.0,502.1,723.1,3.488778315620077,-0.38620872095896647
method1,4.0,502.2,723.2,3.4937872206461513,-0.3820417257084523
method1,4.0,502.3,723.3,3.4987859583720784,-0.37786198647976715
method1,4.0,502.4,723.4,3.5037745287978526,-0.37366950327291576
method1,4.0,502.5,723.5,3.50876309922363,-0.369477020066062
method1,4.0,502.6,723.6,3.513731205378907,-0.36525914808574944
method1,4.0,502.7,723.7,3.5186993115341814,-0.3610412761054393
method1,4.0,502.8,723.8,3.5236571209608605,-0.35681075965962633
method1,4.0,502.9,723.9,3.5286046336589387,-0.3525675987483154
method1,4.0,503.0,724.0,3.53355214635702,-0.348324437837002
method1,4.0,503.1,724.1,3.5384789368981013,-0.34405608849434866
method1,4.0,503.2,724.2,3.5434057274391795,-0.3397877391516977
method1,4.0,503.3,724.3,3.5483220927969685,-0.3355068461706257
method1,4.0,503.4,724.4,3.5532280329714627,-0.33121340955113754
method1,4.0,503.5,724.5,3.55813397314596,-0.326919972931647
method1,4.0,503.6,724.6,3.563018935237825,-0.3226015508422804
method1,4.0,503.7,724.7,3.5679038973296873,-0.3182831287529163
method1,4.0,503.8,724.8,3.5727783067706547,-0.3139522651571095
method1,4.0,503.9,724.9,3.577642163560721,-0.309608960054865
method1,4.0,504.0,725.0,3.58250602035079,-0.305265654952618
method1,4.0,504.1,725.1,3.587348645120075,-0.30089756994210903
method1,4.0,504.2,725.2,3.592191269889357,-0.2965294849316025
method1,4.0,504.3,725.3,3.597023215540496,-0.29214906184185935
method1,4.0,504.4,725.4,3.6018444820734867,-0.28775630067288444
method1,4.0,504.5,725.5,3.60666574860648,-0.283363539503907
method1,4.0,504.6,725.6,3.611465531194417,-0.2789462065689872
method1,4.0,504.7,725.7,3.6162653137823515,-0.2745288736340699
method1,4.0,504.8,725.8,3.6210542917983983,-0.2700993073325601
method1,4.0,504.9,725.9,3.625832465242553,-0.26565750766446283
method1,4.0,505.0,726.0,3.63061063868671,-0.261215707996363
method1,4.0,505.1,726.1,3.635367078301659,-0.25674954726560517
method1,4.0,505.2,726.2,3.640123517916605,-0.2522833865348499
method1,4.0,505.3,726.3,3.6448690285325043,-0.2478050984256475
method1,4.0,505.4,726.4,3.649603610149351,-0.243314682938003
method1,4.0,505.5,726.5,3.6543381917662,-0.238824267450356
method1,4.0,505.6,726.6,3.659050791735821,-0.23430970414432298
method1,4.0,505.7,726.7,3.6637633917054395,-0.2297951408382925
method1,4.0,505.8,726.8,3.668464939288387,-0.22526855740740528
method1,4.0,505.9,726.9,3.673155434484657,-0.22072995385166644
method1,4.0,506.0,727.0,3.67784592968093,-0.216191350295925
method1,4.0,506.1,727.1,3.6825141975039513,-0.21162881468678238
method1,4.0,506.2,727.2,3.6871824653269694,-0.20706627907764233
method1,4.0,506.3,727.3,3.6918395584281045,-0.20249183185248407
method1,4.0,506.4,727.4,3.696485476807351,-0.19790547301131284
method1,4.0,506.5,727.5,3.7011313951866,-0.193319114170139
method1,4.0,506.6,727.6,3.705754842584173,-0.18870904154075996
method1,4.0,506.7,727.7,3.7103782899817435,-0.18409896891138353
method1,4.0,506.8,727.8,3.7149904413874046,-0.17947709441974646
method1,4.0,506.9,727.9,3.719591296801151,-0.17484341806585404
method1,4.0,507.0,728.0,3.7241921522149,-0.170209741711959
method1,4.0,507.1,728.1,3.7287702951816133,-0.16555257231447074
method1,4.0,507.2,728.2,3.7333484381483237,-0.16089540291698512
method1,4.0,507.3,728.3,3.737915164930939,-0.15622654264546687
method1,4.0,507.4,728.4,3.742470475529453,-0.15154599149992126
method1,4.0,507.5,728.5,3.74702578612797,-0.146865440354373
method1,4.0,507.6,728.6,3.751558144982367,-0.1421616193682327
method1,4.0,507.7,728.7,3.7560905038367616,-0.13745779838209513
method1,4.0,507.8,728.8,3.760611327405295,-0.13274239873403088
method1,4.0,507.9,728.9,3.765120615687961,-0.12801542042404526
method1,4.0,508.0,729.0,3.76962990397063,-0.123288442114057
method1,4.0,508.1,729.1,3.774116003405399,-0.11853841960356432
method1,4.0,508.2,729.2,3.7786021028401655,-0.11378839709307434
method1,4.0,508.3,729.3,3.7830765489901745,-0.10902690934594002
method1,4.0,508.4,729.4,3.787539341855421,-0.10425395636216676
method1,4.0,508.5,729.5,3.79200213472067,-0.0994810033783908
method1,4.0,508.6,729.6,3.796441503852379,-0.09468523424972707
method1,4.0,508.7,729.7,3.8008808729840857,-0.08988946512106606
method1,4.0,508.8,729.8,3.8053084719473627,-0.08508234538337216
method1,4.0,508.9,729.9,3.809724300742205,-0.0802638750366508
method1,4.0,509.0,730.0,3.81414012953705,-0.0754454046899267
method1,4.0,509.1,730.1,3.818532301955443,-0.07060434864766957
method1,4.0,509.2,730.2,3.8229244743738335,-0.06576329260541518
method1,4.0,509.3,730.3,3.8273047608676025,-0.06091100177311095
method1,4.0,509.4,730.4,3.831673161436745,-0.05604747615076241
method1,4.0,509.5,730.5,3.83604156200589,-0.0511839505284111
method1,4.0,509.6,730.6,3.840386075822795,-0.04629807203154859
method1,4.0,509.7,730.7,3.8447305896396973,-0.041412193534688856
method1,4.0,509.8,730.8,3.8490631029154025,-0.036515197247041206
method1,4.0,509.9,730.9,3.853383615649905,-0.031607083168611196
method1,4.0,510.0,731.0,3.85770412838441,-0.0266989690901784
method1,4.0,510.1,731.1,3.862000526282175,-0.021768737307641478
method1,4.0,510.2,731.2,3.866296924179937,-0.01683850552510736
method1,4.0,510.3,731.3,3.8705812080715782,-0.011897274120109307
method1,4.0,510.4,731.4,3.874853377957093,-0.006945043092652936
method1,4.0,510.5,731.5,3.87912554784261,-0.00199281206519375
method1,4.0,510.6,731.6,3.883373377122151,0.0029812991691428813
method1,4.0,510.7,731.7,3.8876212064016897,0.007955410403476686
method1,4.0,510.8,731.8,3.8918568093737482,0.01294040193421725
method1,4.0,510.9,731.9,3.896080186038323,0.017936273761358902
method1,4.0,511.0,732.0,3.9003035627029,0.0229321455885034
method1,4.0,511.1,732.1,3.904502375331237,0.02794965782125798
method1,4.0,511.2,732.2,3.9087011879595717,0.03296717005400971
method1,4.0,511.3,732.3,3.9128876631544607,0.037995442110842055
method1,4.0,511.4,732.4,3.9170618009158993,0.0430344739917493
method1,4.0,511.5,732.5,3.92123593867734,0.0480735058726594
method1,4.0,511.6,732.6,3.925385291334765,0.05313393607692203
method1,4.0,511.7,732.7,3.9295346439921874,0.058194366281181784
method1,4.0,511.8,732.8,3.9336715492772703,0.06326543470249699
method1,4.0,511.9,732.9,3.937796007190009,0.06834714134086185
method1,4.0,512.0,733.0,3.94192046510275,0.0734288479792296
method1,4.0,512.1,733.1,3.946019919229475,0.0785317086009626
method1,4.0,512.2,733.2,3.9501193733561997,0.0836345692226956
method1,4.0,512.3,733.3,3.95420627137035,0.08874794533145734
method1,4.0,512.4,733.4,3.9582806132719353,0.09387183692725948
method1,4.0,512.5,733.5,3.96235495517352,0.0989957285230616
method1,4.0,512.6,733.6,3.966404077015909,0.10414052752803173
method1,4.0,512.7,733.7,3.970453198858298,0.10928532653300185
method1,4.0,512.8,733.8,3.974489657058014,0.11444051718379444
method1,4.0,512.9,733.9,3.978513451615067,0.11960609948042122
method1,4.0,513.0,734.0,3.98253724617212,0.124771681777048
method1,4.0,513.1,734.1,3.9865356068284408,0.12995792269818957
method1,4.0,513.2,734.2,3.9905339674847617,0.13514416361933115
method1,4.0,513.3,734.3,3.994519558189796,0.14034067124584243
method1,4.0,513.4,734.4,3.998492378943553,0.14554744557773522
method1,4.0,513.5,734.5,4.00246519969731,0.150754219909628
method1,4.0,513.6,734.6,4.0064123751630225,0.15598140189489318
method1,4.0,513.7,734.7,4.010359550628736,0.16120858388015838
method1,4.0,513.8,734.8,4.014293851067262,0.1664459065431342
method1,4.0,513.9,734.9,4.018215276478611,0.1716933698838326
method1,4.0,514.0,735.0,4.02213670188996,0.176940833224531
method1,4.0,514.1,735.1,4.02603227310254,0.1822084510852014
method1,4.0,514.2,735.2,4.029927844315122,0.1874760689458718
method1,4.0,514.3,735.3,4.033810436668448,0.1927537003815544
method1,4.0,514.4,735.4,4.037680050162529,0.1980413453922612
method1,4.0,514.5,735.5,4.04154966365661,0.203328990402968
method1,4.0,514.6,735.6,4.045393216539876,0.2086365346624044
method1,4.0,514.7,735.7,4.04923676942314,0.2139440789218408
method1,4.0,514.8,735.8,4.05306724086991,0.21926150859083218
method1,4.0,514.9,735.9,4.056884630880195,0.2245888236693906
method1,4.0,515.0,736.0,4.06070202089048,0.229916138747949
method1,4.0,515.1,736.1,4.064493146398473,0.23526309569083823
method1,4.0,515.2,736.2,4.068284271906466,0.24061005263372745
method1,4.0,515.3,736.3,4.0720622146664205,0.24596676577033716
method1,4.0,515.4,736.4,4.075826974678345,0.2513332351006796
method1,4.0,515.5,736.5,4.07959173469027,0.256699704431022
method1,4.0,515.6,736.6,4.083330028850603,0.2620855561530128
method1,4.0,515.7,736.7,4.087068323010936,0.2674714078750037
method1,4.0,515.8,736.8,4.090793334388144,0.27286688553701316
method1,4.0,515.9,736.9,4.094505062982237,0.27827198913905354
method1,4.0,516.0,737.0,4.09821679157633,0.283677092741094
method1,4.0,516.1,737.1,4.101901855533087,0.2891013171989376
method1,4.0,516.2,737.2,4.105586919489843,0.29452554165678124
method1,4.0,516.3,737.3,4.10925860191547,0.2999592607756723
method1,4.0,516.4,737.4,4.1129169028099755,0.3054024745556232
method1,4.0,516.5,737.5,4.11657520370448,0.310845688335574
method1,4.0,516.6,737.6,4.120206643760604,0.31630775939765643
method1,4.0,516.7,737.7,4.12383808381673,0.3217698304597389
method1,4.0,516.8,737.8,4.127456044891302,0.3272412638913573
method1,4.0,516.9,737.9,4.1310605269843315,0.33272205969252416
method1,4.0,517.0,738.0,4.13466500907736,0.338202855493691
method1,4.0,517.1,738.1,4.138242436736541,0.34370224299102226
method1,4.0,517.2,738.2,4.141819864395721,0.3492016304883535
method1,4.0,517.3,738.3,4.145383716930886,0.3547102470639881
method1,4.0,517.4,738.4,4.148933994342043,0.36022809271793854
method1,4.0,517.5,738.5,4.1524842717532,0.365745938371889
method1,4.0,517.6,738.6,4.156007303761257,0.37128210814951546
method1,4.0,517.7,738.7,4.159530335769314,0.3768182779271419
method1,4.0,517.8,738.8,4.163039697829107,0.38236354250505844
method1,4.0,517.9,738.9,4.166535389940643,0.38791790188327774
method1,4.0,518.0,739.0,4.17003108205218,0.393472261261497
method1,4.0,518.1,739.1,4.173499340437933,0.39904467523033904
method1,4.0,518.2,739.2,4.176967598823686,0.4046170891991811
method1,4.0,518.3,739.3,4.180422093765256,0.41019846271655
method1,4.0,518.4,739.4,4.183862825262653,0.41578879578245853
method1,4.0,518.5,739.5,4.18730355676005,0.421379128848367
method1,4.0,518.6,739.6,4.1907166688756945,0.4269872450374791
method1,4.0,518.7,739.7,4.194129780991339,0.43259536122659115
method1,4.0,518.8,739.8,4.197529037505216,0.43821230075186185
method1,4.0,518.9,739.9,4.200914438417334,0.4438380636133039
method1,4.0,519.0,740.0,4.20429983932945,0.449463826474746
method1,4.0,519.1,740.1,4.207657437890387,0.4551070990839717
method1,4.0,519.2,740.2,4.2110150364513235,0.4607503716931974
method1,4.0,519.3,740.3,4.214358688601107,0.4664023304788568
method1,4.0,519.4,740.4,4.217688394339744,0.47206297544096293
method1,4.0,519.5,740.5,4.22101810007838,0.477723620403069
method1,4.0,519.6,740.6,4.224319823202569,0.4834014998561455
method1,4.0,519.7,740.7,4.227621546326757,0.48907937930922196
method1,4.0,519.8,740.8,4.230909233588329,0.494765806844989
method1,4.0,519.9,740.9,4.234182884987289,0.5004607824634595
method1,4.0,520.0,741.0,4.23745653638625,0.50615575808193
method1,4.0,520.1,741.1,4.240702027632978,0.5118676910799409
method1,4.0,520.2,741.2,4.243947518879708,0.5175796240779518
method1,4.0,520.3,741.3,4.2471788861798885,0.5232999661443464
method1,4.0,520.4,741.4,4.250396129533529,0.5290287172791377
method1,4.0,520.5,741.5,4.25361337288717,0.534757468413929
method1,4.0,520.6,741.6,4.25680228129535,0.5405028979892127
method1,4.0,520.7,741.7,4.259991189703531,0.5462483275644964
method1,4.0,520.8,741.8,4.263165887458222,0.5520020262868258
method1,4.0,520.9,741.9,4.266326374559432,0.5577639941562139
method1,4.0,521.0,742.0,4.26948686166064,0.563525962025602
method1,4.0,521.1,742.1,4.272618841786533,0.5693043275960089
method1,4.0,521.2,742.2,4.275750821912426,0.5750826931664158
method1,4.0,521.3,742.3,4.278868506064223,0.5808691870691511
method1,4.0,521.4,742.4,4.281971894241932,0.5866638093042281
method1,4.0,521.5,742.5,4.28507528241964,0.592458431539305
method1,4.0,521.6,742.6,4.288149994374052,0.5982691689628648
method1,4.0,521.7,742.7,4.291224706328465,0.6040799063864244
method1,4.0,521.8,742.8,4.2942850383837,0.6098986304479451
method1,4.0,521.9,742.9,4.297330990539765,0.61572534114744
method1,4.0,522.0,743.0,4.30037694269583,0.621552051846935
method1,4.0,522.1,743.1,4.303394052180787,0.627394593476906
method1,4.0,522.2,743.2,4.306411161665744,0.6332371351068768
method1,4.0,522.3,743.3,4.309413808731028,0.6390875208146267
method1,4.0,522.4,743.4,4.312401993376649,0.6449457506001689
method1,4.0,522.5,743.5,4.31539017802227,0.650803980385711
method1,4.0,522.6,743.6,4.3183493563671025,0.6566777551259835
method1,4.0,522.7,743.7,4.321308534711935,0.662551529866256
method1,4.0,522.8,743.8,4.3242531695301265,0.6684330052722413
method1,4.0,522.9,743.9,4.327183260821683,0.6743221813439526
method1,4.0,523.0,744.0,4.33011335211324,0.680211357415664
method1,4.0,523.1,744.1,4.333014276310177,0.6861157907765861
method1,4.0,523.2,744.2,4.335915200507113,0.6920202241375083
method1,4.0,523.3,744.3,4.338801501492737,0.6979322139142009
method1,4.0,523.4,744.4,4.341673179267054,0.7038517601066775
method1,4.0,523.5,744.5,4.34454485704137,0.709771306299154
method1,4.0,523.6,744.6,4.347387209780527,0.7157058204536562
method1,4.0,523.7,744.7,4.350229562519684,0.7216403346081584
method1,4.0,523.8,744.8,4.353057213793805,0.7275822601047293
method1,4.0,523.9,744.9,4.355870163602898,0.7335315969433827
method1,4.0,524.0,745.0,4.35868311341199,0.739480933782036
method1,4.0,524.1,745.1,4.361466583115838,0.7454449476221854
method1,4.0,524.2,745.2,4.3642500528196875,0.7514089614623347
method1,4.0,524.3,745.3,4.367018744244235,0.7573802407612813
method1,4.0,524.4,745.4,4.369772657389487,0.7633587855190387
method1,4.0,524.5,745.5,4.37252657053474,0.769337330276796
method1,4.0,524.6,745.6,4.375250851391977,0.7753302594706417
method1,4.0,524.7,745.7,4.3779751322492135,0.7813231886644875
method1,4.0,524.8,745.8,4.380684559460715,0.7873232366385833
method1,4.0,524.9,745.9,4.383379133026487,0.7933304033929426
method1,4.0,525.0,746.0,4.38607370659226,0.799337570147302
method1,4.0,525.1,746.1,4.388738498591149,0.8053588271961286
method1,4.0,525.2,746.2,4.391403290590038,0.8113800842449551
method1,4.0,525.3,746.3,4.394053155032809,0.8174083126145679
method1,4.0,525.4,746.4,4.3966880919194695,0.8234435123049805
method1,4.0,525.5,746.5,4.39932302880613,0.829478711995393
method1,4.0,525.6,746.6,4.4019280377672745,0.8355277062912756
method1,4.0,525.7,746.7,4.404533046728419,0.8415767005871582
method1,4.0,525.8,746.8,4.407123055687195,0.8476325179779131
method1,4.0,525.9,746.9,4.4096980646436075,0.853695158463554
method1,4.0,526.0,747.0,4.41227307360002,0.859757798949195
method1,4.0,526.1,747.1,4.414818011208521,0.8658339368329112
method1,4.0,526.2,747.2,4.417362948817021,0.8719100747166273
method1,4.0,526.3,747.3,4.419892815448979,0.8779928867173836
method1,4.0,526.4,747.4,4.4224076111044,0.8840823728351938
method1,4.0,526.5,747.5,4.42492240675982,0.890171858953004
method1,4.0,526.6,747.6,4.427406990596917,0.896274543772281
method1,4.0,526.7,747.7,4.429891574434014,0.902377228591558
method1,4.0,526.8,747.8,4.4323610178002575,0.9084864378127508
method1,4.0,526.9,747.9,4.4348153206956535,0.9146021714358734
method1,4.0,527.0,748.0,4.43726962359105,0.920717905058996
method1,4.0,527.1,748.1,4.4396935771651345,0.9268465372270618
method1,4.0,527.2,748.2,4.442117530739219,0.9329751693951276
method1,4.0,527.3,748.3,4.444526275835662,0.9391101755274003
method1,4.0,527.4,748.4,4.446919812454466,0.9452515556238936
method1,4.0,527.5,748.5,4.44931334907327,0.951392935720387
method1,4.0,527.6,748.6,4.451676401850347,0.957546912774892
method1,4.0,527.7,748.7,4.454039454627423,0.963700889829397
method1,4.0,527.8,748.8,4.456387232415091,0.969861089702588
method1,4.0,527.9,748.9,4.458719735213355,0.9760275123944789
method1,4.0,528.0,749.0,4.46105223801162,0.98219393508637
method1,4.0,528.1,749.1,4.46335412544518,0.9883726517485578
method1,4.0,528.2,749.2,4.465656012878741,0.9945513684107457
method1,4.0,528.3,749.3,4.467942560313503,1.000736156053158
method1,4.0,528.4,749.4,4.470213767749471,1.006927014675809
method1,4.0,528.5,749.5,4.47248497518544,1.01311787329846
method1,4.0,528.6,749.6,4.474725438745728,1.0193207215327134
method1,4.0,528.7,749.7,4.476965902306017,1.0255235697669667
method1,4.0,528.8,749.8,4.479190962367705,1.031732336464965
method1,4.0,528.9,749.9,4.481400618930797,1.0379470216267226
method1,4.0,529.0,750.0,4.48361027549389,1.04416170678848
method1,4.0,529.1,750.1,4.485789062696599,1.0503880758621253
method1,4.0,529.2,750.2,4.487967849899308,1.0566144449357708
method1,4.0,529.3,750.3,4.490131171620261,1.0628465792936852
method1,4.0,529.4,750.4,4.492279027859466,1.0690844789358827
method1,4.0,529.5,750.5,4.49442688409867,1.07532237857808
method1,4.0,529.6,750.6,4.496543748533027,1.0815716551215135
method1,4.0,529.7,750.7,4.498660612967383,1.0878209316649468
method1,4.0,529.8,750.8,4.500761951460389,1.0940758196652511
method1,4.0,529.9,750.9,4.502847764012049,1.1003363191224405
method1,4.0,530.0,751.0,4.50493357656371,1.10659681857963
method1,4.0,530.1,751.1,4.506988277919983,1.1128683866467115
method1,4.0,530.2,751.2,4.509042979276255,1.119139954713793
method1,4.0,530.3,751.3,4.511082095761901,1.1254169797775933
method1,4.0,530.4,751.4,4.513105627376926,1.1316994618381266
method1,4.0,530.5,751.5,4.51512915899195,1.13798194389866
method1,4.0,530.6,751.6,4.517121463088327,1.1442751850274293
method1,4.0,530.7,751.7,4.519113767184703,1.1505684261561988
method1,4.0,530.8,751.8,4.521090429018104,1.156866969203999
method1,4.0,530.9,751.9,4.523051448588531,1.1631708141708446
method1,4.0,531.0,752.0,4.52501246815896,1.16947465913769
method1,4.0,531.1,752.1,4.526942146967841,1.1757889524113394
method1,4.0,531.2,752.2,4.528871825776721,1.182103245684989
method1,4.0,531.3,752.3,4.530785806473667,1.188422685197743
method1,4.0,531.4,752.4,4.532684089058684,1.1947472709496165
method1,4.0,531.5,752.5,4.5345823716437,1.20107185670149
method1,4.0,531.6,752.6,4.536449203317388,1.2074065788095913
method1,4.0,531.7,752.7,4.538316034991077,1.213741300917693
method1,4.0,531.8,752.8,4.540167114253565,1.220081012998107
method1,4.0,531.9,752.9,4.542002441104858,1.2264257150508486
method1,4.0,532.0,753.0,4.54383776795615,1.23277041710359
method1,4.0,532.1,753.1,4.545641536851915,1.2391249424036594
method1,4.0,532.2,753.2,4.547445305747679,1.2454794677037289
method1,4.0,532.3,753.3,4.549233269488828,1.251838826137867
method1,4.0,532.4,753.4,4.551005428075364,1.2582030177060886
method1,4.0,532.5,753.5,4.5527775866619,1.26456720927431
method1,4.0,532.6,753.6,4.554518083366441,1.2709409098535396
method1,4.0,532.7,753.7,4.55625858007098,1.2773146104327688
method1,4.0,532.8,753.8,4.557983220439339,1.2836929867518792
method1,4.0,532.9,753.9,4.559692004471519,1.2900760388108845
method1,4.0,533.0,754.0,4.5614007885037,1.29645909086989
method1,4.0,533.1,754.1,4.563077809856996,1.3028513366072274
method1,4.0,533.2,754.2,4.564754831210292,1.309243582344565
method1,4.0,533.3,754.3,4.566415946613529,1.315640345887195
method1,4.0,533.4,754.4,4.56806115606671,1.3220416272351325
method1,4.0,533.5,754.5,4.56970636551989,1.32844290858307
method1,4.0,533.6,754.6,4.571319714638414,1.3348530672114796
method1,4.0,533.7,754.7,4.572933063756938,1.3412632258398889
method1,4.0,533.8,754.8,4.574530458884915,1.3476777438142291
method1,4.0,533.9,754.9,4.576111900022348,1.3540966211345145
method1,4.0,534.0,755.0,4.57769334115978,1.3605154984548
method1,4.0,534.1,755.1,4.579242827459125,1.3669429356238014
method1,4.0,534.2,755.2,4.580792313758469,1.3733703727928028
method1,4.0,534.3,755.3,4.582325799605689,1.379802010339269
method1,4.0,534.4,755.4,4.58384328500079,1.3862378482632145
method1,4.0,534.5,755.5,4.58536077039589,1.39267368618716
method1,4.0,534.6,755.6,4.586846209612738,1.3991177655256015
method1,4.0,534.7,755.7,4.588331648829587,1.405561844864043
method1,4.0,534.8,755.8,4.589801042717031,1.412009965118121
method1,4.0,534.9,755.9,4.591254391275076,1.4184621262878505
method1,4.0,535.0,756.0,4.59270773983312,1.42491428745758
method1,4.0,535.1,756.1,4.594128954046592,1.4313743706366173
method1,4.0,535.2,756.2,4.595550168260065,1.437834453815655
method1,4.0,535.3,756.3,4.596955293856378,1.444298417970935
method1,4.0,535.4,756.4,4.598344330835534,1.4507662631024725
method1,4.0,535.5,756.5,4.59973336781469,1.45723410823401
method1,4.0,535.6,756.6,4.601090185467099,1.4637095550303714
method1,4.0,535.7,756.7,4.602447003119506,1.4701850018267328
method1,4.0,535.8,756.8,4.603787690461582,1.476664169198211
method1,4.0,535.9,756.9,4.6051122474933255,1.4831470571448206
method1,4.0,536.0,757.0,4.60643680452507,1.48962994509143
method1,4.0,536.1,757.1,4.6077290604419945,1.4961201134508155
method1,4.0,536.2,757.2,4.609021316358919,1.502610281810201
method1,4.0,536.3,757.3,4.6102974018718275,1.5091040098977608
method1,4.0,536.4,757.4,4.611557316980724,1.5156012977135105
method1,4.0,536.5,757.5,4.61281723208962,1.52209858552926
method1,4.0,536.6,757.6,4.614044767499401,1.5286028316300333
method1,4.0,536.7,757.7,4.6152723029091804,1.535107077730807
method1,4.0,536.8,757.8,4.616483629425495,1.541614722282939
method1,4.0,536.9,757.9,4.617678747048347,1.5481257652864444
method1,4.0,537.0,758.0,4.6188738646712,1.55463680828995
method1,4.0,537.1,758.1,4.62003652722374,1.5611544866069755
method1,4.0,537.2,758.2,4.621199189776281,1.5676721649240009
method1,4.0,537.3,758.3,4.622345606554737,1.574193080001707
method1,4.0,537.4,758.4,4.623475777559114,1.5807172318401086
method1,4.0,537.5,758.5,4.62460594856349,1.58724138367851
method1,4.0,537.6,758.6,4.62570359234847,1.5937718470472315
method1,4.0,537.7,758.7,4.626801236133451,1.6003023104159528
method1,4.0,537.8,758.8,4.627882598876981,1.606835848456857
method1,4.0,537.9,758.9,4.628947680579066,1.6133724611699585
method1,4.0,538.0,759.0,4.63001276228115,1.61990907388306
method1,4.0,538.1,759.1,4.631045247845583,1.6264516735637495
method1,4.0,538.2,759.2,4.632077733410014,1.632994273244439
method1,4.0,538.3,759.3,4.633093904283154,1.639539785127105
method1,4.0,538.4,759.4,4.634093760465002,1.6460882092117624
method1,4.0,538.5,759.5,4.63509361664685,1.65263663329642
method1,4.0,538.6,759.6,4.6360608110119825,1.6591907190386255
method1,4.0,538.7,759.7,4.637028005377115,1.665744804780831
method1,4.0,538.8,759.8,4.63797885302274,1.672301639889229
method1,4.0,538.9,759.9,4.63891335394886,1.6788612243638346
method1,4.0,539.0,760.0,4.63984785487498,1.68542080883844
method1,4.0,539.1,760.1,4.640749631552576,1.6919857289456095
method1,4.0,539.2,760.2,4.641651408230172,1.698550649052779
method1,4.0,539.3,760.3,4.6425368077856275,1.705118155340979
method1,4.0,539.4,760.4,4.643405830218944,1.7116882478102244
method1,4.0,539.5,760.5,4.64427485265226,1.71825834027947
method1,4.0,539.6,760.6,4.645111091660216,1.7248334416737354
method1,4.0,539.7,760.7,4.6459473306681724,1.7314085430680008
method1,4.0,539.8,760.8,4.646767163780716,1.737986067124989
method1,4.0,539.9,760.9,4.647570590997848,1.7445660138447143
method1,4.0,540.0,761.0,4.64837401821498,1.75114596056444
method1,4.0,540.1,761.1,4.649144606092312,1.7577305888516135
method1,4.0,540.2,761.2,4.649915193969644,1.764315217138787
method1,4.0,540.3,761.3,4.650669348811279,1.7709021042534892
method1,4.0,540.4,761.4,4.6514070706172195,1.7774912501957345
method1,4.0,540.5,761.5,4.65214479242316,1.78408039613798
method1,4.0,540.6,761.6,4.652849622244332,1.7906738956726496
method1,4.0,540.7,761.7,4.653554452065505,1.797267395207319
method1,4.0,540.8,761.8,4.65424282334714,1.803862989433763
method1,4.0,540.9,761.9,4.65491473608924,1.8104606783519965
method1,4.0,541.0,762.0,4.65558664883134,1.81705836727023
method1,4.0,541.1,762.1,4.656225620219936,1.8236600812210635
method1,4.0,541.2,762.2,4.6568645916085325,1.8302617951718971
method1,4.0,541.3,762.3,4.657487080593498,1.836865439394529
method1,4.0,541.4,762.4,4.658093087174834,1.8434710138889745
method1,4.0,541.5,762.5,4.65869909375617,1.85007658838342
method1,4.0,541.6,762.6,4.659272112897934,1.8566858587985815
method1,4.0,541.7,762.7,4.659845132039698,1.863295129213743
method1,4.0,541.8,762.8,4.660401646556614,1.869906165212903
method1,4.0,541.9,762.9,4.660941656448681,1.8765189667960764
method1,4.0,542.0,763.0,4.66148166634075,1.88313176837925
method1,4.0,542.1,763.1,4.661988645995942,1.8897479362519956
method1,4.0,542.2,763.2,4.662495625651134,1.896364104124741
method1,4.0,542.3,763.3,4.662986080106112,1.902981872642257
method1,4.0,542.4,763.4,4.663460009360876,1.9096012418045585
method1,4.0,542.5,763.5,4.66393393861564,1.91622061096686
method1,4.0,542.6,763.6,4.664374798130768,1.9228430163012216
method1,4.0,542.7,763.7,4.664815657645897,1.929465421635583
method1,4.0,542.8,763.8,4.6652399730341,1.936089262440535
method1,4.0,542.9,763.9,4.66564774429538,1.9427145387160925
method1,4.0,543.0,764.0,4.66605551555666,1.94933981499165
method1,4.0,543.1,764.1,4.666430180875536,1.9559677968682876
method1,4.0,543.2,764.2,4.666804846194412,1.962595778744925
method1,4.0,543.3,764.3,4.66716295011095,1.969225030699485
method1,4.0,543.4,764.4,4.6675044926251505,1.9758555527319823
method1,4.0,543.5,764.5,4.66784603513935,1.98248607476448
method1,4.0,543.6,764.6,4.66815443881349,1.9891189714066375
method1,4.0,543.7,764.7,4.66846284248763,1.995751868048795
method1,4.0,543.8,764.8,4.668754669137791,2.002385869174241
method1,4.0,543.9,764.9,4.669029918763976,2.0090209747829904
method1,4.0,544.0,765.0,4.66930516839016,2.01565608039174
method1,4.0,544.1,765.1,4.669547249588532,2.0222932292313094
method1,4.0,544.2,765.2,4.669789330786904,2.028930378070879
method1,4.0,544.3,765.3,4.6700148209957435,2.035568465613677
method1,4.0,544.4,765.4,4.670223720215052,2.0422074918597186
method1,4.0,544.5,765.5,4.67043261943436,2.04884651810576
method1,4.0,544.6,765.6,4.670608323952468,2.0554872558494934
method1,4.0,544.7,765.7,4.6707840284705755,2.062127993593227
method1,4.0,544.8,765.8,4.670943129691827,2.068769504091263
method1,4.0,544.9,765.9,4.671085627616224,2.0754117873436164
method1,4.0,545.0,766.0,4.67122812554062,2.08205407059597
method1,4.0,545.1,766.1,4.671337405808912,2.088697733291739
method1,4.0,545.2,766.2,4.6714466860772035,2.095341395987509
method1,4.0,545.3,766.3,4.671539352401529,2.1019856653363846
method1,4.0,545.4,766.4,4.67161540478189,2.1086305413383823
method1,4.0,545.5,766.5,4.67169145716225,2.11527541734038
method1,4.0,545.6,766.6,4.671734272253882,2.1219213404435777
method1,4.0,545.7,766.7,4.671777087345514,2.128567263546775
method1,4.0,545.8,766.8,4.6718032795081,2.135213627066217
method1,4.0,545.9,766.9,4.67181284874164,2.1418604310019185
method1,4.0,546.0,767.0,4.67182241797518,2.14850723493762
method1,4.0,546.1,767.1,4.671798733613112,2.1551547533776176
method1,4.0,546.2,767.2,4.671775049251044,2.1618022718176153
method1,4.0,546.3,767.3,4.671734734638527,2.168450064317975
method1,4.0,546.4,767.4,4.671677789775559,2.1750981308787125
method1,4.0,546.5,767.5,4.67162084491259,2.18174619743945
method1,4.0,546.6,767.6,4.6715306334760145,2.1883946456861714
method1,4.0,546.7,767.7,4.6714404220394385,2.195043093932893
method1,4.0,546.8,767.8,4.671333574696164,2.201691649781713
method1,4.0,546.9,767.9,4.671210091446192,2.2083403132326467
method1,4.0,547.0,768.0,4.67108660819622,2.21498897668358
method1,4.0,547.1,768.1,4.670929848726308,2.2216376888141136
method1,4.0,547.2,768.2,4.670773089256396,2.228286400944647
method1,4.0,547.3,768.3,4.670599689890014,2.2349350541333153
method1,4.0,547.4,768.4,4.670409650627162,2.2415836483801326
method1,4.0,547.5,768.5,4.67021961136431,2.24823224262695
method1,4.0,547.6,768.6,4.669996289569326,2.2548805523922515
method1,4.0,547.7,768.7,4.669772967774342,2.261528862157553
method1,4.0,547.8,768.8,4.669533003760736,2.268176946368013
method1,4.0,547.9,768.9,4.669276397528508,2.2748248050236466
method1,4.0,548.0,769.0,4.66901979129628,2.28147266367928
method1,4.0,548.1,769.1,4.668729899555992,2.2881199045709497
method1,4.0,548.2,769.2,4.668440007815704,2.294767145462619
method1,4.0,548.3,769.3,4.668133473203245,2.301413994134153
method1,4.0,548.4,769.4,4.6678102957186125,2.3080604505855664
method1,4.0,548.5,769.5,4.66748711823398,2.31470690703698
method1,4.0,548.6,769.6,4.667130655603424,2.3213524123540616
method1,4.0,548.7,769.7,4.666774192972868,2.327997917671143
method1,4.0,548.8,769.8,4.6664010884860065,2.334642864067197
method1,4.0,548.9,769.9,4.666011342142838,2.3412872515422385
method1,4.0,549.0,770.0,4.66562159579967,2.34793163901728
method1,4.0,549.1,770.1,4.665198568012237,2.3545747419331535
method1,4.0,549.2,770.2,4.664775540224806,2.361217844849027
method1,4.0,549.3,770.3,4.664335873266994,2.367860222124103
method1,4.0,549.4,770.4,4.663879567138802,2.3745018737583963
method1,4.0,549.5,770.5,4.66342326101061,2.38114352539269
method1,4.0,549.6,770.6,4.6629336804804575,2.3877835590219476
method1,4.0,549.7,770.7,4.662444099950306,2.394423592651205
method1,4.0,549.8,770.8,4.661937884606248,2.401062733917761
method1,4.0,549.9,770.9,4.661415034448284,2.4077009828216305
method1,4.0,550.0,771.0,4.66089218429032,2.4143392317255
method1,4.0,550.1,771.1,4.660336070114124,2.4209755291909216
method1,4.0,550.2,771.2,4.659779955937927,2.427611826656343
method1,4.0,550.3,771.3,4.6592072129751525,2.4342470650517547
method1,4.0,550.4,771.4,4.658617841225796,2.4408812443771724
method1,4.0,550.5,771.5,4.65802846947644,2.44751542370259
method1,4.0,550.6,771.6,4.657405847434483,2.4541473182021116
method1,4.0,550.7,771.7,4.656783225392528,2.460779212701633
method1,4.0,550.8,771.8,4.65614398226231,2.467409881455189
method1,4.0,550.9,771.9,4.65548811804383,2.4740393244627947
method1,4.0,551.0,772.0,4.65483225382535,2.4806687674704
method1,4.0,551.1,772.1,4.654143156381906,2.487295592344102
method1,4.0,551.2,772.2,4.653454058938461,2.4939224172178034
method1,4.0,551.3,772.3,4.652748349776048,2.500547849717683
method1,4.0,551.4,772.4,4.652026028894665,2.5071718898437565
method1,4.0,551.5,772.5,4.65130370801328,2.51379592996983
method1,4.0,551.6,772.6,4.65054817431636,2.5204170187669637
method1,4.0,551.7,772.7,4.64979264061944,2.527038107564097
method1,4.0,551.8,772.8,4.649020506243619,2.533657637424407
method1,4.0,551.9,772.9,4.648231771188894,2.5402756083479083
method1,4.0,552.0,773.0,4.64744303613417,2.54689357927141
method1,4.0,552.1,773.1,4.646621112014578,2.5535082658173955
method1,4.0,552.2,773.2,4.645799187894986,2.560122952363381
method1,4.0,552.3,773.3,4.64496067580698,2.5667359134911587
method1,4.0,552.4,773.4,4.644105575750561,2.5733471492007443
method1,4.0,552.5,773.5,4.64325047569414,2.57995838491033
method1,4.0,552.6,773.6,4.642362213663868,2.5865660033738154
method1,4.0,552.7,773.7,4.641473951633595,2.593173621837301
method1,4.0,552.8,773.8,4.640569116015285,2.5997793484995593
method1,4.0,552.9,773.9,4.639647706808932,2.6063831833606046
method1,4.0,553.0,774.0,4.63872629760258,2.61298701822165
method1,4.0,553.1,774.1,4.63777175685252,2.6195869031814953
method1,4.0,553.2,774.2,4.63681721610246,2.6261867881413408
method1,4.0,553.3,774.3,4.6358461178139265,2.632784615032069
method1,4.0,553.4,774.4,4.634858461986918,2.6393803838536947
method1,4.0,553.5,774.5,4.63387080615991,2.64597615267532
method1,4.0,553.6,774.6,4.632850052556898,2.6525676391876294
method1,4.0,553.7,774.7,4.631829298953885,2.659159125699939
method1,4.0,553.8,774.8,4.630792005530296,2.665748388007103
method1,4.0,553.9,774.9,4.629738172286128,2.6723354261091363
method1,4.0,554.0,775.0,4.62868433904196,2.67892246421117
method1,4.0,554.1,775.1,4.627597445125147,2.6855048878762755
method1,4.0,554.2,775.2,4.6265105512083355,2.692087311541381
method1,4.0,554.3,775.3,4.625407136856136,2.6986673450139347
method1,4.0,554.4,775.4,4.6242872020685475,2.7052449882939524
method1,4.0,554.5,775.5,4.62316726728096,2.71182263157397
method1,4.0,554.6,775.6,4.6220143122575195,2.7183953286033917
method1,4.0,554.7,775.7,4.620861357234079,2.724968025632813
method1,4.0,554.8,775.8,4.619691902826534,2.7315381666476166
method1,4.0,554.9,775.9,4.6185059490348825,2.738105751647818
method1,4.0,555.0,776.0,4.61731999524323,2.74467333664802
method1,4.0,555.1,776.1,4.616101064983382,2.7512356439314054
method1,4.0,555.2,776.2,4.614882134723533,2.757797951214791
method1,4.0,555.3,776.3,4.613646727795584,2.764357536843573
method1,4.0,555.4,776.4,4.612394844199533,2.7709144008177664
method1,4.0,555.5,776.5,4.61114296060348,2.77747126479196
method1,4.0,555.6,776.6,4.609858147634836,2.7840225199639774
method1,4.0,555.7,776.7,4.6085733346661915,2.790573775135995
method1,4.0,555.8,776.8,4.607272069408642,2.797122143212209
method1,4.0,555.9,776.9,4.605954351862186,2.8036676241926344
method1,4.0,556.0,777.0,4.60463663431573,2.81021310517306
method1,4.0,556.1,777.1,4.603286037816994,2.8167526466802455
method1,4.0,556.2,777.2,4.601935441318258,2.823292188187431
method1,4.0,556.3,777.3,4.6005684185712905,2.829828677373111
method1,4.0,556.4,777.4,4.599184969576091,2.8363621142373003
method1,4.0,556.5,777.5,4.59780152058089,2.84289555110149
method1,4.0,556.6,777.6,4.596385246374854,2.8494227182690355
method1,4.0,556.7,777.7,4.594968972168817,2.8559498854365812
method1,4.0,556.8,777.8,4.593536299414836,2.8624738352891073
method1,4.0,556.9,777.9,4.592087228112908,2.8689945678266286
method1,4.0,557.0,778.0,4.59063815681098,2.87551530036415
method1,4.0,557.1,778.1,4.589156317356884,2.8820294334626797
method1,4.0,557.2,778.2,4.587674477902787,2.888543566561209
method1,4.0,557.3,778.3,4.586176269258597,2.8950543176000534
method1,4.0,557.4,778.4,4.584661691424309,2.9015616865792264
method1,4.0,557.5,778.5,4.58314711359002,2.9080690555584
method1,4.0,557.6,778.6,4.581599827975204,2.914569495870601
method1,4.0,557.7,778.7,4.580052542360387,2.921069936182803
method1,4.0,557.8,778.8,4.578488918568689,2.927566829956167
method1,4.0,557.9,778.9,4.576908956600104,2.9340601771907084
method1,4.0,558.0,779.0,4.57532899463152,2.94055352442525
method1,4.0,558.1,779.1,4.573716388562436,2.9470396143124993
method1,4.0,558.2,779.2,4.572103782493351,2.9535257041997487
method1,4.0,558.3,779.3,4.570474870913585,2.960008083351153
method1,4.0,558.4,779.4,4.5688296538231326,2.9664867517667264
method1,4.0,558.5,779.5,4.56718443673268,2.9729654201823
method1,4.0,558.6,779.6,4.565506642525224,2.9794365031511854
method1,4.0,558.7,779.7,4.563828848317767,2.985907586120071
method1,4.0,558.8,779.8,4.562134782916269,2.992374794454869
method1,4.0,558.9,779.9,4.560424446320725,2.9988381281555947
method1,4.0,559.0,780.0,4.55871410972518,3.00530146185632
method1,4.0,559.1,780.1,4.556971266294344,3.0117568826250696
method1,4.0,559.2,780.2,4.555228422863507,3.0182123033938186
method1,4.0,559.3,780.3,4.5534693442030045,3.024663685945585
method1,4.0,559.4,780.4,4.551694030312833,3.0311110302803823
method1,4.0,559.5,780.5,4.54991871642266,3.03755837461518
method1,4.0,559.6,780.6,4.54811096927154,3.0439974791800175
method1,4.0,559.7,780.7,4.546303222120419,3.050436583744855
method1,4.0,559.8,780.8,4.544479277348865,3.056871486841739
method1,4.0,559.9,780.9,4.542639134956873,3.0633021884706846
method1,4.0,560.0,781.0,4.54079899256488,3.06973289009963
method1,4.0,560.1,781.1,4.538926493772999,3.0761550258010035
method1,4.0,560.2,781.2,4.537053994981119,3.082577161502377
method1,4.0,560.3,781.3,4.535165337819849,3.0889949328332933
method1,4.0,560.4,781.4,4.533260522289185,3.0954083397937664
method1,4.0,560.5,781.5,4.53135570675852,3.10182174675424
method1,4.0,560.6,781.6,4.5294186149694875,3.1082262623429933
method1,4.0,560.7,781.7,4.527481523180454,3.114630777931747
method1,4.0,560.8,781.8,4.525528313911685,3.121030766612515
method1,4.0,560.9,781.9,4.523558987163173,3.1274262283853127
method1,4.0,561.0,782.0,4.52158966041466,3.13382169015811
method1,4.0,561.1,782.1,4.519588140823168,3.140207935861467
method1,4.0,561.2,782.2,4.517586621231675,3.146594181564825
method1,4.0,561.3,782.3,4.515569026685324,3.152975738204141
method1,4.0,561.4,782.4,4.513535357184113,3.159352605779431
method1,4.0,561.5,782.5,4.5115016876829,3.16572947335472
method1,4.0,561.6,782.6,4.509435912021059,3.1720968009422537
method1,4.0,561.7,782.7,4.50737013635922,3.178464128529787
method1,4.0,561.8,782.8,4.505288329899085,3.1848266052951293
method1,4.0,561.9,782.9,4.503190492640653,3.1911842312382945
method1,4.0,562.0,783.0,4.50109265538222,3.19754185718146
method1,4.0,562.1,783.1,4.498962801905227,3.203889620030821
method1,4.0,562.2,783.2,4.496832948428235,3.210237382880183
method1,4.0,562.3,783.3,4.4946871099374945,3.2165801335635473
method1,4.0,562.4,783.4,4.492525286433002,3.2229178720809286
method1,4.0,562.5,783.5,4.49036346292851,3.22925561059831
method1,4.0,562.6,783.6,4.4881697163996455,3.2355831637609036
method1,4.0,562.7,783.7,4.485975969870781,3.241910716923497
method1,4.0,562.8,783.8,4.483766285736827,3.2482330970070112
method1,4.0,562.9,783.9,4.481540663997778,3.254550304011461
method1,4.0,563.0,784.0,4.47931504225873,3.26086751101591
method1,4.0,563.1,784.1,4.477057593933721,3.2671742112824034
method1,4.0,563.2,784.2,4.474800145608713,3.273480911548897
method1,4.0,563.3,784.3,4.472526808707341,3.279782278270309
method1,4.0,563.4,784.4,4.470237583229601,3.2860783114466545
method1,4.0,563.5,784.5,4.46794835775186,3.292374344623
method1,4.0,563.6,784.6,4.465627405362551,3.2986595505886935
method1,4.0,563.7,784.7,4.463306452973243,3.304944756554387
method1,4.0,563.8,784.8,4.460969662652165,3.3112244689723815
method1,4.0,563.9,784.9,4.458617034399312,3.317498687842691
method1,4.0,564.0,785.0,4.45626440614646,3.323772906713
method1,4.0,564.1,785.1,4.453880153883851,3.3300359788430334
method1,4.0,564.2,785.2,4.451495901621243,3.336299050973067
method1,4.0,564.3,785.3,4.449095863682963,3.3425564700324513
method1,4.0,564.4,785.4,4.4466800400690065,3.3488082360212004
method1,4.0,564.5,785.5,4.44426421645505,3.35506000200995
method1,4.0,564.6,785.6,4.441816874951657,3.3613003027043593
method1,4.0,564.7,785.7,4.439369533448264,3.3675406033987687
method1,4.0,564.8,785.8,4.436906460132277,3.373775091995473
method1,4.0,564.9,785.9,4.434427655003689,3.3800037684944866
method1,4.0,565.0,786.0,4.4319488498751,3.3862324449935
method1,4.0,565.1,786.1,4.429438636186684,3.3924493386521175
method1,4.0,565.2,786.2,4.426928422498267,3.3986662323107346
method1,4.0,565.3,786.3,4.424402532462607,3.4048771553566772
method1,4.0,565.4,786.4,4.421860966079699,3.4110821077899587
method1,4.0,565.5,786.5,4.41931939969679,3.41728706022324
method1,4.0,565.6,786.6,4.416746537283414,3.4234799133103815
method1,4.0,565.7,786.7,4.414173674870037,3.429672766397523
method1,4.0,565.8,786.8,4.41158519317219,3.4358594908852593
method1,4.0,565.9,786.9,4.4089810921898644,3.4420400867736047
method1,4.0,566.0,787.0,4.40637699120754,3.44822068266195
method1,4.0,566.1,787.1,4.403741709913979,3.4543888637709914
method1,4.0,566.2,787.2,4.401106428620419,3.460557044880033
method1,4.0,566.3,787.3,4.398455586697559,3.4667189399472655
method1,4.0,566.4,787.4,4.395789184145395,3.472874548972703
method1,4.0,566.5,787.5,4.39312278159323,3.47903015799814
method1,4.0,566.6,787.6,4.390425317628722,3.4851730379158536
method1,4.0,566.7,787.7,4.387727853664213,3.4913159178335667
method1,4.0,566.8,787.8,4.385014889312806,3.497452354827451
method1,4.0,566.9,787.9,4.382286424574493,3.5035823488975204
method1,4.0,567.0,788.0,4.37955795983618,3.50971234296759
method1,4.0,567.1,788.1,4.376798555753551,3.515829294738295
method1,4.0,567.2,788.2,4.374039151670923,3.521946246509001
method1,4.0,567.3,788.3,4.371264309025669,3.5280565990502453
method1,4.0,567.4,788.4,4.3684740278177845,3.5341603523620426
method1,4.0,567.5,788.5,4.3656837466099,3.54026410567384
method1,4.0,567.6,788.6,4.362862651284019,3.5463545046633693
method1,4.0,567.7,788.7,4.360041555958139,3.5524449036528987
method1,4.0,567.8,788.8,4.357205085470279,3.5585285476996833
method1,4.0,567.9,788.9,4.354353239820435,3.5646054368037365
method1,4.0,568.0,789.0,4.35150139417059,3.57068232590779
method1,4.0,568.1,789.1,4.348618862776189,3.576745549867263
method1,4.0,568.2,789.2,4.345736331381789,3.582808773826737
method1,4.0,568.3,789.3,4.342838489796767,3.588865087738413
method1,4.0,568.4,789.4,4.339925338021119,3.5949144916023066
method1,4.0,568.5,789.5,4.33701218624547,3.6009638954662
method1,4.0,568.6,789.6,4.3340684802343254,3.606999324595561
method1,4.0,568.7,789.7,4.331124774223181,3.6130347537249228
method1,4.0,568.8,789.8,4.328165824557652,3.6190631183255193
method1,4.0,568.9,789.9,4.325191631237731,3.6250844183973645
method1,4.0,569.0,790.0,4.32221743791781,3.63110571846921
method1,4.0,569.1,790.1,4.319212824995277,3.6371127354805313
method1,4.0,569.2,790.2,4.316208212072745,3.643119752491853
method1,4.0,569.3,790.3,4.3131884235909554,3.6491195511333254
method1,4.0,569.4,790.4,4.310153459549903,3.6551121314049624
method1,4.0,569.5,790.5,4.30711849550885,3.6611047116766
method1,4.0,569.6,790.6,4.304053249609745,3.6670827018572254
method1,4.0,569.7,790.7,4.300988003710641,3.6730606920378506
method1,4.0,569.8,790.8,4.29790765190016,3.6790313106631514
method1,4.0,569.9,790.9,4.294812194178295,3.6849945577331407
method1,4.0,570.0,791.0,4.29171673645643,3.69095780480313
method1,4.0,570.1,791.1,4.288591137720309,3.6969061560785113
method1,4.0,570.2,791.2,4.285465538984189,3.7028545073538925
method1,4.0,570.3,791.3,4.282324905531014,3.7087953345597575
method1,4.0,570.4,791.4,4.279169237360777,3.7147286376961186
method1,4.0,570.5,791.5,4.27601356919054,3.72066194083248
method1,4.0,570.6,791.6,4.272827903936311,3.7265800438288497
method1,4.0,570.7,791.7,4.269642238682082,3.7324981468252187
method1,4.0,570.8,791.8,4.266441611445105,3.7384085739247697
method1,4.0,570.9,791.9,4.263226022225372,3.744311325127515
method1,4.0,571.0,792.0,4.26001043300564,3.75021407633026
method1,4.0,571.1,792.1,4.256764993705563,3.7561013244369814
method1,4.0,571.2,792.2,4.253519554405487,3.761988572543703
method1,4.0,571.3,792.3,4.250259227390323,3.767867993628755
method1,4.0,571.4,792.4,4.246984012660067,3.7737395876921527
method1,4.0,571.5,792.5,4.24370879792981,3.77961118175555
method1,4.0,571.6,792.6,4.240403883182846,3.7854669711872915
method1,4.0,571.7,792.7,4.23709896843588,3.7913227606190327
method1,4.0,571.8,792.8,4.233779241768084,3.797170572622185
method1,4.0,571.9,792.9,4.2304447031794465,3.8030104071967625
method1,4.0,572.0,793.0,4.22711016459081,3.80885024177134
method1,4.0,572.1,793.1,4.223746079095365,3.8146739716299414
method1,4.0,572.2,793.2,4.22038199359992,3.820497701488543
method1,4.0,572.3,793.3,4.217003173497545,3.8263133042449935
method1,4.0,572.4,793.4,4.213609618788232,3.8321207798993067
method1,4.0,572.5,793.5,4.21021606407892,3.83792825555362
method1,4.0,572.6,793.6,4.206793118604963,3.8437193278897133
method1,4.0,572.7,793.7,4.203370173131006,3.8495104002258067
method1,4.0,572.8,793.8,4.199932571876584,3.8552931965349013
method1,4.0,572.9,793.9,4.196480314841687,3.861067716817011
method1,4.0,573.0,794.0,4.19302805780679,3.86684223709912
method1,4.0,573.1,794.1,4.189546569167318,3.8726000569734973
method1,4.0,573.2,794.2,4.186065080527845,3.8783578768478746
method1,4.0,573.3,794.3,4.182569016439688,3.8841072725344015
method1,4.0,573.4,794.4,4.179058376902839,3.889848244033091
method1,4.0,573.5,794.5,4.17554773736599,3.89558921553178
method1,4.0,573.6,794.6,4.172008028387917,3.9013131910764494
method1,4.0,573.7,794.7,4.168468319409844,3.9070371666211186
method1,4.0,573.8,794.8,4.164914116812786,3.912752570596305
method1,4.0,573.9,794.9,4.161345420596732,3.918459403002023
method1,4.0,574.0,795.0,4.15777672438068,3.92416623540774
method1,4.0,574.1,795.1,4.154179123875067,3.929855777886749
method1,4.0,574.2,795.2,4.150581523369454,3.9355453203657587
method1,4.0,574.3,795.3,4.1469695125649215,3.9412261446880072
method1,4.0,574.4,795.4,4.143343091461461,3.9468982508535086
method1,4.0,574.5,795.5,4.139716670358,3.95257035701901
method1,4.0,574.6,795.6,4.136061513089715,3.958224880888923
method1,4.0,574.7,795.7,4.132406355821431,3.9638794047588366
method1,4.0,574.8,795.8,4.128736873056942,3.9695250646941473
method1,4.0,574.9,795.9,4.125053064796241,3.9751618606948687
method1,4.0,575.0,796.0,4.12136925653554,3.98079865669559
method1,4.0,575.1,796.1,4.117656883192247,3.9864175796657193
method1,4.0,575.2,796.2,4.113944509848954,3.9920365026358486
method1,4.0,575.3,796.3,4.110217897286984,3.9976464167179593
method1,4.0,575.4,796.4,4.106477045506327,4.003247321912065
method1,4.0,575.5,796.5,4.10273619372567,4.00884822710617
method1,4.0,575.6,796.6,4.098966950886274,4.014430970198483
method1,4.0,575.7,796.7,4.095197708046877,4.020013713290797
method1,4.0,575.8,796.8,4.091414313733112,4.025587303381029
method1,4.0,575.9,796.9,4.087616767944971,4.031151740469195
method1,4.0,576.0,797.0,4.08381922215683,4.03671617755736
method1,4.0,576.1,797.1,4.079993462259265,4.042262165166097
method1,4.0,576.2,797.2,4.0761677023617,4.047808152774834
method1,4.0,576.3,797.3,4.072327880192709,4.0533448441216136
method1,4.0,576.4,797.4,4.068473995752285,4.058872239206447
method1,4.0,576.5,797.5,4.06462011131186,4.06439963429128
method1,4.0,576.6,797.6,4.0607381926203026,4.069908294242225
method1,4.0,576.7,797.7,4.056856273928746,4.07541695419317
method1,4.0,576.8,797.8,4.052960383619022,4.080916175491243
method1,4.0,576.9,797.9,4.049050521691121,4.0864059581364565
method1,4.0,577.0,798.0,4.04514065976322,4.09189574078167
method1,4.0,577.1,798.1,4.041202946334699,4.097366504391139
method1,4.0,577.2,798.2,4.0372652329061784,4.102837268000608
method1,4.0,577.3,798.3,4.0333136399546055,4.108298451449931
method1,4.0,577.4,798.4,4.029348167479973,4.113750054739121
method1,4.0,577.5,798.5,4.02538269500534,4.11920165802831
method1,4.0,577.6,798.6,4.021389556655727,4.124633960161807
method1,4.0,577.7,798.7,4.017396418306114,4.130066262295305
method1,4.0,577.8,798.8,4.013389493961814,4.135488843659622
method1,4.0,577.9,798.9,4.009368783622817,4.14090170425477
method1,4.0,578.0,799.0,4.00534807328382,4.14631456484992
method1,4.0,578.1,799.1,4.001299885553263,4.151707843980449
method1,4.0,578.2,799.2,3.997251697822706,4.157101123110978
method1,4.0,578.3,799.3,3.993189819050312,4.162484541776052
method1,4.0,578.4,799.4,3.989114249236071,4.167858099975681
method1,4.0,578.5,799.5,3.98503867942183,4.17323165817531
method1,4.0,578.6,799.6,3.980935823539569,4.1785853564413555
method1,4.0,578.7,799.7,3.976832967657308,4.183939054707401
method1,4.0,578.8,799.8,3.972716517101644,4.189282753738899
method1,4.0,578.9,799.9,3.968586471872567,4.194616453535865
method1,4.0,579.0,800.0,3.96445642664349,4.19995015333283
method1,4.0,579.1,800.1,3.960299289492085,4.205263716596
method1,4.0,579.2,800.2,3.9561421523406803,4.2105772798591685
method1,4.0,579.3,800.3,3.95197151829084,4.21588070606024
method1,4.0,579.4,800.4,3.947787387342555,4.221173995199225
method1,4.0,579.5,800.5,3.94360325639427,4.22646728433821
method1,4.0,579.6,800.6,3.939392230473261,4.2317401622405235
method1,4.0,579.7,800.7,3.935181204552252,4.237013040142837
method1,4.0,579.8,800.8,3.9309567809051202,4.242275644111288
method1,4.0,579.9,800.9,3.926718959531855,4.247527974145889
method1,4.0,580.0,801.0,3.92248113815859,4.25278030418049
method1,4.0,580.1,801.1,3.918216621547565,4.258011950201319
method1,4.0,580.2,801.2,3.91395210493654,4.263243596222148
method1,4.0,580.3,801.3,3.909674291159702,4.268464832407309
method1,4.0,580.4,801.4,3.905383180217041,4.273675658756815
method1,4.0,580.5,801.5,3.90109206927438,4.27888648510632
method1,4.0,580.6,801.6,3.896774465595479,4.284076356618962
method1,4.0,580.7,801.7,3.892456861916578,4.289266228131602
method1,4.0,580.8,801.8,3.888126063010688,4.294445554890798
method1,4.0,580.9,801.9,3.883782068877799,4.299614336896559
method1,4.0,581.0,802.0,3.87943807474491,4.30478311890232
method1,4.0,581.1,802.1,3.875067793124725,4.309930677230205
method1,4.0,581.2,802.2,3.8706975115045403,4.31507823555809
method1,4.0,581.3,802.3,3.8663141379650803,4.3202151152127675
method1,4.0,581.4,802.4,3.861917672506335,4.325341316194248
method1,4.0,581.5,802.5,3.85752120704759,4.33046751717573
method1,4.0,581.6,802.6,3.853098662078553,4.335572227648251
method1,4.0,581.7,802.7,3.8486761171095156,4.340676938120772
method1,4.0,581.8,802.8,3.844240584888028,4.345770837012227
method1,4.0,581.9,802.9,3.8397920654140787,4.350853924322629
method1,4.0,582.0,803.0,3.83534354594013,4.35593701163303
method1,4.0,582.1,803.1,3.8308691576412492,4.360998343641019
method1,4.0,582.2,803.2,3.826394769342368,4.366059675649009
method1,4.0,582.3,803.3,3.8219074998070743,4.37111006419377
method1,4.0,582.4,803.4,3.8174073490353573,4.376149509275315
method1,4.0,582.5,803.5,3.81290719826364,4.38118895435686
method1,4.0,582.6,803.6,3.808381392040759,4.386206381407641
method1,4.0,582.7,803.7,3.803855585817878,4.391223808458422
method1,4.0,582.8,803.8,3.799317005713778,4.396230161203207
method1,4.0,582.9,803.9,3.7947656517284494,4.401225439642009
method1,4.0,583.0,804.0,3.79021429774312,4.40622071808081
method1,4.0,583.1,804.1,3.785637504348563,4.411193717852907
method1,4.0,583.2,804.2,3.781060710954006,4.416166717625004
method1,4.0,583.3,804.3,3.776471252362398,4.421128513301322
method1,4.0,583.4,804.4,3.771869128573729,4.426079104881871
method1,4.0,583.5,804.5,3.76726700478506,4.43102969646242
method1,4.0,583.6,804.6,3.7626396602767387,4.435957750859829
method1,4.0,583.7,804.7,3.7580123157684175,4.440885805257238
method1,4.0,583.8,804.8,3.753372416065858,4.445802526835576
method1,4.0,583.9,804.9,3.748719961169049,4.450707915594853
method1,4.0,584.0,805.0,3.74406750627224,4.45561330435413
method1,4.0,584.1,805.1,3.7393900519722187,4.4604958995602155
method1,4.0,584.2,805.2,3.7347125976721975,4.4653784947663
method1,4.0,584.3,805.3,3.730022699488934,4.470249629509898
method1,4.0,584.4,805.4,3.725320357422417,4.475109303791019
method1,4.0,584.5,805.5,3.7206180153559,4.47996897807214
method1,4.0,584.6,805.6,3.715890897808395,4.4848056046031175
method1,4.0,584.7,805.7,3.7111637802608897,4.489642231134094
method1,4.0,584.8,805.8,3.70642433143872,4.494467270652348
method1,4.0,584.9,805.9,3.701672551341875,4.499280723157889
method1,4.0,585.0,806.0,3.69692077124503,4.50409417566343
method1,4.0,585.1,806.1,3.692144442173897,4.508884328421435
method1,4.0,585.2,806.2,3.687368113102764,4.51367448117944
method1,4.0,585.3,806.3,3.6825795666523824,4.51845292148085
method1,4.0,585.4,806.4,3.677778802822741,4.523219649325675
method1,4.0,585.5,806.5,3.6729780389931,4.5279863771705
method1,4.0,585.6,806.6,3.668152955258727,4.532729555496244
method1,4.0,585.7,806.7,3.663327871524354,4.53747273382199
method1,4.0,585.8,806.8,3.65849068558213,4.542204075366717
method1,4.0,585.9,806.9,3.6536413974320454,4.546923580130438
method1,4.0,586.0,807.0,3.64879210928196,4.55164308489416
method1,4.0,586.1,807.1,3.643918732837683,4.556338792619153
method1,4.0,586.2,807.2,3.6390453563934058,4.561034500344146
method1,4.0,586.3,807.3,3.6341599941776503,4.565718248096132
method1,4.0,586.4,807.4,3.6292626461904054,4.570390035875121
method1,4.0,586.5,807.5,3.62436529820316,4.57506182365411
method1,4.0,586.6,807.6,3.6194440960511107,4.579709569152476
method1,4.0,586.7,807.7,3.614522893899062,4.58435731465084
method1,4.0,586.8,807.8,3.60958982366575,4.588992978129504
method1,4.0,586.9,807.9,3.6046448853511652,4.593616559588477
method1,4.0,587.0,808.0,3.59969994703658,4.59824014104745
method1,4.0,587.1,808.1,3.5947313911830308,4.602839437287283
method1,4.0,587.2,808.2,3.589762835329482,4.607438733527116
method1,4.0,587.3,808.3,3.5847825303274603,4.612025826858607
method1,4.0,587.4,808.4,3.5797904761769552,4.616600717281769
method1,4.0,587.5,808.5,3.57479842202645,4.62117560770493
method1,4.0,587.6,808.6,3.569782989436609,4.625725972299231
method1,4.0,587.7,808.7,3.5647675568467676,4.630276336893532
method1,4.0,587.8,808.8,3.559740495272432,4.634814378861558
method1,4.0,587.9,808.9,3.554701804713591,4.639340098203319
method1,4.0,588.0,809.0,3.54966311415475,4.64386581754508
method1,4.0,588.1,809.1,3.544601286707077,4.6483667728022375
method1,4.0,588.2,809.2,3.539539459259404,4.652867728059394
method1,4.0,588.3,809.3,3.5344661242108644,4.657356242155585
method1,4.0,588.4,809.4,3.5293812815614474,4.661832315090823
method1,4.0,588.5,809.5,3.52429643891203,4.66630838802606
method1,4.0,588.6,809.6,3.519188703351985,4.670759460999881
method1,4.0,588.7,809.7,3.51408096779194,4.675210533973702
method1,4.0,588.8,809.8,3.5089618472226705,4.679649048447532
method1,4.0,588.9,809.9,3.5038313416441653,4.6840750044213815
method1,4.0,589.0,810.0,3.49870083606566,4.68850096039523
method1,4.0,589.1,810.1,3.493547683958991,4.692901682934531
method1,4.0,589.2,810.2,3.4883945318523217,4.697302405473832
method1,4.0,589.3,810.3,3.4832301185243044,4.7016904533820885
method1,4.0,589.4,810.4,3.4780544439749272,4.706065826659309
method1,4.0,589.5,810.5,3.47287876942555,4.71044119993653
method1,4.0,589.6,810.6,3.467680697111065,4.714791108734239
method1,4.0,589.7,810.7,3.4624826247965794,4.719141017531948
method1,4.0,589.8,810.8,3.4572734162329426,4.723478136787732
method1,4.0,589.9,810.9,3.452053071420141,4.7278024665016005
method1,4.0,590.0,811.0,3.44683272660734,4.73212679621547
method1,4.0,590.1,811.1,3.441590235149151,4.736425432857299
method1,4.0,590.2,811.2,3.4363477436909617,4.740724069499128
method1,4.0,590.3,811.3,3.4310942421281183,4.74500980292039
method1,4.0,590.4,811.4,3.425829730460609,4.749282633121095
method1,4.0,590.5,811.5,3.4205652187931,4.7535554633218
method1,4.0,590.6,811.6,3.4152788139324026,4.757802374334413
method1,4.0,590.7,811.7,3.4099924090717058,4.762049285347026
method1,4.0,590.8,811.8,3.404695121411,4.766283180704638
method1,4.0,590.9,811.9,3.399386950950275,4.770504060407259
method1,4.0,591.0,812.0,3.39407878048955,4.77472494010988
method1,4.0,591.1,812.1,3.388748972595897,4.778919677008613
method1,4.0,591.2,812.2,3.3834191647022434,4.783114413907346
method1,4.0,591.3,812.3,3.3780786024611063,4.787296023972677
method1,4.0,591.4,812.4,3.372727285872473,4.791464507204613
method1,4.0,591.5,812.5,3.36737596928384,4.79563299043655
method1,4.0,591.6,812.6,3.362003273305931,4.799775109772638
method1,4.0,591.7,812.7,3.356630577328022,4.803917229108728
method1,4.0,591.8,812.8,3.3512472565906366,4.808046111700766
method1,4.0,591.9,812.9,3.3458533110937636,4.812161757548763
method1,4.0,592.0,813.0,3.34045936559689,4.81627740339676
method1,4.0,592.1,813.1,3.3350443010128767,4.820366466804073
method1,4.0,592.2,813.2,3.3296292364288633,4.824455530211386
method1,4.0,592.3,813.3,3.3242036777963584,4.828531248243345
method1,4.0,592.4,813.4,3.3187676251153495,4.832593620899957
method1,4.0,592.5,813.5,3.31333157243434,4.83665599355657
method1,4.0,592.6,813.6,3.307874663201667,4.840691567797867
method1,4.0,592.7,813.7,3.3024177539689936,4.844727142039163
method1,4.0,592.8,813.8,3.2969504825091502,4.848749263564624
method1,4.0,592.9,813.9,3.291472848822125,4.8527579323742565
method1,4.0,593.0,814.0,3.2859952151351,4.85676660118389
method1,4.0,593.1,814.1,3.280496989639855,4.860748258196574
method1,4.0,593.2,814.2,3.2749987641446094,4.86472991520926
method1,4.0,593.3,814.3,3.2694903093411125,4.868698013467786
method1,4.0,593.4,814.4,3.2639716252293516,4.872652552972164
method1,4.0,593.5,814.5,3.25845294111759,4.87660709247654
method1,4.0,593.6,814.6,3.252913932123393,4.880534409417929
method1,4.0,593.7,814.7,3.2473749231291955,4.8844617263593175
method1,4.0,593.8,814.8,3.2418258188303963,4.888375379821606
method1,4.0,593.9,814.9,3.236266619226983,4.8922753698048025
method1,4.0,594.0,815.0,3.23070741962357,4.896175359788
method1,4.0,594.1,815.1,3.225128164220029,4.900047919080049
method1,4.0,594.2,815.2,3.2195489088164875,4.903920478372098
method1,4.0,594.3,815.3,3.213959693183739,4.907779270784586
method1,4.0,594.4,815.4,3.2083605173217693,4.911624296317523
method1,4.0,594.5,815.5,3.2027613414598,4.91546932185046
method1,4.0,594.6,815.6,3.1971423810104347,4.919286711224037
method1,4.0,594.7,815.7,3.1915234205610696,4.923104100597613
method1,4.0,594.8,815.8,3.1858946360165548,4.926907621026604
method1,4.0,594.9,815.9,3.180256027376877,4.930697272511017
method1,4.0,595.0,816.0,3.1746174187372,4.93448692399543
method1,4.0,595.1,816.1,3.1689592988270148,4.938248736534019
method1,4.0,595.2,816.2,3.1633011789168295,4.942010549072608
method1,4.0,595.3,816.3,3.1576333720910026,4.945758391947864
method1,4.0,595.4,816.4,3.1519558783495216,4.9494922651597975
method1,4.0,595.5,816.5,3.14627838460804,4.95322613837173
method1,4.0,595.6,816.6,3.1405816549905547,4.956931972554655
method1,4.0,595.7,816.7,3.1348849253730693,4.96063780673758
method1,4.0,595.8,816.8,3.1291786470515945,4.964329571895402
method1,4.0,595.9,816.9,3.123462820026117,4.968007268028131
method1,4.0,596.0,817.0,3.11774699300064,4.97168496416086
method1,4.0,596.1,817.1,3.1120122075445464,4.975334423905965
method1,4.0,596.2,817.2,3.1062774220884535,4.97898388365107
method1,4.0,596.3,817.3,3.1005332271587345,4.982619176376854
method1,4.0,596.4,817.4,3.0947796227553774,4.986240302083328
method1,4.0,596.5,817.5,3.08902601835202,4.9898614277898
method1,4.0,596.6,817.6,3.0832537349873625,4.993454122495617
method1,4.0,596.7,817.7,3.077481451622705,4.997046817201434
method1,4.0,596.8,817.8,3.071699899019973,5.000625248271699
method1,4.0,596.9,817.9,3.0659090771791515,5.004189415706419
method1,4.0,597.0,818.0,3.06011825533833,5.00775358314114
method1,4.0,597.1,818.1,3.0543090360022607,5.011289127728489
method1,4.0,597.2,818.2,3.048499816666191,5.014824672315838
method1,4.0,597.3,818.3,3.0426814693191426,5.018345858039707
method1,4.0,597.4,818.4,3.0368539939611012,5.021852684900103
method1,4.0,597.5,818.5,3.03102651860306,5.0253595117605
method1,4.0,597.6,818.6,3.0251809291852063,5.0288375267136045
method1,4.0,597.7,818.7,3.0193353397673532,5.032315541666709
method1,4.0,597.8,818.8,3.0134807645434085,5.035779103926874
method1,4.0,597.9,818.9,3.0076172035133593,5.039228213494107
method1,4.0,598.0,819.0,3.00175364248331,5.04267732306134
method1,4.0,598.1,819.1,2.9958722527706487,5.0460974344683684
method1,4.0,598.2,819.2,2.9899908630579874,5.049517545875398
method1,4.0,598.3,819.3,2.984100630708075,5.052923112168522
method1,4.0,598.4,819.4,2.978201555720897,5.056314133347751
method1,4.0,598.5,819.5,2.97230248073372,5.05970515452698
method1,4.0,598.6,819.6,2.9663858643551064,5.063066994120036
method1,4.0,598.7,819.7,2.9604692479764934,5.066428833713093
method1,4.0,598.8,819.8,2.9545439330794587,5.0697760371896905
method1,4.0,598.9,819.9,2.948609919663989,5.073108604549835
method1,4.0,599.0,820.0,2.94267590624852,5.07644117190998
method1,4.0,599.1,820.1,2.936724640618751,5.079744377104569
method1,4.0,599.2,820.2,2.9307733749889815,5.083047582299157
method1,4.0,599.3,820.3,2.924813555895571,5.0863360618028866
method1,4.0,599.4,820.4,2.9188451833385054,5.089609815615763
method1,4.0,599.5,820.5,2.91287681078144,5.09288356942864
method1,4.0,599.6,820.6,2.9068914770449585,5.096127783362556
method1,4.0,599.7,820.7,2.9009061433084775,5.0993719972964735
method1,4.0,599.8,820.8,2.894912402084915,5.102601397402914
method1,4.0,599.9,820.9,2.888910253374257,5.105815983681887
method1,4.0,600.0,821.0,2.8829081046636,5.10903056996086
method1,4.0,600.1,821.1,2.8768892876377707,5.11221544153254
method1,4.0,600.2,821.2,2.870870470611941,5.115400313104221
method1,4.0,600.3,821.3,2.8648433929831287,5.118570284159066
method1,4.0,600.4,821.4,2.8588080547513193,5.121725354697083
method1,4.0,600.5,821.5,2.85277271651951,5.1248804252351
method1,4.0,600.6,821.6,2.8467210046375007,5.128005609141389
method1,4.0,600.7,821.7,2.840669292755491,5.131130793047678
method1,4.0,600.8,821.8,2.8346094680477787,5.134240991204371
method1,4.0,600.9,821.9,2.8285415305143493,5.137336203611476
method1,4.0,601.0,822.0,2.82247359298092,5.14043141601858
method1,4.0,601.1,822.1,2.8163895782342188,5.143496572791949
method1,4.0,601.2,822.2,2.810305563487517,5.146561729565318
method1,4.0,601.3,822.3,2.8042135845711327,5.149611816822123
method1,4.0,601.4,822.4,2.7981136414850516,5.152646834562371
method1,4.0,601.5,822.5,2.79201369839897,5.15568185230262
method1,4.0,601.6,822.6,2.7858979762794887,5.158686648347804
method1,4.0,601.7,822.7,2.7797822541600072,5.161691444392989
method1,4.0,601.8,822.8,2.7736587173910565,5.164681088629492
method1,4.0,601.9,822.9,2.767527365972623,5.167655581057321
method1,4.0,602.0,823.0,2.76139601455419,5.17063007348515
method1,4.0,602.1,823.1,2.7552491839960243,5.173574181115223
method1,4.0,602.2,823.2,2.749102353437859,5.176518288745295
method1,4.0,602.3,823.3,2.742947858600001,5.179447163758322
method1,4.0,602.4,823.4,2.7367856994824353,5.182360806154311
method1,4.0,602.5,823.5,2.73062354036487,5.1852744485503
method1,4.0,602.6,823.6,2.7244462036856447,5.188157546022152
method1,4.0,602.7,823.7,2.7182688670064192,5.191040643494005
method1,4.0,602.8,823.8,2.712084017252115,5.1939084290329705
method1,4.0,602.9,823.9,2.705891654422717,5.196760902639055
method1,4.0,603.0,824.0,2.69969929159332,5.19961337624514
method1,4.0,603.1,824.1,2.6934920544352225,5.202435147794397
method1,4.0,603.2,824.2,2.687284817277125,5.205256919343653
method1,4.0,603.3,824.3,2.681070219068575,5.208063301145317
method1,4.0,603.4,824.4,2.6748482598095573,5.210854293199393
method1,4.0,603.5,824.5,2.66862630055054,5.21364528525347
method1,4.0,603.6,824.6,2.662389771820947,5.216405421128815
method1,4.0,603.7,824.7,2.6561532430913535,5.2191655570041595
method1,4.0,603.8,824.8,2.649909506141051,5.221910226826807
method1,4.0,603.9,824.9,2.6436585609700254,5.224639430596763
method1,4.0,604.0,825.0,2.637407615799,5.22736863436672
method1,4.0,604.1,825.1,2.6311424076107586,5.230066830863609
method1,4.0,604.2,825.2,2.6248771994225173,5.2327650273604975
method1,4.0,604.3,825.3,2.618604936633433,5.235447683017519
method1,4.0,604.4,825.4,2.6123256192434914,5.23811479783468
method1,4.0,604.5,825.5,2.60604630185355,5.24078191265184
method1,4.0,604.6,825.6,2.5997530294649485,5.243417872145661
method1,4.0,604.7,825.7,2.593459757076347,5.246053831639482
method1,4.0,604.8,825.8,2.5871595844818125,5.248674177032363
method1,4.0,604.9,825.9,2.5808525116813312,5.251278908324311
method1,4.0,605.0,826.0,2.57454543888085,5.25388363961626
method1,4.0,605.1,826.1,2.5682247206351967,5.256457070594872
method1,4.0,605.2,826.2,2.5619040023895434,5.259030501573485
method1,4.0,605.3,826.3,2.555576539092745,5.261588246724212
method1,4.0,605.4,826.4,2.5492423307447876,5.264130306047061
method1,4.0,605.5,826.5,2.54290812239683,5.26667236536991
method1,4.0,605.6,826.6,2.5365605796617365,5.2691829824655745
method1,4.0,605.7,826.7,2.530213036926643,5.271693599561239
method1,4.0,605.8,826.8,2.523858905039821,5.274188460644071
method1,4.0,605.9,826.9,2.5174981840012554,5.276667565714075
method1,4.0,606.0,827.0,2.51113746296269,5.27914667078408
method1,4.0,606.1,827.1,2.5047637200689725,5.281594194804817
method1,4.0,606.2,827.2,2.498389977175255,5.284041718825553
method1,4.0,606.3,827.3,2.492009801758537,5.286473418198225
method1,4.0,606.4,827.4,2.485623193818803,5.288889292922837
method1,4.0,606.5,827.5,2.47923658587907,5.29130516764745
method1,4.0,606.6,827.6,2.4728372700593964,5.293689325607747
method1,4.0,606.7,827.7,2.4664379542397232,5.296073483568043
method1,4.0,606.8,827.8,2.460032363239671,5.298441749802337
method1,4.0,606.9,827.9,2.4536204970592257,5.300794124310634
method1,4.0,607.0,828.0,2.44720863087878,5.30314649881893
method1,4.0,607.1,828.1,2.440784372205931,5.305467023969895
method1,4.0,607.2,828.2,2.434360113533081,5.307787549120859
method1,4.0,607.3,828.3,2.427929737720889,5.310092117032579
method1,4.0,607.4,828.4,2.4214932447693394,5.312380727705059
method1,4.0,607.5,828.5,2.41505675181779,5.31466933837754
method1,4.0,607.6,828.6,2.4086081831426567,5.3169259702363805
method1,4.0,607.7,828.7,2.4021596144675232,5.319182602095221
method1,4.0,607.8,828.8,2.3957050873769288,5.321423212773543
method1,4.0,607.9,828.9,2.3892446018708595,5.323647802271352
method1,4.0,608.0,829.0,2.38278411636479,5.32587239176916
method1,4.0,608.1,829.1,2.3763118732540365,5.328064876148089
method1,4.0,608.2,829.2,2.369839630143283,5.330257360527018
method1,4.0,608.3,829.3,2.363361588008165,5.332433761363223
method1,4.0,608.4,829.4,2.3568777468486672,5.334594078656711
method1,4.0,608.5,829.5,2.35039390568917,5.3367543959502
method1,4.0,608.6,829.6,2.3438986263626123,5.338882484984708
method1,4.0,608.7,829.7,2.337403347036055,5.341010574019217
method1,4.0,608.8,829.8,2.330902428727721,5.343122518734823
method1,4.0,608.9,829.9,2.3243958714375954,5.345218319131531
method1,4.0,609.0,830.0,2.31788931414747,5.34731411952824
method1,4.0,609.1,830.1,2.3113716394151447,5.3493775717047365
method1,4.0,609.2,830.2,2.304853964682819,5.351441023881232
method1,4.0,609.3,830.3,2.298330811647027,5.353488272555461
method1,4.0,609.4,830.4,2.2918021803077537,5.355519317727426
method1,4.0,609.5,830.5,2.28527354896848,5.35755036289939
method1,4.0,609.6,830.6,2.2787341221674384,5.359548943082235
method1,4.0,609.7,830.7,2.272194695366397,5.361547523265079
method1,4.0,609.8,830.8,2.265649951560055,5.363529842361741
method1,4.0,609.9,830.9,2.2590998907483972,5.365495900372226
method1,4.0,610.0,831.0,2.25254982993674,5.36746195838271
method1,4.0,610.1,831.1,2.2459892968675743,5.369395437840586
method1,4.0,610.2,831.2,2.239428763798409,5.371328917298463
method1,4.0,610.3,831.3,2.232863075626041,5.373246079692185
method1,4.0,610.4,831.4,2.2262922323504557,5.375146925021758
method1,4.0,610.5,831.5,2.21972138907487,5.37704777035133
method1,4.0,610.6,831.6,2.2131403979379165,5.378915926783031
method1,4.0,610.7,831.7,2.206559406800963,5.380784083214731
method1,4.0,610.8,831.8,2.199973423050849,5.382635868216553
method1,4.0,610.9,831.9,2.1933824466875596,5.384471281788502
method1,4.0,611.0,832.0,2.18679147032427,5.38630669536045
method1,4.0,611.1,832.1,2.1801906716556085,5.388109312919982
method1,4.0,611.2,832.2,2.173589872986947,5.3899119304795144
method1,4.0,611.3,832.3,2.166984244767045,5.391698123861865
method1,4.0,611.4,832.4,2.1603737869958874,5.3934678930670374
method1,4.0,611.5,832.5,2.15376332922473,5.39523766227221
method1,4.0,611.6,832.6,2.147143375831852,5.396974531593298
method1,4.0,611.7,832.7,2.140523422438975,5.398711400914387
method1,4.0,611.8,832.8,2.133898803112547,5.400431794935406
method1,4.0,611.9,832.9,2.1272695178525534,5.4021357136563575
method1,4.0,612.0,833.0,2.12064023259256,5.40383963237731
method1,4.0,612.1,833.1,2.1140017794898425,5.405510550597227
method1,4.0,612.2,833.2,2.1073633263871248,5.407181468817143
method1,4.0,612.3,833.3,2.100720371508115,5.4088358622443655
method1,4.0,612.4,833.4,2.0940729148527977,5.410473730878898
method1,4.0,612.5,833.5,2.08742545819748,5.41211159951343
method1,4.0,612.6,833.6,2.0807691625413707,5.413716370296214
method1,4.0,612.7,833.7,2.074112866885261,5.415321141078999
method1,4.0,612.8,833.8,2.067452234133453,5.4169093392124035
method1,4.0,612.9,833.9,2.0607872642859317,5.418480964696432
method1,4.0,613.0,834.0,2.05412229443841,5.42005259018046
method1,4.0,613.1,834.1,2.0474488154623725,5.421591023739464
method1,4.0,613.2,834.2,2.040775336486335,5.423129457298469
method1,4.0,613.3,834.3,2.034097685602213,5.424651271992869
method1,4.0,613.4,834.4,2.0274158628099914,5.42615646782267
method1,4.0,613.5,834.5,2.02073404001777,5.42766166365247
method1,4.0,613.6,834.6,2.0140440389670244,5.429133576772283
method1,4.0,613.7,834.7,2.007354037916279,5.430605489892095
method1,4.0,613.8,834.8,2.000660030635721,5.432060739578887
method1,4.0,613.9,834.9,1.9939620171253354,5.433499325832663
method1,4.0,614.0,835.0,1.98726400361495,5.43493791208644
method1,4.0,614.1,835.1,1.9805581436809285,5.436343128144133
method1,4.0,614.2,835.2,1.973852283746907,5.437748344201824
method1,4.0,614.3,835.3,1.9671425837355871,5.439136853910089
method1,4.0,614.4,835.4,1.9604290436469536,5.440508657268929
method1,4.0,614.5,835.5,1.95371550355832,5.44188046062777
method1,4.0,614.6,835.6,1.9469944498129585,5.443218809613507
method1,4.0,614.7,835.7,1.9402733960675969,5.444557158599243
method1,4.0,614.8,835.8,1.933548668855207,5.445878759976176
method1,4.0,614.9,835.9,1.9268202681757736,5.447183613744308
method1,4.0,615.0,836.0,1.92009186749634,5.44848846751244
method1,4.0,615.1,836.1,1.9133562868260945,5.449759786049424
method1,4.0,615.2,836.2,1.906620706155849,5.451031104586408
method1,4.0,615.3,836.3,1.8998816190700831,5.4522856359171135
method1,4.0,615.4,836.4,1.8931390255687817,5.453523380041542
method1,4.0,615.5,836.5,1.88639643206748,5.45476112416597
method1,4.0,615.6,836.6,1.8796469931071824,5.455965255529743
method1,4.0,615.7,836.7,1.872897554146885,5.457169386893515
method1,4.0,615.8,836.8,1.8661447762472212,5.4583566931201295
method1,4.0,615.9,836.9,1.8593886594081754,5.45952717420959
method1,4.0,616.0,837.0,1.85263254256913,5.46069765529905
method1,4.0,616.1,837.1,1.8458699156356044,5.461834449436118
method1,4.0,616.2,837.2,1.839107288702079,5.462971243573187
method1,4.0,616.3,837.3,1.832341490713371,5.464091176313348
method1,4.0,616.4,837.4,1.8255725216694656,5.465194247656604
method1,4.0,616.5,837.5,1.81880355262556,5.46629731899986
method1,4.0,616.6,837.6,1.8120284096510504,5.4673666325456605
method1,4.0,616.7,837.7,1.8052532666765408,5.468435946091461
method1,4.0,616.8,837.8,1.798475120922373,5.469488363656107
method1,4.0,616.9,837.9,1.7916939723885317,5.470523885239603
method1,4.0,617.0,838.0,1.78491282385469,5.4715594068231
method1,4.0,617.1,838.1,1.7781258383201124,5.472561103119312
method1,4.0,617.2,838.2,1.771338852785535,5.473562799415525
method1,4.0,617.3,838.3,1.764549033121449,5.474547566826038
method1,4.0,617.4,838.4,1.7577563793278397,5.475515405350854
method1,4.0,617.5,838.5,1.75096372553423,5.47648324387567
method1,4.0,617.6,838.6,1.7441655724022165,5.477417192986854
method1,4.0,617.7,838.7,1.7373674192702029,5.478351142098038
method1,4.0,617.8,838.8,1.7305666010166791,5.479268131102712
method1,4.0,617.9,838.9,1.7237631176416297,5.480168160000876
method1,4.0,618.0,839.0,1.71695963426658,5.48106818889904
method1,4.0,618.1,839.1,1.7101509899143705,5.4819342676286
method1,4.0,618.2,839.2,1.7033423455621608,5.48280034635816
method1,4.0,618.3,839.3,1.696531205437475,5.483649435447997
method1,4.0,618.4,839.4,1.6897175695402975,5.484481534898114
method1,4.0,618.5,839.5,1.68290393364312,5.48531363434823
method1,4.0,618.6,839.6,1.6760854757952464,5.486111726253726
method1,4.0,618.7,839.7,1.669267017947373,5.486909818159222
method1,4.0,618.8,839.8,1.662446234000243,5.487690892583085
method1,4.0,618.9,839.9,1.6556231239538415,5.488454949525318
method1,4.0,619.0,840.0,1.64880001390744,5.48921900646755
method1,4.0,619.1,840.1,1.6419724215682985,5.489949001875306
method1,4.0,619.2,840.2,1.6351448292291568,5.490678997283062
method1,4.0,619.3,840.3,1.6283150807712592,5.491391949062108
method1,4.0,619.4,840.4,1.6214831761945896,5.492087857212444
method1,4.0,619.5,840.5,1.61465127161792,5.49278376536278
method1,4.0,619.6,840.6,1.6078152250041144,5.49344556138186
method1,4.0,619.7,840.7,1.600979178390309,5.4941073574009405
method1,4.0,619.8,840.8,1.594141145928609,5.494752085342426
method1,4.0,619.9,840.9,1.5873011276189997,5.495379745206318
method1,4.0,620.0,841.0,1.58046110930939,5.49600740507021
method1,4.0,620.1,841.1,1.5736172897820044,5.496600905605678
method1,4.0,620.2,841.2,1.566773470254619,5.497194406141146
method1,4.0,620.3,841.3,1.559927835423585,5.4977708158515215
method1,4.0,620.4,841.4,1.5530803852888875,5.498330134736806
method1,4.0,620.5,841.5,1.54623293515419,5.49888945362209
method1,4.0,620.6,841.6,1.5393820251508483,5.499414569387627
method1,4.0,620.7,841.7,1.5325311151475067,5.499939685153162
method1,4.0,620.8,841.8,1.5256785606411492,5.500447689050514
method1,4.0,620.9,841.9,1.5188243616317596,5.500938581079682
method1,4.0,621.0,842.0,1.51197016262237,5.50142947310885
method1,4.0,621.1,842.1,1.5051128455892004,5.501886121638662
method1,4.0,621.2,842.2,1.4982555285560308,5.502342770168474
method1,4.0,621.3,842.3,1.4913967380598172,5.502782287494274
method1,4.0,621.4,842.4,1.4845364741005436,5.503204673616062
method1,4.0,621.5,842.5,1.47767621014127,5.50362705973785
method1,4.0,621.6,842.6,1.4708131704647245,5.504015165397914
method1,4.0,621.7,842.7,1.4639501307881788,5.504403271057979
method1,4.0,621.8,842.8,1.457085788910845,5.504774227888146
method1,4.0,621.9,842.9,1.4502201448327077,5.5051280358884185
method1,4.0,622.0,843.0,1.44335450075457,5.50548184388869
method1,4.0,622.1,843.1,1.4364864236931085,5.505801337887326
method1,4.0,622.2,843.2,1.429618346631647,5.506120831885963
method1,4.0,622.3,843.3,1.4227491388368312,5.506423161141274
method1,4.0,622.4,843.4,1.4158788003086455,5.506708325653262
method1,4.0,622.5,843.5,1.40900846178046,5.50699349016525
method1,4.0,622.6,843.6,1.4021360333961583,5.507244310562978
method1,4.0,622.7,843.7,1.395263605011857,5.507495130960706
method1,4.0,622.8,843.8,1.3883902175496812,5.507728772416479
method1,4.0,622.9,843.9,1.3815158710096156,5.5079452349302995
method1,4.0,623.0,844.0,1.37464152446955,5.50816169744412
method1,4.0,623.1,844.1,1.3677654315595205,5.5083437891628675
method1,4.0,623.2,844.2,1.360889338649491,5.508525880881615
method1,4.0,623.3,844.3,1.3540124584879751,5.508690781176746
method1,4.0,623.4,844.4,1.3471347910749576,5.508838490048258
method1,4.0,623.5,844.5,1.34025712366194,5.50898619891977
method1,4.0,623.6,844.6,1.3333780536897504,5.509099513751378
method1,4.0,623.7,844.7,1.326498983717561,5.509212828582986
method1,4.0,623.8,844.8,1.3196192984739872,5.509308941228278
method1,4.0,623.9,844.9,1.3127389979590136,5.509387851687254
method1,4.0,624.0,845.0,1.30585869744404,5.50946676214623
method1,4.0,624.1,845.1,1.2989773384709384,5.509511258760262
method1,4.0,624.2,845.2,1.2920959794978368,5.5095557553742935
method1,4.0,624.3,845.3,1.285214177369983,5.509583040760106
method1,4.0,624.4,845.4,1.2783319320873616,5.509593114917698
method1,4.0,624.5,845.5,1.27144968680474,5.50960318907529
method1,4.0,624.6,845.6,1.2645667274208545,5.509578833026182
method1,4.0,624.7,845.7,1.2576837680369688,5.509554476977074
method1,4.0,624.8,845.8,1.250800537734259,5.509512902380288
method1,4.0,624.9,845.9,1.2439170365127095,5.509454109235824
method1,4.0,625.0,846.0,1.23703353529116,5.50939531609136
method1,4.0,625.1,846.1,1.2301496645465904,5.5093020798248515
method1,4.0,625.2,846.2,1.2232657938020208,5.509208843558344
method1,4.0,625.3,846.3,1.2163818244766231,5.509098383148628
method1,4.0,625.4,846.4,1.2094977565703817,5.508970698595704
method1,4.0,625.5,846.5,1.20261368866414,5.50884301404278
method1,4.0,625.6,846.6,1.1957295959999785,5.508680876901676
method1,4.0,625.7,846.7,1.1888455033358167,5.5085187397605715
method1,4.0,625.8,846.8,1.181961484513619,5.508339374605966
method1,4.0,625.9,846.9,1.1750775395333697,5.508142781437858
method1,4.0,626.0,847.0,1.16819359455312,5.50794618826975
method1,4.0,626.1,847.1,1.1613099697323985,5.507715136498986
method1,4.0,626.2,847.2,1.154426344911677,5.507484084728222
method1,4.0,626.3,847.3,1.147542966423243,5.5072358028000306
method1,4.0,626.4,847.4,1.1406598342670815,5.50697029071441
method1,4.0,626.5,847.5,1.13377670211092,5.50670477862879
method1,4.0,626.6,847.6,1.1268942351494904,5.506404805379794
method1,4.0,626.7,847.7,1.1200117681880608,5.506104832130798
method1,4.0,626.8,847.8,1.1131297200994892,5.505787628307788
method1,4.0,626.9,847.9,1.1062480908837595,5.505453193910764
method1,4.0,627.0,848.0,1.09936646166803,5.50511875951374
method1,4.0,627.1,848.1,1.0924858427654285,5.504749864848116
method1,4.0,627.2,848.2,1.0856052238628269,5.504380970182492
method1,4.0,627.3,848.3,1.0787251964065852,5.503994846254397
method1,4.0,627.4,848.4,1.0718457603966876,5.503591493063828
method1,4.0,627.5,848.5,1.06496632438679,5.50318813987326
method1,4.0,627.6,848.6,1.0580882438569763,5.5027503307657835
method1,4.0,627.7,848.7,1.0512101633271629,5.5023125216583075
method1,4.0,627.8,848.8,1.044332846832841,5.501857486328646
method1,4.0,627.9,848.9,1.0374562943739956,5.501385224776798
method1,4.0,628.0,849.0,1.03057974191515,5.50091296322495
method1,4.0,628.1,849.1,1.0237048901173003,5.500406253565858
method1,4.0,628.2,849.2,1.0168300383194508,5.499899543906766
method1,4.0,628.3,849.3,1.0099561231445253,5.49937561279496
method1,4.0,628.4,849.4,1.0030831445925081,5.49883446023044
method1,4.0,628.5,849.5,0.996210166040491,5.49829330766592
method1,4.0,628.6,849.6,0.9893392333096575,5.497717718262508
method1,4.0,628.7,849.7,0.9824683005788238,5.497142128859095
method1,4.0,628.8,849.8,0.9755984770393341,5.496549324501896
method1,4.0,628.9,849.9,0.9687297626911726,5.495939305190908
method1,4.0,629.0,850.0,0.961861048343011,5.49532928587992
method1,4.0,629.1,850.1,0.9549947249208383,5.494684844457447
method1,4.0,629.2,850.2,0.9481284014986654,5.494040403034976
method1,4.0,629.3,850.3,0.9412633597998951,5.493378754887197
method1,4.0,629.4,850.4,0.9343995998245116,5.492699900014109
method1,4.0,629.5,850.5,0.927535839849128,5.49202104514102
method1,4.0,629.6,850.6,0.9206748158145016,5.491307786342924
method1,4.0,629.7,850.7,0.9138137917798752,5.490594527544827
method1,4.0,629.8,850.8,0.9069542219470219,5.489864071979382
method1,4.0,629.9,850.9,0.900096106315926,5.489116419646586
method1,4.0,630.0,851.0,0.89323799068483,5.48836876731379
method1,4.0,630.1,851.1,0.8863829558845204,5.487586732701201
method1,4.0,630.2,851.2,0.8795279210842109,5.486804698088614
method1,4.0,630.3,851.3,0.8726745128930125,5.486005478395852
method1,4.0,630.4,851.4,0.8658227313109098,5.485189073622917
method1,4.0,630.5,851.5,0.858970949728807,5.48437266884998
method1,4.0,630.6,851.6,0.8521225937081299,5.483521906900548
method1,4.0,630.7,851.7,0.8452742376874527,5.482671144951116
method1,4.0,630.8,851.8,0.8384276805948477,5.481803211337485
method1,4.0,630.9,851.9,0.8315829224302993,5.480918106059652
method1,4.0,631.0,852.0,0.824738164265751,5.48003300078182
method1,4.0,631.1,852.1,0.8178971761991742,5.479113566887816
method1,4.0,631.2,852.2,0.8110561881325975,5.478194132993812
method1,4.0,631.3,852.3,0.8042171712073479,5.477257542579786
method1,4.0,631.4,852.4,0.79738012542341,5.476303795645738
method1,4.0,631.5,852.5,0.790543079639472,5.47535004871169
method1,4.0,631.6,852.6,0.7837101482613037,5.474362005177462
method1,4.0,631.7,852.7,0.7768772168831353,5.473373961643233
method1,4.0,631.8,852.8,0.7700464287364985,5.472368778460586
method1,4.0,631.9,852.9,0.7632177838213777,5.471346455629519
method1,4.0,632.0,853.0,0.756389138906257,5.47032413279845
method1,4.0,632.1,853.1,0.7495649524412694,5.469267548837142
method1,4.0,632.2,853.2,0.7427407659762819,5.4682109648758335
method1,4.0,632.3,853.3,0.7359188946926585,5.467137259864191
method1,4.0,632.4,853.4,0.7290993385903838,5.466046433802211
method1,4.0,632.5,853.5,0.722279782488109,5.46495560774023
method1,4.0,632.6,853.6,0.7154650285822615,5.46383055946983
method1,4.0,632.7,853.7,0.708650274676414,5.46270551119943
method1,4.0,632.8,853.8,0.7018380077440557,5.4615633622021305
method1,4.0,632.9,853.9,0.6950282277851714,5.460404112477931
method1,4.0,633.0,854.0,0.688218447826287,5.45924486275373
method1,4.0,633.1,854.1,0.6814138134774058,5.458051433192398
method1,4.0,633.2,854.2,0.6746091791285247,5.456858003631066
method1,4.0,633.3,854.3,0.6678072033702489,5.455647495390338
method1,4.0,633.4,854.4,0.6610078862025629,5.454419908470214
method1,4.0,633.5,854.5,0.654208569034877,5.45319232155009
method1,4.0,633.6,854.6,0.6474147405234218,5.4519306006108215
method1,4.0,633.7,854.7,0.6406209120119668,5.450668879671554
method1,4.0,633.8,854.8,0.6338299135159071,5.449390103822985
method1,4.0,633.9,854.9,0.6270417450352276,5.448094273065112
method1,4.0,634.0,855.0,0.620253576554548,5.44679844230724
method1,4.0,634.1,855.1,0.613471239374397,5.445468526791796
method1,4.0,634.2,855.2,0.6066889021942458,5.444138611276352
method1,4.0,634.3,855.3,0.599909566244671,5.442791666342659
method1,4.0,634.4,855.4,0.593133231525657,5.4414276919907145
method1,4.0,634.5,855.5,0.586356896806643,5.44006371763877
method1,4.0,634.6,855.6,0.5795867355959279,5.438665711230958
method1,4.0,634.7,855.7,0.5728165743852127,5.437267704823146
method1,4.0,634.8,855.8,0.5660495853933601,5.435852696207269
method1,4.0,634.9,855.9,0.5592857686203545,5.434420685383325
method1,4.0,635.0,856.0,0.552521951847349,5.43298867455938
method1,4.0,635.1,856.1,0.5457646503193703,5.431522687817604
method1,4.0,635.2,856.2,0.5390073487913916,5.430056701075827
method1,4.0,635.3,856.3,0.5322533902263983,5.428573741053315
method1,4.0,635.4,856.4,0.5255027746243751,5.427073807750062
method1,4.0,635.5,856.5,0.518752159022352,5.42557387444681
method1,4.0,635.6,856.6,0.5120083998965045,5.4240400247959375
method1,4.0,635.7,856.7,0.5052646407706569,5.422506175145066
method1,4.0,635.8,856.8,0.4985243950905162,5.4209553828557695
method1,4.0,635.9,856.9,0.4917876628560671,5.419387647928045
method1,4.0,636.0,857.0,0.485050930621618,5.41781991300032
method1,4.0,636.1,857.1,0.4783213955544577,5.4162183247228555
method1,4.0,636.2,857.2,0.47159186048729734,5.414616736445391
method1,4.0,636.3,857.3,0.46486600906992387,5.412998237884462
method1,4.0,636.4,857.4,0.45814384130232194,5.411362829040066
method1,4.0,636.5,857.5,0.45142167353472,5.40972742019567
method1,4.0,636.6,857.6,0.44470704305103725,5.408058224422246
method1,4.0,636.7,857.7,0.43799241256735455,5.406389028648821
method1,4.0,636.8,857.8,0.431281635641703,5.404702956657033
method1,4.0,636.9,857.9,0.4245747122740675,5.403000008446877
method1,4.0,637.0,858.0,0.417867788906432,5.40129706023672
method1,4.0,637.1,858.1,0.41116874233046086,5.399560394935875
method1,4.0,637.2,858.2,0.40446969575448977,5.397823729635031
method1,4.0,637.3,858.3,0.39777467233176184,5.396070223888377
method1,4.0,637.4,858.4,0.3910836720622619,5.394299877695908
method1,4.0,637.5,858.5,0.384392671792762,5.39252953150344
method1,4.0,637.6,858.6,0.37770988717945725,5.390725541470732
method1,4.0,637.7,858.7,0.3710271025661525,5.388921551438023
method1,4.0,637.8,858.8,0.3643485103711182,5.3871007584366595
method1,4.0,637.9,858.9,0.3576741105943391,5.385263162466635
method1,4.0,638.0,859.0,0.35099971081756,5.38342556649661
method1,4.0,638.1,859.1,0.3443338648839761,5.381554403343006
method1,4.0,638.2,859.2,0.33766801895039217,5.379683240189401
method1,4.0,638.3,859.3,0.33100653435277605,5.377795313245871
method1,4.0,638.4,859.4,0.32434941109111254,5.375890622512411
method1,4.0,638.5,859.5,0.317692287829449,5.37398593177895
method1,4.0,638.6,859.6,0.3110440558862255,5.372047753918558
method1,4.0,638.7,859.7,0.30439582394300196,5.370109576058165
method1,4.0,638.8,859.8,0.2977521218890146,5.368154675284947
method1,4.0,638.9,859.9,0.2911129497242483,5.366183051598899
method1,4.0,639.0,860.0,0.284473777559482,5.36421142791285
method1,4.0,639.1,860.1,0.2778438334424337,5.362206400549941
method1,4.0,639.2,860.2,0.27121388932538537,5.360201373187033
method1,4.0,639.3,860.3,0.26458864326933,5.358179665483402
method1,4.0,639.4,860.4,0.2579680952742525,5.356141277439046
method1,4.0,639.5,860.5,0.251347547279175,5.35410288939469
method1,4.0,639.6,860.6,0.2447365632810271,5.352031184510038
method1,4.0,639.7,860.7,0.2381255792828792,5.349959479625385
method1,4.0,639.8,860.8,0.2315194611189164,5.347871138663573
method1,4.0,639.9,860.9,0.2249182087891237,5.345766161624597
method1,4.0,640.0,861.0,0.218316956459331,5.34366118458562
method1,4.0,640.1,861.1,0.2117256032615263,5.341522980922163
method1,4.0,640.2,861.2,0.2051342500637216,5.339384777258707
method1,4.0,640.3,861.3,0.198547930057724,5.337229983469395
method1,4.0,640.4,861.4,0.1919666432435185,5.335058599554222
method1,4.0,640.5,861.5,0.185385356429313,5.33288721563905
method1,4.0,640.6,861.6,0.17881430303402432,5.330682698686849
method1,4.0,640.7,861.7,0.17224324963873563,5.328478181734648
method1,4.0,640.8,861.8,0.1656773963603132,5.326257122291753
method1,4.0,640.9,861.9,0.15911674319874208,5.324019520358156
method1,4.0,641.0,862.0,0.152556090037171,5.32178191842456
method1,4.0,641.1,862.1,0.1460060036993803,5.3195112804050995
method1,4.0,641.2,862.2,0.13945591736158963,5.317240642385639
method1,4.0,641.3,862.3,0.13291119761623119,5.314953511190439
method1,4.0,641.4,862.4,0.12637184446329008,5.312649886819495
method1,4.0,641.5,862.5,0.119832491310349,5.31034626244855
method1,4.0,641.6,862.6,0.1133040374701259,5.3080097022983095
method1,4.0,641.7,862.7,0.10677558362990283,5.305673142148069
method1,4.0,641.8,862.8,0.10025266239126636,5.30332013981262
method1,4.0,641.9,862.9,0.09373527375420168,5.30095069529196
method1,4.0,642.0,863.0,0.087217885117137,5.2985812507713
method1,4.0,642.1,863.1,0.08071172733204716,5.296178974124699
method1,4.0,642.2,863.2,0.07420556954695733,5.293776697478099
method1,4.0,642.3,863.3,0.06770510988933967,5.291358031307997
method1,4.0,642.4,863.4,0.061210348359179434,5.288922975614389
method1,4.0,642.5,863.5,0.0547155868290192,5.28648791992078
method1,4.0,642.6,863.6,0.04823238670669257,5.284020139092407
method1,4.0,642.7,863.7,0.04174918658436593,5.281552358264035
method1,4.0,642.8,863.8,0.035271849615297744,5.279068242240475
method1,4.0,642.9,863.9,0.028800375799473272,5.276567791021723
method1,4.0,643.0,864.0,0.0223289019836488,5.27406733980297
method1,4.0,643.1,864.1,0.015869319114538354,5.2715342737691495
method1,4.0,643.2,864.2,0.009409736245427909,5.269001207735329
method1,4.0,643.3,864.3,0.002956181038475548,5.266451862496499
method1,4.0,643.4,864.4,-0.003491346506333406,5.263886238052654
method1,4.0,643.5,864.5,-0.00993887405114236,5.26132061360881
method1,4.0,643.6,864.6,-0.016374182160879,5.25872248798847
method1,4.0,643.7,864.7,-0.022809490270615643,5.256124362368129
method1,4.0,643.8,864.8,-0.029238606742909838,5.253510015189925
method1,4.0,643.9,864.9,-0.03566153157777622,5.250879446453852
method1,4.0,644.0,865.0,-0.0420844564126426,5.24824887771778
method1,4.0,644.1,865.1,-0.048494834408011736,5.2455859247526755
method1,4.0,644.2,865.2,-0.05490521240338088,5.2429229717875705
method1,4.0,644.3,865.3,-0.06130923533633905,5.240243856563633
method1,4.0,644.4,865.4,-0.06770690320690083,5.2375485790808565
method1,4.0,644.5,865.5,-0.0741045710774626,5.23485330159808
method1,4.0,644.6,865.6,-0.08048936582138945,5.232125760132312
method1,4.0,644.7,865.7,-0.0868741605653163,5.229398218666542
method1,4.0,644.8,865.8,-0.09325243738881338,5.226654575887621
method1,4.0,644.9,865.9,-0.09962419629189519,5.2238948317955405
method1,4.0,645.0,866.0,-0.105995955194977,5.22113508770346
method1,4.0,645.1,866.1,-0.11235451583479245,5.218343203162347
method1,4.0,645.2,866.2,-0.1187130764746079,5.215551318621235
method1,4.0,645.3,866.3,-0.1250649569195295,5.212743395353879
method1,4.0,645.4,866.4,-0.13141015716957177,5.209919433360275
method1,4.0,645.5,866.5,-0.137755357419614,5.20709547136667
method1,4.0,645.6,866.6,-0.14408703545340823,5.204239495734933
method1,4.0,645.7,866.7,-0.15041871348720248,5.201383520103197
method1,4.0,645.8,866.8,-0.15674354965172213,5.198511569967785
method1,4.0,645.9,866.9,-0.16306154394698155,5.195623645328693
method1,4.0,646.0,867.0,-0.169379538242241,5.1927357206896
method1,4.0,646.1,867.1,-0.17568368758496244,5.189815912488887
method1,4.0,646.2,867.2,-0.18198783692768386,5.186896104288175
method1,4.0,646.3,867.3,-0.18828498334333194,5.183960387436265
method1,4.0,646.4,867.4,-0.19457512683192096,5.181008761933152
method1,4.0,646.5,867.5,-0.20086527032051,5.17805713643004
method1,4.0,646.6,867.6,-0.20714124736986703,5.175073760695771
method1,4.0,646.7,867.7,-0.21341722441922406,5.1720903849615025
method1,4.0,646.8,867.8,-0.21968603811671736,5.169091168052523
method1,4.0,646.9,867.9,-0.22594768846236118,5.166076109968826
method1,4.0,647.0,868.0,-0.232209338808005,5.16306105188513
method1,4.0,647.1,868.1,-0.23845650251015163,5.160014380142702
method1,4.0,647.2,868.2,-0.24470366621229825,5.1569677084002725
method1,4.0,647.3,868.3,-0.25094350678717997,5.153905264577544
method1,4.0,647.4,868.4,-0.25717602423481095,5.150827048674507
method1,4.0,647.5,868.5,-0.263408541682442,5.14774883277147
method1,4.0,647.6,868.6,-0.269626253597409,5.144639143011785
method1,4.0,647.7,868.7,-0.27584396551237605,5.1415294532521
method1,4.0,647.8,868.8,-0.2820541951903904,5.138404062118205
method1,4.0,647.9,868.9,-0.28825694263146623,5.135262969610093
method1,4.0,648.0,869.0,-0.294459690072542,5.13212187710198
method1,4.0,648.1,869.1,-0.30064731443948745,5.128949453756295
method1,4.0,648.2,869.2,-0.30683493880643287,5.12577703041061
method1,4.0,648.3,869.3,-0.3130149225087,5.122588978002087
method1,4.0,648.4,869.4,-0.319187265546303,5.1193852965307185
method1,4.0,648.5,869.5,-0.325359608583906,5.11618161505935
method1,4.0,648.6,869.6,-0.3315165123860522,5.112946748973521
method1,4.0,648.7,869.7,-0.3376734161881984,5.109711882887693
method1,4.0,648.8,869.8,-0.3438225215961122,5.106461461649097
method1,4.0,648.9,869.9,-0.34996382860980757,5.103195485257729
method1,4.0,649.0,870.0,-0.356105135623503,5.09992950886636
method1,4.0,649.1,870.1,-0.3622306886528944,5.096632497274359
method1,4.0,649.2,870.2,-0.36835624168228576,5.093335485682358
method1,4.0,649.3,870.3,-0.3744738393021838,5.090022994439641
method1,4.0,649.4,870.4,-0.3805834815126024,5.086695023546201
method1,4.0,649.5,870.5,-0.386693123723021,5.08336705265276
method1,4.0,649.6,870.6,-0.39278669864498117,5.080008199149607
method1,4.0,649.7,870.7,-0.39888027356694133,5.076649345646454
method1,4.0,649.8,870.8,-0.40496573679451964,5.073275089579707
method1,4.0,649.9,870.9,-0.4110430883277298,5.069885430949359
method1,4.0,650.0,871.0,-0.41712043986094,5.06649577231901
method1,4.0,650.1,871.1,-0.4231814122782854,5.063075386833002
method1,4.0,650.2,871.2,-0.42924238469563075,5.059655001346992
method1,4.0,650.3,871.3,-0.43529508988007287,5.0562192919625355
method1,4.0,650.4,871.4,-0.44133952783162544,5.052768258679622
method1,4.0,650.5,871.5,-0.447383965783178,5.04931722539671
method1,4.0,650.6,871.6,-0.4534117143001626,5.045835624161041
method1,4.0,650.7,871.7,-0.45943946281714715,5.042354022925372
method1,4.0,650.8,871.8,-0.4654587893250179,5.038857178027193
method1,4.0,650.9,871.9,-0.47146969382378845,5.035345089466497
method1,4.0,651.0,872.0,-0.477480598322559,5.0318330009058
method1,4.0,651.1,872.1,-0.4834745046085436,5.0282905064295065
method1,4.0,651.2,872.2,-0.48946841089452814,5.024748011953214
method1,4.0,651.3,872.3,-0.49545374117335467,5.021190355613768
method1,4.0,651.4,872.4,-0.5014304954450368,5.017617537411159
method1,4.0,651.5,872.5,-0.507407249716719,5.01404471920855
method1,4.0,651.6,872.6,-0.5133666985695644,5.010441660246837
method1,4.0,651.7,872.7,-0.5193261474224098,5.006838601285124
method1,4.0,651.8,872.8,-0.5252768670640171,5.003220463815487
method1,4.0,651.9,872.9,-0.5312188574944001,4.999587247837919
method1,4.0,652.0,873.0,-0.537160847924783,4.99595403186035
method1,4.0,652.1,873.1,-0.5430852273339344,4.992290743384249
method1,4.0,652.2,873.2,-0.5490096067430857,4.988627454908149
method1,4.0,652.3,873.3,-0.5549251045466079,4.984949172827525
method1,4.0,652.4,873.4,-0.5608317207445145,4.981255897142373
method1,4.0,652.5,873.5,-0.566738336942421,4.97756262145722
method1,4.0,652.6,873.6,-0.5726270381517431,4.973839444622643
method1,4.0,652.7,873.7,-0.5785157393610653,4.970116267788066
method1,4.0,652.8,873.8,-0.5843954073956943,4.9663781837926795
method1,4.0,652.9,873.9,-0.5902660422556437,4.962625192636475
method1,4.0,653.0,874.0,-0.596136677115593,4.95887220148027
method1,4.0,653.1,874.1,-0.6019890946858467,4.955089483596393
method1,4.0,653.2,874.2,-0.6078415122561005,4.951306765712516
method1,4.0,653.3,874.3,-0.6136847459235034,4.94750922864384
method1,4.0,653.4,874.4,-0.6195187956880687,4.943696872390355
method1,4.0,653.5,874.5,-0.625352845452634,4.93988451613687
method1,4.0,653.6,874.6,-0.6311683773237049,4.936042610633917
method1,4.0,653.7,874.7,-0.6369839091947759,4.932200705130964
method1,4.0,653.8,874.8,-0.6427901072912243,4.928344069943344
method1,4.0,653.9,874.9,-0.6485869716130637,4.924472705071047
method1,4.0,654.0,875.0,-0.654383835934903,4.92060134019875
method1,4.0,654.1,875.1,-0.6601618834876731,4.916700606595125
method1,4.0,654.2,875.2,-0.6659399310404432,4.9127998729915
method1,4.0,654.3,875.3,-0.6717084958186273,4.908884500719122
method1,4.0,654.4,875.4,-0.6774675778222387,4.904954489777981
method1,4.0,654.5,875.5,-0.68322665982585,4.90102447883684
method1,4.0,654.6,875.6,-0.6889666279437701,4.897065282705655
method1,4.0,654.7,875.7,-0.6947065960616903,4.893106086574471
method1,4.0,654.8,875.8,-0.7004369332921923,4.889132344297748
method1,4.0,654.9,875.9,-0.7061576396352891,4.885144055875479
method1,4.0,655.0,876.0,-0.711878345978386,4.88115576745321
method1,4.0,655.1,876.1,-0.7175796431087225,4.877138480388153
method1,4.0,655.2,876.2,-0.723280940239059,4.873121193323096
method1,4.0,655.3,876.3,-0.7289724592715294,4.869089454134378
method1,4.0,655.4,876.4,-0.7346542002061467,4.865043262821989
method1,4.0,655.5,876.5,-0.740335941140764,4.8609970715096
method1,4.0,655.6,876.6,-0.7459979793554933,4.856922071090247
method1,4.0,655.7,876.7,-0.7516600175702226,4.852847070670895
method1,4.0,655.8,876.8,-0.7573121313941908,4.848757713639606
method1,4.0,655.9,876.9,-0.7629543208274109,4.844653999996373
method1,4.0,656.0,877.0,-0.768596510260631,4.84055028635314
method1,4.0,656.1,877.1,-0.7742187053170411,4.836417956109571
method1,4.0,656.2,877.2,-0.7798409003734511,4.832285625866002
method1,4.0,656.3,877.3,-0.7854530256788285,4.828139036003136
method1,4.0,656.4,877.4,-0.7910550812331857,4.823978186520963
method1,4.0,656.5,877.5,-0.796657136787543,4.81981733703879
method1,4.0,656.6,877.6,-0.802238908188429,4.815628066415657
method1,4.0,656.7,877.7,-0.8078206795893151,4.811438795792524
method1,4.0,656.8,877.8,-0.8133922368265196,4.807235364014538
method1,4.0,656.9,877.9,-0.8189535799000554,4.803017771081689
method1,4.0,657.0,878.0,-0.824514922973591,4.79880017814884
method1,4.0,657.1,878.1,-0.8300556940271643,4.794554362468795
method1,4.0,657.2,878.2,-0.8355964650807375,4.79030854678875
method1,4.0,657.3,878.3,-0.841126878520498,4.786048669880844
method1,4.0,657.4,878.4,-0.846646934346458,4.781774731745067
method1,4.0,657.5,878.5,-0.852166990172418,4.77750079360929
method1,4.0,657.6,878.6,-0.8576661880517961,4.773198834035817
method1,4.0,657.7,878.7,-0.8631653859311742,4.768896874462344
method1,4.0,657.8,878.8,-0.8686540837239477,4.764580955041144
method1,4.0,657.9,878.9,-0.8741322814301293,4.760251075772207
method1,4.0,658.0,879.0,-0.879610479136311,4.75592119650327
method1,4.0,658.1,879.1,-0.885067534938701,4.751563500002901
method1,4.0,658.2,879.2,-0.890524590741091,4.747205803502532
method1,4.0,658.3,879.3,-0.8959710049761337,4.74283424997816
method1,4.0,658.4,879.4,-0.9014067776438414,4.7384488394297755
method1,4.0,658.5,879.5,-0.906842550311549,4.73406342888139
method1,4.0,658.6,879.6,-0.9122568991170227,4.729650408185341
method1,4.0,658.7,879.7,-0.9176712479224963,4.725237387489292
method1,4.0,658.8,879.8,-0.9230748146865646,4.720810614026842
method1,4.0,658.9,879.9,-0.9284675994092397,4.716370087797981
method1,4.0,659.0,880.0,-0.933860384131915,4.71192956156912
method1,4.0,659.1,880.1,-0.9392314650618246,4.707461635134322
method1,4.0,659.2,880.2,-0.9446025459917343,4.702993708699526
method1,4.0,659.3,880.3,-0.9499627054273896,4.698512135179958
method1,4.0,659.4,880.4,-0.9553119433688029,4.694016914575609
method1,4.0,659.5,880.5,-0.960661181310216,4.68952169397126
method1,4.0,659.6,880.6,-0.9659884375852305,4.684999285940779
method1,4.0,659.7,880.7,-0.9713156938602447,4.680476877910298
method1,4.0,659.8,880.8,-0.9766318902238051,4.675940929890713
method1,4.0,659.9,880.9,-0.9819370266759236,4.671391441882011
method1,4.0,660.0,881.0,-0.987242163128042,4.66684195387331
method1,4.0,660.1,881.1,-0.9925250421257784,4.662265494036233
method1,4.0,660.2,881.2,-0.9978079211235149,4.657689034199156
method1,4.0,660.3,881.3,-1.0030796028425857,4.653099142872512
method1,4.0,660.4,881.4,-1.0083400872830028,4.648495820056291
method1,4.0,660.5,881.5,-1.01360057172342,4.64389249724007
method1,4.0,660.6,881.6,-1.0188385250357173,4.639262420990729
method1,4.0,660.7,881.7,-1.0240764783480145,4.634632344741388
method1,4.0,660.8,881.8,-1.0293030980786597,4.629988946895613
method1,4.0,660.9,881.9,-1.0345183842276648,4.6253322274533915
method1,4.0,661.0,882.0,-1.03973367037667,4.62067550801117
method1,4.0,661.1,882.1,-1.0449261538664152,4.615992256307873
method1,4.0,661.2,882.2,-1.0501186373561602,4.611309004604576
method1,4.0,661.3,882.3,-1.0552996520396356,4.606612542581118
method1,4.0,661.4,882.4,-1.0604691979168528,4.601902870237489
method1,4.0,661.5,882.5,-1.06563874379407,4.59719319789386
method1,4.0,661.6,882.6,-1.0707852176516752,4.592457217216959
method1,4.0,661.7,882.7,-1.0759316915092805,4.587721236540058
method1,4.0,661.8,882.8,-1.0810665624283857,4.58297215819185
method1,4.0,661.9,882.9,-1.086189830409003,4.578209982172325
method1,4.0,662.0,883.0,-1.09131309838962,4.5734478061528
method1,4.0,662.1,883.1,-1.096413027189041,4.568659548462243
method1,4.0,662.2,883.2,-1.1015129559884622,4.563871290771686
method1,4.0,662.3,883.3,-1.1066011488234897,4.559070049420522
method1,4.0,662.4,883.4,-1.1116776056941349,4.554255824408742
method1,4.0,662.5,883.5,-1.11675406256478,4.54944159939696
method1,4.0,662.6,883.6,-1.1218069153191372,4.544601522089275
method1,4.0,662.7,883.7,-1.1268597680734944,4.53976144478159
method1,4.0,662.8,883.8,-1.1319007529577116,4.534908499174984
method1,4.0,662.9,883.9,-1.136929869971801,4.530042685269447
method1,4.0,663.0,884.0,-1.14195898698589,4.52517687136391
method1,4.0,663.1,884.1,-1.1469642372026712,4.520285437228577
method1,4.0,663.2,884.2,-1.1519694874194524,4.515394003093244
method1,4.0,663.3,884.3,-1.1569627389942299,4.510489817360656
method1,4.0,663.4,884.4,-1.161943991927015,4.505572880030803
method1,4.0,663.5,884.5,-1.1669252448598,4.50065594270095
method1,4.0,663.6,884.6,-1.1718823705956332,4.495713619876277
method1,4.0,663.7,884.7,-1.1768394963314661,4.490771297051604
method1,4.0,663.8,884.8,-1.1817844938009097,4.485816340660176
method1,4.0,663.9,884.9,-1.186717363003975,4.480848750701983
method1,4.0,664.0,885.0,-1.19165023220704,4.47588116074379
method1,4.0,664.1,885.1,-1.196558716122021,4.470888422672169
method1,4.0,664.2,885.2,-1.2014672000370021,4.4658956846005475
method1,4.0,664.3,885.3,-1.2063634272221997,4.46089043231023
method1,4.0,664.4,885.4,-1.2112473976776248,4.455872665801205
method1,4.0,664.5,885.5,-1.21613136813305,4.45085489929218
method1,4.0,664.6,885.6,-1.220990697544643,4.445812224674851
method1,4.0,664.7,885.7,-1.2258500269562362,4.440769550057522
method1,4.0,664.8,885.8,-1.2306969723490297,4.435714481875686
method1,4.0,664.9,885.9,-1.235531533723035,4.430647020129333
method1,4.0,665.0,886.0,-1.24036609509704,4.42557955838298
method1,4.0,665.1,886.1,-1.245175762033533,4.420487431134183
method1,4.0,665.2,886.2,-1.249985428970026,4.4153953038853855
method1,4.0,665.3,886.3,-1.2547825857863597,4.410290905020856
method1,4.0,665.4,886.4,-1.2595672324825449,4.405174234540583
method1,4.0,665.5,886.5,-1.26435187917873,4.40005756406031
method1,4.0,665.6,886.6,-1.2691113804322272,4.3949164732609685
method1,4.0,665.7,886.7,-1.2738708816857243,4.389775382461628
method1,4.0,665.8,886.8,-1.278617747918528,4.384622143278214
method1,4.0,665.9,886.9,-1.283351979130649,4.379456755710717
method1,4.0,666.0,887.0,-1.28808621034277,4.37429136814322
method1,4.0,666.1,887.1,-1.2927950475217511,4.3691018079940145
method1,4.0,666.2,887.2,-1.297503884700732,4.36391224784481
method1,4.0,666.3,887.3,-1.30219996317235,4.3587106638142625
method1,4.0,666.4,887.4,-1.306883282936615,4.353497055902361
method1,4.0,666.5,887.5,-1.31156660270088,4.34828344799046
method1,4.0,666.6,887.6,-1.3162242822822652,4.343045917764419
method1,4.0,666.7,887.7,-1.3208819618636503,4.337808387538377
method1,4.0,666.8,887.8,-1.325526760277816,4.332558959192828
method1,4.0,666.9,887.9,-1.330158677524773,4.327297632727759
method1,4.0,667.0,888.0,-1.33479059477173,4.32203630626269
method1,4.0,667.1,888.1,-1.3393966281525111,4.316751310257216
method1,4.0,667.2,888.2,-1.344002661533292,4.311466314251743
method1,4.0,667.3,888.3,-1.3485956925266118,4.306169547135618
method1,4.0,667.4,888.4,-1.3531757211324809,4.3008610089088295
method1,4.0,667.5,888.5,-1.35775574973835,4.29555247068204
method1,4.0,667.6,888.6,-1.362309653286727,4.290220518170431
method1,4.0,667.7,888.7,-1.3668635568351042,4.284888565658822
method1,4.0,667.8,888.8,-1.371404338028098,4.279544970280222
method1,4.0,667.9,888.9,-1.3759319968657189,4.274189732034621
method1,4.0,668.0,889.0,-1.38045965570334,4.26883449378902
method1,4.0,668.1,889.1,-1.384960950809385,4.263456098971475
method1,4.0,668.2,889.2,-1.38946224591543,4.258077704153929
method1,4.0,668.3,889.3,-1.393950299963064,4.252687795935506
method1,4.0,668.4,889.4,-1.3984251129522969,4.247286374316193
method1,4.0,668.5,889.5,-1.40289992594153,4.24188495269688
method1,4.0,668.6,889.6,-1.407348139067383,4.236460634650959
method1,4.0,668.7,889.7,-1.411796352193236,4.231036316605037
method1,4.0,668.8,889.8,-1.416231206834994,4.225600615834328
method1,4.0,668.9,889.9,-1.420652702992667,4.220153532338819
method1,4.0,669.0,890.0,-1.42507419915034,4.21470644884331
method1,4.0,669.1,890.1,-1.429468861879885,4.20923673147392
method1,4.0,669.2,890.2,-1.43386352460943,4.203767014104532
method1,4.0,669.3,890.3,-1.438244712718878,4.198286045883819
method1,4.0,669.4,890.4,-1.4426124262082392,4.192793826811769
method1,4.0,669.5,890.5,-1.4469801396976,4.18730160773972
method1,4.0,669.6,890.6,-1.451320788785677,4.181787019728558
method1,4.0,669.7,890.7,-1.4556614378737538,4.176272431717397
method1,4.0,669.8,890.8,-1.459988497507618,4.170746725913029
method1,4.0,669.9,890.9,-1.464301967687279,4.165209902315439
method1,4.0,670.0,891.0,-1.46861543786694,4.15967307871785
method1,4.0,670.1,891.1,-1.472901615288049,4.154114153472396
method1,4.0,670.2,891.2,-1.477187792709158,4.148555228226943
method1,4.0,670.3,891.3,-1.481460267155906,4.142985319418182
method1,4.0,670.4,891.4,-1.485719038628303,4.137404427046102
method1,4.0,670.5,891.5,-1.4899778101007,4.13182353467402
method1,4.0,670.6,891.6,-1.494209063097189,4.126220810275963
method1,4.0,670.7,891.7,-1.498440316093678,4.120618085877905
method1,4.0,670.8,891.8,-1.502657753921578,4.115004513305264
method1,4.0,670.9,891.9,-1.5068613765808991,4.109380092558027
method1,4.0,671.0,892.0,-1.51106499924022,4.10375567181079
method1,4.0,671.1,892.1,-1.515240880369993,4.098109690964025
method1,4.0,671.2,892.2,-1.5194167614997658,4.09246371011726
method1,4.0,671.3,892.3,-1.52357871660447,4.086807017630351
method1,4.0,671.4,892.4,-1.527726745684115,4.081139613503285
method1,4.0,671.5,892.5,-1.53187477476376,4.07547220937622
method1,4.0,671.6,892.6,-1.535994841947433,4.069783519354327
method1,4.0,671.7,892.7,-1.540114909131106,4.064094829332433
method1,4.0,671.8,892.8,-1.5442209407826741,4.058395565337339
method1,4.0,671.9,892.9,-1.548312936902147,4.052685727369029
method1,4.0,672.0,893.0,-1.55240493302162,4.04697588940072
method1,4.0,672.1,893.1,-1.556468749589189,4.041245041993971
method1,4.0,672.2,893.2,-1.560532566156758,4.035514194587221
method1,4.0,672.3,893.3,-1.5645822390462003,4.029772911993373
method1,4.0,672.4,893.4,-1.568617768257525,4.024021194212411
method1,4.0,672.5,893.5,-1.57265329746885,4.01826947643145
method1,4.0,672.6,893.6,-1.576660432205819,4.012497027893344
method1,4.0,672.7,893.7,-1.5806675669427879,4.0067245793552395
method1,4.0,672.8,893.8,-1.5846604512280522,4.0009418355218385
method1,4.0,672.9,893.9,-1.5886390850616212,3.995148796393129
method1,4.0,673.0,894.0,-1.59261771889519,3.98935575726442
method1,4.0,673.1,894.1,-1.5965677460881869,3.9835422682577186
method1,4.0,673.2,894.2,-1.6005177732811837,3.9777287792510174
method1,4.0,673.3,894.3,-1.6044534446326422,3.971905135932965
method1,4.0,673.4,894.4,-1.608374760142571,3.9660713383035473
method1,4.0,673.5,894.5,-1.6122960756525,3.96023754067413
method1,4.0,673.6,894.6,-1.6161885751343328,3.9543835762164807
method1,4.0,673.7,894.7,-1.6200810746161658,3.9485296117588313
method1,4.0,673.8,894.8,-1.6239591142615442,3.9426656350522107
method1,4.0,673.9,894.9,-1.6278226940704772,3.936791646096605
method1,4.0,674.0,895.0,-1.63168627387941,3.930917657141
method1,4.0,674.1,895.1,-1.635520831073607,3.925023786550039
method1,4.0,674.2,895.2,-1.6393553882678038,3.9191299159590773
method1,4.0,674.3,895.3,-1.6431753830365723,3.9132261762461726
method1,4.0,674.4,895.4,-1.6469808153799212,3.9073125674113114
method1,4.0,674.5,895.5,-1.65078624772327,3.90139895857645
method1,4.0,674.6,895.6,-1.6545624536880748,3.895465755414501
method1,4.0,674.7,895.7,-1.6583386596528797,3.8895325522525517
method1,4.0,674.8,895.8,-1.6621002020201243,3.883589624146405
method1,4.0,674.9,895.9,-1.6658470807898171,3.8776369710960474
method1,4.0,675.0,896.0,-1.66959395955951,3.87168431804569
method1,4.0,675.1,896.1,-1.6733114110313108,3.8657123600639687
method1,4.0,675.2,896.2,-1.6770288625031116,3.859740402082247
method1,4.0,675.3,896.3,-1.6807315506328182,3.8537588643707807
method1,4.0,675.4,896.4,-1.6844194754204391,3.8477677469295553
method1,4.0,675.5,896.5,-1.68810740020806,3.84177662948833
method1,4.0,675.6,896.6,-1.691765699644301,3.8357664985707487
method1,4.0,675.7,896.7,-1.6954239990805415,3.829756367653167
method1,4.0,675.8,896.8,-1.6990674368683683,3.823736803242849
method1,4.0,675.9,896.9,-1.7026960130077893,3.8177078053397793
method1,4.0,676.0,897.0,-1.70632458914721,3.81167880743671
method1,4.0,676.1,897.1,-1.7099233447687028,3.805631089543201
method1,4.0,676.2,897.2,-1.7135221003901957,3.799583371649691
method1,4.0,676.3,897.3,-1.7171058975056483,3.7935263675087727
method1,4.0,676.4,897.4,-1.7206747361150692,3.7874600771204316
method1,4.0,676.5,897.5,-1.72424357472449,3.78139378673209
method1,4.0,676.6,897.6,-1.7277824005572027,3.7753090718415208
method1,4.0,676.7,897.7,-1.7313212263899156,3.769224356950951
method1,4.0,676.8,897.8,-1.7348449983179923,3.7631305040522665
method1,4.0,676.9,897.9,-1.7383537163414413,3.757027513145453
method1,4.0,677.0,898.0,-1.74186243436489,3.75092452223864
method1,4.0,677.1,898.1,-1.7453409502811428,3.7448034042913103
method1,4.0,677.2,898.2,-1.7488194661973957,3.7386822863439813
method1,4.0,677.3,898.3,-1.7522828342796486,3.732552179607327
method1,4.0,677.4,898.4,-1.7557310545279092,3.7264130840813334
method1,4.0,677.5,898.5,-1.75917927477617,3.72027398855534
method1,4.0,677.6,898.6,-1.7625971065352828,3.7141170653950106
method1,4.0,677.7,898.7,-1.7660149382943955,3.7079601422346813
method1,4.0,677.8,898.8,-1.7694175297694184,3.701794380468763
method1,4.0,677.9,898.9,-1.7728048809603592,3.6956197800972417
method1,4.0,678.0,899.0,-1.7761922321513,3.68944517972572
method1,4.0,678.1,899.1,-1.7795490114396488,3.6832530530412866
method1,4.0,678.2,899.2,-1.7829057907279975,3.677060926356853
method1,4.0,678.3,899.3,-1.7862472387713546,3.6708601122008346
method1,4.0,678.4,899.4,-1.7895733555697273,3.6646506105732173
method1,4.0,678.5,899.5,-1.7928994723681,3.6584411089456
method1,4.0,678.6,899.6,-1.7961948368386007,3.6522143842122983
method1,4.0,678.7,899.7,-1.7994902013091014,3.645987659478997
method1,4.0,678.8,899.8,-1.8027701450726565,3.6397523993436267
method1,4.0,678.9,899.9,-1.8060346681292732,3.6335086038061735
method1,4.0,679.0,900.0,-1.80929919118589,3.62726480826872
method1,4.0,679.1,900.1,-1.8125327844969028,3.6210040946889666
method1,4.0,679.2,900.2,-1.8157663778079154,3.6147433811092133
method1,4.0,679.3,900.3,-1.8189844624585945,3.608474285117539
method1,4.0,679.4,900.4,-1.8221870384489474,3.6021968067139296
method1,4.0,679.5,900.5,-1.8253896144393,3.59591932831032
method1,4.0,679.6,900.6,-1.8285610862929487,3.5896252387541425
method1,4.0,679.7,900.7,-1.8317325581465975,3.583331149197965
method1,4.0,679.8,900.8,-1.8348884349045527,3.577028831125687
method1,4.0,679.9,900.9,-1.8380287165668212,3.570718284537293
method1,4.0,680.0,901.0,-1.84116899822909,3.5644077379489
method1,4.0,680.1,901.1,-1.8442780044089788,3.5580808888939544
method1,4.0,680.2,901.2,-1.8473870105888675,3.551754039839009
method1,4.0,680.3,901.3,-1.8504803367650506,3.5454191170543865
method1,4.0,680.4,901.4,-1.8535579829375353,3.539076120540073
method1,4.0,680.5,901.5,-1.85663562911002,3.53273312402576
method1,4.0,680.6,901.6,-1.8596818315183565,3.52637413549699
method1,4.0,680.7,901.7,-1.8627280339266934,3.520015146968221
method1,4.0,680.8,901.8,-1.8657584729598407,3.5136482403716447
method1,4.0,680.9,901.9,-1.8687731486178052,3.5072734157072474
method1,4.0,681.0,902.0,-1.87178782427577,3.50089859104285
method1,4.0,681.1,902.1,-1.8747708909699106,3.4945080865517406
method1,4.0,681.2,902.2,-1.8777539576640514,3.488117582060631
method1,4.0,681.3,902.3,-1.8807211791570546,3.481719316023775
method1,4.0,681.4,902.4,-1.8836725554489273,3.4753132884411575
method1,4.0,681.5,902.5,-1.8866239317408,3.46890726085854
method1,4.0,681.6,902.6,-1.8895435369691607,3.4624858673420222
method1,4.0,681.7,902.7,-1.8924631421975213,3.456064473825505
method1,4.0,681.8,902.8,-1.8953668219532067,3.4496354761301387
method1,4.0,681.9,902.9,-1.8982545762362235,3.4431988742559096
method1,4.0,682.0,903.0,-1.90114233051924,3.43676227238168
method1,4.0,682.1,903.1,-1.9039981547566327,3.430310620140623
method1,4.0,682.2,903.2,-1.9068539789940253,3.423858967899565
method1,4.0,682.3,903.3,-1.9096937990503227,3.417399869675965
method1,4.0,682.4,903.4,-1.9125176149255314,3.4109333254698075
method1,4.0,682.5,903.5,-1.91534143080074,3.40446678126365
method1,4.0,682.6,903.6,-1.9181331607830605,3.3979855039010403
method1,4.0,682.7,903.7,-1.9209248907653813,3.391504226538431
method1,4.0,682.8,903.8,-1.9237005394298787,3.3850156622034486
method1,4.0,682.9,903.9,-1.9264601067765594,3.3785198108960794
method1,4.0,683.0,904.0,-1.92921967412324,3.37202395958871
method1,4.0,683.1,904.1,-1.9319470028815806,3.3655136939474244
method1,4.0,683.2,904.2,-1.9346743316399213,3.359003428306139
method1,4.0,683.3,904.3,-1.9373855035237988,3.352486035500919
method1,4.0,683.4,904.4,-1.9400805185332195,3.3459615155317493
method1,4.0,683.5,904.5,-1.94277553354264,3.33943699556258
method1,4.0,683.6,904.6,-1.9454381604367565,3.3328983816628464
method1,4.0,683.7,904.7,-1.9481007873308733,3.326359767763113
method1,4.0,683.8,904.8,-1.9507471833822367,3.319814187290429
method1,4.0,683.9,904.9,-1.9533773485908534,3.313261640244779
method1,4.0,684.0,905.0,-1.95600751379947,3.30670909319913
method1,4.0,684.1,905.1,-1.9586051445506345,3.30014277417562
method1,4.0,684.2,905.2,-1.961202775301799,3.293576455152111
method1,4.0,684.3,905.3,-1.963784102838367,3.287003330913403
method1,4.0,684.4,905.4,-1.9663491271603435,3.2804234014594815
method1,4.0,684.5,905.5,-1.96891415148232,3.27384347200556
method1,4.0,684.6,905.6,-1.9714464982055646,3.2672500940441425
method1,4.0,684.7,905.7,-1.9739788449288092,3.260656716082725
method1,4.0,684.8,905.8,-1.9764948176699888,3.254056695014753
method1,4.0,684.9,905.9,-1.9789944164291096,3.2474500308402114
method1,4.0,685.0,906.0,-1.98149401518823,3.24084336666567
method1,4.0,685.1,906.1,-1.9839607964239265,3.2342235789398526
method1,4.0,685.2,906.2,-1.9864275776596232,3.227603791214035
method1,4.0,685.3,906.3,-1.9888779157579568,3.220977523225243
method1,4.0,685.4,906.4,-1.9913118107189334,3.2143447749734615
method1,4.0,685.5,906.5,-1.99374570567991,3.20771202672168
method1,4.0,685.6,906.6,-1.9961466464247626,3.20106648132869
method1,4.0,685.7,906.7,-1.9985475871696152,3.194420935935701
method1,4.0,685.8,906.8,-2.000932017241589,3.187769073842215
method1,4.0,685.9,906.9,-2.0032999366406896,3.1811108950482176
method1,4.0,686.0,907.0,-2.00566785603979,3.17445271625422
method1,4.0,686.1,907.1,-2.0080026877771426,3.1677820681508067
method1,4.0,686.2,907.2,-2.0103375195144952,3.1611114200473933
method1,4.0,686.3,907.3,-2.012655774670705,3.1544346195087414
method1,4.0,686.4,907.4,-2.0149574532457772,3.1477516665348357
method1,4.0,686.5,907.5,-2.01725913182085,3.14106871356093
method1,4.0,686.6,907.6,-2.0195275925503986,3.1343736204987924
method1,4.0,686.7,907.7,-2.021796053279947,3.127678527436655
method1,4.0,686.8,907.8,-2.024047873154645,3.120977446891143
method1,4.0,686.9,907.9,-2.0262830521744974,3.1142703788622415
method1,4.0,687.0,908.0,-2.02851823119435,3.10756331083334
method1,4.0,687.1,908.1,-2.0307200654611823,3.1008444332943146
method1,4.0,687.2,908.2,-2.0329218997280147,3.094125555755289
method1,4.0,687.3,908.3,-2.035107030507985,3.087400856355071
method1,4.0,687.4,908.4,-2.037275457801097,3.0806703350936457
method1,4.0,687.5,908.5,-2.03944388509421,3.07393981383222
method1,4.0,687.6,908.6,-2.0415788440172262,3.0671978149631265
method1,4.0,687.7,908.7,-2.043713802940243,3.060455816094033
method1,4.0,687.8,908.8,-2.045831997393059,3.053708161639919
method1,4.0,687.9,908.9,-2.0479334273756797,3.0469548516007694
method1,4.0,688.0,909.0,-2.0500348573583,3.04020154156162
method1,4.0,688.1,909.1,-2.0521026986579605,3.0334370871088145
method1,4.0,688.2,909.2,-2.0541705399576213,3.026672632656009
method1,4.0,688.3,909.3,-2.0562215574592333,3.0199026895319214
method1,4.0,688.4,909.4,-2.0582557511628017,3.0131272577365356
method1,4.0,688.5,909.5,-2.06028994486637,3.00635182594115
method1,4.0,688.6,909.6,-2.0622904328917984,2.9995655841848046
method1,4.0,688.7,909.7,-2.064290920917227,2.992779342428459
method1,4.0,688.8,909.8,-2.0662745274789094,2.985987779535653
method1,4.0,688.9,909.9,-2.0682412525768497,2.9791908955063717
method1,4.0,689.0,910.0,-2.07020797767479,2.97239401147709
method1,4.0,689.1,910.1,-2.0721408834302304,2.9655866531651722
method1,4.0,689.2,910.2,-2.074073789185671,2.958779294853255
method1,4.0,689.3,910.3,-2.0759897574803055,2.951966783544231
method1,4.0,689.4,910.4,-2.0778887883141377,2.9451491192380854
method1,4.0,689.5,910.5,-2.07978781914797,2.93833145493194
method1,4.0,689.6,910.6,-2.0816529203185783,2.9315036532139342
method1,4.0,689.7,910.7,-2.0835180214891866,2.924675851495929
method1,4.0,689.8,910.8,-2.085366130876893,2.917843065508079
method1,4.0,689.9,910.9,-2.0871972484817016,2.9110052952503698
method1,4.0,690.0,911.0,-2.08902836608651,2.90416752499266
method1,4.0,690.1,911.1,-2.0908254470634984,2.8973199553529985
method1,4.0,690.2,911.2,-2.0926225280404864,2.890472385713337
method1,4.0,690.3,911.3,-2.094402564593593,2.883620001102311
method1,4.0,690.4,911.4,-2.0961655567228217,2.876762801519906
method1,4.0,690.5,911.5,-2.09792854885205,2.8699056019375
method1,4.0,690.6,911.6,-2.0996574007571422,2.8630389421287745
method1,4.0,690.7,911.7,-2.101386252662235,2.8561722823200486
method1,4.0,690.8,911.8,-2.1030980091895812,2.849300977392897
method1,4.0,690.9,911.9,-2.1047926703391857,2.8424250273473035
method1,4.0,691.0,912.0,-2.10648733148879,2.83554907730171
method1,4.0,691.1,912.1,-2.1081477521980343,2.828664007277548
method1,4.0,691.2,912.2,-2.109808172907279,2.821778937253387
method1,4.0,691.3,912.3,-2.1114514489778533,2.814889392501399
method1,4.0,691.4,912.4,-2.1130775804097617,2.8079953730215697
method1,4.0,691.5,912.5,-2.11470371184167,2.80110135354174
method1,4.0,691.6,912.6,-2.116295506008574,2.7941985553895226
method1,4.0,691.7,912.7,-2.1178873001754788,2.7872957572373047
method1,4.0,691.8,912.8,-2.119461902141387,2.780388655268627
method1,4.0,691.9,912.9,-2.121019311906304,2.7734772494834736
method1,4.0,692.0,913.0,-2.12257672167122,2.76656584369832
method1,4.0,692.1,913.1,-2.1240997007492166,2.7596460015715985
method1,4.0,692.2,913.2,-2.125622679827213,2.752726159444877
method1,4.0,692.3,913.3,-2.1271284208459775,2.745802184916901
method1,4.0,692.4,913.4,-2.1286169238055135,2.7388740779876555
method1,4.0,692.5,913.5,-2.13010542676505,2.73194597105841
method1,4.0,692.6,913.6,-2.13155940902929,2.7250097711091006
method1,4.0,692.7,913.7,-2.1330133912935305,2.718073571159791
method1,4.0,692.8,913.8,-2.134450091349707,2.711133410711275
method1,4.0,692.9,913.9,-2.1358695091978235,2.7041892897635376
method1,4.0,693.0,914.0,-2.13728892704594,2.6972451688158
method1,4.0,693.1,914.1,-2.1386737376144,2.6902932991261665
method1,4.0,693.2,914.2,-2.1400585481828607,2.683341429436533
method1,4.0,693.3,914.3,-2.1414260341089912,2.676385771619533
method1,4.0,693.4,914.4,-2.1427761953927957,2.6694263256751514
method1,4.0,693.5,914.5,-2.1441263566766,2.66246687973077
method1,4.0,693.6,914.6,-2.145441827530528,2.65550003024514
method1,4.0,693.7,914.7,-2.1467572983844567,2.648533180759511
method1,4.0,693.8,914.8,-2.1480554038813295,2.6415627159710513
method1,4.0,693.9,914.9,-2.1493361440211496,2.6345886358797457
method1,4.0,694.0,915.0,-2.15061688416097,2.62761455578844
method1,4.0,694.1,915.1,-2.1518628541646345,2.6206334182447786
method1,4.0,694.2,915.2,-2.1531088241682985,2.6136522807011167
method1,4.0,694.3,915.3,-2.1543373898245375,2.606667701114683
method1,4.0,694.4,915.4,-2.1555485511333536,2.5996796794854617
method1,4.0,694.5,915.5,-2.15675971244217,2.59269165785624
method1,4.0,694.6,915.6,-2.1579360273619423,2.5856969257174183
method1,4.0,694.7,915.7,-2.1591123422817144,2.5787021935785965
method1,4.0,694.8,915.8,-2.1602712155926795,2.571704193075395
method1,4.0,694.9,915.9,-2.16141264729484,2.5647029242077974
method1,4.0,695.0,916.0,-2.162554078997,2.5577016553402
method1,4.0,695.1,916.1,-2.1636605915197205,2.5506940237251663
method1,4.0,695.2,916.2,-2.1647671040424408,2.543686392110133
method1,4.0,695.3,916.3,-2.1658561394284375,2.536675666210169
method1,4.0,695.4,916.4,-2.1669276976777136,2.5296618460252596
method1,4.0,695.5,916.5,-2.16799925592699,2.52264802584035
method1,4.0,695.6,916.6,-2.1690358256776903,2.5156281914550163
method1,4.0,695.7,916.7,-2.1700723954283903,2.508608357069683
method1,4.0,695.8,916.8,-2.1710914542522075,2.501585602862637
method1,4.0,695.9,916.9,-2.172093002149144,2.494559928833864
method1,4.0,696.0,917.0,-2.17309455004608,2.48753425480509
method1,4.0,696.1,917.1,-2.174061043604984,2.4805029158730765
method1,4.0,696.2,917.2,-2.1750275371638885,2.473471576941063
method1,4.0,696.3,917.3,-2.1759764877476258,2.4664374930169655
method1,4.0,696.4,917.4,-2.1769078953561976,2.4594006641007677
method1,4.0,696.5,917.5,-2.17783930296477,2.45236383518457
method1,4.0,696.6,917.6,-2.17873559388361,2.4453216913777687
method1,4.0,696.7,917.7,-2.1796318848024505,2.438279547570967
method1,4.0,696.8,917.8,-2.1805106024436696,2.4312348339507293
method1,4.0,696.9,917.9,-2.1813717468072698,2.42418755051704
method1,4.0,697.0,918.0,-2.18223289117087,2.41714026708335
method1,4.0,697.1,918.1,-2.183058859988514,2.4100880194522802
method1,4.0,697.2,918.2,-2.1838848288061583,2.4030357718212105
method1,4.0,697.3,918.3,-2.1846931957933298,2.395981129886937
method1,4.0,697.4,918.4,-2.18548396095003,2.3889240936494436
method1,4.0,697.5,918.5,-2.18627472610673,2.38186705741195
method1,4.0,697.6,918.6,-2.187030260364106,2.3748054083160164
method1,4.0,697.7,918.7,-2.1877857946214823,2.3677437592200827
method1,4.0,697.8,918.8,-2.1885237002487417,2.360679891645273
method1,4.0,697.9,918.9,-2.189243977245886,2.3536138055915714
method1,4.0,698.0,919.0,-2.18996425424303,2.34654771953787
method1,4.0,698.1,919.1,-2.1906492484973623,2.3394773725753524
method1,4.0,698.2,919.2,-2.1913342427516946,2.332407025612835
method1,4.0,698.3,919.3,-2.192001583332902,2.325334636292359
method1,4.0,698.4,919.4,-2.1926512702409857,2.31826020461391
method1,4.0,698.5,919.5,-2.19330095714907,2.31118577293546
method1,4.0,698.6,919.6,-2.1939153129874183,2.3041074328734625
method1,4.0,698.7,919.7,-2.194529668825766,2.297029092811465
method1,4.0,698.8,919.8,-2.1951263477078635,2.289948886791453
method1,4.0,698.9,919.9,-2.195705349633712,2.2828668148134117
method1,4.0,699.0,920.0,-2.19628435155956,2.27578474283537
method1,4.0,699.1,920.1,-2.196827977611632,2.2686991155395364
method1,4.0,699.2,920.2,-2.1973716036637043,2.261613488243703
method1,4.0,699.3,920.3,-2.197897531239368,2.2545261716512512
method1,4.0,699.4,920.4,-2.198405760338624,2.2474371657621655
method1,4.0,699.5,920.5,-2.19891398943788,2.24034815987308
method1,4.0,699.6,920.6,-2.1993868013881923,2.2332559522372146
method1,4.0,699.7,920.7,-2.199859613338504,2.226163744601349
method1,4.0,699.8,920.8,-2.2003147070581055,2.2190700245740835
method1,4.0,699.9,920.9,-2.2007520825469977,2.211974792155402
method1,4.0,700.0,921.0,-2.20118945803589,2.20487955973672
method1,4.0,700.1,921.1,-2.20159137863517,2.1977814796122743
method1,4.0,700.2,921.2,-2.2019932992344504,2.190683399487829
method1,4.0,700.3,921.3,-2.202377483617306,2.1835839841033673
method1,4.0,700.4,921.4,-2.202743931783738,2.1764832334588737
method1,4.0,700.5,921.5,-2.20311037995017,2.16938248281438
method1,4.0,700.6,921.6,-2.203441339026086,2.1622792389397985
method1,4.0,700.7,921.7,-2.203772298102002,2.1551759950652167
method1,4.0,700.8,921.8,-2.2040855047469154,2.148071593270481
method1,4.0,700.9,921.9,-2.2043809589608276,2.140966033555576
method1,4.0,701.0,922.0,-2.20467641317474,2.13386047384067
method1,4.0,701.1,922.1,-2.204936347641916,2.1267527757706164
method1,4.0,701.2,922.2,-2.205196282109092,2.1196450777005627
method1,4.0,701.3,922.3,-2.205438449704194,2.112536399240993
method1,4.0,701.4,922.4,-2.205662850427222,2.1054267403918914
method1,4.0,701.5,922.5,-2.20588725115025,2.09831708154279
method1,4.0,701.6,922.6,-2.2060761050195743,2.0912056395772725
method1,4.0,701.7,922.7,-2.206264958888898,2.084094197611755
method1,4.0,701.8,922.8,-2.206436033220776,2.0769819529603915
method1,4.0,701.9,922.9,-2.206589328015208,2.069868905623166
method1,4.0,702.0,923.0,-2.20674262280964,2.06275585828594
method1,4.0,702.1,923.1,-2.206860347196864,2.0556413833993386
method1,4.0,702.2,923.2,-2.2069780715840883,2.048526908512737
method1,4.0,702.3,923.3,-2.2070780055462103,2.0414118087992232
method1,4.0,702.4,923.4,-2.20716014908323,2.0342960842587816
method1,4.0,702.5,923.5,-2.20724229262025,2.02718035971834
method1,4.0,702.6,923.6,-2.207288845753866,2.0200635634883106
method1,4.0,702.7,923.7,-2.207335398887482,2.012946767258281
method1,4.0,702.8,923.8,-2.207364152487898,2.0058295241977513
method1,4.0,702.9,923.9,-2.207375106555114,1.9987118343067056
method1,4.0,703.0,924.0,-2.20738606062233,1.99159414441566
method1,4.0,703.1,924.1,-2.2073614078507697,1.9844757389519825
method1,4.0,703.2,924.2,-2.20733675507921,1.9773573334883048
method1,4.0,703.3,924.3,-2.207294295447568,1.9702386593102053
method1,4.0,703.4,924.4,-2.207234028955844,1.9631197164176675
method1,4.0,703.5,924.5,-2.20717376246412,1.95600077352513
method1,4.0,703.6,924.6,-2.2070778762622,1.9488814713984284
method1,4.0,703.7,924.7,-2.20698199006028,1.9417621692717266
method1,4.0,703.8,924.8,-2.206868291454092,1.9346427766485292
method1,4.0,703.9,924.9,-2.2067367804436357,1.9275232935288196
method1,4.0,704.0,925.0,-2.20660526943318,1.92040381040911
method1,4.0,704.1,925.1,-2.206438129407864,1.9132843245795403
method1,4.0,704.2,925.2,-2.206270989382548,1.9061648387499708
method1,4.0,704.3,925.3,-2.206086033192782,1.8990454407258253
method1,4.0,704.4,925.4,-2.205883260838566,1.8919261305070876
method1,4.0,704.5,925.5,-2.20568048848435,1.88480682028835
method1,4.0,704.6,925.6,-2.2054420813797737,1.8776878640342043
method1,4.0,704.7,925.7,-2.205203674275198,1.8705689077800587
method1,4.0,704.8,925.8,-2.20494744903112,1.8634502176993932
method1,4.0,704.9,925.9,-2.20467340564754,1.8563317937921915
method1,4.0,705.0,926.0,-2.20439936226396,1.84921336988499
method1,4.0,705.1,926.1,-2.204089681965772,1.8420956567312123
method1,4.0,705.2,926.2,-2.203780001667584,1.8349779435774347
method1,4.0,705.3,926.3,-2.203452503040916,1.8278606750134572
method1,4.0,705.4,926.4,-2.2031071860857683,1.8207438510392637
method1,4.0,705.5,926.5,-2.20276186913062,1.81362702706507
method1,4.0,705.6,926.6,-2.202380916669576,1.8065112707117805
method1,4.0,705.7,926.7,-2.201999964208532,1.7993955143584908
method1,4.0,705.8,926.8,-2.20160119501687,1.7922803810416852
method1,4.0,705.9,926.9,-2.20118460909459,1.7851658707613476
method1,4.0,706.0,927.0,-2.20076802317231,1.77805136048101
method1,4.0,706.1,927.1,-2.2003158067271658,1.7709382747319005
method1,4.0,706.2,927.2,-2.199863590282022,1.7638251889827907
method1,4.0,706.3,927.3,-2.1993935604915524,1.7567129047293273
method1,4.0,706.4,927.4,-2.198905717355756,1.7496014219714935
method1,4.0,706.5,927.5,-2.19841787421996,1.74248993921366
method1,4.0,706.6,927.6,-2.197894409119648,1.7353802379044183
method1,4.0,706.7,927.7,-2.197370944019336,1.7282705365951767
method1,4.0,706.8,927.8,-2.1968296707468284,1.7211618152353052
method1,4.0,706.9,927.9,-2.196270589302124,1.7140540738247876
method1,4.0,707.0,928.0,-2.19571150785742,1.70694633241427
method1,4.0,707.1,928.1,-2.195116816582496,1.6998407293409283
method1,4.0,707.2,928.2,-2.1945221253075715,1.6927351262675867
method1,4.0,707.3,928.3,-2.1939096328216543,1.6856306815739952
method1,4.0,707.4,928.4,-2.193279339124742,1.6785273952601376
method1,4.0,707.5,928.5,-2.19264904542783,1.67142410894628
method1,4.0,707.6,928.6,-2.191983157611226,1.6643233177935663
method1,4.0,707.7,928.7,-2.1913172697946215,1.6572225266408527
method1,4.0,707.8,928.8,-2.1906335895163442,1.6501230722569953
method1,4.0,707.9,928.9,-2.1899321167763923,1.6430249546419775
method1,4.0,708.0,929.0,-2.18923064403644,1.63592683702696
method1,4.0,708.1,929.1,-2.1884935964634757,1.6288315712966024
method1,4.0,708.2,929.2,-2.1877565488905115,1.6217363055662446
method1,4.0,708.3,929.3,-2.18700171939318,1.6146425549346672
method1,4.0,708.4,929.4,-2.18622910797148,1.6075503194018537
method1,4.0,708.5,929.5,-2.18545649654978,1.60045808386904
method1,4.0,708.6,929.6,-2.1846483331574675,1.5933690568080865
method1,4.0,708.7,929.7,-2.1838401697651557,1.586280029747133
method1,4.0,708.8,929.8,-2.183014236773462,1.5791926960377594
method1,4.0,708.9,929.9,-2.182170534182386,1.5721070556799497
method1,4.0,709.0,930.0,-2.18132683159131,1.56502141532214
method1,4.0,709.1,930.1,-2.180447603466934,1.5579393398512584
method1,4.0,709.2,930.2,-2.179568375342557,1.5508572643803769
method1,4.0,709.3,930.3,-2.1786713917309783,1.5437770604188432
method1,4.0,709.4,930.4,-2.177756652632194,1.5366987279666418
method1,4.0,709.5,930.5,-2.17684191353341,1.52962039551444
method1,4.0,709.6,930.6,-2.17589167891239,1.5225459841562066
method1,4.0,709.7,930.7,-2.1749414442913695,1.5154715727979728
method1,4.0,709.8,930.8,-2.1739734700818483,1.5083992109938993
method1,4.0,709.9,930.9,-2.1729877562838245,1.5013288987439697
method1,4.0,710.0,931.0,-2.1720020424858,1.49425858649404
method1,4.0,710.1,931.1,-2.170980866748848,1.4871925513013025
method1,4.0,710.2,931.2,-2.1699596910118957,1.4801265161085648
method1,4.0,710.3,931.3,-2.168920793370815,1.4730627083839112
method1,4.0,710.4,931.4,-2.167864173825602,1.4660011281273257
method1,4.0,710.5,931.5,-2.16680755428039,1.45893954787074
method1,4.0,710.6,931.6,-2.1657155099499135,1.4518826003548864
method1,4.0,710.7,931.7,-2.1646234656194374,1.4448256528390329
method1,4.0,710.8,931.8,-2.1635137188538542,1.4377711105564053
method1,4.0,710.9,931.9,-2.162386269653162,1.4307189735069876
method1,4.0,711.0,932.0,-2.16125882045247,1.42366683645757
method1,4.0,711.1,932.1,-2.16009598718831,1.4166196875169483
method1,4.0,711.2,932.2,-2.1589331539241496,1.409572538576327
method1,4.0,711.3,932.3,-2.1577526394773368,1.4025279724673714
method1,4.0,711.4,932.4,-2.156554443847868,1.3954859891900657
method1,4.0,711.5,932.5,-2.1553562482184,1.38844400591276
method1,4.0,711.6,932.6,-2.1541227128127955,1.3814073657610224
method1,4.0,711.7,932.7,-2.152889177407191,1.3743707256092847
method1,4.0,711.8,932.8,-2.1516379838534365,1.3673368457030712
method1,4.0,711.9,932.9,-2.1503691321515284,1.3603057260423657
method1,4.0,712.0,933.0,-2.14910028044962,1.35327460638166
method1,4.0,712.1,933.1,-2.147796136821488,1.3462491844762183
method1,4.0,712.2,933.2,-2.1464919931933553,1.3392237625707768
method1,4.0,712.3,933.3,-2.1451702162320565,1.3322012781222352
method1,4.0,712.4,933.4,-2.143830805937588,1.3251817311305776
method1,4.0,712.5,933.5,-2.14249139564312,1.31816218413892
method1,4.0,712.6,933.6,-2.1411167448315958,1.3111486891094064
method1,4.0,712.7,933.7,-2.1397420940200718,1.3041351940798929
method1,4.0,712.8,933.8,-2.1383498364691027,1.2971248134983153
method1,4.0,712.9,933.9,-2.1369399721786864,1.2901175473646576
method1,4.0,713.0,934.0,-2.13553010788827,1.283110281231
method1,4.0,713.1,934.1,-2.1340850580455535,1.2761094208078063
method1,4.0,713.2,934.2,-2.1326400082028374,1.2691085603846128
method1,4.0,713.3,934.3,-2.1311773799912106,1.2621109911621813
method1,4.0,713.4,934.4,-2.12969717341067,1.2551167131404957
method1,4.0,713.5,934.5,-2.12821696683013,1.24812243511881
method1,4.0,713.6,934.6,-2.1267016332135977,1.2411349160616725
method1,4.0,713.7,934.7,-2.125186299597065,1.234147397004535
method1,4.0,713.8,934.8,-2.123653417756859,1.2271633456449451
method1,4.0,713.9,934.9,-2.1221029876929745,1.2201827619828876
method1,4.0,714.0,935.0,-2.12055255762909,1.21320217832083
method1,4.0,714.1,935.1,-2.1189670625926977,1.2062287063474684
method1,4.0,714.2,935.2,-2.1173815675563055,1.1992552343741067
method1,4.0,714.3,935.3,-2.115778556213893,1.1922854063212192
method1,4.0,714.4,935.4,-2.1141580285654564,1.1853192221887896
method1,4.0,714.5,935.5,-2.11253750091702,1.17835303805636
method1,4.0,714.6,935.6,-2.1108819739019795,1.1713943177712505
method1,4.0,714.7,935.7,-2.109226446886939,1.164435597486141
method1,4.0,714.8,935.8,-2.1075534372534865,1.1574806970527571
method1,4.0,714.9,935.9,-2.1058629450016184,1.1505296164710836
method1,4.0,715.0,936.0,-2.10417245274975,1.14357853588941
method1,4.0,715.1,936.1,-2.1024470302744893,1.1366352707125524
method1,4.0,715.2,936.2,-2.1007216077992292,1.1296920055356947
method1,4.0,715.3,936.3,-2.0989787381604805,1.122752735832371
method1,4.0,715.4,936.4,-2.0972184213582405,1.1158174616025656
method1,4.0,715.5,936.5,-2.095458104556,1.10888218737276
method1,4.0,715.6,936.6,-2.0936629302054355,1.1019550794686224
method1,4.0,715.7,936.7,-2.0918677558548713,1.0950279715644848
method1,4.0,715.8,936.8,-2.0900551715602327,1.088105034428477
method1,4.0,715.9,936.9,-2.0882251773215166,1.0811862680605835
method1,4.0,716.0,937.0,-2.0863951830828,1.07426750169269
method1,4.0,716.1,937.1,-2.0845304074968554,1.0673572518991683
method1,4.0,716.2,937.2,-2.082665631910911,1.060447002105647
method1,4.0,716.3,937.3,-2.080783485361799,1.0535410980299271
method1,4.0,716.4,937.4,-2.0788839678495146,1.0466395396719934
method1,4.0,716.5,937.5,-2.07698445033723,1.03973798131406
method1,4.0,716.6,937.6,-2.0750502311986656,1.0328452890716184
method1,4.0,716.7,937.7,-2.073116012060101,1.025952596829177
method1,4.0,716.8,937.8,-2.071164462697589,1.0190644248915632
method1,4.0,716.9,937.9,-2.0691955831111244,1.0121807732587615
method1,4.0,717.0,938.0,-2.06722670352466,1.00529712162596
method1,4.0,717.1,938.1,-2.0652232055461797,0.9984226849068121
method1,4.0,717.2,938.2,-2.0632197075676992,0.9915482481876641
method1,4.0,717.3,938.3,-2.061198921859457,0.9846785059800663
method1,4.0,717.4,938.4,-2.0591608484214485,0.9778134582840031
method1,4.0,717.5,938.5,-2.05712277498344,0.97094841058794
method1,4.0,717.6,938.6,-2.0550501698940997,0.9640929258254093
method1,4.0,717.7,938.7,-2.052977564804759,0.9572374410628786
method1,4.0,717.8,938.8,-2.050887716231265,0.9503868246206612
method1,4.0,717.9,938.9,-2.048780624173612,0.9435410764987415
method1,4.0,718.0,939.0,-2.04667353211596,0.936695328376822
method1,4.0,718.1,939.1,-2.0445319986468555,0.9298594903947944
method1,4.0,718.2,939.2,-2.0423904651777507,0.9230236524127668
method1,4.0,718.3,939.3,-2.040231734217815,0.9161928561442447
method1,4.0,718.4,939.4,-2.0380558057670424,0.9093671015892123
method1,4.0,718.5,939.5,-2.03587987731627,0.90254134703418
method1,4.0,718.6,939.6,-2.0336696011855135,0.8957258489766701
method1,4.0,718.7,939.7,-2.031459325054757,0.88891035091916
method1,4.0,718.8,939.8,-2.029231899170315,0.8821000675352091
method1,4.0,718.9,939.9,-2.0269873235321825,0.8752949988248016
method1,4.0,719.0,940.0,-2.02474274789405,0.868489930114394
method1,4.0,719.1,940.1,-2.0224639217910374,0.8616954633753112
method1,4.0,719.2,940.2,-2.0201850956880247,0.8549009966362285
method1,4.0,719.3,940.3,-2.0178891693082393,0.8481119170800695
method1,4.0,719.4,940.4,-2.0155761426516747,0.8413282247068187
method1,4.0,719.5,940.5,-2.01326311599511,0.834544532333568
method1,4.0,719.6,940.6,-2.0109159395640854,0.8277717864865565
method1,4.0,719.7,940.7,-2.008568763133061,0.8209990406395449
method1,4.0,719.8,940.8,-2.006204537637699,0.8142318540166399
method1,4.0,719.9,940.9,-2.0038232630779946,0.807470226617826
method1,4.0,720.0,941.0,-2.00144198851829,0.800708599219012
method1,4.0,720.1,941.1,-1.9990266683412257,0.7939582619475153
method1,4.0,720.2,941.2,-1.996611348164161,0.7872079246760185
method1,4.0,720.3,941.3,-1.994179031866293,0.7804633181841555
method1,4.0,720.4,941.4,-1.9917297194476167,0.7737244424719107
method1,4.0,720.5,941.5,-1.98928040702894,0.766985566759666
method1,4.0,720.6,941.6,-1.9867971566076634,0.7602583237870869
method1,4.0,720.7,941.7,-1.9843139061863868,0.7535310808145078
method1,4.0,720.8,941.8,-1.981813714314355,0.7468097396740271
method1,4.0,720.9,941.9,-1.9792965809915626,0.7400943003656296
method1,4.0,721.0,942.0,-1.97677944766877,0.733378861057232
method1,4.0,721.1,942.1,-1.9742284874064293,0.7266753960773101
method1,4.0,721.2,942.2,-1.9716775271440887,0.7199719310973881
method1,4.0,721.3,942.3,-1.9691096818227851,0.7132745384815764
method1,4.0,721.4,942.4,-1.9665249514425127,0.7065832182298597
method1,4.0,721.5,942.5,-1.96394022106224,0.699891897978143
method1,4.0,721.6,942.6,-1.9613217782440635,0.6932128925854831
method1,4.0,721.7,942.7,-1.958703335425887,0.6865338871928232
method1,4.0,721.8,942.8,-1.9560680656573373,0.6798611241585101
method1,4.0,721.9,942.9,-1.9534159689384087,0.6731946034825285
method1,4.0,722.0,943.0,-1.95076387221948,0.666528082806547
method1,4.0,722.1,943.1,-1.9480781809928074,0.6598742164273299
method1,4.0,722.2,943.2,-1.9453924897661348,0.6532203500481127
method1,4.0,722.3,943.3,-1.9426900314093651,0.6465728954664128
method1,4.0,722.4,943.4,-1.9399708059224927,0.6399318526822149
method1,4.0,722.5,943.5,-1.93725158043562,0.633290809898017
method1,4.0,722.6,943.6,-1.9344988817892874,0.6266627597209247
method1,4.0,722.7,943.7,-1.9317461831429548,0.6200347095438324
method1,4.0,722.8,943.8,-1.9289767788931893,0.6134132400311191
method1,4.0,722.9,943.9,-1.9261906690399848,0.6067983511827695
method1,4.0,723.0,944.0,-1.92340455918678,0.60018346233442
method1,4.0,723.1,944.1,-1.9205851009297474,0.5935819032417013
method1,4.0,723.2,944.2,-1.9177656426727148,0.5869803441489826
method1,4.0,723.3,944.3,-1.9149295420398373,0.5803855339980196
method1,4.0,723.4,944.4,-1.9120767990311087,0.5737974727887973
method1,4.0,723.5,944.5,-1.90922405602238,0.567209411579575
method1,4.0,723.6,944.6,-1.9063380927617273,0.5606350160783884
method1,4.0,723.7,944.7,-1.9034521295010747,0.5540606205772016
method1,4.0,723.8,944.8,-1.9005495887874493,0.5474931416885158
method1,4.0,723.9,944.9,-1.8976304706208447,0.5409325794123159
method1,4.0,724.0,945.0,-1.89471135245424,0.534372017136116
method1,4.0,724.1,945.1,-1.8917591455724074,0.5278254552900121
method1,4.0,724.2,945.2,-1.8888069386905748,0.5212788934439082
method1,4.0,724.3,945.3,-1.8858382209681215,0.5147394152573506
method1,4.0,724.4,945.4,-1.8828529924050408,0.5082070207303242
method1,4.0,724.5,945.5,-1.87986776384196,0.501674626203298
method1,4.0,724.6,945.6,-1.8768495814733555,0.4951565655639677
method1,4.0,724.7,945.7,-1.8738313991047506,0.4886385049246374
method1,4.0,724.8,945.8,-1.8707967741913674,0.48212769435116315
method1,4.0,724.9,945.9,-1.8677457067331988,0.4756241338435301
method1,4.0,725.0,946.0,-1.86469463927503,0.469120573335897
method1,4.0,725.1,946.1,-1.8616107562819213,0.4626316788751239
method1,4.0,725.2,946.2,-1.8585268732888125,0.45614278441435085
method1,4.0,725.3,946.3,-1.8554266177241034,0.44966130576804814
method1,4.0,725.4,946.4,-1.8523099895877866,0.4431872429362011
method1,4.0,725.5,946.5,-1.84919336145147,0.436713180104354
method1,4.0,725.6,946.6,-1.8460440593991854,0.4302541141461985
method1,4.0,725.7,946.7,-1.8428947573469006,0.4237950481880431
method1,4.0,725.8,946.8,-1.8397291543672034,0.41734356311835974
method1,4.0,725.9,946.9,-1.8365472504600868,0.41089965893713387
method1,4.0,726.0,947.0,-1.83336534655297,0.404455754755908
method1,4.0,726.1,947.1,-1.8301509136844252,0.3980271769091329
method1,4.0,726.2,947.2,-1.8269364808158806,0.3915985990623579
method1,4.0,726.3,947.3,-1.8237058203286274,0.3851777664866045
method1,4.0,726.4,947.4,-1.8204589322226588,0.37876467918185824
method1,4.0,726.5,947.5,-1.81721204411669,0.372351591877112
method1,4.0,726.6,947.6,-1.813932775326237,0.36595415896784733
method1,4.0,726.7,947.7,-1.8106535065357845,0.3595567260585827
method1,4.0,726.8,947.8,-1.8073580850931774,0.3531672020946463
method1,4.0,726.9,947.9,-1.8040465109984087,0.34678558707602364
method1,4.0,727.0,948.0,-1.80073493690364,0.340403972057401
method1,4.0,727.1,948.1,-1.7973911337102353,0.33403833806208155
method1,4.0,727.2,948.2,-1.7940473305168305,0.3276727040667621
method1,4.0,727.3,948.3,-1.7906874512888376,0.32131514196610866
method1,4.0,727.4,948.4,-1.7873114960262486,0.3149656517601068
method1,4.0,727.5,948.5,-1.78393554076366,0.308616161554105
method1,4.0,727.6,948.6,-1.7805275112833432,0.30228297753261874
method1,4.0,727.7,948.7,-1.7771194818030263,0.29594979351113254
method1,4.0,727.8,948.8,-1.7736954545496955,0.28962484359203466
method1,4.0,727.9,948.9,-1.7702554295233428,0.28330812777531084
method1,4.0,728.0,949.0,-1.76681540449699,0.276991411958587
method1,4.0,728.1,949.1,-1.7633434634147132,0.2706913259877536
method1,4.0,728.2,949.2,-1.7598715223324364,0.26439124001692016
method1,4.0,728.3,949.3,-1.7563836633755516,0.25809954959798287
method1,4.0,728.4,949.4,-1.7528798865440507,0.25181625473092745
method1,4.0,728.5,949.5,-1.74937610971255,0.245532959863872
method1,4.0,728.6,949.6,-1.745840578253301,0.23926661697113058
method1,4.0,728.7,949.7,-1.7423050467940524,0.23300027407838916
method1,4.0,728.8,949.8,-1.7387536789881055,0.22674248741233166
method1,4.0,728.9,949.9,-1.7351864748354529,0.22049325697294384
method1,4.0,729.0,950.0,-1.7316192706828,0.214244026533556
method1,4.0,729.1,950.1,-1.7280204765820952,0.2080120686309766
method1,4.0,729.2,950.2,-1.7244216824813903,0.2017801107283972
method1,4.0,729.3,950.3,-1.7208071351838836,0.19555686893611043
method1,4.0,729.4,950.4,-1.7171768346895668,0.1893423432541022
method1,4.0,729.5,950.5,-1.71354653419525,0.183127817572094
method1,4.0,729.6,950.6,-1.7098848116689371,0.176930883390655
method1,4.0,729.7,950.7,-1.7062230891426244,0.17073394920921597
method1,4.0,729.8,950.8,-1.7025456981837237,0.1645458902141328
method1,4.0,729.9,950.9,-1.698852638792227,0.1583667064053914
method1,4.0,730.0,951.0,-1.69515957940073,0.15218752259665
method1,4.0,730.1,951.1,-1.6914352691141172,0.1460262476208066
method1,4.0,730.2,951.2,-1.6877109588275043,0.1398649726449632
method1,4.0,730.3,951.3,-1.6839710664790037,0.13371273110768858
method1,4.0,730.4,951.4,-1.6802155920686068,0.1275695230089688
method1,4.0,730.5,951.5,-1.67646011765821,0.121426314910249
method1,4.0,730.6,951.6,-1.6726735666945851,0.11530133131282361
method1,4.0,730.7,951.7,-1.66888701573096,0.1091763477153982
method1,4.0,730.8,951.8,-1.6650849706746176,0.1030605549686745
method1,4.0,730.9,951.9,-1.661267431525549,0.09695395307263854
method1,4.0,731.0,952.0,-1.65744989237648,0.0908473511766026
method1,4.0,731.1,952.1,-1.6536014542049031,0.08475928775393242
method1,4.0,731.2,952.2,-1.6497530160333262,0.07867122433126224
method1,4.0,731.3,952.3,-1.6458891733285157,0.07259250831520876
method1,4.0,731.4,952.4,-1.6420099260904628,0.06652313970575818
method1,4.0,731.5,952.5,-1.63813067885241,0.0604537710963076
method1,4.0,731.6,952.6,-1.6342207132949012,0.05440325320376958
method1,4.0,731.7,952.7,-1.6303107477373922,0.04835273531123157
method1,4.0,731.8,952.8,-1.6263854687881139,0.042311720508930825
method1,4.0,731.9,952.9,-1.622444876447057,0.03628020879685361
method1,4.0,732.0,953.0,-1.618504284106,0.0302486970847764
method1,4.0,732.1,953.1,-1.6145331573040471,0.024236346572562753
method1,4.0,732.2,953.2,-1.6105620305020942,0.018223996060349107
method1,4.0,732.3,953.3,-1.6065756830233298,0.012221303433720855
method1,4.0,732.4,953.4,-1.602574114867745,0.006228268692664352
method1,4.0,732.5,953.5,-1.59857254671216,0.000235233951607849
method1,4.0,732.6,953.6,-1.5945406310926191,-0.005738330899104449
method1,4.0,732.7,953.7,-1.5905087154730784,-0.011711895749816747
method1,4.0,732.8,953.8,-1.586461673456512,-0.01767564882378315
method1,4.0,732.9,953.9,-1.582399505042911,-0.023629590121017226
method1,4.0,733.0,954.0,-1.57833733662931,-0.0295835314182513
method1,4.0,733.1,954.1,-1.5742450108695891,-0.03551769595886353
method1,4.0,733.2,954.2,-1.5701526851098682,-0.04145186049947576
method1,4.0,733.3,954.3,-1.5660453287889418,-0.04737606029217603
method1,4.0,733.4,954.4,-1.561922941906801,-0.053290295336977815
method1,4.0,733.5,954.5,-1.55780055502466,-0.0592045303817796
method1,4.0,733.6,954.6,-1.5536482040173312,-0.0650986836594481
method1,4.0,733.7,954.7,-1.549495853010002,-0.0709928369371166
method1,4.0,733.8,954.8,-1.545328568824332,-0.0768768734314461
method1,4.0,733.9,954.9,-1.541146351460311,-0.08275079314245
method1,4.0,734.0,955.0,-1.53696413409629,-0.0886247128534539
method1,4.0,734.1,955.1,-1.5327521489130331,-0.09447824767394247
method1,4.0,734.2,955.2,-1.528540163729776,-0.10033178249443103
method1,4.0,734.3,955.3,-1.5243133442889598,-0.10617504944753114
method1,4.0,734.4,955.4,-1.520071690590575,-0.11200804853325606
method1,4.0,734.5,955.5,-1.51583003689219,-0.117841047618981
method1,4.0,734.6,955.6,-1.511558814747089,-0.12365336060916392
method1,4.0,734.7,955.7,-1.5072875926019882,-0.12946567359934685
method1,4.0,734.8,955.8,-1.503001636648732,-0.1352675686050304
method1,4.0,734.9,955.9,-1.4987009468873111,-0.1410590456262277
method1,4.0,735.0,956.0,-1.49440025712589,-0.146850522647425
method1,4.0,735.1,956.1,-1.490070201338129,-0.1526210143174087
method1,4.0,735.2,956.2,-1.485740145550368,-0.15839150598739243
method1,4.0,735.3,956.3,-1.481395457923028,-0.16415143053817519
method1,4.0,735.4,956.4,-1.4770361384560988,-0.1699007879697701
method1,4.0,735.5,956.5,-1.47267681898917,-0.175650145401365
method1,4.0,735.6,956.6,-1.468288338945049,-0.18137822020629152
method1,4.0,735.7,956.7,-1.463899858900928,-0.187106295011218
method1,4.0,735.8,956.8,-1.459496850495382,-0.19282365456001782
method1,4.0,735.9,956.9,-1.455079313728401,-0.1985302988527039
method1,4.0,736.0,957.0,-1.45066177696142,-0.20423694314539
method1,4.0,736.1,957.1,-1.446215288075819,-0.2099220095468085
method1,4.0,736.2,957.2,-1.441768799190218,-0.21560707594822698
method1,4.0,736.3,957.3,-1.4373078869211502,-0.22128127996965963
method1,4.0,736.4,957.4,-1.432832551268605,-0.2269446216111193
method1,4.0,736.5,957.5,-1.42835721561606,-0.232607963252579
method1,4.0,736.6,957.6,-1.423853139293207,-0.23824943377950147
method1,4.0,736.7,957.7,-1.419349062970354,-0.24389090430642396
method1,4.0,736.8,957.8,-1.4148306697318902,-0.24952136635774066
method1,4.0,736.9,957.9,-1.4102979595778051,-0.2551408199334643
method1,4.0,737.0,958.0,-1.40576524942372,-0.260760273509188
method1,4.0,737.1,958.1,-1.401204013017395,-0.2663575648187165
method1,4.0,737.2,958.2,-1.3966427766110698,-0.27195485612824494
method1,4.0,737.3,958.3,-1.3920673312368121,-0.27754099390988507
method1,4.0,737.4,958.4,-1.387477676894611,-0.28311597816364953
method1,4.0,737.5,958.5,-1.38288802255241,-0.288690962417414
method1,4.0,737.6,958.6,-1.378270059325509,-0.29424349535499805
method1,4.0,737.7,958.7,-1.3736520960986078,-0.2997960282925821
method1,4.0,737.8,958.8,-1.369020033321056,-0.30533726370831404
method1,4.0,737.9,958.9,-1.364373870992843,-0.31086720160220654
method1,4.0,738.0,959.0,-1.35972770866463,-0.316397139496099
method1,4.0,738.1,959.1,-1.355053457748117,-0.32190433915539385
method1,4.0,738.2,959.2,-1.3503792068316038,-0.3274115388146887
method1,4.0,738.3,959.3,-1.34569096724095,-0.3329072980313837
method1,4.0,738.4,959.4,-1.340988738976145,-0.33839161680549135
method1,4.0,738.5,959.5,-1.33628651071134,-0.343875935579599
method1,4.0,738.6,959.6,-1.3315564170626188,-0.34933723136192185
method1,4.0,738.7,959.7,-1.326826323413898,-0.3547985271442447
method1,4.0,738.8,959.8,-1.3220823534162522,-0.3602482406512159
method1,4.0,738.9,959.9,-1.317324507069671,-0.36568637188284797
method1,4.0,739.0,960.0,-1.31256666072309,-0.37112450311448
method1,4.0,739.1,960.1,-1.307781175083729,-0.37653932878786084
method1,4.0,739.2,960.2,-1.3029956894443677,-0.38195415446124165
method1,4.0,739.3,960.3,-1.29819644121933,-0.3873572571292033
method1,4.0,739.4,960.4,-1.2933834304086052,-0.3927486367917582
method1,4.0,739.5,960.5,-1.28857041959788,-0.398140016454313
method1,4.0,739.6,960.6,-1.2837299984507948,-0.403507810212113
method1,4.0,739.7,960.7,-1.27888957730371,-0.408875603969913
method1,4.0,739.8,960.8,-1.2740355087613984,-0.41423153510949434
method1,4.0,739.9,960.9,-1.2691677928238492,-0.4195756036308692
method1,4.0,740.0,961.0,-1.2643000768863,-0.424919672152244
method1,4.0,740.1,961.1,-1.259405182412291,-0.4302398766713968
method1,4.0,740.2,961.2,-1.2545102879382817,-0.4355600811905496
method1,4.0,740.3,961.3,-1.2496018626757321,-0.44086828461041655
method1,4.0,740.4,961.4,-1.2446799066246312,-0.4461644869310098
method1,4.0,740.5,961.5,-1.23975795057353,-0.451460689251603
method1,4.0,740.6,961.6,-1.2348090506072609,-0.45673275175036776
method1,4.0,740.7,961.7,-1.2298601506409916,-0.4620048142491326
method1,4.0,740.8,961.8,-1.2248978378979802,-0.46726473831365417
method1,4.0,740.9,961.9,-1.2199221123782151,-0.4725125239439446
method1,4.0,741.0,962.0,-1.21494638685845,-0.477760309574235
method1,4.0,741.1,962.1,-1.209943954843809,-0.48298368186957935
method1,4.0,741.2,962.2,-1.2049415228291678,-0.48820705416492377
method1,4.0,741.3,962.3,-1.1999257974434443,-0.493418151851422
method1,4.0,741.4,962.4,-1.1948967786866271,-0.498616974929086
method1,4.0,741.5,962.5,-1.18986775992981,-0.50381579800675
method1,4.0,741.6,962.6,-1.184812274874745,-0.5089899365712508
method1,4.0,741.7,962.7,-1.1797567898196797,-0.5141640751357516
method1,4.0,741.8,962.8,-1.1746881321816303,-0.5193258040913118
method1,4.0,741.9,962.9,-1.1696063019605851,-0.5244751234379434
method1,4.0,742.0,963.0,-1.16452447173954,-0.529624442784575
method1,4.0,742.1,963.1,-1.1594164181702469,-0.5347488088028933
method1,4.0,742.2,963.2,-1.1543083646009538,-0.5398731748212118
method1,4.0,742.3,963.3,-1.1491872606076723,-0.5449849974190315
method1,4.0,742.4,963.4,-1.1440531061903911,-0.5500842765963643
method1,4.0,742.5,963.5,-1.13891895177311,-0.555183555773697
method1,4.0,742.6,963.6,-1.1337588196877049,-0.5602576151986038
method1,4.0,742.7,963.7,-1.1285986876022995,-0.5653316746235105
method1,4.0,742.8,963.8,-1.1234256286111024,-0.5703930580188196
method1,4.0,742.9,963.9,-1.118239642714101,-0.5754417653845423
method1,4.0,743.0,964.0,-1.1130536568171,-0.580490472750265
method1,4.0,743.1,964.1,-1.1078419416386986,-0.5855136963581922
method1,4.0,743.2,964.2,-1.1026302264602976,-0.5905369199661192
method1,4.0,743.3,964.3,-1.0974057092416565,-0.5955473361516177
method1,4.0,743.4,964.4,-1.0921683899827632,-0.6005449449146989
method1,4.0,743.5,964.5,-1.08693107072387,-0.60554255367778
method1,4.0,743.6,964.6,-1.0816682732530847,-0.6105144171239492
method1,4.0,743.7,964.7,-1.0764054757822996,-0.6154862805701182
method1,4.0,743.8,964.8,-1.0711300024722183,-0.6204452064309773
method1,4.0,743.9,964.9,-1.0658418533228293,-0.6253911947065376
method1,4.0,744.0,965.0,-1.06055370417344,-0.630337182982098
method1,4.0,744.1,965.1,-1.0552403305403668,-0.6352571668551295
method1,4.0,744.2,965.2,-1.0499269569072935,-0.6401771507281611
method1,4.0,744.3,965.3,-1.0446010349591364,-0.6450840680965284
method1,4.0,744.4,965.4,-1.039262564695883,-0.6499779189602427
method1,4.0,744.5,965.5,-1.03392409443263,-0.654871769823957
method1,4.0,744.6,965.6,-1.0285606560482168,-0.6597393597000614
method1,4.0,744.7,965.7,-1.0231972176638036,-0.6646069495761656
method1,4.0,744.8,965.8,-1.0178213597995425,-0.6694613452852233
method1,4.0,744.9,965.9,-1.0124330824554213,-0.6743025468272451
method1,4.0,745.0,966.0,-1.0070448051113,-0.679143748369267
method1,4.0,745.1,966.1,-1.0016318186182327,-0.6839584348659014
method1,4.0,745.2,966.2,-0.9962188321251655,-0.6887731213625357
method1,4.0,745.3,966.3,-0.9907935562861091,-0.6935744873000517
method1,4.0,745.4,966.4,-0.985355991101051,-0.6983625326784603
method1,4.0,745.5,966.5,-0.979918425915993,-0.703150578056869
method1,4.0,745.6,966.6,-0.9744564131389701,-0.7079118568859633
method1,4.0,745.7,966.7,-0.9689944003619473,-0.7126731357150575
method1,4.0,745.8,966.8,-0.963520229658905,-0.7174209688764704
method1,4.0,745.9,966.9,-0.9580339010298311,-0.7221553563702128
method1,4.0,746.0,967.0,-0.952547572400757,-0.726889743863955
method1,4.0,746.1,967.1,-0.9470370602962758,-0.7315971158846081
method1,4.0,746.2,967.2,-0.9415265481917945,-0.7363044879052612
method1,4.0,746.3,967.3,-0.936004010854704,-0.7409982904462719
method1,4.0,746.4,967.4,-0.9304694482849915,-0.7456785235076508
method1,4.0,746.5,967.5,-0.924934885715279,-0.75035875656903
method1,4.0,746.6,967.6,-0.9193764063208554,-0.7550117278397275
method1,4.0,746.7,967.7,-0.9138179269264317,-0.7596646991104249
method1,4.0,746.8,967.8,-0.9082475562534653,-0.7643039783990757
method1,4.0,746.9,967.9,-0.9026652943019436,-0.7689295657056904
method1,4.0,747.0,968.0,-0.897083032350422,-0.773555153012305
method1,4.0,747.1,968.1,-0.8914771227332855,-0.7781532348426381
method1,4.0,747.2,968.2,-0.885871213116149,-0.7827513166729712
method1,4.0,747.3,968.3,-0.8802535474222647,-0.7873355853412459
method1,4.0,747.4,968.4,-0.8746241256516198,-0.791906040847473
method1,4.0,747.5,968.5,-0.868994703880975,-0.7964764963537
method1,4.0,747.6,968.6,-0.8633419060862569,-0.8010192053555615
method1,4.0,747.7,968.7,-0.8576891082915388,-0.8055619143574229
method1,4.0,747.8,968.8,-0.8520246908565368,-0.8100906903523172
method1,4.0,747.9,968.9,-0.8463486537812378,-0.8146055333402547
method1,4.0,748.0,969.0,-0.840672616705939,-0.819120376328192
method1,4.0,748.1,969.1,-0.8349734777042945,-0.8236072344664942
method1,4.0,748.2,969.2,-0.82927433870265,-0.8280940926047965
method1,4.0,748.3,969.3,-0.8235637177186772,-0.8325668992388962
method1,4.0,748.4,969.4,-0.8178416147523632,-0.8370256543688036
method1,4.0,748.5,969.5,-0.812119511786049,-0.841484409498711
method1,4.0,748.6,969.6,-0.8063745834208217,-0.8459149441415408
method1,4.0,748.7,969.7,-0.8006296550555944,-0.8503454787843706
method1,4.0,748.8,969.8,-0.7948733835741646,-0.8547618447858915
method1,4.0,748.9,969.9,-0.7891057689765193,-0.8591640421461132
method1,4.0,749.0,970.0,-0.783338154378874,-0.863566239506335
method1,4.0,749.1,970.1,-0.7775479933126911,-0.8679399834746341
method1,4.0,749.2,970.2,-0.7717578322465082,-0.872313727442933
method1,4.0,749.3,970.3,-0.7659564681249914,-0.8766731870052517
method1,4.0,749.4,970.4,-0.7601439009481278,-0.8810183621615999
method1,4.0,749.5,970.5,-0.754331333771264,-0.885363537317948
method1,4.0,749.6,970.6,-0.7484965014321698,-0.8896800289346298
method1,4.0,749.7,970.7,-0.7426616690930757,-0.8939965205513115
