method,nominal_hz,time_rel_s,time_s,x_m,y_m
method2,5.0,0.0,468.8317,-0.93224842887106,3.26860449332362
method2,5.0,0.1,468.93170000000003,-0.9347695799266026,3.264104426899735
method2,5.0,0.2,469.0317,-0.9372907309821453,3.2596043604758496
method2,5.0,0.3,469.1317,-0.9397941374361494,3.255093712613064
method2,5.0,0.4,469.2317,-0.9422975438901535,3.250583064750279
method2,5.0,0.5,469.3317,-0.9447831614252832,3.246061905412589
method2,5.0,0.6,469.43170000000003,-0.9472687789604128,3.241540746074899
method2,5.0,0.7,469.5317,-0.9497365635351648,3.2370091454115495
method2,5.0,0.8,469.6317,-0.9522043481099167,3.2324775447482006
method2,5.0,0.9,469.7317,-0.9546542559593919,3.2279355730925956
method2,5.0,1.0,469.8317,-0.957104163808867,3.22339360143699
method2,5.0,1.1,469.93170000000003,-0.9595361514455402,3.21884132930562
method2,5.0,1.2,470.0317,-0.9619681390822132,3.2142890571742497
method2,5.0,1.3,470.1317,-0.9643821632966945,3.209726555265579
method2,5.0,1.4,470.2317,-0.9667961875111756,3.205164053356909
method2,5.0,1.5,470.3317,-0.9691922053729747,3.2005913925502836
method2,5.0,1.6,470.43170000000003,-0.9715882232347738,3.196018731743658
method2,5.0,1.7,470.5317,-0.9739661920930512,3.1914359830982244
method2,5.0,1.8,470.6317,-0.9763441609513288,3.1868532344527902
method2,5.0,1.9,470.7317,-0.9787040384356549,3.182260469206345
method2,5.0,2.0,470.8317,-0.981063915919981,3.1776677039599
method2,5.0,2.1,470.93170000000003,-0.9834056599410727,3.1730649935278445
method2,5.0,2.2,471.0317,-0.9857474039621642,3.1684622830957894
method2,5.0,2.3,471.1317,-0.9880709727126364,3.163849699069964
method2,5.0,2.4,471.2317,-0.9903945414631086,3.159237115044139
method2,5.0,2.5,471.3317,-0.9926998934182066,3.154614729191759
method2,5.0,2.6,471.43170000000003,-0.9950052453733048,3.1499923433393784
method2,5.0,2.7,471.5317,-0.9972923392916433,3.1453602276018797
method2,5.0,2.8,471.6317,-0.9995794332099818,3.1407281118643806
method2,5.0,2.9,471.7317,-1.0018482281342709,3.1360863383563156
method2,5.0,3.0,471.8317,-1.00411702305856,3.13144456484825
method2,5.0,3.1,471.93170000000003,-1.0063674783163352,3.1267932058561745
method2,5.0,3.2,472.0317,-1.0086179335741101,3.1221418468640993
method2,5.0,3.3,472.1317,-1.0108500087784404,3.117480974845439
method2,5.0,3.4,472.2317,-1.0130820839827706,3.1128201028267792
method2,5.0,3.5,472.3317,-1.0152957390329906,3.108149790408699
method2,5.0,3.6,472.43170000000003,-1.0175093940832107,3.1034794779906183
method2,5.0,3.7,472.5317,-1.0197045891656253,3.0987997979688946
method2,5.0,3.8,472.6317,-1.0218997842480397,3.0941201179471705
method2,5.0,3.9,472.7317,-1.0240764798366249,3.089431143285055
method2,5.0,4.0,472.8317,-1.02625317542521,3.08474216862294
method2,5.0,4.1,472.93170000000003,-1.0284113322823352,3.0800439724500346
method2,5.0,4.2,473.0317,-1.0305694891394601,3.0753457762771297
method2,5.0,4.3,473.1317,-1.0327090683165654,3.0706384318882294
method2,5.0,4.4,473.2317,-1.0348486474936704,3.065931087499329
method2,5.0,4.5,473.3317,-1.0369696103319657,3.0612146683532937
method2,5.0,4.6,473.43170000000003,-1.0390905731702607,3.0564982492072583
method2,5.0,4.7,473.5317,-1.0411928813014202,3.0517728289258597
method2,5.0,4.8,473.6317,-1.0432951894325797,3.0470474086444606
method2,5.0,4.9,473.7317,-1.045378804779435,3.0423130610112255
method2,5.0,5.0,473.8317,-1.04746242012629,3.03757871337799
method2,5.0,5.1,473.93170000000003,-1.049527304903485,3.0328355123370647
method2,5.0,5.2,474.0317,-1.0515921896806801,3.0280923112961395
method2,5.0,5.3,474.1317,-1.0536383063953654,3.023340330951134
method2,5.0,5.4,474.2317,-1.0556844231100504,3.0185883506061293
method2,5.0,5.5,474.3317,-1.0577117345625606,3.0138276652189537
method2,5.0,5.6,474.43170000000003,-1.0597390460150706,3.009066979831778
method2,5.0,5.7,474.5317,-1.0617475152995703,3.0042976638214793
method2,5.0,5.8,474.6317,-1.0637559845840698,2.9995283478111805
method2,5.0,5.9,474.7317,-1.06574557508923,2.9947504757527903
method2,5.0,6.0,474.8317,-1.06773516559439,2.9899726036944
method2,5.0,6.1,474.93170000000003,-1.0697058410040452,2.9851862503177546
method2,5.0,6.2,475.0317,-1.0716765164137003,2.9803998969411096
method2,5.0,6.3,475.1317,-1.0736282407074953,2.9756051371297043
method2,5.0,6.4,475.2317,-1.0755799650012905,2.970810377318299
method2,5.0,6.5,475.3317,-1.0775127024553255,2.9660072861080984
method2,5.0,6.6,475.43170000000003,-1.0794454399093607,2.961204194897898
method2,5.0,6.7,475.5317,-1.0813591550968502,2.9563928474761645
method2,5.0,6.8,475.6317,-1.0832728702843397,2.9515815000544303
method2,5.0,6.9,475.7317,-1.085167528076235,2.946761971758545
method2,5.0,7.0,475.8317,-1.08706218586813,2.94194244346266
method2,5.0,7.1,475.93170000000003,-1.088937751433765,2.9371148097789694
method2,5.0,7.2,476.0317,-1.0908133169994003,2.9322871760952793
method2,5.0,7.3,476.1317,-1.0926697558071152,2.927451512657874
method2,5.0,7.4,476.2317,-1.0945261946148304,2.9226158492204686
method2,5.0,7.5,476.3317,-1.0963634724325904,2.9177722318100283
method2,5.0,7.6,476.43170000000003,-1.0982007502503506,2.912928614399588
method2,5.0,7.7,476.5317,-1.1000188331463852,2.9080771189421846
method2,5.0,7.8,476.6317,-1.1018369160424197,2.9032256234847806
method2,5.0,7.9,476.7317,-1.1036357703858148,2.8983663260506853
method2,5.0,8.0,476.8317,-1.10543462472921,2.89350702861659
method2,5.0,8.1,476.93170000000003,-1.1072142171905401,2.888640005419085
method2,5.0,8.2,477.0317,-1.1089938096518703,2.8837729822215796
method2,5.0,8.3,477.1317,-1.1107541072037854,2.878898309615759
method2,5.0,8.4,477.2317,-1.1125144047557005,2.874023637009939
method2,5.0,8.5,477.3317,-1.1142553746735406,2.8691413914915236
method2,5.0,8.6,477.43170000000003,-1.1159963445913808,2.8642591459731084
method2,5.0,8.7,477.5317,-1.1177179544537752,2.8593694041772344
method2,5.0,8.8,477.6317,-1.1194395643161699,2.8544796623813604
method2,5.0,8.9,477.7317,-1.12114178200561,2.8495825010813753
method2,5.0,9.0,477.8317,-1.12284399969505,2.84468533978139
method2,5.0,9.1,477.93170000000003,-1.1245267933984902,2.8397808358876495
method2,5.0,9.2,478.0317,-1.1262095871019302,2.8348763319939096
method2,5.0,9.3,478.1317,-1.1278729253113853,2.8299645625525893
method2,5.0,9.4,478.2317,-1.1295362635208404,2.8250527931112686
method2,5.0,9.5,478.3317,-1.1311801150339205,2.8201338353031136
method2,5.0,9.6,478.43170000000003,-1.1328239665470003,2.815214877494958
method2,5.0,9.7,478.5317,-1.1344483004675252,2.8102888086341142
method2,5.0,9.8,478.6317,-1.1360726343880498,2.8053627397732703
method2,5.0,9.9,478.7317,-1.1376774201266,2.80042963730604
method2,5.0,10.0,478.8317,-1.13928220586515,2.79549653483881
method2,5.0,10.1,478.93170000000003,-1.1408674131396301,2.7905564763424446
method2,5.0,10.2,479.0317,-1.1424526204141103,2.7856164178460796
method2,5.0,10.3,479.1317,-1.1440182192502952,2.780669481027564
method2,5.0,10.4,479.2317,-1.1455838180864804,2.7757225442090485
method2,5.0,10.5,479.3317,-1.1471297788186003,2.7707688069038734
method2,5.0,10.6,479.43170000000003,-1.1486757395507206,2.7658150695986983
method2,5.0,10.7,479.5317,-1.1502020328219802,2.7608546097696345
method2,5.0,10.8,479.6317,-1.1517283260932398,2.7558941499405702
method2,5.0,10.9,479.7317,-1.153234922856375,2.750927045676445
method2,5.0,11.0,479.8317,-1.15474151961951,2.74595994141232
method2,5.0,11.1,479.93170000000003,-1.156228391137315,2.7409862709267947
method2,5.0,11.2,480.0317,-1.1577152626551201,2.7360126004412697
method2,5.0,11.3,480.1317,-1.1591823805010053,2.7310324420715943
method2,5.0,11.4,480.2317,-1.1606494983468905,2.7260522837019185
method2,5.0,11.5,480.3317,-1.1620968344053855,2.7210657159077085
method2,5.0,11.6,480.43170000000003,-1.1635441704638805,2.716079148113498
method2,5.0,11.7,480.5317,-1.1649716969311652,2.7110862494754993
method2,5.0,11.8,480.6317,-1.1663992233984497,2.7060933508375005
method2,5.0,11.9,480.7317,-1.1678069127828898,2.7010942000563403
method2,5.0,12.0,480.8317,-1.16921460216733,2.69609504927518
method2,5.0,12.1,480.93170000000003,-1.170602427289975,2.69108972517014
method2,5.0,12.2,481.0317,-1.1719902524126202,2.6860844010650995
method2,5.0,12.3,481.1317,-1.1733581864077052,2.681072982572864
method2,5.0,12.4,481.2317,-1.1747261204027901,2.6760615640806287
method2,5.0,12.5,481.3317,-1.1760741367182703,2.6710441302540486
method2,5.0,12.6,481.43170000000003,-1.1774221530337505,2.666026696427468
method2,5.0,12.7,481.5317,-1.1787502254317652,2.6610033264343045
method2,5.0,12.8,481.6317,-1.1800782978297797,2.6559799564411404
method2,5.0,12.9,481.7317,-1.1813864003871748,2.6509507295628154
method2,5.0,13.0,481.8317,-1.18269450294457,2.64592150268449
method2,5.0,13.1,481.93170000000003,-1.18398261005337,2.640886498314855
method2,5.0,13.2,482.0317,-1.1852707171621701,2.6358514939452196
method2,5.0,13.3,482.1317,-1.1865388035300652,2.630810791589274
method2,5.0,13.4,482.2317,-1.1878068898979601,2.625770089233329
method2,5.0,13.5,482.3317,-1.1890549305488054,2.6207237685059885
method2,5.0,13.6,482.43170000000003,-1.1903029711996505,2.615677447778648
method2,5.0,13.7,482.5317,-1.1915309414739101,2.6106255884034693
method2,5.0,13.8,482.6317,-1.1927589117481698,2.6055737290282903
method2,5.0,13.9,482.7317,-1.193966787303405,2.6005164108362253
method2,5.0,14.0,482.8317,-1.19517466285864,2.59545909264416
method2,5.0,14.1,482.93170000000003,-1.19636241966997,2.5903963955722844
method2,5.0,14.2,483.0317,-1.1975501764813001,2.5853336985004094
method2,5.0,14.3,483.1317,-1.19871779084186,2.580265702590674
method2,5.0,14.4,483.2317,-1.1998854052024202,2.575197706680939
method2,5.0,14.5,483.3317,-1.2010328537238253,2.5701244920788837
method2,5.0,14.6,483.43170000000003,-1.2021803022452304,2.565051277476828
method2,5.0,14.7,483.5317,-1.2033075618580102,2.559972924430334
method2,5.0,14.8,483.6317,-1.2044348214707898,2.5548945713838402
method2,5.0,14.9,483.7317,-1.205541869424835,2.5498111602418403
method2,5.0,15.0,483.8317,-1.20664891737888,2.54472774909984
method2,5.0,15.1,483.93170000000003,-1.2077357312439,2.5396393603110745
method2,5.0,15.2,484.0317,-1.2088225451089203,2.5345509715223096
method2,5.0,15.3,484.1317,-1.2098891027748502,2.529457685634034
method2,5.0,15.4,484.2317,-1.2109556604407803,2.5243643997457585
method2,5.0,15.5,484.3317,-1.2120019401182403,2.5192662974024636
method2,5.0,15.6,484.43170000000003,-1.2130482197957004,2.514168195059168
method2,5.0,15.7,484.5317,-1.214074200016385,2.5090653570013193
method2,5.0,15.8,484.6317,-1.21510018023707,2.5039625189434704
method2,5.0,15.9,484.7317,-1.2161058398542,2.4988550260062303
method2,5.0,16.0,484.8317,-1.21711149947133,2.49374753306899
method2,5.0,16.1,484.93170000000003,-1.21809681766005,2.48863546618091
method2,5.0,16.2,485.0317,-1.21908213584877,2.4835233992928294
method2,5.0,16.3,485.1317,-1.2200470921065603,2.478406839474609
method2,5.0,16.4,485.2317,-1.2210120483643503,2.473290279656389
method2,5.0,16.5,485.3317,-1.2219566225114253,2.4681693080195584
method2,5.0,16.6,485.43170000000003,-1.2229011966585002,2.463048336382728
method2,5.0,16.7,485.5317,-1.2238253688382201,2.4579230341283793
method2,5.0,16.8,485.6317,-1.22474954101794,2.4527977318740306
method2,5.0,16.9,485.7317,-1.22565329169719,2.4476681802915206
method2,5.0,17.0,485.8317,-1.22655704237644,2.44253862870901
method2,5.0,17.1,485.93170000000003,-1.227440352346025,2.4374049091746746
method2,5.0,17.2,486.0317,-1.22832366231561,2.4322711896403395
method2,5.0,17.3,486.1317,-1.2291865126906452,2.4271333836162188
method2,5.0,17.4,486.2317,-1.2300493630656801,2.421995577592099
method2,5.0,17.5,486.3317,-1.2308917352859552,2.4168537666246084
method2,5.0,17.6,486.43170000000003,-1.2317341075062302,2.4117119556571183
method2,5.0,17.7,486.5317,-1.232555983336595,2.4065662213757895
method2,5.0,17.8,486.6317,-1.23337785916696,2.4014204870944607
method2,5.0,17.9,486.7317,-1.234179220697685,2.3962709112106353
method2,5.0,18.0,486.8317,-1.23498058222841,2.39112133532681
method2,5.0,18.1,486.93170000000003,-1.23576141187555,2.3859679996323244
method2,5.0,18.2,487.0317,-1.23654224152269,2.3808146639378394
method2,5.0,18.3,487.1317,-1.2373025220284402,2.375657650303754
method2,5.0,18.4,487.2317,-1.2380628025341902,2.3705006366696693
method2,5.0,18.5,487.3317,-1.2388025169672452,2.3653400270449536
method2,5.0,18.6,487.43170000000003,-1.2395422314003002,2.3601794174202384
method2,5.0,18.7,487.5317,-1.240261363156195,2.3550152938304594
method2,5.0,18.8,487.6317,-1.24098049491209,2.3498511702406804
method2,5.0,18.9,487.7317,-1.2416790277135499,2.3446836147867103
method2,5.0,19.0,487.8317,-1.24237756051501,2.33951605933274
method2,5.0,19.1,487.93170000000003,-1.24305547841227,2.3343451541894646
method2,5.0,19.2,488.0317,-1.24373339630953,2.3291742490461895
method2,5.0,19.3,488.1317,-1.2443906836806802,2.324000076461169
method2,5.0,19.4,488.2317,-1.2450479710518303,2.318825903876149
method2,5.0,19.5,488.3317,-1.2456846126031502,2.3136485461683334
method2,5.0,19.6,488.43170000000003,-1.2463212541544701,2.3084711884605182
method2,5.0,19.7,488.5317,-1.246937234920725,2.3032907280189394
method2,5.0,19.8,488.6317,-1.24755321568698,2.2981102675773606
method2,5.0,19.9,488.7317,-1.2481485210317649,2.2929267868598053
method2,5.0,20.0,488.8317,-1.24874382637655,2.28774330614225
method2,5.0,20.1,488.93170000000003,-1.24931844199258,2.2825568876739495
method2,5.0,20.2,489.0317,-1.24989305760861,2.2773704692056493
method2,5.0,20.3,489.1317,-1.2504469695180251,2.2721811955779887
method2,5.0,20.4,489.2317,-1.2510008814274403,2.266991921950329
method2,5.0,20.5,489.3317,-1.2515340759821252,2.2617998758195035
method2,5.0,20.6,489.43170000000003,-1.2520672705368103,2.256607829688678
method2,5.0,20.7,489.5317,-1.2525797344186702,2.251413093774384
method2,5.0,20.8,489.6317,-1.25309219830053,2.2462183578600903
method2,5.0,20.9,489.7317,-1.25358391852179,2.2410210149442253
method2,5.0,21.0,489.8317,-1.25407563874305,2.23582367202836
method2,5.0,21.1,489.93170000000003,-1.254546602646535,2.2306238049536797
method2,5.0,21.2,490.0317,-1.25501756655002,2.2254239378789995
method2,5.0,21.3,490.1317,-1.255467761809435,2.220221629547809
method2,5.0,21.4,490.2317,-1.25591795706885,2.215019321216619
method2,5.0,21.5,490.3317,-1.25634737168905,2.2098146545894433
method2,5.0,21.6,490.43170000000003,-1.2567767863092503,2.204609987962268
method2,5.0,21.7,490.5317,-1.257185408626525,2.1994030460565543
method2,5.0,21.8,490.6317,-1.2575940309438,2.1941961041508407
method2,5.0,21.9,490.7317,-1.25798184962612,2.1889869700395903
method2,5.0,22.0,490.8317,-1.25836966830844,2.18377783592834
method2,5.0,22.1,490.93170000000003,-1.25873667235571,2.1785665927388247
method2,5.0,22.2,491.0317,-1.25910367640298,2.1733553495493094
method2,5.0,22.3,491.1317,-1.259449855147315,2.168142080461724
method2,5.0,22.4,491.2317,-1.25979603389165,2.1629288113741385
method2,5.0,22.5,491.3317,-1.2601213769976052,2.1577135996202736
method2,5.0,22.6,491.43170000000003,-1.26044672010356,2.1524983878664083
method2,5.0,22.7,491.5317,-1.2607512175683802,2.1472813167283245
method2,5.0,22.8,491.6317,-1.2610557150332,2.1420642455902406
method2,5.0,22.9,491.7317,-1.26133935718704,2.1368453983989455
method2,5.0,23.0,491.8317,-1.26162299934088,2.13162655120765
method2,5.0,23.1,491.93170000000003,-1.261885776847065,2.1264060113417496
method2,5.0,23.2,492.0317,-1.26214855435325,2.1211854714758496
method2,5.0,23.3,492.1317,-1.262390458208485,2.115963322360239
method2,5.0,23.4,492.2317,-1.26263236206372,2.110741173244629
method2,5.0,23.5,492.3317,-1.2628533835983,2.1055174983491485
method2,5.0,23.6,492.43170000000003,-1.26307440513288,2.100293823453668
method2,5.0,23.7,492.5317,-1.26327453601093,2.0950687062917495
method2,5.0,23.8,492.6317,-1.26347466688898,2.0898435891298304
method2,5.0,23.9,492.7317,-1.26365389910864,2.0846171132572002
method2,5.0,24.0,492.8317,-1.2638331313283,2.07939063738457
method2,5.0,24.1,492.93170000000003,-1.263991457221955,2.0741628863978896
method2,5.0,24.2,493.0317,-1.26414978311561,2.0689351354112095
method2,5.0,24.3,493.1317,-1.26428719535007,2.063706192946729
method2,5.0,24.4,493.2317,-1.26442460758453,2.0584772504822486
method2,5.0,24.5,493.3317,-1.2645410991612351,2.0532472002144986
method2,5.0,24.6,493.43170000000003,-1.26465759073794,2.048017149946748
method2,5.0,24.7,493.5317,-1.2647531549931401,2.0427860755871743
method2,5.0,24.8,493.6317,-1.26484871924834,2.0375550012276005
method2,5.0,24.9,493.7317,-1.26492334985328,2.0323229865232304
method2,5.0,25.0,493.8317,-1.26499798045822,2.02709097181886
method2,5.0,25.1,493.93170000000003,-1.26505167141933,2.0218581005509795
method2,5.0,25.2,494.0317,-1.26510536238044,2.0166252292830995
method2,5.0,25.3,494.1317,-1.265138108039495,2.011391585265879
method2,5.0,25.4,494.2317,-1.26517085369855,2.0061579412486585
method2,5.0,25.5,494.3317,-1.2651826487328401,2.0009236083278386
method2,5.0,25.6,494.43170000000003,-1.26519444376713,1.9956892754070181
method2,5.0,25.7,494.5317,-1.265185283189625,1.9904543374585593
method2,5.0,25.8,494.6317,-1.26517612261212,1.9852193995101006
method2,5.0,25.9,494.7317,-1.2651460017716252,1.9799839404388204
method2,5.0,26.0,494.8317,-1.26511588093113,1.97474848136754
method2,5.0,26.1,494.93170000000003,-1.265064795512435,1.9695125851058046
method2,5.0,26.2,495.0317,-1.26501371009374,1.9642766888440693
method2,5.0,26.3,495.1317,-1.2649416561177649,1.959040439350409
method2,5.0,26.4,495.2317,-1.26486960214179,1.9538041898567489
method2,5.0,26.5,495.3317,-1.264776575965725,1.9485676711145385
method2,5.0,26.6,495.43170000000003,-1.26468354978966,1.9433311523723282
method2,5.0,26.7,495.5317,-1.2645695481071149,1.9380944483884395
method2,5.0,26.8,495.6317,-1.26445554642457,1.9328577444045507
method2,5.0,26.9,495.7317,-1.264320566265675,1.9276209392079755
method2,5.0,27.0,495.8317,-1.26418558610678,1.9223841340114
method2,5.0,27.1,495.93170000000003,-1.264029624838335,1.9171473116519397
method2,5.0,27.2,496.0317,-1.26387366356989,1.9119104892924794
method2,5.0,27.3,496.1317,-1.26369671889547,1.906673733839374
method2,5.0,27.4,496.2317,-1.26351977422105,1.9014369783862688
method2,5.0,27.5,496.3317,-1.26332184418113,1.8962003739268585
method2,5.0,27.6,496.43170000000003,-1.26312391414121,1.8909637694674482
method2,5.0,27.7,496.5317,-1.2629049971132649,1.8857274001058044
method2,5.0,27.8,496.6317,-1.26268608008532,1.8804910307441607
method2,5.0,27.9,496.7317,-1.26244617478392,1.8752549805997654
method2,5.0,28.0,496.8317,-1.26220626948252,1.87001893045537
method2,5.0,28.1,496.93170000000003,-1.261945374959445,1.8647832836617346
method2,5.0,28.2,497.0317,-1.26168448043637,1.8595476368680994
method2,5.0,28.3,497.1317,-1.26140259608069,1.854312477571429
method2,5.0,28.4,497.2317,-1.26112071172501,1.8490773182747589
method2,5.0,28.5,497.3317,-1.2608178372631749,1.8438427306325935
method2,5.0,28.6,497.43170000000003,-1.2605149628013397,1.8386081429904282
method2,5.0,28.7,497.5317,-1.2601910982972548,1.8333742111703044
method2,5.0,28.8,497.6317,-1.25986723379317,1.8281402793501806
method2,5.0,28.9,497.7317,-1.25952237964828,1.8229070875282505
method2,5.0,29.0,497.8317,-1.25917752550339,1.81767389570632
method2,5.0,29.1,497.93170000000003,-1.2588116824567448,1.8124415280660298
method2,5.0,29.2,498.0317,-1.2584458394101,1.8072091604257394
method2,5.0,29.3,498.1317,-1.25805900853842,1.8019777011564442
method2,5.0,29.4,498.2317,-1.25767217766674,1.796746241887149
method2,5.0,29.5,498.3317,-1.2572643603844749,1.7915157751827835
method2,5.0,29.6,498.43170000000003,-1.2568565431022098,1.7862853084784183
method2,5.0,29.7,498.5317,-1.256427741161595,1.7810559185361343
method2,5.0,29.8,498.6317,-1.25599893922098,1.7758265285938506
method2,5.0,29.9,498.7317,-1.25554915471207,1.7705982996126404
method2,5.0,30.0,498.8317,-1.25509937020316,1.76537007063143
method2,5.0,30.1,498.93170000000003,-1.2546286055539,1.7601430868108097
method2,5.0,30.2,499.0317,-1.25415784090464,1.7549161029901894
method2,5.0,30.3,499.1317,-1.253666098880875,1.7496904485288192
method2,5.0,30.4,499.2317,-1.25317435685711,1.744464794067449
method2,5.0,30.5,499.3317,-1.2526616405626398,1.7392405531617685
method2,5.0,30.6,499.43170000000003,-1.2521489242681698,1.7340163122560883
method2,5.0,30.7,499.5317,-1.2516152371447549,1.7287935690989795
method2,5.0,30.8,499.6317,-1.25108155002134,1.7235708259418707
method2,5.0,30.9,499.7317,-1.2505268958487301,1.7183496647212955
method2,5.0,31.0,499.8317,-1.24997224167612,1.71312850350072
method2,5.0,31.1,499.93170000000003,-1.249396624572085,1.7079090083983597
method2,5.0,31.2,500.0317,-1.24882100746805,1.7026895132959994
method2,5.0,31.3,500.1317,-1.24822443188837,1.697471768485899
method2,5.0,31.4,500.2317,-1.2476278563086898,1.6922540236757988
method2,5.0,31.5,500.3317,-1.2470103270471598,1.6870381133230035
method2,5.0,31.6,500.43170000000003,-1.2463927977856297,1.6818222029702081
method2,5.0,31.7,500.5317,-1.24575431997408,1.6766082112294245
method2,5.0,31.8,500.6317,-1.24511584216253,1.6713942194886406
method2,5.0,31.9,500.7317,-1.244456421270795,1.6661822305028553
method2,5.0,32.0,500.8317,-1.24379700037906,1.66097024151707
method2,5.0,32.1,500.93170000000003,-1.24311664221498,1.6557603394162046
method2,5.0,32.2,501.0317,-1.2424362840509,1.6505504373153392
method2,5.0,32.3,501.1317,-1.24173499476031,1.6453427062148993
method2,5.0,32.4,501.2317,-1.2410337054697198,1.640134975114459
method2,5.0,32.5,501.3317,-1.2403114915364097,1.6349294991141534
method2,5.0,32.6,501.43170000000003,-1.2395892776030997,1.6297240231138481
method2,5.0,32.7,501.5317,-1.2388461458487998,1.6245208862962592
method2,5.0,32.8,501.6317,-1.2381030140945,1.6193177494786706
method2,5.0,32.9,501.7317,-1.23733897167884,1.6141170359078754
method2,5.0,33.0,501.8317,-1.23657492926318,1.60891632233708
method2,5.0,33.1,501.93170000000003,-1.2357899836836599,1.6037181160572946
method2,5.0,33.2,502.0317,-1.2350050381041398,1.5985199097775094
method2,5.0,33.3,502.1317,-1.2341991971960748,1.5933242948117443
method2,5.0,33.4,502.2317,-1.2333933562880097,1.5881286798459788
method2,5.0,33.5,502.3317,-1.2325666282244847,1.5829357401946684
method2,5.0,33.6,502.43170000000003,-1.2317399001609597,1.5777428005433582
method2,5.0,33.7,502.5317,-1.2308922934527748,1.5725526201830093
method2,5.0,33.8,502.6317,-1.2300446867445902,1.5673624398226607
method2,5.0,33.9,502.7317,-1.229176210240195,1.5621751027044755
method2,5.0,34.0,502.8317,-1.2283077337358,1.55698776558629
method2,5.0,34.1,502.93170000000003,-1.22741839662125,1.5518033556348496
method2,5.0,34.2,503.0317,-1.2265290595066998,1.5466189456834094
method2,5.0,34.3,503.1317,-1.2256188713055398,1.5414375467952743
method2,5.0,34.4,503.2317,-1.2247086831043799,1.5362561479071388
method2,5.0,34.5,503.3317,-1.2237776536776097,1.5310778439495085
method2,5.0,34.6,503.43170000000003,-1.2228466242508396,1.5258995399918782
method2,5.0,34.7,503.5317,-1.2218947637968198,1.5207244148012393
method2,5.0,34.8,503.6317,-1.2209429033428003,1.5155492896106006
method2,5.0,34.9,503.7317,-1.2199702223971451,1.5103774269913655
method2,5.0,35.0,503.8317,-1.21899754145149,1.50520556437213
method2,5.0,35.1,503.93170000000003,-1.218004050887,1.5000370480952747
method2,5.0,35.2,504.0317,-1.2170105603225099,1.4948685318184194
method2,5.0,35.3,504.1317,-1.21599627134906,1.4897034456201292
method2,5.0,35.4,504.2317,-1.2149819823756098,1.4845383594218389
method2,5.0,35.5,504.3317,-1.2139469065400448,1.4793767870021535
method2,5.0,35.6,504.43170000000003,-1.2129118307044795,1.4742152145824683
method2,5.0,35.7,504.5317,-1.2118559798905049,1.4690572396039294
method2,5.0,35.8,504.6317,-1.2108001290765302,1.4638992646253908
method2,5.0,35.9,504.7317,-1.2097235155045951,1.4587449707116804
method2,5.0,36.0,504.8317,-1.20864690193266,1.45359067679797
method2,5.0,36.1,504.93170000000003,-1.2075495381598549,1.4484401475325546
method2,5.0,36.2,505.0317,-1.2064521743870498,1.4432896182671393
method2,5.0,36.3,505.1317,-1.2053340733069398,1.4381429371919243
method2,5.0,36.4,505.2317,-1.2042159722268297,1.4329962561167089
method2,5.0,36.5,505.3317,-1.2030771470693746,1.4278535067306635
method2,5.0,36.6,505.43170000000003,-1.2019383219119195,1.4227107573446183
method2,5.0,36.7,505.5317,-1.2007787862432897,1.4175720231024493
method2,5.0,36.8,505.6317,-1.1996192505746601,1.4124332888602806
method2,5.0,36.9,505.7317,-1.198439018297125,1.4072986531710503
method2,5.0,37.0,505.8317,-1.19725878601959,1.40216401748182
method2,5.0,37.1,505.93170000000003,-1.19605787137135,1.3970335637076097
method2,5.0,37.2,506.0317,-1.1948569567231098,1.3919031099333994
method2,5.0,37.3,506.1317,-1.193635374278165,1.3867769213879593
method2,5.0,37.4,506.2317,-1.1924137918332198,1.381650732842519
method2,5.0,37.5,506.3317,-1.1911715565011847,1.3765288927898984
method2,5.0,37.6,506.43170000000003,-1.1899293211691495,1.3714070527372781
method2,5.0,37.7,506.5317,-1.1886664481951148,1.3662896443904893
method2,5.0,37.8,506.6317,-1.1874035752210803,1.3611722360437006
method2,5.0,37.9,506.7317,-1.186120080185415,1.3560593425633554
method2,5.0,38.0,506.8317,-1.18483658514975,1.35094644908301
method2,5.0,38.1,506.93170000000003,-1.18353248396796,1.3458381535759796
method2,5.0,38.2,507.0317,-1.1822283827861697,1.3407298580689493
method2,5.0,38.3,507.1317,-1.1809036917086848,1.3356262435870092
method2,5.0,38.4,507.2317,-1.1795790006311997,1.330522629105069
method2,5.0,38.5,507.3317,-1.1782337362431996,1.3254237786435434
method2,5.0,38.6,507.43170000000003,-1.1768884718551995,1.3203249281820182
method2,5.0,38.7,507.5317,-1.1755226510764347,1.3152309246784393
method2,5.0,38.8,507.6317,-1.1741568302976702,1.3101369211748606
method2,5.0,38.9,507.7317,-1.172770470382245,1.3050478475076153
method2,5.0,39.0,507.8317,-1.17138411046682,1.29995877384037
method2,5.0,39.1,507.93170000000003,-1.1699772290030048,1.2948747128273497
method2,5.0,39.2,508.0317,-1.1685703475391898,1.2897906518143294
method2,5.0,39.3,508.1317,-1.167142962449205,1.2847116862115944
method2,5.0,39.4,508.2317,-1.1657155773592198,1.279632720608859
method2,5.0,39.5,508.3317,-1.1642677068990246,1.2745589331092737
method2,5.0,39.6,508.43170000000003,-1.1628198364388296,1.2694851456096883
method2,5.0,39.7,508.5317,-1.1613514991979,1.2644166188415944
method2,5.0,39.8,508.6317,-1.1598831619569703,1.2593480920735007
method2,5.0,39.9,508.7317,-1.158394376858085,1.2542849085993555
method2,5.0,40.0,508.8317,-1.1569055917592,1.24922172512521
method2,5.0,40.1,508.93170000000003,-1.1553963780582,1.2441639674402396
method2,5.0,40.2,509.0317,-1.1538871643571997,1.2391062097552694
method2,5.0,40.3,509.1317,-1.1523575416427598,1.2340539602861593
method2,5.0,40.4,509.2317,-1.1508279189283197,1.2290017108170488
method2,5.0,40.5,509.3317,-1.1492779071216996,1.2239550519205535
method2,5.0,40.6,509.43170000000003,-1.1477278953150793,1.2189083930240583
method2,5.0,40.7,509.5317,-1.1461575146698948,1.2138674069856894
method2,5.0,40.8,509.6317,-1.1445871340247102,1.2088264209473207
method2,5.0,40.9,509.7317,-1.1429964051266552,1.2037911899800053
method2,5.0,41.0,509.8317,-1.1414056762286,1.19875595901269
method2,5.0,41.1,509.93170000000003,-1.1397946199952198,1.1937265652554045
method2,5.0,41.2,510.0317,-1.1381835637618398,1.1886971714981194
method2,5.0,41.3,510.1317,-1.1365522014422498,1.1836736970145894
method2,5.0,41.4,510.2317,-1.1349208391226595,1.1786502225310589
method2,5.0,41.5,510.3317,-1.1332691922972795,1.1736327493083887
method2,5.0,41.6,510.43170000000003,-1.1316175454718993,1.1686152760857182
method2,5.0,41.7,510.5317,-1.1299456360521847,1.1636038860330693
method2,5.0,41.8,510.6317,-1.1282737266324703,1.1585924959804206
method2,5.0,41.9,510.7317,-1.126581576860635,1.1535872709276604
method2,5.0,42.0,510.8317,-1.1248894270888,1.1485820458749
method2,5.0,42.1,510.93170000000003,-1.1231770595375248,1.1435830675712846
method2,5.0,42.2,511.0317,-1.1214646919862499,1.1385840892676693
method2,5.0,42.3,511.1317,-1.1197321295583997,1.1335914393805042
method2,5.0,42.4,511.2317,-1.1179995671305496,1.128598789493339
method2,5.0,42.5,511.3317,-1.1162468330588895,1.1236125496066336
method2,5.0,42.6,511.43170000000003,-1.1144940989872294,1.1186263097199283
method2,5.0,42.7,511.5317,-1.1127212168340948,1.1136465613330693
method2,5.0,42.8,511.6317,-1.1109483346809603,1.1086668129462107
method2,5.0,42.9,511.7317,-1.1091553283379851,1.1036936374726454
method2,5.0,43.0,511.8317,-1.10736232199501,1.09872046199908
method2,5.0,43.1,511.93170000000003,-1.1055492156827897,1.0937539407649597
method2,5.0,43.2,512.0317,-1.1037361093705698,1.0887874195308394
method2,5.0,43.3,512.1317,-1.1019029276383703,1.0838276337737058
method2,5.0,43.4,512.2317,-1.1000697459061706,1.0788678480165719
method2,5.0,43.5,512.3317,-1.09821651363157,1.0739148788840351
method2,5.0,43.6,512.4317,-1.0963632813569693,1.0689619097514982
method2,5.0,43.7,512.5317,-1.0944900237455797,1.0640158382998943
method2,5.0,43.8,512.6317,-1.0926167661341901,1.0590697668482907
method2,5.0,43.9,512.7317,-1.0907235087192795,1.054130674041359
method2,5.0,44.0,512.8317,-1.0888302513043688,1.049191581234427
method2,5.0,44.1,512.9317,-1.0869170199465643,1.0442595479420032
method2,5.0,44.2,513.0317,-1.0850037885887598,1.0393275146495793
method2,5.0,44.3,513.1317,-1.0830706094756604,1.0344026216462456
method2,5.0,44.4,513.2317,-1.0811374303625607,1.0294777286429118
method2,5.0,44.5,513.3317,-1.079184330008435,1.024560056606685
method2,5.0,44.6,513.4317,-1.0772312296543094,1.0196423845704583
method2,5.0,44.7,513.5317,-1.0752582348997048,1.0147320140814793
method2,5.0,44.8,513.6317,-1.0732852401451003,1.0098216435925007
method2,5.0,44.9,513.7317,-1.0712923781565096,1.0049186551317089
method2,5.0,45.0,513.8317,-1.0692995161679189,1.000015666670917
method2,5.0,45.1,513.9317,-1.0672868144373993,0.9951201406187197
method2,5.0,45.2,514.0317,-1.0652741127068799,0.9902246145665223
method2,5.0,45.3,514.1317,-1.0632415990516904,0.9853366312014967
method2,5.0,45.4,514.2317,-1.0612090853965006,0.9804486478364708
method2,5.0,45.5,514.3317,-1.05915678795873,0.975568287334029
method2,5.0,45.6,514.4317,-1.0571044905209592,0.9706879268315872
method2,5.0,45.7,514.5317,-1.0550324377671447,0.9658152692626873
method2,5.0,45.8,514.6317,-1.0529603850133302,0.9609426116937877
method2,5.0,45.9,514.7317,-1.0508686057340595,0.9560777370235874
method2,5.0,46.0,514.8317,-1.048776826454789,0.9512128623533872
method2,5.0,46.1,514.9317,-1.0466653497643292,0.9463558504399703
method2,5.0,46.2,515.0317,-1.0445538730738697,0.9414988385265534
method2,5.0,46.3,515.1317,-1.0424227284097602,0.9366497691195848
method2,5.0,46.4,515.2317,-1.0402915837456506,0.9318006997126158
method2,5.0,46.5,515.3317,-1.0381408008683,0.926959652452053
method2,5.0,46.6,515.4317,-1.0359900179909494,0.9221186051914904
method2,5.0,46.7,515.5317,-1.0338196269832347,0.9172856596062753
method2,5.0,46.8,515.6317,-1.0316492359755203,0.9124527140210607
method2,5.0,46.9,515.7317,-1.0294592672423695,0.9076279495278055
method2,5.0,47.0,515.8317,-1.0272692985092187,0.9028031850345503
method2,5.0,47.1,515.9317,-1.0250597827771941,0.8979866809362428
method2,5.0,47.2,516.0317,-1.0228502670451698,0.8931701768379353
method2,5.0,47.3,516.1317,-1.0206212353620552,0.8883620123226297
method2,5.0,47.4,516.2317,-1.0183922036789408,0.8835538478073237
method2,5.0,47.5,516.3317,-1.016143687413295,0.878754101946835
method2,5.0,47.6,516.4317,-1.0138951711476492,0.8739543560863463
method2,5.0,47.7,516.5317,-1.0116272019883947,0.8691631078349733
method2,5.0,47.8,516.6317,-1.0093592328291403,0.8643718595836006
method2,5.0,47.9,516.7317,-1.0070718427850995,0.8595891877767939
method2,5.0,48.0,516.8317,-1.0047844527410588,0.8548065159699874
method2,5.0,48.1,516.9317,-1.0024776741405392,0.8500324993230893
method2,5.0,48.2,517.0317,-1.0001708955400197,0.8452584826761913
method2,5.0,48.3,517.1317,-0.9978447610303418,0.8404931997831117
method2,5.0,48.4,517.2317,-0.9955186265206638,0.8357279168900317
method2,5.0,48.5,517.3317,-0.993173169067715,0.8309714462219675
method2,5.0,48.6,517.4317,-0.9908277116147661,0.8262149755539033
method2,5.0,48.7,517.5317,-0.9884629645025467,0.8214673954580568
method2,5.0,48.8,517.6317,-0.9860982173903273,0.8167198153622107
method2,5.0,48.9,517.7317,-0.983714214220475,0.8119812040604775
method2,5.0,49.0,517.8317,-0.9813302110506227,0.8072425927587443
method2,5.0,49.1,517.9317,-0.9789269857419537,0.8025130283464508
method2,5.0,49.2,518.0317,-0.9765237604332847,0.7977834639341573
method2,5.0,49.3,518.1317,-0.9741013472213084,0.7930630243787536
method2,5.0,49.4,518.2317,-0.9716789340093319,0.7883425848233496
method2,5.0,49.5,518.3317,-0.9692373674457775,0.783631347963134
method2,5.0,49.6,518.4317,-0.9667958008822232,0.7789201111029184
method2,5.0,49.7,518.5317,-0.9643351158345547,0.7742181546457628
method2,5.0,49.8,518.6317,-0.9618744307868863,0.7695161981886076
method2,5.0,49.9,518.7317,-0.9593946624378045,0.7648235997106599
method2,5.0,50.0,518.8317,-0.9569148940887225,0.7601310012327124
method2,5.0,50.1,518.9317,-0.9544160779356796,0.7554478381771353
method2,5.0,50.2,519.0317,-0.9519172617826367,0.7507646751215583
method2,5.0,50.3,519.1317,-0.9493994336373248,0.7460910247972391
method2,5.0,50.4,519.2317,-0.9468816054920128,0.7414173744729197
method2,5.0,50.5,519.3317,-0.9443448014798634,0.736753314053198
method2,5.0,50.6,519.4317,-0.9418079974677142,0.7320892536334763
method2,5.0,50.7,519.5317,-0.9392522540273872,0.7274348601548823
method2,5.0,50.8,519.6317,-0.9366965105870604,0.7227804666762887
method2,5.0,50.9,519.7317,-0.934121864469924,0.7181358170372516
method2,5.0,51.0,519.8317,-0.9315472183527875,0.7134911673982144
method2,5.0,51.1,519.9317,-0.9289537066224011,0.7088563383578164
method2,5.0,51.2,520.0317,-0.9263601948920147,0.7042215093174183
method2,5.0,51.3,520.1317,-0.9237478549235969,0.6995965774941076
method2,5.0,51.4,520.2317,-0.9211355149551789,0.6949716456707966
method2,5.0,51.5,520.3317,-0.9185043844350755,0.6903566875411284
method2,5.0,51.6,520.4317,-0.9158732539149721,0.6857417294114604
method2,5.0,51.7,520.5317,-0.9132233708401286,0.6811368213088443
method2,5.0,51.8,520.6317,-0.9105734877652853,0.6765319132062286
method2,5.0,51.9,520.7317,-0.907904890442689,0.6719371313196485
method2,5.0,52.0,520.8317,-0.9052362931200925,0.6673423494330685
method2,5.0,52.1,520.9317,-0.9025490201662401,0.6627577698058429
method2,5.0,52.2,521.0317,-0.8998617472123877,0.6581731901786173
method2,5.0,52.3,521.1317,-0.8971558375527209,0.6535988887071246
method2,5.0,52.4,521.2317,-0.894449927893054,0.6490245872356316
method2,5.0,52.5,521.3317,-0.891725420761406,0.644460639668063
method2,5.0,52.6,521.4317,-0.889000913629758,0.6398966921004944
method2,5.0,52.7,521.5317,-0.8862578485677981,0.6353431740356089
method2,5.0,52.8,521.6317,-0.8835147835058385,0.6307896559707237
method2,5.0,52.9,521.7317,-0.8807532003624899,0.62624664285658
method2,5.0,53.0,521.8317,-0.8779916172191414,0.6217036297424364
method2,5.0,53.1,521.9317,-0.875211556150023,0.6171711968751619
method2,5.0,53.2,522.0317,-0.8724314950809046,0.6126387640078873
method2,5.0,53.3,522.1317,-0.8696329965477404,0.6081169865304186
method2,5.0,53.4,522.2317,-0.866834498014576,0.6035952090529495
method2,5.0,53.5,522.3317,-0.864017602784618,0.59908416195379
method2,5.0,53.6,522.4317,-0.86120070755466,0.5945731148546305
method2,5.0,53.7,522.5317,-0.8583654567001051,0.5900728729666199
method2,5.0,53.8,522.6317,-0.8555302058455504,0.5855726310786097
method2,5.0,53.9,522.7317,-0.8526766407429344,0.581083269077666
method2,5.0,54.0,522.8317,-0.8498230756403183,0.5765939070767224
method2,5.0,54.1,522.9317,-0.846951237969932,0.5721154994806239
method2,5.0,54.2,523.0317,-0.8440794002995455,0.5676370918845254
method2,5.0,54.3,523.1317,-0.8411893320448199,0.5631697130516582
method2,5.0,54.4,523.2317,-0.838299263790094,0.5587023342187906
method2,5.0,54.5,523.3317,-0.835391007236995,0.55424605834692
method2,5.0,54.6,523.4317,-0.832482750683896,0.5497897824750494
method2,5.0,54.7,523.5317,-0.8295563484203191,0.5453446836001034
method2,5.0,54.8,523.6317,-0.8266299461567425,0.5408995847251576
method2,5.0,54.9,523.7317,-0.8236854410718824,0.5364657367199746
method2,5.0,55.0,523.8317,-0.8207409359870224,0.5320318887147915
method2,5.0,55.1,523.9317,-0.8177783712707595,0.5276093652879185
method2,5.0,55.2,524.0317,-0.8148158065544966,0.5231868418610454
method2,5.0,55.3,524.1317,-0.8118352256967619,0.5187757165554941
method2,5.0,55.4,524.2317,-0.8088546448390271,0.5143645912499426
method2,5.0,55.5,524.3317,-0.8058560916291705,0.509964937441977
method2,5.0,55.6,524.4317,-0.8028575384193138,0.5055652836340114
method2,5.0,55.7,524.5317,-0.7998410569454726,0.5011771745319363
method2,5.0,55.8,524.6317,-0.7968245754716314,0.4967890654298616
method2,5.0,55.9,524.7317,-0.7937902101200743,0.4924125740727896
method2,5.0,56.0,524.8317,-0.7907558447685172,0.4880360827157175
method2,5.0,56.1,524.9317,-0.7877036402230104,0.48367128197237347
method2,5.0,56.2,525.0317,-0.7846514356775035,0.4793064812290294
method2,5.0,56.3,525.1317,-0.7815814369186463,0.47495344379652316
method2,5.0,56.4,525.2317,-0.7785114381597891,0.47060040636401657
method2,5.0,56.5,525.3317,-0.7754236904643586,0.4662592047666405
method2,5.0,56.6,525.4317,-0.7723359427689279,0.46191800316926446
method2,5.0,56.7,525.5317,-0.7692304917092241,0.4575887097572939
method2,5.0,56.8,525.6317,-0.7661250406495205,0.45325941634532363
method2,5.0,56.9,525.7317,-0.7630019320926849,0.4489421032937976
method2,5.0,57.0,525.8317,-0.7598788235358492,0.4446247902422716
method2,5.0,57.1,525.9317,-0.7567381036432058,0.44031952954980946
method2,5.0,57.2,526.0317,-0.7535973837505625,0.4360142688573474
method2,5.0,57.3,526.1317,-0.750439098976929,0.43172113234493514
method2,5.0,57.4,526.2317,-0.7472808142032951,0.4274279958325225
method2,5.0,57.5,526.3317,-0.744105011296303,0.42314705514232
method2,5.0,57.6,526.4317,-0.7409292083893109,0.4188661144521175
method2,5.0,57.7,526.5317,-0.737735934388728,0.41459744104627694
method2,5.0,57.8,526.6317,-0.7345426603881454,0.41032876764043663
method2,5.0,57.9,526.7317,-0.7313319626251663,0.4060724327998916
method2,5.0,58.0,526.8317,-0.7281212648621871,0.4018160979593466
method2,5.0,58.1,526.9317,-0.7248931909587544,0.39757217278264445
method2,5.0,58.2,527.0317,-0.7216651170553215,0.39332824760594237
method2,5.0,58.3,527.1317,-0.718419714923407,0.3890968030080411
method2,5.0,58.4,527.2317,-0.7151743127914921,0.3848653584101395
method2,5.0,58.5,527.3317,-0.7119116306323989,0.3806464651212325
method2,5.0,58.6,527.4317,-0.7086489484733058,0.3764275718323255
method2,5.0,58.7,527.5317,-0.7053690347769616,0.3722213003966694
method2,5.0,58.8,527.6317,-0.7020891210806175,0.3680150289610136
method2,5.0,58.9,527.7317,-0.6987920246248434,0.3638214497357321
method2,5.0,59.0,527.8317,-0.6954949281690691,0.3596278705104506
method2,5.0,59.1,527.9317,-0.6921806980188758,0.355447053664382
method2,5.0,59.2,528.0317,-0.6888664678686826,0.35126623681831337
method2,5.0,59.3,528.1317,-0.6855351533755295,0.3470982523308191
method2,5.0,59.4,528.2317,-0.6822038388823762,0.3429302678433245
method2,5.0,59.5,528.3317,-0.6788554896834464,0.33877518550312746
method2,5.0,59.6,528.4317,-0.6755071404845168,0.3346201031629305
method2,5.0,59.7,528.5317,-0.6721418065019881,0.3304779925669594
method2,5.0,59.8,528.6317,-0.6687764725194595,0.3263358819709886
method2,5.0,59.9,528.7317,-0.6653942039597494,0.3222068125231936
method2,5.0,60.0,528.8317,-0.6620119354000391,0.31807774307539866
method2,5.0,60.1,528.9317,-0.6586127827530773,0.31396178398561203
method2,5.0,60.2,529.0317,-0.6552136301061156,0.3098458248958254
method2,5.0,60.3,529.1317,-0.6517976441445774,0.3057430451785876
method2,5.0,60.4,529.2317,-0.6483816581830392,0.3016402654613494
method2,5.0,60.5,529.3317,-0.6449488899615995,0.2975507339347585
method2,5.0,60.6,529.4317,-0.6415161217401598,0.29346120240816753
method2,5.0,60.7,529.5317,-0.6380666225947396,0.2893849876927394
method2,5.0,60.8,529.6317,-0.6346171234493194,0.28530877297731155
method2,5.0,60.9,529.7317,-0.6311509449963058,0.28124594349480964
method2,5.0,61.0,529.8317,-0.627684766543292,0.2771831140123077
method2,5.0,61.1,529.9317,-0.6242019606787877,0.27313373798461904
method2,5.0,61.2,530.0317,-0.6207191548142835,0.2690843619569304
method2,5.0,61.3,530.1317,-0.6172197737133189,0.26504850740490404
method2,5.0,61.4,530.2317,-0.6137203926123542,0.26101265285287745
method2,5.0,61.5,530.3317,-0.610204488728114,0.256990387595193
method2,5.0,61.6,530.4317,-0.6066885848438738,0.25296812233750854
method2,5.0,61.7,530.5317,-0.6031562109069225,0.2489595139895449
method2,5.0,61.8,530.6317,-0.5996238369699716,0.2449509056415816
method2,5.0,61.9,530.7317,-0.5960750459874518,0.24095602161426716
method2,5.0,62.0,530.8317,-0.5925262550049321,0.23696113758695272
method2,5.0,62.1,530.9317,-0.5889611002597863,0.2329800450856556
method2,5.0,62.2,531.0317,-0.5853959455146405,0.22899895258435846
method2,5.0,62.3,531.1317,-0.581814480564804,0.22503171860773608
method2,5.0,62.4,531.2317,-0.5782330156149672,0.22106448463111342
method2,5.0,62.5,531.3317,-0.5746352942925695,0.2171111759700015
method2,5.0,62.6,531.4317,-0.5710375729701717,0.2131578673088896
method2,5.0,62.7,531.5317,-0.56742364938074,0.20921855054518243
method2,5.0,62.8,531.6317,-0.5638097257913085,0.20527923378147556
method2,5.0,62.9,531.7317,-0.5601796543129393,0.20135397528699517
method2,5.0,63.0,531.8317,-0.5565495828345699,0.19742871679251478
method2,5.0,63.1,531.9317,-0.5529034181171352,0.19351758272791011
method2,5.0,63.2,532.0317,-0.5492572533997004,0.18960644866330545
method2,5.0,63.3,532.1317,-0.5455950503640106,0.18570950497692756
method2,5.0,63.4,532.2317,-0.5419328473283204,0.1818125612905494
method2,5.0,63.5,532.3317,-0.5382546611653055,0.177929873717346
method2,5.0,63.6,532.4317,-0.5345764750022907,0.1740471861441426
method2,5.0,63.7,532.5317,-0.5308823611721815,0.17017882020456196
method2,5.0,63.8,532.6317,-0.5271882473420726,0.16631045426498156
method2,5.0,63.9,532.7317,-0.5234782615735497,0.16245647526385168
method2,5.0,64.0,532.8317,-0.5197682758050269,0.1586024962627218
method2,5.0,64.1,532.9317,-0.5160424740944024,0.1547629692881704
method2,5.0,64.2,533.0317,-0.5123166723837774,0.15092344231361846
method2,5.0,64.3,533.1317,-0.5085751109941365,0.14709843223595956
method2,5.0,64.4,533.2317,-0.5048335496044951,0.14327342215830008
method2,5.0,64.5,533.3317,-0.501076285064856,0.13946299362894998
method2,5.0,64.6,533.4317,-0.4973190205252169,0.13565256509959991
method2,5.0,64.7,533.5317,-0.4935461096296844,0.13185678254999247
method2,5.0,64.8,533.6317,-0.48977319873415254,0.12806100000038553
method2,5.0,64.9,533.7317,-0.4859846985410529,0.12427992764086992
method2,5.0,65.0,533.8317,-0.48219619834795385,0.12049885528135486
method2,5.0,65.1,533.9317,-0.47839216617898694,0.11673255710013443
method2,5.0,65.2,534.0317,-0.4745881340100194,0.11296625891891347
method2,5.0,65.3,534.1317,-0.47076862744938053,0.10921479868094253
method2,5.0,65.4,534.2317,-0.46694912088874113,0.10546333844297107
method2,5.0,65.5,534.3317,-0.46311419778225704,0.10172677968889444
method2,5.0,65.6,534.4317,-0.4592792746757729,0.09799022093481785
method2,5.0,65.7,534.5317,-0.45542899313004,0.09426862697989648
method2,5.0,65.8,534.6317,-0.45157871158430757,0.09054703302497563
method2,5.0,65.9,534.7317,-0.44771312996579343,0.0868404669580079
method2,5.0,66.0,534.8317,-0.4438475483472798,0.08313390089104071
method2,5.0,66.1,534.9317,-0.4399667252814629,0.0794424255733109
method2,5.0,66.2,535.0317,-0.43608590221564547,0.07575095025558057
method2,5.0,66.3,535.1317,-0.43218989658611107,0.07207462831978002
method2,5.0,66.4,535.2317,-0.4282938909565761,0.06839830638397894
method2,5.0,66.5,535.3317,-0.4243827619041295,0.0647372002331563
method2,5.0,66.6,535.4317,-0.4204716328516829,0.061076094082333665
method2,5.0,66.7,535.5317,-0.4165454397734679,0.05743026588884118
method2,5.0,66.8,535.6317,-0.41261924669525357,0.05378443769534922
method2,5.0,66.9,535.7317,-0.4086780492438314,0.05015394939978187
method2,5.0,67.0,535.8317,-0.4047368517924097,0.04652346110421505
method2,5.0,67.1,535.9317,-0.40078070987487535,0.042908374414372626
method2,5.0,67.2,536.0317,-0.39682456795734045,0.03929328772452969
method2,5.0,67.3,536.1317,-0.39285354173440107,0.03569366411436066
method2,5.0,67.4,536.2317,-0.38888251551146114,0.032094040504191124
method2,5.0,67.5,536.3317,-0.384896665396524,0.028509941212754297
method2,5.0,67.6,536.4317,-0.3809108152815869,0.024925841921317488
method2,5.0,67.7,536.5317,-0.3769102019398549,0.021357327951751093
method2,5.0,67.8,536.6317,-0.37290958859812356,0.017788813982185205
method2,5.0,67.9,536.7317,-0.36889427294565885,0.01423594610066104
method2,5.0,68.0,536.8317,-0.36487895729319475,0.01068307821913739
method2,5.0,68.1,536.9317,-0.3608490004960109,0.00714591695384359
method2,5.0,68.2,537.0317,-0.35681904369882644,0.0036087556885492896
method2,5.0,68.3,537.1317,-0.3527745071719386,8.736132864612008e-05
method2,5.0,68.4,537.2317,-0.3487299706450502,-0.00343403303125755
method2,5.0,68.5,537.3317,-0.344670916051553,-0.006939600436652874
method2,5.0,68.6,537.4317,-0.34061186145805583,-0.010445167842048192
method2,5.0,68.7,537.5317,-0.33653835070819343,-0.013934848484872746
method2,5.0,68.8,537.6317,-0.33246483995833154,-0.017424529127696802
method2,5.0,68.9,537.7317,-0.32837693520853684,-0.020898263441975984
method2,5.0,69.0,537.8317,-0.3242890304587427,-0.024371997756254666
method2,5.0,69.1,537.9317,-0.3201867941107098,-0.027829726419098432
method2,5.0,69.2,538.0317,-0.3160845577626764,-0.03128745508194269
method2,5.0,69.3,538.1317,-0.3119680524623936,-0.03472911901456971
method2,5.0,69.4,538.2317,-0.30785154716211016,-0.038170782947197224
method2,5.0,69.5,538.3317,-0.3037208357989145,-0.04159632331593065
method2,5.0,69.6,538.4317,-0.2995901244357188,-0.04502186368466407
method2,5.0,69.7,538.5317,-0.29544527014134386,-0.04843122190192988
method2,5.0,69.8,538.6317,-0.2913004158469696,-0.05184058011919521
method2,5.0,69.9,538.7317,-0.2871414819945653,-0.05523369784453391
method2,5.0,70.0,538.8317,-0.2829825481421616,-0.05862681556987212
method2,5.0,70.1,538.9317,-0.2788095983453458,-0.06200363471091616
method2,5.0,70.2,539.0317,-0.27463664854852937,-0.06538045385196067
method2,5.0,70.3,539.1317,-0.2704497466604016,-0.06874091656543863
method2,5.0,70.4,539.2317,-0.2662628447722732,-0.07210137927891705
method2,5.0,70.5,539.3317,-0.2620620548844485,-0.07544542797163456
method2,5.0,70.6,539.4317,-0.25786126499662376,-0.07878947666435204
method2,5.0,70.7,539.5317,-0.2536466514382544,-0.08211705399416963
method2,5.0,70.8,539.6317,-0.2494320378798856,-0.08544463132398673
method2,5.0,70.9,539.7317,-0.2452036652166683,-0.08875568020081054
method2,5.0,71.0,539.8317,-0.2409752925534516,-0.09206672907763387
method2,5.0,71.1,539.9317,-0.2367332255866578,-0.09536119266437518
method2,5.0,71.2,540.0317,-0.2324911586198634,-0.09865565625111697
method2,5.0,71.3,540.1317,-0.2282354623853286,-0.10193347796467778
method2,5.0,71.4,540.2317,-0.2239797661507932,-0.10521129967823907
method2,5.0,71.5,540.3317,-0.2197105059179295,-0.10847242319047451
method2,5.0,71.6,540.4317,-0.21544124568506579,-0.11173354670270992
method2,5.0,71.7,540.5317,-0.2111584869558709,-0.11497791594138647
method2,5.0,71.8,540.6317,-0.2068757282266766,-0.11822228518006254
method2,5.0,71.9,540.7317,-0.2025795367347168,-0.12144984432982442
method2,5.0,72.0,540.8317,-0.19828334524275756,-0.12467740347958584
method2,5.0,72.1,540.9317,-0.19397378695217676,-0.1278880969829019
method2,5.0,72.2,541.0317,-0.18966422866159538,-0.13109879048621845
method2,5.0,72.3,541.1317,-0.18534136976608462,-0.13429256304434806
method2,5.0,72.4,541.2317,-0.18101851087057322,-0.13748633560247808
method2,5.0,72.5,541.3317,-0.176682417792366,-0.1406631321764075
method2,5.0,72.6,541.4317,-0.17234632471415876,-0.14383992875033688
method2,5.0,72.7,541.5317,-0.16799706410302137,-0.14699969456172096
method2,5.0,72.8,541.6317,-0.1636478034918846,-0.15015946037310457
method2,5.0,72.9,541.7317,-0.15928544222407476,-0.1533021409052174
method2,5.0,73.0,541.8317,-0.1549230809562655,-0.15644482143732977
method2,5.0,73.1,541.9317,-0.15054768613352376,-0.15957036243598688
method2,5.0,73.2,542.0317,-0.14617229131078138,-0.16269590343464443
method2,5.0,73.3,542.1317,-0.14178393025928263,-0.16580425090915005
method2,5.0,73.4,542.2317,-0.13739556920778326,-0.1689125983836561
method2,5.0,73.5,542.3317,-0.1329943094771135,-0.172003698607718
method2,5.0,73.6,542.4317,-0.12859304974644375,-0.17509479883177986
method2,5.0,73.7,542.5317,-0.12417895910856837,-0.17816859834443344
method2,5.0,73.8,542.6317,-0.11976486847069362,-0.18124239785708657
method2,5.0,73.9,542.7317,-0.11533801491889524,-0.18429884346362488
method2,5.0,74.0,542.8317,-0.11091116136709747,-0.18735528907016272
method2,5.0,74.1,542.9317,-0.10647161311495273,-0.19039432784303836
method2,5.0,74.2,543.0317,-0.10203206486280736,-0.19343336661591443
method2,5.0,74.3,543.1317,-0.09757989034311879,-0.1964549458956616
method2,5.0,74.4,543.2317,-0.09312771582342956,-0.19947652517540915
method2,5.0,74.5,543.3317,-0.08866298368718209,-0.2024805925715465
method2,5.0,74.6,543.4317,-0.08419825155093462,-0.20548465996768386
method2,5.0,74.7,543.5317,-0.07972103066624041,-0.20847116335961194
method2,5.0,74.8,543.6317,-0.07524380978154684,-0.2114576667515396
method2,5.0,74.9,543.7317,-0.07075416923257268,-0.21442655428945434
method2,5.0,75.0,543.8317,-0.06626452868359915,-0.21739544182736867
method2,5.0,75.1,543.9317,-0.06176253776952077,-0.22034666193313585
method2,5.0,75.2,544.0317,-0.05726054685544176,-0.2232978820389034
method2,5.0,75.3,544.1317,-0.05274627508935694,-0.22623138340696808
method2,5.0,75.4,544.2317,-0.04823200332327148,-0.22916488477503316
method2,5.0,75.5,544.3317,-0.04370552043113365,-0.232080616373297
method2,5.0,75.6,544.4317,-0.039179037538995806,-0.23499634797156083
method2,5.0,75.7,544.5317,-0.0346404134585482,-0.2378942590422609
method2,5.0,75.8,544.6317,-0.030101789378101245,-0.24079217011296059
method2,5.0,75.9,544.7317,-0.025551094257783156,-0.2436722101735563
method2,5.0,76.0,544.8317,-0.021000399137465705,-0.24655225023415164
method2,5.0,76.1,544.9317,-0.016437703335346703,-0.24941436907818682
method2,5.0,76.2,545.0317,-0.01187500753322705,-0.2522764879222224
method2,5.0,76.3,545.1317,-0.007300381615899625,-0.2551206356202086
method2,5.0,76.4,545.2317,-0.0027257556985715494,-0.25796478331819517
method2,5.0,76.5,545.3317,0.0018607295599267805,-0.260790910218466
method2,5.0,76.6,545.4317,0.006447214818425117,-0.2636170371187368
method2,5.0,76.7,545.5317,0.011045488437700358,-0.2664250938483114
method2,5.0,76.8,545.6317,0.015643762056974944,-0.2692331505778856
method2,5.0,76.9,545.7317,0.02025375285138806,-0.2720230880433263
method2,5.0,77.0,545.8317,0.024863743645800525,-0.2748130255087666
method2,5.0,77.1,545.9317,0.029485380225549113,-0.2775847948970278
method2,5.0,77.2,546.0317,0.03410701680529836,-0.2803565642852894
method2,5.0,77.3,546.1317,0.038740227577544695,-0.2831101170645721
method2,5.0,77.4,546.2317,0.04337343834979168,-0.28586366984385525
method2,5.0,77.5,546.3317,0.04801815151975665,-0.288598957764446
method2,5.0,77.6,546.4317,0.052662864689721624,-0.2913342456850368
method2,5.0,77.7,546.5317,0.05731900826178906,-0.2940512207801434
method2,5.0,77.8,546.6317,0.06197515183385584,-0.2967681958752496
method2,5.0,77.9,546.7317,0.06664265361270448,-0.29946681046184276
method2,5.0,78.0,546.8317,0.07131015539155247,-0.3021654250484355
method2,5.0,78.1,546.9317,0.07598894298325744,-0.3048456317280728
method2,5.0,78.2,547.0317,0.08066773057496307,-0.30752583840771036
method2,5.0,78.3,547.1317,0.08535773138813524,-0.3101875900673691
method2,5.0,78.4,547.2317,0.09004773220130807,-0.3128493417270282
method2,5.0,78.5,547.3317,0.09474887344820684,-0.315492591539923
method2,5.0,78.6,547.4317,0.09945001469510564,-0.3181358413528177
method2,5.0,78.7,547.5317,0.10416222339276332,-0.32076054277921134
method2,5.0,78.8,547.6317,0.10887443209042033,-0.3233852442056046
method2,5.0,78.9,547.7317,0.11359763506179284,-0.32599135099363624
method2,5.0,79.0,547.8317,0.11832083803316469,-0.32859745778166743
method2,5.0,79.1,547.9317,0.12305496190824383,-0.33118492396814175
method2,5.0,79.2,548.0317,0.12778908578332365,-0.3337723901546164
method2,5.0,79.3,548.1317,0.13253405700029583,-0.33634117006582415
method2,5.0,79.4,548.2317,0.13727902821726864,-0.3389099499770323
method2,5.0,79.5,548.3317,0.142034773023646,-0.34145999822954
method2,5.0,79.6,548.4317,0.14679051783002336,-0.34401004648204775
method2,5.0,79.7,548.5317,0.15155696228378818,-0.34654131798349236
method2,5.0,79.8,548.6317,0.15632340673755232,-0.3490725894849367
method2,5.0,79.9,548.7317,0.16110047670831684,-0.3515850394348227
method2,5.0,80.0,548.8317,0.16587754667908072,-0.3540974893847084
method2,5.0,80.1,548.9317,0.17066516784921937,-0.3565910732751827
method2,5.0,80.2,549.0317,0.1754527890193587,-0.35908465716565735
method2,5.0,80.3,549.1317,0.18025088688518381,-0.3615593307822997
method2,5.0,80.4,549.2317,0.18504898475100964,-0.3640340043989423
method2,5.0,80.5,549.3317,0.189857484623924,-0.3664897238215395
method2,5.0,80.6,549.4317,0.19466598449683836,-0.36894544324413664
method2,5.0,80.7,549.5317,0.1994848115044857,-0.37138216484745185
method2,5.0,80.8,549.6317,0.20430363851213232,-0.37381888645076666
method2,5.0,80.9,549.7317,0.20913271759957938,-0.37623656690530816
method2,5.0,81.0,549.8317,0.21396179668702575,-0.37865424735984937
method2,5.0,81.1,549.9317,0.2188010526179094,-0.3810528436326312
method2,5.0,81.2,550.0317,0.2236403085487937,-0.38345143990541336
method2,5.0,81.3,550.1317,0.2284896659065183,-0.38583090926071967
method2,5.0,81.4,550.2317,0.2333390232642436,-0.3882103786160263
method2,5.0,81.5,550.3317,0.23819840645314,-0.390570678616161
method2,5.0,81.6,550.4317,0.2430577896420364,-0.39293097861629567
method2,5.0,81.7,550.5317,0.2479271228885317,-0.3952720671223268
method2,5.0,81.8,550.6317,0.2527964561350263,-0.39761315562835764
method2,5.0,81.9,550.7317,0.25767566348884535,-0.39993499080087014
method2,5.0,82.0,550.8317,0.26255487084266377,-0.40225682597338236
method2,5.0,82.1,550.9317,0.2674438761779914,-0.40455936627320915
method2,5.0,82.2,551.0317,0.27233288151331975,-0.40686190657303634
method2,5.0,82.3,551.1317,0.27723160853001033,-0.40914511076200216
method2,5.0,82.4,551.2317,0.28213033554670164,-0.4114283149509683
method2,5.0,82.5,551.3317,0.287038707771452,-0.4136921420926135
method2,5.0,82.6,551.4317,0.2919470799962024,-0.4159559692342586
method2,5.0,82.7,551.5317,0.2968650207837442,-0.41820037869456284
method2,5.0,82.8,551.6317,0.30178296157128526,-0.4204447881548667
method2,5.0,82.9,551.7317,0.3067103941055974,-0.42266973960297816
method2,5.0,83.0,551.8317,0.31163782663990885,-0.4248946910510893
method2,5.0,83.1,551.9317,0.3165746739353959,-0.42710014446003164
method2,5.0,83.2,552.0317,0.3215115212308837,-0.4293055978689743
method2,5.0,83.3,552.1317,0.3264577061335968,-0.43149151351636467
method2,5.0,83.4,552.2317,0.3314038910363106,-0.4336774291637554
method2,5.0,83.5,552.3317,0.336359336225141,-0.435843767632508
method2,5.0,83.6,552.4317,0.34131478141397137,-0.4380101061012606
method2,5.0,83.7,552.5317,0.3462794094018577,-0.4401568282802858
method2,5.0,83.8,552.6317,0.3512440373897433,-0.4423035504593107
method2,5.0,83.9,552.7317,0.3562177705248959,-0.4444306175442201
method2,5.0,84.0,552.8317,0.3611915036600478,-0.4465576846291292
method2,5.0,84.1,552.9317,0.36617426412713944,-0.44866505812291607
method2,5.0,84.2,553.0317,0.3711570245942317,-0.4507724316167033
method2,5.0,84.3,553.1317,0.3761487344156383,-0.4528600733304397
method2,5.0,84.4,553.2317,0.3811404442370456,-0.4549477150441764
method2,5.0,84.5,553.3317,0.386141025274056,-0.457015587097696
method2,5.0,84.6,553.4317,0.3911416063110664,-0.45908345915121557
method2,5.0,84.7,553.5317,0.3961509802650987,-0.4611315239737818
method2,5.0,84.8,553.6317,0.40116035421913027,-0.46317958879634774
method2,5.0,84.9,553.7317,0.4061784426329699,-0.46520780912733756
method2,5.0,85.0,553.8317,0.4111965310468088,-0.46723602945832715
method2,5.0,85.1,553.9317,0.41622325530581794,-0.4692443683478881
method2,5.0,85.2,554.0317,0.42124997956482774,-0.4712527072374493
method2,5.0,85.3,554.1317,0.4262852608982018,-0.4732411280471767
method2,5.0,85.4,554.2317,0.43132054223157656,-0.47522954885690444
method2,5.0,85.5,554.3317,0.436364301713563,-0.477198015260487
method2,5.0,85.6,554.4317,0.44140806119554943,-0.47916648166406955
method2,5.0,85.7,554.5317,0.4464602197466767,-0.48111495764794826
method2,5.0,85.8,554.6317,0.4515123782978033,-0.48306343363182674
method2,5.0,85.9,554.7317,0.45657285668613895,-0.48499188349584405
method2,5.0,86.0,554.8317,0.4616333350744739,-0.4869203333598611
method2,5.0,86.1,554.9317,0.46670205391684844,-0.48882872171789954
method2,5.0,86.2,555.0317,0.47177077275922374,-0.4907371100759383
method2,5.0,86.3,555.1317,0.4768476525224928,-0.4926254018565682
method2,5.0,86.4,555.2317,0.48192453228576254,-0.49451369363719844
method2,5.0,86.5,555.3317,0.4870094932880445,-0.49638185408430396
method2,5.0,86.6,555.4317,0.49209445429032644,-0.4982500145314095
method2,5.0,86.7,555.5317,0.49718741670224426,-0.5000980092048173
method2,5.0,86.8,555.6317,0.5022803791141612,-0.5019460038782247
method2,5.0,86.9,555.7317,0.5073812629601184,-0.5037737986543345
method2,5.0,87.0,555.8317,0.5124821468060748,-0.505601593430444
method2,5.0,87.1,555.9317,0.5175908719654849,-0.5074091545028385
method2,5.0,87.2,556.0317,0.5226995971248958,-0.5092167155752332
method2,5.0,87.3,556.1317,0.5278160833334608,-0.5110040094553002
method2,5.0,87.4,556.2317,0.5329325695420265,-0.5127913033353675
method2,5.0,87.5,556.3317,0.5380567363929875,-0.514558296852905
method2,5.0,87.6,556.4317,0.5431809032439484,-0.5163252903704424
method2,5.0,87.7,556.5317,0.5483126701893467,-0.5180719506742603
method2,5.0,87.8,556.6317,0.5534444371347442,-0.5198186109780778
method2,5.0,87.9,556.7317,0.5585837234866999,-0.5215449055366025
method2,5.0,88.0,556.8317,0.5637230098386549,-0.523271200095127
method2,5.0,88.1,556.9317,0.568869734770613,-0.524977096696988
method2,5.0,88.2,557.0317,0.5740164597025718,-0.5266829932988493
method2,5.0,88.3,557.1317,0.5791705422505953,-0.5283684600534753
method2,5.0,88.4,557.2317,0.5843246247986196,-0.5300539268081016
method2,5.0,88.5,557.3317,0.5894859838626569,-0.5317189321463005
method2,5.0,88.6,557.4317,0.5946473429266944,-0.5333839374844994
method2,5.0,88.7,557.5317,0.5998158972718427,-0.5350284501590368
method2,5.0,88.8,557.6317,0.6049844516169902,-0.5366729628335738
method2,5.0,88.9,557.7317,0.6101601198747915,-0.5382969519197485
method2,5.0,89.0,557.8317,0.615335788132592,-0.5399209410059229
method2,5.0,89.1,557.9317,0.6205184888022925,-0.5415243759021305
method2,5.0,89.2,558.0317,0.6257011894719938,-0.5431278107983383
method2,5.0,89.3,558.1317,0.6308908409218533,-0.5447106612266438
method2,5.0,89.4,558.2317,0.6360804923717136,-0.5462935116549495
method2,5.0,89.5,558.3317,0.641277012840276,-0.547855747661639
method2,5.0,89.6,558.4317,0.6464735333088384,-0.5494179836683284
method2,5.0,89.7,558.5317,0.6516768409062097,-0.5509595756244616
method2,5.0,89.8,558.6317,0.6568801485035802,-0.5525011675805948
method2,5.0,89.9,558.7317,0.6620901612127414,-0.5540220861825584
method2,5.0,90.0,558.8317,0.667300173921902,-0.5555430047845219
method2,5.0,90.1,558.9317,0.672516809599979,-0.5570432210545669
method2,5.0,90.2,559.0317,0.6777334452780568,-0.5585434373246122
method2,5.0,90.3,559.1317,0.6829566216576377,-0.5600229226113983
method2,5.0,90.4,559.2317,0.6881797980372195,-0.5615024078981845
method2,5.0,90.5,559.3317,0.693409432727636,-0.562961133877308
method2,5.0,90.6,559.4317,0.6986390674180525,-0.5644198598564314
method2,5.0,90.7,559.5317,0.7038750779066762,-0.5658577985309506
method2,5.0,90.8,559.6317,0.7091110883952992,-0.5672957372054698
method2,5.0,90.9,559.7317,0.7143533920488625,-0.5687128609064369
method2,5.0,91.0,559.8317,0.719595695702425,-0.5701299846074038
method2,5.0,91.1,559.9317,0.7248442097683004,-0.571526265994372
method2,5.0,91.2,560.0317,0.7300927238341768,-0.5729225473813402
method2,5.0,91.3,560.1317,0.7353473654417058,-0.5742979594428813
method2,5.0,91.4,560.2317,0.7406020070492355,-0.5756733715044225
method2,5.0,91.5,560.3317,0.7458626932110225,-0.5770278875586345
method2,5.0,91.6,560.4317,0.7511233793728095,-0.5783824036128463
method2,5.0,91.7,560.5317,0.7563900269860323,-0.5797159973078497
method2,5.0,91.8,560.6317,0.7616566745992542,-0.5810495910028528
method2,5.0,91.9,560.7317,0.766929200446991,-0.5823622363172943
method2,5.0,92.0,560.8317,0.7722017262947269,-0.5836748816317358
method2,5.0,92.1,560.9317,0.7774800470472455,-0.5849665528752729
method2,5.0,92.2,561.0317,0.7827583677997648,-0.5862582241188102
method2,5.0,92.3,561.1317,0.7880424000158642,-0.5875288959326013
method2,5.0,92.4,561.2317,0.7933264322319644,-0.5887995677463926
method2,5.0,92.5,561.3317,0.7986160923602865,-0.5900492151035794
method2,5.0,92.6,561.4317,0.8039057524886085,-0.5912988624607664
method2,5.0,92.7,561.5317,0.8092009568689468,-0.5925274606669422
method2,5.0,92.8,561.6317,0.8144961612492843,-0.5937560588731178
method2,5.0,92.9,561.7317,0.819796826113926,-0.5949635835668079
method2,5.0,93.0,561.8317,0.825097490978567,-0.5961711082604977
method2,5.0,93.1,561.9317,0.830403532453595,-0.5973575354136119
method2,5.0,93.2,562.0317,0.8357095739286238,-0.5985439625667262
method2,5.0,93.3,562.1317,0.8410209080352703,-0.5997092684850319
method2,5.0,93.4,562.2317,0.8463322421419175,-0.6008745744033377
method2,5.0,93.5,562.3317,0.85164878479788,-0.602018735726908
method2,5.0,93.6,562.4317,0.8569653274538426,-0.6031628970504783
method2,5.0,93.7,562.5317,0.8622869944746018,-0.6042858907541366
method2,5.0,93.8,562.6317,0.8676086614953602,-0.6054088844577948
method2,5.0,93.9,562.7317,0.872935368595538,-0.6065106878515683
method2,5.0,94.0,562.8317,0.878262075695715,-0.6076124912453417
method2,5.0,94.1,562.9317,0.883593738490386,-0.6086930819748918
method2,5.0,94.2,563.0317,0.8889254012850578,-0.6097736727044422
method2,5.0,94.3,563.1317,0.8942619352911088,-0.6108330287515039
method2,5.0,94.4,563.2317,0.8995984692971605,-0.6118923847985657
method2,5.0,94.5,563.3317,0.904939789934613,-0.612930484481372
method2,5.0,94.6,563.4317,0.9102811105720655,-0.6139685841641783
method2,5.0,94.7,563.5317,0.9156271331654118,-0.6149854061378821
method2,5.0,94.8,563.6317,0.9209731557587573,-0.6160022281115859
method2,5.0,94.9,563.7317,0.926323795538324,-0.6169977513686803
method2,5.0,95.0,563.8317,0.93167443531789,-0.6179932746257746
method2,5.0,95.1,563.9317,0.937029607421159,-0.6189674784965032
method2,5.0,95.2,564.0317,0.9423847795244288,-0.6199416823672321
method2,5.0,95.3,564.1317,0.9477443989973993,-0.6208945465199949
method2,5.0,95.4,564.2317,0.9531040184703704,-0.6218474106727577
method2,5.0,95.5,564.3317,0.9584680002689006,-0.6227789151145154
method2,5.0,95.6,564.4317,0.9638319820674306,-0.6237104195562733
method2,5.0,95.7,564.5317,0.9692002410585813,-0.6246205446329371
method2,5.0,95.8,564.6317,0.9745685000497312,-0.6255306697096009
method2,5.0,95.9,564.7317,0.9799409510131329,-0.6264193961064317
method2,5.0,96.0,564.8317,0.985313401976534,-0.6273081225032624
method2,5.0,96.1,564.9317,0.9906899596057155,-0.6281754312452458
method2,5.0,96.2,565.0317,0.9960665172348978,-0.6290427399872291
method2,5.0,96.3,565.1317,1.0014470961386628,-0.6298886124394629
method2,5.0,96.4,565.2317,1.0068276750424285,-0.6307344848916968
method2,5.0,96.5,565.3317,1.0122121897462102,-0.6315589027597635
method2,5.0,96.6,565.4317,1.0175967044499916,-0.6323833206278302
method2,5.0,96.7,565.5317,1.0229850693971907,-0.6331862659581631
method2,5.0,96.8,565.6317,1.0283734343443893,-0.6339892112884958
method2,5.0,96.9,565.7317,1.0337655638977565,-0.6347706664687451
method2,5.0,97.0,565.8317,1.039157693451123,-0.6355521216489944
method2,5.0,97.1,565.9317,1.0445535018940966,-0.6363120694083841
method2,5.0,97.2,566.0317,1.0499493103370707,-0.6370720171677741
method2,5.0,97.3,566.1317,1.0553487118751643,-0.6378104405774554
method2,5.0,97.4,566.2317,1.0607481134132584,-0.6385488639871367
method2,5.0,97.5,566.3317,1.066151022175415,-0.639265746460536
method2,5.0,97.6,566.4317,1.0715539309375715,-0.6399826289339352
method2,5.0,97.7,566.5317,1.0769602609775157,-0.6406779542270916
method2,5.0,97.8,566.6317,1.0823665910174594,-0.6413732795202479
method2,5.0,97.9,566.7317,1.0877762563150914,-0.6420470317321557
method2,5.0,98.0,566.8317,1.093185921612723,-0.6427207839440633
method2,5.0,98.1,566.9317,1.0985988360754515,-0.6433729475169967
method2,5.0,98.2,567.0317,1.1040117505381806,-0.6440251110899301
method2,5.0,98.3,567.1317,1.1094278280023293,-0.6446556708097739
method2,5.0,98.4,567.2317,1.1148439054664785,-0.6452862305296178
method2,5.0,98.5,567.3317,1.12026305969864,-0.645895171526184
method2,5.0,98.6,567.4317,1.1256822139308016,-0.6465041125227502
method2,5.0,98.7,567.5317,1.1311043586292058,-0.6470914202700926
method2,5.0,98.8,567.6317,1.1365265033276093,-0.6476787280174349
method2,5.0,98.9,567.7317,1.1419515521235064,-0.6482443883341601
method2,5.0,99.0,567.8317,1.147376600919403,-0.6488100486508853
method2,5.0,99.1,567.9317,1.1528044673784414,-0.6493540477004531
method2,5.0,99.2,568.0317,1.1582323338374807,-0.6498980467500212
method2,5.0,99.3,568.1317,1.1636629314610742,-0.6504203710410464
method2,5.0,99.4,568.2317,1.1690935290846685,-0.6509426953320719
method2,5.0,99.5,568.3317,1.174526771311375,-0.651443331718613
method2,5.0,99.6,568.4317,1.1799600135380817,-0.6519439681051541
method2,5.0,99.7,568.5317,1.1853958137450007,-0.6524229037870026
method2,5.0,99.8,568.6317,1.1908316139519193,-0.6529018394688509
method2,5.0,99.9,568.7317,1.1962698854560565,-0.6533590619918117
method2,5.0,100.0,568.8317,1.201708156960193,-0.6538162845147723
method2,5.0,100.1,568.9317,1.2071488130198316,-0.6542517817709397
method2,5.0,100.2,569.0317,1.2125894690794707,-0.6546872790271071
method2,5.0,100.3,569.1317,1.2180324228955892,-0.655101039255136
method2,5.0,100.4,569.2317,1.2234753767117084,-0.6555147994831649
method2,5.0,100.5,569.3317,1.22892054142934,-0.6559068112685355
method2,5.0,100.6,569.4317,1.2343657061469715,-0.6562988230539061
method2,5.0,100.7,569.5317,1.2398129948565857,-0.6566690753291815
method2,5.0,100.8,569.6317,1.2452602835661994,-0.657039327604457
method2,5.0,100.9,569.7317,1.2507096093051115,-0.6573878096495396
method2,5.0,101.0,569.8317,1.2561589350440232,-0.6577362916946222
method2,5.0,101.1,569.9317,1.2616102107977616,-0.6580629931370006
method2,5.0,101.2,570.0317,1.2670614865515006,-0.658389694579379
method2,5.0,101.3,570.1317,1.2725146252552142,-0.6586946053943695
method2,5.0,101.4,570.2317,1.2779677639589284,-0.6589995162093599
method2,5.0,101.5,570.3317,1.283422678498765,-0.659282626720348
method2,5.0,101.6,570.4317,1.2888775930386016,-0.6595657372313362
method2,5.0,101.7,570.5317,1.2943341962530908,-0.6598270381100015
method2,5.0,101.8,570.6317,1.2997907994675792,-0.660088338988667
method2,5.0,101.9,570.7317,1.3052490041490514,-0.6603278212552156
method2,5.0,102.0,570.8317,1.3107072088305232,-0.6605673035217641
method2,5.0,102.1,570.9317,1.3161669277264816,-0.6607849585451445
method2,5.0,102.2,571.0317,1.3216266466224407,-0.661002613568525
method2,5.0,102.3,571.1317,1.3270877924369642,-0.6611984330666469
method2,5.0,102.4,571.2317,1.3325489382514883,-0.6613942525647689
method2,5.0,102.5,571.3317,1.338011423646635,-0.661568228604709
method2,5.0,102.6,571.4317,1.3434739090417815,-0.661742204644649
method2,5.0,102.7,571.5317,1.3489376466389558,-0.6618943296428565
method2,5.0,102.8,571.6317,1.3544013842361293,-0.662046454641064
method2,5.0,102.9,571.7317,1.3598662866175215,-0.6621767213635591
method2,5.0,103.0,571.8317,1.365331188998913,-0.6623069880860541
method2,5.0,103.1,571.9317,1.3707971687088665,-0.662415389648618
method2,5.0,103.2,572.0317,1.3762631484188206,-0.662523791211182
method2,5.0,103.3,572.1317,1.3817301179652393,-0.6626103210795484
method2,5.0,103.4,572.2317,1.3871970875116584,-0.662696850947915
method2,5.0,103.5,572.3317,1.3926649593674298,-0.6627615029379466
method2,5.0,103.6,572.4317,1.3981328312232015,-0.662826154927978
method2,5.0,103.7,572.5317,1.4036015178275458,-0.662868923205846
method2,5.0,103.8,572.6317,1.409070204431889,-0.662911691483714
method2,5.0,103.9,572.7317,1.4145396181918215,-0.662932570566065
method2,5.0,104.0,572.8317,1.420009031951753,-0.662953449648416
method2,5.0,104.1,572.9317,1.4254790852434416,-0.6629524344025395
method2,5.0,104.2,573.0317,1.430949138535131,-0.662951419156663
method2,5.0,104.3,573.1317,1.4364197437053292,-0.6629285048006486
method2,5.0,104.4,573.2317,1.4418903488755284,-0.662905590444634
method2,5.0,104.5,573.3317,1.44736141824296,-0.6628607725475245
method2,5.0,104.6,573.4317,1.4528324876103915,-0.662815954650415
method2,5.0,104.7,573.5317,1.4583039334671708,-0.662749229132355
method2,5.0,104.8,573.6317,1.4637753793239492,-0.662682503614295
method2,5.0,104.9,573.7317,1.4692471139369716,-0.6625938667466725
method2,5.0,105.0,573.8317,1.4747188485499931,-0.6625052298790499
method2,5.0,105.1,573.9317,1.4801907841623616,-0.6623946782846339
method2,5.0,105.2,574.0317,1.485662719774731,-0.662284126690218
method2,5.0,105.3,574.1317,1.4911347686071341,-0.6621516573432855
method2,5.0,105.4,574.2317,1.4966068174395384,-0.662019187996353
method2,5.0,105.5,574.3317,1.502078891691705,-0.6618647982228185
method2,5.0,105.6,574.4317,1.5075509659438715,-0.661710408449284
method2,5.0,105.7,574.5317,1.5130229777959308,-0.661534095926817
method2,5.0,105.8,574.6317,1.5184949896479893,-0.66135778340435
method2,5.0,105.9,574.7317,1.5239668512619067,-0.6611595461624894
method2,5.0,106.0,574.8317,1.5294387128758231,-0.6609613089206289
method2,5.0,106.1,574.9317,1.5349103363967915,-0.6607411453408889
method2,5.0,106.2,575.0317,1.5403819599177608,-0.660520981761149
method2,5.0,106.3,575.1317,1.5458532574756492,-0.6602788905771265
method2,5.0,106.4,575.2317,1.5513245550335384,-0.6600367993931041
method2,5.0,106.5,575.3317,1.55679543874427,-0.6597727796905706
method2,5.0,106.6,575.4317,1.5622663224550015,-0.6595087599880369
method2,5.0,106.7,575.5317,1.5677367044219508,-0.6592228112050325
method2,5.0,106.8,575.6317,1.5732070863888992,-0.658936862422028
method2,5.0,106.9,575.7317,1.5786768787043517,-0.6586289843489449
method2,5.0,107.0,575.8317,1.584146671019803,-0.6583211062758618
method2,5.0,107.1,575.9317,1.5896157857663367,-0.6579912990555284
method2,5.0,107.2,576.0317,1.5950849005128707,-0.657661491835195
method2,5.0,107.3,576.1317,1.600553249764764,-0.657309755962944
method2,5.0,107.4,576.2317,1.6060215990166584,-0.6569580200906932
method2,5.0,107.5,576.3317,1.611489094841335,-0.656584356414436
method2,5.0,107.6,576.4317,1.6169565906660115,-0.6562106927381789
method2,5.0,107.7,576.5317,1.6224231451254156,-0.655815102458465
method2,5.0,107.8,576.6317,1.627889699584819,-0.6554195121787512
method2,5.0,107.9,576.7317,1.6333552247368566,-0.6550019968488264
method2,5.0,108.0,576.8317,1.6388207498888931,-0.6545844815189018
method2,5.0,108.1,576.9317,1.6442851577888316,-0.6541450430447598
method2,5.0,108.2,577.0317,1.6497495656887706,-0.6537056045706179
method2,5.0,108.3,577.1317,1.6552127683906692,-0.6532442452110471
method2,5.0,108.4,577.2317,1.6606759710925685,-0.6527828858514761
method2,5.0,108.5,577.3317,1.666137880650685,-0.6522996082180971
method2,5.0,108.6,577.4317,1.6715997902088016,-0.6518163305847179
method2,5.0,108.7,577.5317,1.6770603186789956,-0.6513111376420214
method2,5.0,108.8,577.6317,1.6825208471491893,-0.6508059446993251
method2,5.0,108.9,577.7317,1.6879799065903716,-0.6502788397646978
method2,5.0,109.0,577.8317,1.6934389660315532,-0.6497517348300706
method2,5.0,109.1,577.9317,1.6988964685070516,-0.6492027215738223
method2,5.0,109.2,578.0317,1.7043539709825506,-0.6486537083175739
method2,5.0,109.3,578.1317,1.7098098285615793,-0.6480827907629506
method2,5.0,109.4,578.2317,1.7152656861406084,-0.6475118732083271
method2,5.0,109.5,578.3317,1.72071981089966,-0.6469190557315235
method2,5.0,109.6,578.4317,1.7261739356587116,-0.6463262382547198
method2,5.0,109.7,578.5317,1.7316262396829658,-0.645711525584889
method2,5.0,109.8,578.6317,1.7370785437072194,-0.6450968129150582
method2,5.0,109.9,578.7317,1.7425289390919665,-0.6444602101343073
method2,5.0,110.0,578.8317,1.7479793344767132,-0.6438236073535567
method2,5.0,110.1,578.9317,1.7534277333287815,-0.6431651198969478
method2,5.0,110.2,579.0317,1.7588761321808506,-0.6425066324403389
method2,5.0,110.3,579.1317,1.7643224466200191,-0.6418262660958701
method2,5.0,110.4,579.2317,1.7697687610591883,-0.6411458997514012
method2,5.0,110.5,579.3317,1.775212903219595,-0.640443660659996
method2,5.0,110.6,579.4317,1.7806570453800015,-0.6397414215685908
method2,5.0,110.7,579.5317,1.7860989274115657,-0.6390173162240744
method2,5.0,110.8,579.6317,1.7915408094431293,-0.6382932108795581
method2,5.0,110.9,579.7317,1.7969803435129765,-0.6375472461286273
method2,5.0,111.0,579.8317,1.802419877582823,-0.6368012813776965
method2,5.0,111.1,579.9317,1.8078569758766865,-0.6360334644198903
method2,5.0,111.2,580.0317,1.8132940741705508,-0.6352656474620839
method2,5.0,111.3,580.1317,1.8187286488942143,-0.6344759858497382
method2,5.0,111.4,580.2317,1.8241632236178784,-0.6336863242373922
method2,5.0,111.5,580.3317,1.829595186998565,-0.6328748258755995
method2,5.0,111.6,580.4317,1.8350271503792515,-0.6320633275138068
method2,5.0,111.7,580.5317,1.8404564146670557,-0.6312300006603634
method2,5.0,111.8,580.6317,1.8458856789548594,-0.6303966738069201
method2,5.0,111.9,580.7317,1.8513121564241715,-0.6295415270722703
method2,5.0,112.0,580.8317,1.856738633893483,-0.6286863803376206
method2,5.0,112.1,580.9317,1.8621622368443915,-0.6278094226847938
method2,5.0,112.2,581.0317,1.8675858397953007,-0.6269324650319669
method2,5.0,112.3,581.1317,1.8730064805550144,-0.6260337057765096
method2,5.0,112.4,581.2317,1.8784271213147286,-0.6251349465210522
method2,5.0,112.5,581.3317,1.883844712239,-0.6242143953309555
method2,5.0,112.6,581.4317,1.8892623031632716,-0.6232938441408588
method2,5.0,112.7,581.5317,1.8946767566378107,-0.6223515110364779
method2,5.0,112.8,581.6317,1.9000912101123493,-0.6214091779320972
method2,5.0,112.9,581.7317,1.9055024385542365,-0.6204450732860678
method2,5.0,113.0,581.8317,1.910913666996123,-0.6194809686400384
method2,5.0,113.1,581.9317,1.9163215828552265,-0.6184951031771841
method2,5.0,113.2,582.0317,1.9217294987143307,-0.6175092377143299
method2,5.0,113.3,582.1317,1.9271340144747242,-0.6165016225115681
method2,5.0,113.4,582.2317,1.9325385302351183,-0.6154940073088063
method2,5.0,113.5,582.3317,1.9379395584165051,-0.614464653795042
method2,5.0,113.6,582.4317,1.9433405865978917,-0.6134353002812777
method2,5.0,113.7,582.5317,1.9487380397570009,-0.6123842202373033
method2,5.0,113.8,582.6317,1.9541354929161094,-0.6113331401933291
method2,5.0,113.9,582.7317,1.9595292836481315,-0.6102603457517012
method2,5.0,114.0,582.8317,1.9649230743801531,-0.6091875513100733
method2,5.0,114.1,582.9317,1.9703131153201365,-0.6080930549550032
method2,5.0,114.2,583.0317,1.9757031562601206,-0.6069985585999329
method2,5.0,114.3,583.1317,1.9810893600844193,-0.6058823731671541
method2,5.0,114.4,583.2317,1.9864755639087184,-0.6047661877343753
method2,5.0,114.5,583.3317,1.9918578433363598,-0.603628326411016
method2,5.0,114.6,583.4317,1.9972401227640015,-0.6024904650876567
method2,5.0,114.7,583.5317,2.002618390558141,-0.6013309414121049
method2,5.0,114.8,583.6317,2.0079966583522793,-0.6001714177365531
method2,5.0,114.9,583.7317,2.0133708273215865,-0.5989902455983126
method2,5.0,115.0,583.8317,2.018744996290893,-0.5978090734600723
method2,5.0,115.1,583.9317,2.0241149792909816,-0.5966062670996171
method2,5.0,115.2,584.0317,2.029484962291071,-0.5954034607391617
method2,5.0,115.3,584.1317,2.034850672225909,-0.5941790347477782
method2,5.0,115.4,584.2317,2.040216382160749,-0.5929546087563944
method2,5.0,115.5,584.3317,2.04557773198407,-0.5917085780760275
method2,5.0,115.6,584.4317,2.050939081807391,-0.5904625473956606
method2,5.0,115.7,584.5317,2.0562959845240956,-0.5891949273187482
method2,5.0,115.8,584.6317,2.061652887240799,-0.5879273072418362
method2,5.0,115.9,584.7317,2.0670052559083816,-0.5866381134111351
method2,5.0,116.0,584.8317,2.072357624575963,-0.5853489195804342
method2,5.0,116.1,584.9317,2.0777053723059065,-0.5840381679888491
method2,5.0,116.2,585.0317,2.083053120035851,-0.5827274163972638
method2,5.0,116.3,585.1317,2.0883961599950642,-0.5813951233876612
method2,5.0,116.4,585.2317,2.0937391999542787,-0.5800628303780583
method2,5.0,116.5,585.3317,2.09907744536648,-0.578709012643082
method2,5.0,116.6,585.4317,2.1044156907786813,-0.5773551949081056
method2,5.0,116.7,585.5317,2.1097490549258007,-0.5759798694899824
method2,5.0,116.8,585.6317,2.115082419072919,-0.5746045440718592
method2,5.0,116.9,585.7317,2.1204108152965566,-0.5732077283621981
method2,5.0,117.0,585.8317,2.125739211520193,-0.5718109126525373
method2,5.0,117.1,585.9317,2.1310625532229515,-0.5703926243921321
method2,5.0,117.2,586.0317,2.136385894925711,-0.5689743361317268
method2,5.0,117.3,586.1317,2.1417040955726745,-0.5675345934103372
method2,5.0,117.4,586.2317,2.147022296219639,-0.5660948506889475
method2,5.0,117.5,586.3317,2.15233526933973,-0.5646336719450875
method2,5.0,117.6,586.4317,2.157648242459821,-0.5631724932012275
method2,5.0,117.7,586.5317,2.1629559016472357,-0.5616898972219448
method2,5.0,117.8,586.6317,2.168263560834649,-0.5602073012426623
method2,5.0,117.9,586.7317,2.1735658197502414,-0.5587033071633086
method2,5.0,118.0,586.8317,2.178868078665833,-0.5571993130839551
method2,5.0,118.1,586.9317,2.184164851038531,-0.555673940387959
method2,5.0,118.2,587.0317,2.1894616234112307,-0.5541485676919627
method2,5.0,118.3,587.1317,2.194752823039439,-0.5526018362105817
method2,5.0,118.4,587.2317,2.2000440226676488,-0.5510551047292005
method2,5.0,118.5,587.3317,2.20532956342065,-0.5494870346412836
method2,5.0,118.6,587.4317,2.2106151041736513,-0.5479189645533665
method2,5.0,118.7,587.5317,2.215894899993006,-0.5463295763851047
method2,5.0,118.8,587.6317,2.2211746958123593,-0.5447401882168432
method2,5.0,118.9,587.7317,2.2264486607132965,-0.5431295028415115
method2,5.0,119.0,587.8317,2.2317226256142333,-0.5415188174661801
method2,5.0,119.1,587.9317,2.2369906736870715,-0.539886856103877
method2,5.0,119.2,588.0317,2.242258721759911,-0.5382548947415737
method2,5.0,119.3,588.1317,2.2475207671714443,-0.5366016789589563
method2,5.0,119.4,588.2317,2.2527828125829785,-0.5349484631763385
method2,5.0,119.5,588.3317,2.258038769577885,-0.5332740148863455
method2,5.0,119.6,588.4317,2.2632947265727914,-0.5315995665963525
method2,5.0,119.7,588.5317,2.268544509475011,-0.5299039080579337
method2,5.0,119.8,588.6317,2.273794292377229,-0.5282082495195152
method2,5.0,119.9,588.7317,2.2790378155913715,-0.5264914033373395
method2,5.0,120.0,588.8317,2.284281338805513,-0.524774557155164
method2,5.0,120.1,588.9317,2.2895185168182564,-0.523036546279338
method2,5.0,120.2,589.0317,2.294755694831001,-0.5212985354035118
method2,5.0,120.3,589.1317,2.2999864422124894,-0.5195393831292787
method2,5.0,120.4,589.2317,2.3052171895939786,-0.5177802308550455
method2,5.0,120.5,589.3317,2.31044142099919,-0.5159999608224866
method2,5.0,120.6,589.4317,2.3156656524044013,-0.5142196907899275
method2,5.0,120.7,589.5317,2.3208832825745707,-0.5124183269836593
method2,5.0,120.8,589.6317,2.326100912744739,-0.5106169631773912
method2,5.0,120.9,589.7317,2.3313118565087314,-0.508794529926246
method2,5.0,121.0,589.8317,2.336522800272723,-0.506972096675101
method2,5.0,121.1,589.9317,2.3417269725484267,-0.5051286186518205
method2,5.0,121.2,590.0317,2.346931144824131,-0.5032851406285398
method2,5.0,121.3,590.1317,2.3521284606198494,-0.5014206428494418
method2,5.0,121.4,590.2317,2.3573257764155686,-0.49955614507034357
method2,5.0,121.5,590.3317,2.36251615083141,-0.4976706528949975
method2,5.0,121.6,590.4317,2.367706525247251,-0.49578516071965145
method2,5.0,121.7,590.5317,2.372889873476496,-0.4938786998505462
method2,5.0,121.8,590.6317,2.378073221705739,-0.49197223898144127
method2,5.0,121.9,590.7317,2.3832494590362563,-0.49004483546364197
method2,5.0,122.0,590.8317,2.388425696366773,-0.4881174319458429
method2,5.0,122.1,590.9317,2.3935947381823666,-0.486169112166649
method2,5.0,122.2,591.0317,2.398763779997961,-0.48422079238745475
method2,5.0,122.3,591.1317,2.403925541779789,-0.4822515830760448
method2,5.0,122.4,591.2317,2.4090873035616185,-0.48028237376463456
method2,5.0,122.5,591.3317,2.4142417008895647,-0.47829230199171047
method2,5.0,122.6,591.4317,2.4193960982175113,-0.4763022302187864
method2,5.0,122.7,591.5317,2.4245430467715408,-0.4742913233962167
method2,5.0,122.8,591.6317,2.4296899953255693,-0.4722804165736473
method2,5.0,122.9,591.7317,2.4348294108871316,-0.47024870245409295
method2,5.0,123.0,591.8317,2.439968826448693,-0.46821698833453884
method2,5.0,123.1,591.9317,2.4451006249020963,-0.4661644950110844
method2,5.0,123.2,592.0317,2.450232423355501,-0.4641120016876297
method2,5.0,123.3,592.1317,2.4553565206892842,-0.4620387575933993
method2,5.0,123.4,592.2317,2.4604806180230687,-0.4599655134991686
method2,5.0,123.5,592.3317,2.465596930331375,-0.45787154740694547
method2,5.0,123.6,592.4317,2.470713242639681,-0.4557775813147224
method2,5.0,123.7,592.5317,2.4758216861236355,-0.4536629223365622
method2,5.0,123.8,592.6317,2.480930129607589,-0.45154826335840226
method2,5.0,123.9,592.7317,2.4860306205766616,-0.4494129409452259
method2,5.0,124.0,592.8317,2.4911311115457333,-0.4472776185320498
method2,5.0,124.1,592.9317,2.4962235664191263,-0.44512166247325835
method2,5.0,124.2,593.0317,2.5013160212925207,-0.44296570641446664
method2,5.0,124.3,593.1317,2.506400356600514,-0.4407891468375208
method2,5.0,124.4,593.2317,2.5114846919085085,-0.4386125872605746
method2,5.0,124.5,593.3317,2.5165608242938546,-0.4364154546305875
method2,5.0,124.6,593.4317,2.521636956679201,-0.4342183220006004
method2,5.0,124.7,593.5317,2.5267048028984607,-0.4320006471199247
method2,5.0,124.8,593.6317,2.5317726491177193,-0.42978297223924933
method2,5.0,124.9,593.7317,2.5368321260426514,-0.4275447862470454
method2,5.0,125.0,593.8317,2.5418916029675827,-0.42530660025484174
method2,5.0,125.1,593.9317,2.5469426275864864,-0.42304793462665735
method2,5.0,125.2,594.0317,2.551993652205391,-0.4207892689984727
method2,5.0,125.3,594.1317,2.557036141624489,-0.41851015554580234
method2,5.0,125.4,594.2317,2.5620786310435886,-0.41623104209313166
method2,5.0,125.5,594.3317,2.567112502488375,-0.4139315129629775
method2,5.0,125.6,594.4317,2.5721463739331614,-0.41163198383282334
method2,5.0,125.7,594.5317,2.5771715447497456,-0.4093120715072542
method2,5.0,125.8,594.6317,2.582196715566329,-0.40699215918168535
method2,5.0,125.9,594.7317,2.5872131032228216,-0.40465189647738337
method2,5.0,126.0,594.8317,2.592229490879313,-0.40231163377308166
method2,5.0,126.1,594.9317,2.5972370129671516,-0.3999510538408863
method2,5.0,126.2,595.0317,2.6022445350549908,-0.3975904739086907
method2,5.0,126.3,595.1317,2.607243109290314,-0.39520961023313533
method2,5.0,126.4,595.2317,2.612241683525639,-0.39282874655757966
method2,5.0,126.5,595.3317,2.617231227750625,-0.39042763295642346
method2,5.0,126.6,595.4317,2.6222207719756114,-0.38802651935526733
method2,5.0,126.7,595.5317,2.627201204159841,-0.38560518997903215
method2,5.0,126.8,595.6317,2.632181636344069,-0.38318386060279735
method2,5.0,126.9,595.7317,2.6371528745858512,-0.3807423499342753
method2,5.0,127.0,595.8317,2.6421241128276325,-0.3783008392657536
method2,5.0,127.1,595.9317,2.6470860753553715,-0.37583918211953726
method2,5.0,127.2,596.0317,2.652048037883111,-0.37337752497332066
method2,5.0,127.3,596.1317,2.657000643056634,-0.3708957564953008
method2,5.0,127.4,596.2317,2.6619532482301587,-0.3684139880172807
method2,5.0,127.5,596.3317,2.66689641454208,-0.36591214368416003
method2,5.0,127.6,596.4317,2.671839580854001,-0.3634102993510393
method2,5.0,127.7,596.5317,2.6767732269310356,-0.36088841496983465
method2,5.0,127.8,596.6317,2.681706873008069,-0.3583665305886303
method2,5.0,127.9,596.7317,2.6866309176123964,-0.3558246422961588
method2,5.0,128.0,596.8317,2.6915549622167227,-0.3532827540036876
method2,5.0,128.1,596.9317,2.6964693242472864,-0.3507208982660658
method2,5.0,128.2,597.0317,2.70138368627785,-0.348159042528444
method2,5.0,128.3,597.1317,2.70628828477175,-0.34557725614056
method2,5.0,128.4,597.2317,2.7111928832656487,-0.3429954697526767
method2,5.0,128.5,597.3317,2.7160876373994247,-0.340393789837679
method2,5.0,128.6,597.4317,2.720982391533201,-0.33779210992268127
method2,5.0,128.7,597.5317,2.725867220624165,-0.33517057393145
method2,5.0,128.8,597.6317,2.73075204971513,-0.332549037940218
method2,5.0,128.9,597.7317,2.7356268732227416,-0.32990768365082374
method2,5.0,129.0,597.8317,2.7405016967303526,-0.3272663293614295
method2,5.0,129.1,597.9317,2.7453664342574813,-0.3246051948786087
method2,5.0,129.2,598.0317,2.75023117178461,-0.321944060395788
method2,5.0,129.3,598.1317,2.755085743078925,-0.31926318415038846
method2,5.0,129.4,598.2317,2.759940314373239,-0.31658230790498976
method2,5.0,129.5,598.3317,2.7647846393284654,-0.3138817286534295
method2,5.0,129.6,598.4317,2.7696289642836915,-0.31118114940186925
method2,5.0,129.7,598.5317,2.774462962940995,-0.30846090622558053
method2,5.0,129.8,598.6317,2.7792969615983,-0.305740663049291
method2,5.0,129.9,598.7317,2.7841205541475564,-0.3030007953541547
method2,5.0,130.0,598.8317,2.788944146696813,-0.30026092765901846
method2,5.0,130.1,598.9317,2.7937572534779465,-0.29750147517481473
method2,5.0,130.2,599.0317,2.79857036025908,-0.294742022690611
method2,5.0,130.3,599.1317,2.8033729017633853,-0.2919630254704315
method2,5.0,130.4,599.2317,2.8081754432676886,-0.2891840282502528
method2,5.0,130.5,599.3317,2.81296734013912,-0.286385526669937
method2,5.0,130.6,599.4317,2.8177592370105513,-0.28358702508962125
method2,5.0,130.7,599.5317,2.8225404100470453,-0.2807690598471745
method2,5.0,130.8,599.6317,2.82732158308354,-0.277951094604727
method2,5.0,130.9,599.7317,2.8320919532383364,-0.2751137067197272
method2,5.0,131.0,599.8317,2.8368623233931327,-0.2722763188347274
method2,5.0,131.1,599.9317,2.8416218117760517,-0.26941954964774767
method2,5.0,131.2,600.0317,2.84638130015897,-0.266562780460768
method2,5.0,131.3,600.1317,2.851129828037735,-0.263686671632762
method2,5.0,131.4,600.2317,2.8558783559164986,-0.26081056280475684
method2,5.0,131.5,600.3317,2.860615844718035,-0.257915156316472
method2,5.0,131.6,600.4317,2.8653533335195713,-0.25501974982818715
method2,5.0,131.7,600.5317,2.870079704831295,-0.2521050879795545
method2,5.0,131.8,600.6317,2.87480607614302,-0.249190426130921
method2,5.0,131.9,600.7317,2.879521251714156,-0.24625655154043466
method2,5.0,132.0,600.8317,2.8842364272852925,-0.24332267694994833
method2,5.0,132.1,600.9317,2.8889403290281312,-0.24036963255406016
method2,5.0,132.2,601.0317,2.89364423077097,-0.237416588158172
method2,5.0,132.3,601.1317,2.89833678076221,-0.2344444172106555
method2,5.0,132.4,601.2317,2.9030293307534487,-0.23147224626313984
method2,5.0,132.5,601.3317,2.90771045123544,-0.228480992334472
method2,5.0,132.6,601.4317,2.912391571717431,-0.22548973840580414
method2,5.0,132.7,601.5317,2.9170611850994748,-0.222479445382534
method2,5.0,132.8,601.6317,2.92173079848152,-0.219469152359263
method2,5.0,132.9,601.7317,2.926388827341181,-0.21643986444335764
method2,5.0,133.0,601.8317,2.9310468562008425,-0.21341057652745227
method2,5.0,133.1,601.9317,2.9356932232851913,-0.21036233823567163
method2,5.0,133.2,602.0317,2.94033959036954,-0.207314099943891
method2,5.0,133.3,602.1317,2.94497421859645,-0.204246956107126
method2,5.0,133.4,602.2317,2.9496088468233586,-0.20117981227036186
method2,5.0,133.5,602.3317,2.9542316592827946,-0.19809380803298599
method2,5.0,133.6,602.4317,2.958854471742231,-0.1950078037956101
method2,5.0,133.7,602.5317,2.963465391697505,-0.1919029846148215
method2,5.0,133.8,602.6317,2.96807631165278,-0.188798165434032
method2,5.0,133.9,602.7317,2.9726752625418262,-0.18567457707917862
method2,5.0,134.0,602.8317,2.9772742134308725,-0.18255098872432524
method2,5.0,134.1,602.9317,2.9818611188675312,-0.17940867727625162
method2,5.0,134.2,603.0317,2.98644802430419,-0.176266365828178
method2,5.0,134.3,603.1317,2.991022808079455,-0.1731053776785335
method2,5.0,134.4,603.2317,2.9955975918547186,-0.16994438952888988
method2,5.0,134.5,603.3317,3.000160177938025,-0.16676477137946
method2,5.0,134.6,603.4317,3.004722764021331,-0.1635851532300301
method2,5.0,134.7,603.5317,3.00927307656179,-0.160386952092047
method2,5.0,134.8,603.6317,3.01382338910225,-0.157188750954063
method2,5.0,134.9,603.7317,3.018361352429926,-0.1539720141475126
method2,5.0,135.0,603.8317,3.0228993157576025,-0.15075527734096217
method2,5.0,135.1,603.9317,3.0274248543847713,-0.14752005249389907
method2,5.0,135.2,604.0317,3.03195039301194,-0.144284827646836
method2,5.0,135.3,604.1317,3.03646343163433,-0.141031162694667
method2,5.0,135.4,604.2317,3.0409764702567186,-0.13777749774249892
method2,5.0,135.5,604.3317,3.0454769337547747,-0.134505440927288
method2,5.0,135.6,604.4317,3.0499773972528312,-0.13123338411207705
method2,5.0,135.7,604.5317,3.054465210692945,-0.1279429839818365
method2,5.0,135.8,604.6317,3.05895302413306,-0.124652583851595
method2,5.0,135.9,604.7317,3.063428112768841,-0.12134388925956006
method2,5.0,136.0,604.8317,3.0679032014046226,-0.11803519466752511
method2,5.0,136.1,604.9317,3.0723654906781213,-0.11470825477144256
method2,5.0,136.2,605.0317,3.07682777995162,-0.11138131487536
method2,5.0,136.3,605.1317,3.081277195494585,-0.10803617913675301
method2,5.0,136.4,605.2317,3.0857266110375488,-0.10469104339814694
method2,5.0,136.5,605.3317,3.09016307867264,-0.10132776158159096
method2,5.0,136.6,605.4317,3.094599546307731,-0.09796447976503495
method2,5.0,136.7,605.5317,3.09902299204977,-0.09458310193742414
method2,5.0,136.8,605.6317,3.10344643779181,-0.0912017241098124
method2,5.0,136.9,605.7317,3.107856787849021,-0.08780230063960508
method2,5.0,137.0,605.8317,3.1122671379062328,-0.08440287716939776
method2,5.0,137.1,605.9317,3.116664318681451,-0.08098545872588599
method2,5.0,137.2,606.0317,3.12106149945667,-0.0775680402823742
method2,5.0,137.3,606.1317,3.12544543754859,-0.07413267783492139
method2,5.0,137.4,606.2317,3.1298293756405084,-0.07069731538746957
method2,5.0,137.5,606.3317,3.13419999784488,-0.06724406020476036
method2,5.0,137.6,606.4317,3.138570620049251,-0.06379080502205112
method2,5.0,137.7,606.5317,3.142927853360115,-0.0603197086713314
method2,5.0,137.8,606.6317,3.14728508667098,-0.0568486123206107
method2,5.0,137.9,606.7317,3.1516288582818963,-0.05335972666690851
method2,5.0,138.0,606.8317,3.155972629892813,-0.04987084101320631
method2,5.0,138.1,606.9317,3.160302867198056,-0.0463642182185843
method2,5.0,138.2,607.0317,3.1646331045033,-0.0428575954239623
method2,5.0,138.3,607.1317,3.168949735099075,-0.0393332879467179
method2,5.0,138.4,607.2317,3.1732663656948485,-0.0358089804694745
method2,5.0,138.5,607.3317,3.177569317380515,-0.0322670410633719
method2,5.0,138.6,607.4317,3.181872269066181,-0.028725101657269287
method2,5.0,138.7,607.5317,3.18616146984543,-0.0251655833707538
method2,5.0,138.8,607.6317,3.19045067062468,-0.0216060650842373
method2,5.0,138.9,607.7317,3.194726048706761,-0.018029021259635982
method2,5.0,139.0,607.8317,3.199001426788842,-0.014451977435034657
method2,5.0,139.1,607.9317,3.2032629105897463,-0.010857461707774454
method2,5.0,139.2,608.0317,3.20752439439065,-0.00726294598051425
method2,5.0,139.3,608.1317,3.211771912534325,-0.0036510122783040017
method2,5.0,139.4,608.2317,3.216019430677999,-3.907857609478007e-05
method2,5.0,139.5,608.3317,3.22025291199752,0.003590218881867503
method2,5.0,139.6,608.4317,3.2244863933170413,0.007219516339829797
method2,5.0,139.7,608.5317,3.2287057668558097,0.01086612304366753
method2,5.0,139.8,608.6317,3.23292514039458,0.0145127297475063
method2,5.0,139.9,608.7317,3.2371303354075263,0.018176590897488194
method2,5.0,140.0,608.8317,3.2413355304204723,0.021840452047470094
method2,5.0,140.1,608.9317,3.245526476375211,0.025521512554820196
method2,5.0,140.2,609.0317,3.24971742232995,0.0292025730621703
method2,5.0,140.3,609.1317,3.2538940489079797,0.0329007775499037
method2,5.0,140.4,609.2317,3.2580706754860085,0.03659898203763605
method2,5.0,140.5,609.3317,3.262232912583885,0.04031427484137895
method2,5.0,140.6,609.4317,3.2663951496817614,0.044029567645121864
method2,5.0,140.7,609.5317,3.27054292741227,0.0477618928139454
method2,5.0,140.8,609.6317,3.27469070514278,0.05149421798277
method2,5.0,140.9,609.7317,3.278823953836106,0.055243519280043514
method2,5.0,141.0,609.8317,3.282957202529432,0.05899282057731704
method2,5.0,141.1,609.9317,3.2870758527343362,0.06275904148153397
method2,5.0,141.2,610.0317,3.29119450293924,0.0665252623857509
method2,5.0,141.3,610.1317,3.2952984854242047,0.07030834609139194
method2,5.0,141.4,610.2317,3.2994024679091685,0.07409142979703193
method2,5.0,141.5,610.3317,3.3034917136635746,0.07789131921541004
method2,5.0,141.6,610.4317,3.3075809594179812,0.08169120863378818
method2,5.0,141.7,610.5317,3.31165539965327,0.0855078463939081
method2,5.0,141.8,610.6317,3.31572983988856,0.0893244841540291
method2,5.0,141.9,610.7317,3.319789406039371,0.09315781260345915
method2,5.0,142.0,610.8317,3.323848972190182,0.0969911410528892
method2,5.0,142.1,610.9317,3.3278935959155063,0.10084110225861309
method2,5.0,142.2,611.0317,3.33193821964083,0.104691063464337
method2,5.0,142.3,611.1317,3.335967832825175,0.1085575992136415
method2,5.0,142.4,611.2317,3.3399974460095185,0.1124241349629449
method2,5.0,142.5,611.3317,3.344011980764045,0.1163071867642905
method2,5.0,142.6,611.4317,3.3480265155185713,0.12019023856563611
method2,5.0,142.7,611.5317,3.352025904182205,0.12408974764953651
method2,5.0,142.8,611.6317,3.35602529284584,0.127989256733438
method2,5.0,142.9,611.7317,3.3600094679864663,0.13190516405335362
method2,5.0,143.0,611.8317,3.3639936431270923,0.13582107137326924
method2,5.0,143.1,611.9317,3.367962537542636,0.1397533176064866
method2,5.0,143.2,612.0317,3.37193143195818,0.143685563839704
method2,5.0,143.3,612.1317,3.3758849786777603,0.14763408938825
method2,5.0,143.4,612.2317,3.379838525397339,0.1515826149367949
method2,5.0,143.5,612.3317,3.38377665768241,0.1555473599283215
method2,5.0,143.6,612.4317,3.3877147899674815,0.15951210491984813
method2,5.0,143.7,612.5317,3.3916374413129153,0.1634930092085385
method2,5.0,143.8,612.6317,3.39556009265835,0.16747391349723
method2,5.0,143.9,612.7317,3.399467196793606,0.17147091666471914
method2,5.0,144.0,612.8317,3.403374300928862,0.17546791983220827
method2,5.0,144.1,612.9317,3.407265791819061,0.17948096118848464
method2,5.0,144.2,613.0317,3.41115728270926,0.183494002544761
method2,5.0,144.3,613.1317,3.4150330945563203,0.18752302112909802
method2,5.0,144.4,613.2317,3.418908906403379,0.19155203971343387
method2,5.0,144.5,613.3317,3.42276897364713,0.1955969742953015
method2,5.0,144.6,613.4317,3.426629040890881,0.19964190887716918
method2,5.0,144.7,613.5317,3.430473298210135,0.203702697957164
method2,5.0,144.8,613.6317,3.43431755552939,0.20776348703716
method2,5.0,144.9,613.7317,3.438145937843091,0.21184006884794865
method2,5.0,145.0,613.8317,3.4419743201567923,0.21591665065873733
method2,5.0,145.1,613.9317,3.445786762625086,0.22000896316597815
method2,5.0,145.2,614.0317,3.44959920509338,0.224101275673219
method2,5.0,145.3,614.1317,3.453395643118715,0.2282092565765165
method2,5.0,145.4,614.2317,3.4571920811440493,0.23231723747981284
method2,5.0,145.5,614.3317,3.460972450372255,0.2364408242136535
method2,5.0,145.6,614.4317,3.464752819600461,0.24056441094749417
method2,5.0,145.7,614.5317,3.468517055921865,0.24470354068220102
method2,5.0,145.8,614.6317,3.47228129224327,0.248842670416909
method2,5.0,145.9,614.7317,3.4760293317937663,0.2529972800596037
method2,5.0,146.0,614.8317,3.4797773713442623,0.2571518897022984
method2,5.0,146.1,614.9317,3.483509150506361,0.2613219158978432
method2,5.0,146.2,615.0317,3.48724092966846,0.265491942093388
method2,5.0,146.3,615.1317,3.49095638507243,0.269677321225368
method2,5.0,146.4,615.2317,3.494671840476399,0.27386270035734683
method2,5.0,146.5,615.3317,3.4983709090012747,0.27806336854903
method2,5.0,146.6,615.4317,3.502069977526151,0.2822640367407132
method2,5.0,146.7,615.5317,3.50575259630084,0.286479929856017
method2,5.0,146.8,615.6317,3.50943521507553,0.290695822971322
method2,5.0,146.9,615.7317,3.513101321479871,0.2949268766158057
method2,5.0,147.0,615.8317,3.5167674278842123,0.29915793026028936
method2,5.0,147.1,615.9317,3.520416959550026,0.3034040797821142
method2,5.0,147.2,616.0317,3.52406649121584,0.307650229303939
method2,5.0,147.3,616.1317,3.52769938602799,0.31191140979487797
method2,5.0,147.4,616.2317,3.531332280840139,0.3161725902858158
method2,5.0,147.5,616.3317,3.5349484769375947,0.3204487365822285
method2,5.0,147.6,616.4317,3.538564673035051,0.3247248828786412
method2,5.0,147.7,616.5317,3.542164108811925,0.329015929562464
method2,5.0,147.8,616.6317,3.5457635445888,0.333306976246288
method2,5.0,147.9,616.7317,3.549346158695406,0.33761285764605026
method2,5.0,148.0,616.8317,3.5529287728020122,0.34191873904581244
method2,5.0,148.1,616.9317,3.556494504145886,0.3462393892376202
method2,5.0,148.2,617.0317,3.56006023548976,0.350560039429428
method2,5.0,148.3,617.1317,3.5636090232367303,0.3548953922379905
method2,5.0,148.4,617.2317,3.567157810983699,0.3592307450465518
method2,5.0,148.5,617.3317,3.57068959455888,0.3635807340461745
method2,5.0,148.6,617.4317,3.574221378134061,0.3679307230457972
method2,5.0,148.7,617.5317,3.577736097222925,0.3722952815614085
method2,5.0,148.8,617.6317,3.58125081631179,0.376659840077021
method2,5.0,148.9,617.7317,3.584748410861156,0.38103890118519174
method2,5.0,149.0,617.8317,3.5882460054105216,0.3854179622933625
method2,5.0,149.1,617.9317,3.591726415629601,0.38981145882332374
method2,5.0,149.2,618.0317,3.59520682584868,0.394204955353285
method2,5.0,149.3,618.1317,3.59866999221009,0.398612819887966
method2,5.0,149.4,618.2317,3.6021331585714993,0.4030206844226457
method2,5.0,149.5,618.3317,3.605579021812275,0.4074428492997005
method2,5.0,149.6,618.4317,3.609024885053051,0.41186501417675525
method2,5.0,149.7,618.5317,3.6124533861756403,0.4163014114895925
method2,5.0,149.8,618.6317,3.61588188729823,0.420737808802431
method2,5.0,149.9,618.7317,3.619292967571536,0.42518837040127727
method2,5.0,150.0,618.8317,3.6227040478448416,0.42963893200012354
method2,5.0,150.1,618.9317,3.626097648805176,0.43410358949303723
method2,5.0,150.2,619.0317,3.62949124976551,0.438568246985951
method2,5.0,150.3,619.1317,3.632867313217635,0.443046931739903
method2,5.0,150.4,619.2317,3.6362433766697593,0.44752561649385375
method2,5.0,150.5,619.3317,3.6396018446878653,0.4520182596357575
method2,5.0,150.6,619.4317,3.642960312705971,0.45651090277766126
method2,5.0,150.7,619.5317,3.64630112763464,0.46101743519543803
method2,5.0,150.8,619.6317,3.64964194256331,0.465523967613216
method2,5.0,150.9,619.7317,3.652965047018556,0.4700443199568633
method2,5.0,151.0,619.8317,3.656288151473802,0.4745646723005105
method2,5.0,151.1,619.9317,3.6595934883439862,0.4790987749831533
method2,5.0,151.2,620.0317,3.66289882521417,0.483632877665796
method2,5.0,151.3,620.1317,3.66618633766104,0.4881806608647705
method2,5.0,151.4,620.2317,3.669473850107909,0.4927284440637437
method2,5.0,151.5,620.3317,3.67274348156753,0.49728983772166346
method2,5.0,151.6,620.4317,3.676013113027151,0.5018512313795833
method2,5.0,151.7,620.5317,3.679264807210885,0.5064261652054115
method2,5.0,151.8,620.6317,3.68251650139462,0.511001099031241
method2,5.0,151.9,620.7317,3.685750202290101,0.5155895025013908
method2,5.0,152.0,620.8317,3.688983903185582,0.5201779059715407
method2,5.0,152.1,620.9317,3.692199555057651,0.5247797083309338
method2,5.0,152.2,621.0317,3.69541520692972,0.529381510690327
method2,5.0,152.3,621.1317,3.6986127543214202,0.533996640953512
method2,5.0,152.4,621.2317,3.701810301713119,0.5386117712166957
method2,5.0,152.5,621.3317,3.7049896894465997,0.5432401581689195
method2,5.0,152.6,621.4317,3.708169077180081,0.5478685451211434
method2,5.0,152.7,621.5317,3.71133025035759,0.5525101173194555
method2,5.0,152.8,621.6317,3.7144914235351,0.557151689517769
method2,5.0,152.9,621.7317,3.717634327539896,0.5618063752921303
method2,5.0,153.0,621.8317,3.720777231544692,0.5664610610664916
method2,5.0,153.1,621.9317,3.723901812041981,0.5711287885208662
method2,5.0,153.2,622.0317,3.72702639253927,0.575796515975241
method2,5.0,153.3,622.1317,3.730132595477175,0.580477212988717
method2,5.0,153.4,622.2317,3.733238798415079,0.5851579100021916
method2,5.0,153.5,622.3317,3.736326570025525,0.58985150423009
method2,5.0,153.6,622.4317,3.739414341635971,0.5945450984579883
method2,5.0,153.7,622.5317,3.7424836284356404,0.599251517332972
method2,5.0,153.8,622.6317,3.74555291523531,0.603957936207957
method2,5.0,153.9,622.7317,3.7486036640265508,0.6086771069411694
method2,5.0,154.0,622.8317,3.7516544128177918,0.6133962776743817
method2,5.0,154.1,622.9317,3.7546865706895356,0.6181281272565469
method2,5.0,154.2,623.0317,3.75771872856128,0.622859976838712
method2,5.0,154.3,623.1317,3.76073224288997,0.6276044320412905
method2,5.0,154.4,623.2317,3.763745757218659,0.6323488872438676
method2,5.0,154.5,623.3317,3.76674057566912,0.637105874620164
method2,5.0,154.6,623.4317,3.769735394119581,0.6418628619964604
method2,5.0,154.7,623.5317,3.77271146464597,0.6466323078827705
method2,5.0,154.8,623.6317,3.77568753517236,0.651401753769082
method2,5.0,154.9,623.7317,3.778644806019026,0.6561835842858359
method2,5.0,155.0,623.8317,3.781602076865692,0.6609654148025897
method2,5.0,155.1,623.9317,3.7845404965680958,0.6657595558554829
method2,5.0,155.2,624.0317,3.7874789162705,0.670553696908376
method2,5.0,155.3,624.1317,3.79039843365608,0.6753600741895295
method2,5.0,155.4,624.2317,3.7933179510416593,0.6801664514706817
method2,5.0,155.5,624.3317,3.796218515230745,0.6849849904597856
method2,5.0,155.6,624.4317,3.799119079419831,0.6898035294488893
method2,5.0,155.7,624.5317,3.802000639826505,0.69463415541435
method2,5.0,155.8,624.6317,3.80488220023318,0.699464781379812
method2,5.0,155.9,624.7317,3.8077447065661607,0.7043074193799309
method2,5.0,156.0,624.8317,3.810607212899142,0.7091500573800498
method2,5.0,156.1,624.9317,3.813450615162641,0.7140046322641579
method2,5.0,156.2,625.0317,3.81629401742614,0.718859207148266
method2,5.0,156.3,625.1317,3.819118265920765,0.7237256435579156
method2,5.0,156.4,625.2317,3.821942514415389,0.7285920799675637
method2,5.0,156.5,625.3317,3.824747559738955,0.7334703023376761
method2,5.0,156.6,625.4317,3.827552605062521,0.7383485247077884
method2,5.0,156.7,625.5317,3.830338398110955,0.743238457267835
method2,5.0,156.8,625.6317,3.83312419115939,0.748128389827883
method2,5.0,156.9,625.7317,3.8358906831275608,0.7530299566030654
method2,5.0,157.0,625.8317,3.8386571750957317,0.7579315233782478
method2,5.0,157.1,625.9317,3.841404317478301,0.7628446481906664
method2,5.0,157.2,626.0317,3.84415145986087,0.767757773003085
method2,5.0,157.3,626.1317,3.84687920445314,0.7726823794729315
method2,5.0,157.4,626.2317,3.849606949045409,0.7776069859427766
method2,5.0,157.5,626.3317,3.852315247944155,0.7825429974895195
method2,5.0,157.6,626.4317,3.855023546842901,0.7874790090362624
method2,5.0,157.7,626.5317,3.8577123524472148,0.792426348879823
method2,5.0,157.8,626.6317,3.86040115805153,0.797373688723385
method2,5.0,157.9,626.7317,3.863070423063651,0.8023322798853574
method2,5.0,158.0,626.8317,3.8657396880757715,0.8072908710473298
method2,5.0,158.1,626.9317,3.868389365501896,0.8122606363521464
method2,5.0,158.2,627.0317,3.87103904292802,0.817230401656963
method2,5.0,158.3,627.1317,3.87366908607914,0.822211263733124
method2,5.0,158.4,627.2317,3.8762991292302593,0.8271921258092836
method2,5.0,158.5,627.3317,3.878909491722965,0.8321840070905395
method2,5.0,158.6,627.4317,3.881519854215671,0.8371758883717955
method2,5.0,158.7,627.5317,3.8841104899729704,0.842178711098361
method2,5.0,158.8,627.6317,3.88670112573027,0.847181533824928
method2,5.0,158.9,627.7317,3.889271988982401,0.8521952200446984
method2,5.0,159.0,627.8317,3.8918428522345314,0.8572089062644689
method2,5.0,159.1,627.9317,3.894393897519736,0.8622333778342229
method2,5.0,159.2,628.0317,3.89694494280494,0.867257849403977
method2,5.0,159.3,628.1317,3.89947612497029,0.8722930279906035
method2,5.0,159.4,628.2317,3.902007307135639,0.8773282065772285
method2,5.0,159.5,628.3317,3.904518581337825,0.8823740136589435
method2,5.0,159.6,628.4317,3.907029855540011,0.8874198207406584
method2,5.0,159.7,628.5317,3.9095211772461003,0.8924761776082204
method2,5.0,159.8,628.6317,3.91201249895219,0.897532534475784
method2,5.0,159.9,628.7317,3.914483823940446,0.9025993622337414
method2,5.0,160.0,628.8317,3.916955148928701,0.9076661899916989
method2,5.0,160.1,628.9317,3.9194064332893457,0.9127434095595924
method2,5.0,160.2,629.0317,3.92185771764999,0.917820629127486
method2,5.0,160.3,629.1317,3.9242889177859652,0.922908161241112
method2,5.0,160.4,629.2317,3.9267201179219393,0.9279956933547365
method2,5.0,160.5,629.3317,3.929131190549695,0.9330934585673605
method2,5.0,160.6,629.4317,3.931542263177451,0.9381912237799844
method2,5.0,160.7,629.5317,3.933933165327685,0.9432991424635875
method2,5.0,160.8,629.6317,3.93632406747792,0.948407061147192
method2,5.0,160.9,629.7317,3.9386947564963557,0.953525053493723
method2,5.0,161.0,629.8317,3.9410654455147913,0.9586430458402538
method2,5.0,161.1,629.9317,3.943415879062926,0.963771031862862
method2,5.0,161.2,630.0317,3.94576631261106,0.96889901788547
method2,5.0,161.3,630.1317,3.9480964486669,0.974036917419764
method2,5.0,161.4,630.2317,3.9504265847227398,0.9791748169540565
method2,5.0,161.5,630.3317,3.9527363815815653,0.9843225496593555
method2,5.0,161.6,630.4317,3.9550461784403903,0.9894702823646544
method2,5.0,161.7,630.5317,3.9573355947154703,0.9946277677252324
method2,5.0,161.8,630.6317,3.95962501099055,0.999785253085812
method2,5.0,161.9,630.7317,3.961894005613886,1.0049524104121825
method2,5.0,162.0,630.8317,3.9641630002372215,1.0101195677385528
method2,5.0,162.1,630.9317,3.9664115324602855,1.0152963161686914
method2,5.0,162.2,631.0317,3.96866006468335,1.02047306459883
method2,5.0,162.3,631.1317,3.970888094077795,1.025659323099485
method2,5.0,162.4,631.2317,3.9731161234722396,1.0308455816001385
method2,5.0,162.5,631.3317,3.975323609930615,1.03604126896806
method2,5.0,162.6,631.4317,3.9775310963889905,1.0412369563359816
method2,5.0,162.7,631.5317,3.979718000125465,1.04644199119921
method2,5.0,162.8,631.6317,3.98190490386194,1.05164702606244
method2,5.0,162.9,631.7317,3.9840711854130055,1.0568613268815865
method2,5.0,163.0,631.8317,3.9862374669640714,1.0620756277007328
method2,5.0,163.1,631.9317,3.9883830871892405,1.0672991127702365
method2,5.0,163.2,632.0317,3.99052870741441,1.07252259783974
method2,5.0,163.3,632.1317,3.9926536274969298,1.0777551852891598
method2,5.0,163.4,632.2317,3.9947785475794495,1.0829877727385784
method2,5.0,163.5,632.3317,3.996882729026975,1.0882293805338898
method2,5.0,163.6,632.4317,3.9989869104745006,1.0934709883292015
method2,5.0,163.7,632.5317,4.0010703151197955,1.098721534274035
method2,5.0,163.8,632.6317,4.00315371976509,1.10397208021887
method2,5.0,163.9,632.7317,4.0052163097667055,1.1092314819558664
method2,5.0,164.0,632.8317,4.007278899768321,1.1144908836928629
method2,5.0,164.1,632.9317,4.00932063761127,1.1197590587049016
method2,5.0,164.2,633.0317,4.01136237545422,1.12502723371694
method2,5.0,164.3,633.1317,4.01338322395066,1.130304099328475
method2,5.0,164.4,633.2317,4.015404072447099,1.1355809649400084
method2,5.0,164.5,633.3317,4.017403994736981,1.1408664383183549
method2,5.0,164.6,633.4317,4.019403917026861,1.1461519116967016
method2,5.0,164.7,633.5317,4.02138287657861,1.1514459098533152
method2,5.0,164.8,633.6317,4.02336183613036,1.15673990800993
method2,5.0,164.9,633.7317,4.025319796741526,1.1620423478017416
method2,5.0,165.0,633.8317,4.027277757352691,1.1673447875935532
method2,5.0,165.1,633.9317,4.029214683150601,1.1726555857242515
method2,5.0,165.2,634.0317,4.03115160894851,1.17796638385495
method2,5.0,165.3,634.1317,4.033067464390904,1.183285456876295
method2,5.0,165.4,634.2317,4.034983319833299,1.1886045298976384
method2,5.0,165.5,634.3317,4.03687806970899,1.193931794210785
method2,5.0,165.6,634.4317,4.038772819584681,1.1992590585239316
method2,5.0,165.7,634.5317,4.0406464290141795,1.204594430380715
method2,5.0,165.8,634.6317,4.04252003844368,1.2099298022375
method2,5.0,165.9,634.7317,4.044372472879836,1.2152731977417865
method2,5.0,166.0,634.8317,4.046224907315991,1.220616593246073
method2,5.0,166.1,634.9317,4.048056132544586,1.2259679283550464
method2,5.0,166.2,635.0317,4.04988735777318,1.23131926346402
method2,5.0,166.3,635.1317,4.05169733991361,1.236678453989525
method2,5.0,166.4,635.2317,4.053507322054039,1.2420376445150285
method2,5.0,166.5,635.3317,4.0552960275598595,1.2474046061248951
method2,5.0,166.6,635.4317,4.057084733065681,1.2527715677347615
method2,5.0,166.7,635.5317,4.058852128725275,1.258146215954105
method2,5.0,166.8,635.6317,4.06061952438487,1.26352086417345
method2,5.0,166.9,635.7317,4.062365577322016,1.2689031143860365
method2,5.0,167.0,635.8317,4.064111630259161,1.2742853645986232
method2,5.0,167.1,635.9317,4.065836307933651,1.2796751320481765
method2,5.0,167.2,636.0317,4.06756098560814,1.28506489949773
method2,5.0,167.3,636.1317,4.069264255816365,1.2904620992892801
method2,5.0,167.4,636.2317,4.070967526024589,1.2958592990808284
method2,5.0,167.5,636.3317,4.072649356900129,1.301263846182035
method2,5.0,167.6,636.4317,4.0743311877756705,1.3066683932832415
method2,5.0,167.7,636.5317,4.07599154778989,1.312080202525735
method2,5.0,167.8,636.6317,4.07765190780411,1.31749201176823
method2,5.0,167.9,636.7317,4.079290765766711,1.3229109978489815
method2,5.0,168.0,636.8317,4.080929623729311,1.3283299839297331
method2,5.0,168.1,636.9317,4.0825469487889405,1.3337560614123516
method2,5.0,168.2,637.0317,4.08416427384857,1.33918213889497
method2,5.0,168.3,637.1317,4.08576003549335,1.344615222211085
method2,5.0,168.4,637.2317,4.087355797138129,1.3500483055271983
method2,5.0,168.5,637.3317,4.08892996519626,1.355488308977805
method2,5.0,168.6,637.4317,4.09050413325439,1.3609283124284115
method2,5.0,168.7,637.5317,4.092056677894655,1.36637515018519
method2,5.0,168.8,637.6317,4.09360922253492,1.37182198794197
method2,5.0,168.9,637.7317,4.0951401142673,1.3772755740486915
method2,5.0,169.0,637.8317,4.0966710059996805,1.382729160155413
method2,5.0,169.1,637.9317,4.098180215675845,1.3881894085292414
method2,5.0,169.2,638.0317,4.09968942535201,1.39364965690307
method2,5.0,169.3,638.1317,4.10117692416589,1.39911648133598
method2,5.0,169.4,638.2317,4.10266442297977,1.4045833057688883
method2,5.0,169.5,638.3317,4.10413018246808,1.41005661992897
method2,5.0,169.6,638.4317,4.10559594195639,1.4155299340890515
method2,5.0,169.7,638.5317,4.10703993399916,1.4210096515218948
method2,5.0,169.8,638.6317,4.10848392604193,1.42648936895474
method2,5.0,169.9,638.7317,4.109906122863046,1.4319754030848166
method2,5.0,170.0,638.8317,4.111328319684161,1.437461437214893
method2,5.0,170.1,638.9317,4.11272869385185,1.4429537013469016
method2,5.0,170.2,639.0317,4.11412906801954,1.44844596547891
method2,5.0,170.3,639.1317,4.1155075924469156,1.453944372799155
method2,5.0,170.4,639.2317,4.11688611687429,1.4594427801193985
method2,5.0,170.5,639.3317,4.118242764819845,1.46494724369717
method2,5.0,170.6,639.4317,4.1195994127654,1.4704517072749415
method2,5.0,170.7,639.5317,4.12093415783352,1.47596214006386
method2,5.0,170.8,639.6317,4.12226890290164,1.48147257285278
method2,5.0,170.9,639.7317,4.123581719043085,1.4869888876922166
method2,5.0,171.0,639.8317,4.124894535184531,1.4925052025316532
method2,5.0,171.1,639.9317,4.126185396696945,1.4980273121480667
method2,5.0,171.2,640.0317,4.12747625820936,1.50354942176448
method2,5.0,171.3,640.1317,4.128745139737735,1.50907723877283
method2,5.0,171.4,640.2317,4.13001402126611,1.5146050557811785
method2,5.0,171.5,640.3317,4.131260897803299,1.5201384926862902
method2,5.0,171.6,640.4317,4.13250777434049,1.5256719295914016
method2,5.0,171.7,640.5317,4.1337326212276455,1.53121089878934
method2,5.0,171.8,640.6317,4.1349574681148,1.53674986798728
method2,5.0,171.9,640.7317,4.13616026104188,1.5422942817667715
method2,5.0,172.0,640.8317,4.1373630539689605,1.547838695546263
method2,5.0,172.1,640.9317,4.13854376897516,1.5533884660900517
method2,5.0,172.2,641.0317,4.13972448398136,1.55893823663384
method2,5.0,172.3,641.1317,4.140883097455595,1.564493276020095
method2,5.0,172.4,641.2317,4.14204171092983,1.5700483154063485
method2,5.0,172.5,641.3317,4.143178199611175,1.575608535610045
method2,5.0,172.6,641.4317,4.14431468829252,1.5811687558137415
method2,5.0,172.7,641.5317,4.145429029270665,1.58673406870807
method2,5.0,172.8,641.6317,4.14654337024881,1.5922993816024
method2,5.0,172.9,641.7317,4.147635540964495,1.5978696989601515
method2,5.0,173.0,641.8317,4.148727711680181,1.603440016317903
method2,5.0,173.1,641.9317,4.14979768992564,1.6090152498128716
method2,5.0,173.2,642.0317,4.1508676681711,1.61459048330784
method2,5.0,173.3,642.1317,4.151915432090495,1.6201705445162249
method2,5.0,173.4,642.2317,4.15296319600989,1.6257506057246085
method2,5.0,173.5,642.3317,4.153988724099715,1.6313354061264151
method2,5.0,173.6,642.4317,4.15501425218954,1.6369202065282216
method2,5.0,173.7,642.5317,4.15601752329907,1.64250965750866
method2,5.0,173.8,642.6317,4.1570207944086,1.6480991084891
method2,5.0,173.9,642.7317,4.15800178774029,1.6536931213400015
method2,5.0,174.0,642.8317,4.158982781071981,1.659287134190903
method2,5.0,174.1,642.9317,4.159941476181871,1.6648856201121165
method2,5.0,174.2,643.0317,4.16090017129176,1.67048410603333
method2,5.0,174.3,643.1317,4.16183654808988,1.6760869761341501
method2,5.0,174.4,643.2317,4.162772924888,1.6816898462349685
method2,5.0,174.5,643.3317,4.16368696363878,1.6872970115355201
method2,5.0,174.6,643.4317,4.16460100238956,1.6929041768360715
method2,5.0,174.7,643.5317,4.16549268371221,1.6985155482687349
method2,5.0,174.8,643.6317,4.16638436503486,1.7041269197014
method2,5.0,174.9,643.7317,4.167253669903755,1.7097424081122465
method2,5.0,175.0,643.8317,4.1681229747726505,1.7153578965230931
method2,5.0,175.1,643.9317,4.168969884517725,1.7209774126732666
method2,5.0,175.2,644.0317,4.1698167942628,1.72659692882344
method2,5.0,175.3,644.1317,4.17064129056989,1.7322203833905898
method2,5.0,175.4,644.2317,4.17146578687698,1.7378438379577383
method2,5.0,175.5,644.3317,4.172267851788245,1.743471141537455
method2,5.0,175.6,644.4317,4.17306991669951,1.7490984451171716
method2,5.0,175.7,644.5317,4.173849532613745,1.7547295082243801
method2,5.0,175.8,644.6317,4.17462914852798,1.76036057133159
method2,5.0,175.9,644.7317,4.175386298201,1.7659953044019865
method2,5.0,176.0,644.8317,4.17614344787402,1.771630037472383
method2,5.0,176.1,644.9317,4.176878114419015,1.7772683508638616
method2,5.0,176.2,645.0317,4.17761278096401,1.78290666425534
method2,5.0,176.3,645.1317,4.17832494785187,1.78854846824942
method2,5.0,176.4,645.2317,4.17903711473973,1.7941902722434984
method2,5.0,176.5,645.3317,4.17972676579941,1.799835477046745
method2,5.0,176.6,645.4317,4.18041641685909,1.8054806818499916
method2,5.0,176.7,645.5317,4.181083536277935,1.81112919759544
method2,5.0,176.8,645.6317,4.18175065569678,1.81677771334089
method2,5.0,176.9,645.7317,4.182395228020845,1.8224294500894966
method2,5.0,177.0,645.8317,4.18303980034491,1.828081186838103
method2,5.0,177.1,645.9317,4.183661810479306,1.8337360545801566
method2,5.0,177.2,646.0317,4.1842838206137,1.83939092232221
method2,5.0,177.3,646.1317,4.1848832538228855,1.845048830978775
method2,5.0,177.4,646.2317,4.18548268703207,1.8507067396353385
method2,5.0,177.5,646.3317,4.18605952894019,1.856367599059685
method2,5.0,177.6,646.4317,4.18663637084831,1.8620284584840316
method2,5.0,177.7,646.5317,4.187190607439476,1.867692178463085
method2,5.0,177.8,646.6317,4.18774484403064,1.87335589844214
method2,5.0,177.9,646.7317,4.188276461649256,1.8790223886978965
method2,5.0,178.0,646.8317,4.18880807926787,1.8846888789536533
method2,5.0,178.1,646.9317,4.18931706461891,1.8903580491446317
method2,5.0,178.2,647.0317,4.18982604996995,1.89602721933561
method2,5.0,178.3,647.1317,4.190312390119245,1.901698979058305
method2,5.0,178.4,647.2317,4.19079873026854,1.9073707387809984
method2,5.0,178.5,647.3317,4.1912624126430895,1.91304499757129
method2,5.0,178.6,647.4317,4.19172609501764,1.9187192563615816
method2,5.0,178.7,647.5317,4.192167107405854,1.92439592369621
method2,5.0,178.8,647.6317,4.19260811979407,1.93007259103084
method2,5.0,178.9,647.7317,4.193026450346065,1.9357515763288267
method2,5.0,179.0,647.8317,4.19344478089806,1.9414305616268133
method2,5.0,179.1,647.9317,4.193840418125911,1.9471117742509165
method2,5.0,179.2,648.0317,4.19423605535376,1.95279298687502
method2,5.0,179.3,648.1317,4.194608988131774,1.95847633613319
method2,5.0,179.4,648.2317,4.19498192090979,1.9641596853913585
method2,5.0,179.5,648.3317,4.19533213847475,1.969845080538165
method2,5.0,179.6,648.4317,4.19568235603971,1.9755304756849716
method2,5.0,179.7,648.5317,4.1960098479911245,1.981217825923065
method2,5.0,179.8,648.6317,4.19633733994254,1.98690517616116
method2,5.0,179.9,648.7317,4.196642096242905,1.9925943906427317
method2,5.0,180.0,648.8317,4.19694685254327,1.9982836051243034
method2,5.0,180.1,648.9317,4.1972288635182755,2.0039745929525066
method2,5.0,180.2,649.0317,4.19751087449328,2.00966558078071
method2,5.0,180.3,649.1317,4.19777013083206,2.015358251011145
method2,5.0,180.4,649.2317,4.19802938717084,2.0210509212415784
method2,5.0,180.5,649.3317,4.1982658799262005,2.0267451828837304
method2,5.0,180.6,649.4317,4.19850237268156,2.032439444525882
method2,5.0,180.7,649.5317,4.19871609327019,2.03813520654456
method2,5.0,180.8,649.6317,4.19892981385882,2.04383096856324
method2,5.0,180.9,649.7317,4.199120754061515,2.049528139880077
method2,5.0,181.0,649.8317,4.19931169426421,2.055225311196913
method2,5.0,181.1,649.9317,4.199479846226065,2.0609238006917616
method2,5.0,181.2,650.0317,4.19964799818792,2.06662229018661
method2,5.0,181.3,650.1317,4.199793354418549,2.072322006699065
method2,5.0,181.4,650.2317,4.19993871064918,2.0780217232115183
method2,5.0,181.5,650.3317,4.20006126402291,2.083722575542315
method2,5.0,181.6,650.4317,4.20018381739664,2.0894234278731116
method2,5.0,181.7,650.5317,4.2002835611526805,2.09512532478563
method2,5.0,181.8,650.6317,4.20038330490872,2.10082722169815
method2,5.0,181.9,650.7317,4.200460232651385,2.1065300719198516
method2,5.0,182.0,650.8317,4.20053716039405,2.112232922141553
method2,5.0,182.1,650.9317,4.200591266092905,2.1179366343654467
method2,5.0,182.2,651.0317,4.20064537179176,2.12364034658934
method2,5.0,182.3,651.1317,4.200676649781805,2.12934482947544
method2,5.0,182.4,651.2317,4.20070792777185,2.1350493123615384
method2,5.0,182.5,651.3317,4.2007163727537,2.140754474538345
method2,5.0,182.6,651.4317,4.20072481773555,2.146459636715152
method2,5.0,182.7,651.5317,4.200710424775575,2.15216538678109
method2,5.0,182.8,651.6317,4.2006960318156,2.15787113684703
method2,5.0,182.9,651.7317,4.2006587963461,2.1635773833719316
method2,5.0,183.0,651.8317,4.2006215608766,2.169283629896833
method2,5.0,183.1,651.9317,4.200561478695935,2.1749902814233866
method2,5.0,183.2,652.0317,4.20050139651527,2.18069693294994
method2,5.0,183.3,652.1317,4.200418463788026,2.18640389799518
method2,5.0,183.4,652.2317,4.20033553106078,2.1921108630404182
method2,5.0,183.5,652.3317,4.20022974431789,2.197818050097175
method2,5.0,183.6,652.4317,4.200123957575,2.2035252371539316
method2,5.0,183.7,652.5317,4.19999531371389,2.209232554692285
method2,5.0,183.8,652.6317,4.19986666985278,2.21493987223064
method2,5.0,183.9,652.7317,4.199715166137479,2.2206472286994168
method2,5.0,184.0,652.8317,4.19956366242218,2.226354585168193
method2,5.0,184.1,652.9317,4.199389296483449,2.2320618889964265
method2,5.0,184.2,653.0317,4.19921493054472,2.23776919282466
method2,5.0,184.3,653.1317,4.19901770038018,2.24347635242304
method2,5.0,184.4,653.2317,4.19882047021564,2.249183512021418
method2,5.0,184.5,653.3317,4.198600374189855,2.25489043578379
method2,5.0,184.6,653.4317,4.19838027816407,2.260597359546162
method2,5.0,184.7,653.5317,4.198137315008665,2.26630395585097
method2,5.0,184.8,653.6317,4.19789435185326,2.27201055215578
method2,5.0,184.9,653.7317,4.19762852066702,2.2777167293675618
method2,5.0,185.0,653.8317,4.19736268948078,2.283422906579343
method2,5.0,185.1,653.9317,4.19707398972973,2.2891285730501716
method2,5.0,185.2,654.0317,4.19678528997868,2.294834239521
method2,5.0,185.3,654.1317,4.196473721496185,2.3005393035920054
method2,5.0,185.4,654.2317,4.19616215301369,2.3062443676630084
method2,5.0,185.5,654.3317,4.195827716000515,2.31194873766579
method2,5.0,185.6,654.4317,4.19549327898734,2.317653107668572
method2,5.0,185.7,654.5317,4.195135974011739,2.323356691926705
method2,5.0,185.8,654.6317,4.19477866903614,2.32906027618484
method2,5.0,185.9,654.7317,4.194398497033925,2.3347629830153567
method2,5.0,186.0,654.8317,4.19401832503171,2.340465689845873
method2,5.0,186.1,654.9317,4.193615287306304,2.3461674275607165
method2,5.0,186.2,655.0317,4.1932122495809,2.35186916527556
method2,5.0,186.3,655.1317,4.19278634780338,2.35756984218306
method2,5.0,186.4,655.2317,4.19236044602586,2.363270519090558
method2,5.0,186.5,655.3317,4.191911682235045,2.368970043496925
method2,5.0,186.6,655.4317,4.19146291844423,2.374669567903292
method2,5.0,186.7,655.5317,4.190991295046684,2.380367848114055
method2,5.0,186.8,655.6317,4.19051967164914,2.38606612832482
method2,5.0,186.9,655.7317,4.190025191419235,2.3917630726463566
method2,5.0,187.0,655.8317,4.18953071118933,2.397460016967893
method2,5.0,187.1,655.9317,4.189013377269265,2.4031555337088366
method2,5.0,187.2,656.0317,4.1884960433492,2.40885105044978
method2,5.0,187.3,656.1317,4.18795585924904,2.41454504792256
method2,5.0,187.4,656.2317,4.18741567514888,2.420239045395338
method2,5.0,187.5,656.3317,4.186852644746555,2.425931431917615
method2,5.0,187.6,656.4317,4.18628961434423,2.431623818439892
method2,5.0,187.7,656.5317,4.185703741885581,2.43731450233605
method2,5.0,187.8,656.6317,4.18511786942693,2.44300518623221
method2,5.0,187.9,656.7317,4.18450915952568,2.4486940758348266
method2,5.0,188.0,656.8317,4.18390044962443,2.454382965437443
method2,5.0,188.1,656.9317,4.183268907262215,2.4600699690887717
method2,5.0,188.2,657.0317,4.1826373649,2.4657569727401
method2,5.0,188.3,657.1317,4.181982995426354,2.47144199879354
method2,5.0,188.4,657.2317,4.18132862595271,2.477127024846978
method2,5.0,188.5,657.3317,4.1806514350850605,2.4828099816685603
method2,5.0,188.6,657.4317,4.17997424421741,2.488492938490142
method2,5.0,188.7,657.5317,4.17927423804105,2.49417373445999
method2,5.0,188.8,657.6317,4.17857423186469,2.49985453042984
method2,5.0,188.9,657.7317,4.17785141683278,2.5055330739436767
method2,5.0,189.0,657.8317,4.17712860180087,2.511211617457513
method2,5.0,189.1,657.9317,4.17638298473438,2.516887816928097
method2,5.0,189.2,658.0317,4.17563736766789,2.52256401639868
method2,5.0,189.3,658.1317,4.17486895575559,2.52823778025732
method2,5.0,189.4,658.2317,4.17410054384329,2.5339115441159583
method2,5.0,189.5,658.3317,4.173309344641704,2.539582780813965
method2,5.0,189.6,658.4317,4.17251814544012,2.545254017511972
method2,5.0,189.7,658.5317,4.171704166873485,2.55092263552215
method2,5.0,189.8,658.6317,4.17089018830685,2.55659125353233
method2,5.0,189.9,658.7317,4.17005343866705,2.5622571613504466
method2,5.0,190.0,658.8317,4.169216689027249,2.5679230691685633
method2,5.0,190.1,658.9317,4.16835717697378,2.573586175314827
method2,5.0,190.2,659.0317,4.16749766492031,2.57924928146109
method2,5.0,190.3,659.1317,4.1666153994801896,2.58490949448163
method2,5.0,190.4,659.2317,4.16573313404007,2.5905697075021683
method2,5.0,190.5,659.3317,4.1648281246078005,2.5962269359705203
method2,5.0,190.6,659.4317,4.16392311517553,2.601884164438872
method2,5.0,190.7,659.5317,4.162995371513,2.607538316957425
method2,5.0,190.8,659.6317,4.16206762785047,2.61319246947598
method2,5.0,190.9,659.7317,4.161117160086885,2.6188434546774917
method2,5.0,191.0,659.8317,4.160166692323299,2.6244944398790033
method2,5.0,191.1,659.9317,4.159193510955085,2.6301421664280316
method2,5.0,191.2,660.0317,4.15822032958687,2.63578989297706
method2,5.0,191.3,660.1317,4.1572244454775955,2.641434269571495
method2,5.0,191.4,660.2317,4.15622856136832,2.6470786461659284
method2,5.0,191.5,660.3317,4.155209985748575,2.652719581538425
method2,5.0,191.6,660.4317,4.15419141012883,2.6583605169109217
method2,5.0,191.7,660.5317,4.15315015459615,2.6639979198303747
method2,5.0,191.8,660.6317,4.15210889906347,2.66963532274983
method2,5.0,191.9,660.7317,4.151044975582209,2.675269102022882
method2,5.0,192.0,660.8317,4.149981052100949,2.6809028812959332
method2,5.0,192.1,660.9317,4.1488944730021595,2.6865329457684117
method2,5.0,192.2,661.0317,4.14780789390337,2.69216301024089
method2,5.0,192.3,661.1317,4.146698671884685,2.6977892687993252
method2,5.0,192.4,661.2317,4.145589449866,2.703415527357758
method2,5.0,192.5,661.3317,4.14445759799152,2.7090378889308147
method2,5.0,192.6,661.4317,4.14332574611704,2.7146602505038717
method2,5.0,192.7,661.5317,4.142171277817165,2.720278624063835
method2,5.0,192.8,661.6317,4.14101680951729,2.7258969976238
method2,5.0,192.9,661.7317,4.13983973858862,2.7315112921880766
method2,5.0,193.0,661.8317,4.138662667659949,2.737125586752353
method2,5.0,193.1,661.9317,4.13746300826511,2.7427357113849067
method2,5.0,193.2,662.0317,4.13626334887027,2.74834583601746
method2,5.0,193.3,662.1317,4.135041115537765,2.7539516998303
method2,5.0,193.4,662.2317,4.13381888220526,2.7595575636431384
method2,5.0,193.5,662.3317,4.13257408982932,2.765159075797805
method2,5.0,193.6,662.4317,4.13132929745338,2.7707605879524717
method2,5.0,193.7,662.5317,4.1300619612938,2.776357657661475
method2,5.0,193.8,662.6317,4.12879462513422,2.78195472737048
method2,5.0,193.9,662.7317,4.12750476081618,2.7875472638988117
method2,5.0,194.0,662.8317,4.126214896498139,2.7931398004271433
method2,5.0,194.1,662.9317,4.124902520012045,2.798727713093717
method2,5.0,194.2,663.0317,4.12359014352595,2.80431562576029
method2,5.0,194.3,663.1317,4.122255271227225,2.809898823939415
method2,5.0,194.4,663.2317,4.1209203989285,2.8154820221185384
method2,5.0,194.5,663.3317,4.119563047537425,2.8210604152414103
method2,5.0,194.6,663.4317,4.11820569614635,2.8266388083642817
method2,5.0,194.7,663.5317,4.11682588274786,2.83221230592042
method2,5.0,194.8,663.6317,4.11544606934937,2.83778580347656
method2,5.0,194.9,663.7317,4.114043811392845,2.843354315015307
method2,5.0,195.0,663.8317,4.112641553436319,2.848922826554053
method2,5.0,195.1,663.9317,4.1112168687354,2.8544862616860165
method2,5.0,195.2,664.0317,4.10979218403448,2.86004969681798
method2,5.0,195.3,664.1317,4.108345090766839,2.86560796521651
method2,5.0,195.4,664.2317,4.1068979974992,2.871166233615038
method2,5.0,195.5,664.3317,4.105428514206325,2.8767192450177097
method2,5.0,195.6,664.4317,4.10395903091345,2.8822722564203818
method2,5.0,195.7,664.5317,4.102467176500435,2.8878199206304247
method2,5.0,195.8,664.6317,4.10097532208742,2.89336758484047
method2,5.0,195.9,664.7317,4.0994611158227245,2.8989098117282666
method2,5.0,196.0,664.8317,4.097946909558029,2.9044520386160633
method2,5.0,196.1,664.9317,4.096410371073245,2.9099887381205867
method2,5.0,196.2,665.0317,4.09487383258846,2.91552543762511
method2,5.0,196.3,665.1317,4.0933149818780805,2.921056519755415
method2,5.0,196.4,665.2317,4.0917561311677,2.926587601885718
method2,5.0,196.5,665.3317,4.090174988588855,2.932112976722385
method2,5.0,196.6,665.4317,4.088593846010009,2.937638351559052
method2,5.0,196.7,665.5317,4.086990432282235,2.9431579292556354
method2,5.0,196.8,665.6317,4.08538701855446,2.94867750695222
method2,5.0,196.9,665.7317,4.083761354759415,2.9541911977367468
method2,5.0,197.0,665.8317,4.082135690964369,2.959704888521273
method2,5.0,197.1,665.9317,4.080487798545599,2.9652126026976617
method2,5.0,197.2,666.0317,4.07883990612683,2.97072031687405
method2,5.0,197.3,666.1317,4.07716980688948,2.97622196482361
method2,5.0,197.4,666.2317,4.075499707652131,2.9817236127731683
method2,5.0,197.5,666.3317,4.07380742376266,2.98721910495602
method2,5.0,197.6,666.4317,4.072115139873189,2.9927145971388716
method2,5.0,197.7,666.5317,4.070400693859125,2.9982038440954097
method2,5.0,197.8,666.6317,4.06868624784506,3.00369309105195
method2,5.0,197.9,666.7317,4.066949662594659,3.0091760034043467
method2,5.0,198.0,666.8317,4.065213077344259,3.014658915756743
method2,5.0,198.1,666.9317,4.063454376106269,3.0201354042103166
method2,5.0,198.2,667.0317,4.06169567486828,3.02561189266389
method2,5.0,198.3,667.1317,4.05991488125159,3.03108186800865
method2,5.0,198.4,667.2317,4.058134087634901,3.0365518433534087
method2,5.0,198.5,667.3317,4.056331225608275,3.042015216465435
method2,5.0,198.6,667.4317,4.054528363581649,3.0474785895774614
method2,5.0,198.7,667.5317,4.052703457473395,3.0529352714204103
method2,5.0,198.8,667.6317,4.05087855136514,3.05839195326336
method2,5.0,198.9,667.7317,4.049031625862789,3.0638418548898714
method2,5.0,199.0,667.8317,4.0471847003604395,3.069291756516383
method2,5.0,199.1,667.9317,4.04531578051044,3.074734789069556
method2,5.0,199.2,668.0317,4.04344686066044,3.08017782162273
method2,5.0,199.3,668.1317,4.041555971867815,3.0856138963375797
method2,5.0,199.4,668.2317,4.039665083075191,3.0910499710524286
method2,5.0,199.5,668.3317,4.0377522511032105,3.096478999257295
method2,5.0,199.6,668.4317,4.0358394191312295,3.1019080274621613
method2,5.0,199.7,668.5317,4.033904670101065,3.10732992058019
method2,5.0,199.8,668.6317,4.0319699210709,3.11275181369822
method2,5.0,199.9,668.7317,4.030013281461295,3.1181664832488014
method2,5.0,200.0,668.8317,4.028056641851689,3.123581152799383
method2,5.0,200.1,668.9317,4.026078138498569,3.1289885103995716
method2,5.0,200.2,669.0317,4.02409963514545,3.13439586799976
method2,5.0,200.3,669.1317,4.02209929524161,3.1397958253657547
method2,5.0,200.4,669.2317,4.020098955337771,3.1451957827317485
method2,5.0,200.5,669.3317,4.018076806432485,3.150588251680295
method2,5.0,200.6,669.4317,4.016054657527199,3.1559807206288415
method2,5.0,200.7,669.5317,4.01401072752585,3.161365613078705
method2,5.0,200.8,669.6317,4.0119667975245,3.16675050552857
method2,5.0,200.9,669.7317,4.009901114688215,3.1721277335019513
method2,5.0,201.0,669.8317,4.007835431851929,3.177504961475333
method2,5.0,201.1,669.9317,4.0057480247971995,3.182874437099301
method2,5.0,201.2,670.0317,4.00366061774247,3.18824391272327
method2,5.0,201.3,670.1317,4.00155151544075,3.193605548231235
method2,5.0,201.4,670.2317,3.9994424131390303,3.1989671837391986
method2,5.0,201.5,670.3317,3.9973116449163646,3.204320891472295
method2,5.0,201.6,670.4317,3.9951808766936994,3.209674599205391
method2,5.0,201.7,670.5317,3.9930284722303,3.215020291613945
method2,5.0,201.8,670.6317,3.9908760677669,3.2203659840225
method2,5.0,201.9,670.7317,3.9887020570967597,3.2257035736674515
method2,5.0,202.0,670.8317,3.986528046426619,3.231041163312403
method2,5.0,202.1,670.9317,3.9843324599371144,3.236370562866721
method2,5.0,202.2,671.0317,3.98213687344761,3.24169996242104
method2,5.0,202.3,671.1317,3.9799197418790397,3.24702108467118
method2,5.0,202.4,671.2317,3.9777026103104705,3.252342206921319
method2,5.0,202.5,671.3317,3.97546396475568,3.25765496476862
method2,5.0,202.6,671.4317,3.9732253192008895,3.2629677226159215
method2,5.0,202.7,671.5317,3.97096519110482,3.26827202907805
method2,5.0,202.8,671.6317,3.96870506300875,3.27357633554018
method2,5.0,202.9,671.7317,3.9664234841680197,3.2788721037525512
method2,5.0,203.0,671.8317,3.964141905327289,3.284167871964923
method2,5.0,203.1,671.9317,3.9618389078897347,3.2894550151821065
method2,5.0,203.2,672.0317,3.95953591045218,3.29474215839929
method2,5.0,203.3,672.1317,3.957211526916425,3.300020589996445
method2,5.0,203.4,672.2317,3.9548871433806703,3.3052990215935987
method2,5.0,203.5,672.3317,3.952541406595675,3.3105686550679048
method2,5.0,203.6,672.4317,3.9501956698106793,3.3158382885422113
method2,5.0,203.7,672.5317,3.94782861297529,3.32109903751424
method2,5.0,203.8,672.6317,3.9454615561399,3.32635978648627
method2,5.0,203.9,672.7317,3.943073212802369,3.3316115647014612
method2,5.0,204.0,672.8317,3.940684869464839,3.336863342916653
method2,5.0,204.1,672.9317,3.938275273522369,3.3421060642466762
method2,5.0,204.2,673.0317,3.9358656775799,3.3473487855767
method2,5.0,204.3,673.1317,3.93343486327817,3.352582364020895
method2,5.0,204.4,673.2317,3.931004048976441,3.3578159424650886
method2,5.0,204.5,673.3317,3.9285520509091247,3.363040292151865
method2,5.0,204.6,673.4317,3.926100052841809,3.3682646418386413
method2,5.0,204.7,673.5317,3.92362690595011,3.373479677026885
method2,5.0,204.8,673.6317,3.92115375905841,3.37869471221513
method2,5.0,204.9,673.7317,3.918659498630519,3.3839003472956164
method2,5.0,205.0,673.8317,3.9161652382026286,3.389105982376103
method2,5.0,205.1,673.9317,3.9136498998732994,3.394302131872901
method2,5.0,205.2,674.0317,3.91113456154397,3.3994982813697
method2,5.0,205.3,674.1317,3.90859818129395,3.40468485994157
method2,5.0,205.4,674.2317,3.906061801043931,3.4098714385134388
method2,5.0,205.5,674.3317,3.903504415199495,3.415048360955235
method2,5.0,205.6,674.4317,3.900947029355059,3.4202252833970315
method2,5.0,205.7,674.5317,3.898368674587495,3.42539246464109
method2,5.0,205.8,674.6317,3.89579031981993,3.43055964588515
method2,5.0,205.9,674.7317,3.893191033144999,3.4357170010027165
method2,5.0,206.0,674.8317,3.8905917464700686,3.440874356120283
method2,5.0,206.1,674.9317,3.887971565247484,3.446021800322866
method2,5.0,206.2,675.0317,3.8853513840249,3.45116924452545
method2,5.0,206.3,675.1317,3.882710345957825,3.45630669316626
method2,5.0,206.4,675.2317,3.880069307890751,3.4614441418070685
method2,5.0,206.5,675.3317,3.8774074510252303,3.466571510382365
method2,5.0,206.6,675.4317,3.8747455941597093,3.4716988789576613
method2,5.0,206.7,675.5317,3.872062956884135,3.47681608310816
method2,5.0,206.8,675.6317,3.86938031960856,3.48193328725866
method2,5.0,206.9,675.7317,3.866676940653149,3.4870402427709415
method2,5.0,207.0,675.8317,3.8639735616977386,3.4921471982832233
method2,5.0,207.1,675.9317,3.861249480133939,3.4972438210910717
method2,5.0,207.2,676.0317,3.85852539857014,3.50234044389892
method2,5.0,207.3,676.1317,3.855780653810105,3.507426650084745
method2,5.0,207.4,676.2317,3.853035909050071,3.5125128562705688
method2,5.0,207.5,676.3317,3.8502705408460898,3.5175885620667753
method2,5.0,207.6,676.4317,3.847505172642109,3.5226642678629814
method2,5.0,207.7,676.5317,3.84471922108603,3.5277293896533397
method2,5.0,207.8,676.6317,3.84193326952995,3.5327945114437
method2,5.0,207.9,676.7317,3.8391267750525944,3.5378489657647214
method2,5.0,208.0,676.8317,3.8363202805752383,3.5429034200857425
method2,5.0,208.1,676.9317,3.8334932839458493,3.5479471236280764
method2,5.0,208.2,677.0317,3.83066628731646,3.55299082717041
method2,5.0,208.3,677.1317,3.8278188296420996,3.5580236967801797
method2,5.0,208.4,677.2317,3.8249713719677407,3.5630565663899487
method2,5.0,208.5,677.3317,3.822103494692685,3.5680785190701547
method2,5.0,208.6,677.4317,3.819235617417629,3.573100471750361
method2,5.0,208.7,677.5317,3.81634736232281,3.5781114246622296
method2,5.0,208.8,677.6317,3.81345910722799,3.5831223775741
method2,5.0,208.9,677.7317,3.810550516430334,3.5881222480384563
method2,5.0,209.0,677.8317,3.8076419256326783,3.5931221185028126
method2,5.0,209.1,677.9317,3.804713041584569,3.5981108240014263
method2,5.0,209.2,678.0317,3.80178415753646,3.60309952950004
method2,5.0,209.3,678.1317,3.79883502302505,3.608076987677025
method2,5.0,209.4,678.2317,3.795885888513641,3.613054445854009
method2,5.0,209.5,678.3317,3.7929165466603,3.6180205745171348
method2,5.0,209.6,678.4317,3.789947204806959,3.622986703180261
method2,5.0,209.7,678.5317,3.7869576990666003,3.62794142030234
method2,5.0,209.8,678.6317,3.78396819332624,3.63289613742442
method2,5.0,209.9,678.7317,3.780958567486714,3.6378393611446564
method2,5.0,210.0,678.8317,3.777948941647188,3.6427825848648925
method2,5.0,210.1,678.9317,3.7749192398286393,3.6477142334902113
method2,5.0,210.2,679.0317,3.77188953801009,3.65264588211553
method2,5.0,210.3,679.1317,3.76883980466432,3.657565874121965
method2,5.0,210.4,679.2317,3.765790071318551,3.6624858661283985
method2,5.0,210.5,679.3317,3.762720351228355,3.667394120162405
method2,5.0,210.6,679.4317,3.7596506311381592,3.6723023741964114
method2,5.0,210.7,679.5317,3.75656096941671,3.677198809076215
method2,5.0,210.8,679.6317,3.75347130769526,3.68209524395602
method2,5.0,210.9,679.7317,3.750361749785409,3.6869797786729865
method2,5.0,211.0,679.8317,3.747252191875558,3.6918643133899525
method2,5.0,211.1,679.9317,3.744122783549194,3.6967368671098764
method2,5.0,211.2,680.0317,3.74099337522283,3.7016094208298
method2,5.0,211.3,680.1317,3.73784416258021,3.70646991289429
method2,5.0,211.4,680.2317,3.734694949937591,3.7113304049587788
method2,5.0,211.5,680.3317,3.731525979406665,3.716178754886565
method2,5.0,211.6,680.4317,3.728357008875739,3.7210271048143513
method2,5.0,211.7,680.5317,3.725168327211465,3.725863232302615
method2,5.0,211.8,680.6317,3.72197964554719,3.73069935979088
method2,5.0,211.9,680.7317,3.718771299830844,3.7355231847166066
method2,5.0,212.0,680.8317,3.7155629541144983,3.7403470096423326
method2,5.0,212.1,680.9317,3.712334991753014,3.7451584520635963
method2,5.0,212.2,681.0317,3.70910702939153,3.74996989448486
method2,5.0,212.3,681.1317,3.70585949811676,3.754768874642195
method2,5.0,212.4,681.2317,3.702611966841991,3.7595678547995286
method2,5.0,212.5,681.3317,3.69934491471004,3.764354293117205
method2,5.0,212.6,681.4317,3.6960778625780892,3.7691407314348813
method2,5.0,212.7,681.5317,3.6927913379685853,3.7739145485222503
method2,5.0,212.8,681.6317,3.68950481335908,3.77868836560962
method2,5.0,212.9,681.7317,3.686198864974489,3.7834494822624314
method2,5.0,213.0,681.8317,3.682892916589898,3.7882105989152426
method2,5.0,213.1,681.9317,3.679567593454774,3.7929589361169365
method2,5.0,213.2,682.0317,3.67624227031965,3.79770727331863
method2,5.0,213.3,682.1317,3.67289762177993,3.80244275224166
method2,5.0,213.4,682.2317,3.669552973240211,3.8071782311646887
method2,5.0,213.5,682.3317,3.666189048962495,3.811900773171835
method2,5.0,213.6,682.4317,3.662825124684779,3.8166233151789815
method2,5.0,213.7,682.5317,3.6594419746555853,3.821332841824635
method2,5.0,213.8,682.6317,3.65605882462639,3.82604236847029
method2,5.0,213.9,682.7317,3.652656499151409,3.8307388015017763
method2,5.0,214.0,682.8317,3.6492541736764283,3.8354352345332625
method2,5.0,214.1,682.9317,3.645832723379809,3.840118495892116
method2,5.0,214.2,683.0317,3.64241127308319,3.84480175725097
method2,5.0,214.3,683.1317,3.6389707489067447,3.8494717690742597
method2,5.0,214.4,683.2317,3.6355302247303007,3.8541417808975487
method2,5.0,214.5,683.3317,3.6320706779328003,3.85879846551914
method2,5.0,214.6,683.4317,3.6286111311352993,3.8634551501407315
method2,5.0,214.7,683.5317,3.6251326132916804,3.868098430092595
method2,5.0,214.8,683.6317,3.62165409544806,3.87274171004446
method2,5.0,214.9,683.7317,3.618156658448674,3.8773715080579665
method2,5.0,215.0,683.8317,3.614659221449288,3.882001306071473
method2,5.0,215.1,683.9317,3.611142917499124,3.886617545078636
method2,5.0,215.2,684.0317,3.60762661354896,3.8912337840858
method2,5.0,215.3,684.1317,3.6040914951668697,3.8958363872206103
method2,5.0,215.4,684.2317,3.600556376784781,3.900438990355419
method2,5.0,215.5,684.3317,3.597002496802715,3.9050278809550854
method2,5.0,215.6,684.4317,3.593448616820649,3.9096167715547514
method2,5.0,215.7,684.5317,3.5898760283828453,3.91419187316099
method2,5.0,215.8,684.6317,3.58630343994504,3.91876697476723
method2,5.0,215.9,684.7317,3.582712196507249,3.9233282111275463
method2,5.0,216.0,684.8317,3.5791209530694577,3.9278894474878627
method2,5.0,216.1,684.9317,3.575511108398144,3.932436742556776
method2,5.0,216.2,685.0317,3.57190126372683,3.93698403762569
method2,5.0,216.3,685.1317,3.56827287189837,3.941517315566065
method2,5.0,216.4,685.2317,3.564644480069911,3.9460505935064387
method2,5.0,216.5,685.3317,3.56099759546979,3.9505697786907
method2,5.0,216.6,685.4317,3.557350710869669,3.955088963874961
method2,5.0,216.7,685.5317,3.55368538819166,3.9595939808863596
method2,5.0,216.8,685.6317,3.55002006551365,3.96409899789776
method2,5.0,216.9,685.7317,3.546336359759009,3.968589771531656
method2,5.0,217.0,685.8317,3.542652654004368,3.9730805451655526
method2,5.0,217.1,685.9317,3.538950620481004,3.977557000430626
method2,5.0,217.2,686.0317,3.53524858695764,3.9820334556957
method2,5.0,217.3,686.1317,3.5315282812792903,3.98649551781525
method2,5.0,217.4,686.2317,3.527807975600941,3.9909575799347987
method2,5.0,217.5,686.3317,3.52406945368634,3.99540517434794
method2,5.0,217.6,686.4317,3.5203309317717393,3.999852768761081
method2,5.0,217.7,686.5317,3.516574249843785,4.004285821124035
method2,5.0,217.8,686.6317,3.51281756791583,4.00871887348699
method2,5.0,217.9,686.7317,3.509042782500739,4.013137309674281
method2,5.0,218.0,686.8317,3.5052679970856477,4.017555745861572
method2,5.0,218.1,686.9317,3.5014751650120988,4.021959491967306
method2,5.0,218.2,687.0317,3.49768233293855,4.02636323807304
method2,5.0,218.3,687.1317,3.4938715113368497,4.030752220412105
method2,5.0,218.4,687.2317,3.490060689735151,4.035141202751169
method2,5.0,218.5,687.3317,3.486231936036365,4.039515347860485
method2,5.0,218.6,687.4317,3.482403182337579,4.043889492969801
method2,5.0,218.7,687.5317,3.4785565542726746,4.0482487276095345
method2,5.0,218.8,687.6317,3.47470992620777,4.05260796224927
method2,5.0,218.9,687.7317,3.470845481806734,4.056952213404076
method2,5.0,219.0,687.8317,3.4669810374056977,4.0612964645588825
method2,5.0,219.1,687.9317,3.463098834996699,4.065625659439101
method2,5.0,219.2,688.0317,3.4592166325877,4.06995485431932
method2,5.0,219.3,688.1317,3.4553167307961647,4.07426892036222
method2,5.0,219.4,688.2317,3.4514168290046308,4.078582986405119
method2,5.0,219.5,688.3317,3.44749928675241,4.08288185127609
method2,5.0,219.6,688.4317,3.4435817445001886,4.087180716147061
method2,5.0,219.7,688.5317,3.4396466210046297,4.091464307740825
method2,5.0,219.8,688.6317,3.43571149750907,4.09574789933459
method2,5.0,219.9,688.7317,3.431758852282144,4.100016145776427
method2,5.0,220.0,688.8317,3.4278062070552178,4.104284392218263
method2,5.0,220.1,688.9317,3.4238360999026236,4.1085372218651965
method2,5.0,220.2,689.0317,3.41986599275003,4.11279005151213
method2,5.0,220.3,689.1317,3.415878483770295,4.11702739295413
method2,5.0,220.4,689.2317,3.4118909747905612,4.121264734396129
method2,5.0,220.5,689.3317,3.407886124374115,4.12548651645732
method2,5.0,220.6,689.4317,3.4038812739576687,4.129708298518511
method2,5.0,220.7,689.5317,3.39985914278596,4.13391445025834
method2,5.0,220.8,689.6317,3.39583701161425,4.13812060199817
method2,5.0,220.9,689.7317,3.391797660658794,4.142311052712631
method2,5.0,221.0,689.8317,3.387758309703338,4.146501503427093
method2,5.0,221.1,689.9317,3.3837018002248387,4.150676182649881
method2,5.0,221.2,690.0317,3.37964529074634,4.15485086187267
method2,5.0,221.3,690.1317,3.3755716842937247,4.159009699376375
method2,5.0,221.4,690.2317,3.371498077841111,4.163168536880079
method2,5.0,221.5,690.3317,3.3674074362506197,4.167311462677375
method2,5.0,221.6,690.4317,3.3633167946601286,4.171454388474671
method2,5.0,221.7,690.5317,3.3592091800543846,4.17558133281947
method2,5.0,221.8,690.6317,3.35510156544864,4.17970827716427
method2,5.0,221.9,690.7317,3.3509770402356787,4.183819170552911
method2,5.0,222.0,690.8317,3.346852515022718,4.187930063941553
method2,5.0,222.1,690.9317,3.342711141895079,4.192024837113956
method2,5.0,222.2,691.0317,3.33856976876744,4.19611961028636
method2,5.0,222.3,691.1317,3.3344116107011903,4.200198194227205
method2,5.0,222.4,691.2317,3.3302534526349414,4.204276778168049
method2,5.0,222.5,691.3317,3.32607857288873,4.20833910410793
method2,5.0,222.6,691.4317,3.3219036931425188,4.2124014300478105
method2,5.0,222.7,691.5317,3.317712155256615,4.216447429464379
method2,5.0,222.8,691.6317,3.31352061737071,4.22049342888095
method2,5.0,222.9,691.7317,3.309312485166044,4.224523033500086
method2,5.0,223.0,691.8317,3.305104352961378,4.228552638119223
method2,5.0,223.1,691.9317,3.3008796905385687,4.232565779916176
method2,5.0,223.2,692.0317,3.29665502811576,4.23657892171313
method2,5.0,223.3,692.1317,3.2924138998541252,4.24057553291367
method2,5.0,223.4,692.2317,3.2881727715924916,4.244572144114209
method2,5.0,223.5,692.3317,3.283915242149105,4.24855215719575
method2,5.0,223.6,692.4317,3.2796577127057187,4.2525321702772905
method2,5.0,223.7,692.5317,3.2753838470143952,4.256495517970055
method2,5.0,223.8,692.6317,3.27110998132307,4.26045886566282
method2,5.0,223.9,692.7317,3.2668198445933836,4.264405480950951
method2,5.0,224.0,692.8317,3.2625297078636972,4.268352096239083
method2,5.0,224.1,692.9317,3.2582233655800037,4.272281912361786
method2,5.0,224.2,693.0317,3.25391702329631,4.27621172848449
method2,5.0,224.3,693.1317,3.24959454121673,4.280124678937145
method2,5.0,224.4,693.2317,3.245272059137151,4.2840376293897995
method2,5.0,224.5,693.3317,3.24093350329258,4.28793364792511
method2,5.0,224.6,693.4317,3.2365949474480087,4.291829666460421
method2,5.0,224.7,693.5317,3.232240384141115,4.295708687089499
method2,5.0,224.8,693.6317,3.22788582083422,4.29958770771858
method2,5.0,224.9,693.7317,3.2235153166384087,4.303449664712091
method2,5.0,225.0,693.8317,3.219144812442597,4.307311621705602
method2,5.0,225.1,693.9317,3.2147584342010336,4.3111564495948365
method2,5.0,225.2,694.0317,3.21037205595947,4.31500127748407
method2,5.0,225.3,694.1317,3.205969870784025,4.31882891106211
method2,5.0,225.4,694.2317,3.2015676856085813,4.322656544640149
method2,5.0,225.5,694.3317,3.1971497608788253,4.3264669189629
method2,5.0,225.6,694.4317,3.192731836149069,4.330277293285651
method2,5.0,225.7,694.5317,3.18829823951123,4.334070343672989
method2,5.0,225.8,694.6317,3.18386464287339,4.33786339406033
method2,5.0,225.9,694.7317,3.1794154422393386,4.341639056097191
method2,5.0,226.0,694.8317,3.1749662416052873,4.345414718134052
method2,5.0,226.1,694.9317,3.1705015051514835,4.349172927671496
method2,5.0,226.2,695.0317,3.16603676869768,4.35293113720894
method2,5.0,226.3,695.1317,3.161556564864125,4.35667183036526
method2,5.0,226.4,695.2317,3.157076361030571,4.360412523521579
method2,5.0,226.5,695.3317,3.15258075851978,4.364135636683385
method2,5.0,226.6,695.4317,3.148085156008989,4.367858749845191
method2,5.0,226.7,695.5317,3.143574223784935,4.37156421966847
method2,5.0,226.8,695.6317,3.13906329156088,4.37526968949175
method2,5.0,226.9,695.7317,3.134537098847904,4.378957452902951
method2,5.0,227.0,695.8317,3.1300109061349275,4.382645216314152
method2,5.0,227.1,695.9317,3.125469522416744,4.386315210511251
method2,5.0,227.2,696.0317,3.12092813869856,4.38998520470835
method2,5.0,227.3,696.1317,3.1163716337171197,4.39363736716194
method2,5.0,227.4,696.2317,3.1118151287356812,4.397289529615529
method2,5.0,227.5,696.3317,3.1072435724901597,4.400923798069835
method2,5.0,227.6,696.4317,3.1026720162446386,4.404558066524141
method2,5.0,227.7,696.5317,3.0980854789903347,4.408174378998115
method2,5.0,227.8,696.6317,3.09349894173603,4.41179069147209
method2,5.0,227.9,696.7317,3.088897493983279,4.4153889862604565
method2,5.0,228.0,696.8317,3.0842960462305276,4.418987281048822
method2,5.0,228.1,696.9317,3.079679758743659,4.4225674967231114
method2,5.0,228.2,697.0317,3.07506347125679,4.4261477123974
method2,5.0,228.3,697.1317,3.07043241505298,4.429709787807004
method2,5.0,228.4,697.2317,3.0658013588491713,4.433271863216609
method2,5.0,228.5,697.3317,3.06115560519742,4.43681573748984
method2,5.0,228.6,697.4317,3.056509851545669,4.440359611763071
method2,5.0,228.7,697.5317,3.051849471965655,4.443885224308151
method2,5.0,228.8,697.6317,3.04718909238564,4.44741083685323
method2,5.0,228.9,697.7317,3.0425141586466435,4.450918127359376
method2,5.0,229.0,697.8317,3.037839224907647,4.454425417865521
method2,5.0,229.1,697.9317,3.0331498090274334,4.457914326303926
method2,5.0,229.2,698.0317,3.02846039314722,4.46140323474233
method2,5.0,229.3,698.1317,3.02375656739095,4.46487370136722
method2,5.0,229.4,698.2317,3.0190527416346815,4.468344167992109
method2,5.0,229.5,698.3317,3.014334578513785,4.471796133341741
method2,5.0,229.6,698.4317,3.009616415392889,4.475248098691371
method2,5.0,229.7,698.5317,3.00488398766395,4.47868150358906
method2,5.0,229.8,698.6317,3.00015155993501,4.48211490848675
method2,5.0,229.9,698.7317,2.995404940598654,4.485529694041876
method2,5.0,230.0,698.8317,2.9906583212622975,4.488944479597002
method2,5.0,230.1,698.9317,2.985897583562054,4.492340587206002
method2,5.0,230.2,699.0317,2.98113684586181,4.495736694815
method2,5.0,230.3,699.1317,2.976362063283005,4.4991140661623845
method2,5.0,230.4,699.2317,2.971587280704201,4.502491437509769
method2,5.0,230.5,699.3317,2.966798526972795,4.5058500145691305
method2,5.0,230.6,699.4317,2.962009773241389,4.509208591628491
method2,5.0,230.7,699.5317,2.95720712232287,4.512548316663455
method2,5.0,230.8,699.6317,2.95240447140435,4.51588804169842
method2,5.0,230.9,699.7317,2.9475879975025685,4.519208857263681
method2,5.0,231.0,699.8317,2.942771523600787,4.5225296728289415
method2,5.0,231.1,699.9317,2.9379413011568336,4.525831521771201
method2,5.0,231.2,700.0317,2.93311107871288,4.52913337071346
method2,5.0,231.3,700.1317,2.9282671824039053,4.53241619617245
method2,5.0,231.4,700.2317,2.9234232860949314,4.535699021631439
method2,5.0,231.5,700.3317,2.918565790833025,4.538962767040855
method2,5.0,231.6,700.4317,2.913708295571119,4.542226512450271
method2,5.0,231.7,700.5317,2.908837276502145,4.545471121538775
method2,5.0,231.8,700.6317,2.90396625743317,4.54871573062728
method2,5.0,231.9,700.7317,2.8990817899355785,4.551941147419446
method2,5.0,232.0,700.8317,2.8941973224379876,4.5551665642116115
method2,5.0,232.1,700.9317,2.8892994821216886,4.558372733028886
method2,5.0,232.2,701.0317,2.88440164180539,4.56157890184616
method2,5.0,232.3,701.1317,2.87949050451056,4.56476576730783
method2,5.0,232.4,701.2317,2.8745793672157314,4.567952632769499
method2,5.0,232.5,701.3317,2.869655009011645,4.571120139793635
method2,5.0,232.6,701.4317,2.8647306508075587,4.574287646817771
method2,5.0,232.7,701.5317,2.85979314799142,4.577435740622175
method2,5.0,232.8,701.6317,2.85485564517528,4.58058383442658
method2,5.0,232.9,701.7317,2.8499050742710286,4.583712460529731
method2,5.0,233.0,701.8317,2.844954503366777,4.586841086632882
method2,5.0,233.1,701.9317,2.8399909411239084,4.589950190854866
method2,5.0,233.2,702.0317,2.83502737888104,4.59305929507685
method2,5.0,233.3,702.1317,2.830050902273425,4.596148823540306
method2,5.0,233.4,702.2317,2.8250744256658114,4.599238352003759
method2,5.0,233.5,702.3317,2.82008511189049,4.602308251134785
method2,5.0,233.6,702.4317,2.8150957981151685,4.605378150265811
method2,5.0,233.7,702.5317,2.81009372459117,4.608428366794911
method2,5.0,233.8,702.6317,2.80509165106717,4.61147858332401
method2,5.0,233.9,702.7317,2.8000768954342936,4.614509064287001
method2,5.0,234.0,702.8317,2.7950621398014173,4.617539545249992
method2,5.0,234.1,702.9317,2.7900347799190484,4.620550237988921
method2,5.0,234.2,703.0317,2.78500742003668,4.62356093072785
method2,5.0,234.3,703.1317,2.779967533982555,4.6265517828919
method2,5.0,234.4,703.2317,2.7749276479284313,4.629542635055949
method2,5.0,234.5,703.3317,2.769875313997455,4.63251359460235
method2,5.0,234.6,703.4317,2.7648229800664788,4.635484554148751
method2,5.0,234.7,703.5317,2.759758276769505,4.638435569343665
method2,5.0,234.8,703.6317,2.75469357347253,4.64138658453858
method2,5.0,234.9,703.7317,2.7496165795351186,4.644317603958016
method2,5.0,235.0,703.8317,2.744539585597707,4.647248623377452
method2,5.0,235.1,703.9317,2.7394503799589236,4.650159595908145
method2,5.0,235.2,704.0317,2.73436117432014,4.65307056843884
method2,5.0,235.3,704.1317,2.7292598361313303,4.655961443279135
method2,5.0,235.4,704.2317,2.7241584979425215,4.658852318119429
method2,5.0,235.5,704.3317,2.7190451065660604,4.66172304478017
method2,5.0,235.6,704.4317,2.7139317151895987,4.664593771440911
method2,5.0,235.7,704.5317,2.70880635019769,4.667444299746295
method2,5.0,235.8,704.6317,2.70368098520578,4.67029482805168
method2,5.0,235.9,704.7317,2.6985437263791785,4.673125108140161
method2,5.0,236.0,704.8317,2.693406467552577,4.675955388228642
method2,5.0,236.1,704.9317,2.6882573948793835,4.6787653705537755
method2,5.0,236.2,705.0317,2.68310832220619,4.68157535287891
method2,5.0,236.3,705.1317,2.6779475158805903,4.684364988210205
method2,5.0,236.4,705.2317,2.6727867095549915,4.687154623541499
method2,5.0,236.5,705.3317,2.667614249976005,4.68992386296531
method2,5.0,236.6,705.4317,2.662441790397019,4.6926931023891205
method2,5.0,236.7,705.5317,2.657257758167265,4.695441897309445
method2,5.0,236.8,705.6317,2.65207372593751,4.69819069222977
method2,5.0,236.9,705.7317,2.6468782018619135,4.700918994369156
method2,5.0,237.0,705.8317,2.6416826777863167,4.703647296508541
method2,5.0,237.1,705.9317,2.6364757428709087,4.706355057908875
method2,5.0,237.2,706.0317,2.6312688079555,4.70906281930921
method2,5.0,237.3,706.1317,2.626050543406105,4.711749992332585
method2,5.0,237.4,706.2317,2.6208322788567116,4.714437165355959
method2,5.0,237.5,706.3317,2.615602766077695,4.717103702685495
method2,5.0,237.6,706.4317,2.6103732532986785,4.7197702400150305
method2,5.0,237.7,706.5317,2.6051325738916997,4.722416094655695
method2,5.0,237.8,706.6317,2.59989189448472,4.72506194929636
method2,5.0,237.9,706.7317,2.5946401302474285,4.727687074575811
method2,5.0,238.0,706.8317,2.589388366010137,4.730312199855262
method2,5.0,238.1,706.9317,2.5841255989349188,4.732916549424631
method2,5.0,238.2,707.0317,2.5788628318597,4.735520898994
method2,5.0,238.3,707.1317,2.5735891441323853,4.7381044268287305
method2,5.0,238.4,707.2317,2.568315456405071,4.740687954663459
method2,5.0,238.5,707.3317,2.5630309304036496,4.743250615064115
method2,5.0,238.6,707.4317,2.5577464044022284,4.745813275464771
method2,5.0,238.7,707.5317,2.5524511226955946,4.748355023057795
method2,5.0,238.8,707.6317,2.54715584098896,4.75089677065082
method2,5.0,238.9,707.7317,2.5418498863355734,4.753417560389395
method2,5.0,239.0,707.8317,2.536543931682187,4.7559383501279715
method2,5.0,239.1,707.9317,2.531227387028814,4.758438137292756
method2,5.0,239.2,708.0317,2.52591084237544,4.76093792445754
method2,5.0,239.3,708.1317,2.520583790855855,4.763416664657485
method2,5.0,239.4,708.2317,2.5152567393362713,4.765895404857429
method2,5.0,239.5,708.3317,2.509919264269945,4.768353054030535
method2,5.0,239.6,708.4317,2.504581789203619,4.770810703203641
method2,5.0,239.7,708.5317,2.4992339740944303,4.773247217617765
method2,5.0,239.8,708.6317,2.49388615898524,4.77568373203189
method2,5.0,239.9,708.7317,2.4885280875201485,4.7780990682854805
method2,5.0,240.0,708.8317,2.4831700160550567,4.780514404539072
method2,5.0,240.1,708.9317,2.4778017721028234,4.7829085195619605
method2,5.0,240.2,709.0317,2.47243352815059,4.78530263458485
method2,5.0,240.3,709.1317,2.46705519576044,4.787675485639
method2,5.0,240.4,709.2317,2.4616768633702915,4.7900483366931494
method2,5.0,240.5,709.3317,2.45628852677061,4.79239988137342
method2,5.0,240.6,709.4317,2.4509001901709286,4.794751426053691
method2,5.0,240.7,709.5317,2.4455019337679547,4.79708162228856
method2,5.0,240.8,709.6317,2.44010367736498,4.79941181852343
method2,5.0,240.9,709.7317,2.4346955857414385,4.8017206245757755
method2,5.0,241.0,709.8317,2.429287494117897,4.804029430628121
method2,5.0,241.1,709.9317,2.4238696520317435,4.80631680509593
method2,5.0,241.2,710.0317,2.41845180994559,4.80860417956374
method2,5.0,241.3,710.1317,2.413024302328625,4.810870081380864
method2,5.0,241.4,710.2317,2.407596794711661,4.813135983197989
method2,5.0,241.5,710.3317,2.40215970666822,4.815380371634864
method2,5.0,241.6,710.4317,2.3967226186247785,4.817624760071741
method2,5.0,241.7,710.5317,2.391276035430405,4.819847594736095
method2,5.0,241.8,710.6317,2.38582945223603,4.82207042940045
method2,5.0,241.9,710.7317,2.3803734593361336,4.824271670238056
method2,5.0,242.0,710.8317,2.3749174664362367,4.826472911075661
method2,5.0,242.1,710.9317,2.3694521494447436,4.828652518371011
method2,5.0,242.2,711.0317,2.36398683245325,4.83083212566636
method2,5.0,242.3,711.1317,2.35851227715127,4.8329900600434
method2,5.0,242.4,711.2317,2.353037721849292,4.835147994420439
method2,5.0,242.5,711.3317,2.347554014183775,4.8372842168432655
method2,5.0,242.6,711.4317,2.3420703065182584,4.839420439266091
method2,5.0,242.7,711.5317,2.336577532600635,4.84153491103963
method2,5.0,242.8,711.6317,2.33108475868301,4.84364938281317
method2,5.0,242.9,711.7317,2.325583004787853,4.845742065583906
method2,5.0,243.0,711.8317,2.320081250892697,4.847834748354641
method2,5.0,243.1,711.9317,2.3145706034563482,4.8499056041112505
method2,5.0,243.2,712.0317,2.30905995602,4.85197645986786
method2,5.0,243.3,712.1317,2.3035405016392403,4.854025450941945
method2,5.0,243.4,712.2317,2.298021047258482,4.856074442016029
method2,5.0,243.5,712.3317,2.29249287268914,4.8581015310827595
method2,5.0,243.6,712.4317,2.286964698119798,4.860128620149491
method2,5.0,243.7,712.5317,2.281427890275415,4.862133770228276
method2,5.0,243.8,712.6317,2.27589108243103,4.86413892030706
method2,5.0,243.9,712.7317,2.2703457283814585,4.866122094762236
method2,5.0,244.0,712.8317,2.264800374331887,4.868105269217411
method2,5.0,244.1,712.9317,2.2592465613019734,4.870066431758871
method2,5.0,244.2,713.0317,2.25369274827206,4.87202759430033
method2,5.0,244.3,713.1317,2.248130563640215,4.8739667089842005
method2,5.0,244.4,713.2317,2.2425683790083717,4.875905823668069
method2,5.0,244.5,713.3317,2.23699791030525,4.877822854897335
method2,5.0,244.6,713.4317,2.2314274416021282,4.879739886126601
method2,5.0,244.7,713.5317,2.22584877650921,4.88163479865178
method2,5.0,244.8,713.6317,2.22027011141629,4.88352971117696
method2,5.0,244.9,713.7317,2.2146833377645185,4.885402470096706
method2,5.0,245.0,713.8317,2.209096564112747,4.887275229016451
method2,5.0,245.1,713.9317,2.2035017698811483,4.889125799778205
method2,5.0,245.2,714.0317,2.19790697564955,4.89097637053996
method2,5.0,245.3,714.1317,2.19230424896385,4.892804718940585
method2,5.0,245.4,714.2317,2.1867015222781516,4.894633067341209
method2,5.0,245.5,714.3317,2.181090951409365,4.896439159527585
method2,5.0,245.6,714.4317,2.175480380540578,4.898245251713961
method2,5.0,245.7,714.5317,2.16986205390366,4.900029054183615
method2,5.0,245.8,714.6317,2.16424372726674,4.90181285665327
method2,5.0,245.9,714.7317,2.1586177334191383,4.903574336254995
method2,5.0,246.0,714.8317,2.152991739571537,4.905335815856721
method2,5.0,246.1,714.9317,2.1473581672118636,4.90707493979115
method2,5.0,246.2,715.0317,2.14172459485219,4.90881406372558
method2,5.0,246.3,715.1317,2.13608353281875,4.910530799545825
method2,5.0,246.4,715.2317,2.1304424707853116,4.9122475353660695
method2,5.0,246.5,715.3317,2.124794008054765,4.913941850978291
method2,5.0,246.6,715.4317,2.1191455453242183,4.915636166590511
method2,5.0,246.7,715.5317,2.1134897710101352,4.91730803025449
method2,5.0,246.8,715.6317,2.10783399669605,4.91897989391847
method2,5.0,246.9,715.7317,2.1021710000475333,4.920629274248231
method2,5.0,247.0,715.8317,2.096508003399017,4.922278654577991
method2,5.0,247.1,715.9317,2.0908378737992734,4.923905520542341
method2,5.0,247.2,716.0317,2.08516774419953,4.92553238650669
method2,5.0,247.3,716.1317,2.079490571164465,4.927136707429811
method2,5.0,247.4,716.2317,2.073813398129402,4.928741028352929
method2,5.0,247.5,716.3317,2.0681292713062103,4.93032277391494
method2,5.0,247.6,716.4317,2.0624451444830183,4.93190451947695
method2,5.0,247.7,716.5317,2.056754153648785,4.933463659714445
method2,5.0,247.8,716.6317,2.05106316281455,4.93502279995194
method2,5.0,247.9,716.7317,2.045365397874783,4.936559305258585
method2,5.0,248.0,716.8317,2.039667632935017,4.938095810565231
method2,5.0,248.1,716.9317,2.0339631839222934,4.939609651692265
method2,5.0,248.2,717.0317,2.02825873490957,4.9411234928193
method2,5.0,248.3,717.1317,2.022547691982055,4.94261464087611
method2,5.0,248.4,717.2317,2.0168366490545417,4.94410578893292
method2,5.0,248.5,717.3317,2.0111191024946002,4.94557421538757
method2,5.0,248.6,717.4317,2.0054015559346583,4.94704264184222
method2,5.0,248.7,717.5317,1.99967759614741,4.94848831852197
method2,5.0,248.8,717.6317,1.99395363636016,4.94993399520172
method2,5.0,248.9,717.7317,1.9882233538720684,4.95135689429357
method2,5.0,249.0,717.8317,1.9824930713839766,4.952779793385421
method2,5.0,249.1,717.9317,1.9767565568413934,4.954179887436616
method2,5.0,249.2,718.0317,1.97102004229881,4.95557998148781
method2,5.0,249.3,718.1317,1.9652773864665551,4.956957243406365
method2,5.0,249.4,718.2317,1.9595347306343016,4.95833450532492
method2,5.0,249.5,718.3317,1.95378602439423,4.959688908380125
method2,5.0,249.6,718.4317,1.9480373181541584,4.96104331143533
method2,5.0,249.7,718.5317,1.9422826525037151,4.96237482925825
method2,5.0,249.8,718.6317,1.93652798685327,4.96370634708117
method2,5.0,249.9,718.7317,1.9307674529040535,4.965014953665141
method2,5.0,250.0,718.8317,1.9250069189548367,4.966323560249111
method2,5.0,250.1,718.9317,1.9192406079311535,4.96760922995023
method2,5.0,250.2,719.0317,1.91347429690747,4.96889489965135
method2,5.0,250.3,719.1317,1.9077023001448952,4.970157607188985
method2,5.0,250.4,719.2317,1.9019303033823216,4.97142031472662
method2,5.0,250.5,719.3317,1.89615271232624,4.972660035183845
method2,5.0,250.6,719.4317,1.8903751212701585,4.97389975564107
method2,5.0,250.7,719.5317,1.8845920274743402,4.97511646446518
method2,5.0,250.8,719.6317,1.87880893367852,4.97633317328929
method2,5.0,250.9,719.7317,1.8730204288036434,4.977526846292245
method2,5.0,251.0,719.8317,1.8672319239287667,4.978720519295201
method2,5.0,251.1,719.9317,1.8614380997409885,4.9798911326541
method2,5.0,251.2,720.0317,1.85564427555321,4.981061746013
method2,5.0,251.3,720.1317,1.8498452239226801,4.98220927627054
method2,5.0,251.4,720.2317,1.8440461722921515,4.98335680652808
method2,5.0,251.5,720.3317,1.838241985191585,4.984481230592985
method2,5.0,251.6,720.4317,1.8324377980910185,4.98560565465789
method2,5.0,251.7,720.5317,1.82662856759424,4.986706949805395
method2,5.0,251.8,720.6317,1.82081933709746,4.9878082449529
method2,5.0,251.9,720.7317,1.8150051553779134,4.988886388825145
method2,5.0,252.0,720.8317,1.8091909736583667,4.989964532697391
method2,5.0,252.1,720.9317,1.8033719329876834,4.99101950330389
method2,5.0,252.2,721.0317,1.797552892317,4.99207447391039
method2,5.0,252.3,721.1317,1.791729085063505,4.99310624962845
method2,5.0,252.4,721.2317,1.7859052778100115,4.99413802534651
method2,5.0,252.5,721.3317,1.780076796437285,4.99514658492164
method2,5.0,252.6,721.4317,1.7742483150645585,4.99615514449677
method2,5.0,252.7,721.5317,1.76841525212996,4.9971404670431046
method2,5.0,252.8,721.6317,1.76258218919536,4.99812578958944
method2,5.0,252.9,721.7317,1.7567446373485434,4.99908785459016
method2,5.0,253.0,721.8317,1.7509070855017266,5.0000499195908805
method2,5.0,253.1,721.9317,1.7450651374831934,5.0009887068986
method2,5.0,253.2,722.0317,1.73922318946466,5.00192749420632
method2,5.0,253.3,722.1317,1.733376938104265,5.0028429840435
method2,5.0,253.4,722.2317,1.7275306867438716,5.00375847388068
method2,5.0,253.5,722.3317,1.72168022495935,5.00465064684001
method2,5.0,253.6,722.4317,1.7158297631748285,5.00554281979934
method2,5.0,253.7,722.5317,1.709975183970345,5.006411656844125
method2,5.0,253.8,722.6317,1.70412060476586,5.00728049388891
method2,5.0,253.9,722.7317,1.6982620012304834,5.00812597635346
method2,5.0,254.0,722.8317,1.6924033976951067,5.008971458818011
method2,5.0,254.1,722.9317,1.6865408630013883,5.009793568408005
method2,5.0,254.2,723.0317,1.68067832830767,5.010615677998
method2,5.0,254.3,723.1317,1.6748119557101,5.01141439679087
method2,5.0,254.4,723.2317,1.6689455831125317,5.01221311558374
method2,5.0,254.5,723.3317,1.663075465946105,5.01298842602902
method2,5.0,254.6,723.4317,1.6572053487796783,5.0137637364743
method2,5.0,254.7,723.5317,1.6513315804583901,5.0145156213939845
method2,5.0,254.8,723.6317,1.6454578121371,5.01526750631367
method2,5.0,254.9,723.7317,1.6395804861524483,5.015995948902575
method2,5.0,255.0,723.8317,1.6337031601677967,5.01672439149148
method2,5.0,255.1,723.9317,1.6278223700873182,5.01742937531757
method2,5.0,255.2,724.0317,1.62194158000684,5.01813435914366
method2,5.0,255.3,724.1317,1.616057419472605,5.01881586814841
method2,5.0,255.4,724.2317,1.6101732589383717,5.01949737715316
method2,5.0,255.5,724.3317,1.6042858216654898,5.02015539565188
method2,5.0,255.6,724.4317,1.5983983843926082,5.0208134141506
method2,5.0,255.7,724.5317,1.592507764167755,5.021447926832755
method2,5.0,255.8,724.6317,1.5866171439429,5.02208243951491
method2,5.0,255.9,724.7317,1.5807234346227983,5.022693431444445
method2,5.0,256.0,724.8317,1.5748297253026966,5.02330442337398
method2,5.0,256.1,724.9317000000001,1.5689330208126415,5.02389187998964
method2,5.0,256.2,725.0317,1.56303631632259,5.0244793366053
method2,5.0,256.3,725.1317,1.55713671065494,5.0250432437209405
method2,5.0,256.4,725.2317,1.5512371049872933,5.02560715083658
method2,5.0,256.5,725.3317,1.54533469219997,5.026147494641465
method2,5.0,256.6,725.4317000000001,1.5394322794126467,5.02668783844635
method2,5.0,256.7,725.5317,1.5335271536276651,5.027204605505444
method2,5.0,256.8,725.6317,1.52762202784268,5.02772137256454
method2,5.0,256.9,725.7317,1.52171428324459,5.02821454981882
method2,5.0,257.0,725.8317,1.5158065386464967,5.0287077270731
method2,5.0,257.1,725.9317000000001,1.5098962694809317,5.0291773018398205
method2,5.0,257.2,726.0317,1.50398600031537,5.02964687660654
method2,5.0,257.3,726.1317,1.498073300887535,5.03009283657953
method2,5.0,257.4,726.2317,1.4921606014597033,5.03053879655252
method2,5.0,257.5,726.3317,1.4862455661328449,5.030961129802425
method2,5.0,257.6,726.4317000000001,1.4803305308059866,5.03138346305233
method2,5.0,257.7,726.5317,1.474413253999915,5.03178215802693
method2,5.0,257.8,726.6317,1.46849597719384,5.03218085300153
method2,5.0,257.9,726.7317,1.4625765533833999,5.032555898525955
method2,5.0,258.0,726.8317,1.4566571295729567,5.03293094405038
method2,5.0,258.1,726.9317000000001,1.4507356532865416,5.033282329327386
method2,5.0,258.2,727.0317,1.44481417700013,5.03363371460439
method2,5.0,258.3,727.1317,1.4388907428181499,5.033961429214605
method2,5.0,258.4,727.2317,1.4329673086361734,5.03428914382482
method2,5.0,258.5,727.3317,1.427042011189555,5.034593177726995
method2,5.0,258.6,727.4317000000001,1.4211167137429366,5.03489721162917
method2,5.0,258.7,727.5317,1.41518964771163,5.0351775551604
method2,5.0,258.8,727.6317,1.40926258168032,5.03545789869163
method2,5.0,258.9,727.7317,1.4033338417917398,5.035714542567605
method2,5.0,259.0,727.8317,1.3974051019031566,5.03597118644358
method2,5.0,259.1,727.9317000000001,1.3914747829307066,5.036204121758795
method2,5.0,259.2,728.0317,1.38554446395826,5.03643705707401
method2,5.0,259.3,728.1317,1.379612660719815,5.03664627530199
method2,5.0,259.4,728.2317,1.3736808574813733,5.03685549352997
method2,5.0,259.5,728.3317,1.367747664837745,5.03704098652348
method2,5.0,259.6,728.4317000000001,1.3618144721941168,5.03722647951699
method2,5.0,259.7,728.5317,1.35587998504755,5.03738823950825
method2,5.0,259.8,728.6317,1.34994549790098,5.03754999949951
method2,5.0,259.9,728.7317,1.3440098111936298,5.0376880191003846
method2,5.0,260.0,728.8317,1.3380741244862766,5.03782603870126
method2,5.0,260.1,728.9317000000001,1.3321373331986865,5.037940310903475
method2,5.0,260.2,729.0317,1.3262005419111,5.03805458310569
method2,5.0,260.3,729.1317,1.3202627410607,5.0381451012809855
method2,5.0,260.4,729.2317,1.3143249402103034,5.03823561945628
method2,5.0,260.5,729.3317,1.308386224849865,5.03830237735663
method2,5.0,260.6,729.4317000000001,1.3024475094894268,5.03836913525698
method2,5.0,260.7,729.5317,1.296507974705555,5.03841212701474
method2,5.0,260.8,729.6317,1.29056843992168,5.0384551187725
method2,5.0,260.9,729.7317,1.284628180833285,5.038474338900605
method2,5.0,261.0,729.8317,1.2786879217448868,5.03849355902871
method2,5.0,261.1,729.9317000000001,1.2727470335016717,5.038489002420815
method2,5.0,261.2,730.0317,1.26680614525846,5.03848444581292
method2,5.0,261.3,730.1317,1.2608647230393801,5.0384561077435706
method2,5.0,261.4,730.2317,1.2549233008203033,5.03842776967422
method2,5.0,261.5,730.3317,1.24898143983205,5.03837564579901
method2,5.0,261.6,730.4317000000001,1.2430395788437967,5.0383235219238
method2,5.0,261.7,730.5317,1.237097374319285,5.03824760827949
method2,5.0,261.8,730.6317,1.23115516979477,5.03817169463518
method2,5.0,261.9,730.7317,1.2252127169915799,5.038071987639885
method2,5.0,262.0,730.8317,1.2192702641883866,5.03797228064459
method2,5.0,262.1,730.9317000000001,1.2133276583872665,5.03784877709786
method2,5.0,262.2,731.0317,1.20738505258615,5.03772527355113
method2,5.0,262.3,731.1317,1.2014423890894799,5.03757797063413
method2,5.0,262.4,731.2317,1.1954997255928133,5.03743066771713
method2,5.0,262.5,731.3317,1.18955709972306,5.03725956299271
method2,5.0,262.6,731.4317000000001,1.1836144738533068,5.03708845826829
method2,5.0,262.7,731.5317,1.177671980951535,5.036893549681144
method2,5.0,262.8,731.6317,1.17172948804976,5.036698641094
method2,5.0,262.9,731.7317,1.165787223474045,5.03647992697076
method2,5.0,263.0,731.8317,1.1598449588983266,5.03626121284752
method2,5.0,263.1,731.9317000000001,1.1539030180222767,5.03601869189684
method2,5.0,263.2,732.0317,1.14796107714623,5.03577617094616
method2,5.0,263.3,732.1317,1.1420195553574302,5.035509842258855
method2,5.0,263.4,732.2317,1.1360780335686333,5.03524351357155
method2,5.0,263.5,732.3317,1.13013702626711,5.03495337662064
method2,5.0,263.6,732.4317000000001,1.1241960189655866,5.03466323966973
method2,5.0,263.7,732.5317,1.11825562156231,5.034349294310565
method2,5.0,263.8,732.6317,1.11231522415903,5.0340353489514
method2,5.0,263.9,732.7317,1.106375532074325,5.03369759542171
method2,5.0,264.0,732.8317,1.1004358399896166,5.03335984189202
method2,5.0,264.1,732.9317000000001,1.0944969486516765,5.032998280812015
method2,5.0,264.2,733.0317,1.08855805731374,5.03263671973201
method2,5.0,264.3,733.1317,1.0826200621570798,5.032251352104415
method2,5.0,264.4,733.2317,1.0766820670004233,5.03186598447682
method2,5.0,264.5,733.3317,1.07074506346434,5.031456811686965
method2,5.0,264.6,733.4317000000001,1.0648080599282568,5.03104763889711
method2,5.0,264.7,733.5317,1.0588721434553099,5.03061466271296
method2,5.0,264.8,733.6317,1.05293622698236,5.03018168652881
method2,5.0,264.9,733.7317,1.047001493016815,5.02972490910103
method2,5.0,265.0,733.8317,1.0410667590512668,5.02926813167325
method2,5.0,265.1,733.9317000000001,1.0351333030375767,5.02878755553525
method2,5.0,265.2,734.0317,1.02919984702389,5.02830697939725
method2,5.0,265.3,734.1317,1.02326776440516,5.0278026074652
method2,5.0,265.4,734.2317,1.0173356817864334,5.02729823553315
method2,5.0,265.5,734.3317,1.01140506800287,5.026770071106025
method2,5.0,265.6,734.4317000000001,1.0054744542193066,5.0262419066789
method2,5.0,265.7,734.5317,0.999545404706728,5.025689953438505
method2,5.0,265.8,734.6317,0.993616355194146,5.02513800019811
method2,5.0,265.9,734.7317,0.987688965382371,5.0245622622090895
method2,5.0,266.0,734.8317,0.9817615755705926,5.02398652422007
method2,5.0,266.1,734.9317000000001,0.9758359408819731,5.023387005929919
method2,5.0,266.2,735.0317,0.969910306193357,5.02278748763977
method2,5.0,266.3,735.1317,0.963986522041205,5.02216419387885
method2,5.0,266.4,735.2317,0.9580627378890564,5.02154090011793
method2,5.0,266.5,735.3317,0.9521408996761205,5.020893836099465
method2,5.0,266.6,735.4317000000001,0.9462190614631847,5.020246772081
method2,5.0,266.7,735.5317,0.94029926458012,5.019575943401045
method2,5.0,266.8,735.6317,0.934379467697052,5.01890511472109
method2,5.0,266.9,735.7317,0.9284618075208595,5.01821052735856
method2,5.0,267.0,735.8317,0.9225441473446637,5.01751593999603
method2,5.0,267.1,735.9317000000001,0.9166287192371767,5.01679760031265
method2,5.0,267.2,736.0317,0.910713291129693,5.01607926062927
method2,5.0,267.3,736.1317,0.904800190436036,5.01533717536955
method2,5.0,267.4,736.2317,0.8988870897423823,5.01459509010983
method2,5.0,267.5,736.3317,0.892976411789421,5.013829266401045
method2,5.0,267.6,736.4317000000001,0.8870657338364597,5.013063442692259
method2,5.0,267.7,736.5317,0.8811575739312985,5.012273888044415
method2,5.0,267.8,736.6317,0.875249414026134,5.01148433339657
method2,5.0,267.9,736.7317,0.869343867454519,5.0106710557023355
method2,5.0,268.0,736.8317,0.8634383208829006,5.009857778008099
method2,5.0,268.1,736.9317000000001,0.8575354829077496,5.009020785542784
method2,5.0,268.2,737.0317,0.851632644932602,5.00818379307747
method2,5.0,268.3,737.1317,0.8457326107924235,5.007323094498945
method2,5.0,268.4,737.2317,0.8398325766522483,5.006462395920421
method2,5.0,268.5,737.3317,0.833935441559616,5.00557800026907
method2,5.0,268.6,737.4317000000001,0.8280383064669836,5.004693604617719
method2,5.0,268.7,737.5317,0.822144165607028,5.003785521316365
method2,5.0,268.8,737.6317,0.816250024747069,5.00287743801501
method2,5.0,268.9,737.7317,0.810358973275876,5.001945676868835
method2,5.0,269.0,737.8317,0.8044679218046796,5.001013915722659
method2,5.0,269.1,737.9317000000001,0.7985800548478276,5.000058486919139
method2,5.0,269.2,738.0317,0.792692187890979,4.99910305811562
method2,5.0,269.3,738.1317,0.7868076005419555,4.99812397222441
method2,5.0,269.4,738.2317,0.7809230131929353,4.997144886333201
method2,5.0,269.5,738.3317,0.775041800511613,4.99614215430607
method2,5.0,269.6,738.4317000000001,0.7691605878302906,4.995139422278939
method2,5.0,269.7,738.5317,0.7632828448414155,4.994113055449655
method2,5.0,269.8,738.6317,0.757405101852537,4.99308668862037
method2,5.0,269.9,738.7317,0.751530923544144,4.992036698704595
method2,5.0,270.0,738.8317,0.7456567452357477,4.990986708788819
method2,5.0,270.1,738.9317000000001,0.7397862265576681,4.989913107884004
method2,5.0,270.2,739.0317,0.733915707879592,4.98883950697919
method2,5.0,270.3,739.1317,0.7280489437419115,4.9877423075644405
method2,5.0,270.4,739.2317,0.7221821796042344,4.986645108149691
method2,5.0,270.5,739.3317,0.7163192648757305,4.98552432308566
method2,5.0,270.6,739.4317000000001,0.7104563501472266,4.984403538021629
method2,5.0,270.7,739.5317,0.7045973796538889,4.983259180550386
method2,5.0,270.8,739.6317,0.698738409160548,4.98211482307914
method2,5.0,270.9,739.7317,0.6928834776839801,4.98094690682402
method2,5.0,271.0,739.8317,0.6870285462074087,4.979778990568899
method2,5.0,271.1,739.9317000000001,0.6811777484833417,4.97858752953436
method2,5.0,271.2,740.0317,0.675326950759278,4.97739606849982
method2,5.0,271.3,740.1317,0.669480381476027,4.97618107707132
method2,5.0,271.4,740.2317,0.6636338121927793,4.974966085642821
method2,5.0,271.5,740.3317,0.657791565989696,4.9737275785866295
method2,5.0,271.6,740.4317000000001,0.6519493197866126,4.972489071530439
method2,5.0,271.7,740.5317,0.64611149125258,4.971227063993495
method2,5.0,271.8,740.6317,0.640273662718544,4.96996505645655
method2,5.0,271.9,740.7317,0.634440346390418,4.96867956396629
method2,5.0,272.0,740.8317,0.6286070300622887,4.967394071476029
method2,5.0,272.1,740.9317000000001,0.6227783204233767,4.9660851099402095
method2,5.0,272.2,741.0317,0.616949610784468,4.96477614840439
method2,5.0,272.3,741.1317,0.6111256022630155,4.963443734110915
method2,5.0,272.4,741.2317,0.6053015937415663,4.962111319817441
method2,5.0,272.5,741.3317,0.5994823807091996,4.96075546943416
method2,5.0,272.6,741.4317000000001,0.5936631676768327,4.959399619050879
method2,5.0,272.7,741.5317,0.587848844447058,4.958020349625425
method2,5.0,272.8,741.6317,0.58203452121728,4.95664108019997
method2,5.0,272.9,741.7317,0.576225182043928,4.955238409159525
method2,5.0,273.0,741.8317,0.5704158428705727,4.953835738119079
method2,5.0,273.1,741.9317000000001,0.5646115819462897,4.9524096832701945
method2,5.0,273.2,742.0317,0.55880732102201,4.95098362842131
method2,5.0,273.3,742.1317,0.5530082324767205,4.949534207949689
method2,5.0,273.4,742.2317,0.5472091439314344,4.948084787478071
method2,5.0,273.5,742.3317,0.5414153218308285,4.9466120199483505
method2,5.0,273.6,742.4317000000001,0.5356214997302227,4.945139252418629
method2,5.0,273.7,742.5317,0.5298330380742156,4.94364315677415
method2,5.0,273.8,742.6317,0.524044576418205,4.94214706112967
method2,5.0,273.9,742.7317,0.5182615691394155,4.940627656692264
method2,5.0,274.0,742.8317,0.5124785618606227,4.939108252254859
method2,5.0,274.1,742.9317000000001,0.5067011028228562,4.937565558724605
method2,5.0,274.2,743.0317,0.500923643785093,4.93602286519435
method2,5.0,274.3,743.1317,0.495151826781809,4.934456902649315
method2,5.0,274.4,743.2317,0.4893800097785283,4.932890940104281
method2,5.0,274.5,743.3317,0.483613928531329,4.931301729000316
method2,5.0,274.6,743.4317000000001,0.4778478472841297,4.929712517896349
method2,5.0,274.7,743.5317,0.472087595441236,4.92810007906679
method2,5.0,274.8,743.6317,0.466327343598339,4.92648764023723
method2,5.0,274.9,743.7317,0.46057301473304846,4.924851994892656
method2,5.0,275.0,743.8317,0.4548186858677547,4.923216349548079
method2,5.0,275.1,743.9317000000001,0.4490703734769622,4.921557519276064
method2,5.0,275.2,744.0317,0.443322061086173,4.91989868900405
method2,5.0,275.3,744.1317,0.4375798585888075,4.91821669576885
method2,5.0,275.4,744.2317,0.43183765609144525,4.916534702533651
method2,5.0,275.5,744.3317,0.4261016568269895,4.914829568675975
method2,5.0,275.6,744.4317000000001,0.42036565756253375,4.913124434818299
method2,5.0,275.7,744.5317,0.414635954789494,4.91139618305498
method2,5.0,275.8,744.6317,0.408906252016451,4.90966793129166
method2,5.0,275.9,744.7317,0.40318293891082,4.9079165847153945
method2,5.0,276.0,744.8317,0.39745962580518573,4.906165238139129
method2,5.0,276.1,744.9317000000001,0.39174279545896723,4.904390820218169
method2,5.0,276.2,745.0317,0.386025965112752,4.90261640229721
method2,5.0,276.3,745.1317,0.380315710532415,4.900818936875055
method2,5.0,276.4,745.2317,0.3746054559520812,4.899021471452901
method2,5.0,276.5,745.3317,0.368901870057056,4.897200982748
method2,5.0,276.6,745.4317000000001,0.36319828416203076,4.895380494043099
method2,5.0,276.7,745.5317,0.35750145978322445,4.89353700664854
method2,5.0,276.8,745.6317,0.351804635404415,4.89169351925398
method2,5.0,276.9,745.7317,0.34611466528263746,4.889827058137135
method2,5.0,277.0,745.8317,0.34042469516085677,4.887960597020289
method2,5.0,277.1,745.9317000000001,0.33474167194538273,4.8860711875225435
method2,5.0,277.2,746.0317,0.329058648729912,4.8841817780248
method2,5.0,277.3,746.1317,0.32338266497692747,4.882269445861165
method2,5.0,277.4,746.2317,0.31770668122394624,4.880357113697531
method2,5.0,277.5,746.3317,0.31203782939505054,4.87842188495634
method2,5.0,277.6,746.4317000000001,0.3063689775661548,4.876486656215149
method2,5.0,277.7,746.5317,0.300707350026881,4.874528557357699
method2,5.0,277.8,746.6317,0.295045722487604,4.87257045850025
method2,5.0,277.9,746.7317,0.2893914115058645,4.870589516360445
method2,5.0,278.0,746.8317,0.28373710052412177,4.868608574220639
method2,5.0,278.1,746.9317000000001,0.2780901982687468,4.8666048160046484
method2,5.0,278.2,747.0317,0.272443296013375,4.86460105778866
method2,5.0,278.3,747.1317,0.266803894552604,4.862574511074534
method2,5.0,278.4,747.2317,0.2611644930918362,4.860547964360411
method2,5.0,278.5,747.3317,0.2555326843917895,4.858498657097735
method2,5.0,278.6,747.4317000000001,0.2499008756917428,4.856449349835059
method2,5.0,278.7,747.5317,0.24427675161497348,4.85437731034456
method2,5.0,278.8,747.6317,0.238652627538201,4.85230527085406
method2,5.0,278.9,747.7317,0.23303627984213798,4.850210527827225
method2,5.0,279.0,747.8317,0.2274199321460718,4.848115784800389
method2,5.0,279.1,747.9317000000001,0.2218114524815643,4.845998367299094
method2,5.0,279.2,748.0317,0.21620297281706,4.8438809497978
method2,5.0,279.3,748.1317,0.210602452726876,4.8417408872539
method2,5.0,279.4,748.2317,0.2050019326366952,4.839600824710001
method2,5.0,279.5,748.3317,0.19940946355401,4.83743814692493
method2,5.0,279.6,748.4317000000001,0.19381699447132483,4.835275469139859
method2,5.0,279.7,748.5317,0.1882326677182555,4.833090206284245
method2,5.0,279.8,748.6317,0.182648340965183,4.83090494342863
method2,5.0,279.9,748.7317,0.177072247751273,4.828697126041854
method2,5.0,280.0,748.8317,0.17149615453735984,4.826489308655079
method2,5.0,280.1,748.9317000000001,0.16592838595809684,4.824258967644874
method2,5.0,280.2,749.0317,0.160360617378837,4.82202862663467
method2,5.0,280.3,749.1317,0.15480126441418152,4.819775793276705
method2,5.0,280.4,749.2317,0.14924191144952917,4.817522959918741
method2,5.0,280.5,749.3317,0.143691064962404,4.815247665856155
method2,5.0,280.6,749.4317000000001,0.13814021847527883,4.8129723717935695
method2,5.0,280.7,749.5317,0.1325979692101095,4.810674649036596
method2,5.0,280.8,749.6317,0.127055719944937,4.80837692627962
method2,5.0,280.9,749.7317,0.12152215852614301,4.8060568072050796
method2,5.0,281.0,749.8317,0.11598859710734587,4.803736688130539
method2,5.0,281.1,749.9317000000001,0.11046381403787836,4.801394205481434
method2,5.0,281.2,750.0317,0.104939030968414,4.79905172283233
method2,5.0,281.3,750.1317,0.099423116628267,4.796686909717385
method2,5.0,281.4,750.2317,0.09390720228812313,4.794322096602442
method2,5.0,281.5,750.3317,0.0884002469328663,4.791934986495635
method2,5.0,281.6,750.4317000000001,0.08289329157760948,4.789547876388828
method2,5.0,281.7,750.5317,0.0773953853368997,4.787138503128915
method2,5.0,281.8,750.6317,0.0718974790961868,4.784729129869
method2,5.0,281.9,750.7317,0.06640871197229735,4.782297527659075
method2,5.0,282.0,750.8317,0.06091994484840479,4.7798659254491485
method2,5.0,282.1,750.9317000000001,0.05544040671475714,4.777412128856128
method2,5.0,282.2,751.0317,0.0499608685811126,4.77495833226311
method2,5.0,282.3,751.1317,0.04449064918079915,4.77248237621728
method2,5.0,282.4,751.2317,0.03902042978048881,4.770006420171452
method2,5.0,282.5,751.3317,0.0335596187248125,4.767508339965965
method2,5.0,282.6,751.4317000000001,0.0280988076691362,4.765010259760478
method2,5.0,282.7,751.5317,0.02264749443614265,4.76249009105086
method2,5.0,282.8,751.6317,0.017196181203146,4.75996992234124
method2,5.0,282.9,751.7317,0.011754455136135475,4.757427701144875
method2,5.0,283.0,751.8317,0.006312729069121862,4.754885479948508
method2,5.0,283.1,751.9317000000001,0.0008806793752263124,4.752321242644164
method2,5.0,283.2,752.0317,-0.00455137031866615,4.74975700533982
method2,5.0,283.3,752.1317,-0.009973654569987025,4.7471707886670895
method2,5.0,283.4,752.2317,-0.015395938821304817,4.744584571994362
method2,5.0,283.5,752.3317,-0.02080836869968885,4.7419764130532
method2,5.0,283.6,752.4317000000001,-0.02622079857807287,4.739368254112038
method2,5.0,283.7,752.5317,-0.0316232852937247,4.73673819036218
method2,5.0,283.8,752.6317,-0.0370257720093796,4.73410812661232
method2,5.0,283.9,752.7317,-0.042418226914547455,4.73145619587278
method2,5.0,284.0,752.8317,-0.04781068181971836,4.728804265133238
method2,5.0,284.1,752.9317000000001,-0.05319301641010916,4.726130505581779
method2,5.0,284.2,753.0317,-0.0585753510004969,4.72345674603032
method2,5.0,284.3,753.1317,-0.0639474769167588,4.720761196202895
method2,5.0,284.4,753.2317,-0.06931960283301765,4.7180656463754715
method2,5.0,284.5,753.3317,-0.07468143186218121,4.7153483451656655
method2,5.0,284.6,753.4317000000001,-0.08004326089134474,4.7126310439558585
method2,5.0,284.7,753.5317,-0.08539470496824694,4.70989203061438
method2,5.0,284.8,753.6317,-0.0907461490451522,4.7071530172729
method2,5.0,284.9,753.7317,-0.09608712025393759,4.704392331406956
method2,5.0,285.0,753.8317,-0.10142809146272602,4.701631645541008
method2,5.0,285.1,753.9317000000001,-0.10675850203822602,4.6988493271137886
method2,5.0,285.2,754.0317,-0.112088912613723,4.69606700868657
method2,5.0,285.3,754.1317,-0.117408674942941,4.69326309801665
method2,5.0,285.4,754.2317,-0.12272843727215597,4.690459187346732
method2,5.0,285.5,754.3317,-0.1280374638956925,4.68763372510751
method2,5.0,285.6,754.4317000000001,-0.13334649051922903,4.684808262868288
method2,5.0,285.7,754.5317,-0.1386446941327005,4.681961290087395
method2,5.0,285.8,754.6317,-0.143942897746175,4.6791143173065
method2,5.0,285.9,754.7317,-0.1492301912016905,4.676245875365195
method2,5.0,286.0,754.8317,-0.154517484657209,4.673377433423888
method2,5.0,286.1,754.9317000000001,-0.159793780964766,4.670487564056484
method2,5.0,286.2,755.0317,-0.16507007727232,4.66759769468908
method2,5.0,286.3,755.1317,-0.1703352896012405,4.664686439982345
method2,5.0,286.4,755.2317,-0.175600501930158,4.661775185275612
method2,5.0,286.5,755.3317,-0.18085454361054049,4.658842587668135
method2,5.0,286.6,755.4317000000001,-0.18610858529092297,4.655909990060659
method2,5.0,286.7,755.5317,-0.191351369815023,4.65295609234227
method2,5.0,286.8,755.6317,-0.196594154339126,4.65000219462388
method2,5.0,286.9,755.7317,-0.201825595362833,4.647027039935005
method2,5.0,287.0,755.8317,-0.20705703638654296,4.644051885246128
method2,5.0,287.1,755.9317000000001,-0.21227704773076245,4.6410555170771834
method2,5.0,287.2,756.0317,-0.217497059074979,4.63805914890824
method2,5.0,287.3,756.1317,-0.222705554727059,4.635041611098985
method2,5.0,287.4,756.2317,-0.22791405037913604,4.632024073289732
method2,5.0,287.5,756.3317,-0.2331109444942965,4.628985410028655
method2,5.0,287.6,756.4317000000001,-0.23830783860945695,4.625946746767578
method2,5.0,287.7,756.5317,-0.2434930455121835,4.622887002591235
method2,5.0,287.8,756.6317,-0.248678252414913,4.61982725841489
method2,5.0,287.9,756.7317,-0.253851686600386,4.61674647820727
method2,5.0,288.0,756.8317,-0.25902512078586193,4.613665697999648
method2,5.0,288.1,756.9317000000001,-0.26418669692136293,4.610563926991508
method2,5.0,288.2,757.0317,-0.269348273056861,4.60746215598337
method2,5.0,288.3,757.1317,-0.27449790598316,4.60433943975159
method2,5.0,288.4,757.2317,-0.27964753890945604,4.601216723519812
method2,5.0,288.5,757.3317,-0.2847851436422425,4.598073107986715
method2,5.0,288.6,757.4317000000001,-0.2899227483750289,4.594929492453618
method2,5.0,288.7,757.5317,-0.295048240106287,4.591765023886325
method2,5.0,288.8,757.6317,-0.300173731837548,4.58860055531903
method2,5.0,288.9,757.7317,-0.3052870259369785,4.585415280328755
method2,5.0,289.0,757.8317,-0.3104003200364119,4.582230005338478
method2,5.0,289.1,757.9317000000001,-0.3155013320528139,4.579023970879863
method2,5.0,289.2,758.0317,-0.320602344069213,4.57581793642125
method2,5.0,289.3,758.1317,-0.32569098973188304,4.57259118979167
method2,5.0,289.4,758.2317,-0.33077963539455013,4.569364443162092
method2,5.0,289.5,758.3317,-0.335855830614665,4.56611703200098
method2,5.0,289.6,758.4317000000001,-0.3409320258347799,4.5628696208398685
method2,5.0,289.7,758.5317,-0.3459956867067945,4.559601593127985
method2,5.0,289.8,758.6317,-0.351059347578812,4.5563335654161
method2,5.0,289.9,758.7317,-0.3561103903818435,4.55304496947487
method2,5.0,290.0,758.8317,-0.36116143318487787,4.549756373533638
method2,5.0,290.1,758.9317000000001,-0.36619977438408385,4.546447258024393
method2,5.0,290.2,759.0317,-0.371238115583287,4.54313814251515
method2,5.0,290.3,759.1317,-0.376263671831249,4.539808556438465
method2,5.0,290.4,759.2317,-0.3812892280792082,4.536478970361782
method2,5.0,290.5,759.3317,-0.38630191621730603,4.533128963056705
method2,5.0,290.6,759.4317000000001,-0.39131460435540383,4.529778955751628
method2,5.0,290.7,759.5317,-0.3963143414151855,4.526408576895005
method2,5.0,290.8,759.6317,-0.40131407847497,4.52303819803838
method2,5.0,290.9,759.7317,-0.40630078167954753,4.51964749764406
method2,5.0,291.0,759.8317,-0.4112874848841278,4.5162567972497385
method2,5.0,291.1,759.9317000000001,-0.4162610716495078,4.512845825667903
method2,5.0,291.2,760.0317,-0.421234658414885,4.50943485408607
method2,5.0,291.3,760.1317,-0.4261950463513745,4.5060036620024295
method2,5.0,291.4,760.2317,-0.4311554342878612,4.502572469918792
method2,5.0,291.5,760.3317,-0.436102541201398,4.49912110835389
method2,5.0,291.6,760.4317000000001,-0.44104964811493486,4.495669746788988
method2,5.0,291.7,760.5317,-0.4459833920084605,4.492198267097415
method2,5.0,291.8,760.6317,-0.450917135901989,4.48872678740584
method2,5.0,291.9,760.7317,-0.4558374349768225,4.485235241275465
method2,5.0,292.0,760.8317,-0.46075773405165876,4.481743695145088
method2,5.0,292.1,760.9317000000001,-0.46566450670882026,4.4782321345963325
method2,5.0,292.2,761.0317,-0.470571279365979,4.47472057404758
method2,5.0,292.3,761.1317,-0.4754644442075645,4.471189051432605
method2,5.0,292.4,761.2317,-0.4803576090491472,4.4676575288176315
method2,5.0,292.5,761.3317,-0.4852370848796745,4.46410609681959
method2,5.0,292.6,761.4317000000001,-0.49011656071020177,4.460554664821548
method2,5.0,292.7,761.5317,-0.4949822665379285,4.456983376453795
method2,5.0,292.8,761.6317,-0.499847972365658,4.45341208808604
method2,5.0,292.9,761.7317,-0.504699827403982,4.449820996691329
method2,5.0,293.0,761.8317,-0.5095516824423088,4.446229905296618
method2,5.0,293.1,761.9317000000001,-0.5143896061110452,4.442619064546343
method2,5.0,293.2,762.0317,-0.519227529779779,4.43900822379607
method2,5.0,293.3,762.1317,-0.5240514417065345,4.435377687689425
method2,5.0,293.4,762.2317,-0.5288753536332872,4.4317471515827815
method2,5.0,293.5,762.3317,-0.533685173654788,4.428096974445995
method2,5.0,293.6,762.4317000000001,-0.5384949936762887,4.4244467973092085
method2,5.0,293.7,762.5317,-0.5432906418396845,4.42077703379472
method2,5.0,293.8,762.6317,-0.548086290003083,4.41710727028023
method2,5.0,293.9,762.7317,-0.5528676865673274,4.41341797536586
method2,5.0,294.0,762.8317,-0.5576490831315747,4.409728680451488
method2,5.0,294.1,762.9317000000001,-0.5624161485686932,4.406019909439643
method2,5.0,294.2,763.0317,-0.567183214005809,4.4023111384278
method2,5.0,294.3,763.1317,-0.571935869002254,4.398582946944625
method2,5.0,294.4,763.2317,-0.5766885239986963,4.394854755461452
method2,5.0,294.5,763.3317,-0.581426689456657,4.39110719945602
method2,5.0,294.6,763.4317000000001,-0.5861648549146177,4.387359643450588
method2,5.0,294.7,763.5317,-0.5908884519533171,4.383592779194069
method2,5.0,294.8,763.6317,-0.595612048992019,4.37982591493755
method2,5.0,294.9,763.7317,-0.600320998949061,4.376039799022325
method2,5.0,295.0,763.8317,-0.6050299489061056,4.372253683107099
method2,5.0,295.1,763.9317000000001,-0.6097241733387526,4.368448372445963
method2,5.0,295.2,764.0317,-0.614418397771397,4.36464306178483
method2,5.0,295.3,764.1317,-0.6190978184578795,4.360818613610125
method2,5.0,295.4,764.2317,-0.6237772391443593,4.356994165435422
method2,5.0,295.5,764.3317,-0.6284417780851985,4.35315063729816
method2,5.0,295.6,764.4317000000001,-0.6331063170260377,4.349307109160899
method2,5.0,295.7,764.5317,-0.6377558964453015,4.34544455892994
method2,5.0,295.8,764.6317,-0.642405475864568,4.34158200869898
method2,5.0,295.9,764.7317,-0.6470400182112159,4.33770049456011
method2,5.0,296.0,764.8317,-0.6516745605578667,4.333818980421238
method2,5.0,296.1,764.9317000000001,-0.6562939885070076,4.329918560876348
method2,5.0,296.2,765.0317,-0.660913416456146,4.32601814133146
method2,5.0,296.3,765.1317,-0.6655176529103305,4.322098875197639
method2,5.0,296.4,765.2317,-0.6701218893645123,4.318179609063822
method2,5.0,296.5,765.3317,-0.6747108574550305,4.31424155547247
method2,5.0,296.6,765.4317000000001,-0.6792998255455486,4.310303501881117
method2,5.0,296.7,765.5317,-0.6838734486336915,4.3063467202770855
method2,5.0,296.8,765.6317,-0.688447071721837,4.30238993867305
method2,5.0,296.9,765.7317,-0.693005273400195,4.298414488813711
method2,5.0,297.0,765.8317,-0.6975634750785555,4.294439038954367
method2,5.0,297.1,765.9317000000001,-0.7021061791722846,4.290444980908733
method2,5.0,297.2,766.0317,-0.706648883266011,4.2864509228631
method2,5.0,297.3,766.1317,-0.7111760138340926,4.28243831701092
method2,5.0,297.4,766.2317,-0.7157031444021714,4.278425711158743
method2,5.0,297.5,766.3317,-0.720214625738696,4.27439461818959
method2,5.0,297.6,766.4317000000001,-0.7247261070752206,4.2703635252204375
method2,5.0,297.7,766.5317,-0.7292218637106376,4.2663140061328
method2,5.0,297.8,766.6317,-0.733717620346057,4.26226448704516
method2,5.0,297.9,766.7317,-0.7381975770484475,4.258196603145505
method2,5.0,298.0,766.8317,-0.7426775337508406,4.2541287192458475
method2,5.0,298.1,766.9317000000001,-0.7471416155271655,4.250042532147712
method2,5.0,298.2,767.0317,-0.751605697303488,4.24595634504958
method2,5.0,298.3,767.1317,-0.7560538294008455,4.24185191667263
method2,5.0,298.4,767.2317,-0.7605019614982005,4.237747488295683
method2,5.0,298.5,767.3317,-0.764934069405067,4.233624880864795
method2,5.0,298.6,767.4317000000001,-0.7693661773119336,4.229502273433908
method2,5.0,298.7,767.5317,-0.7737821867594186,4.2253615494782
method2,5.0,298.8,767.6317,-0.778198196206906,4.22122082552249
method2,5.0,298.9,767.7317,-0.7825980331699935,4.217062047874405
method2,5.0,299.0,767.8317,-0.7869978701330834,4.212903270226318
method2,5.0,299.1,767.9317000000001,-0.7913814608318654,4.2087265020206575
method2,5.0,299.2,768.0317,-0.795765051530645,4.204549733815
method2,5.0,299.3,768.1317,-0.8001323224315591,4.200355038487965
method2,5.0,299.4,768.2317,-0.8044995933324706,4.1961603431609324
method2,5.0,299.5,768.3317,-0.8088504711495286,4.19194778444918
method2,5.0,299.6,768.4317000000001,-0.8132013489665865,4.187735225737427
method2,5.0,299.7,768.5317,-0.8175357606625975,4.18350486767709
method2,5.0,299.8,768.6317,-0.821870172358611,4.17927450961675
method2,5.0,299.9,768.7317,-0.8261880451464261,4.175026416542465
method2,5.0,300.0,768.8317,-0.8305059179342434,4.170778323468177
method2,5.0,300.1,768.9317000000001,-0.834807179277941,4.166512560012118
method2,5.0,300.2,769.0317,-0.839108440621636,4.16224679655606
method2,5.0,300.3,769.1317,-0.843393018237772,4.157963427646955
method2,5.0,300.4,769.2317,-0.8476775958539056,4.153680058737852
method2,5.0,300.5,769.3317,-0.851945417712699,4.149379149599994
method2,5.0,300.6,769.4317000000001,-0.8562132395714924,4.145078240462137
method2,5.0,300.7,769.5317,-0.8604642338980415,4.140759856614405
method2,5.0,300.8,769.6317,-0.864715228224593,4.13644147276667
method2,5.0,300.9,769.7317,-0.8689493235000956,4.1321056800215
method2,5.0,301.0,769.8317,-0.8731834187756005,4.127769887276328
method2,5.0,301.1,769.9317000000001,-0.8774005437385254,4.123416751738758
method2,5.0,301.2,770.0317,-0.881617668701448,4.11906361620119
method2,5.0,301.3,770.1317,-0.8858177523487569,4.114693204267825
method2,5.0,301.4,770.2317,-0.8900178359960635,4.110322792334463
method2,5.0,301.5,770.3317,-0.8942008075843915,4.1059351706924705
method2,5.0,301.6,770.4317000000001,-0.8983837791727193,4.101547549050477
method2,5.0,301.7,770.5317,-0.9025495682195515,4.097142784676585
method2,5.0,301.8,770.6317,-0.906715357266386,4.09273802030269
method2,5.0,301.9,770.7317,-0.910863893551281,4.088316180462135
method2,5.0,302.0,770.8317,-0.9150124298361784,4.083894340621577
method2,5.0,302.1,770.9317000000001,-0.9191436434019034,4.079455492867117
method2,5.0,302.2,771.0317,-0.923274856967626,4.07501664511266
method2,5.0,302.3,771.1317,-0.92738867812136,4.070560857283525
method2,5.0,302.4,771.2317,-0.9315024992750917,4.066105069454393
method2,5.0,302.5,771.3317,-0.9355988585895976,4.06163240967524
method2,5.0,302.6,771.4317000000001,-0.9396952179041034,4.057159749896087
method2,5.0,302.7,771.5317,-0.9437740462188735,4.052670286576005
method2,5.0,302.8,771.6317,-0.947852874533646,4.04818082325592
method2,5.0,302.9,771.7317,-0.951914102956104,4.04367462508732
method2,5.0,303.0,771.8317,-0.9559753313785644,4.039168426918717
method2,5.0,303.1,771.9317000000001,-0.9600188912851968,4.0346455628763325
method2,5.0,303.2,772.0317,-0.964062451191827,4.03012269883395
method2,5.0,303.3,772.1317,-0.9680882742293411,4.025583238173775
method2,5.0,303.4,772.2317,-0.9721140972668527,4.0210437775136025
method2,5.0,303.5,772.3317,-0.976122115353353,4.016487789771815
method2,5.0,303.6,772.4317000000001,-0.9801301334398532,4.011931802030027
method2,5.0,303.7,772.5317,-0.9841202787659484,4.00735935702195
method2,5.0,303.8,772.6317,-0.988110424092046,4.00278691201387
method2,5.0,303.9,772.7317,-0.9920826291220385,3.998198079832885
method2,5.0,304.0,772.8317,-0.9960548341520332,3.9936092476518974
method2,5.0,304.1,772.9317000000001,-1.0000090316250279,3.9890040986683726
method2,5.0,304.2,773.0317,-1.00396322909802,3.98439894968485
method2,5.0,304.3,773.1317,-1.00789935202906,3.97977755454508
method2,5.0,304.4,773.2317,-1.0118354749600977,3.9751561594053126
method2,5.0,304.5,773.3317,-1.0157534566413249,3.970518589030425
method2,5.0,304.6,773.4317000000001,-1.0196714383225522,3.9658810186555375
method2,5.0,304.7,773.5317,-1.0235712123242902,3.9612273442404
method2,5.0,304.8,773.6317,-1.02747098632603,3.95657366982526
method2,5.0,304.9,773.7317,-1.031352486497945,3.951903962837405
method2,5.0,305.0,773.8317,-1.0352339866698623,3.9472342558495472
method2,5.0,305.1,773.9317000000001,-1.0390971471420622,3.942548588028062
method2,5.0,305.2,774.0317,-1.04296030761426,3.93786292020658
method2,5.0,305.3,774.1317,-1.04680506279842,3.933161363561015
method2,5.0,305.4,774.2317,-1.0506498179825778,3.928459806915453
method2,5.0,305.5,774.3317,-1.0544761025730351,3.923742433724705
method2,5.0,305.6,774.4317000000001,-1.0583023871634922,3.9190250605339574
method2,5.0,305.7,774.5317,-1.06211013613836,3.9142919433451953
method2,5.0,305.8,774.6317,-1.06591788511323,3.90955882615643
method2,5.0,305.9,774.7317,-1.069707033735495,3.90481003778393
method2,5.0,306.0,774.8317,-1.0734961823577622,3.9000612494114275
method2,5.0,306.1,774.9317000000001,-1.077266666176402,3.8952968629354925
method2,5.0,306.2,775.0317,-1.08103714999504,3.89053247645956
method2,5.0,306.3,775.1317,-1.084788904846085,3.885752565225375
method2,5.0,306.4,775.2317,-1.0885406596971279,3.8809726539911926
method2,5.0,306.5,775.3317,-1.0922736217047602,3.876177291607715
method2,5.0,306.6,775.4317000000001,-1.0960065837123922,3.8713819292242375
method2,5.0,306.7,775.5317,-1.0997206892900349,3.866571189563055
method2,5.0,306.8,775.6317,-1.10343479486768,3.86176044990187
method2,5.0,306.9,775.7317,-1.107129980719085,3.8569344070960696
method2,5.0,307.0,775.8317,-1.110825166570492,3.852108364290267
method2,5.0,307.1,775.9317000000001,-1.1145013696907822,3.847267092733282
method2,5.0,307.2,776.0317,-1.11817757281107,3.8424258211763
method2,5.0,307.3,776.1317,-1.121834730487845,3.8375693955207746
method2,5.0,307.4,776.2317,-1.125491888164618,3.8327129698652525
method2,5.0,307.5,776.3317,-1.129129937979,3.827841465021905
method2,5.0,307.6,776.4317000000001,-1.132767987793382,3.822969960178557
method2,5.0,307.7,776.5317,-1.13638686762108,3.818083451315
method2,5.0,307.8,776.6317,-1.14000574744878,3.81319694245144
method2,5.0,307.9,776.7317,-1.14360539546115,3.808295504991035
method2,5.0,308.0,776.8317,-1.147205043473522,3.8033940675306273
method2,5.0,308.1,776.9317000000001,-1.150785398138622,3.7984777771513323
method2,5.0,308.2,777.0317,-1.15436575280372,3.79356148677204
method2,5.0,308.3,777.1317,-1.15792675288735,3.788630419405215
method2,5.0,308.4,777.2317,-1.161487752970978,3.7836993520383926
method2,5.0,308.5,777.3317,-1.16502933753772,3.7787535838676547
method2,5.0,308.6,777.4317000000001,-1.168570922104462,3.7738078156969173
method2,5.0,308.7,777.5317,-1.1720930305187252,3.76884742315696
method2,5.0,308.8,777.6317,-1.17561513893299,3.763887030617
method2,5.0,308.9,777.7317,-1.179117710860055,3.758912090392405
method2,5.0,309.0,777.8317,-1.182620282787122,3.753937150167807
method2,5.0,309.1,777.9317000000001,-1.1861032581941469,3.7489477391918573
method2,5.0,309.2,778.0317,-1.18958623360117,3.74395832821591
method2,5.0,309.3,778.1317,-1.19304955275823,3.738954523669425
method2,5.0,309.4,778.2317,-1.196512871915288,3.7339507191229426
method2,5.0,309.5,778.3317,-1.19995647539639,3.728932598433045
method2,5.0,309.6,778.4317000000001,-1.203400078877492,3.7239144777431474
method2,5.0,309.7,778.5317,-1.2068239075615899,3.7188821185821253
method2,5.0,309.8,778.6317,-1.21024773624569,3.7138497594211
method2,5.0,309.9,778.7317,-1.213651731317705,3.708803239705135
method2,5.0,310.0,778.8317,-1.217055726389722,3.7037567199891672
method2,5.0,310.1,778.9317000000001,-1.220439829341522,3.698696117877187
method2,5.0,310.2,779.0317,-1.22382393229332,3.69363551576521
method2,5.0,310.3,779.1317,-1.22718808492475,3.688560909657655
method2,5.0,310.4,779.2317,-1.230552237556178,3.6834863035501026
method2,5.0,310.5,779.3317,-1.233896381976055,3.6783977720877097
method2,5.0,310.6,779.4317000000001,-1.237240526395932,3.6733092406253167
method2,5.0,310.7,779.5317,-1.24056460502299,3.66820686268792
method2,5.0,310.8,779.6317,-1.24388868365005,3.66310448475052
method2,5.0,310.9,779.7317,-1.2471926392139951,3.6579883394558
method2,5.0,311.0,779.8317,-1.2504965947779418,3.652872194161077
method2,5.0,311.1,779.9317000000001,-1.2537803703203918,3.647742360863367
method2,5.0,311.2,780.0317,-1.25706414586284,3.64261252756566
method2,5.0,311.3,780.1317,-1.2603276847383,3.6374690858546996
method2,5.0,311.4,780.2317,-1.2635912236137583,3.632325644143743
method2,5.0,311.5,780.3317,-1.2668344694906102,3.62716867384343
method2,5.0,311.6,780.4317000000001,-1.2700777153674618,3.6220117035431167
method2,5.0,311.7,780.5317,-1.273300612228925,3.616841284710315
method2,5.0,311.8,780.6317,-1.27652350909039,3.61167086587751
method2,5.0,311.9,780.7317,-1.279726001235475,3.606487078800755
method2,5.0,312.0,780.8317,-1.2829284933805618,3.601303291723997
method2,5.0,312.1,780.9317000000001,-1.286110525425047,3.596106216922282
method2,5.0,312.2,781.0317,-1.28929255746953,3.59090914212057
method2,5.0,312.3,781.1317,-1.292454074346895,3.58569886034209
method2,5.0,312.4,781.2317,-1.2956155912242582,3.580488578563613
method2,5.0,312.5,781.3317,-1.2987565381866348,3.57526517078451
method2,5.0,312.6,781.4317000000001,-1.3018974851490117,3.570041763005407
method2,5.0,312.7,781.5317,-1.30501780776813,3.5648053104285102
method2,5.0,312.8,781.6317,-1.30813813038725,3.55956885785161
method2,5.0,312.9,781.7317,-1.3112377745553898,3.55431944190518
method2,5.0,313.0,781.8317,-1.3143374187235317,3.549070025958747
method2,5.0,313.1,781.9317000000001,-1.3174163306544318,3.543807728295202
method2,5.0,313.2,782.0317,-1.32049524258533,3.53854543063166
method2,5.0,313.3,782.1317,-1.32355336881512,3.533270333126315
method2,5.0,313.4,782.2317,-1.3266114950449082,3.527995235620973
method2,5.0,313.5,782.3317,-1.32964878243305,3.52270742037076
method2,5.0,313.6,782.4317000000001,-1.3326860698211918,3.517419605120547
method2,5.0,313.7,782.5317,-1.3357024655513698,3.51211915444276
method2,5.0,313.8,782.6317,-1.33871886128155,3.50681870376497
method2,5.0,313.9,782.7317,-1.3417143128626101,3.50150570019594
method2,5.0,314.0,782.8317,-1.3447097644436719,3.496192696626907
method2,5.0,314.1,782.9317000000001,-1.3476842197105068,3.490867222920767
method2,5.0,314.2,783.0317,-1.35065867497734,3.48554174921463
method2,5.0,314.3,783.1317,-1.353612082091815,3.4802038883419897
method2,5.0,314.4,783.2317,-1.3565654892062882,3.474866027469353
method2,5.0,314.5,783.3317,-1.3594977966581099,3.469515862616035
method2,5.0,314.6,783.4317000000001,-1.3624301041099316,3.464165697762717
method2,5.0,314.7,783.5317,-1.36534126071756,3.4588033123284347
method2,5.0,314.8,783.6317,-1.36825241732519,3.45344092689415
method2,5.0,314.9,783.7317,-1.37114237223673,3.448066404491235
method2,5.0,315.0,783.8317,-1.3740323271482715,3.442691882088317
method2,5.0,315.1,783.9317000000001,-1.3769010298423365,3.437305306540392
method2,5.0,315.2,784.0317,-1.3797697325364,3.43191873099247
method2,5.0,315.3,784.1317,-1.382617132823,3.426520186333165
method2,5.0,315.4,784.2317,-1.3854645331095985,3.4211216416738632
method2,5.0,315.5,784.3317,-1.388290581131015,3.41571121214548
method2,5.0,315.6,784.4317000000001,-1.3911166291524315,3.410300782617097
method2,5.0,315.7,784.5317,-1.39392127538407,3.40487855266933
method2,5.0,315.8,784.6317,-1.39672592161571,3.39945632272156
method2,5.0,315.9,784.7317,-1.39950911686698,3.3940223770101348
method2,5.0,316.0,784.8317,-1.4022923121182516,3.388588431298707
method2,5.0,316.1,784.9317000000001,-1.4050540075334017,3.383142854684107
method2,5.0,316.2,785.0317,-1.40781570294855,3.37769727806951
method2,5.0,316.3,785.1317,-1.410555850007545,3.3722401556156
method2,5.0,316.4,785.2317,-1.4132959970665384,3.3667830331616933
method2,5.0,316.5,785.3317,-1.4160145475858799,3.361314450134445
method2,5.0,316.6,785.4317000000001,-1.4187330981052215,3.3558458671071967
method2,5.0,316.7,785.5317,-1.421430004238795,3.35036590897333
method2,5.0,316.8,785.6317,-1.42412691037237,3.34488595083946
method2,5.0,316.9,785.7317,-1.4268021246123,3.33939470326509
method2,5.0,317.0,785.8317,-1.4294773388522315,3.333903455690717
method2,5.0,317.1,785.9317000000001,-1.4321308140296716,3.328401004540052
method2,5.0,317.2,786.0317,-1.43478428920711,3.32289855338939
method2,5.0,317.3,786.1317,-1.437415978493115,3.31738498472337
method2,5.0,317.4,786.2317,-1.4400476677791185,3.311871416057353
method2,5.0,317.5,786.3317,-1.442657524685425,3.3063468161323
method2,5.0,317.6,786.4317000000001,-1.4452673815917316,3.300822216207247
method2,5.0,317.7,786.5317,-1.44785535997158,3.295286671473545
method2,5.0,317.8,786.6317,-1.45044333835143,3.28975112673984
method2,5.0,317.9,786.7317,-1.453009392400395,3.2842047238405296
method2,5.0,318.0,786.8317,-1.4555754464493615,3.278658320941217
method2,5.0,318.1,786.9317000000001,-1.4581195307061365,3.273101146710702
method2,5.0,318.2,787.0317,-1.46066361496291,3.26754397248019
method2,5.0,318.3,787.1317,-1.4631856843100999,3.26197611394283
method2,5.0,318.4,787.2317,-1.4657077536572887,3.256408255405473
method2,5.0,318.5,787.3317,-1.468207763322215,3.250829799774235
method2,5.0,318.6,787.4317000000001,-1.4707077729871414,3.245251344142997
method2,5.0,318.7,787.5317,-1.4731856785426252,3.239662378818125
method2,5.0,318.8,787.6317,-1.47566358409811,3.23407341349325
method2,5.0,318.9,787.7317,-1.478119341463255,3.2284740260608347
method2,5.0,319.0,787.8317,-1.4805750988284014,3.222874638628417
method2,5.0,319.1,787.9317000000001,-1.4830086642693665,3.2172649168590617
method2,5.0,319.2,788.0317,-1.48544222971033,3.21165519508971
method2,5.0,319.3,788.1317,-1.4878535598411,3.206035226937165
method2,5.0,319.4,788.2317,-1.4902648899718687,3.200415258784623
method2,5.0,319.5,788.3317,-1.4926539417550249,3.1947851323843652
method2,5.0,319.6,788.4317000000001,-1.4950429935381813,3.189155005984107
method2,5.0,319.7,788.5317,-1.49740972428566,3.18351480965201
method2,5.0,319.8,788.6317,-1.49977645503314,3.17787461331991
method2,5.0,319.9,788.7317,-1.50212082240698,3.1722244355508202
method2,5.0,320.0,788.8317,-1.5044651897808212,3.166574257781727
method2,5.0,320.1,788.9317000000001,-1.5067871517939213,3.160914187248082
method2,5.0,320.2,789.0317,-1.50910911380702,3.15525411671444
method2,5.0,320.3,789.1317,-1.511408628823875,3.149584242264905
method2,5.0,320.4,789.2317,-1.5137081438407287,3.143914367815373
method2,5.0,320.5,789.3317,-1.5159851705781802,3.138234778473395
method2,5.0,320.6,789.4317000000001,-1.5182621973156314,3.1325551891314167
method2,5.0,320.7,789.5317,-1.52051669484358,3.126865974093895
method2,5.0,320.8,789.6317,-1.52277119237153,3.12117675905637
method2,5.0,320.9,789.7317,-1.525003120113685,3.11547800769219
method2,5.0,321.0,789.8317,-1.5272350478558414,3.109779256328007
method2,5.0,321.1,789.9317000000001,-1.5294443655904164,3.1040710581766766
method2,5.0,321.2,790.0317,-1.53165368332499,3.09836286002535
method2,5.0,321.3,790.1317,-1.533840351185445,3.092645304795585
method2,5.0,321.4,790.2317,-1.5360270190458987,3.086927749565823
method2,5.0,321.5,790.3317,-1.5381909975216401,3.0812009271341347
method2,5.0,321.6,790.4317000000001,-1.5403549759973811,3.075474104702447
method2,5.0,321.7,790.5317,-1.5424962259344501,3.0697381051117247
method2,5.0,321.8,790.6317,-1.54463747587152,3.064002105521
method2,5.0,321.9,790.7317,-1.5467559584733102,3.0582570189791047
method2,5.0,322.0,790.8317,-1.5488744410751012,3.052511932437207
method2,5.0,322.1,790.9317000000001,-1.5509701179030613,3.0467578493155467
method2,5.0,322.2,791.0317,-1.55306579473102,3.04100376619389
method2,5.0,322.3,791.1317,-1.555138627705315,3.035240777026015
method2,5.0,322.4,791.2317,-1.5572114606796088,3.029477787858143
method2,5.0,322.5,791.3317,-1.55926141207981,3.023705983338285
method2,5.0,322.6,791.4317000000001,-1.561311363480011,3.017934178818427
method2,5.0,322.7,791.5317,-1.563338395945785,3.0121536498001253
method2,5.0,322.8,791.6317,-1.56536542841156,3.00637312078182
method2,5.0,322.9,791.7317,-1.567369504943335,3.00058395827643
method2,5.0,323.0,791.8317,-1.569373581475111,2.994794795771037
method2,5.0,323.1,791.9317000000001,-1.5713546654347261,2.9889970909463566
method2,5.0,323.2,792.0317,-1.57333574939434,2.98319938612168
method2,5.0,323.3,792.1317,-1.5752938045057352,2.97739323030047
method2,5.0,323.4,792.2317,-1.577251859617129,2.971587074479263
method2,5.0,323.5,792.3317,-1.579186849966955,2.9657725591378403
method2,5.0,323.6,792.4317000000001,-1.581121840316781,2.959958043796417
method2,5.0,323.7,792.5317,-1.5830337303550999,2.95413526056319
method2,5.0,323.8,792.6317,-1.58494562039342,2.94831247732996
method2,5.0,323.9,792.7317,-1.5868343749343001,2.942481517983995
method2,5.0,324.0,792.8317,-1.5887231294751811,2.9366505586380267
method2,5.0,324.1,792.9317000000001,-1.590588713697361,2.9308115151076066
method2,5.0,324.2,793.0317,-1.59245429791954,2.92497247157719
method2,5.0,324.3,793.1317,-1.594296677367055,2.9191254359383603
method2,5.0,324.4,793.2317,-1.5961390568145688,2.913278400299533
method2,5.0,324.5,793.3317,-1.59795819739737,2.907423464774645
method2,5.0,324.6,793.4317000000001,-1.5997773379801712,2.9015685292497566
method2,5.0,324.7,793.5317,-1.601573205974745,2.895705786206025
method2,5.0,324.8,793.6317,-1.60336907396932,2.88984304316229
method2,5.0,324.9,793.7317,-1.605141636019305,2.88397258511032
method2,5.0,325.0,793.8317,-1.606914198069291,2.8781021270583462
method2,5.0,325.1,793.9317000000001,-1.608663421186091,2.8722240466507016
method2,5.0,325.2,794.0317,-1.61041264430289,2.86634596624306
method2,5.0,325.3,794.1317,-1.61213849586626,2.860460356272755
method2,5.0,325.4,794.2317,-1.613864347429629,2.8545747463024536
method2,5.0,325.5,794.3317,-1.615566795188285,2.848681699701535
method2,5.0,325.6,794.4317000000001,-1.6172692429469409,2.8427886531006163
method2,5.0,325.7,794.5317,-1.618948255019155,2.836888262938685
method2,5.0,325.8,794.6317,-1.62062726709137,2.83098787277675
method2,5.0,325.9,794.7317,-1.62228281196553,2.825080232259455
method2,5.0,326.0,794.8317,-1.6239383568396908,2.8191725917421566
method2,5.0,326.1,794.9317000000001,-1.625570403374901,2.8132577942097816
method2,5.0,326.2,795.0317,-1.62720244991011,2.80734299667741
method2,5.0,326.3,795.1317,-1.628810967336765,2.801421135603355
method2,5.0,326.4,795.2317,-1.630419484763419,2.7954992745293037
method2,5.0,326.5,795.3317,-1.632004442683755,2.789570443518615
method2,5.0,326.6,795.4317000000001,-1.633589400604091,2.7836416125079264
method2,5.0,326.7,795.5317,-1.63515076899275,2.7777059052958553
method2,5.0,326.8,795.6317,-1.63671213738141,2.77177019808378
method2,5.0,326.9,795.7317,-1.638249886586015,2.765827708534225
method2,5.0,327.0,795.8317,-1.639787635790621,2.7598852189846665
method2,5.0,327.1,795.9317000000001,-1.641301736532296,2.7539360410887666
method2,5.0,327.2,796.0317,-1.64281583727397,2.74798686319287
method2,5.0,327.3,796.1317,-1.6443062606479,2.7420310910674752
method2,5.0,327.4,796.2317,-1.6457966840218292,2.7360753189420834
method2,5.0,327.5,796.3317,-1.6472634014978,2.730113046828275
method2,5.0,327.6,796.4317000000001,-1.6487301189737709,2.7241507747144666
method2,5.0,327.7,796.5317,-1.65017310239669,2.718182096976085
method2,5.0,327.8,796.6317,-1.65161608581961,2.7122134192377
method2,5.0,327.9,796.7317,-1.653035307410035,2.706238430359805
method2,5.0,328.0,796.8317,-1.6544545290004609,2.7002634414819067
method2,5.0,328.1,796.9317000000001,-1.6558499613551307,2.6942822360693266
method2,5.0,328.2,797.0317,-1.6572453937098,2.68830103065675
method2,5.0,328.3,797.1317,-1.658617009802125,2.6823137034325804
method2,5.0,328.4,797.2317,-1.6599886258944492,2.6763263762084137
method2,5.0,328.5,797.3317,-1.66133639907505,2.670333022012475
method2,5.0,328.6,797.4317000000001,-1.6626841722556507,2.6643396678165363
method2,5.0,328.7,797.5317,-1.6640080762528249,2.65834038160394
method2,5.0,328.8,797.6317,-1.66533198025,2.65234109539134
method2,5.0,328.9,797.7317,-1.66663198917025,2.646335972230915
method2,5.0,329.0,797.8317,-1.6679319980905007,2.6403308490704864
method2,5.0,329.1,797.9317000000001,-1.6692080864190009,2.6343199841433216
method2,5.0,329.2,798.0317,-1.6704841747475,2.62830911921616
method2,5.0,329.3,798.1317,-1.671736317348585,2.62229260781407
method2,5.0,329.4,798.2317,-1.6729884599496694,2.6162760964119833
method2,5.0,329.5,798.3317,-1.67421663206733,2.61025403393601
method2,5.0,329.6,798.4317000000001,-1.6754448041849908,2.6042319714600364
method2,5.0,329.7,798.5317,-1.67664898144331,2.5982044534189352
method2,5.0,329.8,798.6317,-1.67785315870163,2.59217693537783
method2,5.0,329.9,798.7317,-1.6790333171052851,2.5861440573865497
method2,5.0,330.0,798.8317,-1.6802134755089406,2.5801111793952662
method2,5.0,330.1,798.9317000000001,-1.6813695914436455,2.5740730371734264
method2,5.0,330.2,799.0317,-1.68252570737835,2.56803489495159
method2,5.0,330.3,799.1317,-1.683657757611305,2.56199158432199
method2,5.0,330.4,799.2317,-1.6847898078442594,2.5559482736923935
method2,5.0,330.5,799.3317,-1.6858977695246051,2.549899890579455
method2,5.0,330.6,799.4317000000001,-1.6870057312049507,2.5438515074665164
method2,5.0,330.7,799.5317,-1.6880895818642099,2.5377981478948
method2,5.0,330.8,799.6317,-1.68917343252347,2.53174478832308
method2,5.0,330.9,799.7317,-1.69023315007598,2.5256865484157203
method2,5.0,331.0,799.8317,-1.6912928676284906,2.5196283085083566
method2,5.0,331.1,799.9317000000001,-1.6923284303718356,2.5135652844855567
method2,5.0,331.2,800.0317,-1.69336399311518,2.50750226046276
method2,5.0,331.3,800.1317,-1.694375379730615,2.501434548640275
method2,5.0,331.4,800.2317,-1.6953867663460493,2.4953668368177935
method2,5.0,331.5,800.3317,-1.696373955898905,2.48929453360538
method2,5.0,331.6,800.4317000000001,-1.6973611454517605,2.4832222303929665
method2,5.0,331.7,800.5317,-1.698324117391875,2.4771454322928648
method2,5.0,331.8,800.6317,-1.69928708933199,2.47106863419276
method2,5.0,331.9,800.7317,-1.7002258234941001,2.464987437798135
method2,5.0,332.0,800.8317,-1.7011645576562104,2.4589062414035063
method2,5.0,332.1,800.9317000000001,-1.7020790342603456,2.4528207433969613
method2,5.0,332.2,801.0317,-1.70299351086448,2.44673524539042
method2,5.0,332.3,801.1317,-1.7038837105163749,2.4406455425424
method2,5.0,332.4,801.2317,-1.7047739101682695,2.4345558396943834
method2,5.0,332.5,801.3317,-1.7056398138597249,2.4284620288616896
method2,5.0,332.6,801.4317000000001,-1.7065057175511804,2.4223682180289963
method2,5.0,332.7,801.5317,-1.7073473066604699,2.4162703961532097
method2,5.0,332.8,801.6317,-1.70818889576976,2.41017257427742
method2,5.0,332.9,801.7317,-1.70900615206198,2.404070838383375
method2,5.0,333.0,801.8317,-1.7098234083542005,2.3979691024893266
method2,5.0,333.1,801.9317000000001,-1.7106163139816606,2.391863549683572
method2,5.0,333.2,802.0317,-1.71140921960912,2.38575799687782
method2,5.0,333.3,802.1317,-1.71217775711168,2.37964872434704
method2,5.0,333.4,802.2317,-1.7129462946142395,2.3735394518162636
method2,5.0,333.5,802.3317,-1.713690446919685,2.367426556825785
method2,5.0,333.6,802.4317000000001,-1.7144345992251304,2.3613136618353066
method2,5.0,333.7,802.5317,-1.715154349649525,2.355197241727515
method2,5.0,333.8,802.6317,-1.71587410007392,2.34908082161972
method2,5.0,333.9,802.7317,-1.716569432321925,2.342960973812505
method2,5.0,334.0,802.8317,-1.7172647645699304,2.3368411260052864
method2,5.0,334.1,802.9317000000001,-1.7179356627351654,2.3307179479905114
method2,5.0,334.2,803.0317,-1.7186065609004,2.32459476997574
method2,5.0,334.3,803.1317,-1.71925300946577,2.318468359317675
method2,5.0,334.4,803.2317,-1.7198994580311395,2.3123419486596135
method2,5.0,334.5,803.3317,-1.7205214418691401,2.306212402993385
method2,5.0,334.6,803.4317000000001,-1.7211434257071405,2.3000828573271566
method2,5.0,334.7,803.5317,-1.7217409300802,2.293950274357215
method2,5.0,334.8,803.6317,-1.72233843445326,2.28781769138727
method2,5.0,334.9,803.7317,-1.72291144501405,2.281682168885755
method2,5.0,335.0,803.8317,-1.7234844555748403,2.2755466463842366
method2,5.0,335.1,803.9317000000001,-1.7240329583665703,2.2694082821895267
method2,5.0,335.2,804.0317,-1.7245814611583,2.26326991799482
method2,5.0,335.3,804.1317,-1.72510544261501,2.2571288100098847
method2,5.0,335.4,804.2317,-1.7256294240717198,2.2509877020249536
method2,5.0,335.5,804.3317,-1.726128871018605,2.244843948215835
method2,5.0,335.6,804.4317000000001,-1.7266283179654902,2.2387001944067166
method2,5.0,335.7,804.5317,-1.727103217619155,2.2325538928009703
method2,5.0,335.8,804.6317,-1.72757811727282,2.22640759119522
method2,5.0,335.9,804.7317,-1.728028457241585,2.220258839880315
method2,5.0,336.0,804.8317,-1.7284787972103501,2.2141100885654064
method2,5.0,336.1,804.9317000000001,-1.7289045654945052,2.2079589856871915
method2,5.0,336.2,805.0317,-1.72933033377866,2.20180788280898
method2,5.0,336.3,805.1317,-1.729731518770755,2.195654526570115
method2,5.0,336.4,805.2317,-1.7301327037628498,2.1895011703312535
method2,5.0,336.5,805.3317,-1.7305092942479399,2.1833456589896096
method2,5.0,336.6,805.4317000000001,-1.7308858847330302,2.1771901476479663
method2,5.0,336.7,805.5317,-1.73123786988893,2.17103257951513
method2,5.0,336.8,805.6317,-1.73158985504483,2.16487501138229
method2,5.0,336.9,805.7317,-1.731917224442385,2.158715484821895
method2,5.0,337.0,805.8317,-1.7322445938399402,2.1525559582614964
method2,5.0,337.1,805.9317000000001,-1.73254733744325,2.1463945716877166
method2,5.0,337.2,806.0317,-1.73285008104656,2.14023318511394
method2,5.0,337.3,806.1317,-1.73312818921322,2.13407003698992
method2,5.0,337.4,806.2317,-1.7334062973798798,2.1279068888659034
method2,5.0,337.5,806.3317,-1.733659760861215,2.12174207770215
method2,5.0,337.6,806.4317000000001,-1.7339132243425501,2.1155772665383963
method2,5.0,337.7,806.5317,-1.7341420342838498,2.1094108908912297
method2,5.0,337.8,806.6317,-1.73437084422515,2.10324451524406
method2,5.0,337.9,806.7317,-1.7345749921658649,2.097076673714025
method2,5.0,338.0,806.8317,-1.73477914010658,2.0909088321839864
method2,5.0,338.1,806.9317000000001,-1.734958617980545,2.0847396234142717
method2,5.0,338.2,807.0317,-1.73513809585451,2.07857041464456
method2,5.0,338.3,807.1317,-1.7352928959901601,2.07239993731946
method2,5.0,338.4,807.2317,-1.73544769612581,2.0662294599943634
method2,5.0,338.5,807.3317,-1.7355778112463551,2.0600578128376297
method2,5.0,338.6,807.4317000000001,-1.7357079263669,2.0538861656808964
method2,5.0,338.7,807.5317,-1.7358133495905501,2.047713447454235
method2,5.0,338.8,807.6317,-1.7359187728142,2.04154072922757
method2,5.0,338.9,807.7317,-1.73599949765432,2.035367038728995
method2,5.0,339.0,807.8317,-1.73608022249444,2.0291933482304163
method2,5.0,339.1,807.9317000000001,-1.73613624285976,2.0230187842927165
method2,5.0,339.2,808.0317,-1.73619226322508,2.01684422035502
method2,5.0,339.3,808.1317,-1.73622357341984,2.010668881844135
method2,5.0,339.4,808.2317,-1.7362548836146,2.0044935433332536
method2,5.0,339.5,808.3317,-1.7362614783387451,1.998317529146745
method2,5.0,339.6,808.4317000000001,-1.73626807306289,1.9921415149602364
method2,5.0,339.7,808.5317,-1.73624994741221,1.985964924025645
method2,5.0,339.8,808.6317,-1.73623182176153,1.97978833309105
method2,5.0,339.9,808.7317,-1.7361889712278349,1.9736112643643549
method2,5.0,340.0,808.8317,-1.73614612069414,1.9674341956376564
method2,5.0,340.1,808.9317000000001,-1.7360785411653898,1.9612567481016565
method2,5.0,340.2,809.0317,-1.73601096163664,1.95507930056566
method2,5.0,340.3,809.1317,-1.7359186493971,1.94890157322842
method2,5.0,340.4,809.2317,-1.73582633715756,1.9427238458911835
method2,5.0,340.5,809.3317,-1.7357092888879349,1.93654593778442
method2,5.0,340.6,809.4317000000001,-1.73559224061831,1.9303680296776564
method2,5.0,340.7,809.5317,-1.7354504533958601,1.924190039855185
method2,5.0,340.8,809.6317,-1.73530866617341,1.91801205003271
method2,5.0,340.9,809.7317,-1.7351421374721,1.9118340775688
method2,5.0,341.0,809.8317,-1.73497560877079,1.9056561051048864
method2,5.0,341.1,809.9317000000001,-1.7347843364613849,1.8994782490927316
method2,5.0,341.2,810.0317,-1.73459306415198,1.89330039308058
method2,5.0,341.3,810.1317,-1.73437704650217,1.887122752630665
method2,5.0,341.4,810.2317,-1.7341610288523601,1.8809451121807534
method2,5.0,341.5,810.3317,-1.73392026452685,1.8747677864193
method2,5.0,341.6,810.4317000000001,-1.7336795002013399,1.8685904606578465
method2,5.0,341.7,810.5317,-1.73341398826196,1.8624135487252
method2,5.0,341.8,810.6317,-1.73314847632258,1.85623663679255
method2,5.0,341.9,810.7317,-1.73285821622837,1.8500602378415851
method2,5.0,342.0,810.8317,-1.7325679561341598,1.8438838388906165
method2,5.0,342.1,810.9317000000001,-1.7322529477414699,1.8377080520851665
method2,5.0,342.2,811.0317,-1.73193793934878,1.83153226527972
method2,5.0,342.3,811.1317,-1.731598182911315,1.82535718979296
method2,5.0,342.4,811.2317,-1.7312584264738502,1.8191821143062035
method2,5.0,342.5,811.3317,-1.73089392264278,1.8130078493190749
method2,5.0,342.6,811.4317000000001,-1.7305294188117097,1.8068335843319465
method2,5.0,342.7,811.5317,-1.730140168635725,1.80066022903158
method2,5.0,342.8,811.6317,-1.72975091845974,1.79448687373121
method2,5.0,342.9,811.7317,-1.7293369233850848,1.7883145273092649
method2,5.0,343.0,811.8317,-1.7289229283104297,1.7821421808873164
method2,5.0,343.1,811.9317000000001,-1.7284841901809997,1.7759709425384764
method2,5.0,343.2,812.0317,-1.72804545205157,1.76979970418964
method2,5.0,343.3,812.1317,-1.727581973108925,1.76362967310996
method2,5.0,343.4,812.2317,-1.7271184941662803,1.7574596420302835
method2,5.0,343.5,812.3317,-1.726630277049695,1.7512909174156048
method2,5.0,343.6,812.4317000000001,-1.7261420599331099,1.7451221928009264
method2,5.0,343.7,812.5317,-1.725629107679615,1.7389548738453149
method2,5.0,343.8,812.6317,-1.72511615542612,1.7327875548897
method2,5.0,343.9,812.7317,-1.7245784714705201,1.7266217407837852
method2,5.0,344.0,812.8317,-1.7240407875149197,1.7204559266778665
method2,5.0,344.1,812.9317000000001,-1.7234783756898246,1.7142917166073115
method2,5.0,344.2,813.0317,-1.72291596386473,1.70812750653676
method2,5.0,344.3,813.1317,-1.722328828400555,1.7019649996806452
method2,5.0,344.4,813.2317,-1.7217416929363805,1.6958024928245337
method2,5.0,344.5,813.3317,-1.72112983846137,1.68964178835373
method2,5.0,344.6,813.4317000000001,-1.7205179839863596,1.6834810838829264
method2,5.0,344.7,813.5317,-1.71988141552659,1.67732228095856
method2,5.0,344.8,813.6317,-1.71924484706682,1.67116347803419
method2,5.0,344.9,813.7317,-1.71858357004617,1.665006675805985
method2,5.0,345.0,813.8317,-1.7179222930255196,1.6588498735777764
method2,5.0,345.1,813.9317000000001,-1.7172363132656996,1.6526951711824915
method2,5.0,345.2,814.0317,-1.71655033350588,1.64654046878721
method2,5.0,345.3,814.1317,-1.715839657226385,1.64038796534705
method2,5.0,345.4,814.2317,-1.7151289809468904,1.6342354619068935
method2,5.0,345.5,814.3317,-1.714393614764975,1.62808525652787
method2,5.0,345.6,814.4317000000001,-1.7136582485830596,1.6219350511488464
method2,5.0,345.7,814.5317,-1.71289819951374,1.615787242919255
method2,5.0,345.8,814.6317,-1.71213815044442,1.60963943468966
method2,5.0,345.9,814.7317,-1.7113534259003949,1.6034941226784
method2,5.0,346.0,814.8317,-1.7105687013563695,1.5973488106671365
method2,5.0,346.1,814.9317000000001,-1.7097593091480194,1.5912060939221666
method2,5.0,346.2,815.0317,-1.70894991693967,1.5850633771772
method2,5.0,346.3,815.1317,-1.708115865274975,1.57892335472394
method2,5.0,346.4,815.2317,-1.7072818136102805,1.5727833322706835
method2,5.0,346.5,815.3317,-1.7064231110947752,1.56664610311039
method2,5.0,346.6,815.4317000000001,-1.7055644085792696,1.5605088739500965
method2,5.0,346.7,815.5317,-1.704681064216,1.55437453705831
method2,5.0,346.8,815.6317,-1.70379771985273,1.54824020016652
method2,5.0,346.9,815.7317,-1.70288974304215,1.542108854491415
method2,5.0,347.0,815.8317,-1.7019817662315695,1.5359775088163063
method2,5.0,347.1,815.9317000000001,-1.7010491667714944,1.5298492532771364
method2,5.0,347.2,816.0317,-1.70011656731142,1.52372099773797
method2,5.0,347.3,816.1317,-1.69915935539694,1.517595931223465
method2,5.0,347.4,816.2317,-1.6982021434824603,1.5114708647089636
method2,5.0,347.5,816.3317,-1.6972203297058348,1.50534908607571
method2,5.0,347.6,816.4317000000001,-1.6962385159292093,1.4992273074424565
method2,5.0,347.7,816.5317,-1.69523211127981,1.49310891551335
method2,5.0,347.8,816.6317,-1.69422570663041,1.48699052358424
method2,5.0,347.9,816.7317,-1.693194722494575,1.48087561714683
method2,5.0,348.0,816.8317,-1.6921637383587393,1.4747607107094165
method2,5.0,348.1,816.9317000000001,-1.6911081865197044,1.4686493885143614
method2,5.0,348.2,817.0317,-1.69005263468067,1.46253806631931
method2,5.0,348.3,817.1317,-1.6889725273184348,1.456430427078745
method2,5.0,348.4,817.2317,-1.6878924199562007,1.4503227878381835
method2,5.0,348.5,817.3317,-1.686787769647415,1.44421893022417
method2,5.0,348.6,817.4317000000001,-1.6856831193386292,1.4381150726101564
method2,5.0,348.7,817.5317,-1.68455393905647,1.4320150952530448
method2,5.0,348.8,817.6317,-1.68342475877431,1.42591511789593
method2,5.0,348.9,817.7317,-1.68227106188834,1.41981911938278
method2,5.0,349.0,817.8317,-1.6811173650023694,1.4137231208696264
method2,5.0,349.1,817.9317000000001,-1.6799391652784093,1.4076311997426365
method2,5.0,349.2,818.0317,-1.67876096555445,1.40153927861565
method2,5.0,349.3,818.1317,-1.677558277154425,1.3954515333705149
method2,5.0,349.4,818.2317,-1.6763555887544006,1.3893637881253835
method2,5.0,349.5,818.3317,-1.675128426236195,1.38328031720977
method2,5.0,349.6,818.4317000000001,-1.6739012637179893,1.3771968462941564
method2,5.0,349.7,818.5317,-1.672649642035285,1.371117748106045
method2,5.0,349.8,818.6317,-1.67139802035258,1.36503864991793
method2,5.0,349.9,818.7317,-1.67012195485469,1.358964022804065
method2,5.0,350.0,818.8317,-1.6688458893567992,1.3528893956901964
method2,5.0,350.1,818.9317000000001,-1.6675453957885042,1.3468193379444915
method2,5.0,350.2,819.0317,-1.66624490222021,1.34074928019879
method2,5.0,350.3,819.1317,-1.6649199967215749,1.3346838900606999
method2,5.0,350.4,819.2317,-1.6635950912229407,1.3286184999226136
method2,5.0,350.5,819.3317,-1.6622457903291301,1.3225578755756
method2,5.0,350.6,819.4317000000001,-1.660896489435319,1.3164972512285864
method2,5.0,350.7,819.5317,-1.659522810076415,1.31044149079851
method2,5.0,350.8,819.6317,-1.65814913071751,1.30438573036843
method2,5.0,350.9,819.7317,-1.6567510902183051,1.298334931921915
method2,5.0,351.0,819.8317,-1.6553530497190991,1.2922841334753967
method2,5.0,351.1,819.9317000000001,-1.6539306657989041,1.2862383950183267
method2,5.0,351.2,820.0317,-1.65250828187871,1.28019265656126
method2,5.0,351.3,820.1317,-1.6510615726511348,1.27415207603711
method2,5.0,351.4,820.2317,-1.6496148634235608,1.2681114955129633
method2,5.0,351.5,820.3317,-1.64814384739631,1.26207617080127
method2,5.0,351.6,820.4317000000001,-1.646672831369059,1.2560408460895767
method2,5.0,351.7,820.5317,-1.6451775274437,1.25001087500435
method2,5.0,351.8,820.6317,-1.64368222351834,1.24398090391912
method2,5.0,351.9,820.7317,-1.64216265099008,1.2379563842071901
method2,5.0,352.0,820.8317,-1.6406430784618191,1.2319318644952566
method2,5.0,352.1,820.9317000000001,-1.639099257019269,1.2259128938347816
method2,5.0,352.2,821.0317,-1.63755543557672,1.21989392317431
method2,5.0,352.3,821.1317,-1.63598738530166,1.213880599173145
method2,5.0,352.4,821.2317,-1.634419335026601,1.2078672751719832
method2,5.0,352.5,821.3317,-1.63282707639371,1.20185969536608
method2,5.0,352.6,821.4317000000001,-1.6312348177608191,1.1958521155601767
method2,5.0,352.7,821.5317,-1.62961837163746,1.18985037741207
method2,5.0,352.8,821.6317,-1.6280019255141,1.18384863926396
method2,5.0,352.9,821.7317,-1.626361313160015,1.1778528401610902
method2,5.0,353.0,821.8317,-1.624720700805929,1.1718570410582168
method2,5.0,353.1,821.9317000000001,-1.623055943873009,1.1658672783114317
method2,5.0,353.2,822.0317,-1.62139118694009,1.15987751556465
method2,5.0,353.3,822.1317,-1.6197023074720902,1.15389388640661
method2,5.0,353.4,822.2317,-1.618013428004091,1.1479102572485733
method2,5.0,353.5,822.3317,-1.61630044843634,1.14193285883212
method2,5.0,353.6,822.4317000000001,-1.614587468868589,1.1359554604156668
method2,5.0,353.7,822.5317,-1.612850412027725,1.12998438981232
method2,5.0,353.8,822.6317,-1.61111335518686,1.12401331920897
method2,5.0,353.9,822.7317,-1.60935224429051,1.118048673407305
method2,5.0,354.0,822.8317,-1.6075911333941588,1.1120840276056367
method2,5.0,354.1,822.9317000000001,-1.605805992050674,1.1061259035097066
method2,5.0,354.2,823.0317,-1.60402085070719,1.10016777941378
method2,5.0,354.3,823.1317,-1.60221170291531,1.0942162738415901
method2,5.0,354.4,823.2317,-1.600402555123431,1.0882647682694033
method2,5.0,354.5,823.3317,-1.5985694252719949,1.0823199779512649
method2,5.0,354.6,823.4317000000001,-1.5967362954205588,1.0763751876331267
method2,5.0,354.7,823.5317,-1.594879208288185,1.070437209210165
method2,5.0,354.8,823.6317,-1.59302212115581,1.0644992307872
method2,5.0,354.9,823.7317,-1.59114110191056,1.05856816080972
method2,5.0,355.0,823.8317,-1.589260082665309,1.0526370908322367
method2,5.0,355.1,823.9317000000001,-1.587355156864364,1.0467130257581616
method2,5.0,355.2,824.0317,-1.58545023106342,1.04078896068409
method2,5.0,355.3,824.1317,-1.5835214246527451,1.03487199687745
method2,5.0,355.4,824.2317,-1.5815926182420712,1.0289550330708133
method2,5.0,355.5,824.3317,-1.5796399575560849,1.0230452668001049
method2,5.0,355.6,824.4317000000001,-1.5776872968700988,1.0171355005293967
method2,5.0,355.7,824.5317,-1.575710808631295,1.011233027966065
method2,5.0,355.8,824.6317,-1.57373432039249,1.00533055540273
method2,5.0,355.9,824.7317,-1.571734031711115,0.9994354726195771
method2,5.0,356.0,824.8317,-1.569733743029739,0.9935403898364207
method2,5.0,356.1,824.9317000000001,-1.567709681403414,0.9876527928060547
method2,5.0,356.2,825.0317,-1.56568561977709,0.981765195775692
method2,5.0,356.3,825.1317,-1.56363781309043,0.975885180368972
method2,5.0,356.4,825.2317,-1.561590006403771,0.9700051649622553
method2,5.0,356.5,825.3317,-1.55951848292804,0.9641328269467195
method2,5.0,356.6,825.4317000000001,-1.5574469594523088,0.9582604889311837
method2,5.0,356.7,825.5317,-1.55535174784502,0.9523959239694905
method2,5.0,356.8,825.6317,-1.55325653623773,0.946531359007794
method2,5.0,356.9,825.7317,-1.55113766554227,0.940674662656162
method2,5.0,357.0,825.8317,-1.5490187948468088,0.9348179663045266
method2,5.0,357.1,825.9317000000001,-1.546876294492019,0.9289692340111987
method2,5.0,357.2,826.0317,-1.54473379413723,0.923120501717874
method2,5.0,357.3,826.1317,-1.54256769393705,0.917279828821524
method2,5.0,357.4,826.2317,-1.5404015937368714,0.9114391559251773
method2,5.0,357.5,826.3317,-1.53821192388989,0.905606637653399
method2,5.0,357.6,826.4317000000001,-1.5360222540429087,0.8997741193816207
method2,5.0,357.7,826.5317,-1.53380904513199,0.8939498508493464
method2,5.0,357.8,826.6317,-1.53159583622107,0.888125582317069
method2,5.0,357.9,826.7317,-1.529359119212905,0.882309658525025
method2,5.0,358.0,826.8317,-1.5271224022047387,0.8764937347329776
method2,5.0,358.1,826.9317000000001,-1.5248622084494337,0.8706862505661512
method2,5.0,358.2,827.0317,-1.52260201469413,0.864878766399328
method2,5.0,358.3,827.1317,-1.5203183759247798,0.8590798166253886
method2,5.0,358.4,827.2317,-1.5180347371554312,0.8532808668514523
method2,5.0,358.5,827.3317,-1.51572768548768,0.847490546119236
method2,5.0,358.6,827.4317000000001,-1.5134206338199288,0.8417002253870197
method2,5.0,358.7,827.5317,-1.5110902017515202,0.8359186282249865
method2,5.0,358.8,827.6317,-1.50875976968311,0.83013703106295
method2,5.0,358.9,827.7317,-1.506405990093435,0.8243642518775935
method2,5.0,359.0,827.8317,-1.5040522105037586,0.8185914726922336
method2,5.0,359.1,827.9317000000001,-1.5016751166534337,0.8128276057666072
method2,5.0,359.2,828.0317,-1.49929802280311,0.807063738840984
method2,5.0,359.3,828.1317,-1.496897648333455,0.801308878333106
method2,5.0,359.4,828.2317,-1.4944972738638014,0.7955540178252313
method2,5.0,359.5,828.3317,-1.49207365279643,0.789808257766583
method2,5.0,359.6,828.4317000000001,-1.4896500317290586,0.7840624977079348
method2,5.0,359.7,828.5317,-1.48720319846538,0.7783259320019236
method2,5.0,359.8,828.6317,-1.4847563652017,0.772589366295909
method2,5.0,359.9,828.7317,-1.48228635452242,0.766862088716289
method2,5.0,360.0,828.8317,-1.4798163438431386,0.7611348111366658
method2,5.0,360.1,828.9317000000001,-1.4773231909078086,0.7554169153260683
method2,5.0,360.2,829.0317,-1.47483003797248,0.749699019515474
method2,5.0,360.3,829.1317,-1.47231377831898,0.743990598983845
method2,5.0,360.4,829.2317,-1.4697975186654813,0.7382821784522192
method2,5.0,360.5,829.3317,-1.46725818820953,0.732583326575275
method2,5.0,360.6,829.4317000000001,-1.4647188577535784,0.7268844746983307
method2,5.0,360.7,829.5317,-1.46215649278823,0.7211952847160845
method2,5.0,360.8,829.6317,-1.45959412782288,0.715506094733835
method2,5.0,360.9,829.7317,-1.4570087650179948,0.709826659748998
method2,5.0,361.0,829.8317,-1.4544234022131084,0.7041472247641578
method2,5.0,361.1,829.9317000000001,-1.4518150786148636,0.6984776377406847
method2,5.0,361.2,830.0317,-1.44920675501662,0.692808050717215
method2,5.0,361.3,830.1317,-1.44657550804697,0.6871484044787515
method2,5.0,361.4,830.2317,-1.4439442610773217,0.6814887582402912
method2,5.0,361.5,830.3317,-1.4412901285334652,0.675839145468641
method2,5.0,361.6,830.4317000000001,-1.4386359959896085,0.6701895326969908
method2,5.0,361.7,830.5317,-1.4359590160434599,0.6645500459306425
method2,5.0,361.8,830.6317,-1.43328203609731,0.658910559164291
method2,5.0,361.9,830.7317,-1.430582247294955,0.6532812907968585
method2,5.0,362.0,830.8317,-1.4278824584925984,0.6476520224294228
method2,5.0,362.1,830.9317000000001,-1.4251598997537485,0.6420330647081478
method2,5.0,362.2,831.0317,-1.4224373410149,0.636414106986876
method2,5.0,362.3,831.1317,-1.419692051632335,0.6308055520111375
method2,5.0,362.4,831.2317,-1.4169467622497716,0.6251969970354022
method2,5.0,362.5,831.3317,-1.4141787818887699,0.6195989367551664
method2,5.0,362.6,831.4317000000001,-1.4114108015277684,0.6140008764749307
method2,5.0,362.7,831.5317,-1.40862017022557,0.6084134026892964
method2,5.0,362.8,831.6317,-1.40582953892337,0.602825928903659
method2,5.0,362.9,831.7317,-1.40301629708857,0.5972491332593065
method2,5.0,363.0,831.8317,-1.4002030552537685,0.5916723376149509
method2,5.0,363.1,831.9317000000001,-1.3973672436657534,0.5861063116046543
method2,5.0,363.2,832.0317,-1.39453143207774,0.580540285594361
method2,5.0,363.3,832.1317,-1.3916730918861049,0.5749851205555054
method2,5.0,363.4,832.2317,-1.3888147516944715,0.5694299555166531
method2,5.0,363.5,832.3317,-1.3859339244184299,0.56388574262972
method2,5.0,363.6,832.4317000000001,-1.3830530971423884,0.558341529742787
method2,5.0,363.7,832.5317,-1.380149824670175,0.552808360029859
method2,5.0,363.8,832.6317,-1.37724655219796,0.547275190316928
method2,5.0,363.9,832.7317,-1.3743208767862098,0.5417531546401985
method2,5.0,364.0,832.8317,-1.3713952013744581,0.5362311189634659
method2,5.0,364.1,832.9317000000001,-1.3684471656476282,0.5307203080237434
method2,5.0,364.2,833.0317,-1.3654991299208,0.525209497084024
method2,5.0,364.3,833.1317,-1.362528776870525,0.5197100014192565
method2,5.0,364.4,833.2317,-1.3595584238202518,0.5142105057544921
method2,5.0,364.5,833.3317,-1.3565657968047549,0.508722415738271
method2,5.0,364.6,833.4317000000001,-1.3535731697892581,0.5032343257220498
method2,5.0,364.7,833.5317,-1.350558312532695,0.497757731562123
method2,5.0,364.8,833.6317,-1.34754345527613,0.492281137402193
method2,5.0,364.9,833.7317,-1.3445064118679602,0.4868161291389835
method2,5.0,365.0,833.8317,-1.3414693684597883,0.48135112087577087
method2,5.0,365.1,833.9317000000001,-1.3384101833541584,0.4758977883809144
method2,5.0,365.2,834.0317,-1.33535099824853,0.470444455886061
method2,5.0,365.3,834.1317,-1.332269716263595,0.46500288886089547
method2,5.0,365.4,834.2317,-1.3291884342786617,0.4595613218357331
method2,5.0,365.5,834.3317,-1.3260851005959648,0.4541316098098635
method2,5.0,365.6,834.4317000000001,-1.3229817669132682,0.44870189778399394
method2,5.0,365.7,834.5317,-1.3198564270770698,0.443284130113793
method2,5.0,365.8,834.6317,-1.31673108724087,0.437866362443589
method2,5.0,365.9,834.7317,-1.31358378715748,0.432460628310732
method2,5.0,366.0,834.8317,-1.3104364870740883,0.42705489417787196
method2,5.0,366.1,834.9317000000001,-1.3072672730112083,0.42166128258788743
method2,5.0,366.2,835.0317,-1.30409805894833,0.416267670997906
method2,5.0,366.3,835.1317,-1.30090697753437,0.41088627077868
method2,5.0,366.4,835.2317,-1.2977158961204118,0.40550487055945705
method2,5.0,366.5,835.3317,-1.29450299434381,0.4001357703597995
method2,5.0,366.6,835.4317000000001,-1.2912900925672082,0.39476667016014194
method2,5.0,366.7,835.5317,-1.2880554177757548,0.38940995844833204
method2,5.0,366.8,835.6317,-1.2848207429843,0.384053246736519
method2,5.0,366.9,835.7317,-1.281564342884425,0.3787090117988
method2,5.0,367.0,835.8317,-1.2783079427845483,0.37336477686107794
method2,5.0,367.1,835.9317000000001,-1.2750298654406482,0.36803310680026846
method2,5.0,367.2,836.0317,-1.27175178809675,0.362701436739462
method2,5.0,367.3,836.1317,-1.268452081930455,0.3573824194734535
method2,5.0,367.4,836.2317,-1.2651523757641618,0.352063402207448
method2,5.0,367.5,836.3317,-1.2618310895536502,0.346757125467786
method2,5.0,367.6,836.4317000000001,-1.2585098033431381,0.341450848728124
method2,5.0,367.7,836.5317,-1.25516698622242,0.336157400058566
method2,5.0,367.8,836.6317,-1.2518241691017,0.330863951389005
method2,5.0,367.9,836.7317,-1.24845987055985,0.325583418144032
method2,5.0,368.0,836.8317,-1.245095572017998,0.320302884899056
method2,5.0,368.1,836.9317000000001,-1.241709841898503,0.3150353542424915
method2,5.0,368.2,837.0317,-1.23832411177901,0.30976782358593
method2,5.0,368.3,837.1317,-1.23491700027897,0.304513382489472
method2,5.0,368.4,837.2317,-1.231509888778932,0.299258941393017
method2,5.0,368.5,837.3317,-1.2280814464483552,0.2940176766347915
method2,5.0,368.6,837.4317000000001,-1.224653004117778,0.288776411876566
method2,5.0,368.7,837.5317,-1.221203281858825,0.2835484100397395
method2,5.0,368.8,837.6317,-1.21775355959987,0.27832040820291
method2,5.0,368.9,837.7317,-1.2142826086661,0.273105755674198
method2,5.0,369.0,837.8317,-1.210811657732328,0.26789110314548303
method2,5.0,369.1,837.9317000000001,-1.207319529727948,0.2626898861137815
method2,5.0,369.2,838.0317,-1.20382740172357,0.257488669082083
method2,5.0,369.3,838.1317,-1.200314148602675,0.252300973537022
method2,5.0,369.4,838.2317,-1.196800895481782,0.24711327799196395
method2,5.0,369.5,838.3317,-1.193266569547565,0.2419391897224675
method2,5.0,369.6,838.4317000000001,-1.189732243613348,0.23676510145297106
method2,5.0,369.7,838.5317,-1.186176897517355,0.231604706045887
method2,5.0,369.8,838.6317,-1.18262155142136,0.2264443106388
method2,5.0,369.9,838.7317,-1.1790452381627001,0.221297693477441
method2,5.0,370.0,838.8317,-1.175468924904038,0.21615107631607908
method2,5.0,370.1,838.9317000000001,-1.171871697828578,0.21101832257882608
method2,5.0,370.2,839.0317,-1.16827447075312,0.205885568841576
method2,5.0,370.3,839.1317,-1.164656383552725,0.2007667635004895
method2,5.0,370.4,839.2317,-1.161038296352332,0.19564795815940592
method2,5.0,370.5,839.3317,-1.15739940306403,0.1905431859787825
method2,5.0,370.6,839.4317000000001,-1.153760509775728,0.18543841379815912
method2,5.0,370.7,839.5317,-1.150100864780955,0.18034775933317698
method2,5.0,370.8,839.6317,-1.14644121978618,0.175257104868192
method2,5.0,370.9,839.7317,-1.1427608778099398,0.17018065246346797
method2,5.0,371.0,839.8317,-1.139080535833698,0.1651042000587411
method2,5.0,371.1,839.9317000000001,-1.135379551943728,0.16004203384695212
method2,5.0,371.2,840.0317,-1.13167856805376,0.154979867635166
method2,5.0,371.3,840.1317,-1.127956997659775,0.1499320715356715
method2,5.0,371.4,840.2317,-1.1242354272657922,0.14488427543617985
method2,5.0,371.5,840.3317,-1.12049332611858,0.13985093315359998
method2,5.0,371.6,840.4317000000001,-1.1167512249713678,0.13481759087102013
method2,5.0,371.7,840.5317,-1.11298864916204,0.129798785893889
method2,5.0,371.8,840.6317,-1.10922607335271,0.124779980916755
method2,5.0,371.9,840.7317,-1.10544307931179,0.119775796516101
method2,5.0,372.0,840.8317,-1.1016600852708678,0.11477161211544416
method2,5.0,372.1,840.9317000000001,-1.0978567297674928,0.10978213134342417
method2,5.0,372.2,841.0317,-1.09405337426412,0.104792650571407
method2,5.0,372.3,841.1317,-1.0902297144051851,0.09981795625993911
method2,5.0,372.4,841.2317,-1.0864060545462522,0.09484326194847403
method2,5.0,372.5,841.3317,-1.082562147775555,0.0898834367078552
method2,5.0,372.6,841.4317000000001,-1.0787182410048577,0.08492361146723638
method2,5.0,372.7,841.5317,-1.074854145102225,0.07997873768477105
method2,5.0,372.8,841.6317,-1.07099004919959,0.0750338639023029
method2,5.0,372.9,841.7317,-1.067105822280035,0.07010402374093916
method2,5.0,373.0,841.8317,-1.0632215953604778,0.06517418357957261
method2,5.0,373.1,841.9317000000001,-1.0593172958733128,0.060259458976530955
method2,5.0,373.2,842.0317,-1.05541299638615,0.0553447343734921
method2,5.0,373.3,842.1317,-1.05148868311412,0.0504452070389252
method2,5.0,373.4,842.2317,-1.0475643698420922,0.04554567970436108
method2,5.0,373.5,842.3317,-1.0436201019005,0.040661431119980204
method2,5.0,373.6,842.4317000000001,-1.0396758339589078,0.03577718253559933
method2,5.0,373.7,842.5317,-1.0357116707947,0.03090829395332495
method2,5.0,373.8,842.6317,-1.03174750763049,0.0260394053710478
method2,5.0,373.9,842.7317,-1.027763509021395,0.0211859578116567
method2,5.0,374.0,842.8317,-1.0237795104122978,0.016332510252262847
method2,5.0,374.1,842.9317000000001,-1.0197757364659077,0.011494584504057204
method2,5.0,374.2,843.0317,-1.01577196251952,0.00665665875585431
method2,5.0,374.3,843.1317,-1.01174847367239,0.0018343353732923652
method2,5.0,374.4,843.2317,-1.0077249848252623,-0.0029879880092668386
method2,5.0,374.5,843.3317,-1.0036818418420221,-0.00779462870688084
method2,5.0,374.6,843.4317000000001,-0.9996386988587816,-0.012601269404494823
method2,5.0,374.7,843.5317,-0.9955759628311884,-0.01739214733436545
method2,5.0,374.8,843.6317,-0.991513226803593,-0.0221830252642388
method2,5.0,374.9,843.7317,-0.9874309591496315,-0.0269580605814113
method2,5.0,375.0,843.8317,-0.9833486914956676,-0.03173309589858651
method2,5.0,375.1,843.9317000000001,-0.9792469539586282,-0.03649220899725755
method2,5.0,375.2,844.0317,-0.975145216421591,-0.0412513220959259
method2,5.0,375.3,844.1317,-0.971024071069118,-0.04599443361079805
method2,5.0,375.4,844.2317,-0.9669029257166474,-0.0507375451256675
method2,5.0,375.5,844.3317,-0.9627624349398255,-0.0554645759332435
method2,5.0,375.6,844.4317000000001,-0.9586219441630036,-0.06019160674081948
method2,5.0,375.7,844.5317,-0.9544621706754179,-0.06490247796071989
method2,5.0,375.8,844.6317,-0.95030239718783,-0.069613349180623
method2,5.0,375.9,844.7317,-0.9461234040245825,-0.07430798217693854
method2,5.0,376.0,844.8317,-0.9419444108613326,-0.07900261517325677
method2,5.0,376.1,844.9317000000001,-0.9377462613781411,-0.08368093155580492
method2,5.0,376.2,845.0317,-0.933548111894952,-0.0883592479383504
method2,5.0,376.3,845.1317,-0.9293308697671485,-0.09302116956402595
method2,5.0,376.4,845.2317,-0.9251136276393475,-0.09768309118969885
method2,5.0,376.5,845.3317,-0.9208773568609455,-0.10232854016374926
method2,5.0,376.6,845.4317000000001,-0.9166410860825436,-0.10697398913779964
method2,5.0,376.7,845.5317,-0.9123858509652685,-0.11160288781512451
method2,5.0,376.8,845.6317,-0.908130615847991,-0.116231786492452
method2,5.0,376.9,845.7317,-0.9038564810202685,-0.1208440574789335
method2,5.0,377.0,845.8317,-0.8995823461925435,-0.1254563284654176
method2,5.0,377.1,845.9317000000001,-0.8952893765985735,-0.1300518946191661
method2,5.0,377.2,846.0317,-0.890996407004606,-0.134647460772912
method2,5.0,377.3,846.1317,-0.88668466790335,-0.139226245205575
method2,5.0,377.4,846.2317,-0.8823729288020964,-0.14380502963823538
method2,5.0,377.5,846.3317,-0.8780424857662794,-0.148366955716297
method2,5.0,377.6,846.4317000000001,-0.8737120427304625,-0.15292888179435857
method2,5.0,377.7,846.5317,-0.869362961645616,-0.15747387314037448
method2,5.0,377.8,846.6317,-0.865013880560767,-0.162018864486393
method2,5.0,377.9,846.7317,-0.860646227624176,-0.1665468449803305
method2,5.0,378.0,846.8317,-0.8562785746875825,-0.17107482547427055
method2,5.0,378.1,846.9317000000001,-0.85189241640733,-0.17558571925471905
method2,5.0,378.2,847.0317,-0.84750625812708,-0.180096613035165
method2,5.0,378.3,847.1317,-0.8431016613210135,-0.1845903445006375
method2,5.0,378.4,847.2317,-0.8386970645149495,-0.18908407596610743
method2,5.0,378.5,847.3317,-0.8342740963096555,-0.19356056977631148
method2,5.0,378.6,847.4317000000001,-0.8298511281043615,-0.19803706358651552
method2,5.0,378.7,847.5317,-0.8254098559341789,-0.202496244663579
method2,5.0,378.8,847.6317,-0.820968583763994,-0.206955425740645
method2,5.0,378.9,847.7317,-0.8165090753699524,-0.21139721927041
method2,5.0,379.0,847.8317,-0.8120495669759085,-0.21583901280017753
method2,5.0,379.1,847.9317000000001,-0.8075718904047114,-0.22026334423343852
method2,5.0,379.2,848.0317,-0.803094213833517,-0.224687675666697
method2,5.0,379.3,848.1317,-0.7985984374365209,-0.22909447072043648
method2,5.0,379.4,848.2317,-0.7941026610395275,-0.2335012657741735
method2,5.0,379.5,848.3317,-0.7895888534716675,-0.2378904504328345
method2,5.0,379.6,848.4317000000001,-0.7850750459038075,-0.2422796350914955
method2,5.0,379.7,848.5317,-0.7805432761225936,-0.24665113560818452
method2,5.0,379.8,848.6317,-0.776011506341377,-0.251022636124876
method2,5.0,379.9,848.7317,-0.7714618436058065,-0.255376379022636
method2,5.0,380.0,848.8317,-0.7669121808702335,-0.25973012192039846
method2,5.0,380.1,848.9317000000001,-0.7623446947397444,-0.264066033993426
method2,5.0,380.2,849.0317,-0.757777208609258,-0.268401946066451
method2,5.0,380.3,849.1317,-0.753191968942684,-0.272719954381315
method2,5.0,380.4,849.2317,-0.7486067292761126,-0.27703796269617653
method2,5.0,380.5,849.3317,-0.744003806230601,-0.281337994593053
method2,5.0,380.6,849.4317000000001,-0.7394008831850893,-0.2856380264899294
method2,5.0,380.7,849.5317,-0.7347803472150325,-0.289920009583821
method2,5.0,380.8,849.6317,-0.730159811244973,-0.294201992677715
method2,5.0,380.9,849.7317,-0.7255217331009345,-0.29846585485966404
method2,5.0,381.0,849.8317,-0.7208836549568933,-0.3027297170416154
method2,5.0,381.1,849.9317000000001,-0.7162281056845189,-0.3069753864799189
method2,5.0,381.2,850.0317,-0.711572556412147,-0.31122105591822
method2,5.0,381.3,850.1317,-0.7068996073510965,-0.31544846105962854
method2,5.0,381.4,850.2317,-0.7022266582900487,-0.3196758662010346
method2,5.0,381.5,850.3317,-0.6975363810728901,-0.32388493577195754
method2,5.0,381.6,850.4317000000001,-0.6928461038557313,-0.3280940053428804
method2,5.0,381.7,850.5317,-0.688138570406847,-0.3322846683505925
method2,5.0,381.8,850.6317,-0.68343103695796,-0.336475331358307
method2,5.0,381.9,850.7317,-0.678706319492445,-0.3406475170921385
method2,5.0,382.0,850.8317,-0.6739816020269274,-0.3448197028259724
method2,5.0,382.1,850.9317000000001,-0.6692397730494943,-0.34897334085848786
method2,5.0,382.2,851.0317,-0.664497944072064,-0.353126978891001
method2,5.0,382.3,851.1317,-0.6597390763759114,-0.35726199907920797
method2,5.0,382.4,851.2317,-0.6549802086797617,-0.3613970192674127
method2,5.0,382.5,851.3317,-0.6502043753454845,-0.36551335175391797
method2,5.0,382.6,851.4317000000001,-0.6454285420112073,-0.3696296842404233
method2,5.0,382.7,851.5317,-0.6406358164056565,-0.3737272594546265
method2,5.0,382.8,851.6317,-0.635843090800103,-0.377824834668832
method2,5.0,382.9,851.7317,-0.631033546575265,-0.3819035833280945
method2,5.0,383.0,851.8317,-0.6262240023504242,-0.3859823319873593
method2,5.0,383.1,851.9317000000001,-0.6213977134423042,-0.3900421850981638
method2,5.0,383.2,852.0317,-0.616571424534187,-0.394102038208966
method2,5.0,383.3,852.1317,-0.611728465161646,-0.3981429270680975
method2,5.0,383.4,852.2317,-0.6068855057891078,-0.40218381592722674
method2,5.0,383.5,852.3317,-0.6020259504527535,-0.40620567212291503
method2,5.0,383.6,852.4317000000001,-0.5971663951163992,-0.41022752831860326
method2,5.0,383.7,852.5317,-0.5922903185974371,-0.4142302837316735
method2,5.0,383.8,852.6317,-0.587414242078472,-0.418233039144746
method2,5.0,383.9,852.7317,-0.5825217194375201,-0.42221662594980447
method2,5.0,384.0,852.8317,-0.5776291967965652,-0.42620021275486525
method2,5.0,384.1,852.9317000000001,-0.5727203033725556,-0.43016456342139525
method2,5.0,384.2,853.0317,-0.567811409948549,-0.434128914087923
method2,5.0,384.3,853.1317,-0.5628862213575234,-0.438073961381468
method2,5.0,384.4,853.2317,-0.5579610327665008,-0.44201900867501076
method2,5.0,384.5,853.3317,-0.5530196249004765,-0.4459446856582865
method2,5.0,384.6,853.4317000000001,-0.5480782170344523,-0.4498703626415622
method2,5.0,384.7,853.5317,-0.5431206660602546,-0.4537766026755845
method2,5.0,384.8,853.6317,-0.538163115086054,-0.457682842709609
method2,5.0,384.9,853.7317,-0.533189497444104,-0.4615695794548585
method2,5.0,385.0,853.8317,-0.5282158798021511,-0.46545631620011024
method2,5.0,385.1,853.9317000000001,-0.5232262722053427,-0.4693234836176097
method2,5.0,385.2,854.0317,-0.518236664608537,-0.473190651035107
method2,5.0,385.3,854.1317,-0.513231144041029,-0.4770381833875605
method2,5.0,385.4,854.2317,-0.5082256234735238,-0.4808857157400118
method2,5.0,385.5,854.3317,-0.5032042671895385,-0.4847135475929315
method2,5.0,385.6,854.4317000000001,-0.4981829109055531,-0.4885413794458512
method2,5.0,385.7,854.5317,-0.493145796428233,-0.4923494456686275
method2,5.0,385.8,854.6317,-0.48810868195091,-0.496157511891406
method2,5.0,385.9,854.7317,-0.483055887071056,-0.499945747658464
method2,5.0,386.0,854.8317,-0.47800309219119913,-0.5037339834255241
method2,5.0,386.1,854.9317000000001,-0.47293469496613316,-0.5075023242173766
method2,5.0,386.2,855.0317,-0.46786629774107,-0.511270665009227
method2,5.0,386.3,855.1317,-0.4627823764934015,-0.5150190466135895
method2,5.0,386.4,855.2317,-0.4576984552457359,-0.5187674282179499
method2,5.0,386.5,855.3317,-0.4525990885621395,-0.5224957867308425
method2,5.0,386.6,855.4317000000001,-0.4474997218785431,-0.5262241452437351
method2,5.0,386.7,855.5317,-0.4423849886085865,-0.529932417070535
method2,5.0,386.8,855.6317,-0.437270255338627,-0.533640688897337
method2,5.0,386.9,855.7317,-0.4321402345935125,-0.537328810753892
method2,5.0,387.0,855.8317,-0.42701021384839505,-0.5410169326104491
method2,5.0,387.1,855.9317000000001,-0.42186498499975106,-0.5446848415241421
method2,5.0,387.2,856.0317,-0.41671975615111,-0.548352750437833
method2,5.0,387.3,856.1317,-0.411559398829781,-0.552000383748639
method2,5.0,387.4,856.2317,-0.40639904150845496,-0.5556480170594429
method2,5.0,387.5,856.3317,-0.4012236356032365,-0.5592753124210215
method2,5.0,387.6,856.4317000000001,-0.39604822969801806,-0.5629026077826
method2,5.0,387.7,856.5317,-0.39085785535446704,-0.5665095031633265
method2,5.0,387.8,856.6317,-0.385667481010913,-0.570116398544055
method2,5.0,387.9,856.7317,-0.380462218630064,-0.573702832228103
method2,5.0,388.0,856.8317,-0.37525695624921207,-0.577289265912153
method2,5.0,388.1,856.9317000000001,-0.3700368864863475,-0.5808551765005381
method2,5.0,388.2,857.0317,-0.364816816723486,-0.584421087088921
method2,5.0,388.3,857.1317,-0.359582020486906,-0.587966413500536
method2,5.0,388.4,857.2317,-0.354347224250329,-0.591511739912149
method2,5.0,388.5,857.3317,-0.34909778270007896,-0.5950364213848185
method2,5.0,388.6,857.4317000000001,-0.343848341149829,-0.598561102857488
method2,5.0,388.7,857.5317,-0.33858433569644597,-0.6020650789490005
method2,5.0,388.8,857.6317,-0.33332033024306,-0.605569055040515
method2,5.0,388.9,857.7317,-0.32804184254631497,-0.6090522656296564
method2,5.0,389.0,857.8317,-0.322763354849567,-0.6125354762188
method2,5.0,389.1,857.9317000000001,-0.31747046681719,-0.615997861506383
method2,5.0,389.2,858.0317,-0.312177578784816,-0.619460246793964
method2,5.0,389.3,858.1317,-0.3068703725712455,-0.6229017473038395
method2,5.0,389.4,858.2317,-0.301563166357678,-0.626343247813713
method2,5.0,389.5,858.3317,-0.29624172436277296,-0.629763804393796
method2,5.0,389.6,858.4317000000001,-0.29092028236786793,-0.6331843609738789
method2,5.0,389.7,858.5317,-0.28558468723562946,-0.6365839147971595
method2,5.0,389.8,858.6317,-0.280249092103388,-0.639983468620442
method2,5.0,389.9,858.7317,-0.274899426720676,-0.6433619611859935
method2,5.0,390.0,858.8317,-0.26954976133796094,-0.6467404537515469
method2,5.0,390.1,858.9317000000001,-0.26418610883322297,-0.6500978268855169
method2,5.0,390.2,859.0317,-0.258822456328488,-0.653455200019485
method2,5.0,390.3,859.1317,-0.2534449000704415,-0.6567913958761116
method2,5.0,390.4,859.2317,-0.24806734381239806,-0.6601275917327362
method2,5.0,390.5,859.3317,-0.24267596740876501,-0.663442552795318
method2,5.0,390.6,859.4317000000001,-0.2372845910051319,-0.6667575138578999
method2,5.0,390.7,859.5317,-0.231879478301321,-0.670051182939797
method2,5.0,390.8,859.6317,-0.226474365597507,-0.673344852021696
method2,5.0,390.9,859.7317,-0.221055600675312,-0.6766171722673084
method2,5.0,391.0,859.8317,-0.21563683575311393,-0.6798894925129229
method2,5.0,391.1,859.9317000000001,-0.21020450292942192,-0.6831404073986593
method2,5.0,391.2,860.0317,-0.204772170105733,-0.686391322284394
method2,5.0,391.3,860.1317,-0.1993263539311865,-0.6896207756196585
method2,5.0,391.4,860.2317,-0.1938805377566431,-0.6928502289549211
method2,5.0,391.5,860.3317,-0.1884213230143505,-0.6960581648830625
method2,5.0,391.6,860.4317000000001,-0.1829621082720579,-0.6992661008112038
method2,5.0,391.7,860.5317,-0.177489579976279,-0.7024524638104765
method2,5.0,391.8,860.6317,-0.172017051680497,-0.705638826809751
method2,5.0,391.9,860.7317,-0.16653129507527198,-0.708803561694295
method2,5.0,392.0,860.8317,-0.16104553847004385,-0.7119682965788408
method2,5.0,392.1,860.9317000000001,-0.15554663902793286,-0.7151113484995973
method2,5.0,392.2,861.0317,-0.150047739585825,-0.718254400420352
method2,5.0,392.3,861.1317,-0.1445357830065225,-0.721375714866037
method2,5.0,392.4,861.2317,-0.13902382642722313,-0.7244970293117202
method2,5.0,392.5,861.3317,-0.1334988986362575,-0.7275965521097465
method2,5.0,392.6,861.4317000000001,-0.12797397084529186,-0.7306960749077728
method2,5.0,392.7,861.5317,-0.1224361579926865,-0.7337737522251825
method2,5.0,392.8,861.6317,-0.116898345140078,-0.736851429542594
method2,5.0,392.9,861.7317,-0.111347733598966,-0.7399072078870145
method2,5.0,393.0,861.8317,-0.10579712205785084,-0.7429629862314368
method2,5.0,393.1,861.9317000000001,-0.10023379842318579,-0.7459968124519712
method2,5.0,393.2,862.0317,-0.0946704747885239,-0.749030638672504
method2,5.0,393.3,862.1317,-0.08909452587570235,-0.7520424599606645
method2,5.0,393.4,862.2317,-0.08351857696288396,-0.7550542812488233
method2,5.0,393.5,862.3317,-0.07793008980637531,-0.758044045139456
method2,5.0,393.6,862.4317000000001,-0.07234160264986662,-0.7610338090300887
method2,5.0,393.7,862.5317,-0.0667406645019052,-0.7640014634022495
method2,5.0,393.8,862.6317,-0.0611397263539406,-0.766969117774412
method2,5.0,393.9,862.7317,-0.055526424683095196,-0.7699146108523115
method2,5.0,394.0,862.8317,-0.0499131230122466,-0.7728601039302126
method2,5.0,394.1,862.9317000000001,-0.044287545502119455,-0.7757833842840757
method2,5.0,394.2,863.0317,-0.0386619679919955,-0.778706664637937
method2,5.0,394.3,863.1317,-0.03302420253982395,-0.7816076811849111
method2,5.0,394.4,863.2317,-0.027386437087655605,-0.7845086977318834
method2,5.0,394.5,863.3317,-0.02173657180292395,-0.787387399736933
method2,5.0,394.6,863.4317000000001,-0.01608670651819228,-0.7902661017419826
method2,5.0,394.7,863.5317,-0.010424829721302075,-0.7931224388187466
method2,5.0,394.8,863.6317,-0.00476295292440865,-0.795978775895512
method2,5.0,394.9,863.7317,0.0009108468547484047,-0.7988126980072014
method2,5.0,395.0,863.8317,0.006584646633908692,-0.8016466201188925
method2,5.0,395.1,863.9317000000001,0.012270280657318312,-0.8044580775791546
method2,5.0,395.2,864.0317,0.0179559146807247,-0.807269535039415
method2,5.0,395.3,864.1317,0.0236532940036155,-0.8100584785131866
method2,5.0,395.4,864.2317,0.02935067332650306,-0.8128474219869565
method2,5.0,395.5,864.3317,0.03505970879878115,-0.8156138024913411
method2,5.0,395.6,864.4317000000001,0.040768744271059254,-0.8183801829957256
method2,5.0,395.7,864.5317,0.0464893465386471,-0.821123951900826
method2,5.0,395.8,864.6317,0.0522099488062382,-0.823867720805928
method2,5.0,395.9,864.7317,0.05794202831252325,-0.8265888298357135
method2,5.0,396.0,864.8317,0.06367410781881157,-0.8293099388655005
method2,5.0,396.1,864.9317000000001,0.06941757480602832,-0.832008340098643
method2,5.0,396.2,865.0317,0.0751610417932418,-0.834706741331784
method2,5.0,396.3,865.1317,0.08091580630385856,-0.837382387202485
method2,5.0,396.4,865.2317,0.08667057081447202,-0.8400580330731845
method2,5.0,396.5,865.3317,0.0924365426926389,-0.842710876372025
method2,5.0,396.6,865.4317000000001,0.09820251457080578,-0.8453637196708654
method2,5.0,396.7,865.5317,0.10397960346371524,-0.8479937135456105
method2,5.0,396.8,865.6317,0.109756692356628,-0.850623707420357
method2,5.0,396.9,865.7317,0.115544807715978,-0.8532308053767925
method2,5.0,397.0,865.8317,0.1213329230753313,-0.8558379033332294
method2,5.0,397.1,865.9317000000001,0.1271319741587258,-0.8584220592359749
method2,5.0,397.2,866.0317,0.132931025242117,-0.861006215138719
method2,5.0,397.3,866.1317,0.1387409211144745,-0.863567383212024
method2,5.0,397.4,866.2317,0.1445508169868287,-0.8661285512853275
method2,5.0,397.5,866.3317,0.15037146652182198,-0.868666686113888
method2,5.0,397.6,866.4317000000001,0.1561921160568153,-0.8712048209424484
method2,5.0,397.7,866.5317,0.1620234279383015,-0.8737198774721975
method2,5.0,397.8,866.6317,0.167854739819791,-0.876234934001948
method2,5.0,397.9,866.7317,0.17369662254323648,-0.8787268675408535
method2,5.0,398.0,866.8317,0.17953850526668533,-0.8812188010797605
method2,5.0,398.1,866.9317000000001,0.18539086714061281,-0.883687567298607
method2,5.0,398.2,867.0317,0.191243229014537,-0.886156333517452
method2,5.0,398.3,867.1317,0.197105978161944,-0.8886018884506206
method2,5.0,398.4,867.2317,0.20296872730934767,-0.8910474433837876
method2,5.0,398.5,867.3317,0.2088417716691615,-0.8934697434300316
method2,5.0,398.6,867.4317000000001,0.21471481602897532,-0.8958920434762754
method2,5.0,398.7,867.5317,0.22059806335749949,-0.898291045399493
method2,5.0,398.8,867.6317,0.226481310686027,-0.900690047322712
method2,5.0,398.9,867.7317,0.2323746685583925,-0.9030657082527075
method2,5.0,399.0,867.8317,0.23826802643076136,-0.9054413691827043
method2,5.0,399.1,867.9317000000001,0.24417140224235587,-0.9077936466159414
method2,5.0,399.2,868.0317,0.250074778053947,-0.910145924049177
method2,5.0,399.3,868.1317,0.2559880790219075,-0.9124747758495425
method2,5.0,399.4,868.2317,0.2619013799898646,-0.9148036276499066
method2,5.0,399.5,868.3317,0.2678245131544945,-0.9171090120494401
method2,5.0,399.6,868.4317000000001,0.2737476463191244,-0.9194143964489734
method2,5.0,399.7,868.5317,0.279680518545382,-0.921696272048621
method2,5.0,399.8,868.6317,0.285613390771643,-0.92397814764827
method2,5.0,399.9,868.7317,0.291555908750601,-0.9262364734186155
method2,5.0,400.0,868.8317,0.2974984267295624,-0.9284947991889623
method2,5.0,400.1,868.9317000000001,0.3034504969798564,-0.9307295344709503
method2,5.0,400.2,869.0317,0.309402567230147,-0.932964269752937
method2,5.0,400.3,869.1317,0.31536409609948146,-0.9351753742586075
method2,5.0,400.4,869.2317,0.3213256249688126,-0.9373864787642768
method2,5.0,400.5,869.3317,0.327296518635399,-0.93957391257747
method2,5.0,400.6,869.4317000000001,0.33326741230198537,-0.9417613463906632
method2,5.0,400.7,869.5317,0.339247576776018,-0.9439250699677315
method2,5.0,400.8,869.6317,0.345227741250054,-0.946088793544801
method2,5.0,400.9,869.7317,0.3512170823752405,-0.948228767715332
method2,5.0,401.0,869.8317,0.35720642350043036,-0.9503687418858642
method2,5.0,401.1,869.9317000000001,0.3632048469554009,-0.9524849278533541
method2,5.0,401.2,870.0317,0.369203270410368,-0.954601113820843
method2,5.0,401.3,870.1317,0.375210681710221,-0.9566934731634136
method2,5.0,401.4,870.2317,0.38121809301007054,-0.9587858325059828
method2,5.0,401.5,870.3317,0.38723439750782196,-0.9608543271770524
method2,5.0,401.6,870.4317000000001,0.39325070200557344,-0.9629228218481221
method2,5.0,401.7,870.5317,0.3992758048936485,-0.964967414177091
method2,5.0,401.8,870.6317,0.405300907781727,-0.967012006506061
method2,5.0,401.9,870.7317,0.411334714093502,-0.9690326591990025
method2,5.0,402.0,870.8317,0.41736852040528044,-0.9710533118919451
method2,5.0,402.1,870.9317000000001,0.42341093501651494,-0.9730499880322526
method2,5.0,402.2,871.0317,0.429453349627746,-0.975046664172559
method2,5.0,402.3,871.1317,0.435504277258113,-0.9770193272216214
method2,5.0,402.4,871.2317,0.44155520488847655,-0.9789919902706828
method2,5.0,402.5,871.3317,0.447614550103083,-0.980940604068551
method2,5.0,402.6,871.4317000000001,0.4536738953176894,-0.9828892178664191
method2,5.0,402.7,871.5317,0.459741562528525,-0.984813746632435
method2,5.0,402.8,871.6317,0.465809229739364,-0.986738275398452
method2,5.0,402.9,871.7317,0.47188512320688647,-0.9886386837319235
method2,5.0,403.0,871.8317,0.47796101667441243,-0.9905390920653961
method2,5.0,403.1,871.9317000000001,0.48404504050898545,-0.9924153449462121
method2,5.0,403.2,872.0317,0.490129064343555,-0.994291597827027
method2,5.0,403.3,872.1317,0.49622112250699546,-0.9961436606163034
method2,5.0,403.4,872.2317,0.5023131806704325,-0.997995723405579
method2,5.0,403.5,872.3317,0.508413176977542,-0.9998235618462901
method2,5.0,403.6,872.4317000000001,0.5145131732846514,-1.0016514002870012
method2,5.0,403.7,872.5317,0.520621011404685,-1.003454980504595
method2,5.0,403.8,872.6317,0.526728849524722,-1.00525856072219
method2,5.0,403.9,872.7317,0.5328444329829585,-1.0070378492252
method2,5.0,404.0,872.8317,0.5389600164411984,-1.008817137728211
method2,5.0,404.1,872.9317000000001,0.5450832486204494,-1.010572101408886
method2,5.0,404.2,873.0317,0.551206480799697,-1.01232706508956
method2,5.0,404.3,873.1317,0.5573372649418076,-1.014057671224435
method2,5.0,404.4,873.2317,0.5634680490839146,-1.0157882773593092
method2,5.0,404.5,873.3317,0.5696062882913391,-1.0174944936098451
method2,5.0,404.6,873.4317000000001,0.5757445274987635,-1.0192007098603808
method2,5.0,404.7,873.5317,0.5818901247360395,-1.0208825042735201
method2,5.0,404.8,873.6317,0.588035721973319,-1.02256429868666
method2,5.0,404.9,873.7317,0.5941885800686539,-1.02422163969542
method2,5.0,405.0,873.8317,0.6003414381639925,-1.0258789807041808
method2,5.0,405.1,873.9317000000001,0.6065014598107785,-1.027511837128261
method2,5.0,405.2,874.0317,0.612661481457561,-1.02914469355234
method2,5.0,405.3,874.1317,0.6188285692159015,-1.0307530345986602
method2,5.0,405.4,874.2317,0.6249956569742384,-1.0323613756449792
method2,5.0,405.5,874.3317,0.6311697132725035,-1.033945170908255
method2,5.0,405.6,874.4317000000001,0.6373437695707685,-1.0355289661715308
method2,5.0,405.7,874.5317,0.6435246967071375,-1.03708818563485
method2,5.0,405.8,874.6317,0.64970562384351,-1.03864740509817
method2,5.0,405.9,874.7317,0.6558933239875155,-1.04018201913354
method2,5.0,406.0,874.8317,0.6620810241315246,-1.041716633168911
method2,5.0,406.1,874.9317000000001,0.6682753993256081,-1.043226612537801
method2,5.0,406.2,875.0317,0.674469774519688,-1.04473659190669
method2,5.0,406.3,875.1317,0.6806707266807306,-1.04622190776058
method2,5.0,406.4,875.2317,0.6868716788417695,-1.047707223614469
method2,5.0,406.5,875.3317,0.6930791097626601,-1.04916784749539
method2,5.0,406.6,875.4317000000001,0.6992865406835506,-1.050628471376311
method2,5.0,406.7,875.5317,0.7055003520347409,-1.052064375217355
method2,5.0,406.8,875.6317,0.711714163385935,-1.0535002790584
method2,5.0,406.9,875.7317,0.717934256716999,-1.054911435184275
method2,5.0,407.0,875.8317,0.7241543500480665,-1.0563225913101508
method2,5.0,407.1,875.9317000000001,0.730380626789242,-1.0577089724376858
method2,5.0,407.2,876.0317,0.736606903530414,-1.05909535356522
method2,5.0,407.3,876.1317,0.7428392649941965,-1.060456932803865
method2,5.0,407.4,876.2317,0.7490716264579754,-1.0618185120425094
method2,5.0,407.5,876.3317,0.7553099738406465,-1.06315526289485
method2,5.0,407.6,876.4317000000001,0.7615483212233175,-1.0644920137471907
method2,5.0,407.7,876.5317,0.7677925556065359,-1.0658039101094552
method2,5.0,407.8,876.6317,0.774036789989758,-1.06711580647172
method2,5.0,407.9,876.7317,0.7802868123421249,-1.0684028226342601
method2,5.0,408.0,876.8317,0.7865368346944955,-1.0696898387968006
method2,5.0,408.1,876.9317000000001,0.7927925458731055,-1.0709519494445907
method2,5.0,408.2,877.0317,0.799048257051712,-1.07221406009238
method2,5.0,408.3,877.1317,0.8053095578037626,-1.073451240305485
method2,5.0,408.4,877.2317,0.8115708585558095,-1.0746884205185894
method2,5.0,408.5,877.3317,0.817837649520138,-1.07590064577264
method2,5.0,408.6,877.4317000000001,0.8241044404844665,-1.0771128710266906
method2,5.0,408.7,877.5317,0.8303766221931299,-1.07830011719336
method2,5.0,408.8,877.6317,0.836648803901797,-1.07948736336003
method2,5.0,408.9,877.7317,0.8429262767817015,-1.0806496067075049
method2,5.0,409.0,877.8317,0.8492037496616096,-1.0818118500549807
method2,5.0,409.1,877.9317000000001,0.8554864140360157,-1.0829490672483857
method2,5.0,409.2,878.0317,0.861769078410418,-1.08408628444179
method2,5.0,409.3,878.1317,0.868056834500586,-1.085198452543655
method2,5.0,409.4,878.2317,0.8743445905907504,-1.0863106206455193
method2,5.0,409.5,878.3317,0.8806373385174865,-1.08739771711624
method2,5.0,409.6,878.4317000000001,0.8869300864442226,-1.0884848135869607
method2,5.0,409.7,878.5317,0.893227726229464,-1.089546816285195
method2,5.0,409.8,878.6317,0.899525366014709,-1.09060881898343
method2,5.0,409.9,878.7317,0.905827797583164,-1.091645706166565
method2,5.0,410.0,878.8317,0.9121302291516226,-1.0926825933497006
method2,5.0,410.1,878.9317000000001,0.9184373523322931,-1.0936943436742605
method2,5.0,410.2,879.0317,0.92474447551296,-1.09470609399882
method2,5.0,410.3,879.1317,0.9310561900407666,-1.095692686520875
method2,5.0,410.4,879.2317,0.9373679045685694,-1.0966792790429294
method2,5.0,410.5,879.3317,0.943684110085963,-1.0976406932185352
method2,5.0,410.6,879.4317000000001,0.9500003156033565,-1.0986021073941405
method2,5.0,410.7,879.5317,0.9563209116618564,-1.0995383230797051
method2,5.0,410.8,879.6317,0.96264150772036,-1.10047453876527
method2,5.0,410.9,879.7317,0.9689663937822319,-1.101385536217985
method2,5.0,411.0,879.8317,0.9752912798441076,-1.1022965336707005
method2,5.0,411.1,879.9317000000001,0.9816203552838886,-1.1031822935489155
method2,5.0,411.2,880.0317,0.987949430723666,-1.10406805342713
method2,5.0,411.3,880.1317,0.994282594829798,-1.1049285567907452
method2,5.0,411.4,880.2317,1.0006157589359264,-1.1057890601543596
method2,5.0,411.5,880.3317,1.0069529109123798,-1.1066242884652
method2,5.0,411.6,880.4317000000001,1.0132900628888335,-1.1074595167760404
method2,5.0,411.7,880.5317,1.019631101856655,-1.10826945189823
method2,5.0,411.8,880.6317,1.02597214082448,-1.10907938702042
method2,5.0,411.9,880.7317,1.03231696582345,-1.10986401122076
method2,5.0,412.0,880.8317,1.0386617908224236,-1.1106486354211005
method2,5.0,412.1,880.9317000000001,1.0450103008126537,-1.1114079313694105
method2,5.0,412.2,881.0317,1.05135881080288,-1.11216722731772
method2,5.0,412.3,881.1317,1.05771090466639,-1.1129011780872
method2,5.0,412.4,881.2317,1.0640629985298964,-1.1136351288566795
method2,5.0,412.5,881.3317,1.07041857507228,-1.114343717924265
method2,5.0,412.6,881.4317000000001,1.0767741516146636,-1.1150523069918505
method2,5.0,412.7,881.5317,1.083133109566625,-1.11573551823854
method2,5.0,412.8,881.6317,1.08949206751859,-1.11641872948523
method2,5.0,412.9,881.7317,1.09585430553764,-1.117076547196425
method2,5.0,413.0,881.8317,1.1022165435566935,-1.1177343649076203
method2,5.0,413.1,881.9317000000001,1.1085819602287137,-1.1183667737734604
method2,5.0,413.2,882.0317,1.11494737690073,-1.1189991826393
method2,5.0,413.3,882.1317,1.121315870741595,-1.119606167754975
method2,5.0,413.4,882.2317,1.1276843645824564,-1.1202131528706496
method2,5.0,413.5,882.3317,1.13405583403966,-1.12079469973671
method2,5.0,413.6,882.4317000000001,1.1404273034968635,-1.1213762466027701
method2,5.0,413.7,882.5317,1.146801646951145,-1.121932341125455
method2,5.0,413.8,882.6317,1.15317599040543,-1.12248843564814
method2,5.0,413.9,882.7317,1.159553106172375,-1.12301906413966
method2,5.0,414.0,882.8317,1.1659302219393235,-1.1235496926311803
method2,5.0,414.1,882.9317000000001,1.1723100082710085,-1.1240548418100202
method2,5.0,414.2,883.0317,1.17868979460269,-1.12455999098886
method2,5.0,414.3,883.1317,1.1850721496892849,-1.12503964798007
method2,5.0,414.4,883.2317,1.1914545047758764,-1.1255193049712797
method2,5.0,414.5,883.3317,1.19783932674728,-1.1259734573067601
method2,5.0,414.6,883.4317000000001,1.2042241487186836,-1.1264276096422403
method2,5.0,414.7,883.5317,1.21061133564615,-1.12685624526101
method2,5.0,414.8,883.6317,1.21699852257362,-1.12728488087978
method2,5.0,414.9,883.7317,1.223387972471395,-1.127687988128245
method2,5.0,415.0,883.8317,1.2297774223691735,-1.1280910953767103
method2,5.0,415.1,883.9317000000001,1.2361690331960835,-1.1284686630089402
method2,5.0,415.2,884.0317,1.24256064402299,-1.12884623064117
method2,5.0,415.3,884.1317,1.24895431368413,-1.12919824781915
method2,5.0,415.4,884.2317,1.2553479833452665,-1.1295502649971298
method2,5.0,415.5,884.3317,1.26174360969359,-1.12987672129099
method2,5.0,415.6,884.4317000000001,1.2681392360419135,-1.1302031775848502
method2,5.0,415.7,884.5317,1.274536716879865,-1.13050406297315
method2,5.0,415.8,884.6317,1.28093419771782,-1.13080494836145
method2,5.0,415.9,884.7317,1.287333430799,-1.131080253231365
method2,5.0,416.0,884.8317,1.2937326638801836,-1.1313555581012802
method2,5.0,416.1,884.9317000000001,1.3001335469109436,-1.131605273248885
method2,5.0,416.2,885.0317,1.3065344299417,-1.13185498839649
method2,5.0,416.3,885.1317,1.3129368605828,-1.132079105026945
method2,5.0,416.4,885.2317,1.3193392912238964,-1.1323032216573998
method2,5.0,416.5,885.3317,1.32574316709215,-1.132501731385175
method2,5.0,416.6,885.4317000000001,1.3321470429604036,-1.13270024111295
method2,5.0,416.7,885.5317,1.3385522616302652,-1.13287313596205
method2,5.0,416.8,885.6317,1.34495748030013,-1.13304603081115
method2,5.0,416.9,885.7317,1.3513639393054149,-1.13319330321531
method2,5.0,417.0,885.8317,1.3577703983107035,-1.13334057561947
method2,5.0,417.1,885.9317000000001,1.3641779951461486,-1.1334622184223502
method2,5.0,417.2,886.0317,1.37058559198159,-1.13358386122523
method2,5.0,417.3,886.1317,1.376994224104555,-1.13367986768061
method2,5.0,417.4,886.2317,1.3834028562275165,-1.13377587413599
method2,5.0,417.5,886.3317,1.38981242105957,-1.133846237907955
method2,5.0,417.6,886.4317000000001,1.3962219858916236,-1.13391660167992
method2,5.0,417.7,886.5317,1.402632380820215,-1.13396131684304
method2,5.0,417.8,886.6317,1.40904277574881,-1.13400603200616
method2,5.0,417.9,886.7317,1.415453898128935,-1.134025093045655
method2,5.0,418.0,886.8317,1.4218650205090635,-1.13404415408515
method2,5.0,418.1,886.9317000000001,1.4282767676648587,-1.13403755589706
method2,5.0,418.2,887.0317,1.43468851482065,-1.13403095770897
method2,5.0,418.3,887.1317,1.44110078404706,-1.133998695600315
method2,5.0,418.4,887.2317,1.4475130532734664,-1.13396643349166
method2,5.0,418.5,887.3317,1.4539257418379048,-1.13390850318059
method2,5.0,418.6,887.4317000000001,1.4603384304023435,-1.13385057286952
method2,5.0,418.7,887.5317,1.4667514355462998,-1.1337669704854552
method2,5.0,418.8,887.6317,1.47316444069026,-1.13368336810139
method2,5.0,418.9,887.7317,1.4795776596310048,-1.133574090185165
method2,5.0,419.0,887.8317,1.4859908785717535,-1.13346481226894
method2,5.0,419.1,887.9317000000001,1.4924042085039186,-1.1333298557729399
method2,5.0,419.2,888.0317,1.49881753843608,-1.13319489927694
method2,5.0,419.3,888.1317,1.50523087653335,-1.13303426156522
method2,5.0,419.4,888.2317,1.5116442146306164,-1.1328736238535
method2,5.0,419.5,888.3317,1.518057458047375,-1.1326873027019
method2,5.0,419.6,888.4317000000001,1.5244707014641337,-1.1325009815502998
method2,5.0,419.7,888.5317,1.530883747337085,-1.132288975146565
method2,5.0,419.8,888.6317,1.53729679321004,-1.13207696874283
method2,5.0,419.9,888.7317,1.54370953865989,-1.1318392756867102
method2,5.0,420.0,888.8317,1.5501222841097435,-1.1316015826305899
method2,5.0,420.1,888.9317000000001,1.5565346262428486,-1.13133820193395
method2,5.0,420.2,889.0317,1.56294696837595,-1.13107482123731
method2,5.0,420.3,889.1317,1.569358804285925,-1.13078575232421
method2,5.0,420.4,889.2317,1.5757706401958964,-1.1304966834111103
method2,5.0,420.5,889.3317,1.5821818669653351,-1.1301819261178951
method2,5.0,420.6,889.4317000000001,1.5885930937347736,-1.1298671688246797
method2,5.0,420.7,889.5317,1.595003608436835,-1.129526723400055
method2,5.0,420.8,889.6317,1.6014141231389,-1.12918627797543
method2,5.0,420.9,889.7317,1.607823822839,-1.12882014508055
method2,5.0,421.0,889.8317,1.6142335225391036,-1.1284540121856699
method2,5.0,421.1,889.9317000000001,1.6206423042965636,-1.1280621928941748
method2,5.0,421.2,890.0317,1.62705108605402,-1.12767037360268
method2,5.0,421.3,890.1317,1.63345884692371,-1.127252869400785
method2,5.0,421.4,890.2317,1.6398666077933965,-1.1268353651988903
method2,5.0,421.5,890.3317,1.64627324482738,-1.12639217798543
method2,5.0,421.6,890.4317000000001,1.6526798818613635,-1.1259489907719697
method2,5.0,421.7,890.5317,1.65908529211058,-1.1254801228584301
method2,5.0,421.8,890.6317,1.6654907023598,-1.12501125494489
method2,5.0,421.9,890.7317,1.671894782875695,-1.12451670905546
method2,5.0,422.0,890.8317,1.6782988633915936,-1.1240221631660299
method2,5.0,422.1,890.9317000000001,1.6847015112277937,-1.1235019424376298
method2,5.0,422.2,891.0317,1.69110415906399,-1.12298172170923
method2,5.0,422.3,891.1317,1.69750527127792,-1.12243582969155
method2,5.0,422.4,891.2317,1.7039063834918464,-1.1218899376738702
method2,5.0,422.5,891.3317,1.7103058571464351,-1.121318378329375
method2,5.0,422.6,891.4317000000001,1.7167053308010236,-1.1207468189848795
method2,5.0,422.7,891.5317,1.7231030629663149,-1.12014959668882
method2,5.0,422.8,891.6317,1.72950079513161,-1.11955237439276
method2,5.0,422.9,891.7317,1.73589668288645,-1.11892949393319
method2,5.0,423.0,891.8317,1.7422925706412935,-1.1183066134736195
method2,5.0,423.1,891.9317000000001,1.7486865110749785,-1.1176580800513995
method2,5.0,423.2,892.0317,1.75508045150866,-1.11700954662918
method2,5.0,423.3,892.1317,1.7614723417225648,-1.11633536585795
method2,5.0,423.4,892.2317,1.7678642319364664,-1.1156611850867204
method2,5.0,423.5,892.3317,1.7742539690457448,-1.114961362992905
method2,5.0,423.6,892.4317000000001,1.7806437061550235,-1.1142615408990895
method2,5.0,423.7,892.5317,1.78703118729022,-1.11353608392187
method2,5.0,423.8,892.6317,1.79341866842542,-1.11281062694465
method2,5.0,423.9,892.7317,1.7998037907341802,-1.11205954193594
method2,5.0,424.0,892.8317,1.8061889130429436,-1.1113084569272296
method2,5.0,424.1,892.9317000000001,1.8125715736915986,-1.1105317511516346
method2,5.0,424.2,893.0317,1.81895423434025,-1.10975504537604
method2,5.0,424.3,893.1317,1.8253343305155452,-1.10895272651082
method2,5.0,424.4,893.2317,1.8317144266908365,-1.1081504076456004
method2,5.0,424.5,893.3317,1.83809185560154,-1.1073224837806448
method2,5.0,424.6,893.4317000000001,1.8444692845122435,-1.1064945599156895
method2,5.0,424.7,893.5317,1.85084394339081,-1.10564103955342
method2,5.0,424.8,893.6317,1.85721860226938,-1.10478751919115
method2,5.0,424.9,893.7317,1.86359038837363,-1.1039084112465
method2,5.0,425.0,893.8317,1.8699621744778836,-1.1030293033018495
method2,5.0,425.1,893.9317000000001,1.8763309850926235,-1.1021246171021795
method2,5.0,425.2,894.0317,1.88269979570736,-1.10121993090251
method2,5.0,425.3,894.1317,1.88906552814608,-1.100289676187535
method2,5.0,425.4,894.2317,1.8954312605847965,-1.0993594214725604
method2,5.0,425.5,894.3317,1.9017938121912852,-1.0984036083942699
method2,5.0,425.6,894.4317000000001,1.9081563637977736,-1.0974477953159794
method2,5.0,425.7,894.5317,1.9145156319477752,-1.0964664344385602
method2,5.0,425.8,894.6317,1.92087490009778,-1.09548507356114
method2,5.0,425.9,894.7317,1.927230782200715,-1.0944781758608602
method2,5.0,426.0,894.8317,1.9335866643036534,-1.0934712781605793
method2,5.0,426.1,894.9317000000001,1.9399390578041735,-1.0924388550257245
method2,5.0,426.2,895.0317,1.94629145130469,-1.09140643189087
method2,5.0,426.3,895.1317,1.952640253684415,-1.090348495121595
method2,5.0,426.4,895.2317,1.9589890560641365,-1.0892905583523207
method2,5.0,426.5,895.3317,1.96533416484327,-1.08820712016057
method2,5.0,426.6,895.4317000000001,1.9716792736224036,-1.0871236819688193
method2,5.0,426.7,895.5317,1.97802058636137,-1.086014754978185
method2,5.0,426.8,895.6317,1.98436189910034,-1.08490582798755
method2,5.0,426.9,895.7317,1.9906993134014999,-1.08377142523316
method2,5.0,427.0,895.8317,1.9970367277026635,-1.0826370224787694
method2,5.0,427.1,895.9317000000001,2.0033701412119087,-1.0814771574071493
method2,5.0,427.2,896.0317,2.00970355472115,-1.08031729233553
method2,5.0,427.3,896.1317,2.016032865129565,-1.07913197880446
method2,5.0,427.4,896.2317,2.0223621755379764,-1.0779466652733907
method2,5.0,427.5,896.3317,2.028687280583545,-1.07673591755175
method2,5.0,427.6,896.4317000000001,2.0350123856291136,-1.0755251698301094
method2,5.0,427.7,896.5317,2.041333183098265,-1.07428900259775
method2,5.0,427.8,896.6317,2.04765398056742,-1.07305283536539
method2,5.0,427.9,896.7317,2.05397036829681,-1.07179126371296
method2,5.0,428.0,896.8317,2.0602867560262035,-1.0705296920605294
method2,5.0,428.1,896.9317000000001,2.0665986319042635,-1.0692427314892894
method2,5.0,428.2,897.0317,2.07291050778232,-1.06795577091805
method2,5.0,428.3,897.1317,2.07921776975094,-1.0666434373397449
method2,5.0,428.4,897.2317,2.0855250317195564,-1.0653311037614406
method2,5.0,428.5,897.3317,2.091827577775765,-1.0639934134980749
method2,5.0,428.6,897.4317000000001,2.0981301238319734,-1.0626557232347094
method2,5.0,428.7,897.5317,2.104427852029535,-1.06129269301838
method2,5.0,428.8,897.6317,2.1107255802271,-1.05992966280205
method2,5.0,428.9,897.7317,2.1170183886782,-1.05854130977476
method2,5.0,429.0,897.8317,2.1233111971293037,-1.0571529567474691
method2,5.0,429.1,897.9317000000001,2.129598984006199,-1.055739298460919
method2,5.0,429.2,898.0317,2.13588677088309,-1.05432564017437
method2,5.0,429.3,898.1317,2.14216943441972,-1.0528866945897448
method2,5.0,429.4,898.2317,2.1484520979563464,-1.0514477490051208
method2,5.0,429.5,898.3317,2.15472953645003,-1.04998353449289
method2,5.0,429.6,898.4317000000001,2.1610069749437137,-1.048519319980659
method2,5.0,429.7,898.5317,2.167279086756745,-1.047029855320365
method2,5.0,429.8,898.6317,2.17355119856978,-1.04554039066007
method2,5.0,429.9,898.7317,2.179817882131105,-1.04402569504007
method2,5.0,430.0,898.8317,2.1860845656924335,-1.0425109994200692
method2,5.0,430.1,898.9317000000001,2.1923457194993086,-1.0409710924373292
method2,5.0,430.2,899.0317,2.19860687330618,-1.03943118545459
method2,5.0,430.3,899.1317,2.20486239592577,-1.0378660871144398
method2,5.0,430.4,899.2317,2.2111179185453564,-1.0363009887742909
method2,5.0,430.5,899.3317,2.217367708616405,-1.034710719490175
method2,5.0,430.6,899.4317000000001,2.2236174986874535,-1.0331204502060591
method2,5.0,430.7,899.5317,2.229861454921935,-1.031505030799295
method2,5.0,430.8,899.6317,2.23610541115642,-1.02988961139253
method2,5.0,430.9,899.7317,2.242343432341155,-1.02824906309202
method2,5.0,431.0,899.8317,2.2485814535258934,-1.0266085147915092
method2,5.0,431.1,899.9317000000001,2.2548134385242182,-1.0249428592335141
method2,5.0,431.2,900.0317,2.26104542352254,-1.02327720367552
method2,5.0,431.3,900.1317,2.26727127127592,-1.02158646290335
method2,5.0,431.4,900.2317,2.2734971190292965,-1.0198957221311808
method2,5.0,431.5,900.3317,2.279716728558975,-1.0181799185949498
method2,5.0,431.6,900.4317000000001,2.2859363380886535,-1.016464115058719
method2,5.0,431.7,900.5317,2.2921496084972848,-1.01472327161503
method2,5.0,431.8,900.6317,2.29836287890592,-1.01298242817134
method2,5.0,431.9,900.7317,2.304569709379235,-1.011216568083015
method2,5.0,432.0,900.8317,2.3107765398525535,-1.0094507079946888
method2,5.0,432.1,900.9317000000001,2.3169768296609283,-1.007659854930449
method2,5.0,432.2,901.0317,2.3231771194693,-1.00586900186621
method2,5.0,432.3,901.1317,2.32937076796948,-1.00405317990039
method2,5.0,432.4,901.2317,2.3355644164696563,-1.0022373579345711
method2,5.0,432.5,901.3317,2.34175132310631,-1.000396591546806
method2,5.0,432.6,901.4317000000001,2.3479382297429634,-0.9985558251590408
method2,5.0,432.7,901.5317,2.35411829405035,-0.996690139233926
method2,5.0,432.8,901.6317,2.36029835835774,-0.99482445330881
method2,5.0,432.9,901.7317,2.366471479961355,-0.992933873135599
method2,5.0,433.0,901.8317,2.3726446015649736,-0.9910432929623869
method2,5.0,433.1,901.9317000000001,2.3788106801831383,-0.9891278442346529
method2,5.0,433.2,902.0317,2.3849767588013,-0.98721239550692
method2,5.0,433.3,902.1317,2.39113569424683,-0.98527210432221
method2,5.0,433.4,902.2317,2.3972946296923565,-0.9833318131375011
method2,5.0,433.5,902.3317,2.4034463218741697,-0.981366705997003
method2,5.0,433.6,902.4317000000001,2.4095980140559834,-0.9794015988565049
method2,5.0,433.7,902.5317,2.415742362980705,-0.977411702664695
method2,5.0,433.8,902.6317,2.42188671190543,-0.975421806472884
method2,5.0,433.9,902.7317,2.4280236176790853,-0.97340714853715
method2,5.0,434.0,902.8317,2.4341605234527437,-0.9713924906014149
method2,5.0,434.1,902.9317000000001,2.4402898862822937,-0.9693530986317218
method2,5.0,434.2,903.0317,2.44641924911184,-0.96731370666203
method2,5.0,434.3,903.1317,2.452540969306875,-0.965249608770523
method2,5.0,434.4,903.2317,2.4586626895019066,-0.9631855108790173
method2,5.0,434.5,903.3317,2.4647766674762304,-0.9610967355796596
method2,5.0,434.6,903.4317000000001,2.4708906454505537,-0.9590079602803018
method2,5.0,434.7,903.5317,2.4769967817238,-0.9568945364884915
method2,5.0,434.8,903.6317,2.48310291799705,-0.95478111269668
method2,5.0,434.9,903.7317,2.489201113196345,-0.9526430697288395
method2,5.0,435.0,903.8317,2.4952993083956434,-0.9505050267609978
method2,5.0,435.1,903.9317000000001,2.5013894632571634,-0.9483423943342028
method2,5.0,435.2,904.0317,2.50747961811868,-0.946179761907409
method2,5.0,435.3,904.1317,2.5135616334892896,-0.9439925701389725
method2,5.0,435.4,904.2317,2.5196436488598963,-0.9418053783705372
method2,5.0,435.5,904.3317,2.525717425698805,-0.9395936577775921
method2,5.0,435.6,904.4317000000001,2.5317912025377134,-0.9373819371846468
method2,5.0,435.7,904.5317,2.53785664191799,-0.93514571868375
method2,5.0,435.8,904.6317,2.54392208129827,-0.932909500182852
method2,5.0,435.9,904.7317,2.5499790844085704,-0.9306488150895325
method2,5.0,436.0,904.8317,2.5560360875188737,-0.9283881299962117
method2,5.0,436.1,904.9317000000001,2.5620845556649585,-0.9261030100245712
method2,5.0,436.2,905.0317,2.56813302381104,-0.923817890052932
method2,5.0,436.3,905.1317,2.5741728584174197,-0.921508367315189
method2,5.0,436.4,905.2317,2.5802126930237965,-0.9191988445774474
method2,5.0,436.5,905.3317,2.586243795635355,-0.9168649515834966
method2,5.0,436.6,905.4317000000001,2.5922748982469135,-0.9145310585895456
method2,5.0,436.7,905.5317,2.598297170530455,-0.9121728282465215
method2,5.0,436.8,905.6317,2.604319442814,-0.909814597903496
method2,5.0,436.9,905.7317,2.6103327865599253,-0.907432063515301
method2,5.0,437.0,905.8317,2.6163461303058537,-0.9050495291271047
method2,5.0,437.1,905.9317000000001,2.6223504474296986,-0.9026427243939531
method2,5.0,437.2,906.0317,2.62835476455354,-0.900235919660803
method2,5.0,437.3,906.1317,2.6343499570976148,-0.8978048786787615
method2,5.0,437.4,906.2317,2.6403451496416865,-0.8953738376967213
method2,5.0,437.5,906.3317,2.6463311197766552,-0.8929185949572165
method2,5.0,437.6,906.4317000000001,2.6523170899116235,-0.8904633522177116
method2,5.0,437.7,906.5317,2.658293739938085,-0.8879839426070699
method2,5.0,437.8,906.6317,2.66427038996455,-0.885504532996427
method2,5.0,437.9,906.7317,2.67023762231468,-0.883000991795367
method2,5.0,438.0,906.8317,2.6762048546648134,-0.8804974505943055
method2,5.0,438.1,906.9317000000001,2.682162571903908,-0.8779698134774515
method2,5.0,438.2,907.0317,2.688120289143,-0.875442176360599
method2,5.0,438.3,907.1317,2.69406839397109,-0.8728904793959855
method2,5.0,438.4,907.2317,2.7000164987991764,-0.8703387824313734
method2,5.0,438.5,907.3317,2.705954894052605,-0.8677630620799335
method2,5.0,438.6,907.4317000000001,2.7118932893060337,-0.8651873417284935
method2,5.0,438.7,907.5317,2.71782187795906,-0.8625876348435431
method2,5.0,438.8,907.6317,2.72375046661209,-0.859987927958591
method2,5.0,438.9,907.7317,2.7296691517784453,-0.85736427178531
method2,5.0,439.0,907.8317,2.7355878369448035,-0.8547406156120274
method2,5.0,439.1,907.9317000000001,2.7414965218793133,-0.8520930477869345
method2,5.0,439.2,908.0317,2.74740520681382,-0.849445479961843
method2,5.0,439.3,908.1317,2.75330379491394,-0.846774038512266
method2,5.0,439.4,908.2317,2.7592023830140566,-0.8441025970626905
method2,5.0,439.5,908.3317,2.76509077782148,-0.8414073204062236
method2,5.0,439.6,908.4317000000001,2.7709791726289037,-0.8387120437497565
method2,5.0,439.7,908.5317,2.776857277831135,-0.835992970693713
method2,5.0,439.8,908.6317,2.78273538303337,-0.833273897637668
method2,5.0,439.9,908.7317,2.788603102465305,-0.8305310673785304
method2,5.0,440.0,908.8317,2.794470821897243,-0.8277882371193914
method2,5.0,440.1,908.9317000000001,2.800328059542703,-0.8250216892422594
method2,5.0,440.2,909.0317,2.80618529718816,-0.822255141365129
method2,5.0,440.3,909.1317,2.8120319571815298,-0.81946491584314
method2,5.0,440.4,909.2317,2.817878617174897,-0.8166746903211526
method2,5.0,440.5,909.3317,2.823714603802615,-0.8138608275149285
method2,5.0,440.6,909.4317000000001,2.8295505904303333,-0.8110469647087043
method2,5.0,440.7,909.5317,2.83537580813253,-0.808209505365762
method2,5.0,440.8,909.6317,2.84120102583473,-0.805372046022818
method2,5.0,440.9,909.7317,2.847015379206745,-0.802511031276987
method2,5.0,441.0,909.8317,2.8528297325787633,-0.7996500165311543
method2,5.0,441.1,909.9317000000001,2.8586331263727085,-0.7967654879019963
method2,5.0,441.2,910.0317,2.86443652016665,-0.79388095927284
method2,5.0,441.3,910.1317,2.8702288592930154,-0.7909729586650365
method2,5.0,441.4,910.2317,2.876021198419377,-0.7880649580572346
method2,5.0,441.5,910.3317,2.88180238794852,-0.7851335277599996
method2,5.0,441.6,910.4317000000001,2.8875835774776633,-0.7822020974627644
method2,5.0,441.7,910.5317,2.893353522641405,-0.779247280149236
method2,5.0,441.8,910.6317,2.89912346780515,-0.776292462835706
method2,5.0,441.9,910.7317,2.904882073998345,-0.773314301562307
method2,5.0,442.0,910.8317,2.910640680191543,-0.7703361402889063
method2,5.0,442.1,910.9317000000001,2.916387852973573,-0.7673346784947593
method2,5.0,442.2,911.0317,2.9221350257556,-0.764333216700614
method2,5.0,442.3,911.1317,2.927870670851975,-0.7613084982068815
method2,5.0,442.4,911.2317,2.9336063159483468,-0.7582837797131506
method2,5.0,442.5,911.3317,2.939330339252225,-0.755235848722421
method2,5.0,442.6,911.4317000000001,2.945054362556103,-0.7521879177316912
method2,5.0,442.7,911.5317,2.95076667012982,-0.7491168188273409
method2,5.0,442.8,911.6317,2.95647897770354,-0.746045719922989
method2,5.0,442.9,911.7317,2.9621794757802054,-0.7429514980685065
method2,5.0,443.0,911.8317,2.9678799738568733,-0.7398572762140222
method2,5.0,443.1,911.9317000000001,2.9735685688418383,-0.7367399767523948
method2,5.0,443.2,912.0317,2.9792571638268,-0.733622677290769
method2,5.0,443.3,912.1317,2.98493376229923,-0.7304823459438015
method2,5.0,443.4,912.2317,2.9906103607716568,-0.7273420145968358
method2,5.0,443.5,912.3317,2.99627486948609,-0.7241786974644799
method2,5.0,443.6,912.4317000000001,3.001939378200523,-0.7210153803321242
method2,5.0,443.7,912.5317,3.007591704088325,-0.7178291238918371
method2,5.0,443.8,912.6317,3.01324402997613,-0.714642867451548
method2,5.0,443.9,912.7317,3.01888408014711,-0.7114337185575695
method2,5.0,444.0,912.8317,3.024524130318093,-0.7082245696635892
method2,5.0,444.1,912.9317000000001,3.0301518120619684,-0.7049925755463021
method2,5.0,444.2,913.0317,3.03577949380584,-0.701760581429017
method2,5.0,444.3,913.1317,3.0413947145937748,-0.698505789694235
method2,5.0,444.4,913.2317,3.047009935381707,-0.6952509979594549
method2,5.0,444.5,913.3317,3.05261260286786,-0.6919734565877205
method2,5.0,444.6,913.4317000000001,3.058215270354013,-0.6886959152159862
method2,5.0,444.7,913.5317,3.0638052923770003,-0.685395672561892
method2,5.0,444.8,913.6317,3.06939531439999,-0.682095429907796
method2,5.0,444.9,913.7317,3.07497259898444,-0.6787725346992555
method2,5.0,445.0,913.8317,3.080549883568893,-0.6754496394907131
method2,5.0,445.1,913.9317000000001,3.0861143389269734,-0.6721041408282481
method2,5.0,445.2,914.0317,3.09167879428505,-0.668758642165785
method2,5.0,445.3,914.1317,3.09723032881792,-0.665390589521822
method2,5.0,445.4,914.2317,3.102781863350787,-0.6620225368778608
method2,5.0,445.5,914.3317,3.108320385650165,-0.6586319800959775
method2,5.0,445.6,914.4317000000001,3.113858907949543,-0.6552414233140941
method2,5.0,445.7,914.5317,3.1193843267991603,-0.6518284126083209
method2,5.0,445.8,914.6317,3.12490974564878,-0.648415401902546
method2,5.0,445.9,914.7317,3.130421970025915,-0.6449799878565939
method2,5.0,446.0,914.8317,3.135934194403053,-0.64154457381064
method2,5.0,446.1,914.9317000000001,3.141433133480023,-0.638086807377169
method2,5.0,446.2,915.0317,3.14693207255699,-0.6346290409437
method2,5.0,446.3,915.1317,3.1524176357026352,-0.631148973443577
method2,5.0,446.4,915.2317,3.157903198848277,-0.627668905943456
method2,5.0,446.5,915.3317,3.163375295629465,-0.6241665890649856
method2,5.0,446.6,915.4317000000001,3.1688473924106533,-0.620664272186515
method2,5.0,446.7,915.5317,3.17430593259375,-0.6171397579846805
method2,5.0,446.8,915.6317,3.17976447277685,-0.613615243782844
method2,5.0,446.9,915.7317,3.1852093663292402,-0.6100685846785375
method2,5.0,447.0,915.8317,3.190654259881633,-0.606521925574229
method2,5.0,447.1,915.9317000000001,3.1960854169731827,-0.6029531743534735
method2,5.0,447.2,916.0317,3.20151657406473,-0.59938442313272
method2,5.0,447.3,916.1317,3.20693390506925,-0.5957936329458975
method2,5.0,447.4,916.2317,3.2123512360737667,-0.592202842759077
method2,5.0,447.5,916.3317,3.21775465157052,-0.5885900671201335
method2,5.0,447.6,916.4317000000001,3.2231580670672733,-0.5849772914811899
method2,5.0,447.7,916.5317,3.228547477842435,-0.581342584266843
method2,5.0,447.8,916.6317,3.2339368886176,-0.577707877052494
method2,5.0,447.9,916.7317,3.23931220566574,-0.5740512925014345
method2,5.0,448.0,916.8317,3.244687522713883,-0.5703947079503728
method2,5.0,448.1,916.9317000000001,3.250048657239423,-0.5667163006624549
method2,5.0,448.2,917.0317,3.25540979176496,-0.563037893374539
method2,5.0,448.3,917.1317,3.26075665518363,-0.5593377183099825
method2,5.0,448.4,917.2317,3.266103518602297,-0.5556375432454281
method2,5.0,448.5,917.3317,3.27143602254263,-0.551915655723989
method2,5.0,448.6,917.4317000000001,3.276768526482963,-0.5481937682025498
method2,5.0,448.7,917.5317,3.28208658278772,-0.544450223902702
method2,5.0,448.8,917.6317,3.28740463909248,-0.540706679602852
method2,5.0,448.9,917.7317,3.292708159820125,-0.5369415345609525
method2,5.0,449.0,917.8317,3.298011680547773,-0.5331763895190509
method2,5.0,449.1,917.9317000000001,3.303300577973918,-0.5293897001285198
method2,5.0,449.2,918.0317,3.30858947540006,-0.525603010737991
method2,5.0,449.3,918.1317,3.313863662018925,-0.5217948337484475
method2,5.0,449.4,918.2317,3.3191378486377867,-0.5179866567589062
method2,5.0,449.5,918.3317,3.32439723716363,-0.5141570492753496
method2,5.0,449.6,918.4317000000001,3.329656625689473,-0.5103274417917928
method2,5.0,449.7,918.5317,3.33490112905804,-0.506476461273727
method2,5.0,449.8,918.6317,3.34014563242661,-0.502625480755659
method2,5.0,449.9,918.7317,3.34537516379659,-0.49875318501624255
method2,5.0,450.0,918.8317,3.350604695166573,-0.4948808892768238
method2,5.0,450.1,918.9317000000001,3.355819167920998,-0.4909873364820158
method2,5.0,450.2,919.0317,3.36103364067542,-0.48709378368721
method2,5.0,450.3,919.1317,3.3662329684231453,-0.48317903235487547
method2,5.0,450.4,919.2317,3.371432296170867,-0.4792642810225432
method2,5.0,450.5,919.3317,3.3766163927479598,-0.4753283900216035
method2,5.0,450.6,919.4317000000001,3.381800489325053,-0.4713924990206637
method2,5.0,450.7,919.5317,3.386969268796225,-0.4674355275702095
method2,5.0,450.8,919.6317,3.3921380482674,-0.463478556119753
method2,5.0,450.9,919.7317,3.39729142492747,-0.45950056378812953
method2,5.0,451.0,919.8317,3.402444801587543,-0.4555225714565037
method2,5.0,451.1,919.9317000000001,3.407582689962803,-0.4515236181604607
method2,5.0,451.2,920.0317,3.41272057833806,-0.44752466486442
method2,5.0,451.3,920.1317,3.4178428931877196,-0.4435048108681765
method2,5.0,451.4,920.2317,3.4229652080373767,-0.4394849568719353
method2,5.0,451.5,920.3317,3.4280718643549797,-0.4354442627862955
method2,5.0,451.6,920.4317000000001,3.433178520672583,-0.43140356870065566
method2,5.0,451.7,920.5317,3.4382694336873802,-0.427342095482104
method2,5.0,451.8,920.6317,3.44336034670218,-0.42328062226355
method2,5.0,451.9,920.7317,3.4484354318806,-0.41919843121329703
method2,5.0,452.0,920.8317,3.453510517059023,-0.41511624016304166
method2,5.0,452.1,920.9317000000001,3.458569690105998,-0.41101339292614963
method2,5.0,452.2,921.0317,3.46362886315297,-0.40691054568926
method2,5.0,452.3,921.1317,3.468672040013395,-0.402787104253693
method2,5.0,452.4,921.2317,3.4737152168738175,-0.3986636628181283
method2,5.0,452.5,921.3317,3.47874231373391,-0.3945196895138045
method2,5.0,452.6,921.4317000000001,3.4837694105940025,-0.39037571620948064
method2,5.0,452.7,921.5317,3.4887803438827047,-0.3862112737073745
method2,5.0,452.8,921.6317,3.49379127717141,-0.382046831205266
method2,5.0,452.9,921.7317,3.498785963561785,-0.377861982516409
method2,5.0,453.0,921.8317,3.5037806499521627,-0.37367713382754963
method2,5.0,453.1,921.9317000000001,3.5087590063627627,-0.3694719423021306
method2,5.0,453.2,922.0317,3.51373736277336,-0.365266750776714
method2,5.0,453.3,922.1317,3.5186993063696104,-0.3610412801030975
method2,5.0,453.4,922.2317,3.5236612499658575,-0.3568158094294834
method2,5.0,453.5,922.3317,3.52860669816144,-0.3525701236332415
method2,5.0,453.6,922.4317000000001,3.5335521463570227,-0.34832443783699957
method2,5.0,453.7,922.5317,3.538481016815235,-0.344058601279974
method2,5.0,453.8,922.6317,3.54340988727345,-0.339792764722946
method2,5.0,453.9,922.7317,3.5483220979085948,-0.335506842102245
method2,5.0,454.0,922.8317,3.553234308543743,-0.33122091948154153
method2,5.0,454.1,922.9317000000001,3.558129777522478,-0.32691497582857154
method2,5.0,454.2,923.0317,3.56302524650121,-0.322609032175604
method2,5.0,454.3,923.1317,3.567903892243895,-0.31828313285510046
method2,5.0,454.4,923.2317,3.572782537986577,-0.3139572335345994
method2,5.0,454.5,923.3317,3.577644279168685,-0.3096114442436075
method2,5.0,454.6,923.4317000000001,3.5825060203507926,-0.3052656549526155
method2,5.0,454.7,923.5317,3.58735077590418,-0.3009000417195345
method2,5.0,454.8,923.6317,3.59219553145757,-0.296534428486451
method2,5.0,454.9,923.7317,3.59702322057191,-0.2921490576699975
method2,5.0,455.0,923.8317,3.6018509096862528,-0.2877636868535415
method2,5.0,455.1,923.9317000000001,3.6066614518103277,-0.28335862514175647
method2,5.0,455.2,924.0317,3.6114719939344,-0.278953563429974
method2,5.0,455.3,924.1317,3.61626530877746,-0.274528877839223
method2,5.0,455.4,924.2317,3.621058623620517,-0.2701041922484745
method2,5.0,455.5,924.3317,3.625834631153615,-0.2656599501224175
method2,5.0,455.6,924.4317000000001,3.6306106386867127,-0.26121570799636046
method2,5.0,455.7,924.5317,3.6353692591440447,-0.256751977004932
method2,5.0,455.8,924.6317,3.64012787960138,-0.252288246013501
method2,5.0,455.9,924.7317,3.64486903348161,-0.2478050941518855
method2,5.0,456.0,924.8317,3.6496101873618425,-0.24332194229026743
method2,5.0,456.1,924.9317000000001,3.654333795429433,-0.23881943787785692
method2,5.0,456.2,925.0317,3.65905740349702,-0.234316933465449
method2,5.0,456.3,925.1317,3.6637633867835353,-0.229795145144821
method2,5.0,456.4,925.2317,3.6684693700700475,-0.22527335682419558
method2,5.0,456.5,925.3317,3.67315764987549,-0.220732353560059
method2,5.0,456.6,925.4317000000001,3.6778459296809327,-0.21619135029592243
method2,5.0,456.7,925.5317,3.682516427575065,-0.2116312013740675
method2,5.0,456.8,925.6317,3.6871869254692,-0.20707105245221
method2,5.0,456.9,925.7317,3.691839563292835,-0.20249182747845001
method2,5.0,457.0,925.8317,3.6964922011164725,-0.1979126025046874
method2,5.0,457.1,925.9317000000001,3.7011269009827674,-0.19331437140381738
method2,5.0,457.2,926.0317,3.70576160084906,-0.18871614030295
method2,5.0,457.3,926.1317,3.71037828514487,-0.18409897331765102
method2,5.0,457.4,926.2317,3.7149949694406774,-0.17948180633235464
method2,5.0,457.5,926.3317,3.71959356082779,-0.1748457740221555
method2,5.0,457.6,926.4317000000001,3.724192152214903,-0.17020974171195635
method2,5.0,457.7,926.5317,3.72877257363137,-0.16555491495213598
method2,5.0,457.8,926.6317,3.73335299504784,-0.160900088192313
method2,5.0,457.9,926.7317,3.73791516970926,-0.1562265381728235
method2,5.0,458.0,926.8317,3.7424773443706827,-0.15155298815333135
method2,5.0,458.1,926.9317000000001,3.7470211957714725,-0.14686078637772235
method2,5.0,458.2,927.0317,3.75156504717226,-0.142168584602116
method2,5.0,458.3,927.1317,3.756090499086945,-0.1374578028864205
method2,5.0,458.4,927.2317,3.7606159510016273,-0.13274702117072767
method2,5.0,458.5,927.3317,3.76512292748613,-0.128017731642391
method2,5.0,458.6,927.4317000000001,3.7696299039706327,-0.1232884421140543
method2,5.0,458.7,927.5317,3.7741183293634952,-0.118540717210827
method2,5.0,458.8,927.6317,3.77860675475636,-0.113792992307597
method2,5.0,458.9,927.7317,3.7830765536801003,-0.1090269047763945
method2,5.0,459.0,927.8317,3.787546352603843,-0.10426081724518928
method2,5.0,459.1,927.9317000000001,3.7919974499661127,-0.09947644014103259
method2,5.0,459.2,928.0317,3.79644854732838,-0.0946920630368786
method2,5.0,459.3,928.1317,3.8008808683233104,-0.08988946972172984
method2,5.0,459.4,928.2317,3.8053131893182375,-0.08508687640658383
method2,5.0,459.5,928.3317,3.8097266594276453,-0.0802661405482539
method2,5.0,459.6,928.4317000000001,3.8141401295370527,-0.07544540468992396
method2,5.0,459.7,928.5317,3.8185346745316897,-0.07060660026094406
method2,5.0,459.8,928.6317,3.82292921952633,-0.0657677958319614
method2,5.0,459.9,928.7317,3.827304765467165,-0.060910997108411004
method2,5.0,460.0,928.8317,3.8316803114080025,-0.05605419838485783
method2,5.0,460.1,928.9317000000001,3.8360367846474275,-0.05117947994527953
method2,5.0,460.2,929.0317,3.84039325788685,-0.046304761505704
method2,5.0,460.3,929.1317,3.844730585069925,-0.0414121982299334
method2,5.0,460.4,929.2317,3.8490679122529974,-0.03651963495416558
method2,5.0,460.5,929.3317,3.853386020318705,-0.0316093020221706
method2,5.0,460.6,929.4317000000001,3.8577041283844125,-0.0266989690901756
method2,5.0,460.7,929.5317,3.862002944566825,-0.0217709419809462
method2,5.0,460.8,929.6317,3.86630176074924,-0.016842914871714
method2,5.0,460.9,929.7317,3.870581212578835,-0.0118972693620434
method2,5.0,461.0,929.8317,3.8748606644084322,-0.006951623852369978
method2,5.0,461.1,929.9317000000001,3.8791206797132323,-0.001988436015747448
method2,5.0,461.2,930.0317,3.88338069501803,0.00297475182087226
method2,5.0,461.3,930.1317,3.8876212019248353,0.00795540561545448
method2,5.0,461.4,930.2317,3.891861708831638,0.01293605941003387
method2,5.0,461.5,930.3317,3.8960826357672698,0.01793410249927005
method2,5.0,461.6,930.4317000000001,3.900303562702902,0.02293214558850625
method2,5.0,461.7,930.5317,3.904504838395365,0.02794750101591045
method2,5.0,461.8,930.6317,3.90870611408783,0.0329628564433175
method2,5.0,461.9,930.7317,3.9128876675675297,0.03799544696045265
method2,5.0,462.0,930.8317,3.917069221047232,0.043028037477590673
method2,5.0,462.1,930.9317000000001,3.921230981648187,0.04807778554523877
method2,5.0,462.2,931.0317,3.92539274224914,0.053127533612884
method2,5.0,462.3,931.1317,3.929534639610135,0.05819436140222265
method2,5.0,462.4,931.2317,3.9336765369711277,0.06326118919155843
method2,5.0,462.5,931.3317,3.93779850103694,0.06834501858539546
method2,5.0,462.6,931.4317000000001,3.9419204651027524,0.0734288479792325
method2,5.0,462.7,931.5317,3.946022426125295,0.07852960057316141
method2,5.0,462.8,931.6317,3.95012438714784,0.0836303531670932
method2,5.0,462.9,931.7317,3.954206275687365,0.08874795027074345
method2,5.0,463.0,931.8317,3.958288164226892,0.09386554737439662
method2,5.0,463.1,931.9317000000001,3.962349911153172,0.09899991001263127
method2,5.0,463.2,932.0317,3.96641165807945,0.104134272650863
method2,5.0,463.3,932.1317,3.9704531945729,0.109285321564982
method2,5.0,463.4,932.2317,3.974494731066348,0.11443637047909808
method2,5.0,463.5,932.3317,3.978515988619235,0.1196040261280745
method2,5.0,463.6,932.4317000000001,3.982537246172122,0.12477168177705095
method2,5.0,463.7,932.5317,3.9865381565897,0.129955864338757
method2,5.0,463.8,932.6317,3.99053906700728,0.135140046900466
method2,5.0,463.9,932.7317,3.99451956240894,0.14034067627289998
method2,5.0,464.0,932.8317,3.998500057810602,0.14554130564533696
method2,5.0,464.1,932.9317000000001,4.002460070631037,0.15075830144786945
method2,5.0,464.2,933.0317,4.00642008345147,0.155975297250399
method2,5.0,464.3,933.1317,4.0103595464418,0.161208578824994
method2,5.0,464.4,933.2317,4.014299009432127,0.16644186039958603
method2,5.0,464.5,933.3317,4.018217855661045,0.17169134681206
method2,5.0,464.6,933.4317000000001,4.022136701889962,0.176940833224534
method2,5.0,464.7,933.5317,4.026034864744875,0.18220644326580848
method2,5.0,464.8,933.6317,4.02993302759979,0.187472053307086
method2,5.0,464.9,933.7317,4.03381044078793,0.19275370549444
method2,5.0,465.0,933.8317,4.037687853976072,0.198035357681797
method2,5.0,465.1,933.9317000000001,4.041544451525628,0.20333297026011302
method2,5.0,465.2,934.0317,4.04540104907518,0.208630582838426
method2,5.0,465.3,934.1317,4.049236765336435,0.213944073781483
method2,5.0,465.4,934.2317,4.053072481597688,0.21925756472453697
method2,5.0,465.5,934.3317,4.056887251244085,0.22458685173624449
method2,5.0,465.6,934.4317000000001,4.060702020890481,0.22991613874795203
method2,5.0,465.7,934.5317,4.064495778919795,0.2352611392636495
method2,5.0,465.8,934.6317,4.06828953694911,0.24060613977935
method2,5.0,465.9,934.7317,4.07206221868449,0.24596677096707797
method2,5.0,466.0,934.8317,4.0758349004198715,0.25132740215480903
method2,5.0,466.1,934.9317000000001,4.0795864415109815,0.2567035809165761
method2,5.0,466.2,935.0317,4.08333798260209,0.26207975967834
method2,5.0,466.3,935.1317,4.08706831902619,0.26747140265144154
method2,5.0,466.4,935.2317,4.090798655450288,0.27286304562453995
method2,5.0,466.5,935.3317,4.09450772351331,0.2782700691828185
method2,5.0,466.6,935.4317000000001,4.0982167915763315,0.2836770927410971
method2,5.0,466.7,935.5317,4.10190452791397,0.2890994129962375
method2,5.0,466.8,935.6317,4.10559226425161,0.294521733251381
method2,5.0,466.9,935.7317,4.109258605830425,0.2999592660542565
method2,5.0,467.0,935.8317,4.112924947409242,0.3053967988571351
method2,5.0,467.1,935.9317000000001,4.116569831527682,0.3108494597990461
method2,5.0,467.2,936.0317,4.12021471564612,0.316302120740954
method2,5.0,467.3,936.1317,4.123838079935645,0.3217698251549945
method2,5.0,467.4,936.2317,4.127461444225168,0.3272375295690319
method2,5.0,467.5,936.3317,4.131063226651265,0.332720192531363
method2,5.0,467.6,936.4317000000001,4.134665009077362,0.3382028554936941
method2,5.0,467.7,936.5317,4.13824514794062,0.3437003918248685
method2,5.0,467.8,936.6317,4.14182528680388,0.349197928156046
method2,5.0,467.9,936.7317,4.145383720741065,0.35471025242236853
method2,5.0,468.0,936.8317,4.1489421546782514,0.3602225766886942
method2,5.0,468.1,936.9317000000001,4.152478822663327,0.36574960320349414
method2,5.0,468.2,937.0317,4.1560154906484,0.371276629718291
method2,5.0,468.3,937.1317,4.159530331993555,0.3768182725432785
method2,5.0,468.4,937.2317,4.163045173338708,0.38235991536826286
method2,5.0,468.5,937.3317,4.1665381276954445,0.3879160883148815
method2,5.0,468.6,937.4317000000001,4.170031082052182,0.39347226126150014
method2,5.0,468.7,937.5317,4.173502089412286,0.3990428778922155
method2,5.0,468.8,937.6317,4.17697309677239,0.404613494522934
method2,5.0,468.9,937.7317,4.18042209746902,0.4101984681526465
method2,5.0,469.0,937.8317,4.1838710981656515,0.41578344178236215
method2,5.0,469.1,937.9317000000001,4.187298032874302,0.42138268547969265
method2,5.0,469.2,938.0317,4.19072496758295,0.42698192917702
method2,5.0,469.3,938.1317,4.19412977732249,0.43259535576568797
method2,5.0,469.4,938.2317,4.197534587062028,0.43820878235435284
method2,5.0,469.5,938.3317,4.200917213195741,0.443836304414551
method2,5.0,469.6,938.4317000000001,4.204299839329452,0.4494638264747492
method2,5.0,469.7,938.5317,4.207660223565975,0.4551053563444565
method2,5.0,469.8,938.6317,4.2110206078025,0.460746886214167
method2,5.0,469.9,938.7317,4.214358692196891,0.46640233599056
method2,5.0,470.0,938.8317,4.217696776591282,0.47205778576695623
method2,5.0,470.1,938.9317000000001,4.221012503545962,0.4777270673077617
method2,5.0,470.2,939.0317,4.22432823050064,0.483396348848564
method2,5.0,470.3,939.1317,4.227621542766415,0.489079373773411
method2,5.0,470.4,939.2317,4.2309148550321884,0.4947623986982548
method2,5.0,470.5,939.3317,4.23418569570922,0.500459078390094
method2,5.0,470.6,939.4317000000001,4.237456536386252,0.5061557580819332
method2,5.0,470.7,939.5317,4.24070484892503,0.511866003688364
method2,5.0,470.8,939.6317,4.24395316146381,0.517576249294798
method2,5.0,470.9,939.7317,4.247178889666135,0.5232999717295035
method2,5.0,471.0,939.8317,4.250404617868462,0.5290236941642122
method2,5.0,471.1,939.9317000000001,4.253607705888407,0.5347608041083283
method2,5.0,471.2,940.0317,4.25681079390835,0.540497914052441
method2,5.0,471.3,940.1317,4.259991186253215,0.5462483219559364
method2,5.0,471.4,940.2317,4.263171578598079,0.5519987298594288
method2,5.0,471.5,940.3317,4.266329220129361,0.557762345942517
method2,5.0,471.6,940.4317000000001,4.269486861660642,0.5635259620256053
method2,5.0,471.7,940.5317,4.27262169759498,0.569302696280146
method2,5.0,471.8,940.6317,4.27575653352932,0.57507943053469
method2,5.0,471.9,940.7317,4.27886850943943,0.580869192725587
method2,5.0,472.0,940.8317,4.281980485349542,0.5866589549164873
method2,5.0,472.1,940.9317000000001,4.285069547165176,0.5924616545831093
method2,5.0,472.2,941.0317,4.28815860898081,0.598264354249728
method2,5.0,472.3,941.1317,4.29122470298966,0.6040799007073
method2,5.0,472.4,941.2317,4.294290796998508,0.6098954471648687
method2,5.0,472.5,941.3317,4.29733386984717,0.6157237495059035
method2,5.0,472.6,941.4317000000001,4.300376942695832,0.6215520518469383
method2,5.0,472.7,941.5317,4.30339694139069,0.6273930189426555
method2,5.0,472.8,941.6317,4.30641694008555,0.633233986038376
method2,5.0,472.9,941.7317,4.3094138119937355,0.6390875265401246
method2,5.0,473.0,941.8317,4.312410683901922,0.6449410670418764
method2,5.0,473.1,941.9317000000001,4.315384376752187,0.6508070893825694
method2,5.0,473.2,942.0317,4.31835806960245,0.656673111723259
method2,5.0,473.3,942.1317,4.32130853148609,0.662551524118786
method2,5.0,473.4,942.2317,4.324258993369728,0.6684299365143097
method2,5.0,473.5,942.3317,4.327186172741484,0.6743206469649885
method2,5.0,473.6,942.4317000000001,4.3301133521132416,0.6802113574156673
method2,5.0,473.7,942.5317,4.33301719779218,0.68611427370768
method2,5.0,473.8,942.6317,4.33592104347112,0.692017189999696
method2,5.0,473.9,942.7317,4.33880150464155,0.6979322197065365
method2,5.0,474.0,942.8317,4.341681965811982,0.7038472494133803
method2,5.0,474.1,942.9317000000001,4.344538992024291,0.7097742998972798
method2,5.0,474.2,943.0317,4.3473960182366,0.715701350381176
method2,5.0,474.3,943.1317,4.35022955940819,0.721640328794589
method2,5.0,474.4,943.2317,4.353063100579778,0.7275793072079987
method2,5.0,474.5,943.3317,4.355873106995885,0.7335301204950191
method2,5.0,474.6,943.4317000000001,4.358683113411992,0.7394809337820395
method2,5.0,474.7,943.5317,4.361469535726576,0.7454434886798811
method2,5.0,474.8,943.6317,4.36425595804116,0.751406043577726
method2,5.0,474.9,943.7317,4.36701874727777,0.7573802466181825
method2,5.0,475.0,943.8317,4.369781536514382,0.7633544496586424
method2,5.0,475.1,943.9317000000001,4.372520644066976,0.7693402071695344
method2,5.0,475.2,944.0317,4.37525975161957,0.775325964680423
method2,5.0,475.3,944.1317,4.377975129253425,0.7813231827870966
method2,5.0,475.4,944.2317,4.380690506887278,0.7873204008937665
method2,5.0,475.5,944.3317,4.38338210673977,0.793328985520536
method2,5.0,475.6,944.4317000000001,4.386073706592262,0.7993375701473054
method2,5.0,475.7,944.5317,4.38874148117372,0.8053574270189245
method2,5.0,475.8,944.6317,4.39140925575518,0.811377283890547
method2,5.0,475.9,944.7317,4.394053157949751,0.8174083185337395
method2,5.0,476.0,944.8317,4.396697060144322,0.8234393531769354
method2,5.0,476.1,944.9317000000001,4.399317043210751,0.8294814709218049
method2,5.0,476.2,945.0317,4.40193702627718,0.835523588666671
method2,5.0,476.3,945.1317,4.40453304384965,0.8415766946482475
method2,5.0,476.4,945.2317,4.407129061422118,0.8476298006298205
method2,5.0,476.5,945.3317,4.409701067511071,0.8536937997895095
method2,5.0,476.6,945.4317000000001,4.412273073600022,0.8597577989491985
method2,5.0,476.7,945.5317,4.414821022592925,0.865832596036274
method2,5.0,476.8,945.6317,4.41736897158583,0.871907393123353
method2,5.0,476.9,945.7317,4.419892818248045,0.877992892696503
method2,5.0,477.0,945.8317,4.422416664910262,0.8840783922696565
method2,5.0,477.1,945.9317000000001,4.424916364385772,0.8901744986984155
method2,5.0,477.2,946.0317,4.42741606386128,0.896270605127171
method2,5.0,477.3,946.1317,4.429891571673525,0.9023772225934561
method2,5.0,477.4,946.2317,4.432367079485768,0.9084838400597376
method2,5.0,477.5,946.3317,4.43481835153841,0.9146008725593685
method2,5.0,477.6,946.4317000000001,4.437269623591051,0.9207179050589994
method2,5.0,477.7,946.5317,4.43969661616874,0.9268452564031551
method2,5.0,477.8,946.6317,4.44212360874643,0.932972607747314
method2,5.0,477.9,946.7317,4.44452627851561,0.9391101815641195
method2,5.0,478.0,946.8317,4.446928948284792,0.9452477553809284
method2,5.0,478.1,946.9317000000001,4.449307252294432,0.9513954551168999
method2,5.0,478.2,947.0317,4.45168555630407,0.957543154852868
method2,5.0,478.3,947.1317,4.454039451986435,0.9637008837744641
method2,5.0,478.4,947.2317,4.456393347668798,0.9698586126960564
method2,5.0,478.5,947.3317,4.458722792840209,0.976026273891215
method2,5.0,478.6,947.4317000000001,4.461052238011621,0.9821939350863735
method2,5.0,478.7,947.5317,4.463357190873195,0.9883714314659885
method2,5.0,478.8,947.6317,4.46566214373477,0.994548927845607
method2,5.0,478.9,947.7317,4.467942562873165,1.0007361621451085
method2,5.0,479.0,947.8317,4.470222982011561,1.0069233964446136
method2,5.0,479.1,947.9317000000001,4.472478826399711,1.0131202712254734
method2,5.0,479.2,948.0317,4.47473467078786,1.01931714600633
method2,5.0,479.3,948.1317,4.476965899785689,1.025523563657585
method2,5.0,479.4,948.2317,4.479197128783519,1.0317299813088365
method2,5.0,479.5,948.3317,4.481403702138705,1.03794584404866
method2,5.0,479.6,948.4317000000001,4.4836102754938905,1.0441617067884836
method2,5.0,479.7,948.5317,4.485792153342519,1.05038691666568
method2,5.0,479.8,948.6317,4.48797403119115,1.05661212654288
method2,5.0,479.9,948.7317,4.490131174058495,1.06284658543847
method2,5.0,480.0,948.8317,4.4922883169258405,1.0690810443340635
method2,5.0,480.1,948.9317000000001,4.494420685727011,1.0753246539628134
method2,5.0,480.2,949.0317,4.49655305452818,1.08156826359156
method2,5.0,480.3,949.1317,4.49866061056885,1.08782092550352
method2,5.0,480.4,949.2317,4.500768166609519,1.0940735874154766
method2,5.0,480.5,949.3317,4.502850871586615,1.100335202997555
method2,5.0,480.6,949.4317000000001,4.504933576563711,1.1065968185796335
method2,5.0,480.7,949.5317,4.5069913925660945,1.11286728905712
method2,5.0,480.8,949.6317,4.50904920856848,1.11913775953461
method2,5.0,480.9,949.7317,4.511082098077625,1.125416985972775
method2,5.0,481.0,949.8317,4.513114987586771,1.1316962124109435
method2,5.0,481.1,949.9317000000001,4.515122913477441,1.1379840957165737
method2,5.0,481.2,950.0317,4.51713083936811,1.1442719790222
method2,5.0,481.3,950.1317,4.519113764909029,1.15056841994516
method2,5.0,481.4,950.2317,4.521096690449949,1.1568648608681165
method2,5.0,481.5,950.3317,4.523054579304455,1.163169760002905
method2,5.0,481.6,950.4317000000001,4.525012468158961,1.1694746591376937
method2,5.0,481.7,950.5317,4.52694528438567,1.17578791692506
method2,5.0,481.8,950.6317,4.52887810061238,1.18210117471243
method2,5.0,481.9,950.7317,4.53078580866583,1.18842269144089
method2,5.0,482.0,950.8317,4.532693516719281,1.1947442081693536
method2,5.0,482.1,950.9317000000001,4.534576081450566,1.2010738839767936
method2,5.0,482.2,951.0317,4.53645864618185,1.20740355978423
method2,5.0,482.3,951.1317,4.538316032839285,1.21374129465949
method2,5.0,482.4,951.2317,4.540173419496719,1.2200790295347463
method2,5.0,482.5,951.3317,4.542005593726435,1.22642472331917
method2,5.0,482.6,951.4317000000001,4.543837767956151,1.2327704171035936
method2,5.0,482.7,951.5317,4.545644695802736,1.2391239694926401
method2,5.0,482.8,951.6317,4.54745162364932,1.24547752188169
method2,5.0,482.9,951.7317,4.549233271556435,1.25183883242651
method2,5.0,483.0,951.8317,4.551014919463551,1.2582001429713336
method2,5.0,483.1,951.9317000000001,4.552771254274546,1.2645691110803488
method2,5.0,483.2,952.0317,4.55452758908554,1.27093807918936
method2,5.0,483.3,952.1317,4.55625857804406,1.2773146041298702
method2,5.0,483.4,952.2317,4.557989567002579,1.2836911290703765
method2,5.0,483.5,952.3317,4.55969517775314,1.290075109970135
method2,5.0,483.6,952.4317000000001,4.5614007885037005,1.2964590908698936
method2,5.0,483.7,952.5317,4.563080989092304,1.3028504267187
method2,5.0,483.8,952.6317,4.56476118968091,1.30924176256751
method2,5.0,483.9,952.7317,4.566415948555635,1.3156403522188551
method2,5.0,484.0,952.8317,4.568070707430361,1.3220389418702037
method2,5.0,484.1,952.9317000000001,4.569699993441922,1.3284446840427886
method2,5.0,484.2,953.0317,4.57132927945348,1.33485042621537
method2,5.0,484.3,953.1317,4.57293306185581,1.34126321949479
method2,5.0,484.4,953.2317,4.574536844258139,1.3476760127742065
method2,5.0,484.5,953.3317,4.57611509270896,1.354095755614505
method2,5.0,484.6,953.4317000000001,4.577693341159781,1.3605154984548036
method2,5.0,484.7,953.5317,4.57924602572115,1.36694208918008
method2,5.0,484.8,953.6317,4.58079871028252,1.37336867990536
method2,5.0,484.9,953.7317,4.582325801421415,1.379802016711435
method2,5.0,485.0,953.8317,4.583852892560311,1.3862353535175136
method2,5.0,485.1,953.9317000000001,4.585354361149136,1.3926753344734686
method2,5.0,485.2,954.0317,4.58685582973796,1.39911531542942
method2,5.0,485.3,954.1317,4.58833164705512,1.40556183847925
method2,5.0,485.4,954.2317,4.589807464372279,1.4120083615290762
method2,5.0,485.5,954.3317,4.5912576021027,1.41846132449333
method2,5.0,485.6,954.4317000000001,4.592707739833121,1.4249142874575838
method2,5.0,485.7,954.5317,4.594132170068775,1.431373588034905
method2,5.0,485.8,954.6317,4.59555660030443,1.43783288861223
method2,5.0,485.9,954.7317,4.596955295544865,1.444298424381085
method2,5.0,486.0,954.8317,4.598353990785301,1.4507639601499438
method2,5.0,486.1,954.9317000000001,4.599726923938161,1.4572356285701586
method2,5.0,486.2,955.0317,4.60109985709102,1.46370729699037
method2,5.0,486.3,955.1317,4.602447001472536,1.47018499540478
method2,5.0,486.4,955.2317,4.6037941458540494,1.4766626938191862
method2,5.0,486.5,955.3317,4.60511547518956,1.48314631945531
method2,5.0,486.6,955.4317000000001,4.606436804525071,1.4896299450914339
method2,5.0,486.7,955.5317,4.6077322929495,1.4961193950630252
method2,5.0,486.8,955.6317,4.60902778137393,1.50260884503462
method2,5.0,486.9,955.7317,4.610297403432295,1.50910401634336
method2,5.0,487.0,955.8317,4.611567025490661,1.5155991876521038
method2,5.0,487.1,955.9317000000001,4.6128107561385505,1.5220999771892287
method2,5.0,487.2,956.0317,4.61405448678644,1.52860076672635
method2,5.0,487.3,956.1317,4.615272301390485,1.535107071274245
method2,5.0,487.4,956.2317,4.616490115994529,1.5416133758221362
method2,5.0,487.5,956.3317,4.617681990332866,1.548125092056045
method2,5.0,487.6,956.4317000000001,4.618873864671201,1.5546368082899538
method2,5.0,487.7,956.5317,4.6200397749339555,1.561153832779545
method2,5.0,487.8,956.6317,4.62120568519671,1.56767085726914
method2,5.0,487.9,956.7317,4.622345607986436,1.5741930864801899
method2,5.0,488.0,956.8317,4.623485530776161,1.5807153156912437
method2,5.0,488.1,956.9317000000001,4.624599443108301,1.5872426459873037
method2,5.0,488.2,957.0317,4.62571335544044,1.59376997628336
method2,5.0,488.3,957.1317,4.62680123474376,1.6003023039273399
method2,5.0,488.4,957.2317,4.627889114047079,1.6068346315713162
method2,5.0,488.5,957.3317,4.628950938164115,1.61337185272719
method2,5.0,488.6,957.4317000000001,4.630012762281151,1.6199090738830637
method2,5.0,488.7,957.5317,4.63104850946863,1.62645108461749
method2,5.0,488.8,957.6317,4.63208425665611,1.63299309535192
method2,5.0,488.9,957.7317,4.63309390558539,1.6395397916359
method2,5.0,489.0,957.8317,4.634103554514671,1.6460864879198838
method2,5.0,489.1,957.9317000000001,4.6350870842721354,1.6526377656304287
method2,5.0,489.2,958.0317,4.6360706140296,1.65918904334097
method2,5.0,489.3,958.1317,4.63702800411709,1.665744798262745
method2,5.0,489.4,958.2317,4.637985394204579,1.6723005531845163
method2,5.0,489.5,958.3317,4.63891662453978,1.67886068101148
method2,5.0,489.6,958.4317000000001,4.639847854874981,1.6854208088384437
method2,5.0,489.7,958.5317,4.640752905791835,1.69198520517555
method2,5.0,489.8,958.6317,4.64165795670869,1.69854960151266
method2,5.0,489.9,958.7317,4.64253680895777,1.705118161877495
method2,5.0,490.0,958.8317,4.643415661206851,1.7116867222423338
method2,5.0,490.1,958.9317000000001,4.64426829595577,1.7182593420667587
method2,5.0,490.2,959.0317,4.64512093070469,1.72483196189118
method2,5.0,490.3,959.1317,4.6459473295384495,1.731408536523045
method2,5.0,490.4,959.2317,4.646773728372209,1.7379851111549063
method2,5.0,490.5,959.3317,4.647573873293595,1.744565535859675
method2,5.0,490.6,959.4317000000001,4.64837401821498,1.7511459605644437
method2,5.0,490.7,959.5317,4.64914789164491,1.75773013052687
method2,5.0,490.8,959.6317,4.64992176507484,1.7643143004893
method2,5.0,490.9,959.7317,4.650669349852735,1.770902110815125
method2,5.0,491.0,959.8317,4.65141693463063,1.7774899211409538
method2,5.0,491.1,959.9317000000001,4.65213821401474,1.7840812668585186
method2,5.0,491.2,960.0317,4.65285949339885,1.79067261257608
method2,5.0,491.3,960.1317,4.653554451066645,1.79726738863808
method2,5.0,491.4,960.2317,4.65424940873444,1.8038621647000763
method2,5.0,491.5,960.3317,4.65491802878289,1.8104602659851552
method2,5.0,491.6,960.4317000000001,4.65558664883134,1.8170583672702338
method2,5.0,491.7,960.5317,4.65622891577729,1.823659688584695
method2,5.0,491.8,960.6317,4.65687118272324,1.83026100989916
method2,5.0,491.9,960.7317,4.657487081503724,1.836865445978665
method2,5.0,492.0,960.8317,4.65810298028421,1.8434698820581739
method2,5.0,492.1,960.9317000000001,4.65869249625675,1.8500773275693787
method2,5.0,492.2,961.0317,4.65928201222929,1.85668477308058
method2,5.0,492.3,961.1317,4.659845131172225,1.86329512262285
method2,5.0,492.4,961.2317,4.66040825011516,1.8699054721651163
method2,5.0,492.5,961.3317,4.6609449582279545,1.876518620272185
method2,5.0,492.6,961.4317000000001,4.66148166634075,1.8831317683792537
method2,5.0,492.7,961.5317,4.661991950244275,1.889747609520885
method2,5.0,492.8,961.6317,4.6625022341478,1.89636345066252
method2,5.0,492.9,961.7317,4.66298608088463,1.90298187924628
method2,5.0,493.0,961.8317,4.66346992762146,1.9096003078300439
method2,5.0,493.1,961.9317000000001,4.663927324656165,1.9162212182028737
method2,5.0,493.2,962.0317,4.66438472169087,1.9228421285757
method2,5.0,493.3,962.1317,4.66481565691028,1.9294654150256751
method2,5.0,493.4,962.2317,4.66524659212969,1.9360887014756463
method2,5.0,493.5,962.3317,4.665651053843175,1.94271425823365
method2,5.0,493.6,962.4317000000001,4.66605551555666,1.9493398149916539
method2,5.0,493.7,962.5317,4.66643349249639,1.95596753623304
method2,5.0,493.8,962.6317,4.66681146943612,1.96259525747443
method2,5.0,493.9,962.7317,4.667162950757325,1.96922503732076
method2,5.0,494.0,962.8317,4.66751443207853,1.9758548171670938
method2,5.0,494.1,962.9317000000001,4.667839407359745,1.9824865496877788
method2,5.0,494.2,963.0317,4.66816438264096,1.98911828220846
method2,5.0,494.3,963.1317,4.668462841884275,1.995751861422485
method2,5.0,494.4,963.2317,4.66876130112759,2.0023854406365063
method2,5.0,494.5,963.3317,4.669033234758875,2.009020760514125
method2,5.0,494.6,963.4317000000001,4.66930516839016,2.0156560803917434
method2,5.0,494.7,963.5317,4.66955056725931,2.022293034856135
method2,5.0,494.8,963.6317,4.66979596612846,2.02892998932053
method2,5.0,494.9,963.7317,4.67001482150961,2.03556847224955
method2,5.0,495.0,963.8317,4.67023367689076,2.0422069551785738
method2,5.0,495.1,963.9317000000001,4.67042598048251,2.0488468604064236
method2,5.0,495.2,964.0317,4.67061828407426,2.05548676563427
method2,5.0,495.3,964.1317,4.670784027999855,2.062127986953175
method2,5.0,495.4,964.2317,4.67094977192545,2.0687692082720766
method2,5.0,495.5,964.3317,4.6710889487330345,2.0754116394340247
method2,5.0,495.6,964.4317000000001,4.67122812554062,2.082054070595974
method2,5.0,495.7,964.5317,4.6713407282033845,2.088697605314375
method2,5.0,495.8,964.6317,4.67145333086615,2.09534114003278
method2,5.0,495.9,964.7317,4.6715393527825455,2.10198567198421
method2,5.0,496.0,964.8317,4.67162537469894,2.108630203935644
method2,5.0,496.1,964.9317000000001,4.67168480969286,2.115275626761509
method2,5.0,496.2,965.0317,4.67174424468678,2.12192104958737
method2,5.0,496.3,965.1317,4.671777087007724,2.128567256895635
method2,5.0,496.4,965.2317,4.67180992932867,2.135213464203896
method2,5.0,496.5,965.3317,4.671816173651925,2.14186034957076
method2,5.0,496.6,965.4317000000001,4.67182241797518,2.148507234937624
method2,5.0,496.7,965.5317,4.671802059401975,2.15515469190925
method2,5.0,496.8,965.6317,4.67178170082877,2.16180214888088
method2,5.0,496.9,965.7317,4.671734734886435,2.168450070975095
method2,5.0,497.0,965.8317,4.6716877689441,2.175097993069314
method2,5.0,497.1,965.9317000000001,4.67161419158621,2.181746273777309
method2,5.0,497.2,966.0317,4.67154061422832,2.1883945544853
method2,5.0,497.3,966.1317,4.67144042183484,2.1950430872733353
method2,5.0,497.4,966.2317,4.67134022944136,2.201691620061366
method2,5.0,497.5,966.3317,4.67121341881879,2.208340298372475
method2,5.0,497.6,966.4317000000001,4.67108660819622,2.214988976683584
method2,5.0,497.7,966.5317,4.67093317657769,2.221637693939295
method2,5.0,497.8,966.6317,4.67077974495916,2.22828641119501
method2,5.0,497.9,966.7317,4.67059969000459,2.23493506079705
method2,5.0,498.0,966.8317,4.67041963505002,2.241583710399094
method2,5.0,498.1,966.9317000000001,4.6702129548462095,2.2482321857310787
method2,5.0,498.2,967.0317,4.6700062746424,2.25488066106306
method2,5.0,498.3,967.1317,4.669772967703145,2.26152885549224
method2,5.0,498.4,967.2317,4.66953966076389,2.268177049921416
method2,5.0,498.5,967.3317,4.669279726030085,2.27482485680035
method2,5.0,498.6,967.4317000000001,4.66901979129628,2.281472663679284
method2,5.0,498.7,967.5317,4.668733228136,2.288119976347565
method2,5.0,498.8,967.6317,4.66844666497572,2.29476728901585
method2,5.0,498.9,967.7317,4.66813347318432,2.301414000801835
method2,5.0,499.0,967.8317,4.66782028139292,2.308060712587824
method2,5.0,499.1,967.9317000000001,4.66748046119311,2.3147067168103037
method2,5.0,499.2,968.0317,4.6671406409933,2.32135272103278
method2,5.0,499.3,968.1317,4.666774193035215,2.327997911002745
method2,5.0,499.4,968.2317,4.66640774507713,2.334643100972706
method2,5.0,499.5,968.3317,4.6660146704384,2.341287369994995
method2,5.0,499.6,968.4317000000001,4.66562159579967,2.347931639017284
method2,5.0,499.7,968.5317,4.665201895985485,2.3545748803923603
method2,5.0,499.8,968.6317,4.6647821961713,2.36121812176744
method2,5.0,499.9,968.7317,4.6643358731144495,2.367860228793065
method2,5.0,500.0,968.8317,4.6638895500576,2.374502335818694
method2,5.0,500.1,968.9317000000001,4.663416606118525,2.3811432017916436
method2,5.0,500.2,969.0317,4.66294366217945,2.38778406776459
method2,5.0,500.3,969.1317,4.662444100146285,2.3944235859824
method2,5.0,500.4,969.2317,4.66194453811312,2.4010631042002064
method2,5.0,500.5,969.3317,4.66141836120172,2.407701167962855
method2,5.0,500.6,969.4317000000001,4.66089218429032,2.4143392317255037
method2,5.0,500.7,969.5317,4.660339396144286,2.4209757343371052
method2,5.0,500.8,969.6317,4.65978660799825,2.42761223694871
method2,5.0,500.9,969.7317,4.65920721268895,2.434247071719315
method2,5.0,501.0,969.8317,4.65862781737965,2.4408819064899236
method2,5.0,501.1,969.9317000000001,4.65802181940623,2.447514966737134
method2,5.0,501.2,970.0317,4.65741582143281,2.45414802698434
method2,5.0,501.3,970.1317,4.65678322572219,2.460779206035105
method2,5.0,501.4,970.2317,4.65615063001157,2.4674103850858664
method2,5.0,501.5,970.3317,4.6554914419184605,2.474039576278135
method2,5.0,501.6,970.4317000000001,4.65483225382535,2.4806687674704038
method2,5.0,501.7,970.5317,4.65414647913222,2.487295864154865
method2,5.0,501.8,970.6317,4.65346070443909,2.49392296083933
method2,5.0,501.9,970.7317,4.652748349356165,2.500547856381165
method2,5.0,502.0,970.8317,4.65203599427324,2.5071727519230036
method2,5.0,502.1,970.9317000000001,4.651297065438475,2.5137953397035386
method2,5.0,502.2,971.0317,4.65055813660371,2.52041792748407
method2,5.0,502.3,971.1317,4.64979264108276,2.527038100902525
method2,5.0,502.4,971.2317,4.64902714556181,2.5336582743209766
method2,5.0,502.5,971.3317,4.64823509084799,2.5402759267961947
method2,5.0,502.6,971.4317000000001,4.647443036134169,2.5468935792714134
method2,5.0,502.7,971.5317,4.646624430148416,2.5535086042435298
method2,5.0,502.8,971.6317,4.64580582416266,2.56012362921565
method2,5.0,502.9,971.7317,4.64496067525347,2.5667359201478748
method2,5.0,503.0,971.8317,4.6441155263442795,2.5733482110801034
method2,5.0,503.1,971.9317000000001,4.643243843287674,2.5799576614603734
method2,5.0,503.2,972.0317,4.64237216023107,2.58656711184064
method2,5.0,503.3,972.1317,4.64147395223051,2.59317361518336
method2,5.0,503.4,972.2317,4.640575744229951,2.5997801185260765
method2,5.0,503.5,972.3317,4.639651020916265,2.606383568373865
method2,5.0,503.6,972.4317000000001,4.638726297602579,2.6129870182216535
method2,5.0,503.7,972.5317,4.6377750690339,2.619587308146995
method2,5.0,503.8,972.6317,4.63682384046522,2.62618759807234
method2,5.0,503.9,972.7317,4.63584611712689,2.632784621679345
method2,5.0,504.0,972.8317,4.634868393788559,2.6393816452863534
method2,5.0,504.1,972.9317000000001,4.633864186593034,2.6459752962124736
method2,5.0,504.2,973.0317,4.63285997939751,2.65256894713859
method2,5.0,504.3,973.1317,4.63182929968428,2.65915911905631
method2,5.0,504.4,973.2317,4.630798619971051,2.6657492909740266
method2,5.0,504.5,973.3317,4.629741479506505,2.6723358775926
method2,5.0,504.6,973.4317000000001,4.628684339041959,2.6789224642111735
method2,5.0,504.7,973.5317,4.627600750019295,2.6855053592783147
method2,5.0,504.8,973.6317,4.62651716099663,2.69208825434546
method2,5.0,504.9,973.7317,4.625407136035729,2.698667351649085
method2,5.0,505.0,973.8317,4.624297111074829,2.7052464489527135
method2,5.0,505.1,973.9317000000001,4.623160663222124,2.711821642322634
method2,5.0,505.2,974.0317,4.62202421536942,2.71839683569255
method2,5.0,505.3,974.1317,4.620861358097775,2.7249680190021848
method2,5.0,505.4,974.2317,4.619698500826131,2.7315392023118164
method2,5.0,505.5,974.3317,4.61850924803468,2.73810626947992
method2,5.0,505.6,974.4317000000001,4.617319995243229,2.7446733366480234
method2,5.0,505.7,974.5317,4.61610436125725,2.751236181640385
method2,5.0,505.8,974.6317,4.61488872727127,2.75779902663275
method2,5.0,505.9,974.7317,4.613646726842026,2.76435754346392
method2,5.0,506.0,974.8317,4.612404726412779,2.7709160602950935
method2,5.0,506.1,974.9317000000001,4.611136374717329,2.7774701430300786
method2,5.0,506.2,975.0317,4.60986802302188,2.78402422576506
method2,5.0,506.3,975.1317,4.608573335662975,2.790573768521035
method2,5.0,506.4,975.2317,4.607278648304071,2.7971233112770064
method2,5.0,506.5,975.3317,4.6059576413098995,2.803668208225035
method2,5.0,506.6,975.4317000000001,4.604636634315729,2.8102131051730637
method2,5.0,506.7,975.5317,4.603289324139815,2.81675325053981
method2,5.0,506.8,975.6317,4.6019420139639,2.82329339590656
method2,5.0,506.9,975.7317,4.60056841748484,2.829828683975985
method2,5.0,507.0,975.8317,4.599194821005779,2.8363639720454135
method2,5.0,507.1,975.9317000000001,4.597794955527109,2.8428942971604836
method2,5.0,507.2,976.0317,4.59639509004844,2.84942462227555
method2,5.0,507.3,976.1317,4.5949689732983945,2.85594987883997
method2,5.0,507.4,976.2317,4.593542856548351,2.8624751354043863
method2,5.0,507.5,976.3317,4.592090506679665,2.8689952178842697
method2,5.0,507.6,976.4317000000001,4.5906381568109795,2.8755153003641536
method2,5.0,507.7,976.5317,4.589159592400685,2.8820301032897553
method2,5.0,507.8,976.6317,4.58768102799039,2.88854490621536
method2,5.0,507.9,976.7317,4.58617626803957,2.895054324182785
method2,5.0,508.0,976.8317,4.584671508088749,2.9015637421502136
method2,5.0,508.1,976.9317000000001,4.583140572022335,2.9080676698230885
method2,5.0,508.2,977.0317,4.58160963595592,2.91457159749596
method2,5.0,508.3,977.1317,4.58005254362242,2.92106992960719
method2,5.0,508.4,977.2317,4.578495451288921,2.9275682617184167
method2,5.0,508.5,977.3317,4.57691222296022,2.9340608930718353
method2,5.0,508.6,977.4317000000001,4.575328994631519,2.9405535244252534
method2,5.0,508.7,977.5317,4.5737196510026,2.947040349897345
method2,5.0,508.8,977.6317,4.57211030737368,2.95352717536944
method2,5.0,508.9,977.7317,4.57047486956236,2.96000808991108
method2,5.0,509.0,977.8317,4.568839431751039,2.9664890044527237
method2,5.0,509.1,977.9317000000001,4.567177921297739,2.9729639030908186
method2,5.0,509.2,978.0317,4.56551641084444,2.97943880172891
method2,5.0,509.3,978.1317,4.563828849711875,2.985907579568135
method2,5.0,509.4,978.2317,4.562141288579311,2.9923763574073563
method2,5.0,509.5,978.3317,4.560427699152245,2.99883890963184
method2,5.0,509.6,978.4317000000001,4.558714109725179,3.0053014618563236
method2,5.0,509.7,978.5317,4.5569745148101255,3.011757683731335
method2,5.0,509.8,978.6317,4.55523491989507,3.01821390560635
method2,5.0,509.9,978.7317,4.553469342719994,3.02466369248005
method2,5.0,510.0,978.8317,4.551703765544919,3.0311134793537535
method2,5.0,510.1,978.9317000000001,4.5499122297589585,3.037556726658819
method2,5.0,510.2,979.0317,4.548120693973,3.04399997396388
method2,5.0,510.3,979.1317,4.5463032236461505,3.050436577219235
method2,5.0,510.4,979.2317,4.544485753319301,3.0568731804745863
method2,5.0,510.5,979.3317,4.54264237294209,3.06330303528711
method2,5.0,510.6,979.4317000000001,4.540798992564879,3.0697328900996337
method2,5.0,510.7,979.5317,4.538929727048075,3.07615589216581
method2,5.0,510.8,979.6317,4.53706046153127,3.08257889423199
method2,5.0,510.9,979.7317,4.535165336205541,3.08899493933965
method2,5.0,511.0,979.8317,4.5332702108798095,3.0954109844473137
method2,5.0,511.1,979.9317000000001,4.5313492514953895,3.101819968477294
method2,5.0,511.2,980.0317,4.52942829211097,3.10822895250727
method2,5.0,511.3,980.1317,4.5274815248373255,3.11463077143509
method2,5.0,511.4,980.2317,4.525534757563681,3.1210325903629066
method2,5.0,511.5,980.3317,4.52356220898917,3.1274271402605103
method2,5.0,511.6,980.4317000000001,4.5215896604146595,3.1338216901581135
method2,5.0,511.7,980.5317,4.51959135754616,3.14020886719548
method2,5.0,511.8,980.6317,4.51759305467766,3.14659604423285
method2,5.0,511.9,980.7317,4.515569024940245,3.15297574467976
method2,5.0,512.0,980.8317,4.513544995202829,3.1593554451266734
method2,5.0,512.1,980.9317000000001,4.5114952664393595,3.1657275653543318
method2,5.0,512.2,981.0317,4.50944553767589,3.17209968558199
method2,5.0,512.3,981.1316999999999,4.507370138146673,3.1784641220647276
method2,5.0,512.4,981.2317,4.505294738617453,3.1848285585474727
method2,5.0,512.5,981.3317,4.503193696999835,3.1911852078644696
method2,5.0,512.6,981.4317000000001,4.501092655382218,3.197541857181467
method2,5.0,512.7,981.5317,4.498966000770243,3.203890616018347
method2,5.0,512.8,981.6316999999999,4.49683934615827,3.21023937485522
method2,5.0,512.9,981.7317,4.4946871080622355,3.216580140005785
method2,5.0,513.0,981.8317,4.4925348699662,3.22292090515635
method2,5.0,513.1,981.9317000000001,4.490357078312285,3.22925357352428
method2,5.0,513.2,982.0317,4.48817928665837,3.23558624189221
method2,5.0,513.3,982.1316999999999,4.485975971788222,3.2419107104926677
method2,5.0,513.4,982.2317,4.483772656918073,3.248235179093133
method2,5.0,513.5,982.3317,4.4815438495884,3.254551345054525
method2,5.0,513.6,982.4317000000001,4.479315042258727,3.2608675110159173
method2,5.0,513.7,982.5317,4.477060773640872,3.2671752715814772
method2,5.0,513.8,982.6316999999999,4.47480650502302,3.27348303214703
method2,5.0,513.9,982.7317,4.472526806702534,3.27978228467655
method2,5.0,514.0,982.8317,4.47024710838205,3.28608153720607
method2,5.0,514.1,982.9317000000001,4.46794201235825,3.292372179177565
method2,5.0,514.2,983.0317,4.46563691633445,3.29866282114906
method2,5.0,514.3,983.1316999999999,4.463306455020008,3.3049447501603977
method2,5.0,514.4,983.2317,4.460975993705563,3.311226679171743
method2,5.0,514.5,983.3317,4.45862019992601,3.317499792942375
method2,5.0,514.6,983.4317000000001,4.456264406146457,3.3237729067130073
method2,5.0,514.7,983.5317,4.453883313139792,3.3300371030855573
method2,5.0,514.8,983.6316999999999,4.45150222013313,3.3363012994581
method2,5.0,514.9,983.7317,4.449095861549295,3.34255647640009
method2,5.0,515.0,983.8317,4.44668950296546,3.34881165334208
method2,5.0,515.1,983.9317000000001,4.44425791286593,3.3550577089475553
method2,5.0,515.2,984.0317,4.4418263227664,3.36130376455303
method2,5.0,515.3,984.1316999999999,4.4393695356236575,3.3675405970442283
method2,5.0,515.4,984.2317,4.436912748480912,3.373777429535433
method2,5.0,515.5,984.3317,4.4344307991780045,3.38000493726447
method2,5.0,515.6,984.4317000000001,4.431948849875098,3.386232444993507
method2,5.0,515.7,984.5317,4.429441773705133,3.392450526443977
method2,5.0,515.8,984.6316999999999,4.42693469753517,3.39866860789444
method2,5.0,515.9,984.7317,4.42440253020083,3.404877161683115
method2,5.0,516.0,984.8317,4.42187036286649,3.41108571547179
method2,5.0,516.1,984.9317000000001,4.41931314047953,3.41728464035025
method2,5.0,516.2,985.0317,4.41675591809257,3.42348356522871
method2,5.0,516.3,985.1316999999999,4.414173677173293,3.429672760085008
method2,5.0,516.4,985.2317,4.411591436254013,3.4358619549413127
method2,5.0,516.5,985.3317,4.4089842137307755,3.442041318801635
method2,5.0,516.6,985.4317000000001,4.406376991207537,3.4482206826619572
method2,5.0,516.7,985.5317,4.403744824416237,3.454390114692197
method2,5.0,516.8,985.6316999999999,4.40111265762494,3.46055954672243
method2,5.0,516.9,985.7317,4.39845558430846,3.4667189462299453
method2,5.0,517.0,985.8317,4.39579851099198,3.47287834573746
method2,5.0,517.1,985.9317000000001,4.393116569299675,3.47902761217262
method2,5.0,517.2,986.0317,4.39043462760737,3.48517687860778
method2,5.0,517.3,986.1316999999999,4.387727856094518,3.491315911565663
method2,5.0,517.4,986.2317,4.385021084581663,3.497454944523553
method2,5.0,517.5,986.3317,4.38228952220892,3.503583643745575
method2,5.0,517.6,986.4317000000001,4.379557959836176,3.509712342967597
method2,5.0,517.7,986.5317,4.376801645969037,3.515830608343107
method2,5.0,517.8,986.6316999999999,4.3740453321019,3.52194887371861
method2,5.0,517.9,986.7317,4.371264306510096,3.5280566052865803
method2,5.0,518.0,986.8317,4.36848328091829,3.53416433685455
method2,5.0,518.1,986.9317000000001,4.36567758377528,3.540261434805185
method2,5.0,518.2,987.0317,4.36287188663227,3.54635853275582
method2,5.0,518.3,987.1316999999999,4.360041558514618,3.552444897432163
method2,5.0,518.4,987.2317,4.357211230396963,3.558531262108513
method2,5.0,518.5,987.3317,4.354356312283775,3.5646067940081547
method2,5.0,518.6,987.4317000000001,4.351501394170587,3.570682325907797
method2,5.0,518.7,987.5317,4.348621927442942,3.576746925684372
method2,5.0,518.8,987.6316999999999,4.3457424607153,3.58281152546094
method2,5.0,518.9,987.7317,4.342838487155625,3.5888650939258753
method2,5.0,519.0,987.8317,4.33993451359595,3.59491866239081
method2,5.0,519.1,987.9317000000001,4.33700607538744,3.600961100514875
method2,5.0,519.2,988.0317,4.33407763717893,3.60700353863894
method2,5.0,519.3,988.1316999999999,4.331124776904943,3.613034747553883
method2,5.0,519.4,988.2317,4.328171916630954,3.6190659564688334
method2,5.0,519.5,988.3317,4.32519467727438,3.625085837469025
method2,5.0,519.6,988.4317000000001,4.322217437917806,3.631105718469217
method2,5.0,519.7,988.5317,4.319215862860476,3.6371141730132117
method2,5.0,519.8,988.6316999999999,4.31621428780315,3.6431226275572
method2,5.0,519.9,988.7317,4.313188420825179,3.6491195572693798
method2,5.0,520.0,988.8317,4.31016255384721,3.65511648698156
method2,5.0,520.1,988.9317000000001,4.307112439126385,3.6611017936537653
method2,5.0,520.2,989.0317,4.30406232440556,3.66708710032597
method2,5.0,520.3,989.1316999999999,4.300988006516704,3.673060685919048
method2,5.0,520.4,989.2317,4.297913688627844,3.6790342715121334
method2,5.0,520.5,989.3317,4.294815212542135,3.684996038157635
method2,5.0,520.6,989.4317000000001,4.291716736456427,3.6909578048031366
method2,5.0,520.7,989.5317,4.288594147540797,3.6969076548047966
method2,5.0,520.8,989.6316999999999,4.28547155862517,3.70285750480645
method2,5.0,520.9,989.7317,4.282324902641616,3.70879534064189
method2,5.0,521.0,989.8317,4.27917824665806,3.71473317647733
method2,5.0,521.1,989.9317000000001,4.27600756976298,3.72065890079962
method2,5.0,521.2,990.0317,4.2728368928679,3.72658462512191
method2,5.0,521.3,990.1316999999999,4.269642241611439,3.732498140761148
method2,5.0,521.4,990.2317,4.266447590354973,3.7384116564003933
method2,5.0,521.5,990.3317,4.263229011680305,3.74431286636533
method2,5.0,521.6,990.4317000000001,4.260010433005636,3.7502140763302667
method2,5.0,521.7,990.5317,4.256767974248336,3.7561028838098567
method2,5.0,521.8,990.6316999999999,4.25352551549104,3.76199169128944
method2,5.0,521.9,990.7317,4.25025922437835,3.76786799965447
method2,5.0,522.0,990.8317,4.24699293326566,3.7737443080195
method2,5.0,522.1,990.9317000000001,4.24370285791581,3.7796080208241403
method2,5.0,522.2,991.0317,4.24041278256596,3.78547173362878
method2,5.0,522.3,991.1316999999999,4.237098971487459,3.7913227546121786
method2,5.0,522.4,991.2317,4.233785160408954,3.7971737755955832
method2,5.0,522.5,991.3317,4.23044766249988,3.803012008683465
method2,5.0,522.6,991.4317000000001,4.2271101645908065,3.8088502417713466
method2,5.0,522.7,991.5317,4.223749029138096,3.8146755910775516
method2,5.0,522.8,991.6316999999999,4.22038789368539,3.82050094038375
method2,5.0,522.9,991.7317,4.217003170364105,3.826313310211825
method2,5.0,523.0,991.8317,4.21361844704282,3.8321256800399
method2,5.0,523.1,991.9317000000001,4.210210185915435,3.8379249748846798
method2,5.0,523.2,992.0317,4.20680192478805,3.84372426972946
method2,5.0,523.3,992.1316999999999,4.203370176303694,3.8495103942786284
method2,5.0,523.4,992.2317,4.199938427819333,3.8552965188278034
method2,5.0,523.5,992.3317,4.19648324281306,3.861069377963465
method2,5.0,523.6,992.4317000000001,4.193028057806787,3.8668422370991267
method2,5.0,523.7,992.5317,4.189549487498836,3.8726017358993317
method2,5.0,523.8,992.6316999999999,4.18607091719089,3.87836123469953
method2,5.0,523.9,992.7317,4.182569013185921,3.884107278439895
method2,5.0,524.0,992.8317,4.17906710918095,3.88985332218026
method2,5.0,524.1,992.9317000000001,4.175541923467286,3.89558581633547
method2,5.0,524.2,993.0317,4.17201673775362,3.90131831049068
method2,5.0,524.3,993.1316999999999,4.168468322702465,3.9070371607360737
method2,5.0,524.4,993.2317,4.164919907651305,3.9127560109814734
method2,5.0,524.5,993.3317,4.1613483160159905,3.91846112319461
method2,5.0,524.6,993.4317000000001,4.157776724380676,3.9241662354077467
method2,5.0,524.7,993.5317,4.154182009295881,3.9298575156698914
method2,5.0,524.8,993.6316999999999,4.15058729421109,3.93554879593203
method2,5.0,524.9,993.7317,4.14696950919204,3.94122615052975
method2,5.0,525.0,993.8317,4.14335172417299,3.94690350512747
method2,5.0,525.1,993.9317000000001,4.139710923114685,3.9525668405541747
method2,5.0,525.2,994.0317,4.13607012205638,3.95823017598088
method2,5.0,525.3,994.1316999999999,4.132406359232769,3.963879398938334
method2,5.0,525.4,994.2317,4.128742596409155,3.969528621895794
method2,5.0,525.5,994.3317,4.125055926472346,3.975163639295695
method2,5.0,525.6,994.4317000000001,4.1213692565355355,3.980798656695596
method2,5.0,525.7,994.5317,4.117659734515011,3.9864193756610313
method2,5.0,525.8,994.6316999999999,4.11395021249449,3.99204009462646
method2,5.0,525.9,994.7317,4.11021789379623,3.997646422493535
method2,5.0,526.0,994.8317,4.10648557509797,4.00325275036061
method2,5.0,526.1,994.9317000000001,4.102730515503685,4.008844594679885
method2,5.0,526.2,995.0317,4.0989754559094,4.01443643899916
method2,5.0,526.3,995.1316999999999,4.095197711575669,4.020013707537238
method2,5.0,526.4,995.2317,4.091419967241935,4.025590976075324
method2,5.0,526.5,995.3317,4.08761959469938,4.031153576816346
method2,5.0,526.6,995.4317000000001,4.0838192221568255,4.036716177557366
method2,5.0,526.7,995.5317,4.079996278309281,4.042264018704501
method2,5.0,526.8,995.6316999999999,4.07617333446174,4.04781185985163
method2,5.0,526.9,995.7317,4.0723278765853745,4.053344849828646
method2,5.0,527.0,995.8317,4.06848241870901,4.05887783980566
method2,5.0,527.1,995.9317000000001,4.064614504451505,4.064395887258375
method2,5.0,527.2,996.0317,4.060746590194,4.06991393471109
method2,5.0,527.3,996.1316999999999,4.056856277573679,4.075416948508914
method2,5.0,527.4,996.2317,4.052965964953354,4.080919962306743
method2,5.0,527.5,996.3317,4.049053312358285,4.08640785154421
method2,5.0,527.6,996.4317000000001,4.045140659763216,4.091895740781676
method2,5.0,527.7,996.5317,4.041205725950405,4.097368414779841
method2,5.0,527.8,996.6316999999999,4.0372707921376,4.102841088778
method2,5.0,527.9,996.7317,4.0333136362320445,4.108298457086065
method2,5.0,528.0,996.8317,4.02935648032649,4.11375582539413
method2,5.0,528.1,996.9317000000001,4.02537716182034,4.119197797790835
method2,5.0,528.2,997.0317,4.02139784331419,4.12463977018754
method2,5.0,528.3,997.1316999999999,4.0173964220658345,4.130066256682704
method2,5.0,528.4,997.2317,4.013395000817474,4.135492743177874
method2,5.0,528.5,997.3317,4.009371537050645,4.140903654013901
method2,5.0,528.6,997.4317000000001,4.005348073283815,4.146314564849926
method2,5.0,528.7,997.5317,4.0013026275867,4.151709810503211
method2,5.0,528.8,997.6316999999999,3.99725718188959,4.15710505615649
method2,5.0,528.9,997.7317,3.993189815213915,4.1624845473389644
method2,5.0,529.0,997.8317,3.98912244853824,4.16786403852144
method2,5.0,529.1,997.9317000000001,3.98503322219835,4.173227686182045
method2,5.0,529.2,998.0317,3.98094399585846,4.17859133384265
method2,5.0,529.3,998.1316999999999,3.9768329715303996,4.183939049168764
method2,5.0,529.4,998.2317,3.9727219472023347,4.1892867644948835
method2,5.0,529.5,998.3317,3.9685891869229097,4.19461845891386
method2,5.0,529.6,998.4317000000001,3.964456426643485,4.1999501533328365
method2,5.0,529.7,998.5317,3.9603019928093754,4.205265738513381
method2,5.0,529.8,998.6316999999999,3.95614755897527,4.21058132369392
method2,5.0,529.9,998.7317,3.951971514342045,4.21588071154763
method2,5.0,530.0,998.8317,3.94779546970882,4.22118009940134
method2,5.0,530.1,998.9317000000001,3.943597877389985,4.22646320208413
method2,5.0,530.2,999.0317,3.93940028507115,4.23174630476692
method2,5.0,530.3,999.1316999999999,3.9351812085372546,4.237013034680469
method2,5.0,530.4,999.2317,3.930962132003355,4.242279764594024
method2,5.0,530.5,999.3317,3.9267216350809697,4.24753003438726
method2,5.0,530.6,999.4317000000001,3.922481138158585,4.252780304180496
method2,5.0,530.7,999.5317,3.9182192850293953,4.2580140267509865
method2,5.0,530.8,999.6316999999999,3.91395743190021,4.26324774932147
method2,5.0,530.9,999.7317,3.909674287100005,4.268464837816911
method2,5.0,531.0,999.8317,3.9053911422998,4.27368192631235
method2,5.0,531.1,999.9317000000001,3.90108677071752,4.278882294132005
method2,5.0,531.2,1000.0317,3.89678239913524,4.28408266195166
method2,5.0,531.3,1000.1316999999999,3.892456866012,4.289266222747764
method2,5.0,531.4,1000.2317,3.888131332888755,4.2944497835438735
method2,5.0,531.5,1000.3317,3.88378470381683,4.2996164512231
method2,5.0,531.6,1000.4317000000001,3.8794380747449053,4.304783118902326
method2,5.0,531.7,1000.5317,3.87507041566678,4.3099328076271854
method2,5.0,531.8,1000.6316999999999,3.87070275658866,4.31508249635204
method2,5.0,531.9,1000.7317,3.86631413379601,4.32021512054233
method2,5.0,532.0,1000.8317,3.86192551100336,4.32534774473262
method2,5.0,532.1,1000.9317000000001,3.85751599113605,4.33046321906681
method2,5.0,532.2,1001.0317,3.85310647126874,4.335578693401
method2,5.0,532.3,1001.1316999999999,3.8486761213138,4.340676932817689
method2,5.0,532.4,1001.2317,3.844245771358855,4.345775172234384
method2,5.0,532.5,1001.3317,3.83979465864949,4.35085609193371
method2,5.0,532.6,1001.4317000000001,3.835343545940125,4.355937011633035
method2,5.0,532.7,1001.5317,3.830871738154685,4.361000527078035
method2,5.0,532.8,1001.6316999999999,3.82639993036925,4.36606404252303
method2,5.0,532.9,1001.7317,3.821907495530205,4.371110069441086
method2,5.0,533.0,1001.8317,3.81741506069116,4.37615609635914
method2,5.0,533.1,1001.9317000000001,3.81290206716407,4.38118455074338
method2,5.0,533.2,1002.0317,3.80838907363698,4.38621300512762
method2,5.0,533.3,1002.1316999999999,3.8038555901294404,4.391223803238299
method2,5.0,533.4,1002.2317,3.7993221066218954,4.396234601348985
method2,5.0,533.5,1002.3317,3.794768202182505,4.4012276597149
method2,5.0,533.6,1002.4317000000001,3.790214297743115,4.4062207180808155
method2,5.0,533.7,1002.5317,3.7856400417604648,4.411195953500646
method2,5.0,533.8,1002.6316999999999,3.78106578577782,4.41617118892047
method2,5.0,533.9,1002.7317,3.776471247979355,4.421128518464215
method2,5.0,534.0,1002.8317,3.77187671018089,4.42608584800796
method2,5.0,534.1,1002.9317000000001,3.767261960631935,4.4310251890182855
method2,5.0,534.2,1003.0317,3.76264721108298,4.43596453002861
method2,5.0,534.3,1003.1316999999999,3.7580123201856153,4.440885800122249
method2,5.0,534.4,1003.2317,3.7533774292882454,4.445807070215895
method2,5.0,534.5,1003.3317,3.74872246778024,4.450710187285015
method2,5.0,534.6,1003.4317000000001,3.7440675062722346,4.455613304354135
method2,5.0,534.7,1003.5317,3.7393925452260346,4.460498186567656
method2,5.0,534.8,1003.6316999999999,3.73471758417984,4.46538306878117
method2,5.0,534.9,1003.7317,3.7300226950013853,4.470249634586205
method2,5.0,535.0,1003.8317,3.72532780582293,4.47511620039124
method2,5.0,535.1,1003.9317000000001,3.72061306025065,4.479964368514415
method2,5.0,535.2,1004.0317,3.71589831467837,4.48481253663759
method2,5.0,535.3,1004.1316999999999,3.7111637847820456,4.489642226086374
method2,5.0,535.4,1004.2317,3.706429254885715,4.494471915535165
method2,5.0,535.5,1004.3317,3.70167501306537,4.4992830455993005
method2,5.0,535.6,1004.4317000000001,3.6969207712450247,4.504094175663435
method2,5.0,535.7,1004.5317,3.6921468902298797,4.508886665916175
method2,5.0,535.8,1004.6316999999999,3.68737300921474,4.51367915616891
method2,5.0,535.9,1004.7317,3.68257956206204,4.518452926468459
method2,5.0,536.0,1004.8317,3.67778611490934,4.52322669676801
method2,5.0,536.1,1004.9317000000001,3.6729731750032597,4.527981667258805
method2,5.0,536.2,1005.0317,3.66816023509718,4.5327366377496
method2,5.0,536.3,1005.1316999999999,3.6633278761477355,4.537472728863639
method2,5.0,536.4,1005.2317,3.6584955171982854,4.542208819977684
method2,5.0,536.5,1005.3317,3.6536438132401203,4.546925952435925
method2,5.0,536.6,1005.4317000000001,3.648792109281955,4.551643084894165
method2,5.0,536.7,1005.5317,3.6439211346733247,4.556341179707751
method2,5.0,536.8,1005.6316999999999,3.6390501600647,4.56103927452133
method2,5.0,536.9,1005.7317,3.634159989486255,4.5657182529929745
method2,5.0,537.0,1005.8317,3.62926981890781,4.57039723146462
method2,5.0,537.1,1005.9317000000001,3.6243605273614596,4.575057015189925
method2,5.0,537.2,1006.0317,3.61945123581511,4.57971679891523
method2,5.0,537.3,1006.1316999999999,3.6145228986229054,4.58435730978394
method2,5.0,537.4,1006.2317,3.6095945614306957,4.588997820652654
method2,5.0,537.5,1006.3317,3.604647254233635,4.593618980850055
method2,5.0,537.6,1006.4317000000001,3.5996999470365743,4.598240141047455
method2,5.0,537.7,1006.5317,3.594733745793499,4.602841873055565
method2,5.0,537.8,1006.6316999999999,3.58976754455043,4.60744360506367
method2,5.0,537.9,1006.7317,3.58478252553682,4.6120258316626295
method2,5.0,538.0,1006.8317,3.57979750652321,4.61660805826159
method2,5.0,538.1,1006.9317000000001,3.574793746330005,4.62117070253092
method2,5.0,538.2,1007.0317,3.5697899861368,4.62573334680025
method2,5.0,538.3,1007.1316999999999,3.5647675616692656,4.630276332120115
method2,5.0,538.4,1007.2317,3.559745137201726,4.634819317439985
method2,5.0,538.5,1007.3317,3.554704125678235,4.639342567492536
method2,5.0,538.6,1007.4317000000001,3.549663114154744,4.643865817545086
method2,5.0,538.7,1007.5317,3.5446035931056192,4.64836925631568
method2,5.0,538.8,1007.6316999999999,3.5395440720565,4.65287269508627
method2,5.0,538.9,1007.7317,3.534466119322815,4.657356246864779
method2,5.0,539.0,1007.8317,3.52938816658913,4.66183979864329
method2,5.0,539.1,1007.9317000000001,3.5242918603214903,4.666303388025365
method2,5.0,539.2,1008.0317,3.51919555405385,4.67076697740744
method2,5.0,539.3,1008.1316999999999,3.514080972711236,4.67521052929576
method2,5.0,539.4,1008.2317,3.5089663913686158,4.6796540811840845
method2,5.0,539.5,1008.3317,3.503833613717135,4.6840775207896606
method2,5.0,539.6,1008.4317000000001,3.4987008360656544,4.688500960395236
method2,5.0,539.7,1008.5317,3.4935499411773594,4.6929042132386005
method2,5.0,539.8,1008.6316999999999,3.48839904628907,4.69730746608196
method2,5.0,539.9,1008.7317,3.48323011354073,4.70169045799447
method2,5.0,540.0,1008.8317,3.47806118079239,4.70607344990698
method2,5.0,540.1,1008.9317000000001,3.472874289864275,4.710436107032045
method2,5.0,540.2,1009.0317,3.46768739893616,4.71479876415711
method2,5.0,540.3,1009.1316999999999,3.462482629810796,4.719141012951445
method2,5.0,540.4,1009.2317,3.457277860685426,4.723483261745785
method2,5.0,540.5,1009.3317,3.45205529364638,4.7278050289806295
method2,5.0,540.6,1009.4317000000001,3.4468327266073344,4.732126796215475
method2,5.0,540.7,1009.5317,3.4415924422379893,4.736428008977825
method2,5.0,540.8,1009.6316999999999,3.43635215786865,4.74072922174017
method2,5.0,540.9,1009.7317,3.431094237050935,4.74500980743402
method2,5.0,541.0,1009.8317,3.42583631623322,4.74929039312787
method2,5.0,541.1,1009.9317000000001,3.420560840146385,4.75355027947543
method2,5.0,541.2,1010.0317,3.41528536405955,4.75781016582299
method2,5.0,541.3,1010.1316999999999,3.409992414178906,4.762049280865895
method2,5.0,541.4,1010.2317,3.404699464298256,4.766288395908806
method2,5.0,541.5,1010.3317,3.3993891223938997,4.770506668009345
method2,5.0,541.6,1010.4317000000001,3.3940787804895436,4.774724940109884
method2,5.0,541.7,1010.5317,3.3887511286251537,4.778922297952165
method2,5.0,541.8,1010.6316999999999,3.38342347676077,4.78311965579444
method2,5.0,541.9,1010.7317,3.378078597292265,4.78729602838566
method2,5.0,542.0,1010.8317,3.37273371782376,4.79147240097688
method2,5.0,542.1,1010.9317000000001,3.367371693398085,4.795627717648459
method2,5.0,542.2,1011.0317,3.36200966897241,4.79978303432004
method2,5.0,542.3,1011.1316999999999,3.3566305825262313,4.80391722472885
method2,5.0,542.4,1011.2317,3.3512514960800464,4.808051415137665
method2,5.0,542.5,1011.3317,3.345855430838465,4.812164409267215
method2,5.0,542.6,1011.4317000000001,3.340459365596884,4.816277403396764
method2,5.0,542.7,1011.5317,3.335046405072199,4.82036913155834
method2,5.0,542.8,1011.6316999999999,3.32963344454752,4.82446085971991
method2,5.0,542.9,1011.7317,3.324203672537855,4.8285312525538195
method2,5.0,543.0,1011.8317,3.31877390052819,4.83260164538773
method2,5.0,543.1,1011.9317000000001,3.313327401116275,4.836650633864435
method2,5.0,543.2,1012.0317,3.30788090170436,4.84069962234114
method2,5.0,543.3,1012.1316999999999,3.302417759256201,4.8447271377624
method2,5.0,543.4,1012.2317,3.296954616808036,4.848754653183666
method2,5.0,543.5,1012.3317,3.2914749159715653,4.85276062718378
method2,5.0,543.6,1012.4317000000001,3.285995215135094,4.856766601183894
method2,5.0,543.7,1012.5317,3.2804990408389587,4.860750965730754
method2,5.0,543.8,1012.6316999999999,3.27500286654283,4.86473533027761
method2,5.0,543.9,1012.7317,3.26949030399498,4.868698017673941
method2,5.0,544.0,1012.8317,3.26397774144713,4.87266070507027
method2,5.0,544.1,1012.9317000000001,3.258448876133555,4.876601647954715
method2,5.0,544.2,1013.0317,3.25292001081998,4.88054259083916
method2,5.0,544.3,1013.1316999999999,3.247374928503376,4.884461722187456
method2,5.0,544.4,1013.2317,3.241829846186766,4.888380853535756
method2,5.0,544.5,1013.3317,3.2362686329051646,4.89227810666188
method2,5.0,544.6,1013.4317000000001,3.2307074196235637,4.896175359788004
method2,5.0,544.7,1013.5317,3.2251301616890835,4.900050668345244
method2,5.0,544.8,1013.6316999999999,3.21955290375461,4.90392597690248
method2,5.0,544.9,1013.7317,3.21395968775204,4.907779274884625
method2,5.0,545.0,1013.8317,3.20836647174947,4.91163257286677
method2,5.0,545.1,1013.9317000000001,3.2027573845349453,4.915463794609205
method2,5.0,545.2,1014.0317,3.19714829732042,4.91929501635164
method2,5.0,545.3,1014.1316999999999,3.1915234260201166,4.923104096532436
method2,5.0,545.4,1014.2317,3.1858985547198064,4.926913176713236
method2,5.0,545.5,1014.3317,3.1802579867285,4.930700050354336
method2,5.0,545.6,1014.4317000000001,3.174617418737194,4.9344869239954345
method2,5.0,545.7,1014.5317,3.1689612417170188,4.938251526463649
method2,5.0,545.8,1014.6316999999999,3.16330506469685,4.94201612893186
method2,5.0,545.9,1014.7317,3.15763336657586,4.94575839594005
method2,5.0,546.0,1014.8317,3.15196166845487,4.94950066294824
method2,5.0,546.1,1014.9317000000001,3.146274537425665,4.95322053055639
method2,5.0,546.2,1015.0317,3.14058740639646,4.95694039816454
method2,5.0,546.3,1015.1316999999999,3.1348849309148767,4.960637802780815
method2,5.0,546.4,1015.2317,3.1291824554332868,4.964335207397095
method2,5.0,546.5,1015.3317,3.12346472421696,4.96801008577898
method2,5.0,546.6,1015.4317000000001,3.117746993000633,4.971684964160865
method2,5.0,546.7,1015.5317,3.1120140950276736,4.975337253416174
method2,5.0,546.8,1015.6316999999999,3.10628119705472,4.97898954267148
method2,5.0,546.9,1015.7317,3.1005332215622854,4.98261918025949
method2,5.0,547.0,1015.8317,3.09478524606985,4.9862488178475
method2,5.0,547.1,1015.9317000000001,3.089022282552775,4.989855741579985
method2,5.0,547.2,1016.0317,3.0832593190357,4.99346266531247
method2,5.0,547.3,1016.1316999999999,3.0774814572451117,4.997046813354756
method2,5.0,547.4,1016.2317,3.0717035954545167,5.000630961397046
method2,5.0,547.5,1016.3317,3.06591092539642,5.004192272269095
method2,5.0,547.6,1016.4317000000001,3.0601182553383235,5.007753583141144
method2,5.0,547.7,1016.5317,3.0543108672722137,5.011291995718569
method2,5.0,547.8,1016.6316999999999,3.04850347920611,5.01483040829599
method2,5.0,547.9,1016.7317,3.0426814636435653,5.0183458618111345
method2,5.0,548.0,1016.8317,3.03685944808102,5.02186131532628
method2,5.0,548.1,1016.9317000000001,3.0310228957843,5.02535374936922
method2,5.0,548.2,1017.0317,3.02518634348758,5.02884618341216
method2,5.0,548.3,1017.1316999999999,3.0193353454681815,5.032315537931771
method2,5.0,548.4,1017.2317,3.0134843474487765,5.035784892451386
method2,5.0,548.5,1017.3317,3.00761899496604,5.039231107756365
method2,5.0,548.6,1017.4317000000001,3.0017536424833033,5.042677323061343
method2,5.0,548.7,1017.5317,2.995874027042998,5.046100339821189
method2,5.0,548.8,1017.6316999999999,2.9899944116027,5.04952335658103
method2,5.0,548.9,1017.7317,2.9841006249555804,5.0529231158271255
method2,5.0,549.0,1017.8317,2.97820683830846,5.05632287507322
method2,5.0,549.1,1017.9317000000001,2.972298972448835,5.059699318199785
method2,5.0,549.2,1018.0317,2.96639110658921,5.06307576132635
method2,5.0,549.3,1018.1316999999999,2.9604692537535167,5.066428830091486
method2,5.0,549.4,1018.2317,2.9545474009178165,5.069781898856626
method2,5.0,549.5,1018.3317,2.948611653583165,5.073111535383305
method2,5.0,549.6,1018.4317000000001,2.9426759062485135,5.076441171909983
method2,5.0,549.7,1018.5317,2.9367263571312834,5.079747318687014
method2,5.0,549.8,1018.6316999999999,2.93077680801406,5.08305346546404
method2,5.0,549.9,1018.7317,2.9248135500684,5.086336065347105
method2,5.0,550.0,1018.8317,2.91885029212274,5.08961866523017
method2,5.0,550.1,1018.9317000000001,2.912873418539155,5.092877661442755
method2,5.0,550.2,1019.0317,2.90689654495557,5.09613665765534
method2,5.0,550.3,1019.1316999999999,2.900906149159447,5.099371993789757
method2,5.0,550.4,1019.2317,2.8949157533633167,5.102607329924177
method2,5.0,550.5,1019.3317,2.888911929013455,5.10581894994252
method2,5.0,550.6,1019.4317000000001,2.8829081046635934,5.109030569960863
method2,5.0,550.7,1019.5317,2.876890945650798,5.112218418195943
method2,5.0,550.8,1019.6316999999999,2.87087378663801,5.11540626643102
method2,5.0,550.9,1019.7317,2.8648433870835497,5.118570287587374
method2,5.0,551.0,1019.8317,2.85881298752909,5.12173430874373
method2,5.0,551.1,1019.9317000000001,2.852769441783265,5.1248744478985255
method2,5.0,551.2,1020.0317,2.84672589603744,5.12801458705332
method2,5.0,551.3,1020.1316999999999,2.840669298678112,5.131130789657352
method2,5.0,551.4,1020.2317,2.834612701318777,5.134246992261386
method2,5.0,551.5,1020.3317,2.828543147149845,5.137339204139985
method2,5.0,551.6,1020.4317000000001,2.822473592980913,5.1404314160185836
method2,5.0,551.7,1020.5317,2.816391177030918,5.143499583372543
method2,5.0,551.8,1020.6316999999999,2.81030876108093,5.1465677507265
method2,5.0,551.9,1020.7317,2.80421357860146,5.14961182013304
method2,5.0,552.0,1020.8317,2.79811839612199,5.15265588953958
method2,5.0,552.1,1020.9317000000001,2.7920105425862802,5.155675807953255
method2,5.0,552.2,1021.0317,2.78590268905057,5.15869572636693
method2,5.0,552.3,1021.1316999999999,2.779782260151967,5.1616914411205315
method2,5.0,552.4,1021.2317,2.773661831253357,5.1646871558741365
method2,5.0,552.5,1021.3317,2.76752892290377,5.167658614679645
method2,5.0,552.6,1021.4317000000001,2.7613960145541827,5.170630073485153
method2,5.0,552.7,1021.5317,2.755250722882718,5.1735772244345934
method2,5.0,552.8,1021.6316999999999,2.74910543121126,5.17652437538403
method2,5.0,552.9,1021.7317,2.74294785256257,5.179447166950415
method2,5.0,553.0,1021.8317,2.73679027391388,5.1823699585168
method2,5.0,553.1,1021.9317000000001,2.73062050484674,5.185268339555
method2,5.0,553.2,1022.0317,2.7244507357796,5.1881667205932
method2,5.0,553.3,1022.1316999999999,2.718268873065377,5.191040640340827
method2,5.0,553.4,1022.2317,2.712087010351147,5.193914560088457
method2,5.0,553.5,1022.3317,2.70589315097223,5.196763968166801
method2,5.0,553.6,1022.4317000000001,2.699699291593313,5.199613376245144
method2,5.0,553.7,1022.5317,2.693493532741693,5.202438222659959
method2,5.0,553.8,1022.6316999999999,2.68728777389008,5.20526306907477
method2,5.0,553.9,1022.7317,2.68107021296575,5.208063304217211
method2,5.0,554.0,1022.8317,2.67485265204142,5.21086353935965
method2,5.0,554.1,1022.9317000000001,2.66862338665085,5.21363911400713
method2,5.0,554.2,1023.0317,2.66239412126028,5.21641468865461
method2,5.0,554.3,1023.1316999999999,2.656153249214927,5.219165553971627
method2,5.0,554.4,1023.2317,2.649912377169567,5.221916419288647
method2,5.0,554.5,1023.3317,2.64365999648428,5.224642526827685
method2,5.0,554.6,1023.4317000000001,2.6374076157989927,5.227368634366723
method2,5.0,554.7,1023.5317,2.6311438246905476,5.230069936069038
method2,5.0,554.8,1023.6316999999999,2.62488003358211,5.23277123777135
method2,5.0,554.9,1023.7317,2.61860493046761,5.235447685967855
method2,5.0,555.0,1023.8317,2.61232982735311,5.23812413416436
method2,5.0,555.1,1023.9317000000001,2.60604351084845,5.240775681576455
method2,5.0,555.2,1024.0317,2.59975719434379,5.24342722898855
method2,5.0,555.3,1024.1317,2.5934597632621372,5.246053828728923
method2,5.0,555.4,1024.2317,2.587162332180477,5.248680428469298
method2,5.0,555.5,1024.3317,2.5808538855306673,5.251282034042777
method2,5.0,555.6,1024.4317,2.574545438880857,5.253883639616257
method2,5.0,555.7,1024.5317,2.56822607586588,5.256460204920614
method2,5.0,555.8,1024.6317,2.56190671285091,5.25903677022497
method2,5.0,555.9,1024.7317,2.555576532866355,5.261588249551711
method2,5.0,556.0,1024.8317,2.5492463528818,5.26413972887845
method2,5.0,556.1,1024.9317,2.5429054555142496,5.2666660769136495
method2,5.0,556.2,1025.0317,2.5365645581467,5.26919242494885
method2,5.0,556.3,1025.1317,2.5302130431722123,5.271693596773932
method2,5.0,556.4,1025.2317,2.5238615281977173,5.274194768599017
method2,5.0,556.5,1025.3317,2.5174994955802075,5.2766707196915466
method2,5.0,556.6,1025.4317,2.5111374629626972,5.279146670784077
method2,5.0,556.7,1025.5317,2.5047650128524,5.281597357018555
method2,5.0,556.8,1025.6317,2.49839256274211,5.28404804325303
method2,5.0,556.9,1025.7317,2.49200979547401,5.286473420901634
method2,5.0,557.0,1025.8317,2.48562702820591,5.28889879855024
method2,5.0,557.1,1025.9317,2.4792340442981398,5.291298824283659
method2,5.0,557.2,1026.0317,2.47284106039037,5.29369885001708
method2,5.0,557.3,1026.1317,2.4664379605426223,5.296073480905217
method2,5.0,557.4,1026.2317,2.460034860694867,5.298448111793357
method2,5.0,557.5,1026.3317,2.4536217457868275,5.300797305306142
method2,5.0,557.6,1026.4317,2.4472086308787873,5.303146498818927
method2,5.0,557.7,1026.5317,2.4407856019685252,5.30547021282703
method2,5.0,557.8,1026.6317,2.43436257305827,5.30779392683513
method2,5.0,557.9,1026.7317,2.4279297313807,5.310092119610715
method2,5.0,558.0,1026.8317,2.42149688970313,5.3123903123863
method2,5.0,558.1,1026.9317,2.4150543366683452,5.3146629426037855
method2,5.0,558.2,1027.0317,2.40861178363356,5.31693557282127
method2,5.0,558.3,1027.1317,2.4021596208252673,5.319182599558048
method2,5.0,558.4,1027.2317,2.3957074580169677,5.321429626294828
method2,5.0,558.5,1027.3317,2.3892457871908825,5.323651009031993
method2,5.0,558.6,1027.4317,2.3827841163647974,5.325872391769157
method2,5.0,558.7,1027.5317,2.3763130394470497,5.328068090392225
method2,5.0,558.8,1027.6317,2.36984196252931,5.33026378901529
method2,5.0,558.9,1027.7317,2.3633615816148303,5.3324337638149295
method2,5.0,559.0,1027.8317,2.35688120070035,5.33460373861457
method2,5.0,559.1,1027.9317,2.3503916180512547,5.33674795028728
method2,5.0,559.2,1028.0317,2.34390203540216,5.33889216195999
method2,5.0,559.3,1028.1317,2.3374033534461374,5.341010571608828
method2,5.0,559.4,1028.2317,2.3309046714901074,5.343128981257667
method2,5.0,559.5,1028.3317,2.324396992818792,5.345221550392952
method2,5.0,559.6,1028.4317,2.3178893141474775,5.347314119528237
method2,5.0,559.7,1028.5317,2.311372741514865,5.349380810068195
method2,5.0,559.8,1028.6317,2.30485616888226,5.35144750060815
method2,5.0,559.9,1028.7317,2.29833080520305,5.35348827487965
method2,5.0,560.0,1028.8317,2.29180544152384,5.35552904915115
method2,5.0,560.1,1028.9317,2.285271389871835,5.357543869890344
method2,5.0,560.2,1029.0317,2.27873733821983,5.35955869062954
method2,5.0,560.3,1029.1317,2.2721947018262925,5.361547520982548
method2,5.0,560.4,1029.2317,2.2656520654327474,5.363536351335557
method2,5.0,560.5,1029.3317,2.2591009476847472,5.365499154859132
method2,5.0,560.6,1029.4317,2.2525498299367475,5.367461958382707
method2,5.0,560.7,1029.5317,2.245990334375585,5.36939869904489
method2,5.0,560.8,1029.6317,2.23943083881443,5.37133543970707
method2,5.0,560.9,1029.7317,2.2328630691339697,5.37324608188782
method2,5.0,561.0,1029.8317,2.22629529945351,5.37515672406857
method2,5.0,561.1,1029.9317,2.21971935949853,5.37704123256045
method2,5.0,561.2,1030.0317,2.21314341954355,5.37892574105233
method2,5.0,561.3,1030.1317,2.2065594133081174,5.3807840810610985
method2,5.0,561.4,1030.2317,2.1999754070726776,5.3826424210698685
method2,5.0,561.5,1030.3317,2.1933834386984774,5.3844745582151585
method2,5.0,561.6,1030.4317,2.1867914703242777,5.386306695360449
method2,5.0,561.7,1030.5317,2.180191644099005,5.3881125956763505
method2,5.0,561.8,1030.6317,2.17359181787374,5.38991849599225
method2,5.0,561.9,1030.7317,2.16698423822945,5.39169812592794
method2,5.0,562.0,1030.8317,2.16037665858516,5.39347775586363
method2,5.0,562.1,1030.9317,2.15376143009656,5.395231082284005
method2,5.0,562.2,1031.0317,2.14714620160796,5.39698440870438
method2,5.0,562.3,1031.1317,2.1405234289908224,5.398711398890623
method2,5.0,562.4,1031.2317,2.1339006563736778,5.400438389076868
method2,5.0,562.5,1031.3317,2.1272704444831225,5.402139010727088
method2,5.0,562.6,1031.4317,2.1206402325925677,5.403839632377308
method2,5.0,562.7,1031.5317,2.114002686421445,5.405513853607105
method2,5.0,562.8,1031.6317,2.10736514025033,5.4071880748369
method2,5.0,562.9,1031.7317,2.10072036492758,5.40883586417994
method2,5.0,563.0,1031.8317,2.09407558960483,5.41048365352298
method2,5.0,563.1,1031.9317,2.0874236903937247,5.41210497993161
method2,5.0,563.2,1032.0317,2.08077179118262,5.41372630634024
method2,5.0,563.3,1032.1317,2.0741128734791974,5.415321139186028
method2,5.0,563.4,1032.2317,2.0674539557757674,5.416915972031818
method2,5.0,563.5,1032.3317,2.0607881251070927,5.418484281106138
method2,5.0,563.6,1032.4317,2.0541222944384177,5.420052590180458
method2,5.0,563.7,1032.5317,2.0474496564609304,5.421594345695031
method2,5.0,563.8,1032.6317,2.04077701848345,5.4231361012096
method2,5.0,563.9,1032.7317,2.034097678981345,5.42465127379705
method2,5.0,564.0,1032.8317,2.02741833947924,5.4261664463845
method2,5.0,564.1,1032.9317,2.02073240436269,5.42765500709892
method2,5.0,564.2,1033.0317,2.01404646924614,5.42914356781334
method2,5.0,564.3,1033.1317,2.0073540445496927,5.430605488130799
method2,5.0,564.4,1033.2317,2.0006616198532376,5.432067408448258
method2,5.0,564.5,1033.3317,1.9939628117340977,5.433502660267348
method2,5.0,564.6,1033.4317,1.9872640036149576,5.434937912086438
method2,5.0,564.7,1033.5317,1.980558918351305,5.43634646772881
method2,5.0,564.8,1033.6317,1.97385383308766,5.43775502337118
method2,5.0,564.9,1033.7317,1.967142577077015,5.43913685558204
method2,5.0,565.0,1033.8317,1.96043132106637,5.4405186877929
method2,5.0,565.1,1033.9317,1.953714000823825,5.44187376974153
method2,5.0,565.2,1034.0317,1.94699668058128,5.44322885169016
method2,5.0,565.3,1034.1317,1.9402734027378625,5.444557156970434
method2,5.0,565.4,1034.2317,1.9335501248944376,5.4458854622507085
method2,5.0,565.5,1034.3317,1.9268209961953926,5.447186964881573
method2,5.0,565.6,1034.4317,1.9200918674963476,5.448488467512438
method2,5.0,565.7,1034.5317,1.9133569947994502,5.44976314193841
method2,5.0,565.8,1034.6317,1.90662212210256,5.45103781636438
method2,5.0,565.9,1034.7317,1.899881612376445,5.45228563745604
method2,5.0,566.0,1034.8317,1.89314110265033,5.4535334585477
method2,5.0,566.1,1034.9317,1.88639506297276,5.454754401602155
method2,5.0,566.2,1035.0317,1.87964902329519,5.45597534465661
method2,5.0,566.3,1035.1317,1.8728975608513576,5.4571693853979735
method2,5.0,566.4,1035.2317,1.8661460984075178,5.458363426139338
method2,5.0,566.5,1035.3317,1.8593893204883276,5.459530540719194
method2,5.0,566.6,1035.4317,1.8526325425691377,5.460697655299049
method2,5.0,566.7,1035.5317,1.845870556569565,5.4618378202969105
method2,5.0,566.8,1035.6317,1.83910857057,5.46297798529477
method2,5.0,566.9,1035.7317,1.832341483987325,5.464091177718525
method2,5.0,567.0,1035.8317,1.82557439740465,5.46520437014228
method2,5.0,567.1,1035.9317,1.81880231783676,5.46629056742863
method2,5.0,567.2,1036.0317,1.81203023826887,5.46737676471498
method2,5.0,567.3,1036.1317,1.8052532734125528,5.468435944729899
method2,5.0,567.4,1036.2317,1.7984763085562279,5.469495124744819
method2,5.0,567.5,1036.3317,1.7916945662054629,5.470527265783959
method2,5.0,567.6,1036.4317,1.7849128238546978,5.471559406823099
method2,5.0,567.7,1036.5317,1.77812641189894,5.472564487612235
method2,5.0,567.8,1036.6317,1.77133999994319,5.47356956840137
method2,5.0,567.9,1036.7317,1.7645490263656651,5.47454756809679
method2,5.0,568.0,1036.8317,1.75775805278814,5.47552556779221
method2,5.0,568.1,1036.9317,1.7509626256640949,5.4764764659811505
method2,5.0,568.2,1037.0317,1.74416719854005,5.47742736417009
method2,5.0,568.3,1037.1317,1.7373674260350778,5.478351140871119
method2,5.0,568.4,1037.2317,1.7305676535300978,5.479274917572149
method2,5.0,568.5,1037.3317,1.7237636438983428,5.480171553235594
method2,5.0,568.6,1037.4317,1.7169596342665878,5.481068188899039
method2,5.0,568.7,1037.5317,1.71015149584911,5.481937664407325
method2,5.0,568.8,1037.6317,1.70334335743164,5.48280713991561
method2,5.0,568.9,1037.7317,1.696531198654645,5.4836494365836845
method2,5.0,569.0,1037.8317,1.68971903987765,5.48449173325176
method2,5.0,569.1,1037.9317,1.6829029692507649,5.4853068328274555
method2,5.0,569.2,1038.0317,1.67608689862388,5.48612193240315
method2,5.0,569.3,1038.1317,1.6692670247384276,5.4869098170675485
method2,5.0,569.4,1038.2317,1.6624471508529677,5.487697701731949
method2,5.0,569.5,1038.3317,1.6556235823802077,5.488458354099749
method2,5.0,569.6,1038.4317,1.6488000139074477,5.4892190064675495
method2,5.0,569.7,1038.5317,1.6419728595968999,5.489952409587405
method2,5.0,569.8,1038.6317,1.63514570528636,5.49068581270726
method2,5.0,569.9,1038.7317,1.628315073964075,5.49139195006216
method2,5.0,570.0,1038.8317,1.62148444264179,5.49209808741706
method2,5.0,570.1,1038.9317,1.6146504432085151,5.492776942924635
method2,5.0,570.2,1039.0317,1.60781644377524,5.49345579843221
method2,5.0,570.3,1039.1317,1.6009791852048179,5.494107356445085
method2,5.0,570.4,1039.2317,1.5941419266343877,5.494758914457959
method2,5.0,570.5,1039.3317,1.5873015179718928,5.495383159764084
method2,5.0,570.6,1039.4317,1.5804611093093979,5.496007405070209
method2,5.0,570.7,1039.5317,1.573617659669495,5.49660432289316
method2,5.0,570.8,1039.6317,1.5667742100296,5.49720124071611
method2,5.0,570.9,1039.7317,1.559927828594775,5.49777081671542
method2,5.0,571.0,1039.8317,1.55308144715995,5.49834039271473
method2,5.0,571.1,1039.9317,1.5462322431787299,5.498882612986195
method2,5.0,571.2,1040.0317,1.53938303919751,5.49942483325766
method2,5.0,571.3,1040.1317,1.5325311219827678,5.499939684333614
method2,5.0,571.4,1040.2317,1.5256792047680177,5.5004545354095695
method2,5.0,571.5,1040.3317,1.5188246836951977,5.500942004259209
method2,5.0,571.6,1040.4317,1.5119701626223778,5.501429473108849
method2,5.0,571.7,1040.5317,1.5051131471277501,5.501889547138505
method2,5.0,571.8,1040.6317,1.49825613163313,5.50234962116816
method2,5.0,571.9,1040.7317,1.4913967312121001,5.50278228822156
method2,5.0,572.0,1040.8317,1.48453733079107,5.50321495527496
method2,5.0,572.1,1040.9317,1.4776756549963301,5.503620203633526
method2,5.0,572.2,1041.0317,1.47081397920159,5.50402545199209
method2,5.0,572.3,1041.1317,1.4639501376414628,5.50440327037519
method2,5.0,572.4,1041.2317,1.4570862960813278,5.50478108875829
method2,5.0,572.5,1041.3317,1.450220398417953,5.50513146632349
method2,5.0,572.6,1041.4317,1.4433545007545778,5.50548184388869
method2,5.0,572.7,1041.5317,1.436486656702175,5.50580477023202
method2,5.0,572.8,1041.6317,1.42961881264978,5.50612769657535
method2,5.0,572.9,1041.7317,1.422749131972945,5.506423161731529
method2,5.0,573.0,1041.8317,1.41587945129611,5.50671862688771
method2,5.0,573.1,1041.9317,1.4090080438079848,5.50698662133039
method2,5.0,573.2,1042.0317,1.40213663631986,5.50725461577307
method2,5.0,573.3,1042.1317,1.395263611880423,5.50749513041507
method2,5.0,573.4,1042.2317,1.3883905874409779,5.50773564505707
method2,5.0,573.5,1042.3317,1.381516055955268,5.5079486712505945
method2,5.0,573.6,1042.4317,1.3746415244695578,5.50816169744412
method2,5.0,573.7,1042.5317,1.36776559588592,5.50834722698097
method2,5.0,573.8,1042.6317,1.36088966730229,5.50853275651782
method2,5.0,573.9,1042.7317,1.354012451610655,5.5086907816296105
method2,5.0,574.0,1042.8317,1.34713523591902,5.5088488067414
method2,5.0,574.1,1042.9317,1.34025684314909,5.50897932009975
method2,5.0,574.2,1043.0317,1.33337845037916,5.5091098334581
method2,5.0,574.3,1043.1317,1.3264989905986628,5.509212828174835
method2,5.0,574.4,1043.2317,1.3196195308181577,5.50931582289157
method2,5.0,574.5,1043.3317,1.312739114131103,5.5093912925189
method2,5.0,574.6,1043.4317,1.3058586974440478,5.50946676214623
method2,5.0,574.7,1043.5317,1.298977433988945,5.509514700676945
method2,5.0,574.8,1043.6317,1.29209617053385,5.50956263920766
method2,5.0,574.9,1043.7317,1.285214170481975,5.509583041075285
method2,5.0,575.0,1043.8317,1.2783321704301,5.50960344294291
method2,5.0,575.1,1043.9317,1.271449543983705,5.50959630302189
method2,5.0,575.2,1044.0317,1.26456691753731,5.50958916310087
method2,5.0,575.3,1044.1317,1.2576837749278529,5.5095544767067
method2,5.0,575.4,1044.2317,1.2508006323183878,5.50951979031253
method2,5.0,575.5,1044.3317,1.2439170838047777,5.509457553201945
method2,5.0,575.6,1044.4317,1.2370335352911677,5.50939531609136
method2,5.0,575.7,1044.5317,1.230149691158015,5.5093055244624445
method2,5.0,575.8,1044.6317,1.22326584702487,5.50921573283353
method2,5.0,575.9,1044.7317,1.2163818175807002,5.50909838332588
method2,5.0,576.0,1044.8317,1.20949778813653,5.50898103381823
method2,5.0,576.1,1044.9317,1.2026136837120251,5.508836123513065
method2,5.0,576.2,1045.0317,1.19572957928752,5.5086912132079
method2,5.0,576.3,1045.1317,1.1888455102337327,5.5085187396282
method2,5.0,576.4,1045.2317,1.1819614411799377,5.5083462660485
method2,5.0,576.5,1045.3317,1.175077517866533,5.508146227159125
method2,5.0,576.6,1045.4317,1.1681935945531279,5.50794618826975
method2,5.0,576.7,1045.5317,1.16130992736663,5.5077185824775245
method2,5.0,576.8,1045.6317,1.15442626018014,5.5074909766853
method2,5.0,576.9,1045.7317,1.14754295952215,5.50723580283915
method2,5.0,577.0,1045.8317,1.14065965886416,5.506980628993
method2,5.0,577.1,1045.9317,1.133776835149575,5.50669788638402
method2,5.0,577.2,1046.0317,1.12689401143499,5.50641514377504
method2,5.0,577.3,1046.1317,1.1200117750902479,5.50610483213659
method2,5.0,577.4,1046.2317,1.1131295387454978,5.50579452049814
method2,5.0,577.5,1046.3317,1.1062480002067678,5.50545664000594
method2,5.0,577.6,1046.4317,1.0993664616680379,5.50511875951374
method2,5.0,577.7,1046.5317,1.0924857313795202,5.504753310785915
method2,5.0,577.8,1046.6317,1.08560500109101,5.50438786205809
method2,5.0,577.9,1046.7317,1.0787251895031051,5.50399484615526
method2,5.0,578.0,1046.8317,1.0718453779152,5.50360183025243
method2,5.0,578.1,1046.9317,1.0649665954827499,5.503181248677775
method2,5.0,578.2,1047.0317,1.0580878130503,5.50276066710312
method2,5.0,578.3,1047.1317,1.0512101702308327,5.5023125218024
method2,5.0,578.4,1047.2317,1.0443325274113577,5.501864376501681
method2,5.0,578.5,1047.3317,1.0374561346632578,5.501388669863315
method2,5.0,578.6,1047.4317,1.0305797419151577,5.500912963224951
method2,5.0,578.7,1047.5317,1.02370470969597,5.500409698080039
method2,5.0,578.8,1047.6317,1.01682967747679,5.49990643293513
method2,5.0,578.9,1047.7317,1.00995611624142,5.49937561255749
method2,5.0,579.0,1047.8317,1.00308255500605,5.49884479217985
method2,5.0,579.1,1047.9317,0.9962105752049285,5.4982864202860355
method2,5.0,579.2,1048.0317,0.989338595403807,5.49772804839222
method2,5.0,579.3,1048.1317,0.9824683074812188,5.497142129141536
method2,5.0,579.4,1048.2317,0.9755980195586228,5.4965562098908505
method2,5.0,579.5,1048.3317,0.9687295339508208,5.495942747885385
method2,5.0,579.6,1048.4317,0.9618610483430188,5.4953292858799205
method2,5.0,579.7,1048.5317,0.95499447547654,5.49468828616451
method2,5.0,579.8,1048.6317,0.948127902610069,5.4940472864491
method2,5.0,579.9,1048.7317,0.941263352899941,5.49337875451136
method2,5.0,580.0,1048.8317,0.934398803189813,5.49271022257362
method2,5.0,580.1,1048.9317,0.9275363870377205,5.49201416434391
method2,5.0,580.2,1049.0317,0.920673970885628,5.4913181061142
method2,5.0,580.3,1049.1317,0.9138137986782118,5.490594527965631
method2,5.0,580.4,1049.2317,0.9069536264707878,5.489870949817061
method2,5.0,580.5,1049.3317,0.9000958085778128,5.4891198585654255
method2,5.0,580.6,1049.4317,0.8932379906848378,5.488368767313791
method2,5.0,580.7,1049.5317,0.8863826374574385,5.487590170217574
method2,5.0,580.8,1049.6317,0.879527284230047,5.48681157312136
method2,5.0,580.9,1049.7317,0.872674505998994,5.486005477881685
method2,5.0,581.0,1049.8317,0.865821727767941,5.48519938264201
method2,5.0,581.1,1049.9317,0.8589716348417774,5.484365797402585
method2,5.0,581.2,1050.0317,0.852121541915614,5.48353221216316
method2,5.0,581.3,1050.1317,0.8452742445789618,5.482671145510226
method2,5.0,581.4,1050.2317,0.8384269472423018,5.481810078857291
method2,5.0,581.5,1050.3317,0.8315825557540303,5.480921539819556
method2,5.0,581.6,1050.4317,0.8247381642657587,5.4800330007818205
method2,5.0,581.7,1050.5317,0.8178967888572265,5.479116998830415
method2,5.0,581.8,1050.6317,0.811055413448702,5.47820099687901
method2,5.0,581.9,1050.7317,0.8042171643220225,5.47725754192737
method2,5.0,582.0,1050.8317,0.797378915195343,5.47631408697573
method2,5.0,582.1,1050.9317,0.7905439025215485,5.475343189379565
method2,5.0,582.2,1051.0317,0.783708889847754,5.4743722917834
method2,5.0,582.3,1051.1317,0.7768772237650442,5.473373962340551
method2,5.0,582.4,1051.2317,0.7700455576823267,5.472375632897701
method2,5.0,582.5,1051.3317,0.7632173482942958,5.471349882848076
method2,5.0,582.6,1051.4317,0.7563891389062648,5.470324132798451
method2,5.0,582.7,1051.5317,0.7495644962801195,5.4692709738239245
method2,5.0,582.8,1051.6317,0.742739853653982,5.4682178148494
method2,5.0,582.9,1051.7317,0.735918887818806,5.467137259073675
method2,5.0,583.0,1051.8317,0.72909792198363,5.46605670329795
method2,5.0,583.1,1051.9317,0.7222807429285585,5.46494876328647
method2,5.0,583.2,1052.0317,0.715463563873487,5.46384082327499
method2,5.0,583.3,1052.1317,0.7086502815459492,5.462705512034786
method2,5.0,583.4,1052.2317,0.7018369992184038,5.461570200794581
method2,5.0,583.5,1052.3317,0.6950277235223493,5.460407531774156
method2,5.0,583.6,1052.4317,0.6882184478262948,5.459244862753731
method2,5.0,583.7,1052.5317,0.6814132886204416,5.45805484984292
method2,5.0,583.8,1052.6317,0.674608129414596,5.45686483693211
method2,5.0,583.9,1052.7317,0.66780719651064,5.455647494461919
method2,5.0,584.0,1052.8317,0.661006263606684,5.45443015199173
method2,5.0,584.1,1052.9317,0.65420966676753,5.45318549473421
method2,5.0,584.2,1053.0317,0.647413069928376,5.45194083747669
method2,5.0,584.3,1053.1317,0.6406209188663577,5.450668880644741
method2,5.0,584.4,1053.2317,0.6338287678043317,5.449396923812792
method2,5.0,584.5,1053.3317,0.6270411721794438,5.448097683060016
method2,5.0,584.6,1053.4317,0.6202535765545558,5.446798442307242
method2,5.0,584.7,1053.5317,0.613470645972704,5.445471933727765
method2,5.0,584.8,1053.6317,0.60668771539086,5.44414542514829
method2,5.0,584.9,1053.7317,0.599909559402073,5.442791665276585
method2,5.0,585.0,1053.8317,0.593131403413286,5.44143790540488
method2,5.0,585.1,1053.9317,0.586358131509946,5.4400569112155654
method2,5.0,585.2,1054.0317,0.579584859606606,5.43867591702625
method2,5.0,585.3,1054.1317,0.5728165812216977,5.437267705933892
method2,5.0,585.4,1054.2317,0.5660483028367816,5.435859494841532
method2,5.0,585.5,1054.3317,0.5592851273420691,5.434424084700456
method2,5.0,585.6,1054.4317,0.5525219518473566,5.432988674559382
method2,5.0,585.7,1054.5317,0.5457639885516975,5.431526083663445
method2,5.0,585.8,1054.6317,0.539006025256046,5.43006349276751
method2,5.0,585.9,1054.7317,0.5322533834035745,5.4285737398499005
method2,5.0,586.0,1054.8317,0.525500741551103,5.42708398693229
method2,5.0,586.1,1054.9317,0.5187535303194715,5.42556709116529
method2,5.0,586.2,1055.0317,0.51200631908784,5.42405019539829
method2,5.0,586.3,1055.1317,0.5052646475864707,5.422506176393042
method2,5.0,586.4,1055.2317,0.49852297608509366,5.420962157387792
method2,5.0,586.5,1055.3317,0.49178695335335965,5.4193910351940575
method2,5.0,586.6,1055.4317,0.4850509306216257,5.417819913000322
method2,5.0,586.7,1055.5317,0.478320665627162,5.416221708106255
method2,5.0,586.8,1055.6317,0.471590400632706,5.41462350321219
method2,5.0,586.9,1055.7317,0.4648660022696285,5.41299823654407
method2,5.0,587.0,1055.8317,0.458141603906551,5.41137296987595
method2,5.0,587.1,1055.9317,0.45142318099363954,5.4097206627979055
method2,5.0,587.2,1056.0317,0.444704758080728,5.40806835571986
method2,5.0,587.3,1056.1317,0.43799241935974415,5.406389030033642
method2,5.0,587.4,1056.2317,0.4312800806387526,5.404709704347422
method2,5.0,587.5,1056.3317,0.42457393477259614,5.403003382292072
method2,5.0,587.6,1056.4317,0.4178677889064396,5.401297060236722
method2,5.0,587.7,1056.5317,0.41116794447746596,5.399563764488345
method2,5.0,587.8,1056.6317,0.4044681000485,5.39783046873997
method2,5.0,587.9,1056.7317,0.397774665556749,5.396070222411425
method2,5.0,588.0,1056.8317,0.391081231064998,5.39430997608288
method2,5.0,588.1,1056.9317,0.3843943149263775,5.3925228027234695
method2,5.0,588.2,1057.0317,0.377707398787757,5.39073562936406
method2,5.0,588.3,1057.1317,0.3710271093323621,5.388921552959247
method2,5.0,588.4,1057.2317,0.3643468198769596,5.387107476554432
method2,5.0,588.5,1057.3317,0.35767326534726357,5.385266521525522
method2,5.0,588.6,1057.4317,0.3509997108175676,5.383425566496612
method2,5.0,588.7,1057.5317,0.344332999366685,5.38155775770043
method2,5.0,588.8,1057.6317,0.33766628791581,5.37968994890425
method2,5.0,588.9,1057.7317,0.33100652760578897,5.37779531163284
method2,5.0,589.0,1057.8317,0.324346767295768,5.37590067436143
method2,5.0,589.1,1057.9317,0.3176940660957525,5.373979234341685
method2,5.0,589.2,1058.0317,0.311041364895737,5.37205779432194
method2,5.0,589.3,1058.1317,0.3043958306802956,5.370109577715307
method2,5.0,589.4,1058.2317,0.2977502964648466,5.368161361108672
method2,5.0,589.5,1058.3317,0.29111203701216803,5.366186394510763
method2,5.0,589.6,1058.4317,0.28447377755948955,5.364211427912853
method2,5.0,589.7,1058.5317,0.277842900549656,5.362209738353135
method2,5.0,589.8,1058.6317,0.27121202353983,5.36020804879342
method2,5.0,589.9,1058.7317,0.2645886365531055,5.35817966373482
method2,5.0,590.0,1058.8317,0.257965249566381,5.35615127867622
method2,5.0,590.1,1058.9317,0.2513494600814105,5.354096226014795
method2,5.0,590.2,1059.0317,0.24473367059644,5.35204117335337
method2,5.0,590.3,1059.1317,0.238125585988527,5.349959481417892
method2,5.0,590.4,1059.2317,0.23151750138060653,5.347877789482412
method2,5.0,590.5,1059.3317,0.2249172289199725,5.345769487034017
method2,5.0,590.6,1059.4317,0.2183169564593385,5.343661184585622
method2,5.0,590.7,1059.5317,0.211724603309374,5.34152630081741
method2,5.0,590.8,1059.6317,0.205132250159417,5.3393914170492
method2,5.0,590.9,1059.7317,0.1985479233749835,5.33722998158585
method2,5.0,591.0,1059.8317,0.19196359659055,5.3350685461225
method2,5.0,591.1,1059.9317,0.18538740311618399,5.332880589019865
method2,5.0,591.2,1060.0317,0.178811209641818,5.33069263191723
method2,5.0,591.3,1060.1317,0.17224325631001697,5.328478183661923
method2,5.0,591.4,1060.2317,0.16567530297820846,5.326263735406613
method2,5.0,591.5,1060.3317,0.15911569650769344,5.324022826915588
method2,5.0,591.6,1060.4317,0.15255609003717846,5.321781918424563
method2,5.0,591.7,1060.5317,0.146004937031178,5.31951458104471
method2,5.0,591.8,1060.6317,0.139453784025185,5.31724724366486
method2,5.0,591.9,1060.7317,0.1329111909696875,5.314953509172565
method2,5.0,592.0,1060.8317,0.12636859791419,5.31265977468027
method2,5.0,592.1,1060.9317,0.1198346711762165,5.310339675280975
method2,5.0,592.2,1061.0317,0.113300744438243,5.30801957588168
method2,5.0,592.3,1061.1317,0.10677559026410792,5.305673144209448
method2,5.0,592.4,1061.2317,0.10025043608996542,5.3033267125372126
method2,5.0,592.5,1061.3317,0.09373416060355491,5.300953981654258
method2,5.0,592.6,1061.4317,0.08721788511714441,5.298581250771303
method2,5.0,592.7,1061.5317,0.0807105943182086,5.296182254167565
method2,5.0,592.8,1061.6317,0.0742033035192802,5.29378325756383
method2,5.0,592.9,1061.7317,0.0677051032816931,5.291358029156495
method2,5.0,593.0,1061.8317,0.061206903044106,5.28893280074916
method2,5.0,593.1,1061.9317,0.0547178991141406,5.286481374882175
method2,5.0,593.2,1062.0317,0.0482288951841752,5.28402994901519
method2,5.0,593.3,1062.1317,0.04174919317880227,5.281552360458808
method2,5.0,593.4,1062.2317,0.03526949117342197,5.2790747719024225
method2,5.0,593.5,1062.3317,0.028799196578539056,5.276571055852698
method2,5.0,593.6,1062.4317,0.022328901983656155,5.274067339802973
method2,5.0,593.7,1062.5317,0.015868120152445882,5.271537531881275
method2,5.0,593.8,1062.6317,0.00940733832124296,5.26900772395958
method2,5.0,593.9,1062.7317,0.0029561744724141406,5.266451860212115
method2,5.0,594.0,1062.8317,-0.00349498937641468,5.26389599646465
method2,5.0,594.1,1062.9317,-0.00993643016033874,5.261314113361925
method2,5.0,594.2,1063.0317,-0.0163778709442628,5.2587322302592
method2,5.0,594.3,1063.1317,-0.022809483718634588,5.256124364695528
method2,5.0,594.4,1063.2317,-0.029241096493013687,5.253516499131853
method2,5.0,594.5,1063.3317,-0.0356627764528245,5.250882688424817
method2,5.0,594.6,1063.4317,-0.0420844564126353,5.248248877717782
method2,5.0,594.7,1063.5317,-0.04849609889415175,5.245589159607725
method2,5.0,594.8,1063.6317,-0.0549077413756609,5.24292944149767
method2,5.0,594.9,1063.7317,-0.06130924185814825,5.240243854147175
method2,5.0,595.0,1063.8317,-0.0677107423406356,5.23755826679668
method2,5.0,595.1,1063.9317,-0.07410199644811336,5.234846848789974
method2,5.0,595.2,1064.0317,-0.0804932505555911,5.23213543078327
method2,5.0,595.3,1064.1317,-0.08687415405845894,5.229398221125753
method2,5.0,595.4,1064.2317,-0.09325505756133404,5.2266610114682335
method2,5.0,595.5,1064.3317,-0.0996255063781519,5.2238980495858485
method2,5.0,595.6,1064.4317,-0.10599595519496975,5.2211350877034635
method2,5.0,595.7,1064.5317,-0.11235584539408,5.218346413442189
method2,5.0,595.8,1064.6317,-0.118715735593183,5.21555773918092
method2,5.0,595.9,1064.7317,-0.125064963394421,5.2127433928062
method2,5.0,596.0,1064.8317,-0.131414191195659,5.20992904643148
method2,5.0,596.1,1064.9317,-0.13775265297210101,5.20708906862761
method2,5.0,596.2,1065.0317,-0.144091114748543,5.20424909082374
method2,5.0,596.3,1065.1317,-0.1504187070281248,5.2013835226933285
method2,5.0,596.4,1065.2317,-0.1567462993077138,5.198517954562914
method2,5.0,596.5,1065.3317,-0.1630629187749738,5.195626837626259
method2,5.0,596.6,1065.4317,-0.1693795382422338,5.192735720689604
method2,5.0,596.7,1065.5317,-0.1756850817399785,5.18981909688412
method2,5.0,596.8,1065.6317,-0.181990625237716,5.18690247307864
method2,5.0,596.9,1065.7317,-0.1882849897686665,5.1839603847582705
method2,5.0,597.0,1065.8317,-0.194579354299617,5.1810182964379
method2,5.0,597.1,1065.9317,-0.2008624370281705,5.178050786372459
method2,5.0,597.2,1066.0317,-0.207145519756724,5.17508327630702
method2,5.0,597.3,1066.1317,-0.21341721801055688,5.172090387681639
method2,5.0,597.4,1066.2317,-0.21968891626439688,5.169097499056254
method2,5.0,597.5,1066.3317,-0.2259491275361974,5.166079275470693
method2,5.0,597.6,1066.4317,-0.2322093388079979,5.163061051885133
method2,5.0,597.7,1066.5317,-0.238457960757119,5.160017537353205
method2,5.0,597.8,1066.6317,-0.244706582706233,5.15697402282128
method2,5.0,597.9,1066.7317,-0.250943513160332,5.15390526177021
method2,5.0,598.0,1066.8317,-0.257180443614431,5.15083650071914
method2,5.0,598.1,1066.9317,-0.26340558057119245,5.14774253798888
method2,5.0,598.2,1067.0317,-0.269630717527954,5.14464857525862
method2,5.0,598.3,1067.1317,-0.27584395915673793,5.141529456101258
method2,5.0,598.4,1067.2317,-0.2820572007855289,5.138410336943894
method2,5.0,598.5,1067.3317,-0.28825844542903195,5.135266107022939
method2,5.0,598.6,1067.4317,-0.294459690072535,5.132121877101984
method2,5.0,598.7,1067.5317,-0.300648836248462,5.1289525824917455
method2,5.0,598.8,1067.6317,-0.306837982424382,5.12578328788151
method2,5.0,598.9,1067.7317,-0.313014928827068,5.122588975066424
method2,5.0,599.0,1067.8317,-0.319191875229754,5.11939466225134
method2,5.0,599.1,1067.9317,-0.3253565207318715,5.116175378125289
method2,5.0,599.2,1068.0317,-0.331521166233989,5.11295609399924
method2,5.0,599.3,1068.1317,-0.3376734098881855,5.109711885864844
method2,5.0,599.4,1068.2317,-0.34382565354238903,5.106467677730444
method2,5.0,599.5,1068.3317,-0.3499653945829425,5.103198593298404
method2,5.0,599.6,1068.4317,-0.356105135623496,5.099929508866364
method2,5.0,599.7,1068.5317,-0.36223227346794296,5.0966355962547505
method2,5.0,599.8,1068.6317,-0.368359411312383,5.09334168364314
method2,5.0,599.9,1068.7317,-0.37447384556318297,5.090022991376715
method2,5.0,600.0,1068.8317,-0.380588279813983,5.08670429911029
method2,5.0,600.1,1068.9317,-0.386689910260161,5.083360876119751
method2,5.0,600.2,1069.0317,-0.392791540706339,5.08001745312921
method2,5.0,600.3,1069.1317,-0.39888026732513304,5.076649348750504
method2,5.0,600.4,1069.2317,-0.40496899394393404,5.073281244371794
method2,5.0,600.5,1069.3317,-0.4110447169024336,5.069888508345404
method2,5.0,600.6,1069.4317,-0.4171204398609331,5.066495772319014
method2,5.0,600.7,1069.5317,-0.42318305951769297,5.063078454789196
method2,5.0,600.8,1069.6317,-0.429245679174446,5.05966113725938
method2,5.0,600.9,1069.7317,-0.4352950960811385,5.05621928877347
method2,5.0,601.0,1069.8317,-0.441344512987831,5.05277744028756
method2,5.0,601.1,1069.9317,-0.44738062789087296,5.049311111795189
method2,5.0,601.2,1070.0317,-0.453416742793915,5.04584478330282
method2,5.0,601.3,1070.1317,-0.45943945663610164,5.042354026155189
method2,5.0,601.4,1070.2317,-0.4654621704782952,5.038863269007553
method2,5.0,601.5,1070.3317,-0.4714713844004237,5.035348134956679
method2,5.0,601.6,1070.4317,-0.4774805983225522,5.031833000905804
method2,5.0,601.7,1070.5317,-0.483476213665024,5.0282935421037305
method2,5.0,601.8,1070.6317,-0.489471829007489,5.02475408330166
method2,5.0,601.9,1070.7317,-0.49545374731194597,5.021190352299735
method2,5.0,602.0,1070.8317,-0.501435665616403,5.01762662129781
method2,5.0,602.1,1070.9317,-0.507403788627343,5.014038671045865
method2,5.0,602.2,1071.0317,-0.513371911638283,5.01045072079392
method2,5.0,602.3,1071.1317,-0.5193261413046573,5.006838604639519
method2,5.0,602.4,1071.2317,-0.5252803709710382,5.003226488485114
method2,5.0,602.5,1071.3317,-0.5312206094479073,4.9995902601727344
method2,5.0,602.6,1071.4317,-0.5371608479247763,4.995954031860355
method2,5.0,602.7,1071.5317,-0.543086997574852,4.992293745530615
method2,5.0,602.8,1071.6317,-0.549013147224921,4.98863345920088
method2,5.0,602.9,1071.7317,-0.554925110620205,4.9849491693897505
method2,5.0,603.0,1071.8317,-0.560837074015489,4.98126487957862
method2,5.0,603.1,1071.9317,-0.5667347539388765,4.97755664121658
method2,5.0,603.2,1072.0317,-0.572632433862264,4.97384840285454
method2,5.0,603.3,1072.1317,-0.5785157333091193,4.970116271265795
method2,5.0,603.4,1072.2317,-0.5843990327559814,4.966384139677045
method2,5.0,603.5,1072.3317,-0.5902678549357838,4.962628170578659
method2,5.0,603.6,1072.4317,-0.5961366771155864,4.958872201480275
method2,5.0,603.7,1072.5317,-0.6019909254534546,4.95509245098141
method2,5.0,603.8,1072.6317,-0.607845173791316,4.95131270048255
method2,5.0,603.9,1072.7317,-0.6136847519296145,4.947509225083595
method2,5.0,604.0,1072.8317,-0.619524330067913,4.94370574968464
method2,5.0,604.1,1072.9317,-0.6253491418678825,4.939878606276345
method2,5.0,604.2,1073.0317,-0.631173953667852,4.93605146286805
method2,5.0,604.3,1073.1317,-0.6369839032111234,4.932200708730744
method2,5.0,604.4,1073.2317,-0.6427938527544015,4.928349954593434
method2,5.0,604.5,1073.3317,-0.6485888443446489,4.924475647396094
method2,5.0,604.6,1073.4317,-0.6543838359348965,4.920601340198754
method2,5.0,604.7,1073.5317,-0.6601637740993416,4.91670353799821
method2,5.0,604.8,1073.6317,-0.66594371226378,4.91280573579767
method2,5.0,604.9,1073.7317,-0.67170850175478,4.9088844970377306
method2,5.0,605.0,1073.8317,-0.67747329124578,4.90496325827779
method2,5.0,605.1,1073.9317,-0.683222837042444,4.9010186417883155
method2,5.0,605.2,1074.0317,-0.688972382839108,4.89707402529884
method2,5.0,605.3,1074.1317,-0.6947065901487984,4.893106090294944
method2,5.0,605.4,1074.2317,-0.7004407974584954,4.889138155291044
method2,5.0,605.5,1074.3317,-0.7061595717184375,4.885146961372129
method2,5.0,605.6,1074.4317,-0.7118783459783794,4.8811557674532144
method2,5.0,605.7,1074.5317,-0.7175815928572015,4.877141374602135
method2,5.0,605.8,1074.6317,-0.723284839736017,4.87312698175106
method2,5.0,605.9,1074.7317,-0.7289724651352705,4.869089450333226
method2,5.0,606.0,1074.8317,-0.734660090534524,4.86505191891539
method2,5.0,606.1,1074.9317,-0.740332000590306,4.860991309677815
method2,5.0,606.2,1075.0317,-0.746003910646088,4.85693070044024
method2,5.0,606.3,1075.1317,-0.7516600117305231,4.85284707451068
method2,5.0,606.4,1075.2317,-0.7573161128149646,4.848763448581114
method2,5.0,606.5,1075.3317,-0.7629563115377946,4.84465686746713
method2,5.0,606.6,1075.4317,-0.7685965102606246,4.840550286353144
method2,5.0,606.7,1075.5317,-0.7742207134707335,4.836420811941165
method2,5.0,606.8,1075.6317,-0.779844916680836,4.83229133752919
method2,5.0,606.9,1075.7317,-0.785453031467755,4.828139032083625
method2,5.0,607.0,1075.8317,-0.791061146254674,4.82398672663806
method2,5.0,607.1,1075.9317,-0.7966530799501635,4.81981165280033
method2,5.0,607.2,1076.0317,-0.802245013645653,4.8156365789626
method2,5.0,607.3,1076.1317,-0.8078206738252152,4.8114387997501895
method2,5.0,607.4,1076.2317,-0.8133963340047836,4.8072410205377745
method2,5.0,607.5,1076.3317,-0.8189556284891841,4.803020599343309
method2,5.0,607.6,1076.4317,-0.8245149229735846,4.798800178148844
method2,5.0,607.7,1076.5317,-0.830057759830384,4.794557178739125
method2,5.0,607.8,1076.6317,-0.835600596687177,4.79031417932941
method2,5.0,607.9,1076.7317,-0.8411268842322145,4.786048665844465
method2,5.0,608.0,1076.8317,-0.846653171777252,4.78178315235952
method2,5.0,608.1,1076.9317,-0.8521628185762085,4.777495189311615
method2,5.0,608.2,1077.0317,-0.857672465375165,4.77320722626371
method2,5.0,608.3,1077.1317,-0.8631653802450532,4.76889687853639
method2,5.0,608.4,1077.2317,-0.8686582951149477,4.764586530809066
method2,5.0,608.5,1077.3317,-0.8741343871256262,4.76025386365617
method2,5.0,608.6,1077.4317,-0.8796104791363047,4.755921196503276
method2,5.0,608.7,1077.5317,-0.8850696576119614,4.751566275547965
method2,5.0,608.8,1077.6317,-0.890528836087612,4.74721135459266
method2,5.0,608.9,1077.7317,-0.895971010608282,4.74283424582643
method2,5.0,609.0,1077.8317,-0.901413185128952,4.7384571370602
method2,5.0,609.1,1077.9317,-0.906838265532005,4.734057906841855
method2,5.0,609.2,1078.0317,-0.912263345935058,4.72965867662351
method2,5.0,609.3,1078.1317,-0.9176712423167058,4.725237391678185
method2,5.0,609.4,1078.2317,-0.9230791386983599,4.720816106732856
method2,5.0,609.5,1078.3317,-0.9284697614151344,4.71637283415099
method2,5.0,609.6,1078.4317,-0.9338603841319089,4.711929561569125
method2,5.0,609.7,1078.5317,-0.939233643802134,4.70746436880548
method2,5.0,609.8,1078.6317,-0.944606903472353,4.70299917604184
method2,5.0,609.9,1078.7317,-0.9499627109776381,4.698512130914439
method2,5.0,610.0,1078.8317,-0.955318518482923,4.69402508578704
method2,5.0,610.1,1078.9317,-0.9606567849696406,4.689516256476169
method2,5.0,610.2,1079.0317,-0.965995051456358,4.6850074271653
method2,5.0,610.3,1079.1317,-0.971315688337101,4.68047688221246
method2,5.0,610.4,1079.2317,-0.97663632521785,4.6759463372596155
method2,5.0,610.5,1079.3317,-0.981939244172943,4.671394145566465
method2,5.0,610.6,1079.4317,-0.987242163128036,4.666841953873315
method2,5.0,610.7,1079.5317,-0.992527276106938,4.662268184700681
method2,5.0,610.8,1079.6317,-0.997812389085834,4.65769441552805
method2,5.0,610.9,1079.7317,-1.003079608308632,4.653099138494831
method2,5.0,611.0,1079.8317,-1.00834682753143,4.64850386146161
method2,5.0,611.1,1079.9317,-1.013596065490305,4.643887146543721
method2,5.0,611.2,1080.0317,-1.01884530344918,4.63927043162583
method2,5.0,611.3,1080.1317,-1.024076472909814,4.63463234915517
method2,5.0,611.4,1080.2317,-1.029307642370454,4.6299942666845055
method2,5.0,611.5,1080.3317,-1.034520656373559,4.62533488734784
method2,5.0,611.6,1080.4317,-1.039733670376664,4.620675508011176
method2,5.0,611.7,1080.5317,-1.044928442239345,4.6159949028491045
method2,5.0,611.8,1080.6317,-1.05012321410202,4.61131429768704
method2,5.0,611.9,1080.7317,-1.055299657419225,4.60661253809293
method2,5.0,612.0,1080.8317,-1.06047610073643,4.60191077849882
method2,5.0,612.1,1080.9317,-1.065634129382445,4.5971879362176455
method2,5.0,612.2,1081.0317,-1.07079215802846,4.59246509393647
method2,5.0,612.3,1081.1317,-1.0759316861582693,4.5877212410638
method2,5.0,612.4,1081.2317,-1.0810712142880843,4.582977388191125
method2,5.0,612.5,1081.3317,-1.0861921563388492,4.578212597171966
method2,5.0,612.6,1081.4317,-1.0913130983896142,4.573447806152806
method2,5.0,612.7,1081.5317,-1.096415369082075,4.568662149780535
method2,5.0,612.8,1081.6317,-1.10151763977453,4.56387649340827
method2,5.0,612.9,1081.7317,-1.10660115411438,4.559070044823541
method2,5.0,613.0,1081.8317,-1.11168466845423,4.55426359623881
method2,5.0,613.1,1081.9317,-1.116749341733625,4.549436428928365
method2,5.0,613.2,1082.0317,-1.12181401501302,4.54460926161792
method2,5.0,613.3,1082.1317,-1.1268597628118993,4.539761449413556
method2,5.0,613.4,1082.2317,-1.1319055106107843,4.534913637209185
method2,5.0,613.5,1082.3317,-1.1369322487983342,4.53004525428655
method2,5.0,613.6,1082.4317,-1.1419589869858842,4.525176871363915
method2,5.0,613.7,1082.5317,-1.146966631721905,4.520287992241419
method2,5.0,613.8,1082.6317,-1.15197427645792,4.51539911311893
method2,5.0,613.9,1082.7317,-1.156962744194215,4.510489812656635
method2,5.0,614.0,1082.8317,-1.16195121193051,4.50558051219434
method2,5.0,614.1,1082.9317,-1.166920419412325,4.50065086559273
method2,5.0,614.2,1083.0317,-1.17188962689414,4.49572121899112
method2,5.0,614.3,1083.1317,-1.1768394911614843,4.490771301790031
method2,5.0,614.4,1083.2317,-1.1817893554288343,4.485821384588935
method2,5.0,614.5,1083.3317,-1.1867197938179344,4.480851272666365
method2,5.0,614.6,1083.4317,-1.1916502322070344,4.475881160743795
method2,5.0,614.7,1083.5317,-1.19656116235166,4.47089093031473
method2,5.0,614.8,1083.6317,-1.20147209249628,4.46590069988567
method2,5.0,614.9,1083.7317,-1.2063634323291201,4.460890427500965
method2,5.0,615.0,1083.8317,-1.21125477216196,4.45588015511626
method2,5.0,615.1,1083.9317,-1.216126439916015,4.4508499176614205
method2,5.0,615.2,1084.0317,-1.22099810767007,4.44581968020658
method2,5.0,615.3,1084.1317,-1.2258500218800146,4.4407695549006005
method2,5.0,615.4,1084.2317,-1.2307019360899645,4.435719429594616
method2,5.0,615.5,1084.3317,-1.2355340155934995,4.430649493988801
method2,5.0,615.6,1084.4317,-1.2403660950970345,4.425579558382985
method2,5.0,615.7,1084.5317,-1.24517825903623,4.42048989035974
method2,5.0,615.8,1084.6317,-1.24999042297542,4.4154002223365
method2,5.0,615.9,1084.7317,-1.2547825907980799,4.410290900108185
method2,5.0,616.0,1084.8317,-1.25957475862074,4.40518157787987
method2,5.0,616.1,1084.9317,-1.2643468500817399,4.400052679987555
method2,5.0,616.2,1085.0317,-1.26911894154274,4.39492378209524
method2,5.0,616.3,1085.1317,-1.2738708767053897,4.389775387407505
method2,5.0,616.4,1085.2317,-1.2786228118680447,4.384626992719766
method2,5.0,616.5,1085.3317,-1.2833545111054045,4.379459180431496
method2,5.0,616.6,1085.4317,-1.2880862103427646,4.3742913681432265
method2,5.0,616.7,1085.5317,-1.29279759433897,4.369104217774405
method2,5.0,616.8,1085.6317,-1.29750897833517,4.36391706740559
method2,5.0,616.9,1085.7317,-1.302199968086775,4.35871065880008
method2,5.0,617.0,1085.8317,-1.30689095783838,4.35350425019457
method2,5.0,617.1,1085.9317,-1.31156147465567,4.34827866351886
method2,5.0,617.2,1086.0317,-1.31623199147296,4.34305307684315
method2,5.0,617.3,1086.1317,-1.3208819569812797,4.337808392585151
method2,5.0,617.4,1086.2317,-1.3255319224896047,4.332563708327147
method2,5.0,617.5,1086.3317,-1.3301612586306648,4.327300007294921
method2,5.0,617.6,1086.4317,-1.3347905947717247,4.322036306262696
method2,5.0,617.7,1086.5317,-1.3393992238048948,4.31675366958325
method2,5.0,617.8,1086.6317,-1.34400785283806,4.31147103290381
method2,5.0,617.9,1086.7317,-1.34859569734169,4.306169542021835
method2,5.0,618.0,1086.8317,-1.35318354184532,4.30086805113986
method2,5.0,618.1,1086.9317,-1.35775052471804,4.29554778781647
method2,5.0,618.2,1087.0317,-1.36231750759076,4.29022752449308
method2,5.0,618.3,1087.1317,-1.36686355205274,4.284888570804556
method2,5.0,618.4,1087.2317,-1.3714095965147248,4.279549617116026
method2,5.0,618.5,1087.3317,-1.3759346261090297,4.274192055452526
method2,5.0,618.6,1087.4317,-1.3804596557033348,4.268834493789027
method2,5.0,618.7,1087.5317,-1.384963594297125,4.26345840685338
method2,5.0,618.8,1087.6317,-1.38946753289091,4.25808231991774
method2,5.0,618.9,1087.7317,-1.39395030467678,4.252687790724115
method2,5.0,619.0,1087.8317,-1.39843307646265,4.24729326153049
method2,5.0,619.1,1087.9317,-1.4028946059598701,4.24188037340313
method2,5.0,619.2,1088.0317,-1.40735613545709,4.23646748527577
method2,5.0,619.3,1088.1317,-1.411796347512885,4.231036321847736
method2,5.0,619.4,1088.2317,-1.416236559568685,4.225605158419696
method2,5.0,619.5,1088.3317,-1.42065537935951,4.220155803631505
method2,5.0,619.6,1088.4317,-1.4250741991503348,4.214706448843316
method2,5.0,619.7,1088.5317,-1.429471552183115,4.20923898694172
method2,5.0,619.8,1088.6317,-1.43386890521589,4.20377152504013
method2,5.0,619.9,1088.7317,-1.4382447173292499,4.1982860405768
method2,5.0,620.0,1088.8317,-1.44262052944261,4.19280055611347
method2,5.0,620.1,1088.9317,-1.44697472680819,4.187297133943645
method2,5.0,620.2,1089.0317,-1.45132892417377,4.18179371177382
method2,5.0,620.3,1089.1317,-1.455661433297385,4.176272437055056
method2,5.0,620.4,1089.2317,-1.459993942421005,4.170751162336286
method2,5.0,620.5,1089.3317,-1.46430469014397,4.165212120527071
method2,5.0,620.6,1089.4317,-1.4686154378669352,4.159673078717856
method2,5.0,620.7,1089.5317,-1.4729043513672249,4.154116355576365
method2,5.0,620.8,1089.6317,-1.47719326486751,4.14855963243488
method2,5.0,620.9,1089.7317,-1.48146027166099,4.14298531401761
method2,5.0,621.0,1089.8317,-1.48572727845447,4.13741099560034
method2,5.0,621.1,1089.9317,-1.489972306396185,4.13181916826076
method2,5.0,621.2,1090.0317,-1.4942173343379,4.12622734092118
method2,5.0,621.3,1090.1317,-1.4984403116232101,4.120618091308441
method2,5.0,621.4,1090.2317,-1.5026632889085252,4.115008841695696
method2,5.0,621.5,1090.3317,-1.5068641440743702,4.109382256753246
method2,5.0,621.6,1090.4317,-1.5110649992402152,4.103755671810796
method2,5.0,621.7,1090.5317,-1.5152436611663052,4.098111838775045
method2,5.0,621.8,1090.6317,-1.51942232309239,4.0924680057393
method2,5.0,621.9,1090.7317,-1.523578721002375,4.086807012138305
method2,5.0,622.0,1090.8317,-1.52773511891236,4.08114601853731
method2,5.0,622.1,1090.9317,-1.5318691823750799,4.07546795218937
method2,5.0,622.2,1091.0317,-1.5360032458378,4.06978988584143
method2,5.0,622.3,1091.1317,-1.5401149047684353,4.064094834853757
method2,5.0,622.4,1091.2317,-1.5442265636990753,4.058399783866077
method2,5.0,622.5,1091.3317,-1.5483157483603454,4.052687836633401
method2,5.0,622.6,1091.4317,-1.5524049330216154,4.046975889400726
method2,5.0,622.7,1091.5317,-1.55647157402497,4.04124713460394
method2,5.0,622.8,1091.6317,-1.56053821502832,4.03551837980716
method2,5.0,622.9,1091.7317,-1.5645822433350651,4.029772906411985
method2,5.0,623.0,1091.8317,-1.56862627164181,4.02402743301681
method2,5.0,623.1,1091.9317,-1.5726476185643299,4.018265330272335
method2,5.0,623.2,1092.0317,-1.57666896548685,4.01250322752786
method2,5.0,623.3,1092.1317,-1.5806675626897504,4.0067245849652116
method2,5.0,623.4,1092.2317,-1.5846661598926555,4.000945942402557
method2,5.0,623.5,1092.3317,-1.5886419393939204,3.995150849833492
method2,5.0,623.6,1092.4317,-1.5926177188951856,3.9893557572644265
method2,5.0,623.7,1092.5317,-1.596570613067325,3.98354430477994
method2,5.0,623.8,1092.6317,-1.60052350723946,3.97773285229546
method2,5.0,623.9,1092.7317,-1.6044534488106499,3.9719051302643997
method2,5.0,624.0,1092.8317,-1.60838339038184,3.96607740823334
method2,5.0,624.1,1092.9317,-1.61229031243708,3.960233507300985
method2,5.0,624.2,1093.0317,-1.61619723449232,3.95438960636863
method2,5.0,624.3,1093.1317,-1.6200810704745656,3.9485296174552715
method2,5.0,624.4,1093.2317,-1.6239649064568156,3.9426696285419065
method2,5.0,624.5,1093.3317,-1.6278255901681107,3.9367936428414567
method2,5.0,624.6,1093.4317,-1.6316862738794056,3.9309176571410065
method2,5.0,624.7,1093.5317,-1.635523739481975,3.9250257661195747
method2,5.0,624.8,1093.6317,-1.63936120508454,3.91913387509815
method2,5.0,624.9,1093.7317,-1.6431753871019499,3.9132261704926297
method2,5.0,625.0,1093.8317,-1.64698956911936,3.90731846588711
method2,5.0,625.1,1093.9317,-1.650780402437605,3.9013950397037247
method2,5.0,625.2,1094.0317,-1.65457123575585,3.89547161352034
method2,5.0,625.3,1094.1317,-1.6583386556244757,3.889532558033237
method2,5.0,625.4,1094.2317,-1.6621060754931059,3.883593502546127
method2,5.0,625.5,1094.3317,-1.6658500175263058,3.8776389102959117
method2,5.0,625.6,1094.4317,-1.6695939595595057,3.8716843180456966
method2,5.0,625.7,1094.5317,-1.6733143597372,3.86571428183803
method2,5.0,625.8,1094.6317,-1.67703475991489,3.85974424563037
method2,5.0,625.9,1094.7317,-1.680731554583845,3.8537588585345
method2,5.0,626.0,1094.8317,-1.6844283492528,3.84777347143863
method2,5.0,626.1,1094.9317,-1.688101475127685,3.84177282678595
method2,5.0,626.2,1095.0317,-1.69177460100257,3.83577218213327
method2,5.0,626.3,1095.1317,-1.695423995167051,3.829756373515857
method2,5.0,626.4,1095.2317,-1.6990733893315357,3.823740564898437
method2,5.0,626.5,1095.3317,-1.702698989239371,3.8177096861675768
method2,5.0,626.6,1095.4317,-1.7063245891472059,3.8116788074367167
method2,5.0,626.7,1095.5317,-1.709926332623255,3.805632952701485
method2,5.0,626.8,1095.6317,-1.7135280760993,3.79958709796626
method2,5.0,626.9,1095.7317,-1.71710590134063,3.7935263615920247
method2,5.0,627.0,1095.8317,-1.72068372658196,3.78746562521779
method2,5.0,627.1,1095.9317,-1.7242375721588998,3.7813901018247353
method2,5.0,627.2,1096.0317,-1.72779141773584,3.77531457843168
method2,5.0,627.3,1096.1317,-1.731321222592996,3.7692243628933673
method2,5.0,627.4,1096.2317,-1.734851027450156,3.7631341473550473
method2,5.0,627.5,1096.3317,-1.7383567309075212,3.757029334796847
method2,5.0,627.6,1096.4317,-1.741862434364886,3.750924522238647
method2,5.0,627.7,1096.5317,-1.745343976118805,3.744805208036365
method2,5.0,627.8,1096.6317,-1.74882551787272,3.73868589383409
method2,5.0,627.9,1096.7317,-1.752282837996955,3.73255217361242
method2,5.0,628.0,1096.8317,-1.75574015812119,3.72641845339075
method2,5.0,628.1,1096.9317,-1.759173197067955,3.7202704230217654
method2,5.0,628.2,1097.0317,-1.76260623601472,3.71412239265278
method2,5.0,628.3,1097.1317,-1.7660149346156813,3.707960148254492
method2,5.0,628.4,1097.2317,-1.7694236332166462,3.701797903856197
method2,5.0,628.5,1097.3317,-1.7728079326839712,3.695621541790962
method2,5.0,628.6,1097.4317,-1.7761922321512962,3.6894451797257273
method2,5.0,628.7,1097.5317,-1.77955207407862,3.68325479659884
method2,5.0,628.8,1097.6317,-1.78291191600594,3.67706441347196
method2,5.0,628.9,1097.7317,-1.78624724236938,3.6708601061301103
method2,5.0,629.0,1097.8317,-1.78958256873282,3.66465579878826
method2,5.0,629.1,1097.9317,-1.7928933218919951,3.65843766431797
method2,5.0,629.2,1098.0317,-1.79620407505117,3.65221952984768
method2,5.0,629.3,1098.1317,-1.7994901977501614,3.6459876655738572
method2,5.0,629.4,1098.2317,-1.8027763204491563,3.6397558013000273
method2,5.0,629.5,1098.3317,-1.8060377558175214,3.633510304784377
method2,5.0,629.6,1098.4317,-1.8092991911858862,3.6272648082687273
method2,5.0,629.7,1098.5317,-1.8125358827396099,3.62100577730827
method2,5.0,629.8,1098.6317,-1.81577257429333,3.61474674634782
method2,5.0,629.9,1098.7317,-1.818984465935805,3.60847427897338
method2,5.0,630.0,1098.8317,-1.82219635757828,3.60220181159894
method2,5.0,630.1,1098.9317,-1.825383393601295,3.59591600607353
method2,5.0,630.2,1099.0317,-1.82857042962431,3.58963020054812
method2,5.0,630.3,1099.1317,-1.8317325547089713,3.5833311553654923
method2,5.0,630.4,1099.2317,-1.8348946797936365,3.577032110182857
method2,5.0,630.5,1099.3317,-1.8380318390113615,3.570719924065882
method2,5.0,630.6,1099.4317,-1.8411689982290864,3.564407737948907
method2,5.0,630.7,1099.5317,-1.844281137042525,3.5580825098480897
method2,5.0,630.8,1099.6317,-1.84739327585596,3.55175728174728
method2,5.0,630.9,1099.7317,-1.85048034011994,3.545419110839195
method2,5.0,631.0,1099.8317,-1.85356740438392,3.53908093993111
method2,5.0,631.1,1099.9317,-1.8566293403464051,3.5327299256168003
method2,5.0,631.2,1100.0317,-1.85969127630889,3.52637891130249
method2,5.0,631.3,1100.1317,-1.8627280306118665,3.5200151532059873
method2,5.0,631.4,1100.2317,-1.8657647849148464,3.513651395109477
method2,5.0,631.5,1100.3317,-1.8687763045953065,3.5072749930761673
method2,5.0,631.6,1100.4317,-1.8717878242757666,3.500898591042857
method2,5.0,631.7,1100.5317,-1.87477405676657,3.494509645137935
method2,5.0,631.8,1100.6317,-1.87776028925737,3.48812069923302
method2,5.0,631.9,1100.7317,-1.8807211823881849,3.481719309739975
method2,5.0,632.0,1100.8317,-1.883682075519,3.47531792024693
method2,5.0,632.1,1100.9317,-1.886617577517185,3.4689041876659
method2,5.0,632.2,1101.0317,-1.88955307951537,3.46249045508487
method2,5.0,632.3,1101.1317,-1.8924631390069169,3.456064480131077
method2,5.0,632.4,1101.2317,-1.8953731984984667,3.449638505177277
method2,5.0,632.5,1101.3317,-1.8982577645088519,3.4432003887794824
method2,5.0,632.6,1101.4317,-1.9011423305192368,3.4367622723816873
method2,5.0,632.7,1101.5317,-1.9040013524743151,3.43031211568056
method2,5.0,632.8,1101.6317,-1.90686037442939,3.42386195897944
method2,5.0,632.9,1101.7317,-1.90969380215628,3.41739986332603
method2,5.0,633.0,1101.8317,-1.91252722988317,3.41093776767262
method2,5.0,633.1,1101.9317,-1.9153350136111351,3.4044638346267098
method2,5.0,633.2,1102.0317,-1.9181427973391,3.3979899015808
method2,5.0,633.3,1102.1317,-1.9209248877003968,3.3915042329093223
method2,5.0,633.4,1102.2317,-1.9237069780616969,3.3850185642378374
method2,5.0,633.5,1102.3317,-1.9264633260924668,3.3785212619132774
method2,5.0,633.6,1102.4317,-1.9292196741232368,3.3720239595887174
method2,5.0,633.7,1102.5317,-1.931950231264325,3.365515125787535
method2,5.0,633.8,1102.6317,-1.93468078840541,3.35900629198636
method2,5.0,633.9,1102.7317,-1.93738550650323,3.35248602908735
method2,5.0,634.0,1102.8317,-1.94009022460105,3.34596576618834
method2,5.0,634.1,1102.9317,-1.942769055908435,3.3394341767710447
method2,5.0,634.2,1103.0317,-1.94544788721582,3.33290258735375
method2,5.0,634.3,1103.1317,-1.948100784392837,3.3263597741968325
method2,5.0,634.4,1103.2317,-1.950753681569857,3.3198169610399075
method2,5.0,634.5,1103.3317,-1.953380597684662,3.3132630271195223
method2,5.0,634.6,1103.4317,-1.956007513799467,3.3067090931991374
method2,5.0,634.7,1103.5317,-1.95860840232911,3.3001441416873503
method2,5.0,634.8,1103.6317,-1.96120929085875,3.29357919017557
method2,5.0,634.9,1103.7317,-1.9637841056899799,3.287003324438705
method2,5.0,635.0,1103.8317,-1.96635892052121,3.28042745870184
method2,5.0,635.1,1103.9317,-1.968907615951315,3.273840782298855
method2,5.0,635.2,1104.0317,-1.97145631138142,3.26725410589587
method2,5.0,635.3,1104.1317,-1.9739788421190072,3.2606567225767424
method2,5.0,635.4,1104.2317,-1.9765013728565972,3.2540593392576076
method2,5.0,635.5,1104.3317,-1.9789976940224123,3.2474513529616424
method2,5.0,635.6,1104.4317,-1.9814940151882272,3.2408433666656777
method2,5.0,635.7,1104.5317,-1.98396408231591,3.23422488151997
method2,5.0,635.8,1104.6317,-1.98643414944359,3.22760639637427
method2,5.0,635.9,1104.7317,-1.98887791848049,3.2209775166919847
method2,5.0,636.0,1104.8317,-1.99132168751739,3.2143486370097
method2,5.0,636.1,1104.9317,-1.993739114825325,3.20770946728846
method2,5.0,636.2,1105.0317,-1.99615654213326,3.20107029756722
method2,5.0,636.3,1105.1317,-1.9985475844892975,3.1944209424874574
method2,5.0,636.4,1105.2317,-2.0009386268453375,3.1877715874076875
method2,5.0,636.5,1105.3317,-2.003303241442562,3.1811121518309577
method2,5.0,636.6,1105.4317,-2.0056678560397874,3.1744527162542275
method2,5.0,636.7,1105.5317,-2.008006000488045,3.16778330522162
method2,5.0,636.8,1105.6317,-2.0103441449363,3.16111389418902
method2,5.0,636.9,1105.7317,-2.01265577726295,3.154434612919475
method2,5.0,637.0,1105.8317,-2.0149674095896,3.14775533164993
method2,5.0,637.1,1105.9317,-2.0172524882402803,3.14106628553854
method2,5.0,637.2,1106.0317,-2.01953756689096,3.13437723942715
method2,5.0,637.3,1106.1317,-2.0217960507302926,3.1276785340435675
method2,5.0,637.4,1106.2317,-2.0240545345696273,3.1209798286599777
method2,5.0,637.5,1106.3317,-2.0262863828819873,3.1142715697466627
method2,5.0,637.6,1106.4317,-2.0285182311943473,3.1075633108333474
method2,5.0,637.7,1106.5317,-2.03072340368455,3.10084560430398
method2,5.0,637.8,1106.6317,-2.03292857617475,3.09412789777462
method2,5.0,637.9,1106.7317,-2.0351070329688,3.087400849712415
method2,5.0,638.0,1106.8317,-2.03728548976285,3.08067380165021
method2,5.0,638.1,1106.9317,-2.0394371914086253,3.0739375183061752
method2,5.0,638.2,1107.0317,-2.0415888930544,3.06720123496214
method2,5.0,638.3,1107.1317,-2.043713800522383,3.0604558227534877
method2,5.0,638.4,1107.2317,-2.045838707990368,3.0537104105448276
method2,5.0,638.5,1107.3317,-2.047936782674333,3.0469559760532277
method2,5.0,638.6,1107.4317,-2.050034857358298,3.0402015415616277
method2,5.0,638.7,1107.5317,-2.05210606107599,3.0334381915315354
method2,5.0,638.8,1107.6317,-2.05417726479368,3.02667484150145
method2,5.0,638.9,1107.7317,-2.05622155978751,3.0199026828384854
method2,5.0,639.0,1107.8317,-2.05826585478134,3.01313052417552
method2,5.0,639.1,1107.9317,-2.06028320371908,3.00634966394467
method2,5.0,639.2,1108.0317,-2.06230055265682,2.99956880371382
method2,5.0,639.3,1108.1317,-2.0642909186322425,2.9927793491378276
method2,5.0,639.4,1108.2317,-2.0662812846076677,2.9859898945618277
method2,5.0,639.5,1108.3317,-2.0682446311412277,2.9791919530194626
method2,5.0,639.6,1108.4317,-2.0702079776747877,2.9723940114770975
method2,5.0,639.7,1108.5317,-2.0721442687142897,2.965587690501455
method2,5.0,639.8,1108.6317,-2.07408055975379,2.95878136952582
method2,5.0,639.9,1108.7317,-2.075989759675005,2.951966776802665
method2,5.0,640.0,1108.8317,-2.07789895959622,2.94515218407951
method2,5.0,640.1,1108.9317,-2.079781033203575,2.93832942744551
method2,5.0,640.2,1109.0317,-2.08166310681093,2.93150667081151
method2,5.0,640.3,1109.1317,-2.083518019338113,2.924675858252568
method2,5.0,640.4,1109.2317,-2.085372931865298,2.9178450456936176
method2,5.0,640.5,1109.3317,-2.087200648975903,2.911006285343143
method2,5.0,640.6,1109.4317,-2.0890283660865077,2.904167524992668
method2,5.0,640.7,1109.5317,-2.0908288538746502,2.897320925129865
method2,5.0,640.8,1109.6317,-2.09262934166279,2.89047432526707
method2,5.0,640.9,1109.7317,-2.09440256665372,2.8836199943152847
method2,5.0,641.0,1109.8317,-2.09617579164465,2.8767656633635
method2,5.0,641.1,1109.9317,-2.09792172079539,2.869903709888415
method2,5.0,641.2,1110.0317,-2.09966764994613,2.86304175641333
method2,5.0,641.3,1110.1317,-2.1013862506460432,2.856172289121278
method2,5.0,641.4,1110.2317,-2.1031048513459583,2.849302821829218
method2,5.0,641.5,1110.3317,-2.104796091417373,2.8424259495654676
method2,5.0,641.6,1110.4317,-2.1064873314887884,2.835549077301718
method2,5.0,641.7,1110.5317,-2.108151179187565,2.8286649090487597
method2,5.0,641.8,1110.6317,-2.10981502688634,2.82178074079581
method2,5.0,641.9,1110.7317,-2.1114514509024653,2.814889385671605
method2,5.0,642.0,1110.8317,-2.11308787491859,2.8079980305474
method2,5.0,642.1,1110.9317,-2.1146968443767604,2.801099597803675
method2,5.0,642.2,1111.0317,-2.11630581383493,2.79420116505995
method2,5.0,642.3,1111.1317,-2.117887298295098,2.787295764080433
method2,5.0,642.4,1111.2317,-2.119468782755268,2.780390363100908
method2,5.0,642.5,1111.3317,-2.121022752213243,2.773478103399618
method2,5.0,642.6,1111.4317,-2.1225767216712184,2.766565843698328
method2,5.0,642.7,1111.5317,-2.1241031465591753,2.75964683491783
method2,5.0,642.8,1111.6317,-2.12562957144713,2.75272782613734
method2,5.0,642.9,1111.7317,-2.1271284226341898,2.74580217804703
method2,5.0,643.0,1111.8317,-2.12862727382125,2.73887652995672
method2,5.0,643.1,1111.9317,-2.130098522614005,2.7319443524510403
method2,5.0,643.2,1112.0317,-2.13156977140676,2.72501217494536
method2,5.0,643.3,1112.1317,-2.1330133895498236,2.718073578042103
method2,5.0,643.4,1112.2317,-2.1344570076928884,2.711134981138838
method2,5.0,643.5,1112.3317,-2.1358729673694135,2.704190074977323
method2,5.0,643.6,1112.4317,-2.137288927045938,2.697245168815808
method2,5.0,643.7,1112.5317,-2.1386772008781296,2.6902940636552404
method2,5.0,643.8,1112.6317,-2.14006547471032,2.68334295849468
method2,5.0,643.9,1112.7317,-2.141426035759965,2.6763857647123253
method2,5.0,644.0,1112.8317,-2.14278659680961,2.66942857092997
method2,5.0,644.1,1112.9317,-2.14411941857857,2.662465399019415
method2,5.0,644.2,1113.0317,-2.14545224034753,2.65550222710886
method2,5.0,644.3,1113.1317,-2.1467572967782487,2.648533187678288
method2,5.0,644.4,1113.2317,-2.1480623532089687,2.641564148247708
method2,5.0,644.5,1113.3317,-2.1493396186849685,2.634589352018078
method2,5.0,644.6,1113.4317,-2.1506168841609687,2.627614555788448
method2,5.0,644.7,1113.5317,-2.151866333507325,2.6206341135918
method2,5.0,644.8,1113.6317,-2.15311578285368,2.61365367139516
method2,5.0,644.9,1113.7317,-2.154337391337505,2.6066676941728604
method2,5.0,645.0,1113.8317,-2.15555899982133,2.59968171695056
method2,5.0,645.1,1113.9317,-2.1567527431522446,2.59269031575145
method2,5.0,645.2,1114.0317,-2.15794648648316,2.58569891455234
method2,5.0,645.3,1114.1317,-2.159112340813759,2.578702200531078
method2,5.0,645.4,1114.2317,-2.160278195144359,2.571705486509808
method2,5.0,645.5,1114.3317,-2.161416137070679,2.564703570925008
method2,5.0,645.6,1114.4317,-2.162554078996999,2.557701655340208
method2,5.0,645.7,1114.5317,-2.163664085558935,2.550694649552745
method2,5.0,645.8,1114.6317,-2.16477409212087,2.54368764376529
method2,5.0,645.9,1114.7317,-2.16585614080266,2.536675659236515
method2,5.0,646.0,1114.8317,-2.16693818948445,2.52966367470774
method2,5.0,646.1,1114.9317,-2.16799225821509,2.52264682299765
method2,5.0,646.2,1115.0317,-2.16904632694573,2.51562997128756
method2,5.0,646.3,1115.1317,-2.1700723940994036,2.508608364053103
method2,5.0,646.4,1115.2317,-2.1710984612530786,2.501586756818638
method2,5.0,646.5,1115.3317,-2.172096505649579,2.494560505811868
method2,5.0,646.6,1115.4317,-2.1730945500460788,2.487534254805098
method2,5.0,646.7,1115.5317,-2.17406455095123,2.48050347187143
method2,5.0,646.8,1115.6317,-2.17503455185638,2.47347268893777
method2,5.0,646.9,1115.7317,-2.1759764889824447,2.466437486014235
method2,5.0,647.0,1115.8317,-2.17691842610851,2.4594022830907
method2,5.0,647.1,1115.9317,-2.1778322796145853,2.45236277220407
method2,5.0,647.2,1116.0317,-2.17874613312066,2.44532326131744
method2,5.0,647.3,1116.1317,-2.179631883613074,2.438279554582543
method2,5.0,647.4,1116.2317,-2.180517634105489,2.431235847847638
method2,5.0,647.5,1116.3317,-2.181375262638179,2.424188057465498
method2,5.0,647.6,1116.4317,-2.182232891170869,2.417140267083358
method2,5.0,647.7,1116.5317,-2.18306237924578,2.410088505339425
method2,5.0,647.8,1116.6317,-2.18389186732069,2.4030367435955
method2,5.0,647.9,1116.7317,-2.18469319688813,2.39598112285793
method2,5.0,648.0,1116.8317,-2.18549452645557,2.38892550212036
method2,5.0,648.1,1116.9317,-2.1862676799145797,2.381866134838125
method2,5.0,648.2,1117.0317,-2.18704083337359,2.37480676755589
method2,5.0,648.3,1117.1317,-2.187785793572304,2.367743766257038
method2,5.0,648.4,1117.2317,-2.188530753771019,2.360680764958178
method2,5.0,648.5,1117.3317,-2.189247504007024,2.353614242248028
method2,5.0,648.6,1117.4317,-2.189964254243029,2.346547719537878
method2,5.0,648.7,1117.5317,-2.190652778263685,2.33947778809721
method2,5.0,648.8,1117.6317,-2.19134130228434,2.33240785665655
method2,5.0,648.9,1117.7317,-2.19200158428713,2.3253346292398653
method2,5.0,649.0,1117.8317,-2.19266186628992,2.31826140182318
method2,5.0,649.1,1117.9317,-2.193293890922795,2.31118499125685
method2,5.0,649.2,1118.0317,-2.19392591555567,2.30410858069052
method2,5.0,649.3,1118.1317,-2.1945296679173394,2.2970290998709832
method2,5.0,649.4,1118.2317,-2.195133420279009,2.289949619051438
method2,5.0,649.5,1118.3317,-2.1957088859192844,2.2828671809434082
method2,5.0,649.6,1118.4317,-2.1962843515595596,2.275784742835378
method2,5.0,649.7,1118.5317,-2.19683151647964,2.268699460470075
method2,5.0,649.8,1118.6317,-2.19737868139972,2.26161417810478
method2,5.0,649.9,1118.7317,-2.197897532052515,2.25452616457809
method2,5.0,650.0,1118.8317,-2.19841638270531,2.2474381510514
method2,5.0,650.1,1118.9317,-2.198906905995715,2.2403475195220803
method2,5.0,650.2,1119.0317,-2.19939742928612,2.23325688799276
method2,5.0,650.3,1119.1317,-2.1998596125713044,2.226163751680628
method2,5.0,650.4,1119.2317,-2.2003217958564893,2.219070615368488
method2,5.0,650.5,1119.3317,-2.200755626946189,2.211975087552608
method2,5.0,650.6,1119.4317,-2.2011894580358895,2.204879559736728
method2,5.0,650.7,1119.5317,-2.20159492519266,2.19778175375362
method2,5.0,650.8,1119.6317,-2.20200039234943,2.19068394777052
method2,5.0,650.9,1119.7317,-2.20237748428893,2.18358397701236
method2,5.0,651.0,1119.8317,-2.20275457622843,2.1764840062542
method2,5.0,651.1,1119.9317,-2.2031032821196597,2.1693819841669604
method2,5.0,651.2,1120.0317,-2.20345198801089,2.16227996207972
method2,5.0,651.3,1120.1317,-2.2037722974764598,2.1551760021614133
method2,5.0,651.4,1120.2317,-2.2040926069420297,2.148072042243098
method2,5.0,651.5,1120.3317,-2.2043845100583845,2.140966258041888
method2,5.0,651.6,1120.4317,-2.2046764131747394,2.133860473840678
method2,5.0,651.7,1120.5317,-2.20493990047241,2.12675297895316
method2,5.0,651.8,1120.6317,-2.20520338777008,2.11964548406565
method2,5.0,651.9,1120.7317,-2.2054384502339053,2.1125363921349747
method2,5.0,652.0,1120.8317,-2.20567351269773,2.1054273002043
method2,5.0,652.1,1120.9317,-2.205880141767075,2.098316724918355
method2,5.0,652.2,1121.0317,-2.20608677083642,2.09120614963241
method2,5.0,652.3,1121.1317,-2.206264958405385,2.084094204722048
method2,5.0,652.4,1121.2317,-2.20644314597435,2.076982259811678
method2,5.0,652.5,1121.3317,-2.206592884391995,2.069869059048813
method2,5.0,652.6,1121.4317,-2.20674262280964,2.062755858285948
method2,5.0,652.7,1121.5317,-2.206863904880175,2.0556415154818204
method2,5.0,652.8,1121.6317,-2.20698518695071,2.0485271726777
method2,5.0,652.9,1121.7317,-2.207078005933675,2.041411801681035
method2,5.0,653.0,1121.8317,-2.20717082491664,2.03429643068437
method2,5.0,653.1,1121.9317,-2.207235174527105,2.027180145379515
method2,5.0,653.2,1122.0317,-2.20729952413757,2.02006386007466
method2,5.0,653.3,1122.1317,-2.207335398546305,2.012946774379823
method2,5.0,653.4,1122.2317,-2.20737127295504,2.005829688684978
method2,5.0,653.5,1122.3317,-2.207378666788685,1.9987119165503229
method2,5.0,653.6,1122.4317,-2.20738606062233,1.991594144415668
method2,5.0,653.7,1122.5317,-2.2073649689635753,1.98447579982157
method2,5.0,653.8,1122.6317,-2.20734387730482,1.97735745522748
method2,5.0,653.9,1122.7317,-2.2072942956925203,1.97023865218269
method2,5.0,654.0,1122.8317,-2.20724471408022,1.9631198491379
method2,5.0,654.1,1122.9317,-2.207166638509595,1.95600070167765
method2,5.0,654.2,1123.0317,-2.20708856293897,1.9488815542174
method2,5.0,654.3,1123.1317,-2.206981989861695,1.9417621764016681
method2,5.0,654.4,1123.2317,-2.20687541678442,1.934642798585928
method2,5.0,654.5,1123.3317,-2.2067403431088,1.927523304497523
method2,5.0,654.6,1123.4317,-2.20660526943318,1.920403810409118
method2,5.0,654.7,1123.5317,-2.2064416925242547,1.913284314151915
method2,5.0,654.8,1123.6317,-2.20627811561533,1.90616481789472
method2,5.0,654.9,1123.7317,-2.206086033294995,1.8990454335918399
method2,5.0,655.0,1123.8317,-2.20589395097466,1.89192604928896
method2,5.0,655.1,1123.9317,-2.20567336152178,1.88480689108087
method2,5.0,655.2,1124.0317,-2.2054527720689,1.87768773287278
method2,5.0,655.3,1124.1317,-2.2052036742194105,1.870568914915533
method2,5.0,655.4,1124.2317,-2.2049545763699205,1.863450096958278
method2,5.0,655.5,1124.3317,-2.2046769693169406,1.856331733421638
method2,5.0,655.6,1124.4317,-2.2043993622639606,1.849213369884998
method2,5.0,655.7,1124.5317,-2.2040932456578552,1.8420955749506098
method2,5.0,655.8,1124.6317,-2.20378712905175,1.83497778001623
method2,5.0,655.9,1124.7317,-2.20345250300024,1.827860667875865
method2,5.0,656.0,1124.8317,-2.20311787694873,1.8207435557355
method2,5.0,656.1,1124.9317,-2.2027547420169347,1.8136272405891
method2,5.0,656.2,1125.0317,-2.20239160708514,1.8065109254427
method2,5.0,656.3,1125.1317,-2.2019999642956853,1.7993955214966482
method2,5.0,656.4,1125.2317,-2.2016083215062303,1.792280117550588
method2,5.0,656.5,1125.3317,-2.2011881723392706,1.785165739015803
method2,5.0,656.6,1125.4317,-2.2007680231723104,1.778051360481018
method2,5.0,656.7,1125.5317,-2.20031936956561,1.770938121571165
method2,5.0,656.8,1125.6317,-2.19987071595891,1.76382488266132
method2,5.0,656.9,1125.7317,-2.1993935603078754,1.756712897590985
method2,5.0,657.0,1125.8317,-2.19891640465684,1.74960091252065
method2,5.0,657.1,1125.9317,-2.198410749814545,1.7424902955034751
method2,5.0,657.2,1126.0317,-2.19790509497225,1.7353796784863
method2,5.0,657.3,1126.1317,-2.1973709442495055,1.7282705437331531
method2,5.0,657.4,1126.2317,-2.1968367935267605,1.721161408979998
method2,5.0,657.5,1126.3317,-2.1962741506920906,1.714053870697138
method2,5.0,657.6,1126.4317,-2.1957115078574203,1.706946332414278
method2,5.0,657.7,1126.5317,-2.19512037713712,1.6998405048015401
method2,5.0,657.8,1126.6317,-2.19452924641682,1.69273467718881
method2,5.0,657.9,1126.7317,-2.19390963249493,1.6856306744377751
method2,5.0,658.0,1126.8317,-2.19329001857304,1.67852667168674
method2,5.0,658.1,1126.9317,-2.1926419265913752,1.67142460797886
method2,5.0,658.2,1127.0317,-2.19199383460971,1.66432254427098
method2,5.0,658.3,1127.1317,-2.1913172701678407,1.657222533775778
method2,5.0,658.4,1127.2317,-2.1906407057259707,1.650122523280568
method2,5.0,658.5,1127.3317,-2.1899356748812058,1.643024680153768
method2,5.0,658.6,1127.4317,-2.189230644036441,1.635926837026968
method2,5.0,658.7,1127.5317,-2.18849715330381,1.62883127540871
method2,5.0,658.8,1127.6317,-2.18776366257118,1.62173571379046
method2,5.0,658.9,1127.7317,-2.18700171892342,1.61464254780343
method2,5.0,659.0,1127.8317,-2.18623977527566,1.6075493818164
method2,5.0,659.1,1127.9317,-2.18544938614315,1.60045872556401
method2,5.0,659.2,1128.0317,-2.18465899701064,1.59336806931162
method2,5.0,659.3,1128.1317,-2.183840170281391,1.586280036876138
method2,5.0,659.4,1128.2317,-2.183021343552141,1.579192004440648
method2,5.0,659.5,1128.3317,-2.182174087571726,1.5721067098813981
method2,5.0,659.6,1128.4317,-2.181326831591311,1.565021415322148
method2,5.0,659.7,1128.5317,-2.18045115516281,1.5579389726736799
method2,5.0,659.8,1128.6317,-2.17957547873431,1.55085653002522
method2,5.0,659.9,1128.7317,-2.17867139111825,1.5437770532954551
method2,5.0,660.0,1128.8317,-2.17776730350219,1.53669757656569
method2,5.0,660.1,1128.9317,-2.176834814416465,1.52962117973408
method2,5.0,660.2,1129.0317,-2.17590232533074,1.52254478290247
method2,5.0,660.3,1129.1317,-2.1749414449505458,1.5154715799181981
method2,5.0,660.4,1129.2317,-2.1739805645703507,1.508398376933918
method2,5.0,660.5,1129.3317,-2.172991303528076,1.5013284817139831
method2,5.0,660.6,1129.4317,-2.1720020424858015,1.494258586494048
method2,5.0,660.7,1129.5317,-2.170984411870965,1.487192112921545
method2,5.0,660.8,1129.6317,-2.16996678125613,1.48012563934905
method2,5.0,660.9,1129.7317,-2.168920792615245,1.4730627012712452
method2,5.0,661.0,1129.8317,-2.16787480397436,1.46599976319344
method2,5.0,661.1,1129.9317,-2.1668004693108447,1.458940474419985
method2,5.0,661.2,1130.0317,-2.16572613464733,1.45188118564653
method2,5.0,661.3,1130.1317,-2.1646234664213964,1.444825659947603
method2,5.0,661.4,1130.2317,-2.1635207981954614,1.437770134248668
method2,5.0,661.5,1130.3317,-2.162389809323966,1.430718485353123
method2,5.0,661.6,1130.4317,-2.1612588204524714,1.423666836457578
method2,5.0,661.7,1130.5317,-2.1600995243088104,1.41661917805117
method2,5.0,661.8,1130.6317,-2.15894022816515,1.40957151964477
method2,5.0,661.9,1130.7317,-2.1577526385791153,1.4025279653682952
method2,5.0,662.0,1130.8317,-2.15656504899308,1.39548441109182
method2,5.0,662.1,1130.9317,-2.155349180250705,1.38844507453924
method2,5.0,662.2,1131.0317,-2.15413331150833,1.38140573798666
method2,5.0,662.3,1131.1317,-2.1528891783517365,1.374370732703348
method2,5.0,662.4,1131.2317,-2.151645045195141,1.367335727420028
method2,5.0,662.5,1131.3317,-2.1503726628223814,1.360305166900848
method2,5.0,662.6,1131.4317,-2.1491002804496215,1.353274606381668
method2,5.0,662.7,1131.5317,-2.14779966451453,1.34624860406923
method2,5.0,662.8,1131.6317,-2.14649904857944,1.3392226017568
method2,5.0,662.9,1131.7317,-2.14517021519142,1.332201271039605
method2,5.0,663.0,1131.8317,-2.1438413818034,1.32517994032241
method2,5.0,663.1,1131.9317,-2.14248434752727,1.31816339453296
method2,5.0,663.2,1132.0317,-2.14112731325114,1.31114684874351
method2,5.0,663.3,1132.1317,-2.1397420951069317,1.304135201156568
method2,5.0,663.4,1132.2317,-2.138356876962722,1.297123553569618
method2,5.0,663.5,1132.3317,-2.136943492425497,1.2901169174003129
method2,5.0,663.6,1132.4317,-2.135530107888272,1.283110281231008
method2,5.0,663.7,1132.5317,-2.134088574887895,1.2761087696330249
method2,5.0,663.8,1132.6317,-2.13264704188752,1.26910725803505
method2,5.0,663.9,1132.7317,-2.1311773788084603,1.2621109840988551
method2,5.0,664.0,1132.8317,-2.1297077157294,1.25511471016266
method2,5.0,664.1,1132.9317,-2.128209941410515,1.24812378691358
method2,5.0,664.2,1133.0317,-2.12671216709163,1.2411328636645
method2,5.0,664.3,1133.1317,-2.1251863008259364,1.234147404060973
method2,5.0,664.4,1133.2317,-2.1236604345602417,1.227161944457438
method2,5.0,664.5,1133.3317,-2.1221064960946667,1.2201820613891379
method2,5.0,664.6,1133.4317,-2.120552557629092,1.213202178320838
method2,5.0,664.7,1133.5317,-2.118970567164255,1.20622798460688
method2,5.0,664.8,1133.6317,-2.11738857669942,1.19925379089293
method2,5.0,664.9,1133.7317,-2.11577855488938,1.19228539928006
method2,5.0,665.0,1133.8317,-2.11416853307934,1.18531700766719
method2,5.0,665.1,1133.9317,-2.11253050103132,1.17835453082793
method2,5.0,665.2,1134.0317,-2.1108924689833,1.17139205398867
method2,5.0,665.3,1134.1317,-2.109226448257437,1.164435604519498
method2,5.0,665.4,1134.2317,-2.107560427531572,1.157479155050318
method2,5.0,665.5,1134.3317,-2.105866440140662,1.150528845469868
method2,5.0,665.6,1134.4317,-2.1041724527497516,1.143578535889418
method2,5.0,665.7,1134.5317,-2.10245052115893,1.1366344786366298
method2,5.0,665.8,1134.6317,-2.10072858956811,1.12969042138385
method2,5.0,665.9,1134.7317,-2.0989787366946198,1.122752728816215
method2,5.0,666.0,1134.8317,-2.09722888382113,1.11581503624858
method2,5.0,666.1,1134.9317,-2.095451133033995,1.108883820640245
method2,5.0,666.2,1135.0317,-2.09367338224686,1.10195260503191
method2,5.0,666.3,1135.1317,-2.091867757366577,1.0950279785719077
method2,5.0,666.4,1135.2317,-2.0900621324862922,1.0881033521118977
method2,5.0,666.5,1135.3317,-2.0882286577845472,1.0811854269022978
method2,5.0,666.6,1135.4317,-2.0863951830828023,1.0742675016926977
method2,5.0,666.7,1135.5317,-2.084533883282155,1.067356389746835
method2,5.0,666.8,1135.6317,-2.08267258348151,1.06044527780098
method2,5.0,666.9,1135.7317,-2.0807834837550647,1.0535410910416152
method2,5.0,667.0,1135.8317,-2.07889438402862,1.04663690428225
method2,5.0,667.1,1135.9317,-2.07697750999968,1.03973975453976
method2,5.0,667.2,1136.0317,-2.07506063597074,1.03284260479727
method2,5.0,667.3,1136.1317,-2.0731160137125073,1.025952603807838
method2,5.0,667.4,1136.2317,-2.071171391454272,1.0190626028183978
method2,5.0,667.5,1136.3317,-2.0691990474894673,1.012179862222183
method2,5.0,667.6,1136.4317,-2.0672267035246623,1.0052971216259678
method2,5.0,667.7,1136.5317,-2.065226664825205,0.9984217529653375
method2,5.0,667.8,1136.6317,-2.06322662612575,0.991546384304715
method2,5.0,667.9,1136.7317,-2.06119892011238,0.9846784990224224
method2,5.0,668.0,1136.8317,-2.05917121409901,0.97781061374013
method2,5.0,668.1,1136.9317,-2.057115868640925,0.9709503231774885
method2,5.0,668.2,1137.0317,-2.05506052318284,0.964090032614847
method2,5.0,668.3,1137.1317,-2.0529775665973324,0.9572374480099568
method2,5.0,668.4,1137.2317,-2.0508946100118224,0.9503848634050588
method2,5.0,668.5,1137.3317,-2.0487840710638925,0.9435400958909443
method2,5.0,668.6,1137.4317,-2.046673532115962,0.9366953283768298
method2,5.0,668.7,1137.5317,-2.0445354400179196,0.9298584889797195
method2,5.0,668.8,1137.6317,-2.04239734791988,0.923021649582617
method2,5.0,668.9,1137.7317,-2.040231732330975,0.916192849220093
method2,5.0,669.0,1137.8317,-2.03806611674207,0.909364048857569
method2,5.0,669.1,1137.9317,-2.0358730077680747,0.902543398336773
method2,5.0,669.2,1138.0317,-2.03367989879408,0.895722747815977
method2,5.0,669.3,1138.1317,-2.0314593269868877,0.8889103578318333
method2,5.0,669.4,1138.2317,-2.029238755179693,0.8820979678476818
method2,5.0,669.5,1138.3317,-2.026990751536873,0.8752939489810417
method2,5.0,669.6,1138.4317,-2.0247427478940527,0.8684899301144018
method2,5.0,669.7,1138.5317,-2.022467343858475,0.8616943928303274
method2,5.0,669.8,1138.6317,-2.0201919398229,0.854898855546261
method2,5.0,669.9,1138.7317,-2.01788916728227,0.848111910192212
method2,5.0,670.0,1138.8317,-2.01558639474164,0.841324964838163
method2,5.0,670.1,1138.9317,-2.01325628602808,0.8345467216421495
method2,5.0,670.2,1139.0317,-2.01092617731452,0.827768478446136
method2,5.0,670.3,1139.1317,-2.0085687652041027,0.8209990475150076
method2,5.0,670.4,1139.2317,-2.0062113530936827,0.8142296165838716
method2,5.0,670.5,1139.3317,-2.0038266708059878,0.8074691079014457
method2,5.0,670.6,1139.4317,-2.001441988518293,0.8007085992190197
method2,5.0,670.7,1139.5317,-1.999030069715965,0.7939571226443715
method2,5.0,670.8,1139.6317,-1.99661815091364,0.787205646069731
method2,5.0,670.9,1139.7317,-1.9941790297019049,0.780463311335395
method2,5.0,671.0,1139.8317,-1.99173990849017,0.773720976601059
method2,5.0,671.1,1139.9317,-1.989273619416355,0.7669878933111864
method2,5.0,671.2,1140.0317,-1.98680733034254,0.760254810021314
method2,5.0,671.3,1140.1317,-1.9843139083956078,0.7535310876499661
method2,5.0,671.4,1140.2317,-1.9818204864486728,0.7468073652786107
method2,5.0,671.5,1140.3317,-1.9792999670587228,0.7400931131679251
method2,5.0,671.6,1140.4317,-1.9767794476687728,0.7333788610572397
method2,5.0,671.7,1140.5317,-1.97423186670655,0.7266741884156704
method2,5.0,671.8,1140.6317,-1.97168428574433,0.719969515774109
method2,5.0,671.9,1140.7317,-1.96910967952073,0.7132745316746949
method2,5.0,672.0,1140.8317,-1.96653507329713,0.706579547575281
method2,5.0,672.1,1140.9317,-1.963933478562665,0.6998943609537844
method2,5.0,672.2,1141.0317,-1.9613318838282,0.693209174332288
method2,5.0,672.3,1141.1317,-1.9587033377725178,0.6865338939855016
method2,5.0,672.4,1141.2317,-1.9560747917168329,0.6798586136387076
method2,5.0,672.5,1141.3317,-1.953419331968158,0.6731933482226311
method2,5.0,672.6,1141.4317,-1.950763872219483,0.6665280828065545
method2,5.0,672.7,1141.5317,-1.9480815368441,0.6598729408346444
method2,5.0,672.8,1141.6317,-1.94539920146872,0.653217798862742
method2,5.0,672.9,1141.7317,-1.94269002897045,0.6465728887041825
method2,5.0,673.0,1141.8317,-1.93998085647218,0.639927978545623
method2,5.0,673.1,1141.9317,-1.93724488579181,0.633293408423505
method2,5.0,673.2,1142.0317,-1.93450891511144,0.626658838301387
method2,5.0,673.3,1142.1317,-1.9317461856261782,0.6200347162909671
method2,5.0,673.4,1142.2317,-1.9289834561409132,0.6134105942805396
method2,5.0,673.5,1142.3317,-1.9261940076638482,0.6067970283074835
method2,5.0,673.6,1142.4317,-1.9234045591867832,0.6001834623344275
method2,5.0,673.7,1142.5317,-1.92058843196627,0.5935805601730431
method2,5.0,673.8,1142.6317,-1.91777230474576,0.586977658011666
method2,5.0,673.9,1142.7317,-1.91492953946492,0.5803855272831875
method2,5.0,674.0,1142.8317,-1.91208677418408,0.573793396554709
method2,5.0,674.1,1142.9317,-1.90921741196015,0.5672121447254885
method2,5.0,674.2,1143.0317,-1.90634804973622,0.560630892896268
method2,5.0,674.3,1143.1317,-1.9034521321199933,0.5540606272760464
method2,5.0,674.4,1143.2317,-1.9005562145037633,0.5474903616558174
method2,5.0,674.5,1143.3317,-1.8976337834790034,0.5409311893959705
method2,5.0,674.6,1143.4317,-1.8947113524542434,0.5343720171361235
method2,5.0,674.7,1143.5317,-1.8917624504370552,0.5278240452279346
method2,5.0,674.8,1143.6317,-1.88881354841987,0.521276073319753
method2,5.0,674.9,1143.7317,-1.88583821825813,0.5147394085926535
method2,5.0,675.0,1143.8317,-1.88286288809639,0.508202743865554
method2,5.0,675.1,1143.9317,-1.8798611730690902,0.501677492985382
method2,5.0,675.2,1144.0317,-1.87685945804179,0.49515224210521
method2,5.0,675.3,1144.1317,-1.8738314018584386,0.4886385115724624
method2,5.0,675.4,1144.2317,-1.8708033456750837,0.4821247810397074
method2,5.0,675.5,1144.3317,-1.8677489924750585,0.47562267718780593
method2,5.0,675.6,1144.4317,-1.8646946392750336,0.4691205733359044
method2,5.0,675.7,1144.5317,-1.861614033626965,0.46263020232948
method2,5.0,675.8,1144.6317,-1.8585334279789,0.456139831323063
method2,5.0,675.9,1144.7317,-1.855426614880015,0.449661299156204
method2,5.0,676.0,1144.8317,-1.85231980178113,0.443182766989345
method2,5.0,676.1,1144.9317,-1.8491868266566,0.436716179483868
method2,5.0,676.2,1145.0317,-1.84605385153207,0.430249591978391
method2,5.0,676.3,1145.1317,-1.8428947602343535,0.42379505478212987
method2,5.0,676.4,1145.2317,-1.8397356689366335,0.4173405175858613
method2,5.0,676.5,1145.3317,-1.8365505077448037,0.41089813617088833
method2,5.0,676.6,1145.4317,-1.8333653465529736,0.40445575475591533
method2,5.0,676.7,1145.5317,-1.83015416217206,0.398025634416896
method2,5.0,676.8,1145.6317,-1.82694297779115,0.391595514077884
method2,5.0,676.9,1145.7317,-1.823705817351465,0.385177759930312
method2,5.0,677.0,1145.8317,-1.82046865691178,0.37876000578274
method2,5.0,677.1,1145.9317,-1.81720556796821,0.37235472276122
method2,5.0,677.2,1146.0317,-1.81394247902464,0.3659494397397
method2,5.0,677.3,1146.1317,-1.8106535095559637,0.35955673259625426
method2,5.0,677.4,1146.2317,-1.8073645400872838,0.3531640254528013
method2,5.0,677.5,1146.3317,-1.8040497384954637,0.3467839987551048
method2,5.0,677.6,1146.4317,-1.8007349369036438,0.3404039720574083
method2,5.0,677.7,1146.5317,-1.797394352013145,0.3340367301871525
method2,5.0,677.8,1146.6317,-1.79405376712265,0.327669488316904
method2,5.0,677.9,1146.7317,-1.7906874481797,0.32131513546804646
method2,5.0,678.0,1146.8317,-1.78732112923675,0.314960782619189
method2,5.0,678.1,1146.9317,-1.7839291259086298,0.308619422796253
method2,5.0,678.2,1147.0317,-1.78053712258051,0.302278062973317
method2,5.0,678.3,1147.1317,-1.7771194849548237,0.2959497999897067
method2,5.0,678.4,1147.2317,-1.773701847329134,0.2896215370060892
method2,5.0,678.5,1147.3317,-1.770258625913064,0.2833064744823417
method2,5.0,678.6,1147.4317,-1.766815404496994,0.27699141195859417
method2,5.0,678.7,1147.5317,-1.76334665021658,0.270689653320749
method2,5.0,678.8,1147.6317,-1.75987789593617,0.264387894682911
method2,5.0,678.9,1147.7317,-1.756383660135565,0.25809954316080497
method2,5.0,679.0,1147.8317,-1.75288942433496,0.251811191638699
method2,5.0,679.1,1147.9317,-1.749369758775625,0.2455363502642205
method2,5.0,679.2,1148.0317,-1.74585009321629,0.239261508889742
method2,5.0,679.3,1148.1317,-1.742305050076314,0.2330002804952191
method2,5.0,679.4,1148.2317,-1.738760006936334,0.22673905210068912
method2,5.0,679.5,1148.3317,-1.7351896388095691,0.2204915393171261
method2,5.0,679.6,1148.4317,-1.731619270682804,0.21424402653356311
method2,5.0,679.7,1148.5317,-1.72802363057818,0.2080103317890325
method2,5.0,679.8,1148.6317,-1.72442799047356,0.201776637044509
method2,5.0,679.9,1148.7317,-1.72080713181425,0.1955568625624565
method2,5.0,680.0,1148.8317,-1.71718627315494,0.189337088080404
method2,5.0,680.1,1148.9317,-1.713540249777585,0.18313133587792252
method2,5.0,680.2,1149.0317,-1.70989422640023,0.176925583675441
method2,5.0,680.3,1149.1317,-1.7062230925541342,0.17073395556166554
method2,5.0,680.4,1149.2317,-1.7025519587080342,0.16454232744788305
method2,5.0,680.5,1149.3317,-1.6988557690543842,0.15836492502227004
method2,5.0,680.6,1149.4317,-1.6951595794007341,0.15218752259665702
method2,5.0,680.7,1149.5317,-1.691438389011755,0.14602444724733749
method2,5.0,680.8,1149.6317,-1.68771719862278,0.139861371898025
method2,5.0,680.9,1149.7317,-1.68397106298097,0.13371272480017848
method2,5.0,681.0,1149.8317,-1.68022492733916,0.127564077702332
method2,5.0,681.1,1149.9317,-1.67645390233641,0.1214299598164505
method2,5.0,681.2,1150.0317,-1.67268287733366,0.115295841930569
method2,5.0,681.3,1150.1317,-1.6688870192704692,0.10917635400086896
method2,5.0,681.4,1150.2317,-1.6650911612072743,0.10305686607116195
method2,5.0,681.5,1150.3317,-1.6612705267918795,0.09695210862388574
method2,5.0,681.6,1150.4317,-1.6574498923764844,0.09084735117660954
method2,5.0,681.7,1150.5317,-1.6536045387240499,0.08475742451838819
method2,5.0,681.8,1150.6317,-1.64975918507162,0.0786674978601738
method2,5.0,681.9,1150.7317,-1.645889169703365,0.07259250207641574
method2,5.0,682.0,1150.8317,-1.64201915433511,0.0665175062926577
method2,5.0,682.1,1150.9317,-1.6381245351774698,0.06045754124585209
method2,5.0,682.2,1151.0317,-1.63422991601983,0.0543975761990465
method2,5.0,682.3,1151.1317,-1.6303107514035644,0.04835274152714362
method2,5.0,682.4,1151.2317,-1.6263915867872945,0.042307906855233876
method2,5.0,682.5,1151.3317,-1.6224479354466494,0.03627830197000855
method2,5.0,682.6,1151.4317,-1.6185042841060044,0.030248697084783255
method2,5.0,682.7,1151.5317,-1.6145362051778052,0.02423442117019505
method2,5.0,682.8,1151.6317,-1.61056812624961,0.0182201452556137
method2,5.0,682.9,1151.7317,-1.606575679272425,0.01222129726621259
method2,5.0,683.0,1151.8317,-1.60258323229524,0.00622244927681148
method2,5.0,683.1,1151.9317,-1.59856647720845,0.0002391279360611804
method2,5.0,683.2,1152.0317,-1.59454972212166,-0.00574419340468912
method2,5.0,683.3,1152.1317,-1.5905087192645646,-0.011711889606016775
method2,5.0,683.4,1152.2317,-1.5864677164074648,-0.017679585807351215
method2,5.0,683.5,1152.3317,-1.5824025265183896,-0.023631558612797886
method2,5.0,683.6,1152.4317,-1.5783373366293147,-0.029583531418244536
method2,5.0,683.7,1152.5317,-1.574248020844725,-0.03551968280726415
method2,5.0,683.8,1152.6317,-1.57015870506014,-0.041455834196277
method2,5.0,683.9,1152.7317,-1.5660453249136799,-0.047376066385864
method2,5.0,684.0,1152.8317,-1.56193194476722,-0.053296298575451
method2,5.0,684.1,1152.9317,-1.557794562188825,-0.059200514021748196
method2,5.0,684.2,1153.0317,-1.55365717961043,-0.0651047294680454
method2,5.0,684.3,1153.1317,-1.5494958569253796,-0.07099283086795526
method2,5.0,684.4,1153.2317,-1.5453345342403246,-0.07688093226787181
method2,5.0,684.5,1153.3317,-1.5411493341683098,-0.08275282256065952
method2,5.0,684.6,1153.4317,-1.5369641340962947,-0.08862471285344722
method2,5.0,684.7,1153.5317,-1.53275511975049,-0.09448029522231745
method2,5.0,684.8,1153.6317,-1.52854610540469,-0.100335877591181
method2,5.0,684.9,1153.7317,-1.524313340290795,-0.106175055464891
method2,5.0,685.0,1153.8317,-1.5200805751769,-0.112014233338601
method2,5.0,685.1,1153.9317,-1.515824123192175,-0.117836910393054
method2,5.0,685.2,1154.0317,-1.51156767120745,-0.123659587447507
method2,5.0,685.3,1154.1317,-1.5072875966397847,-0.1294656676073199
method2,5.0,685.4,1154.2317,-1.5030075220721149,-0.1352717477671394
method2,5.0,685.5,1154.3317,-1.498703889599005,-0.14106113520727892
method2,5.0,685.6,1154.4317,-1.494400257125895,-0.14685052264741844
method2,5.0,685.7,1154.5317,-1.49007313181354,-0.152623121794707
method2,5.0,685.8,1154.6317,-1.48574600650119,-0.158395720941989
method2,5.0,685.9,1154.7317,-1.4813954538034602,-0.164151436476727
method2,5.0,686.0,1154.8317,-1.47704490110573,-0.169907152011465
method2,5.0,686.1,1154.9317,-1.4726709868632,-0.175645888868997
method2,5.0,686.2,1155.0317,-1.46829707262067,-0.181384625726529
method2,5.0,686.3,1155.1317,-1.46389986305963,-0.187106289098798
method2,5.0,686.4,1155.2317,-1.459502653498585,-0.1928279524710735
method2,5.0,686.5,1155.3317,-1.4550822152300051,-0.1985324478082285
method2,5.0,686.6,1155.4317,-1.4506617769614252,-0.20423694314538351
method2,5.0,686.7,1155.5317,-1.44621817698001,-0.209924176157283
method2,5.0,686.8,1155.6317,-1.4417745769986,-0.215611409169176
method2,5.0,686.9,1155.7317,-1.437307882681735,-0.221281285826957
method2,5.0,687.0,1155.8317,-1.43284118836487,-0.226951162484738
method2,5.0,687.1,1155.9317,-1.4283514674716051,-0.2326035890224165
method2,5.0,687.2,1156.0317,-1.42386174657834,-0.238256015560095
method2,5.0,687.3,1156.1317,-1.4193490672483853,-0.2438908984760496
method2,5.0,687.4,1156.2317,-1.4148363879184251,-0.2495257813920106
method2,5.0,687.5,1156.3317,-1.4103008186710753,-0.25514302745059614
method2,5.0,687.6,1156.4317,-1.4057652494237252,-0.26076027350918163
method2,5.0,687.7,1156.5317,-1.401206859156885,-0.26635978974220753
method2,5.0,687.8,1156.6317,-1.39664846889005,-0.271959305975227
method2,5.0,687.9,1156.7317,-1.392067326879155,-0.277540999683506
method2,5.0,688.0,1156.8317,-1.38748618486826,-0.283122693391785
method2,5.0,688.1,1156.9317,-1.3828823607652199,-0.2886864721467135
method2,5.0,688.2,1157.0317,-1.37827853666218,-0.294250250901642
method2,5.0,688.3,1157.1317,-1.3736521004943403,-0.29979602254666815
method2,5.0,688.4,1157.2317,-1.3690256643264953,-0.30534179419170066
method2,5.0,688.5,1157.3317,-1.3643766864955653,-0.3108694668438967
method2,5.0,688.6,1157.4317,-1.3597277086646353,-0.3163971394960927
method2,5.0,688.7,1157.5317,-1.3550562599456049,-0.3219066215476535
method2,5.0,688.8,1157.6317,-1.35038481122658,-0.327416103599208
method2,5.0,688.9,1157.7317,-1.3456909627667,-0.33290730371893995
method2,5.0,689.0,1157.8317,-1.34099711430682,-0.338398503838672
method2,5.0,689.1,1157.9317,-1.3362809376244549,-0.3438713309735705
method2,5.0,689.2,1158.0317,-1.33156476094209,-0.349344158108469
method2,5.0,689.3,1158.1317,-1.3268263279256753,-0.35479852148516383
method2,5.0,689.4,1158.2317,-1.3220878949092554,-0.3602528848618648
method2,5.0,689.5,1158.3317,-1.3173272778161753,-0.36568869398816933
method2,5.0,689.6,1158.4317,-1.3125666607230952,-0.3711245031144738
method2,5.0,689.7,1158.5317,-1.30778393217859,-0.3765416677808645
method2,5.0,689.8,1158.6317,-1.30300120363409,-0.381958832447249
method2,5.0,689.9,1158.7317,-1.2981964366301901,-0.387357262728338
method2,5.0,690.0,1158.8317,-1.29339166962629,-0.392755693009427
method2,5.0,690.1,1158.9317,-1.28856493752065,-0.3981352992654905
method2,5.0,690.2,1159.0317,-1.28373820541501,-0.403514905521554
method2,5.0,690.3,1159.1317,-1.2788895819298205,-0.4088755984000104
method2,5.0,690.4,1159.2317,-1.2740409584446255,-0.4142362912784729
method2,5.0,690.5,1159.3317,-1.2691705176654655,-0.41957798171535543
method2,5.0,690.6,1159.4317,-1.2643000768863055,-0.42491967215223797
method2,5.0,690.7,1159.5317,-1.259407893261045,-0.430242271373683
method2,5.0,690.8,1159.6317,-1.25451570963579,-0.435564870595122
method2,5.0,690.9,1159.7317,-1.24960185797345,-0.4408682901188105
method2,5.0,691.0,1159.8317,-1.24468800631111,-0.446171709642499
method2,5.0,691.1,1159.9317,-1.2397525617807,-0.45145586127916504
method2,5.0,691.2,1160.0317,-1.23481711725029,-0.456740012915831
method2,5.0,691.3,1160.1317,-1.2298601553796655,-0.46200480877071654
method2,5.0,691.4,1160.2317,-1.2249031935090355,-0.467269604625608
method2,5.0,691.5,1160.3317,-1.2199247901837456,-0.47251495709991853
method2,5.0,691.6,1160.4317,-1.2149463868584556,-0.47776030957422905
method2,5.0,691.7,1160.5317,-1.209946618320605,-0.482986131366578
method2,5.0,691.8,1160.6317,-1.20494684978276,-0.488211953158921
method2,5.0,691.9,1160.7317,-1.19992579262982,-0.49341815726679
method2,5.0,692.0,1160.8317,-1.19490473547688,-0.498624361374659
method2,5.0,692.1,1160.9317,-1.18986246666053,-0.5038108610958459
method2,5.0,692.2,1161.0317,-1.18482019784418,-0.508997360817033
method2,5.0,692.3,1161.1317,-1.1797567946691108,-0.5141640697510976
method2,5.0,692.4,1161.2317,-1.1746933914940358,-0.5193307786851681
method2,5.0,692.5,1161.3317,-1.1696089316167908,-0.5244776107348686
method2,5.0,692.6,1161.4317,-1.1645244717395458,-0.5296244427845691
method2,5.0,692.7,1161.5317,-1.1594190331673149,-0.534751312157277
method2,5.0,692.8,1161.6317,-1.15431359459509,-0.539878181529979
method2,5.0,692.9,1161.7317,-1.1491872556845348,-0.5449850027391214
method2,5.0,693.0,1161.8317,-1.14406091677398,-0.550091823948264
method2,5.0,693.1,1161.9317,-1.13891375623001,-0.5551785118147494
method2,5.0,693.2,1162.0317,-1.13376659568604,-0.560265199681235
method2,5.0,693.3,1162.1317,-1.128598692560636,-0.5653316693348562
method2,5.0,693.4,1162.2317,-1.1234307894352258,-0.5703981389884832
method2,5.0,693.5,1162.3317,-1.118242223126166,-0.5754443058693712
method2,5.0,693.6,1162.4317,-1.1130536568171059,-0.5804904727502592
method2,5.0,693.7,1162.5317,-1.10784450706683,-0.5855162526102344
method2,5.0,693.8,1162.6317,-1.10263535731656,-0.590542032470204
method2,5.0,693.9,1162.7317,-1.0974057042108951,-0.5955473413742145
method2,5.0,694.0,1162.8317,-1.09217605110523,-0.600552650278225
method2,5.0,694.1,1162.9317,-1.08692597507218,-0.605537404605744
method2,5.0,694.2,1163.0317,-1.08167589903913,-0.610522158933263
method2,5.0,694.3,1163.1317,-1.0764054808476309,-0.6154862753796694
method2,5.0,694.4,1163.2317,-1.071135062656126,-0.6204503918260813
method2,5.0,694.5,1163.3317,-1.0658443834147862,-0.6253937874040868
method2,5.0,694.6,1163.4317,-1.060553704173446,-0.6303371829820923
method2,5.0,694.7,1163.5317,-1.05524284532935,-0.6352597750230775
method2,5.0,694.8,1163.6317,-1.04993198648526,-0.640182367064057
method2,5.0,694.9,1163.7317,-1.044601029822685,-0.6450840732194595
method2,5.0,695.0,1163.8317,-1.03927007316011,-0.649985779374862
method2,5.0,695.1,1163.9317,-1.033919100799265,-0.6548665176175935
method2,5.0,695.2,1164.0317,-1.02856812843842,-0.659747255860325
method2,5.0,695.3,1164.1317,-1.0231972228341961,-0.6646069444860865
method2,5.0,695.4,1164.2317,-1.0178263172299662,-0.6694666331118535
method2,5.0,695.5,1164.3317,-1.0124355611706362,-0.6743051907405575
method2,5.0,695.6,1164.4317,-1.0070448051113061,-0.6791437483692615
method2,5.0,695.7,1164.5317,-1.0016342817173085,-0.6839610939463375
method2,5.0,695.8,1164.6317,-0.996223758323317,-0.688778439523408
method2,5.0,695.9,1164.7317,-0.9907935510459416,-0.6935744923211711
method2,5.0,696.0,1164.8317,-0.985363343768566,-0.698370545118934
method2,5.0,696.1,1164.9317,-0.9799135363886455,-0.7031452247379715
method2,5.0,696.2,1165.0317,-0.974463729008725,-0.707919904357009
method2,5.0,696.3,1165.1317,-0.9689944056353933,-0.7126731307274771
method2,5.0,696.4,1165.2317,-0.9635250822620552,-0.7174263570979506
method2,5.0,696.5,1165.3317,-0.9580363273314093,-0.7221580504809502
method2,5.0,696.6,1165.4317,-0.9525475724007633,-0.7268897438639497
method2,5.0,696.7,1165.5317,-0.9470394706745755,-0.73159982485285
method2,5.0,696.8,1165.6317,-0.941531368948394,-0.736309905841745
method2,5.0,696.9,1165.7317,-0.93600400551284,-0.7409982953634815
method2,5.0,697.0,1165.8317,-0.930476642077286,-0.745686684885218
method2,5.0,697.1,1165.9317,-0.9249301023415619,-0.750353304201679
method2,5.0,697.2,1166.0317,-0.919383562605838,-0.75501992351814
method2,5.0,697.3,1166.1317,-0.9138179323009088,-0.7596646942274287
method2,5.0,697.4,1166.2317,-0.9082523019959733,-0.7643094649367227
method2,5.0,697.5,1166.3317,-0.9026676671732008,-0.7689323089745113
method2,5.0,697.6,1166.4317,-0.8970830323504283,-0.7735551530122998
method2,5.0,697.7,1166.5317,-0.891479479380261,-0.7781559926531245
method2,5.0,697.8,1166.6317,-0.8858759264101,-0.782756832293944
method2,5.0,697.9,1166.7317,-0.8802535419807676,-0.7873355901524834
method2,5.0,698.0,1166.8317,-0.874631157551435,-0.791914348011023
method2,5.0,698.1,1166.9317,-0.8689900286675635,-0.7964709470434375
method2,5.0,698.2,1167.0317,-0.863348899783692,-0.801027546075852
method2,5.0,698.3,1167.1317,-0.8576891137649734,-0.8055619095810569
method2,5.0,698.4,1167.2317,-0.8520293277462484,-0.8100962730862669
method2,5.0,698.5,1167.3317,-0.8463509722260969,-0.8146083247072269
method2,5.0,698.6,1167.4317,-0.8406726167059454,-0.8191203763281869
method2,5.0,698.7,1167.5317,-0.8349757796301309,-0.823610040053198
method2,5.0,698.8,1167.6317,-0.829278942554323,-0.828099703778204
method2,5.0,698.9,1167.7317,-0.8235637121796475,-0.8325669039421455
method2,5.0,699.0,1167.8317,-0.817848481804972,-0.837034104106087
method2,5.0,699.1,1167.9317,-0.812114946697856,-0.841478765391731
method2,5.0,699.2,1168.0317,-0.80638141159074,-0.845923426677375
method2,5.0,699.3,1168.1317,-0.8006296606258685,-0.8503454741166394
method2,5.0,699.4,1168.2317,-0.7948779096609906,-0.854767521555909
method2,5.0,699.5,1168.3317,-0.7891080320199356,-0.8591668805311194
method2,5.0,699.6,1168.4317,-0.7833381543788805,-0.86356623950633
method2,5.0,699.7,1168.5317,-0.7775502395487345,-0.867942835751463
method2,5.0,699.8,1168.6317,-0.771762324718595,-0.872319431996591
method2,5.0,699.9,1168.7317,-0.7659564624905725,-0.8766731915985355
method2,5.0,700.0,1168.8317,-0.76015060026255,-0.88102695120048
method2,5.0,700.1,1168.9317,-0.7543268807305975,-0.88535780060028
method2,5.0,700.2,1169.0317,-0.748503161198645,-0.88968865000008
method2,5.0,700.3,1169.1317,-0.7426616747580347,-0.8939965159941806
method2,5.0,700.4,1169.2317,-0.7368201883174177,-0.8983043819882861
method2,5.0,700.5,1169.3317,-0.7309610256633507,-0.9025891917297636
method2,5.0,700.6,1169.4317,-0.7251018630092837,-0.9068740014712411
method2,5.0,700.7,1169.5317,-0.7192251151355016,-0.9111356824710205
method2,5.0,700.8,1169.6317,-0.713348367261726,-0.915397363470795
method2,5.0,700.9,1169.7317,-0.7074541254590795,-0.919635843598881
method2,5.0,701.0,1169.8317,-0.701559883656433,-0.923874323726967
method2,5.0,701.1,1169.9317,-0.6956482395114675,-0.9280895312136666
method2,5.0,701.2,1170.0317,-0.689736595366502,-0.932304738700366
method2,5.0,701.3,1170.1317,-0.6838076407600513,-0.9364966021374838
method2,5.0,701.4,1170.2317,-0.6778786861535938,-0.9406884655746063
method2,5.0,701.5,1170.3317,-0.6719325132593023,-0.9448569139166872
method2,5.0,701.6,1170.4317,-0.6659863403650108,-0.9490253622587682
method2,5.0,701.7,1170.5317,-0.6600230416479775,-0.953170324824249
method2,5.0,701.8,1170.6317,-0.654059742930951,-0.957315287389725
method2,5.0,701.9,1170.7317,-0.648079411146244,-0.961436693862155
method2,5.0,702.0,1170.8317,-0.642099079361537,-0.965558100334585
method2,5.0,702.1,1170.9317,-0.6361018075527605,-0.969655880763818
method2,5.0,702.2,1171.0317,-0.630104535743984,-0.973753661193051
method2,5.0,702.3,1171.1317,-0.6240904172418473,-0.9778277459964113
method2,5.0,702.4,1171.2317,-0.6180762987397039,-0.9819018307997763
method2,5.0,702.5,1171.3317,-0.6120454271605204,-0.9859521507632739
method2,5.0,702.6,1171.4317,-0.6060145555813369,-0.9900024707267715
method2,5.0,702.7,1171.5317,-0.599967024825635,-0.9940289570062265
method2,5.0,702.8,1171.6317,-0.59391949406994,-0.998055443285677
method2,5.0,702.9,1171.7317,-0.5878553983209845,-1.0020580274078985
method2,5.0,703.0,1171.8317,-0.581791302572029,-1.00606061153012
method2,5.0,703.1,1171.9317,-0.575710736294306,-1.0100392253941002
method2,5.0,703.2,1172.0317,-0.569630170016583,-1.01401783925808
method2,5.0,703.3,1172.1317,-0.5635332279544039,-1.0179724151361056
method2,5.0,703.4,1172.2317,-0.5574362858922178,-1.0219269910141355
method2,5.0,703.5,1172.3317,-0.5513230630681609,-1.0258574615529654
method2,5.0,703.6,1172.4317,-0.545209840244104,-1.0297879320917955
method2,5.0,703.7,1172.5317,-0.5390804319576115,-1.03369423031379
method2,5.0,703.8,1172.6317,-0.532951023671126,-1.03760052853578
method2,5.0,703.9,1172.7317,-0.526805525497003,-1.041482587840025
method2,5.0,704.0,1172.8317,-0.52066002732288,-1.04536464714427
method2,5.0,704.1,1172.9317,-0.514498535109751,-1.049222401307755
method2,5.0,704.2,1173.0317,-0.508337042896622,-1.05308015547124
method2,5.0,704.3,1173.1317,-0.502159652765513,-1.0569135386499107
method2,5.0,704.4,1173.2317,-0.49598226263439704,-1.0607469218285857
method2,5.0,704.5,1173.3317,-0.489789070977158,-1.0645558685585608
method2,5.0,704.6,1173.4317,-0.48359587931991904,-1.0683648152885357
method2,5.0,704.7,1173.5317,-0.47738698279779246,-1.072149260487115
method2,5.0,704.8,1173.6317,-0.471178086275673,-1.07593370568569
method2,5.0,704.9,1173.7317,-0.46495358181777047,-1.0796935846525249
method2,5.0,705.0,1173.8317,-0.458729077359868,-1.08345346361936
method2,5.0,705.1,1173.9317,-0.4524890621616085,-1.087188712037555
method2,5.0,705.2,1174.0317,-0.446249046963349,-1.09092396045575
method2,5.0,705.3,1174.1317,-0.4399936184850061,-1.0946345143929308
method2,5.0,705.4,1174.2317,-0.4337381900066561,-1.0983450683301157
method2,5.0,705.5,1174.3317,-0.4274674459717886,-1.1020308642395458
method2,5.0,705.6,1174.4317,-0.4211967019369211,-1.1057166601489758
method2,5.0,705.7,1174.5317,-0.414910740330865,-1.109377634870625
method2,5.0,705.8,1174.6317,-0.408624778724816,-1.11303860959227
method2,5.0,705.9,1174.7317,-0.4023236977931915,-1.116674700353875
method2,5.0,706.0,1174.8317,-0.396022616861567,-1.12031079111548
method2,5.0,706.1,1174.9317,-0.3897065151086655,-1.123921935533665
method2,5.0,706.2,1175.0317,-0.383390413355764,-1.12753307995185
method2,5.0,706.3,1175.1317,-0.3770593895430842,-1.131119216033131
method2,5.0,706.4,1175.2317,-0.3707283657303972,-1.134705352114416
method2,5.0,706.5,1175.3317,-0.3643825188750467,-1.1382664182563258
method2,5.0,706.6,1175.4317,-0.3580366720196962,-1.141827484398236
method2,5.0,706.7,1175.5317,-0.351676101392865,-1.14536341939032
method2,5.0,706.8,1175.6317,-0.345315530766041,-1.1488993543824
method2,5.0,706.9,1175.7317,-0.33894033589148304,-1.152410097407295
method2,5.0,707.0,1175.8317,-0.332565141016925,-1.15592084043219
method2,5.0,707.1,1175.9317,-0.326175421669347,-1.15940633106664
method2,5.0,707.2,1176.0317,-0.319785702321769,-1.16289182170109
method2,5.0,707.3,1176.1317,-0.3133815585252898,-1.166351999917026
method2,5.0,707.4,1176.2317,-0.3069774147288033,-1.169812178132966
method2,5.0,707.5,1176.3317,-0.3005589467553933,-1.173246984298486
method2,5.0,707.6,1176.4317,-0.2941404787819833,-1.176681790464006
method2,5.0,707.7,1176.5317,-0.287707787149885,-1.18009116534443
method2,5.0,707.8,1176.6317,-0.281275095517794,-1.18350054022485
method2,5.0,707.9,1176.7317,-0.274828280989988,-1.186884424983715
method2,5.0,708.0,1176.8317,-0.268381466462182,-1.19026830974258
method2,5.0,708.1,1176.9317,-0.261920630044757,-1.19362664594265
method2,5.0,708.2,1177.0317,-0.255459793627332,-1.19698498214272
method2,5.0,708.3,1177.1317,-0.24898503656792137,-1.2003177117470212
method2,5.0,708.4,1177.2317,-0.24251027950850335,-1.2036504413513263
method2,5.0,708.5,1177.3317,-0.23602170329469788,-1.2069575067241114
method2,5.0,708.6,1177.4317,-0.22953312708089238,-1.2102645720968963
method2,5.0,708.7,1177.5317,-0.2230308334386685,-1.213545916004645
method2,5.0,708.8,1177.6317,-0.216528539796452,-1.21682725991239
method2,5.0,708.9,1177.7317,-0.21001263068856102,-1.22008282552479
method2,5.0,709.0,1177.8317,-0.20349672158067,-1.22333839113719
method2,5.0,709.1,1177.9317,-0.19696729920504452,-1.2265681220281301
method2,5.0,709.2,1178.0317,-0.190437876829419,-1.22979785291907
method2,5.0,709.3,1178.1317,-0.18389504361755793,-1.2330016930675913
method2,5.0,709.4,1178.2317,-0.17735221040568944,-1.2362055332161164
method2,5.0,709.5,1178.3317,-0.17079606902105995,-1.2393834270074064
method2,5.0,709.6,1178.4317,-0.16423992763643047,-1.2425613207986965
method2,5.0,709.7,1178.5317,-0.157670580972874,-1.2457132130250201
method2,5.0,709.8,1178.6317,-0.151101234309325,-1.24886510525134
method2,5.0,709.9,1178.7317,-0.144518785489426,-1.25199094111301
method2,5.0,710.0,1178.8317,-0.137936336669527,-1.25511677697468
method2,5.0,710.1,1178.9317,-0.131340889042994,-1.258216502080985
method2,5.0,710.2,1179.0317,-0.124745441416461,-1.26131622718729
method2,5.0,710.3,1179.1317,-0.11813709855852252,-1.2643897875574615
method2,5.0,710.4,1179.2317,-0.1115287557005765,-1.2674633479276365
method2,5.0,710.5,1179.3317,-0.10490762141030158,-1.2705106899917664
method2,5.0,710.6,1179.4317,-0.09828648712002663,-1.2735580320558963
method2,5.0,710.7,1179.5317,-0.09165266541877294,-1.2765791026558748
method2,5.0,710.8,1179.6317,-0.0850188437175268,-1.27960017325585
method2,5.0,710.9,1179.7317,-0.07837243884725945,-1.282594919646255
method2,5.0,711.0,1179.8317,-0.0717260339769921,-1.28558966603666
method2,5.0,711.1,1179.9317,-0.06506715039865066,-1.2885580358857198
method2,5.0,711.2,1180.0317,-0.0584082668203092,-1.29152640573478
method2,5.0,711.3,1180.1317,-0.05173700921218589,-1.2944683471252416
method2,5.0,711.4,1180.2317,-0.04506575160405498,-1.2974102885157066
method2,5.0,711.5,1180.3317,-0.0383822248600941,-1.3003257499457617
method2,5.0,711.6,1180.4317,-0.0316986981161332,-1.3032412113758167
method2,5.0,711.7,1180.5317,-0.025003007344356,-1.306130141759985
method2,5.0,711.8,1180.6317,-0.0183073165725864,-1.30901907214415
method2,5.0,711.9,1180.7317,-0.011599567093420894,-1.31188142081416
method2,5.0,712.0,1180.8317,-0.00489181761425539,-1.31474376948417
method2,5.0,712.1,1180.9317,0.0018278850411761445,-1.31757948618987
method2,5.0,712.2,1181.0317,0.00854758769660768,-1.32041520289557
method2,5.0,712.3,1181.1317,0.015279137788068439,-1.3232242378057568
method2,5.0,712.4,1181.2317,0.022010687879536847,-1.326033272715947
method2,5.0,712.5,1181.3317,0.028753979459424234,-1.3288155764192968
method2,5.0,712.6,1181.4317,0.035497271039311634,-1.331597880122647
method2,5.0,712.7,1181.5317,0.04225219795424595,-1.33435340362852
method2,5.0,712.8,1181.6317,0.0490071248691726,-1.33710892713439
method2,5.0,712.9,1181.7317,0.0557735807616835,-1.339837621873695
method2,5.0,713.0,1181.8317,0.0625400366541944,-1.342566316613
method2,5.0,713.1,1181.9317,0.06931791496445286,-1.34526813443909
method2,5.0,713.2,1182.0317,0.0760957932747113,-1.34796995226518
method2,5.0,713.3,1182.1317,0.08288498724213228,-1.350644845454632
method2,5.0,713.4,1182.2317,0.08967418120956099,-1.353319738644087
method2,5.0,713.5,1182.3317,0.09647458387454112,-1.355967659897582
method2,5.0,713.6,1182.4317,0.10327498653952127,-1.358615581151077
method2,5.0,713.7,1182.5317,0.1100864907451045,-1.3612364835942201
method2,5.0,713.8,1182.6317,0.11689799495068,-1.36385738603736
method2,5.0,713.9,1182.7317,0.12372049334420049,-1.3664512232214698
method2,5.0,714.0,1182.8317,0.130542991737721,-1.36904506040558
method2,5.0,714.1,1182.9317,0.137376376772584,-1.37161178630855
method2,5.0,714.2,1183.0317,0.144209761807447,-1.37417851221152
method2,5.0,714.3,1183.1317,0.15105392574474272,-1.376718081238597
method2,5.0,714.4,1183.2317,0.15789808968204622,-1.379257650265677
method2,5.0,714.5,1183.3317,0.1647529245923042,-1.381770017250282
method2,5.0,714.6,1183.4317,0.1716077595025622,-1.384282384234887
method2,5.0,714.7,1183.5317,0.17847315726743201,-1.386767504439395
method2,5.0,714.8,1183.6317,0.185338555032294,-1.3892526246439
method2,5.0,714.9,1183.7317,0.19221440734621548,-1.3917104537604401
method2,5.0,715.0,1183.8317,0.199090259660137,-1.39416828287698
method2,5.0,715.1,1183.9317,0.20597645803210302,-1.3965987770282
method2,5.0,715.2,1184.0317,0.212862656404069,-1.39902927117942
method2,5.0,715.3,1184.1317,0.21975909215931916,-1.4014323869192824
method2,5.0,715.4,1184.2317,0.22665552791457716,-1.4038355026591474
method2,5.0,715.5,1184.3317,0.23356209219630614,-1.4062111969736923
method2,5.0,715.6,1184.4317,0.24046865647803514,-1.4085868912882373
method2,5.0,715.7,1184.5317,0.2473852402491225,-1.410935121596335
method2,5.0,715.8,1184.6317,0.254301824020202,-1.41328335190443
method2,5.0,715.9,1184.7317,0.2612283180648905,-1.41560407605853
method2,5.0,716.0,1184.8317,0.268154812109579,-1.41792480021263
method2,5.0,716.1,1184.9317,0.2750911070352535,-1.420217976499535
method2,5.0,716.2,1185.0317,0.282027401960928,-1.42251115278644
method2,5.0,716.3,1185.1317,0.2889733881998256,-1.4247767399280173
method2,5.0,716.4,1185.2317,0.2959193744387311,-1.4270423270695973
method2,5.0,716.5,1185.3317,0.3028749422496731,-1.4292802842235375
method2,5.0,716.6,1185.4317,0.3098305100606151,-1.4315182413774776
method2,5.0,716.7,1185.5317,0.31679554953071704,-1.433728528138
method2,5.0,716.8,1185.6317,0.323760589000811,-1.43593881489852
method2,5.0,716.9,1185.7317,0.3307349900472415,-1.4381213912970998
method2,5.0,717.0,1185.8317,0.337709391093672,-1.44030396769568
method2,5.0,717.1,1185.9317,0.344693043465387,-1.4424587942017748
method2,5.0,717.2,1186.0317,0.351676695837102,-1.44461362070787
method2,5.0,717.3,1186.1317,0.3586694891165955,-1.4467406582296025
method2,5.0,717.4,1186.2317,0.36566228239609705,-1.4488676957513376
method2,5.0,717.5,1186.3317,0.372664106001146,-1.4509669056362227
method2,5.0,717.6,1186.4317,0.37966592960619505,-1.4530661155211075
method2,5.0,717.7,1186.5317,0.386676672791586,-1.455137459556715
method2,5.0,717.8,1186.6317,0.393687415976969,-1.45720880359232
method2,5.0,717.9,1186.7317,0.400706967836266,-1.459252244006985
method2,5.0,718.0,1186.8317,0.407726519695563,-1.46129568442165
method2,5.0,718.1,1186.9317,0.41475476916286647,-1.46331118388513
method2,5.0,718.2,1187.0317,0.42178301863017,-1.46532668334861
method2,5.0,718.3,1187.1317,0.428819854481852,-1.4673142049727728
method2,5.0,718.4,1187.2317,0.435856690333542,-1.4693017265969377
method2,5.0,718.5,1187.3317,0.4429020011900645,-1.4712612339364277
method2,5.0,718.6,1187.4317,0.449947312046587,-1.4732207412759177
method2,5.0,718.7,1187.5317,0.45700098637418196,-1.4751521983287899
method2,5.0,718.8,1187.6317,0.464054660701769,-1.47708365538166
method2,5.0,718.9,1187.7317,0.471116586814252,-1.478987026590065
method2,5.0,719.0,1187.8317,0.478178512926735,-1.48089039779847
method2,5.0,719.1,1187.9317,0.4852485789872725,-1.4827656480492601
method2,5.0,719.2,1188.0317,0.49231864504781,-1.48464089830005
method2,5.0,719.3,1188.1317,0.49939673907066495,-1.486487992925443
method2,5.0,719.4,1188.2317,0.506474833093528,-1.488335087550838
method2,5.0,719.5,1188.3317,0.513560842945897,-1.490153992329043
method2,5.0,719.6,1188.4317,0.520646852798266,-1.491972897107248
method2,5.0,719.7,1188.5317,0.527740666201974,-1.493763578263075
method2,5.0,719.8,1188.6317,0.534834479605674,-1.4955542594189
method2,5.0,719.9,1188.7317,0.5419359841389739,-1.4973166836243799
method2,5.0,720.0,1188.8317,0.549037488672274,-1.49907910782986
method2,5.0,720.1,1188.9317,0.5561465717716869,-1.500813242204865
method2,5.0,720.2,1189.0317,0.5632556548711,-1.50254737657987
method2,5.0,720.3,1189.1317,0.5703722038331149,-1.504253188692693
method2,5.0,720.4,1189.2317,0.5774887527951379,-1.505959000805518
method2,5.0,720.5,1189.3317,0.5846126547780889,-1.507636458673493
method2,5.0,720.6,1189.4317,0.5917365567610399,-1.509313916541468
method2,5.0,720.7,1189.5317,0.5988676987868105,-1.5109629886315301
method2,5.0,720.8,1189.6317,0.605998840812573,-1.51261206072159
method2,5.0,720.9,1189.7317,0.6131371097684075,-1.514232715950865
method2,5.0,721.0,1189.8317,0.620275378724242,-1.51585337118014
method2,5.0,721.1,1189.9317,0.6274206613645975,-1.5174455789165302
method2,5.0,721.2,1190.0317,0.634565944004953,-1.51903778665292
method2,5.0,721.3,1190.1317,0.6417181269532198,-1.5206015167156481
method2,5.0,721.4,1190.2317,0.6488703099014949,-1.5221652467783782
method2,5.0,721.5,1190.3317,0.6560292796518513,-1.5237004694385632
method2,5.0,721.6,1190.4317,0.6631882494022079,-1.5252356920987482
method2,5.0,721.7,1190.5317,0.6703538923214045,-1.52674237807995
method2,5.0,721.8,1190.6317,0.677519535240593,-1.52824906406115
method2,5.0,721.9,1190.7317,0.684691737569707,-1.5297271845399
method2,5.0,722.0,1190.8317,0.691863939898821,-1.53120530501865
method2,5.0,722.1,1190.9317,0.6990425877551569,-1.532654831625015
method2,5.0,722.2,1191.0317,0.706221235611493,-1.53410435823138
method2,5.0,722.3,1191.1317,0.7134062149903048,-1.5355252630494585
method2,5.0,722.4,1191.2317,0.7205911943691248,-1.5369461678675385
method2,5.0,722.5,1191.3317,0.7277823911454853,-1.5383384234360185
method2,5.0,722.6,1191.4317,0.7349735879218458,-1.5397306790044984
method2,5.0,722.7,1191.5317,0.7421708878524385,-1.54109425831715
method2,5.0,722.8,1191.6317,0.749368187783023,-1.5424578376298
method2,5.0,722.9,1191.7317,0.756571476507919,-1.54379271413598
method2,5.0,723.0,1191.8317,0.763774765232815,-1.54512759064216
method2,5.0,723.1,1191.9317,0.770983928277348,-1.546433738247325
method2,5.0,723.2,1192.0317,0.778193091321881,-1.54773988585249
method2,5.0,723.3,1192.1317,0.7854080140984478,-1.5490172789186885
method2,5.0,723.4,1192.2317,0.7926229368750228,-1.5502946719848885
method2,5.0,723.5,1192.3317,0.7998435046848983,-1.5515432853312436
method2,5.0,723.6,1192.4317,0.8070640724947737,-1.5527918986775986
method2,5.0,723.7,1192.5317,0.814290170529945,-1.554011707580785
method2,5.0,723.8,1192.6317,0.821516268565108,-1.55523151648397
method2,5.0,723.9,1192.7317,0.8287477819100559,-1.55642249667868
method2,5.0,724.0,1192.8317,0.835979295255004,-1.55761347687339
method2,5.0,724.1,1192.9317,0.8432161088885894,-1.5587756045528152
method2,5.0,724.2,1193.0317,0.850452922522175,-1.55993773223224
method2,5.0,724.3,1193.1317,0.8576949213194467,-1.5610709840485189
method2,5.0,724.4,1193.2317,0.8649369201167267,-1.5622042358647987
method2,5.0,724.5,1193.3317,0.8721839888507578,-1.5633085889294487
method2,5.0,724.6,1193.4317,0.8794310575847888,-1.5644129419940986
method2,5.0,724.7,1193.5317,0.8866830809284836,-1.5654883738785
method2,5.0,724.8,1193.6317,0.89393510427217,-1.5665638057629
method2,5.0,724.9,1193.7317,0.901191966800122,-1.5676102944986852
method2,5.0,725.0,1193.8317,0.908448829328074,-1.56865678323447
method2,5.0,725.1,1193.9317,0.9157104155183985,-1.569674307313985
method2,5.0,725.2,1194.0317,0.922972001708723,-1.5706918313935
method2,5.0,725.3,1194.1317,0.9302381959449052,-1.5716803697701989
method2,5.0,725.4,1194.2317,0.9375043901810958,-1.572668908146899
method2,5.0,725.5,1194.3317,0.9447750767538298,-1.573628440235784
method2,5.0,725.6,1194.4317,0.9520457633265638,-1.574587972324669
method2,5.0,725.7,1194.5317,0.9593208264355699,-1.5755184780026752
method2,5.0,725.8,1194.6317,0.966595889544568,-1.57644898368068
method2,5.0,725.9,1194.7317,0.9738752133004605,-1.57735044328708
method2,5.0,726.0,1194.8317,0.981154537056353,-1.57825190289348
method2,5.0,726.1,1194.9317,0.9884380054824851,-1.579124297230275
method2,5.0,726.2,1195.0317,0.995721473908617,-1.57999669156707
method2,5.0,726.3,1195.1317,1.0030089709429102,-1.5808400018993691
method2,5.0,726.4,1195.2317,1.0102964679772117,-1.5816833122316691
method2,5.0,726.5,1195.3317,1.0175878774740568,-1.582497520288084
method2,5.0,726.6,1195.4317,1.0248792869709018,-1.583311728344499
method2,5.0,726.7,1195.5317,1.032174492702945,-1.584096816317485
method2,5.0,726.8,1195.6317,1.03946969843498,-1.58488190429047
method2,5.0,726.9,1195.7317,1.046768584095,-1.58563785483671
method2,5.0,727.0,1195.8317,1.05406746975502,-1.58639380538295
method2,5.0,727.1,1195.9317,1.0613699189577952,-1.587120601623695
method2,5.0,727.2,1196.0317,1.06867236816057,-1.58784739786444
method2,5.0,727.3,1196.1317,1.0759782644447067,-1.5885450233858542
method2,5.0,727.4,1196.2317,1.0832841607288517,-1.589242648907269
method2,5.0,727.5,1196.3317,1.0905933875587066,-1.5899110877607892
method2,5.0,727.6,1196.4317,1.0979026143885617,-1.5905795266143092
method2,5.0,727.7,1196.5317,1.105215055156015,-1.5912187633169599
method2,5.0,727.8,1196.6317,1.11252749592346,-1.59185800001961
method2,5.0,727.9,1196.7317,1.119843033949805,-1.592468019554315
method2,5.0,728.0,1196.8317,1.12715857197615,-1.59307803908902
method2,5.0,728.1,1196.9317,1.134477090513995,-1.593658826904955
method2,5.0,728.2,1197.0317,1.14179560905184,-1.59423961472089
method2,5.0,728.3,1197.1317,1.1491169912869117,-1.5947911567337594
method2,5.0,728.4,1197.2317,1.1564383735219919,-1.5953426987466293
method2,5.0,728.5,1197.3317,1.1637625025750717,-1.5958649813389794
method2,5.0,728.6,1197.4317,1.1710866316281519,-1.5963872639313292
method2,5.0,728.7,1197.5317,1.178413390556865,-1.5968802739528498
method2,5.0,728.8,1197.6317,1.18574014948557,-1.59737328397437
method2,5.0,728.9,1197.7317,1.1930694212862751,-1.5978370087421798
method2,5.0,729.0,1197.8317,1.20039869308698,-1.59830073350999
method2,5.0,729.1,1197.9317,1.2077303606966852,-1.5987351608089
method2,5.0,729.2,1198.0317,1.21506202830639,-1.59916958810781
method2,5.0,729.3,1198.1317,1.2223959746045416,-1.5995747061906145
method2,5.0,729.4,1198.2317,1.2297299209027015,-1.5999798242734196
method2,5.0,729.5,1198.3317,1.2370660287131665,-1.6003556218611545
method2,5.0,729.6,1198.4317,1.2444021365236315,-1.6007314194488895
method2,5.0,729.7,1198.5317,1.251740288616455,-1.601077885731085
method2,5.0,729.8,1198.6317,1.25907844070927,-1.60142435201328
method2,5.0,729.9,1198.7317,1.26641851980258,-1.601741476648225
method2,5.0,730.0,1198.8317,1.27375859889589,-1.60205860128317
method2,5.0,730.1,1198.9317,1.28110048765783,-1.602346374398125
method2,5.0,730.2,1199.0317,1.28844237641977,-1.60263414751308
method2,5.0,730.3,1199.1317,1.2957859574703117,-1.6028925597045547
method2,5.0,730.4,1199.2317,1.3031295385208617,-1.6031509718960297
method2,5.0,730.5,1199.3317,1.3104746944337167,-1.6033800142299648
method2,5.0,730.6,1199.4317,1.3178198503465715,-1.6036090565638998
method2,5.0,730.7,1199.5317,1.325166463651055,-1.603808720575915
method2,5.0,730.8,1199.6317,1.33251307695553,-1.60400838458793
method2,5.0,730.9,1199.7317,1.339861030138405,-1.6041786622835401
method2,5.0,731.0,1199.8317,1.34720898332128,-1.60434893997915
method2,5.0,731.1,1199.9317,1.3545581588287199,-1.6044898238339451
method2,5.0,731.2,1200.0317,1.36190733433616,-1.60463070768874
method2,5.0,731.3,1200.1317,1.3692576145755417,-1.6047421906485948
method2,5.0,731.4,1200.2317,1.3766078948149316,-1.6048536736084498
method2,5.0,731.5,1200.3317,1.3839591621567866,-1.60493574908973
method2,5.0,731.6,1200.4317,1.3913104294986416,-1.60501782457101
method2,5.0,731.7,1200.5317,1.3986625662785102,-1.6050704864607301
method2,5.0,731.8,1200.6317,1.40601470305837,-1.60512314835045
method2,5.0,731.9,1200.7317,1.41336759157864,-1.6051463910064498
method2,5.0,732.0,1200.8317,1.42072048009891,-1.60516963366245
method2,5.0,732.1,1200.9317,1.428074002630785,-1.605163451913585
method2,5.0,732.2,1201.0317,1.43542752516266,-1.60515727016472
method2,5.0,732.3,1201.1317,1.4427815639479866,-1.60512165931099
method2,5.0,732.4,1201.2317,1.4501356027333216,-1.60508604845726
method2,5.0,732.5,1201.3317,1.4574900399865016,-1.605021004269995
method2,5.0,732.6,1201.4317,1.4648444772396816,-1.60495596008273
method2,5.0,732.7,1201.5317,1.47219919514955,-1.60486147880469
method2,5.0,732.8,1201.6317,1.47955391305941,-1.60476699752665
method2,5.0,732.9,1201.7317,1.4869087937911,-1.604643075872205
method2,5.0,733.0,1201.8317,1.49426367452279,-1.60451915421776
method2,5.0,733.1,1201.9317,1.50161860021965,-1.604365789373
method2,5.0,733.2,1202.0317,1.50897352591651,-1.60421242452824
method2,5.0,733.3,1202.1317,1.5163283787019965,-1.6040296141510952
method2,5.0,733.4,1202.2317,1.5236832314874915,-1.6038468037739502
method2,5.0,733.5,1202.3317,1.5310378934670466,-1.6036345459943102
method2,5.0,733.6,1202.4317,1.5383925554466016,-1.6034222882146703
method2,5.0,733.7,1202.5317,1.54574690870952,-1.60318058163449
method2,5.0,733.8,1202.6317,1.55310126197243,-1.60293887505431
method2,5.0,733.9,1202.7317,1.56045518859379,-1.6026677187477052
method2,5.0,734.0,1202.8317,1.56780911521515,-1.6023965624411
method2,5.0,734.1,1202.9317,1.5751624972576752,-1.602095955954445
method2,5.0,734.2,1203.0317,1.5825158793002,-1.60179534946779
method2,5.0,734.3,1203.1317,1.5898685988161616,-1.6014652928197903
method2,5.0,734.4,1203.2317,1.5972213183321315,-1.6011352361717905
method2,5.0,734.5,1203.3317,1.6045732573652567,-1.6007757298535805
method2,5.0,734.6,1203.4317,1.6119251963983816,-1.6004162235353705
method2,5.0,734.7,1203.5317,1.61927623698571,-1.6000272685105599
method2,5.0,734.8,1203.6317,1.62662727757303,-1.59963831348575
method2,5.0,734.9,1203.7317,1.63397730174683,-1.59921991119049
method2,5.0,735.0,1203.8317,1.64132732592063,-1.59880150889523
method2,5.0,735.1,1203.9317,1.648676215710285,-1.598353661238285
method2,5.0,735.2,1204.0317,1.65602510549994,-1.59790581358134
method2,5.0,735.3,1204.1317,1.6633727429338316,-1.5974285229441005
method2,5.0,735.4,1204.2317,1.6707203803677315,-1.5969512323068604
method2,5.0,735.5,1204.3317,1.6780666474751866,-1.5964445015434106
method2,5.0,735.6,1204.4317,1.6854129145826415,-1.5959377707799607
method2,5.0,735.7,1204.5317,1.6927576933957549,-1.595401603217105
method2,5.0,735.8,1204.6317,1.70010247220886,-1.59486543565425
method2,5.0,735.9,1204.7317,1.707445644764415,-1.594299835091525
method2,5.0,736.0,1204.8317,1.71478881731997,-1.5937342345288
method2,5.0,736.1,1204.9317,1.7221302656613449,-1.593139205238485
method2,5.0,736.2,1205.0317,1.72947171400272,-1.59254417594817
method2,5.0,736.3,1205.1317,1.7368113201817617,-1.5919197226753208
method2,5.0,736.4,1205.2317,1.7441509263608115,-1.5912952694024707
method2,5.0,736.5,1205.3317,1.7514885724397915,-1.5906413973649007
method2,5.0,736.6,1205.4317,1.7588262185187715,-1.5899875253273306
method2,5.0,736.7,1205.5317,1.766161786572185,-1.5893042402156
method2,5.0,736.8,1205.6317,1.77349735462559,-1.58862095510387
method2,5.0,736.9,1205.7317,1.780830726742095,-1.58790826308129
method2,5.0,737.0,1205.8317,1.7881640988586,-1.58719557105871
method2,5.0,737.1,1205.9317,1.795495157142955,-1.586453478761305
method2,5.0,737.2,1206.0317,1.80282621542731,-1.5857113864639
method2,5.0,737.3,1206.1317,1.8101548420021916,-1.5849399010003808
method2,5.0,737.4,1206.2317,1.8174834685770815,-1.584168415536861
method2,5.0,737.5,1206.3317,1.8248095455850666,-1.583367544488586
method2,5.0,737.6,1206.4317,1.8321356225930516,-1.582566673440311
method2,5.0,737.7,1206.5317,1.839459032198435,-1.58173642486125
method2,5.0,737.8,1206.6317,1.84678244180381,-1.58090617628219
method2,5.0,737.9,1206.7317,1.85410306619451,-1.580046558698865
method2,5.0,738.0,1206.8317,1.86142369058521,-1.57918694111554
method2,5.0,738.1,1206.9317,1.86874141197472,-1.57829796352696
method2,5.0,738.2,1207.0317,1.87605913336423,-1.57740898593838
method2,5.0,738.3,1207.1317,1.8833738339934618,-1.576490657815986
method2,5.0,738.4,1207.2317,1.8906885346227018,-1.575572329693591
method2,5.0,738.5,1207.3317,1.8980000967618968,-1.574624660981161
method2,5.0,738.6,1207.4317,1.9053116589010919,-1.573676992268731
method2,5.0,738.7,1207.5317,1.9126199648517401,-1.572699993382315
method2,5.0,738.8,1207.6317,1.91992827080238,-1.5717229944959
method2,5.0,738.9,1207.7317,1.9272332028990249,-1.57071667632373
method2,5.0,739.0,1207.8317,1.93453813499567,-1.56971035815156
method2,5.0,739.1,1207.9317,1.94183957560794,-1.568674732053935
method2,5.0,739.2,1208.0317,1.94914101622021,-1.56763910595631
method2,5.0,739.3,1208.1317,1.9564388477545869,-1.5665741837655012
method2,5.0,739.4,1208.2317,1.9637366792889719,-1.565509261574691
method2,5.0,739.5,1208.3317,1.9710307841907768,-1.5644150555948262
method2,5.0,739.6,1208.4317,1.9783248890925818,-1.5633208496149613
method2,5.0,739.7,1208.5317,1.98561514984782,-1.56219737262191
method2,5.0,739.8,1208.6317,1.99290541060305,-1.56107389562886
method2,5.0,739.9,1208.7317,2.000191709740285,-1.5599211608700898
method2,5.0,740.0,1208.8317,2.00747800887752,-1.55876842611132
method2,5.0,740.1,1208.9317,2.014760228969825,-1.557586447305785
method2,5.0,740.2,1209.0317,2.02204244906213,-1.55640446850025
method2,5.0,740.3,1209.1317,2.0293204727289416,-1.5551932598382114
method2,5.0,740.4,1209.2317,2.0365984963957615,-1.5539820511761713
method2,5.0,740.5,1209.3317,2.0438722063047865,-1.5527416273190864
method2,5.0,740.6,1209.4317,2.0511459162138115,-1.5515012034620013
method2,5.0,740.7,1209.5317,2.0584151950829197,-1.55023157954232
method2,5.0,740.8,1209.6317,2.06568447395202,-1.54896195562264
method2,5.0,740.9,1209.7317,2.07294920455109,-1.5476631472436848
method2,5.0,741.0,1209.8317,2.08021393515016,-1.54636433886473
method2,5.0,741.1,1209.9317,2.087474000303045,-1.545036362100485
method2,5.0,741.2,1210.0317,2.09473406545593,-1.54370838533624
method2,5.0,741.3,1210.1317,2.1019893480422915,-1.5423512567311966
method2,5.0,741.4,1210.2317,2.1092446306286616,-1.5409941281261517
method2,5.0,741.5,1210.3317,2.1164950135859018,-1.5396078646950866
method2,5.0,741.6,1210.4317,2.1237453965431414,-1.5382216012640215
method2,5.0,741.7,1210.5317,2.13099076286824,-1.53680622049183
method2,5.0,741.8,1210.6317,2.13823612919333,-1.53539083971964
method2,5.0,741.9,1210.7317,2.145476361944765,-1.5339463595611251
method2,5.0,742.0,1210.8317,2.1527165946962,-1.53250187940261
method2,5.0,742.1,1210.9317,2.159951576995835,-1.5310283182822548
method2,5.0,742.2,1211.0317,2.16718655929547,-1.5295547571619
method2,5.0,742.3,1211.1317,2.1744161743304318,-1.5280521339736566
method2,5.0,742.4,1211.2317,2.1816457893654015,-1.5265495107854117
method2,5.0,742.5,1211.3317,2.188869920389982,-1.5250178448924867
method2,5.0,742.6,1211.4317,2.196094051414562,-1.5234861789995617
method2,5.0,742.7,1211.5317,2.20331258175208,-1.521925490234165
method2,5.0,742.8,1211.6317,2.21053111208959,-1.52036480146877
method2,5.0,742.9,1211.7317,2.21774392513428,-1.51877511013187
method2,5.0,743.0,1211.8317,2.22495673817897,-1.51718541879497
method2,5.0,743.1,1211.9317,2.23216371739788,-1.51556674565606
method2,5.0,743.2,1212.0317,2.23937069661679,-1.51394807251715
method2,5.0,743.3,1212.1317,2.2465717255516418,-1.5123004388139767
method2,5.0,743.4,1212.2317,2.253772754486502,-1.5106528051108017
method2,5.0,743.5,1212.3317,2.2609677167556317,-1.508976232549107
method2,5.0,743.6,1212.4317,2.268162679024762,-1.507299659987412
method2,5.0,743.7,1212.5317,2.275351458324905,-1.505594170740655
method2,5.0,743.8,1212.6317,2.28254023762504,-1.5038886814939
method2,5.0,743.9,1212.7317,2.28972271773329,-1.5021542982029852
method2,5.0,744.0,1212.8317,2.29690519784154,-1.50041991491207
method2,5.0,744.1,1212.9317,2.3040812626171796,-1.49865666068504
method2,5.0,744.2,1213.0317,2.31125732739282,-1.49689340645801
method2,5.0,744.3,1213.1317,2.3184268607792267,-1.495101304869782
method2,5.0,744.4,1213.2317,2.325596394165642,-1.493309203281552
method2,5.0,744.5,1213.3317,2.3327592801921817,-1.491488278373577
method2,5.0,744.6,1213.4317,2.339922166218722,-1.489667353465602
method2,5.0,744.7,1213.5317,2.34707828900258,-1.48781762974559
method2,5.0,744.8,1213.6317,2.35423441178643,-1.48596790602558
method2,5.0,744.9,1213.7317,2.361383655534475,-1.484089408467165
method2,5.0,745.0,1213.8317,2.36853289928252,-1.48221091090875
method2,5.0,745.1,1213.9317,2.37567514829326,-1.480303664951145
method2,5.0,745.2,1214.0317,2.382817397304,-1.47839641899354
method2,5.0,745.3,1214.1317,2.389952535969362,-1.4764604505412522
method2,5.0,745.4,1214.2317,2.397087674634732,-1.4745244820889623
method2,5.0,745.5,1214.3317,2.404215587442017,-1.4725598175113972
method2,5.0,745.6,1214.4317,2.411343500249302,-1.4705951529338321
method2,5.0,745.7,1214.5317,2.41846407178298,-1.46860181906499
method2,5.0,745.8,1214.6317,2.42558464331665,-1.46660848519615
method2,5.0,745.9,1214.7317,2.43269775826024,-1.46458650933425
method2,5.0,746.0,1214.8317,2.43981087320383,-1.46256453347235
method2,5.0,746.1,1214.9317,2.446916416341835,-1.46051394337946
method2,5.0,746.2,1215.0317,2.45402195947984,-1.45846335328657
method2,5.0,746.3,1215.1317,2.4611198156995218,-1.4563841771882575
method2,5.0,746.4,1215.2317,2.468217671919212,-1.4543050010899425
method2,5.0,746.5,1215.3317,2.475307726212542,-1.4521972676748724
method2,5.0,746.6,1215.4317,2.482397780505872,-1.4500895342598024
method2,5.0,746.7,1215.5317,2.48947991797133,-1.447953272679365
method2,5.0,746.8,1215.6317,2.49656205543678,-1.44581701109893
method2,5.0,746.9,1215.7317,2.5036361612812152,-1.443652250966855
method2,5.0,747.0,1215.8317,2.51071026712565,-1.44148749083478
method2,5.0,747.1,1215.9317,2.5177762266662,-1.43929426222671
method2,5.0,747.2,1216.0317,2.52484218620675,-1.43710103361864
method2,5.0,747.3,1216.1317,2.531899884872637,-1.4348793670717626
method2,5.0,747.4,1216.2317,2.538957583538532,-1.4326577005248824
method2,5.0,747.5,1216.3317,2.546006906872962,-1.4304076270374575
method2,5.0,747.6,1216.4317,2.553056230207392,-1.4281575535500326
method2,5.0,747.7,1216.5317,2.56009706386941,-1.42587910458103
method2,5.0,747.8,1216.6317,2.56713789753142,-1.42360065561203
method2,5.0,747.9,1216.7317,2.5741701272977,-1.42129386308066
method2,5.0,748.0,1216.8317,2.58120235706398,-1.41898707054929
method2,5.0,748.1,1216.9317,2.588225868830765,-1.416651966834575
method2,5.0,748.2,1217.0317,2.59524938059755,-1.41431686311986
method2,5.0,748.3,1217.1317,2.602264060382462,-1.4119534810601926
method2,5.0,748.4,1217.2317,2.609278740167382,-1.4095900990005226
method2,5.0,748.5,1217.3317,2.616284474111272,-1.4071984718932027
method2,5.0,748.6,1217.4317,2.623290208055162,-1.4048068447858826
method2,5.0,748.7,1217.5317,2.63028688242396,-1.4023870063866748
method2,5.0,748.8,1217.6317,2.63728355679275,-1.39996716798747
method2,5.0,748.9,1217.7317,2.6442710579793003,-1.397519152510125
method2,5.0,749.0,1217.8317,2.65125855916585,-1.39507113703278
method2,5.0,749.1,1217.9317,2.658236773691775,-1.392594979148545
method2,5.0,749.2,1218.0317,2.6652149882177,-1.39011882126431
method2,5.0,749.3,1218.1317,2.672183802735227,-1.3876145561014779
method2,5.0,749.4,1218.2317,2.679152617252762,-1.3851102909386428
method2,5.0,749.5,1218.3317,2.686111918546607,-1.3825779540820278
method2,5.0,749.6,1218.4317,2.693071219840452,-1.380045617225413
method2,5.0,749.7,1218.5317,2.700020894829575,-1.37748524471588
method2,5.0,749.8,1218.6317,2.70697056981869,-1.37492487220635
method2,5.0,749.9,1218.7317,2.7139105055582,-1.3723365005403
method2,5.0,750.0,1218.8317,2.72085044129771,-1.36974812887425
method2,5.0,750.1,1218.9317,2.72778052498068,-1.367131795003095
method2,5.0,750.2,1219.0317,2.73471060866365,-1.36451546113194
method2,5.0,750.3,1219.1317,2.741630727622932,-1.3618712024616182
method2,5.0,750.4,1219.2317,2.748550846582222,-1.3592269437912932
method2,5.0,750.5,1219.3317,2.755460888292347,-1.356554798181683
method2,5.0,750.6,1219.4317,2.762370930002472,-1.353882652572073
method2,5.0,750.7,1219.5317,2.76927078208138,-1.35118265833652
method2,5.0,750.8,1219.6317,2.77617063416028,-1.34848266410097
method2,5.0,750.9,1219.7317,2.7830601843711946,-1.3457548600057199
method2,5.0,751.0,1219.8317,2.78994973458211,-1.34302705591047
method2,5.0,751.1,1219.9317,2.7968288708354,-1.340271481174105
method2,5.0,751.2,1220.0317,2.80370800708869,-1.33751590643774
method2,5.0,751.3,1220.1317,2.810576617443622,-1.3347326007306481
method2,5.0,751.4,1220.2317,2.817445227798562,-1.3319492950235532
method2,5.0,751.5,1220.3317,2.824303200465187,-1.3291382984673281
method2,5.0,751.6,1220.4317,2.831161173131812,-1.326327301911103
method2,5.0,751.7,1220.5317,2.8380083964727496,-1.323488655078025
method2,5.0,751.8,1220.6317,2.84485561981368,-1.32065000824495
method2,5.0,751.9,1220.7317,2.851691982345895,-1.317783752157365
method2,5.0,752.0,1220.8317,2.85852834487811,-1.31491749606978
method2,5.0,752.1,1220.9317,2.8653537352748346,-1.3120236721995249
method2,5.0,752.2,1221.0317,2.87217912567156,-1.30912984832927
method2,5.0,752.3,1221.1317,2.8789934327639974,-1.3062084985970832
method2,5.0,752.4,1221.2317,2.8858077398564426,-1.3032871488648934
method2,5.0,752.5,1221.3317,2.8926108526356473,-1.3003383156398185
method2,5.0,752.6,1221.4317,2.8994139654148525,-1.2973894824147434
method2,5.0,752.7,1221.5317,2.906205773033525,-1.294413208513495
method2,5.0,752.8,1221.6317,2.91299758065219,-1.29143693461225
method2,5.0,752.9,1221.7317,2.91977797242642,-1.28843326329865
method2,5.0,753.0,1221.8317,2.92655836420065,-1.28542959198505
method2,5.0,753.1,1221.9317,2.933327229611825,-1.282398566969345
method2,5.0,753.2,1222.0317,2.940096095023,-1.27936754195364
method2,5.0,753.3,1222.1317,2.9468533237195222,-1.2763092073919236
method2,5.0,753.4,1222.2317,2.9536105524160523,-1.2732508728302037
method2,5.0,753.5,1222.3317,2.9603560342151725,-1.2701652733237285
method2,5.0,753.6,1222.4317,2.9671015160142926,-1.2670796738172536
method2,5.0,753.7,1222.5317,2.97383514090392,-1.263966854411835
method2,5.0,753.8,1222.6317,2.98056876579354,-1.26085403500642
method2,5.0,753.9,1222.7317,2.987290423933975,-1.25771404119176
method2,5.0,754.0,1222.8317,2.99401208207441,-1.2545740473771
method2,5.0,754.1,1222.9317,3.0007216638002,-1.251406925086135
method2,5.0,754.2,1223.0317,3.00743124552599,-1.24823980279517
method2,5.0,754.3,1223.1317,3.0141286413477024,-1.2450455984033986
method2,5.0,754.4,1223.2317,3.0208260371694227,-1.2418513940116236
method2,5.0,754.5,1223.3317,3.0275111377754125,-1.2386301543364286
method2,5.0,754.6,1223.4317,3.0341962383814023,-1.2354089146612335
method2,5.0,754.7,1223.5317,3.040868934639625,-1.2321606869612098
method2,5.0,754.8,1223.6317,3.04754163089784,-1.22891245926119
method2,5.0,754.9,1223.7317,3.05420181385756,-1.22563729123548
method2,5.0,755.0,1223.8317,3.06086199681728,-1.22236212320977
method2,5.0,755.1,1223.9317,3.067509557710955,-1.219060062997335
method2,5.0,755.2,1224.0317,3.07415711860463,-1.2157580027849
method2,5.0,755.3,1224.1317,3.080791948849608,-1.212429098963809
method2,5.0,755.4,1224.2317,3.0874267790945926,-1.2091001951427138
method2,5.0,755.5,1224.3317,3.0940487702949278,-1.2057444967294788
method2,5.0,755.6,1224.4317,3.1006707614952624,-1.2023887983162438
method2,5.0,755.7,1224.5317,3.107279805443465,-1.1990063547650551
method2,5.0,755.8,1224.6317,3.11388884939166,-1.19562391121387
method2,5.0,755.9,1224.7317,3.120484838070445,-1.1922147724159249
method2,5.0,756.0,1224.8317,3.12708082674923,-1.18880563361798
method2,5.0,756.1,1224.9317,3.13366365233331,-1.18536984990071
method2,5.0,756.2,1225.0317,3.14024647791739,-1.18193406618344
method2,5.0,756.3,1225.1317,3.1468160327752477,-1.178471688309789
method2,5.0,756.4,1225.2317,3.1533855876331125,-1.175009310436134
method2,5.0,756.5,1225.3317,3.1599417643287375,-1.171520389603794
method2,5.0,756.6,1225.4317,3.1664979410243626,-1.168031468771454
method2,5.0,756.7,1225.5317,3.17304063231901,-1.16451605661216
method2,5.0,756.8,1225.6317,3.17958332361365,-1.16100064445287
method2,5.0,756.9,1225.7317,3.186112422467585,-1.157458793031585
method2,5.0,757.0,1225.8317,3.19264152132152,-1.1539169416103
method2,5.0,757.1,1225.9317,3.19915692089578,-1.150348703424505
method2,5.0,757.2,1226.0317,3.20567232047004,-1.14678046523871
method2,5.0,757.3,1226.1317,3.2121739141281975,-1.143185893217569
method2,5.0,757.4,1226.2317,3.2186755077863625,-1.139591321196424
method2,5.0,757.5,1226.3317,3.2251631890962527,-1.1359704687000491
method2,5.0,757.6,1226.4317,3.2316508704061424,-1.1323496162036741
method2,5.0,757.7,1226.5317,3.23812453314159,-1.1287025370223298
method2,5.0,757.8,1226.6317,3.24459819587703,-1.12505545784099
method2,5.0,757.9,1226.7317,3.251057734019615,-1.12138220619429
method2,5.0,758.0,1226.8317,3.2575172721622,-1.11770895454759
method2,5.0,758.1,1226.9317,3.263962579902965,-1.1140095850837048
method2,5.0,758.2,1227.0317,3.27040788764373,-1.11031021561982
method2,5.0,758.3,1227.1317,3.2768388593849327,-1.1065847834146543
method2,5.0,758.4,1227.2317,3.283269831126143,-1.1028593512094842
method2,5.0,758.5,1227.3317,3.289686361483018,-1.0991079117658693
method2,5.0,758.6,1227.4317,3.296102891839893,-1.0953564723222542
method2,5.0,758.7,1227.5317,3.30250487564229,-1.09157908156914
method2,5.0,758.8,1227.6317,3.30890685944468,-1.08780169081603
method2,5.0,758.9,1227.7317,3.31529419173886,-1.08399840510763
method2,5.0,759.0,1227.8317,3.32168152403304,-1.08019511939923
method2,5.0,759.1,1227.9317,3.32805410008337,-1.0763659955142102
method2,5.0,759.2,1228.0317,3.3344266761337,-1.07253687162919
method2,5.0,759.3,1228.1317,3.3407843914243576,-1.0686819667698044
method2,5.0,759.4,1228.2317,3.347142106715023,-1.0648270619104145
method2,5.0,759.5,1228.3317,3.353484856951763,-1.0609464337016545
method2,5.0,759.6,1228.4317,3.3598276071885027,-1.0570658054928945
method2,5.0,759.7,1228.5317,3.3661552883003,-1.053159511981655
method2,5.0,759.8,1228.6317,3.37248296941209,-1.04925321847042
method2,5.0,759.9,1228.7317,3.37879547755285,-1.045321318124625
method2,5.0,760.0,1228.8317,3.38510798569361,-1.04138941777883
method2,5.0,760.1,1228.9317,3.39140521724394,-1.037431969486545
method2,5.0,760.2,1229.0317,3.39770244879427,-1.03347452119426
method2,5.0,760.3,1229.1317,3.4039843003631027,-1.0294915842628394
method2,5.0,760.4,1229.2317,3.410266151931943,-1.0255086473314143
method2,5.0,760.5,1229.3317,3.416532520358293,-1.0215002814865795
method2,5.0,760.6,1229.4317,3.422798888784643,-1.0174919156417446
method2,5.0,760.7,1229.5317,3.42904967113926,-1.0134581810267398
method2,5.0,760.8,1229.6317,3.43530045349387,-1.00942444641174
method2,5.0,760.9,1229.7317,3.44153554708091,-1.00536540358642
method2,5.0,761.0,1229.8317,3.44777064066795,-1.0013063607611
method2,5.0,761.1,1229.9317,3.45398994302673,-0.9972220707009869
method2,5.0,761.2,1230.0317,3.46020924538551,-0.993137780640874
method2,5.0,761.3,1230.1317,3.466412654292138,-0.9890283047362982
method2,5.0,761.4,1230.2317,3.472616063198773,-0.9849188288317177
method2,5.0,761.5,1230.3317,3.478803476667838,-0.9807842288868592
method2,5.0,761.6,1230.4317,3.484990890136903,-0.9766496289420007
method2,5.0,761.7,1230.5317,3.491162206423175,-0.972489967173978
method2,5.0,761.8,1230.6317,3.49733352270944,-0.96833030540596
method2,5.0,761.9,1230.7317,3.5034886403094703,-0.9641456444439245
method2,5.0,762.0,1230.8317,3.5096437579095,-0.959960983481889
method2,5.0,762.1,1230.9317,3.51578257556339,-0.955751386366028
method2,5.0,762.2,1231.0317,3.52192139321728,-0.951541789250167
method2,5.0,762.3,1231.1317,3.528043809910268,-0.9473073194308123
method2,5.0,762.4,1231.2317,3.5341662266032627,-0.9430728496114528
method2,5.0,762.5,1231.3317,3.540272141567418,-0.9388135709480918
method2,5.0,762.6,1231.4317,3.546378056531573,-0.9345542922847309
method2,5.0,762.7,1231.5317,3.552467369247465,-0.9302702690450559
method2,5.0,762.8,1231.6317,3.55855668196335,-0.925986245805386
method2,5.0,762.9,1231.7317,3.564629292161645,-0.9216775426643571
method2,5.0,763.0,1231.8317,3.57070190235994,-0.917368839523328
method2,5.0,763.1,1231.9317,3.5767577100231147,-0.9130355215621591
method2,5.0,763.2,1232.0317,3.58281351768629,-0.90870220360099
method2,5.0,763.3,1232.1317,3.5888524230502483,-0.9043443363061855
method2,5.0,763.4,1232.2317,3.594891328414213,-0.899986469011376
method2,5.0,763.5,1232.3317,3.600913231969943,-0.8956041182737455
method2,5.0,763.6,1232.4317,3.6069351355256734,-0.891221767536115
method2,5.0,763.7,1232.5317,3.6129399380208698,-0.8868149996497725
method2,5.0,763.8,1232.6317,3.61894474051606,-0.882408231763435
method2,5.0,763.9,1232.7317,3.624932342956745,-0.8779771134248324
method2,5.0,764.0,1232.8317,3.63091994539743,-0.87354599508623
method2,5.0,764.1,1232.9317,3.636890249049615,-0.8690905933931066
method2,5.0,764.2,1233.0317,3.6428605527018,-0.864635191699983
method2,5.0,764.3,1233.1317,3.648813459093103,-0.8601555741503721
method2,5.0,764.4,1233.2317,3.6547663654844134,-0.8556759566007561
method2,5.0,764.5,1233.3317,3.660701776405693,-0.8511721910919606
method2,5.0,764.6,1233.4317,3.666637187326973,-0.8466684255831651
method2,5.0,764.7,1233.5317,3.672555004833905,-0.8421405804107465
method2,5.0,764.8,1233.6317,3.67847282234083,-0.837612735238333
method2,5.0,764.9,1233.7317,3.68437294875556,-0.8330608790950664
method2,5.0,765.0,1233.8317,3.69027307517029,-0.8285090229518
method2,5.0,765.1,1233.9317,3.696155413083035,-0.8239332249266385
method2,5.0,765.2,1234.0317,3.70203775099578,-0.819357426901477
method2,5.0,765.3,1234.1317,3.7079022032664333,-0.8147577564784982
method2,5.0,765.4,1234.2317,3.713766655537093,-0.8101580860555142
method2,5.0,765.5,1234.3317,3.7196131252968483,-0.8055346131128722
method2,5.0,765.6,1234.4317,3.7254595950566034,-0.8009111401702302
method2,5.0,765.7,1234.5317,3.731287985709495,-0.796263934979109
method2,5.0,765.8,1234.6317,3.73711637636238,-0.791616729787993
method2,5.0,765.9,1234.7317,3.74292659158694,-0.7869458630115305
method2,5.0,766.0,1234.8317,3.7487368068115,-0.782274996235068
method2,5.0,766.1,1234.9317,3.75452875056232,-0.777580538927281
method2,5.0,766.2,1235.0317,3.76032069431314,-0.772886081619494
method2,5.0,766.3,1235.1317,3.7660942708224385,-0.7681681052242184
method2,5.0,766.4,1235.2317,3.7718678473317433,-0.7634501288289374
method2,5.0,766.5,1235.3317,3.7776229611110135,-0.7587087051786999
method2,5.0,766.6,1235.4317,3.783378074890283,-0.7539672815284625
method2,5.0,766.7,1235.5317,3.789114630731795,-0.749202482843448
method2,5.0,766.8,1235.6317,3.7948511865733,-0.744437684158439
method2,5.0,766.9,1235.7317,3.80056908955171,-0.7396495830453604
method2,5.0,767.0,1235.8317,3.80628699253012,-0.734861481932282
method2,5.0,767.1,1235.9317,3.81198614800403,-0.7300501513832776
method2,5.0,767.2,1236.0317,3.81768530347794,-0.725238820834273
method2,5.0,767.3,1236.1317,3.8233656170914734,-0.7204043342258121
method2,5.0,767.4,1236.2317,3.8290459307050133,-0.7155698476173455
method2,5.0,767.5,1236.3317,3.8347073083893837,-0.7107122787090715
method2,5.0,767.6,1236.4317,3.8403686860737536,-0.7058547098007976
method2,5.0,767.7,1236.5317,3.8460110340487947,-0.7009741327344575
method2,5.0,767.8,1236.6317,3.85165338202383,-0.696093555668123
method2,5.0,767.9,1236.7317,3.85727660679954,-0.6911900449664274
method2,5.0,768.0,1236.8317,3.86289983157525,-0.686286534264732
method2,5.0,768.1,1236.9317,3.868503839953385,-0.6813601648301775
method2,5.0,768.2,1237.0317,3.87410784833152,-0.676433795395623
method2,5.0,768.3,1237.1317,3.879692547407094,-0.6714846425094106
method2,5.0,768.4,1237.2317,3.8852772464826737,-0.6665354896231926
method2,5.0,768.5,1237.3317,3.8908425436455287,-0.6615636289440147
method2,5.0,768.6,1237.4317,3.8964078408083838,-0.6565917682648367
method2,5.0,768.7,1237.5317,3.901953643744705,-0.6515972758277835
method2,5.0,768.8,1237.6317,3.90749944668102,-0.646602783390736
method2,5.0,768.9,1237.7317,3.91302566337483,-0.641585735606121
method2,5.0,769.0,1237.8317,3.91855188006864,-0.636568687821506
method2,5.0,769.1,1237.9317,3.92405841880342,-0.6315291614736596
method2,5.0,769.2,1238.0317,3.9295649575382,-0.626489635125813
method2,5.0,769.3,1238.1317,3.9350517268983034,-0.6214277073719623
method2,5.0,769.4,1238.2317,3.9405384962584136,-0.6163657796181058
method2,5.0,769.5,1238.3317,3.946005405130659,-0.6112815279871548
method2,5.0,769.6,1238.4317,3.951472314002904,-0.6061972763562038
method2,5.0,769.7,1238.5317,3.95691927157806,-0.601090778747564
method2,5.0,769.8,1238.6317,3.96236622915321,-0.59598428113893
method2,5.0,769.9,1238.7317,3.9677931449274553,-0.5908556158213625
method2,5.0,770.0,1238.8317,3.9732200607017,-0.585726950503795
method2,5.0,770.1,1238.9317,3.978626844478215,-0.5805761961141425
method2,5.0,770.2,1239.0317,3.98403362825473,-0.57542544172449
method2,5.0,770.3,1239.1317,3.989420190145124,-0.5702526772665404
method2,5.0,770.4,1239.2317,3.9948067520355237,-0.5650799128085849
method2,5.0,770.5,1239.3317,4.000173002461358,-0.5598852176518154
method2,5.0,770.6,1239.4317,4.005539252887194,-0.5546905224950459
method2,5.0,770.7,1239.5317,4.010885102581475,-0.5494739763734235
method2,5.0,770.8,1239.6317,4.01623095227575,-0.544257430251807
method2,5.0,770.9,1239.7317,4.021556312284355,-0.539019113262595
method2,5.0,771.0,1239.8317,4.02688167229296,-0.533780796273383
method2,5.0,771.1,1239.9317,4.032186453976195,-0.5285207888758695
method2,5.0,771.2,1240.0317,4.03749123565943,-0.523260781478356
method2,5.0,771.3,1240.1317,4.042775350693464,-0.5179791644926375
method2,5.0,771.4,1240.2317,4.048059465727504,-0.512697547506913
method2,5.0,771.5,1240.3317,4.053322826105829,-0.5073944021126535
method2,5.0,771.6,1240.4317,4.0585861864841535,-0.5020912567183939
method2,5.0,771.7,1240.5317,4.06382870451908,-0.4967666644535775
method2,5.0,771.8,1240.6317,4.069071222554,-0.491442072188767
method2,5.0,771.9,1240.7317,4.07429281087806,-0.48609611494847305
method2,5.0,772.0,1240.8317,4.07951439920212,-0.480750157708179
method2,5.0,772.1,1240.9317,4.08471497076957,-0.475382917743286
method2,5.0,772.2,1241.0317,4.08991554233702,-0.470015677778393
method2,5.0,772.3,1241.1317,4.095095010425289,-0.4646272376943261
method2,5.0,772.4,1241.2317,4.100274478513564,-0.4592387976102531
method2,5.0,772.5,1241.3317,4.105432756724674,-0.45382924036571765
method2,5.0,772.6,1241.4317,4.1105910349357835,-0.4484196831211822
method2,5.0,772.7,1241.5317,4.115728037197795,-0.4429890920269005
method2,5.0,772.8,1241.6317,4.1208650394598,-0.437558500932625
method2,5.0,772.9,1241.7317,4.12598068002824,-0.43210695965004253
method2,5.0,773.0,1241.8317,4.13109632059668,-0.42665541836746
method2,5.0,773.1,1241.9317,4.136190514055995,-0.4211830109074635
method2,5.0,773.2,1242.0317,4.14128470751531,-0.415710603447467
method2,5.0,773.3,1242.1317,4.146357368780264,-0.41021741416907975
method2,5.0,773.4,1242.2317,4.1514300300452245,-0.40472422489068627
method2,5.0,773.5,1242.3317,4.15648107436234,-0.3992103384997763
method2,5.0,773.6,1242.4317,4.161532118679455,-0.3936964521088663
method2,5.0,773.7,1242.5317,4.1665614616284,-0.388161953656856
method2,5.0,773.8,1242.6317,4.17159080457734,-0.382627455204852
method2,5.0,773.9,1242.7317,4.176598362072345,-0.3770724300873945
method2,5.0,774.0,1242.8317,4.18160591956735,-0.371517404969937
method2,5.0,774.1,1242.9317,4.1865916078586345,-0.3659419389255985
method2,5.0,774.2,1243.0317,4.19157729614992,-0.36036647288126
method2,5.0,774.3,1243.1317,4.1965410318250544,-0.35477065199021535
method2,5.0,774.4,1243.2317,4.201504767500195,-0.34917483109916436
method2,5.0,774.5,1243.3317,4.206446467485534,-0.3435587417818209
method2,5.0,774.6,1243.4317,4.211388167470875,-0.3379426524644774
method2,5.0,774.7,1243.5317,4.21630774903291,-0.332306381480212
method2,5.0,774.8,1243.6317,4.22122733059494,-0.326670110495953
method2,5.0,774.9,1243.7317,4.226124711341679,-0.3210137449417315
method2,5.0,775.0,1243.8317,4.23102209208842,-0.31535737938751
method2,5.0,775.1,1243.9317,4.23589718997081,-0.3096810066965455
method2,5.0,775.2,1244.0317,4.2407722878532,-0.304004634005581
method2,5.0,775.3,1244.1317,4.24562502116644,-0.298308341946004
method2,5.0,775.4,1244.2317,4.250477754479685,-0.2926120498864205
method2,5.0,775.5,1244.3317,4.25530804186465,-0.2868959265598725
method2,5.0,775.6,1244.4317,4.260138329249615,-0.2811798032333245
method2,5.0,775.7,1244.5317,4.26494608969417,-0.2754439370736615
method2,5.0,775.8,1244.6317,4.26975385013872,-0.269708070914005
method2,5.0,775.9,1244.7317,4.274539002979084,-0.263952550685917
method2,5.0,776.0,1244.8317,4.27932415581945,-0.258197030457829
method2,5.0,776.1,1244.9317,4.28408662074159,-0.252421945255417
method2,5.0,776.2,1245.0317,4.28884908566373,-0.246646860053005
method2,5.0,776.3,1245.1317,4.2935887827046395,-0.2408522992984736
method2,5.0,776.4,1245.2317,4.298328479745555,-0.23505773854393558
method2,5.0,776.5,1245.3317,4.303045329294655,-0.22924379198613712
method2,5.0,776.6,1245.4317,4.307762178843754,-0.2234298454283386
method2,5.0,776.7,1245.5317,4.312456101644185,-0.21759660314145152
method2,5.0,776.8,1245.6317,4.31715002444461,-0.211763360854571
method2,5.0,776.9,1245.7317,4.321820941594559,-0.205910913236692
method2,5.0,777.0,1245.8317,4.32649185874451,-0.200058465618813
method2,5.0,777.1,1245.9317,4.331139691698585,-0.19418690339050598
method2,5.0,777.2,1246.0317,4.33578752465266,-0.188315341162199
method2,5.0,777.3,1246.1317,4.34041219522314,-0.1824247553651597
method2,5.0,777.4,1246.2317,4.345036865793625,-0.17653416956811369
method2,5.0,777.5,1246.3317,4.3496382961518245,-0.1706246515637062
method2,5.0,777.6,1246.4317,4.354239726510024,-0.1647151335592987
method2,5.0,777.7,1246.5317,4.358817839187585,-0.1587867750271585
method2,5.0,777.8,1246.6317,4.36339595186514,-0.152858416495025
method2,5.0,777.9,1246.7317,4.367950669755295,-0.1469113094316765
method2,5.0,778.0,1246.8317,4.37250538764545,-0.140964202368328
method2,5.0,778.1,1246.9317,4.377036634004385,-0.13499843908568
method2,5.0,778.2,1247.0317,4.38156788036332,-0.129032675803032
method2,5.0,778.3,1247.1317,4.386075578811405,-0.1230483489270198
method2,5.0,778.4,1247.2317,4.390583277259495,-0.1170640220510008
method2,5.0,778.5,1247.3317,4.39506735178261,-0.11106122452009733
method2,5.0,778.6,1247.4317,4.399551426305725,-0.10505842698919383
method2,5.0,778.7,1247.5317,4.404011801256525,-0.099037252052986
method2,5.0,778.8,1247.6317,4.40847217620732,-0.093016077116785
method2,5.0,778.9,1247.7317,4.41290877630647,-0.08697661833455911
method2,5.0,779.0,1247.8317,4.41734537640562,-0.0809371595523332
method2,5.0,779.1,1247.9317,4.42175812674313,-0.074879510791573
method2,5.0,779.2,1248.0317,4.42617087708064,-0.0688218620308128
method2,5.0,779.3,1248.1317,4.4305597031170745,-0.06274611746575735
method2,5.0,779.4,1248.2317,4.434948529153514,-0.056670372900695
method2,5.0,779.5,1248.3317,4.4393133567212795,-0.05057662701088207
method2,5.0,779.6,1248.4317,4.443678184289045,-0.04448288112106913
method2,5.0,779.7,1248.5317,4.44801893959362,-0.038371228689855846
method2,5.0,779.8,1248.6317,4.45235969489819,-0.0322595762586495
method2,5.0,779.9,1248.7317,4.456676304519365,-0.02613011237178055
method2,5.0,780.0,1248.8317,4.46099291414054,-0.0200006484849116
method2,5.0,780.1,1248.9317,4.46528530503367,-0.01385346852898574
method2,5.0,780.2,1249.0317,4.4695776959268,-0.00770628857305988
method2,5.0,780.3,1249.1317,4.47384579542404,-0.0015414882340695334
method2,5.0,780.4,1249.2317,4.478113894921286,0.004623312104927822
method2,5.0,780.5,1249.3317,4.482357630732801,0.010805636843084087
method2,5.0,780.6,1249.4317,4.486601366544315,0.01698796158124037
method2,5.0,780.7,1249.5317,4.490820666759525,0.0231877144382602
method2,5.0,780.8,1249.6317,4.49503996697473,0.029387467295273
method2,5.0,780.9,1249.7317,4.499234760063485,0.035604551695908246
method2,5.0,781.0,1249.8317,4.50342955315224,0.0418216360965435
method2,5.0,781.1,1249.9317,4.5075997679660595,0.04805595517215685
method2,5.0,781.2,1250.0317,4.51176998277988,0.0542902742477702
method2,5.0,781.3,1250.1317,4.515915548553165,0.06054173083782374
method2,5.0,781.4,1250.2317,4.520061114326456,0.0667931874278844
method2,5.0,781.5,1250.3317,4.5241819606776605,0.07306168408145539
method2,5.0,781.6,1250.4317,4.528302807028865,0.07933018073502637
method2,5.0,781.7,1250.5317,4.532398863961695,0.08561561971230591
method2,5.0,781.8,1250.6317,4.53649492089452,0.0919010586895783
method2,5.0,781.9,1250.7317,4.54056611879912,0.09820334196341265
method2,5.0,782.0,1250.8317,4.54463731670372,0.104505625237247
method2,5.0,782.1,1250.9317,4.548683586357855,0.1108246544946585
method2,5.0,782.2,1251.0317,4.55272985601199,0.11714368375207
method2,5.0,782.3,1251.1317,4.5567511285822055,0.12347936039580329
method2,5.0,782.4,1251.2317,4.560772401152426,0.12981503703954378
method2,5.0,782.5,1251.3317,4.5647686081952505,0.13616726218959627
method2,5.0,782.6,1251.4317,4.568764815238076,0.14251948733964878
method2,5.0,782.7,1251.5317,4.572735888701125,0.1488881618347955
method2,5.0,782.8,1251.6317,4.57670696216417,0.155256836329935
method2,5.0,782.9,1251.7317,4.5806528343873545,0.161641860729291
method2,5.0,783.0,1251.8317,4.58459870661054,0.168026885128647
method2,5.0,783.1,1251.9317,4.588519310327175,0.1744281597132235
method2,5.0,783.2,1252.0317,4.59243991404381,0.1808294342978
method2,5.0,783.3,1252.1317,4.596335182381781,0.1872468590720392
method2,5.0,783.4,1252.2317,4.600230450719756,0.1936642838462857
method2,5.0,783.5,1252.3317,4.60410031720266,0.2000977585396777
method2,5.0,783.6,1252.4317,4.607970183685565,0.2065312332330697
method2,5.0,783.7,1252.5317,4.611814582233815,0.2129806573016405
method2,5.0,783.8,1252.6317,4.61565898078206,0.219430081370204
method2,5.0,783.9,1252.7317,4.619477845714025,0.2258953539981315
method2,5.0,784.0,1252.8317,4.62329671064599,0.232360626626059
method2,5.0,784.1,1252.9317,4.62708997667911,0.238841646727244
method2,5.0,784.2,1253.0317,4.63088324271223,0.245322666828429
method2,5.0,784.3,1253.1317,4.634650844964121,0.2518193330480591
method2,5.0,784.4,1253.2317,4.638418447216016,0.2583159992676966
method2,5.0,784.5,1253.3317,4.642160321205611,0.26482820998387907
method2,5.0,784.6,1253.4317,4.645902195195205,0.2713404207000616
method2,5.0,784.7,1253.5317,4.649618276843794,0.27786807402534497
method2,5.0,784.8,1253.6317,4.65333435849238,0.284395727350621
method2,5.0,784.9,1253.7317,4.657024584124735,0.290938721133603
method2,5.0,785.0,1253.8317,4.66071480975709,0.297481714916585
method2,5.0,785.1,1253.9317,4.664379116102565,0.304039946743566
method2,5.0,785.2,1254.0317,4.66804342244804,0.310598178570547
method2,5.0,785.3,1254.1317,4.671681746641616,0.31717154576705453
method2,5.0,785.4,1254.2317,4.675320070835196,0.3237449129635695
method2,5.0,785.5,1254.3317,4.678932350418591,0.33033331259604903
method2,5.0,785.6,1254.4317,4.682544630001986,0.3369217122285285
method2,5.0,785.7,1254.5317,4.6861308029246995,0.3435250411058735
method2,5.0,785.8,1254.6317,4.68971697584741,0.350128369983211
method2,5.0,785.9,1254.7317,4.6932769804677745,0.356746524658401
method2,5.0,786.0,1254.8317,4.69683698508814,0.363364679333591
method2,5.0,786.1,1254.9317,4.700370760174405,0.3699975561053615
method2,5.0,786.2,1255.0317,4.70390453526067,0.376630432877132
method2,5.0,786.3,1255.1317,4.707412019992031,0.3832779277915294
method2,5.0,786.4,1255.2317,4.710919504723396,0.38992542270593444
method2,5.0,786.5,1255.3317,4.714400638691041,0.3965874315579984
method2,5.0,786.6,1255.4317,4.717881772658687,0.40324944041006244
method2,5.0,786.7,1255.5317,4.72133649586684,0.40992585874543797
method2,5.0,786.8,1255.6317,4.72479121907499,0.416602277080806
method2,5.0,786.9,1255.7317,4.7282194719419,0.4232930001973405
method2,5.0,787.0,1255.8317,4.73164772480881,0.429983723313875
method2,5.0,787.1,1255.9317,4.73504944816784,0.43668864626334547
method2,5.0,787.2,1256.0317,4.73845117152687,0.443393569212816
method2,5.0,787.3,1256.1317,4.741826306627446,0.45011258680249183
method2,5.0,787.4,1256.2317,4.745201441728026,0.45683160439217535
method2,5.0,787.5,1256.3317,4.748549930236706,0.46356461118652686
method2,5.0,787.6,1256.4317,4.7518984187453865,0.4702976179808783
method2,5.0,787.7,1256.5317,4.7552202027468145,0.4770445083032095
method2,5.0,787.8,1256.6317,4.75854198674824,0.483791398625533
method2,5.0,787.9,1256.7317,4.761837008746165,0.4905520665596045
method2,5.0,788.0,1256.8317,4.76513203074409,0.497312734493676
method2,5.0,788.1,1256.9317,4.768400233662345,0.5040870738854215
method2,5.0,788.2,1257.0317,4.7716684365806,0.510861413277167
method2,5.0,788.3,1257.1317,4.774909763764106,0.5176493177363398
method2,5.0,788.4,1257.2317,4.778151090947617,0.5244372221955202
method2,5.0,788.5,1257.3317,4.781365486163331,0.5312385850973618
method2,5.0,788.6,1257.4317,4.784579881379046,0.5380399479992032
method2,5.0,788.7,1257.5317,4.78776728881697,0.544854662486125
method2,5.0,788.8,1257.6317,4.79095469625489,0.551669376973039
method2,5.0,788.9,1257.7317,4.79411506052897,0.5584973359562585
method2,5.0,789.0,1257.8317,4.79727542480305,0.565325294939478
method2,5.0,789.1,1257.9317,4.800408690952194,0.5721663911007585
method2,5.0,789.2,1258.0317,4.80354195710134,0.579007487262039
method2,5.0,789.3,1258.1317,4.806648070590346,0.5858616130553562
method2,5.0,789.4,1258.2317,4.809754184079356,0.5927157388486812
method2,5.0,789.5,1258.3317,4.8128330907998516,0.5995827865019142
method2,5.0,789.6,1258.4317,4.815911997520346,0.6064498341551472
method2,5.0,789.7,1258.5317,4.818963643791729,0.613329695671752
method2,5.0,789.8,1258.6317,4.82201529006311,0.620209557188349
method2,5.0,789.9,1258.7317,4.82503962263346,0.627102124349076
method2,5.0,790.0,1258.8317,4.82806395520381,0.633994691509803
method2,5.0,790.1,1258.9317,4.831060921250845,0.6408998558743926
method2,5.0,790.2,1259.0317,4.83405788729788,0.647805020238982
method2,5.0,790.3,1259.1317,4.837027434429847,0.6547226731478837
method2,5.0,790.4,1259.2317,4.839996981561816,0.6616403260567931
method2,5.0,790.5,1259.3317,4.842939057818412,0.6685703586328676
method2,5.0,790.6,1259.4317,4.8458811340750065,0.6755003912089421
method2,5.0,790.7,1259.5317,4.8487956879282805,0.6824426943591559
method2,5.0,790.8,1259.6317,4.85171024178155,0.689384997509362
method2,5.0,790.9,1259.7317,4.854597222136775,0.6963394619265221
method2,5.0,791.0,1259.8317,4.857484202492,0.703293926343682
method2,5.0,791.1,1259.9317,4.860343558688605,0.7102604425081576
method2,5.0,791.2,1260.0317,4.86320291488521,0.717226958672633
method2,5.0,791.3,1260.1317,4.866034596697617,0.724205416854061
method2,5.0,791.4,1260.2317,4.868866278510026,0.7311838750354971
method2,5.0,791.5,1260.3317,4.8716702361485815,0.7381741652945675
method2,5.0,791.6,1260.4317,4.874474193787137,0.745164455553638
method2,5.0,791.7,1260.5317,4.877250377898916,0.7521664677437414
method2,5.0,791.8,1260.6317,4.88002656201069,0.759168479933837
method2,5.0,791.9,1260.7317,4.882774923680396,0.76618210370285
method2,5.0,792.0,1260.8317,4.8855232853501,0.773195727471863
method2,5.0,792.1,1260.9317,4.88824377610091,0.780220852263884
method2,5.0,792.2,1261.0317,4.89096426685172,0.787245977055905
method2,5.0,792.3,1261.1317,4.893656838646132,0.7942824921129745
method2,5.0,792.4,1261.2317,4.896349410440547,0.801319007170052
method2,5.0,792.5,1261.3317,4.899014015681237,0.808366801533958
method2,5.0,792.6,1261.4317,4.901678620921928,0.815414595897864
method2,5.0,792.7,1261.5317,4.9043152124525555,0.822473558411811
method2,5.0,792.8,1261.6317,4.90695180398318,0.82953252092575
method2,5.0,792.9,1261.7317,4.909560335089219,0.836602540236135
method2,5.0,793.0,1261.8317,4.91216886619526,0.84367255954652
method2,5.0,793.1,1261.9317,4.91474929060485,0.8507535241047439
method2,5.0,793.2,1262.0317,4.91732971501444,0.857834488662968
method2,5.0,793.3,1262.1317,4.919881986899167,0.8649262867271129
method2,5.0,793.4,1262.2317,4.922434258783897,0.8720180847912659
method2,5.0,793.5,1262.3317,4.924958332759607,0.8791206044279489
method2,5.0,793.6,1262.4317,4.927482406735317,0.8862231240646319
method2,5.0,793.7,1262.5317,4.929978237862924,0.8933362531506855
method2,5.0,793.8,1262.6317,4.93247406899053,0.900449382236731
method2,5.0,793.9,1262.7317,4.9349416127767896,0.9075730084609934
method2,5.0,794.0,1262.8317,4.93740915656305,0.914696634685256
method2,5.0,794.1,1262.9317,4.939848368961375,0.9218306455504015
method2,5.0,794.2,1263.0317,4.9422875813597,0.928964656415547
method2,5.0,794.3,1263.1317,4.944698418770897,0.9361089392397874
method2,5.0,794.4,1263.2317,4.947109256182097,0.943253222064036
method2,5.0,794.5,1263.3317,4.949491675455177,0.9504076639829544
method2,5.0,794.6,1263.4317,4.951874094728257,0.9575621059018729
method2,5.0,794.7,1263.5317,4.954228053161184,0.96472659387019
method2,5.0,794.8,1263.6317,4.95658201159411,0.971891081838499
method2,5.0,794.9,1263.7317,4.958907466934525,0.979065502631812
method2,5.0,795.0,1263.8317,4.96123292227494,0.986239923425125
method2,5.0,795.1,1263.9317,4.96352983272098,0.9934241636417875
method2,5.0,795.2,1264.0317,4.96582674316702,1.00060840385845
method2,5.0,795.3,1264.1317,4.968095067367993,1.0078023499212818
method2,5.0,795.4,1264.2317,4.970363391568967,1.0149962959841219
method2,5.0,795.5,1264.3317,4.9726030886261325,1.022199834142257
method2,5.0,795.6,1264.4317,4.974842785683298,1.0294033723003917
method2,5.0,795.7,1264.5317,4.97705381515056,1.0366163886310749
method2,5.0,795.8,1264.6317,4.97926484461782,1.04382940496175
method2,5.0,795.9,1264.7317,4.981447166502485,1.05105178537206
method2,5.0,796.0,1264.8317,4.98362948838715,1.05827416578237
method2,5.0,796.1,1264.9317,4.9857830631506,1.06550579601114
method2,5.0,796.2,1265.0317,4.98793663791405,1.07273742623991
method2,5.0,796.3,1265.1317,4.990061426472493,1.0799781918594569
method2,5.0,796.4,1265.2317,4.992186215030937,1.0872189574790119
method2,5.0,796.5,1265.3317,4.9942821787560625,1.0944687438969818
method2,5.0,796.6,1265.4317,4.996378142481188,1.1017185303149517
method2,5.0,796.7,1265.5317,4.9984452432009,1.1089772227761299
method2,5.0,796.8,1265.6317,5.00051234392061,1.1162359152373
method2,5.0,796.9,1265.7317,5.00255054391968,1.12350339882538
method2,5.0,797.0,1265.8317,5.00458874391875,1.13077088241346
method2,5.0,797.1,1265.9317,5.0065980059395,1.138047042052925
method2,5.0,797.2,1266.0317,5.00860726796025,1.14532320169239
method2,5.0,797.3,1266.1317,5.010587555203252,1.1526079221503218
method2,5.0,797.4,1266.2317,5.012567842446257,1.1598926426082619
method2,5.0,797.5,1266.3317,5.014519118570958,1.1671858084961417
method2,5.0,797.6,1266.4317,5.016470394695658,1.1744789743840218
method2,5.0,797.7,1266.5317,5.01839262382105,1.181780470159575
method2,5.0,797.8,1266.6317,5.02031485294644,1.18908196593512
method2,5.0,797.9,1266.7317,5.022207999651725,1.1963916759041349
method2,5.0,798.0,1266.8317,5.02410114635701,1.20370138587315
method2,5.0,798.1,1266.9317,5.0259651756822095,1.2110191941913149
method2,5.0,798.2,1267.0317,5.02782920500741,1.21833700250948
method2,5.0,798.3,1267.1317,5.029664082454033,1.2256627931842417
method2,5.0,798.4,1267.2317,5.0314989599006585,1.2329885838590116
method2,5.0,798.5,1267.3317,5.033304651432308,1.2403222407513865
method2,5.0,798.6,1267.4317,5.035110342963958,1.2476558976437615
method2,5.0,798.7,1267.5317,5.036886815006945,1.254997304470185
method2,5.0,798.8,1267.6317,5.03866328704993,1.2623387112966
method2,5.0,798.9,1267.7317,5.040410506493901,1.269687751630755
method2,5.0,799.0,1267.8317,5.04215772593787,1.27703679196491
method2,5.0,799.1,1267.9317,5.04387566013641,1.2843933492396
method2,5.0,799.2,1268.0317,5.04559359433495,1.29174990651429
method2,5.0,799.3,1268.1317,5.047282211106163,1.2991138640232667
method2,5.0,799.4,1268.2317,5.048970827877378,1.3064778215322517
method2,5.0,799.5,1268.3317,5.050630095504513,1.3138490624321066
method2,5.0,799.6,1268.4317,5.052289363131648,1.3212203033319616
method2,5.0,799.7,1268.5317,5.053919250363635,1.328598710643915
method2,5.0,799.8,1268.6317,5.05554913759562,1.33597711795586
method2,5.0,799.9,1268.7317,5.057149613647676,1.34336257456766
method2,5.0,800.0,1268.8317,5.05875008969973,1.35074803117946
