method,sample_index,nominal_hz,time_s,x_m,y_m,time_rel_s,dt_s,dx_m,dy_m,segment_distance_m,speed_fd_mps
method2,0,5.0,468.8317,-0.93224842887106,3.26860449332362,0.0,,,,,
method2,1,5.0,469.0317,-0.937290730982145,3.25960436047585,0.19999999999998863,0.19999999999998863,-0.005042302111085029,-0.009000132847770015,0.010316356035779364,0.05158178017889976
method2,2,5.0,469.2317,-0.942297543890153,3.25058306475028,0.39999999999997726,0.19999999999998863,-0.005006812908007974,-0.009021295725569978,0.010317555527545388,0.05158777763772988
method2,3,5.0,469.4317,-0.947268778960412,3.2415407460749,0.5999999999999659,0.19999999999998863,-0.004971235070258984,-0.009042318675379857,0.010318755019424397,0.051593775097124914
method2,4,5.0,469.6317,-0.952204348109917,3.2324775447482,0.8000000000000114,0.20000000000004547,-0.0049355691495051035,-0.009063201326700021,0.010319954511423176,0.05159977255710414
method2,5,5.0,469.8317,-0.957104163808867,3.22339360143699,1.0,0.19999999999998863,-0.0048998156989499275,-0.009083943311209985,0.010321154003547899,0.05160577001774243
method2,6,5.0,470.0317,-0.961968139082213,3.21428905717425,1.1999999999999886,0.19999999999998863,-0.004863975273346033,-0.009104544262739989,0.010322353495783473,0.051611767478920295
method2,7,5.0,470.2317,-0.966796187511175,3.20516405335691,1.3999999999999773,0.19999999999998863,-0.004828048428962006,-0.009125003817340271,0.010323552988137225,0.05161776494068906
method2,8,5.0,470.4317,-0.971588223234773,3.19601873174366,1.599999999999966,0.19999999999998863,-0.004792035723597987,-0.00914532161324999,0.010324752480617474,0.05162376240309031
method2,9,5.0,470.6317,-0.976344160951329,3.18685323445279,1.8000000000000114,0.20000000000004547,-0.004755937716556025,-0.009165497290870128,0.010325951973193939,0.051629759865957955
method2,10,5.0,470.8317,-0.981063915919981,3.1776677039599,2.0,0.19999999999998863,-0.004719754968651957,-0.009185530492889615,0.010327151465913521,0.05163575732957054
method2,11,5.0,471.0317,-0.985747403962164,3.16846228309579,2.1999999999999886,0.19999999999998863,-0.004683488042182993,-0.009205420864110359,0.01032835095872857,0.051641754793645786
method2,12,5.0,471.2317,-0.990394541463108,3.15923711504414,2.3999999999999773,0.19999999999998863,-0.004647137500944032,-0.009225168051649746,0.01032955045168276,0.05164775225841674
method2,13,5.0,471.4317,-0.995005245373304,3.14999234333938,2.599999999999966,0.19999999999998863,-0.0046107039101960234,-0.009244771704759902,0.010330749944734225,0.051653749723674064
method2,14,5.0,471.6317,-0.999579433209982,3.14072811186438,2.8000000000000114,0.20000000000004547,-0.0045741878366779565,-0.009264231474999995,0.010331949437913115,0.05165974718955383
method2,15,5.0,471.8317,-1.00411702305856,3.13144456484825,3.0,0.19999999999998863,-0.004537589848578105,-0.0092835470161301,0.010333148931212458,0.05166574465606523
method2,16,5.0,472.0317,-1.00861793357411,3.1221418468641,3.1999999999999886,0.19999999999998863,-0.004500910515549794,-0.009302717984150277,0.01033434842462841,0.051671742123144994
method2,17,5.0,472.2317,-1.01308208398277,3.11282010282678,3.3999999999999773,0.19999999999998863,-0.004464150408660217,-0.009321744037319668,0.010335547918153443,0.05167773959077015
method2,18,5.0,472.4317,-1.01750939408321,3.10347947799062,3.599999999999966,0.19999999999998863,-0.004427310100439952,-0.00934062483616005,0.010336747411799688,0.05168373705900138
method2,19,5.0,472.6317,-1.02189978424804,3.09412011794717,3.8000000000000114,0.20000000000004547,-0.004390390164829894,-0.00935936004345006,0.010337946905569044,0.051689734527833466
method2,20,5.0,472.8317,-1.02625317542521,3.08474216862294,4.0,0.19999999999998863,-0.004353391177170041,-0.009377949324230084,0.010339146399451427,0.051695731997260075
method2,21,5.0,473.0317,-1.03056948913946,3.07534577627713,4.199999999999989,0.19999999999998863,-0.0043163137142498975,-0.009396392345809801,0.01034034589345128,0.051701729467259344
method2,22,5.0,473.2317,-1.03484864749367,3.06593108749933,4.399999999999977,0.19999999999998863,-0.004279158354210111,-0.009414688777800162,0.010341545387573488,0.05170772693787038
method2,23,5.0,473.4317,-1.03909057317026,3.05649824920726,4.599999999999966,0.19999999999998863,-0.004241925676589986,-0.009432838292069867,0.010342744881802557,0.05171372440901573
method2,24,5.0,473.6317,-1.04329518943258,3.04704740864446,4.800000000000011,0.20000000000004547,-0.004204616262319938,-0.00945084056279999,0.010343944376147374,0.051719721880725114
method2,25,5.0,473.8317,-1.04746242012629,3.03757871337799,5.0,0.19999999999998863,-0.004167230693710167,-0.009468695266470206,0.010345143870622362,0.05172571935311475
method2,26,5.0,474.0317,-1.05159218968068,3.02809231129614,5.199999999999989,0.19999999999998863,-0.004129769554389817,-0.00948640208184992,0.010346343365213218,0.05173171682606903
method2,27,5.0,474.2317,-1.05568442311005,3.01858835060613,5.399999999999977,0.19999999999998863,-0.00409223342937004,-0.009503960690009805,0.010347542859911494,0.05173771429956041
method2,28,5.0,474.4317,-1.05973904601507,3.00906697983178,5.599999999999966,0.19999999999998863,-0.004054622905020011,-0.009521370774350224,0.010348742354729075,0.05174371177364832
method2,29,5.0,474.6317,-1.06375598458407,2.99952834781118,5.800000000000011,0.20000000000004547,-0.004016938569000095,-0.009538632020599902,0.010349941849669218,0.05174970924833432
method2,30,5.0,474.8317,-1.06773516559439,2.9899726036944,6.0,0.19999999999998863,-0.003979181010320021,-0.009555744116779952,0.010351141344714897,0.051755706723577426
method2,31,5.0,475.0317,-1.0716765164137,2.98039989694111,6.199999999999989,0.19999999999998863,-0.003941350819310019,-0.009572706753290028,0.010352340839895113,0.05176170419947851
method2,32,5.0,475.2317,-1.07557996500129,2.9708103773183,6.399999999999977,0.19999999999998863,-0.0039034485875899527,-0.009589519622810183,0.010353540335180983,0.05176770167590786
method2,33,5.0,475.4317,-1.07944543990936,2.9612041948979,6.599999999999966,0.19999999999998863,-0.003865474908069988,-0.0096061824203999,0.01035473983057608,0.051773699152883344
method2,34,5.0,475.6317,-1.08327287028434,2.95158150005443,6.800000000000011,0.20000000000004547,-0.003827430374979901,-0.009622694843470114,0.010355939326100029,0.05177969663048837
method2,35,5.0,475.8317,-1.08706218586813,2.94194244346266,7.0,0.19999999999998863,-0.0037893155837900316,-0.00963905659176989,0.010357138821744959,0.051785694108727735
method2,36,5.0,476.0317,-1.0908133169994,2.93228717609528,7.199999999999989,0.19999999999998863,-0.0037511311312701245,-0.009655267367380205,0.010358338317489972,0.0517916915874528
method2,37,5.0,476.2317,-1.09452619461483,2.92261584922047,7.399999999999977,0.19999999999998863,-0.0037128776154298215,-0.009671326874809871,0.010359537813366942,0.051797689066837654
method2,38,5.0,476.4317,-1.09820075025035,2.91292861439959,7.599999999999966,0.19999999999998863,-0.0036745556355199938,-0.009687234820880075,0.010360737309352224,0.051803686546764066
method2,39,5.0,476.6317,-1.10183691604242,2.90322562348478,7.800000000000011,0.20000000000004547,-0.003636165792070045,-0.00970299091480964,0.010361936805457692,0.05180968402727668
method2,40,5.0,476.8317,-1.10543462472921,2.89350702861659,8.0,0.19999999999998863,-0.003597708686789991,-0.009718594868190156,0.010363136301671237,0.05181568150835913
method2,41,5.0,477.0317,-1.10899380965187,2.88377298222158,8.199999999999989,0.19999999999998863,-0.0035591849226601635,-0.009734046395009965,0.010364335798009341,0.051821678990049656
method2,42,5.0,477.2317,-1.1125144047557,2.87402363700994,8.399999999999977,0.19999999999998863,-0.00352059510382996,-0.009749345211639948,0.010365535294466864,0.05182767647233727
method2,43,5.0,477.4317,-1.11599634459138,2.86425914597311,8.599999999999966,0.19999999999998863,-0.0034819398356800146,-0.00976449103682997,0.010366734791033684,0.05183367395517136
method2,44,5.0,477.6317,-1.11943956431617,2.85447966238136,8.800000000000011,0.20000000000004547,-0.003443219724790003,-0.009779483591750182,0.010367934287720674,0.051839671438591584
method2,45,5.0,477.8317,-1.12284399969505,2.84468533978139,9.0,0.19999999999998863,-0.003404435378880022,-0.009794322599970151,0.01036913378451913,0.05184566892259859
method2,46,5.0,478.0317,-1.12620958710193,2.83487633199391,9.199999999999989,0.19999999999998863,-0.0033655874068798664,-0.009809007787479729,0.01037033328144213,0.0518516664072136
method2,47,5.0,478.2317,-1.12953626352084,2.82505279311127,9.399999999999977,0.19999999999998863,-0.003326676418909935,-0.009823538882640204,0.01037153277846989,0.0518576638923524
method2,48,5.0,478.4317,-1.132823966547,2.81521487749496,9.599999999999966,0.19999999999998863,-0.0032877030261599938,-0.009837915616309978,0.01037273227562812,0.05186366137814355
method2,49,5.0,478.6317,-1.13607263438805,2.80536273977327,9.800000000000011,0.20000000000004547,-0.003248667841050157,-0.009852137721690024,0.010373931772892137,0.05186965886444889
method2,50,5.0,478.8317,-1.13928220586515,2.79549653483881,10.0,0.19999999999998863,-0.0032095714770998818,-0.009866204934459777,0.010375131270271792,0.05187565635136191
method2,51,5.0,479.0317,-1.14245262041411,2.78561641784608,10.199999999999989,0.19999999999998863,-0.0031704145489601654,-0.00988011699273006,0.01037633076777584,0.05188165383888215
method2,52,5.0,479.2317,-1.14558381808648,2.77572254420905,10.399999999999977,0.19999999999998863,-0.003131197672369801,-0.009893873637030204,0.010377530265384695,0.05188765132692642
method2,53,5.0,479.4317,-1.14867573955072,2.7658150695987,10.599999999999966,0.19999999999998863,-0.0030919214642401993,-0.009907474610349798,0.010378729763114325,0.051893648815574574
method2,54,5.0,479.6317,-1.15172832609324,2.75589414994057,10.800000000000011,0.20000000000004547,-0.0030525865425199417,-0.009920919658130245,0.010379929260965558,0.051899646304815986
method2,55,5.0,479.8317,-1.15474151961951,2.74595994141232,11.0,0.19999999999998863,-0.0030131935262700527,-0.009934208528249666,0.010381128758930993,0.05190564379465791
method2,56,5.0,480.0317,-1.15771526265512,2.73601260044127,11.199999999999989,0.19999999999998863,-0.0029737430356098216,-0.00994734097104999,0.010382328257003227,0.051911641285019086
method2,57,5.0,480.2317,-1.16064949834689,2.72605228370192,11.399999999999977,0.19999999999998863,-0.002934235691770093,-0.009960316739350272,0.010383527755201445,0.051917638776010175
method2,58,5.0,480.4317,-1.16354417046388,2.7160791481135,11.599999999999966,0.19999999999998863,-0.002894672116990016,-0.009973135588420057,0.01038472725351466,0.051923636267576255
method2,59,5.0,480.6317,-1.16639922339845,2.7060933508375,11.800000000000011,0.20000000000004547,-0.0028550529345698905,-0.009985797275999797,0.010385926751935096,0.051929633759663675
method2,60,5.0,480.8317,-1.16921460216733,2.69609504927518,12.0,0.19999999999998863,-0.0028153787688800502,-0.009998301562319956,0.010387126250477087,0.051935631252388384
method2,61,5.0,481.0317,-1.17199025241262,2.6860844010651,12.199999999999989,0.19999999999998863,-0.002775650245290029,-0.01001064821008013,0.01038832574913586,0.05194162874568225
method2,62,5.0,481.2317,-1.17472612040279,2.67606156408063,12.399999999999977,0.19999999999998863,-0.0027358679901698935,-0.01002283698446993,0.010389525247906881,0.05194762623953736
method2,63,5.0,481.4317,-1.17742215303375,2.66602669642747,12.599999999999966,0.19999999999998863,-0.002696032630960188,-0.010034867653160084,0.010390724746794165,0.05195362373397378
method2,64,5.0,481.6317,-1.18007829782978,2.65597995644114,12.800000000000011,0.20000000000004547,-0.0026561447960298246,-0.010046739986329989,0.010391924245797705,0.05195962122897671
method2,65,5.0,481.8317,-1.18269450294457,2.64592150268449,13.0,0.19999999999998863,-0.0026162051147899934,-0.010058453756649932,0.01039312374492474,0.051965618724626655
method2,66,5.0,482.0317,-1.18527071716217,2.63585149394522,13.199999999999989,0.19999999999998863,-0.0025762142176000147,-0.010070008739269998,0.010394323244152964,0.05197161622076778
method2,67,5.0,482.2317,-1.18780688989796,2.62577008923333,13.399999999999977,0.19999999999998863,-0.0025361727357899877,-0.010081404711889785,0.010395522743502514,0.051977613717515525
method2,68,5.0,482.4317,-1.19030297119965,2.61567744777865,13.599999999999966,0.19999999999998863,-0.0024960813016901007,-0.010092641454680251,0.010396722242965676,0.05198361121483133
method2,69,5.0,482.6317,-1.19275891174817,2.60557372902829,13.800000000000011,0.20000000000004547,-0.0024559405485200525,-0.010103718750360091,0.010397921742552357,0.05198960871274996
method2,70,5.0,482.8317,-1.19517466285864,2.59545909264416,14.0,0.19999999999998863,-0.002415751110469877,-0.010114636384130016,0.010399121242244614,0.05199560621122602
method2,71,5.0,483.0317,-1.1975501764813,2.58533369850041,14.199999999999989,0.19999999999998863,-0.002375513622659975,-0.010125394143750022,0.010400320742060331,0.05200160371030461
method2,72,5.0,483.2317,-1.19988540520242,2.57519770668094,14.399999999999977,0.19999999999998863,-0.0023352287211200196,-0.01013599181946967,0.010401520241979049,0.052007601209898204
method2,73,5.0,483.4317,-1.20218030224523,2.56505127747683,14.599999999999966,0.19999999999998863,-0.0022948970428100512,-0.010146429204110241,0.010402719742025135,0.05201359871012863
method2,74,5.0,483.6317,-1.20443482147079,2.55489457138384,14.800000000000011,0.20000000000004547,-0.002254519225560081,-0.010156706092990131,0.01040391924217998,0.05201959621088807
method2,75,5.0,483.8317,-1.20664891737888,2.54472774909984,15.0,0.19999999999998863,-0.0022140959080898526,-0.010166822283999899,0.010405118742458306,0.05202559371229449
method2,76,5.0,484.0317,-1.20882254510892,2.53455097152231,15.199999999999989,0.19999999999998863,-0.0021736277300401508,-0.010176777577529883,0.010406318242842398,0.052031591214214946
method2,77,5.0,484.2317,-1.21095566044078,2.52436439974576,15.399999999999977,0.19999999999998863,-0.0021331153318600027,-0.010186571776550135,0.010407517743334574,0.05203758871667583
method2,78,5.0,484.4317,-1.2130482197957,2.51416819505917,15.599999999999966,0.19999999999998863,-0.0020925593549199206,-0.010196204686589994,0.010408717243959633,0.052043586219801125
method2,79,5.0,484.6317,-1.21510018023707,2.50396251894347,15.800000000000011,0.20000000000004547,-0.0020519604413700154,-0.010205676115699891,0.0104099167446966,0.05204958372347116
method2,80,5.0,484.8317,-1.21711149947133,2.49374753306899,16.0,0.19999999999998863,-0.0020113192342599007,-0.010214985874479776,0.010411116245529352,0.052055581227649715
method2,81,5.0,485.0317,-1.21908213584877,2.48352339929283,16.19999999999999,0.19999999999998863,-0.0019706363774401048,-0.010224133776160382,0.010412315746504896,0.05206157873252744
method2,82,5.0,485.2317,-1.22101204836435,2.47329027965639,16.399999999999977,0.19999999999998863,-0.0019299125155800567,-0.010233119636439802,0.010413515247575259,0.052067576237879255
method2,83,5.0,485.4317,-1.2229011966585,2.46304833638273,16.599999999999966,0.19999999999998863,-0.0018891482941498783,-0.010241943273660237,0.010414714748765977,0.05207357374383284
method2,84,5.0,485.6317,-1.22474954101794,2.45279773187403,16.80000000000001,0.20000000000004547,-0.001848344359440146,-0.010250604508699634,0.010415914250071738,0.052079571250346846
method2,85,5.0,485.8317,-1.22655704237644,2.44253862870901,17.0,0.19999999999998863,-0.001807501358499941,-0.0102591031650201,0.01041711375149108,0.05208556875745836
method2,86,5.0,486.0317,-1.22832366231561,2.43227118964034,17.19999999999999,0.19999999999998863,-0.0017666199391699333,-0.010267439068670114,0.010418313253033152,0.05209156626516872
method2,87,5.0,486.2317,-1.23004936306568,2.4219955775921,17.399999999999977,0.19999999999998863,-0.0017257007500699473,-0.010275612048240124,0.01041951275466994,0.05209756377335266
method2,88,5.0,486.4317,-1.23173410750623,2.41171195565712,17.599999999999966,0.19999999999998863,-0.0016847444405501122,-0.01028362193497978,0.010420712256442062,0.05210356128221327
method2,89,5.0,486.6317,-1.23337785916696,2.40142048709446,17.80000000000001,0.20000000000004547,-0.0016437516607299418,-0.010291468562659833,0.010421911758327648,0.05210955879162639
method2,90,5.0,486.8317,-1.23498058222841,2.39112133532681,18.0,0.19999999999998863,-0.0016027230614499288,-0.010299151767650283,0.010423111260309821,0.05211555630155207
method2,91,5.0,487.0317,-1.23654224152269,2.38081466393784,18.19999999999999,0.19999999999998863,-0.0015616592942802043,-0.010306671388970123,0.010424310762425835,0.05212155381213214
method2,92,5.0,487.2317,-1.23806280253419,2.37050063666967,18.399999999999977,0.19999999999998863,-0.001520561011499888,-0.010314027268169657,0.01042551026464608,0.052127551323233365
method2,93,5.0,487.4317,-1.2395422314003,2.36017941742024,18.599999999999966,0.19999999999998863,-0.0014794288661099664,-0.01032121924942997,0.010426709766972665,0.05213354883486629
method2,94,5.0,487.6317,-1.24098049491209,2.34985117024068,18.80000000000001,0.20000000000004547,-0.0014382635117899945,-0.010328247179560268,0.010427909269428897,0.05213954634713263
method2,95,5.0,487.8317,-1.24237756051501,2.33951605933274,19.0,0.19999999999998863,-0.0013970656029200779,-0.010335110907939704,0.010429108772003325,0.05214554386001959
method2,96,5.0,488.0317,-1.24373339630953,2.32917424904619,19.19999999999999,0.19999999999998863,-0.0013558357945200328,-0.010341810286550235,0.010430308274672328,0.0521515413733646
method2,97,5.0,488.2317,-1.24504797105183,2.31882590387615,19.399999999999977,0.19999999999998863,-0.001314574742300012,-0.01034834517004013,0.010431507777468511,0.05215753888734552
method2,98,5.0,488.4317,-1.24632125415447,2.30847118846052,19.599999999999966,0.19999999999998863,-0.001273283102639855,-0.010354715415629823,0.010432707280382694,0.052163536401916434
method2,99,5.0,488.6317,-1.24755321568698,2.29811026757736,19.80000000000001,0.20000000000004547,-0.0012319615325100397,-0.010360920883159874,0.010433906783400112,0.0521695339169887
method2,100,5.0,488.8317,-1.24874382637655,2.28774330614225,20.0,0.19999999999998863,-0.0011906106895700486,-0.010366961435110067,0.010435106286529997,0.05217553143265295
method2,101,5.0,489.0317,-1.24989305760861,2.27737046920565,20.19999999999999,0.19999999999998863,-0.0011492312320600107,-0.010372836936600294,0.010436305789791786,0.05218152894896189
method2,102,5.0,489.2317,-1.25100088142744,2.26699192195033,20.399999999999977,0.19999999999998863,-0.0011078238188300116,-0.010378547255319948,0.010437505293147225,0.05218752646573909
method2,103,5.0,489.4317,-1.25206727053681,2.25660782968868,20.599999999999966,0.19999999999998863,-0.0010663891093700695,-0.010384092261650046,0.010438704796623165,0.05219352398311879
method2,104,5.0,489.6317,-1.25309219830053,2.24621835786009,20.80000000000001,0.20000000000004547,-0.001024927763719985,-0.010389471828589958,0.010439904300227489,0.05219952150112558
method2,105,5.0,489.8317,-1.25407563874305,2.23582367202836,21.0,0.19999999999998863,-0.0009834404425199672,-0.010394685831729866,0.010441103803925593,0.052205519019630935
method2,106,5.0,490.0317,-1.25501756655002,2.225423937879,21.19999999999999,0.19999999999998863,-0.0009419278069699999,-0.010399734149360018,0.010442303307743376,0.052211516538719846
method2,107,5.0,490.2317,-1.25591795706885,2.21501932121662,21.399999999999977,0.19999999999998863,-0.0009003905188298411,-0.010404616662380128,0.010443502811675633,0.05221751405838113
method2,108,5.0,490.4317,-1.25677678630925,2.20460998796227,21.599999999999966,0.19999999999998863,-0.0008588292404001496,-0.010409333254350006,0.010444702315733235,0.05222351157866914
method2,109,5.0,490.6317,-1.2575940309438,2.19419610415084,21.80000000000001,0.20000000000004547,-0.0008172446345500184,-0.010413883811429603,0.010445901819884024,0.052229509099408246
method2,110,5.0,490.8317,-1.25836966830844,2.18377783592834,22.0,0.19999999999998863,-0.000775637364639925,-0.010418268222500249,0.010447101324165669,0.05223550662083131
method2,111,5.0,491.0317,-1.25910367640298,2.17335534954931,22.19999999999999,0.19999999999998863,-0.0007340080945399396,-0.010422486379030094,0.010448300828551884,0.052241504142762386
method2,112,5.0,491.2317,-1.25979603389165,2.16292881137414,22.399999999999977,0.19999999999998863,-0.0006923574886701367,-0.01042653817517003,0.010449500333049212,0.05224750166524903
method2,113,5.0,491.4317,-1.26044672010356,2.15249838786641,22.599999999999966,0.19999999999998863,-0.000650686211910001,-0.010430423507729714,0.01045069983766496,0.05225349918832777
method2,114,5.0,491.6317,-1.2610557150332,2.14206424559024,22.80000000000001,0.20000000000004547,-0.0006089949296399499,-0.010434142276170011,0.010451899342401145,0.05225949671199384
method2,115,5.0,491.8317,-1.26162299934088,2.13162655120765,23.0,0.19999999999998863,-0.0005672843076800493,-0.010437694382590124,0.010453098847236329,0.052265494236184616
method2,116,5.0,492.0317,-1.26214855435325,2.12118547147585,23.19999999999999,0.19999999999998863,-0.0005255550123699493,-0.010441079731799974,0.010454298352200945,0.05227149176100769
method2,117,5.0,492.2317,-1.26263236206372,2.11074117324463,23.399999999999977,0.19999999999998863,-0.0004838077104700744,-0.01044429823121984,0.010455497857269742,0.05227748928635168
method2,118,5.0,492.4317,-1.26307440513288,2.10029382345367,23.599999999999966,0.19999999999998863,-0.0004420430691598476,-0.010447349790960292,0.010456697362440509,0.052283486812205515
method2,119,5.0,492.6317,-1.26347466688898,2.08984358912983,23.80000000000001,0.20000000000004547,-0.0004002617561000843,-0.010450234323839958,0.010457896867753053,0.05228948433875338
method2,120,5.0,492.8317,-1.2638331313283,2.07939063738457,24.0,0.19999999999998863,-0.00035846443931997207,-0.010452951745259842,0.010459096373157088,0.05229548186578841
method2,121,5.0,493.0317,-1.26414978311561,2.06893513541121,24.19999999999999,0.19999999999998863,-0.0003166517873101071,-0.010455501973360093,0.010460295878671094,0.05230147939335844
method2,122,5.0,493.2317,-1.26442460758453,2.05847725048225,24.399999999999977,0.19999999999998863,-0.00027482446891990975,-0.010457884928960048,0.010461495384317045,0.0523074769215882
method2,123,5.0,493.4317,-1.26465759073794,2.04801714994675,24.599999999999966,0.19999999999998863,-0.00023298315341002684,-0.010460100535500061,0.010462694890062576,0.05231347445031585
method2,124,5.0,493.6317,-1.26484871924834,2.0375550012276,24.80000000000001,0.20000000000004547,-0.0001911285103999294,-0.010462148719149855,0.010463894395926245,0.05231947197961933
method2,125,5.0,493.8317,-1.26499798045822,2.02709097181886,25.0,0.19999999999998863,-0.00014926120988012492,-0.010464029408740139,0.010465093901908066,0.0523254695095433
method2,126,5.0,494.0317,-1.26510536238044,2.0166252292831,25.19999999999999,0.19999999999998863,-0.00010738192221992904,-0.010465742535759937,0.010466293407985201,0.052331467039928976
method2,127,5.0,494.2317,-1.26517085369855,2.00615794124866,25.399999999999977,0.19999999999998863,-6.54913181099559e-05,-0.010467288034440081,0.010467492914192982,0.052337464570967884
method2,128,5.0,494.4317,-1.26519444376713,1.99568927540702,25.599999999999966,0.19999999999998863,-2.3590068580103818e-05,-0.010468665841639968,0.010468692420510552,0.052343462102555735
method2,129,5.0,494.6317,-1.26517612261212,1.9852193995101,25.80000000000001,0.20000000000004547,1.832115500999265e-05,-0.010469875896919945,0.010469891926931534,0.05234945963464577
method2,130,5.0,494.8317,-1.26511588093113,1.97474848136754,26.0,0.19999999999998863,6.0241680990058555e-05,-0.01047091814255996,0.01047109143348103,0.05235545716740813
method2,131,5.0,495.0317,-1.26501371009374,1.96427668884407,26.19999999999999,0.19999999999998863,0.00010217083739005872,-0.01047179252347008,0.010472290940124652,0.05236145470062624
method2,132,5.0,495.2317,-1.26486960214179,1.95380418985675,26.399999999999977,0.19999999999998863,0.00014410795194996773,-0.010472498987319945,0.010473490446896511,0.05236745223448553
method2,133,5.0,495.4317,-1.26468354978966,1.94333115237233,26.599999999999966,0.19999999999998863,0.00018605235212998394,-0.010473037484419967,0.010474689953779004,0.052373449768897996
method2,134,5.0,495.6317,-1.26445554642457,1.93285774440455,26.80000000000001,0.20000000000004547,0.00022800336509010144,-0.010473407967779957,0.010475889460759363,0.05237944730378491
method2,135,5.0,495.8317,-1.26418558610678,1.9223841340114,27.0,0.19999999999998863,0.00026996031779003005,-0.010473610393149979,0.010477088967870826,0.05238544483935711
method2,136,5.0,496.0317,-1.26387366356989,1.91191048929248,27.19999999999999,0.19999999999998863,0.0003119225368899414,-0.010473644718919983,0.010478288475088873,0.05239144237544734
method2,137,5.0,496.2317,-1.26351977422105,1.90143697838627,27.399999999999977,0.19999999999998863,0.00035388934883995304,-0.010473510906210182,0.010479487982421945,0.0523974399121127
method2,138,5.0,496.4317,-1.26312391414121,1.89096376946745,27.599999999999966,0.19999999999998863,0.0003958600798399381,-0.010473208918819976,0.01048068748985777,0.05240343744929183
method2,139,5.0,496.6317,-1.26268608008532,1.88049103074416,27.80000000000001,0.20000000000004547,0.0004378340558901517,-0.01047273872328991,0.010481886997425282,0.05240943498711449
method2,140,5.0,496.8317,-1.26220626948252,1.87001893045537,28.0,0.19999999999998863,0.0004798106027998905,-0.010472100288789976,0.010483086505082093,0.05241543252541345
method2,141,5.0,497.0317,-1.26168448043637,1.8595476368681,28.19999999999999,0.19999999999998863,0.0005217890461499675,-0.010471293587269948,0.010484286012861478,0.05242143006431037
method2,142,5.0,497.2317,-1.26112071172501,1.84907731827476,28.399999999999977,0.19999999999998863,0.000563768711359991,-0.010470318593340133,0.010485485520754517,0.05242742760377556
method2,143,5.0,497.4317,-1.26051496280134,1.83860814299043,28.599999999999966,0.19999999999998863,0.0006057489236701574,-0.010469175284330001,0.010486685028766417,0.05243342514383507
method2,144,5.0,497.6317,-1.25986723379317,1.82814027935018,28.80000000000001,0.20000000000004547,0.000647729008169895,-0.010467863640249986,0.010487884536878371,0.052439422684379934
method2,145,5.0,497.8317,-1.25917752550339,1.81767389570632,29.0,0.19999999999998863,0.0006897082897800999,-0.010466383643859878,0.010489084045113232,0.05244542022556914
method2,146,5.0,498.0317,-1.2584458394101,1.80720916042574,29.19999999999999,0.19999999999998863,0.000731686093289996,-0.010464735280580006,0.010490283553447442,0.05245141776724019
method2,147,5.0,498.2317,-1.25767217766674,1.79674624188715,29.399999999999977,0.19999999999998863,0.0007736617433597992,-0.01046291853859005,0.010491483061908353,0.052457415309544744
method2,148,5.0,498.4317,-1.25685654310221,1.78628530847842,29.599999999999966,0.19999999999998863,0.0008156345645300433,-0.01046093340873,0.01049268257047451,0.05246341285237553
method2,149,5.0,498.6317,-1.25599893922098,1.77582652859385,29.80000000000001,0.20000000000004547,0.000857603881230018,-0.010458779884570113,0.010493882079144458,0.05246941039571036
method2,150,5.0,498.8317,-1.25509937020316,1.76537007063143,30.0,0.19999999999998863,0.0008995690178199567,-0.010456457962420007,0.010495081587947677,0.05247540793974136
method2,151,5.0,499.0317,-1.25415784090464,1.75491610299019,30.19999999999999,0.19999999999998863,0.000941529298519983,-0.010453967641239847,0.010496281096848605,0.052481405484246006
method2,152,5.0,499.2317,-1.25317435685711,1.74446479406745,30.399999999999977,0.19999999999998863,0.0009834840475300144,-0.010451308922740044,0.010497480605854514,0.052487403029275556
method2,153,5.0,499.4317,-1.25214892426817,1.73401631225609,30.599999999999966,0.19999999999998863,0.0010254325889400562,-0.010448481811359933,0.010498680114984916,0.05249340057492756
method2,154,5.0,499.6317,-1.25108155002134,1.72357082594187,30.80000000000001,0.20000000000004547,0.0010673742468301217,-0.010445486314220043,0.010499879624231621,0.05249939812114617
method2,155,5.0,499.8317,-1.24997224167612,1.71312850350072,31.0,0.19999999999998863,0.0011093083452198282,-0.010442322441150065,0.010501079133580539,0.05250539566790568
method2,156,5.0,500.0317,-1.24882100746805,1.702689513296,31.19999999999999,0.19999999999998863,0.0011512342080701732,-0.010438990204719945,0.010502278643040753,0.05251139321520675
method2,157,5.0,500.2317,-1.24762785630869,1.6922540236758,31.399999999999977,0.19999999999998863,0.0011931511593599176,-0.010435489620200133,0.010503478152611479,0.05251739076306038
method2,158,5.0,500.4317,-1.24639279778563,1.68182220297021,31.599999999999966,0.19999999999998863,0.0012350585230600508,-0.010431820705590011,0.010504677662306434,0.052523388311535156
method2,159,5.0,500.6317,-1.24511584216253,1.67139421948864,31.80000000000001,0.20000000000004547,0.00127695562310004,-0.010427983481569925,0.010505877172100482,0.05252938586049046
method2,160,5.0,500.8317,-1.24379700037906,1.66097024151707,32.0,0.19999999999998863,0.0013188417834699706,-0.01042397797157002,0.010507076682008334,0.052535383410044656
method2,161,5.0,501.0317,-1.2424362840509,1.65055043731534,32.19999999999999,0.19999999999998863,0.0013607163281599277,-0.010419804201730054,0.010508276192036082,0.0525413809601834
method2,162,5.0,501.2317,-1.24103370546972,1.64013497511446,32.39999999999998,0.19999999999998863,0.0014025785811799807,-0.010415462200879855,0.0105094757021624,0.052547378510814986
method2,163,5.0,501.4317,-1.2395892776031,1.62972402311385,32.599999999999966,0.19999999999998863,0.001444427866620135,-0.010410952000610152,0.010510675212415105,0.052553376062078515
method2,164,5.0,501.6317,-1.2381030140945,1.61931774947867,32.80000000000001,0.20000000000004547,0.0014862635085999276,-0.010406273635179986,0.010511874722771283,0.05255937361384446
method2,165,5.0,501.8317,-1.23657492926318,1.60891632233708,33.0,0.19999999999998863,0.0015280848313199424,-0.01040142714158998,0.010513074233235244,0.05256537116617921
method2,166,5.0,502.0317,-1.23500503810414,1.59851990977751,33.19999999999999,0.19999999999998863,0.0015698911590400488,-0.010396412559569912,0.010514273743821544,0.05257136871911071
method2,167,5.0,502.2317,-1.23339335628801,1.58812867984598,33.39999999999998,0.19999999999998863,0.0016116818161300284,-0.010391229931530077,0.010515473254512644,0.05257736627256621
method2,168,5.0,502.4317,-1.23173990016096,1.57774280054336,33.599999999999966,0.19999999999998863,0.0016534561270500348,-0.010385879302619916,0.010516672765312613,0.05258336382656605
method2,169,5.0,502.6317,-1.23004468674459,1.56736243982266,33.80000000000001,0.20000000000004547,0.0016952134163699117,-0.010380360720700033,0.01051787227622073,0.052589361381091694
method2,170,5.0,502.8317,-1.2283077337358,1.55698776558629,34.0,0.19999999999998863,0.0017369530087900653,-0.010374674236369952,0.010519071787260666,0.05259535893630632
method2,171,5.0,503.0317,-1.2265290595067,1.54661894568341,34.19999999999999,0.19999999999998863,0.0017786742290999413,-0.010368819902879967,0.010520271298385037,0.052601356491928174
method2,172,5.0,503.2317,-1.22470868310438,1.53625614790714,34.39999999999998,0.19999999999998863,0.001820376402319912,-0.010362797776270138,0.01052147080963458,0.05260735404817589
method2,173,5.0,503.4317,-1.22284662425084,1.52589953999188,34.599999999999966,0.19999999999998863,0.0018620588535400717,-0.010356607915259941,0.010522670321000835,0.052613351605007165
method2,174,5.0,503.6317,-1.2209429033428,1.5155492896106,34.80000000000001,0.20000000000004547,0.0019037209080399187,-0.010350250381280013,0.010523869832475856,0.05261934916236732
method2,175,5.0,503.8317,-1.21899754145149,1.50520556437213,35.0,0.19999999999998863,0.0019453618913101156,-0.010343725238469936,0.010525069344052874,0.05262534672026736
method2,176,5.0,504.0317,-1.21701056032251,1.49486853181842,35.19999999999999,0.19999999999998863,0.001986981128979881,-0.01033703255370999,0.010526268855742867,0.05263134427871733
method2,177,5.0,504.2317,-1.21498198237561,1.48453835942184,35.39999999999998,0.19999999999998863,0.0020285779469000342,-0.010330172396580073,0.01052746836754754,0.05263734183774069
method2,178,5.0,504.4317,-1.21291183070448,1.47421521458247,35.599999999999966,0.19999999999998863,0.002070151671130116,-0.010323144839369913,0.010528667879465686,0.05264333939733142
method2,179,5.0,504.6317,-1.21080012907653,1.46389926462539,35.80000000000001,0.20000000000004547,0.0021117016279499357,-0.010315949957079962,0.010529867391494752,0.05264933695746179
method2,180,5.0,504.8317,-1.20864690193266,1.45359067679797,36.0,0.19999999999998863,0.002153227143870007,-0.010308587827420057,0.010531066903630018,0.05265533451815309
method2,181,5.0,505.0317,-1.20645217438705,1.44328961826714,36.19999999999999,0.19999999999998863,0.002194727545610009,-0.010301058530830076,0.010532266415878703,0.05266133207939651
method2,182,5.0,505.2317,-1.20421597222683,1.43299625611671,36.39999999999998,0.19999999999998863,0.0022362021602200244,-0.010293362150429974,0.0105334659282345,0.052667329641175493
method2,183,5.0,505.4317,-1.20193832191192,1.42271075734462,36.599999999999966,0.19999999999998863,0.002277650314910007,-0.010285498772089952,0.010534665440709237,0.052673327203549176
method2,184,5.0,505.6317,-1.19961925057466,1.41243328886028,36.80000000000001,0.20000000000004547,0.002319071337260059,-0.01027746848434008,0.010535864953287165,0.05267932476642385
method2,185,5.0,505.8317,-1.19725878601959,1.40216401748182,37.0,0.19999999999998863,0.0023604645550698855,-0.01026927137846001,0.010537064465979091,0.05268532232989845
method2,186,5.0,506.0317,-1.19485695672311,1.3919031099334,37.19999999999999,0.19999999999998863,0.002401829296480029,-0.010260907548419906,0.010538263978789408,0.05269131989395003
method2,187,5.0,506.2317,-1.19241379183322,1.38165073284252,37.39999999999998,0.19999999999998863,0.002443164889889937,-0.010252377090880005,0.010539463491695962,0.05269731745848281
method2,188,5.0,506.4317,-1.18992932116915,1.37140705273728,37.599999999999966,0.19999999999998863,0.002484470664070093,-0.010243680105240127,0.010540663004722107,0.05270331502361353
method2,189,5.0,506.6317,-1.18740357522108,1.3611722360437,37.80000000000001,0.20000000000004547,0.0025257459480698685,-0.010234816693579951,0.010541862517855856,0.052709312589267296
method2,190,5.0,506.8317,-1.18483658514975,1.35094644908301,38.0,0.19999999999998863,0.0025669900713300997,-0.010225786960689875,0.01054306203110474,0.05271531015552669
method2,191,5.0,507.0317,-1.18222838278617,1.34072985806895,38.19999999999999,0.19999999999998863,0.002608202363580059,-0.010216591014060139,0.010544261544459099,0.05272130772229849
method2,192,5.0,507.2317,-1.1795790006312,1.33052262910507,38.39999999999998,0.19999999999998863,0.0026493821549700147,-0.010207228963879933,0.010545461057921696,0.052727305289611476
method2,193,5.0,507.4317,-1.1768884718552,1.32032492818202,38.599999999999966,0.19999999999998863,0.0026905287759999563,-0.010197700923050057,0.010546660571501285,0.05273330285750942
method2,194,5.0,507.6317,-1.17415683029767,1.31013692117486,38.80000000000001,0.20000000000004547,0.002731641557530029,-0.01018800700716005,0.010547860085191088,0.05273930042594345
method2,195,5.0,507.8317,-1.17138411046682,1.29995877384037,39.0,0.19999999999998863,0.0027727198308500345,-0.010178147334489962,0.010549059598986735,0.05274529799493667
method2,196,5.0,508.0317,-1.16857034753919,1.28979065181433,39.19999999999999,0.19999999999998863,0.0028137629276299148,-0.010168122026039894,0.010550259112900598,0.05275129556450599
method2,197,5.0,508.2317,-1.16571557735922,1.27963272060886,39.39999999999998,0.19999999999998863,0.0028547701799699343,-0.010157931205470039,0.010551458626915406,0.05275729313458003
method2,198,5.0,508.4317,-1.16281983643883,1.26948514560969,39.599999999999966,0.19999999999998863,0.002895740920390022,-0.010147574999169962,0.010552658141046762,0.05276329070523681
method2,199,5.0,508.6317,-1.15988316195697,1.2593480920735,39.80000000000001,0.20000000000004547,0.002936674481859969,-0.010137053536189988,0.010553857655283659,0.0527692882764063
method2,200,5.0,508.8317,-1.1569055917592,1.24922172512521,40.0,0.19999999999998863,0.0029775701977701186,-0.010126366948290055,0.01055505716962585,0.05277528584813225
method2,201,5.0,509.0317,-1.1538871643572,1.23910620975527,40.19999999999999,0.19999999999998863,0.003018427401999979,-0.010115515369939931,0.010556256684101392,0.05278128342050996
method2,202,5.0,509.2317,-1.15082791892832,1.22900171081705,40.39999999999998,0.19999999999998863,0.003059245428880031,-0.010104498938220186,0.01055745619865961,0.052787280993301045
method2,203,5.0,509.4317,-1.14772789531508,1.21890839302406,40.599999999999966,0.19999999999998863,0.0031000236132399106,-0.010093317792989831,0.010558655713343917,0.052793278566722585
method2,204,5.0,509.6317,-1.14458713402471,1.20882642094732,40.80000000000001,0.20000000000004547,0.0031407612903699977,-0.010081972076739998,0.010559855228138862,0.052799276140682305
method2,205,5.0,509.8317,-1.1414056762286,1.19875595901269,41.0,0.19999999999998863,0.00318145779611001,-0.010070461934630126,0.010561054743029387,0.05280527371514993
method2,206,5.0,510.0317,-1.13818356376184,1.18869717149812,41.19999999999999,0.19999999999998863,0.003222112466759963,-0.0100587875145699,0.010562254258051037,0.052811271290258185
method2,207,5.0,510.2317,-1.13492083912266,1.17865022253106,41.39999999999998,0.19999999999998863,0.0032627246391800924,-0.010046948967060043,0.01056345377316632,0.0528172688658346
method2,208,5.0,510.4317,-1.1316175454719,1.16861527608572,41.599999999999966,0.19999999999998863,0.0033032936507599864,-0.010034946445339976,0.010564653288394876,0.05282326644197738
method2,209,5.0,510.6317,-1.12827372663247,1.15859249598042,41.80000000000001,0.20000000000004547,0.003343818839429913,-0.010022780105300111,0.010565852803731752,0.052829264018646745
method2,210,5.0,510.8317,-1.1248894270888,1.1485820458749,42.0,0.19999999999998863,0.003384299543670144,-0.01001045010551982,0.010567052319184745,0.052835261595926726
method2,211,5.0,511.0317,-1.12146469198625,1.13858408926767,42.19999999999999,0.19999999999998863,0.003424735102549814,-0.00999795660723013,0.010568251834749846,0.052841259173752236
method2,212,5.0,511.2317,-1.11799956713055,1.12859878949334,42.39999999999998,0.19999999999998863,0.0034651248557000525,-0.009985299774329937,0.010569451350416625,0.05284725675208613
method2,213,5.0,511.4317,-1.11449409898723,1.11862630971993,42.599999999999966,0.19999999999998863,0.0035054681433199786,-0.009972479773409981,0.0105706508661909,0.0528532543309575
method2,214,5.0,511.6317,-1.11094833468096,1.10866681294621,42.80000000000001,0.20000000000004547,0.0035457643062699606,-0.009959496773719989,0.010571850382092862,0.052859251910452286
method2,215,5.0,511.8317,-1.10736232199501,1.09872046199908,43.0,0.19999999999998863,0.0035860126859501573,-0.009946350947130034,0.010573049898079077,0.05286524949039839
method2,216,5.0,512.0317,-1.10373610937057,1.08878741953084,43.19999999999999,0.19999999999998863,0.0036262126244399617,-0.009933042468240005,0.010574249414190459,0.0528712470709553
method2,217,5.0,512.2317,-1.10006974590617,1.07886784801657,43.400000000000034,0.20000000000004547,0.0036663634644000798,-0.00991957151426992,0.010575448930414396,0.05287724465205996
method2,218,5.0,512.4317,-1.09636328135697,1.0689619097515,43.599999999999966,0.1999999999999318,0.0037064645491999837,-0.009905938265070136,0.010576648446736657,0.052883242233701326
method2,219,5.0,512.6317,-1.09261676613419,1.05906976684829,43.80000000000001,0.20000000000004547,0.0037465152227800225,-0.009892142903209944,0.01057784796317518,0.052889239815863874
method2,220,5.0,512.8317,-1.08883025130437,1.04919158123443,43.99999999999994,0.1999999999999318,0.0037865148298199536,-0.009878185613860113,0.010579047479727054,0.05289523739865331
method2,221,5.0,513.0317,-1.08500378858876,1.03932751464958,44.19999999999999,0.20000000000004547,0.003826462715609935,-0.009864066584849951,0.010580246996375196,0.05290123498186395
method2,222,5.0,513.2317,-1.08113743036256,1.02947772864291,44.400000000000034,0.20000000000004547,0.003866358226199962,-0.00984978600666997,0.010581446513142504,0.05290723256570049
method2,223,5.0,513.4317,-1.07723122965431,1.01964238457046,44.599999999999966,0.1999999999999318,0.003906200708249985,-0.009835344072449903,0.010582646030015751,0.0529132301500968
method2,224,5.0,513.6317,-1.0732852401451,1.0098216435925,44.80000000000001,0.20000000000004547,0.003945989509209991,-0.00982074097796004,0.01058384554701073,0.05291922773504162
method2,225,5.0,513.8317,-1.06929951616792,1.00001566667092,44.99999999999994,0.1999999999999318,0.003985723977180111,-0.00980597692158014,0.010585045064090692,0.05292522532047151
method2,226,5.0,514.0317,-1.06527411270688,0.990224614566523,45.19999999999999,0.20000000000004547,0.004025403461039856,-0.009791052104396902,0.010586244581302978,0.05293122290650285
method2,227,5.0,514.2317,-1.0612090853965,0.980448647836469,45.400000000000034,0.20000000000004547,0.004065027310380165,-0.009775966730053987,0.010587444098613178,0.052937220493053855
method2,228,5.0,514.4317,-1.05710449052096,0.970687926831589,45.599999999999966,0.1999999999999318,0.004104594875540046,-0.009760721004880013,0.01058864361603579,0.05294321808019701
method2,229,5.0,514.6317,-1.05296038501333,0.960942611693787,45.80000000000001,0.20000000000004547,0.004144105507629892,-0.009745315137801969,0.010589843133561545,0.05294921566779569
method2,230,5.0,514.8317,-1.04877682645479,0.95121286235339,45.99999999999994,0.1999999999999318,0.004183558558539913,-0.009729749340397054,0.010591042651207172,0.05295521325605392
method2,231,5.0,515.0317,-1.04455387307387,0.941498838526554,46.19999999999999,0.20000000000004547,0.004222953380920158,-0.009714023826835949,0.010592242168953726,0.052961210844756586
method2,232,5.0,515.2317,-1.04029158374565,0.931800699712614,46.400000000000034,0.20000000000004547,0.004262289328220037,-0.009698138813939994,0.010593441686813018,0.052967208434053045
method2,233,5.0,515.4317,-1.03599001799095,0.922118605191492,46.599999999999966,0.1999999999999318,0.004301565754699865,-0.009682094521122009,0.010594641204776472,0.052973206023900425
method2,234,5.0,515.6317,-1.03164923597552,0.91245271402106,46.80000000000001,0.20000000000004547,0.004340782015429978,-0.00966589117043204,0.010595840722855191,0.052979203614263906
method2,235,5.0,515.8317,-1.02726929850922,0.902803185034553,46.99999999999994,0.1999999999999318,0.0043799374663000545,-0.00964952898650695,0.010597040241036021,0.05298520120519818
method2,236,5.0,516.0317,-1.02285026704517,0.893170176837936,47.19999999999999,0.20000000000004547,0.004419031464049983,-0.009633008196617054,0.010598239759335278,0.05299119879666434
method2,237,5.0,516.2317,-1.01839220367894,0.883553847807322,47.400000000000034,0.20000000000004547,0.004458063366230114,-0.009616329030613935,0.010599439277733106,0.05299719638865348
method2,238,5.0,516.4317,-1.01389517114765,0.873954356086348,47.599999999999966,0.1999999999999318,0.004497032531289857,-0.009599491720974074,0.010600638796248509,0.05300319398126062
method2,239,5.0,516.6317,-1.00935923282914,0.8643718595836,47.80000000000001,0.20000000000004547,0.004535938318509958,-0.009582496502748006,0.010601838314863356,0.053009191574304726
method2,240,5.0,516.8317,-1.00478445274106,0.85480651596999,47.99999999999994,0.1999999999999318,0.004574780088079988,-0.009565343613609945,0.010603037833598524,0.05301518916801071
method2,241,5.0,517.0317,-1.00017089554002,0.845258482676192,48.19999999999999,0.20000000000004547,0.004613557201040175,-0.009548033293798053,0.010604237352433495,0.05302118676215542
method2,242,5.0,517.2317,-0.995518626520663,0.83572791689003,48.400000000000034,0.20000000000004547,0.004652269019356892,-0.00953056578616196,0.010605436871380117,0.053027184356888524
method2,243,5.0,517.4317,-0.990827711614767,0.826214975553905,48.599999999999966,0.1999999999999318,0.004690914905896015,-0.009512941336125014,0.010606636390435631,0.053033181952196244
method2,244,5.0,517.6317,-0.986098217390327,0.81671981536221,48.80000000000001,0.20000000000004547,0.004729494224440023,-0.00949516019169494,0.010607835909598141,0.05303917954797865
method2,245,5.0,517.8317,-0.981330211050624,0.807242592758747,48.99999999999994,0.1999999999999318,0.004768006339702979,-0.009477222603463065,0.01060903542887095,0.053045177144372846
method2,246,5.0,518.0317,-0.976523760433285,0.797783463934158,49.19999999999999,0.20000000000004547,0.004806450617338975,-0.009459128824588992,0.010610234948251076,0.053051174741243316
method2,247,5.0,518.2317,-0.971678934009331,0.788342584823348,49.400000000000034,0.20000000000004547,0.004844826423954007,-0.009440879110810041,0.010611434467741501,0.05305717233869544
method2,248,5.0,518.4317,-0.966795800882224,0.77892011110292,49.599999999999966,0.1999999999999318,0.0048831331271069756,-0.009422473720427926,0.010612633987338131,0.05306316993670875
method2,249,5.0,518.6317,-0.961874430786886,0.769516198188607,49.80000000000001,0.20000000000004547,0.004921370095338107,-0.009403912914313084,0.010613833507045067,0.05306916753521327
method2,250,5.0,518.8317,-0.956914894088724,0.760131001232715,49.99999999999994,0.1999999999999318,0.004959536698161959,-0.009385196955891906,0.010615033026858556,0.05307516513431088
method2,251,5.0,519.0317,-0.951917261782637,0.750764675121559,50.19999999999999,0.20000000000004547,0.004997632306086963,-0.009366326111156065,0.010616232546782687,0.053081162733901364
method2,252,5.0,519.2317,-0.946881605492012,0.741417374472918,50.400000000000034,0.20000000000004547,0.005035656290625079,-0.009347300648640977,0.010617432066813329,0.05308716033405457
method2,253,5.0,519.4317,-0.941807997467715,0.732089253633478,50.599999999999966,0.1999999999999318,0.005073608024296905,-0.009328120839440013,0.010618631586951541,0.053093157934775814
method2,254,5.0,519.6317,-0.93669651058706,0.722780466676288,50.80000000000001,0.20000000000004547,0.005111486880654992,-0.009308786957189952,0.01061983110720024,0.05309915553598912
method2,255,5.0,519.8317,-0.931547218352789,0.713491167398217,50.99999999999994,0.1999999999999318,0.0051492922342710745,-0.009289299278070984,0.01062103062755656,0.05310515313780091
method2,256,5.0,520.0317,-0.926360194892015,0.704221509317419,51.19999999999999,0.20000000000004547,0.005187023460773932,-0.009269658080798049,0.010622230148020882,0.05311115074009233
method2,257,5.0,520.2317,-0.921135514955178,0.694971645670795,51.400000000000034,0.20000000000004547,0.005224679936837062,-0.009249863646624057,0.010623429668592203,0.053117148342948936
method2,258,5.0,520.4317,-0.915873253914973,0.685741729411462,51.599999999999966,0.1999999999999318,0.005262261040204996,-0.009229916259332893,0.010624629189273246,0.05312314594638435
method2,259,5.0,520.6317,-0.910573487765285,0.676531913206228,51.80000000000001,0.20000000000004547,0.005299766149687968,-0.00920981620523409,0.01062582871006167,0.05312914355029627
method2,260,5.0,520.8317,-0.905236293120094,0.667342349433071,51.99999999999994,0.1999999999999318,0.005337194645191001,-0.009189563773156939,0.010627028230957791,0.05313514115480708
method2,261,5.0,521.0317,-0.899861747212388,0.658173190178618,52.19999999999999,0.20000000000004547,0.00537454590770603,-0.009169159254453052,0.010628227751961362,0.053141138759794725
method2,262,5.0,521.2317,-0.894449927893053,0.64902458723563,52.400000000000034,0.20000000000004547,0.005411819319334987,-0.009148602942988027,0.01062942727307434,0.053147136365359615
method2,263,5.0,521.4317,-0.889000913629759,0.639896692100496,52.599999999999966,0.1999999999999318,0.0054490142632940275,-0.009127895135133901,0.010630626794295005,0.053153133971493155
method2,264,5.0,521.6317,-0.883514783505838,0.630789655970723,52.80000000000001,0.20000000000004547,0.0054861301239209626,-0.009107036129773038,0.010631826315623507,0.05315913157810545
method2,265,5.0,521.8317,-0.877991617219143,0.621703629742439,52.99999999999994,0.1999999999999318,0.005523166286695025,-0.009086026228284028,0.01063302583705832,0.05316512918530973
method2,266,5.0,522.0317,-0.872431495080905,0.612638764007888,53.19999999999999,0.20000000000004547,0.005560122138237977,-0.009064865734551009,0.01063422535860328,0.05317112679300431
method2,267,5.0,522.2317,-0.866834498014575,0.603595209052948,53.400000000000034,0.20000000000004547,0.0055969970663299895,-0.009043554954940025,0.010635424880254046,0.05317712440125814
method2,268,5.0,522.4317,-0.861200707554661,0.594573114854632,53.599999999999966,0.1999999999999318,0.005633790459913968,-0.0090220941983159,0.010636624402013219,0.05318312201008423
method2,269,5.0,522.6317,-0.85553020584555,0.585572631078609,53.80000000000001,0.20000000000004547,0.005670501709111098,-0.009000483776023027,0.01063782392388056,0.053189119619390705
method2,270,5.0,522.8317,-0.84982307564032,0.576593907076725,53.99999999999994,0.1999999999999318,0.005707130205229949,-0.008978724001884042,0.0106390234458552,0.05319511722929414
method2,271,5.0,523.0317,-0.844079400299546,0.567637091884526,54.19999999999999,0.20000000000004547,0.005743675340774024,-0.00895681519219893,0.010640222967937334,0.053201114839674574
method2,272,5.0,523.2317,-0.838299263790093,0.558702334218789,54.400000000000034,0.20000000000004547,0.005780136509452971,-0.008934757665737036,0.010641422490125929,0.053207112450617544
method2,273,5.0,523.4317,-0.832482750683897,0.549789782475051,54.599999999999966,0.1999999999999318,0.00581651310619602,-0.008912551743738062,0.010642622012425247,0.05321311006214439
method2,274,5.0,523.6317,-0.826629946156742,0.540899584725157,54.80000000000001,0.20000000000004547,0.005852804527154976,-0.008890197749893969,0.010643821534829751,0.05321910767413666
method2,275,5.0,523.8317,-0.820740935987024,0.532031888714794,54.99999999999994,0.1999999999999318,0.00588901016971799,-0.008867696010362969,0.010645021057341747,0.05322510528672689
method2,276,5.0,524.0317,-0.814815806554497,0.523186841861046,55.19999999999999,0.20000000000004547,0.005925129432526988,-0.008845046853747984,0.01064622057996145,0.053231102899795144
method2,277,5.0,524.2317,-0.808854644839026,0.514364591249941,55.400000000000034,0.20000000000004547,0.005961161715471008,-0.008822250611104976,0.010647420102688697,0.05323710051343138
method2,278,5.0,524.4317,-0.802857538419315,0.505565283634013,55.599999999999966,0.1999999999999318,0.0059971064197110735,-0.008799307615928065,0.010648619625522803,0.05324309812763218
method2,279,5.0,524.6317,-0.796824575471631,0.496789065429861,55.80000000000001,0.20000000000004547,0.006032962947683962,-0.008776218204151975,0.010649819148465202,0.0532490957423139
method2,280,5.0,524.8317,-0.790755844768519,0.48803608271572,55.99999999999994,0.1999999999999318,0.00606873070311198,-0.008752982714140989,0.010651018671514242,0.05325509335758937
method2,281,5.0,525.0317,-0.784651435677504,0.47930648122903,56.19999999999999,0.20000000000004547,0.006104409091015062,-0.008729601486689997,0.010652218194671359,0.05326109097334468
method2,282,5.0,525.2317,-0.778511438159788,0.470600406364015,56.400000000000034,0.20000000000004547,0.006139997517715989,-0.008706074865015012,0.010653417717934686,0.05326708858966132
method2,283,5.0,525.4317,-0.772335942768929,0.461918003169266,56.599999999999966,0.1999999999999318,0.006175495390858932,-0.008682403194749,0.010654617241304709,0.05327308620654171
method2,284,5.0,525.6317,-0.76612504064952,0.453259416345323,56.80000000000001,0.20000000000004547,0.006210902119409001,-0.008658586823942993,0.010655816764783376,0.05327908382390476
method2,285,5.0,525.8317,-0.759878823535851,0.444624790242274,56.99999999999994,0.1999999999999318,0.006246217113669017,-0.008634626103048992,0.010657016288368275,0.053285081441859554
method2,286,5.0,526.0317,-0.753597383750563,0.436014268857348,57.19999999999999,0.20000000000004547,0.006281439785288057,-0.008610521384926018,0.010658215812061039,0.053291079060293074
method2,287,5.0,526.2317,-0.747280814203294,0.427427995832521,57.400000000000034,0.20000000000004547,0.006316569547269002,-0.008586273024827007,0.010659415335859563,0.053297076679285696
method2,288,5.0,526.4317,-0.740929208389312,0.418866114452119,57.599999999999966,0.1999999999999318,0.006351605813981975,-0.008561881380401981,0.010660614859766944,0.0533030742988529
method2,289,5.0,526.6317,-0.734542660388145,0.410328767640436,57.80000000000001,0.20000000000004547,0.006386548001167003,-0.008537346811683,0.010661814383779344,0.0533090719188846
method2,290,5.0,526.8317,-0.728121264862189,0.401816097959349,57.99999999999994,0.1999999999999318,0.006421395525955997,-0.008512669681087048,0.010663013907899884,0.053315069539517604
method2,291,5.0,527.0317,-0.721665117055322,0.393328247605943,58.19999999999999,0.20000000000004547,0.006456147806866985,-0.00848785035340599,0.010664213432125577,0.053321067160615764
method2,292,5.0,527.2317,-0.715174312791491,0.384865358410138,58.400000000000034,0.20000000000004547,0.006490804263830974,-0.008462889195804957,0.010665412956460646,0.05332706478229111
method2,293,5.0,527.4317,-0.708648948473307,0.376427571832327,58.599999999999966,0.1999999999999318,0.006525364318184068,-0.008437786577811024,0.01066661248090122,0.05333306240452429
method2,294,5.0,527.6317,-0.702089121080617,0.368015028961013,58.80000000000001,0.20000000000004547,0.006559827392689899,-0.008412542871313988,0.010667812005448004,0.05333906002722789
method2,295,5.0,527.8317,-0.695494928169071,0.359627870510453,58.99999999999994,0.1999999999999318,0.00659419291154606,-0.00838715845056004,0.010669011530103667,0.05334505765053653
method2,296,5.0,528.0317,-0.688866467868683,0.351266236818314,59.19999999999999,0.20000000000004547,0.006628460300387995,-0.008361633692138992,0.010670211054863614,0.05335105527430594
method2,297,5.0,528.2317,-0.682203838882375,0.342930267843323,59.400000000000034,0.20000000000004547,0.0066626289863079835,-0.008335968974991004,0.01067141057973143,0.05335705289864502
method2,298,5.0,528.4317,-0.675507140484518,0.334620103162932,59.599999999999966,0.1999999999999318,0.006696698397857026,-0.008310164680390975,0.010672610104706274,0.05336305052354957
method2,299,5.0,528.6317,-0.668776472519459,0.326335881970988,59.80000000000001,0.20000000000004547,0.006730667965058945,-0.008284221191943997,0.01067380962978658,0.05336904814892077
method2,300,5.0,528.8317,-0.662011935400041,0.318077743075401,59.99999999999994,0.1999999999999318,0.006764537119418046,-0.00825813889558702,0.010675009154974612,0.053375045774891265
method2,301,5.0,529.0317,-0.655213630106116,0.309845824895826,60.19999999999999,0.20000000000004547,0.006798305293925,-0.00823191817957497,0.010676208680267803,0.05338104340132688
method2,302,5.0,529.2317,-0.648381658183038,0.301640265461348,60.400000000000034,0.20000000000004547,0.006831971923078051,-0.008205559434478038,0.010677408205668561,0.05338704102833067
method2,303,5.0,529.4317,-0.641516121740161,0.293461202408169,60.599999999999966,0.1999999999999318,0.006865536442876907,-0.008179063053179003,0.01067860773117679,0.05339303865590216
method2,304,5.0,529.6317,-0.634617123449319,0.285308772977311,60.80000000000001,0.20000000000004547,0.006898998290842062,-0.008152429430857977,0.010679807256788907,0.053399036283932395
method2,305,5.0,529.8317,-0.627684766543294,0.27718311401231,60.99999999999994,0.1999999999999318,0.006932356906025006,-0.008125658965001004,0.010681006782509493,0.05340503391256568
method2,306,5.0,530.0317,-0.620719154814284,0.269084361956931,61.19999999999999,0.20000000000004547,0.006965611729010002,-0.008098752055379022,0.010682206308334791,0.05341103154166181
method2,307,5.0,530.2317,-0.613720392612353,0.261012652852876,61.400000000000034,0.20000000000004547,0.006998762201930964,-0.00807170910405497,0.010683405834267527,0.053417029171325486
method2,308,5.0,530.4317,-0.606688584843875,0.25296812233751,61.599999999999966,0.1999999999999318,0.0070318077684780045,-0.008044530515366022,0.01068460536030614,0.05342302680154892
method2,309,5.0,530.6317,-0.599623836969971,0.244950905641581,61.80000000000001,0.20000000000004547,0.007064747873903987,-0.008017216695928975,0.010685804886451615,0.053429024432245925
method2,310,5.0,530.8317,-0.592526255004934,0.236961137586955,61.99999999999994,0.1999999999999318,0.007097581965036959,-0.007989768054626006,0.010687004412703316,0.0534350220635348
method2,311,5.0,531.0317,-0.585395945514641,0.228998952584359,62.19999999999999,0.20000000000004547,0.00713030949029303,-0.00796218500259599,0.010688203939059514,0.05344101969528542
method2,312,5.0,531.2317,-0.578233015614966,0.221064484631112,62.400000000000034,0.20000000000004547,0.007162929899675041,-0.00793446795324701,0.010689403465524279,0.053447017327609245
method2,313,5.0,531.4317,-0.571037572970173,0.213157867308891,62.599999999999966,0.1999999999999318,0.007195442644792993,-0.007906617322221005,0.010690602992093142,0.05345301496048394
method2,314,5.0,531.6317,-0.563809725791308,0.205279233781475,62.80000000000001,0.20000000000004547,0.007227847178865043,-0.007878633527415996,0.010691802518768796,0.053459012593831824
method2,315,5.0,531.8317,-0.556549582834572,0.197428716792517,62.99999999999994,0.1999999999999318,0.007260142956735938,-0.007850516988958,0.010693002045551129,0.053465010227773876
method2,316,5.0,532.0317,-0.549257253399701,0.189606448663306,63.19999999999999,0.20000000000004547,0.007292329434871014,-0.007822268129210996,0.010694201572438979,0.053471007862182736
method2,317,5.0,532.2317,-0.541932847328319,0.181812561290548,63.400000000000034,0.20000000000004547,0.007324406071381961,-0.0077938873727579905,0.010695401099432102,0.05347700549714835
method2,318,5.0,532.4317,-0.534576475002292,0.174047186144144,63.599999999999966,0.1999999999999318,0.007356372326027039,-0.007765375146404019,0.010696600626532044,0.05348300313267846
method2,319,5.0,532.6317,-0.527188247342072,0.166310454264981,63.80000000000001,0.20000000000004547,0.007388227660219959,-0.007736731879162989,0.010697800153737037,0.05348900076867302
method2,320,5.0,532.8317,-0.519768275805029,0.158602496262724,63.99999999999994,0.1999999999999318,0.007419971537042991,-0.007707958002257015,0.010698999681048975,0.05349499840526312
method2,321,5.0,533.0317,-0.512316672383778,0.150923442313619,64.19999999999999,0.20000000000004547,0.007451603421251063,-0.00767905394910498,0.010700199208466418,0.05350099604231993
method2,322,5.0,533.2317,-0.504833549604494,0.143273422158299,64.40000000000003,0.20000000000004547,0.007483122779283979,-0.007650020155320014,0.010701398735989668,0.05350699367993617
method2,323,5.0,533.4317,-0.497319020525218,0.135652565099601,64.59999999999997,0.1999999999999318,0.007514529079276022,-0.0076208570586979996,0.010702598263617675,0.05351299131810663
method2,324,5.0,533.6317,-0.489773198734152,0.128061000000385,64.80000000000001,0.20000000000004547,0.007545821791065999,-0.007591565099215991,0.010703797791352412,0.05351898895674989
method2,325,5.0,533.8317,-0.482196198347956,0.120498855281357,64.99999999999994,0.1999999999999318,0.0075770003861959645,-0.0075621447190280106,0.01070499731919336,0.05352498659598506
method2,326,5.0,534.0317,-0.47458813401002,0.112966258918914,65.19999999999999,0.20000000000004547,0.007608064337936038,-0.007532596362442995,0.010706196847137809,0.05353098423567687
method2,327,5.0,534.2317,-0.46694912088874,0.10546333844297,65.40000000000003,0.20000000000004547,0.007639013121279958,-0.007502920475944003,0.010707396375189776,0.05353698187593671
method2,328,5.0,534.4317,-0.459279274675774,0.0979902209348189,65.59999999999997,0.1999999999999318,0.007669846212966014,-0.007473117508151092,0.010708595903347157,0.05354297951675405
method2,329,5.0,534.6317,-0.451578711584307,0.0905470330249751,65.80000000000001,0.20000000000004547,0.007700563091466994,-0.007443187909843801,0.010709795431608797,0.05354897715803181
method2,330,5.0,534.8317,-0.443847548347282,0.0831339008910428,65.99999999999994,0.1999999999999318,0.007731163237024996,-0.007413132133932299,0.010710994959977642,0.05355497479990648
method2,331,5.0,535.0317,-0.436085902215646,0.0757509502555811,66.19999999999999,0.20000000000004547,0.007761646131635991,-0.00738295063546171,0.010712194488451206,0.05356097244224385
method2,332,5.0,535.2317,-0.428293890956575,0.0683983063839779,66.40000000000003,0.20000000000004547,0.00779201125907103,-0.007352643871603198,0.010713394017029046,0.05356697008513305
method2,333,5.0,535.4317,-0.420471632851684,0.0610760940823347,66.59999999999997,0.1999999999999318,0.007822258104891011,-0.007322212301643198,0.01071459354571456,0.05357296772859107
method2,334,5.0,535.6317,-0.412619246695253,0.0537844376953487,66.80000000000001,0.20000000000004547,0.007852386156430968,-0.007291656386985999,0.010715793074503745,0.05357896537250654
method2,335,5.0,535.8317,-0.404736851792412,0.0465234611042171,66.99999999999994,0.1999999999999318,0.007882394902841039,-0.007260976591131597,0.010716992603398373,0.05358496301701014
method2,336,5.0,536.0317,-0.396824567957341,0.0392932877245302,67.19999999999999,0.20000000000004547,0.007912283835070977,-0.0072301733796868994,0.010718192132400807,0.05359096066199185
method2,337,5.0,536.2317,-0.38888251551146,0.0320940405041901,67.40000000000003,0.20000000000004547,0.007942052445880976,-0.007199247220340106,0.01071939166150294,0.05359695830750251
method2,338,5.0,536.4317,-0.380910815281588,0.0249258419213185,67.59999999999997,0.1999999999999318,0.007971700229872036,-0.007168198582871595,0.01072059119071445,0.05360295595359053
method2,339,5.0,536.6317,-0.372909588598123,0.0177888139821847,67.80000000000001,0.20000000000004547,0.00800122668346498,-0.007137027939133803,0.010721790720032195,0.053608953600148786
method2,340,5.0,536.8317,-0.364878957293197,0.0106830782191394,67.99999999999994,0.1999999999999318,0.008030631304925984,-0.007105735763045299,0.010722990249453656,0.05361495124728657
method2,341,5.0,537.0317,-0.356819043698827,0.00360875568854979,68.19999999999999,0.20000000000004547,0.008059913594370027,-0.00707432253058961,0.010724189778977176,0.05362094889487369
method2,342,5.0,537.2317,-0.348729970645049,-0.00343403303125855,68.40000000000003,0.20000000000004547,0.008089073053777984,-0.00704278871980834,0.010725389308608647,0.053626946543031045
method2,343,5.0,537.4317,-0.340611861458057,-0.0104451678420472,68.59999999999997,0.1999999999999318,0.008118109186992017,-0.007011134810788649,0.01072658883834822,0.05363294419175939
method2,344,5.0,537.6317,-0.332464839958331,-0.0174245291276973,68.80000000000001,0.20000000000004547,0.008147021499726015,-0.006979361285650099,0.01072778836818798,0.053638941840927705
method2,345,5.0,537.8317,-0.324289030458745,-0.0243719977562527,68.99999999999994,0.1999999999999318,0.008175809499585962,-0.0069474686285554005,0.010728987898132867,0.053644939490682636
method2,346,5.0,538.0317,-0.316084557762677,-0.0312874550819422,69.19999999999999,0.20000000000004547,0.008204472696068,-0.006915457325689503,0.010730187428183997,0.05365093714090779
method2,347,5.0,538.2317,-0.307851547162109,-0.0381707829471982,69.40000000000003,0.20000000000004547,0.008233010600568025,-0.006883327865256,0.010731386958342113,0.05365693479169836
method2,348,5.0,538.4317,-0.29959012443572,-0.0450218636846631,69.59999999999997,0.1999999999999318,0.008261422726389023,-0.006851080737464897,0.010732586488603741,0.053662932443037006
method2,349,5.0,538.6317,-0.291300415846969,-0.0518405801191957,69.80000000000001,0.20000000000004547,0.008289708588751,-0.0068187164345326,0.01073378601896726,0.0536689300948241
method2,350,5.0,538.8317,-0.282982548142164,-0.0586268155698702,69.99999999999994,0.1999999999999318,0.008317867704804971,-0.006786235450674499,0.010734985549437356,0.05367492774720509
method2,351,5.0,539.0317,-0.27463664854853,-0.0653804538519602,70.19999999999999,0.20000000000004547,0.00834589959363402,-0.0067536382820900034,0.010736185080014787,0.05368092540006173
method2,352,5.0,539.2317,-0.266262844772272,-0.072101379278918,70.40000000000003,0.20000000000004547,0.00837380377625796,-0.006720925426957805,0.010737384610695476,0.053686923053465174
method2,353,5.0,539.4317,-0.257861264996625,-0.0787894766643511,70.59999999999997,0.1999999999999318,0.008401579775647039,-0.006688097385433092,0.010738584141477792,0.05369292070740727
method2,354,5.0,539.6317,-0.249432037879885,-0.0854446313239872,70.80000000000001,0.20000000000004547,0.00842922711673999,-0.006655154659636106,0.010739783672367937,0.053698918361827476
method2,355,5.0,539.8317,-0.240975292553454,-0.092066729077632,70.99999999999994,0.1999999999999318,0.008456745326430981,-0.006622097753644793,0.01074098320336363,0.05370491601683647
method2,356,5.0,540.0317,-0.232491158619864,-0.0986556562511165,71.19999999999999,0.20000000000004547,0.008484133933590016,-0.006588927173484499,0.010742182734462117,0.053710913672298376
method2,357,5.0,540.2317,-0.223979766150792,-0.10521129967824,71.40000000000003,0.20000000000004547,0.00851139246907201,-0.006555643427123503,0.01074338226566305,0.05371691132830304
method2,358,5.0,540.4317,-0.215441245685067,-0.111733546702709,71.59999999999997,0.1999999999999318,0.00853852046572498,-0.006522247024469005,0.010744581796970933,0.05372290898487299
method2,359,5.0,540.6317,-0.206875728226676,-0.118222285180063,71.80000000000001,0.20000000000004547,0.008565517458391014,-0.0064887384773539974,0.010745781328386295,0.05372890664191926
method2,360,5.0,540.8317,-0.19828334524276,-0.124677403479584,71.99999999999994,0.1999999999999318,0.008592382983915986,-0.006455118299521001,0.010746980859901998,0.05373490429952832
method2,361,5.0,541.0317,-0.189664228661596,-0.131098790486218,72.19999999999999,0.20000000000004547,0.008619116581164016,-0.0064213870066339995,0.010748180391520439,0.05374090195758997
method2,362,5.0,541.2317,-0.181018510870572,-0.137486335602479,72.40000000000003,0.20000000000004547,0.008645717791023994,-0.006387545116260995,0.010749379923246666,0.05374689961622111
method2,363,5.0,541.4317,-0.17234632471416,-0.143839928750336,72.59999999999997,0.1999999999999318,0.008672186156411993,-0.006353593147856995,0.01075057945507865,0.05375289727541158
method2,364,5.0,541.6317,-0.163647803491884,-0.150159460373105,72.80000000000001,0.20000000000004547,0.008698521222276018,-0.00631953162276902,0.010751778987012517,0.05375889493505036
method2,365,5.0,541.8317,-0.154923080956268,-0.156444821437328,72.99999999999994,0.1999999999999318,0.008724722535615986,-0.006285361064222977,0.010752978519049298,0.053764892595264825
method2,366,5.0,542.0317,-0.146172291310782,-0.162695903434644,73.19999999999999,0.20000000000004547,0.008750789645486007,-0.006251081997315999,0.01075417805119077,0.053770890255941624
method2,367,5.0,542.2317,-0.137395569207782,-0.168912598383657,73.40000000000003,0.20000000000004547,0.008776722102999984,-0.006216694949013002,0.010755377583440398,0.053776887917189764
method2,368,5.0,542.4317,-0.128593049746445,-0.175094798831779,73.59999999999997,0.1999999999999318,0.008802519461337005,-0.0061822004481220105,0.010756577115791841,0.05378288557897755
method2,369,5.0,542.6317,-0.119764868470693,-0.181242397857087,73.80000000000001,0.20000000000004547,0.008828181275752009,-0.006147599025308009,0.010757776648244113,0.053788883241208334
method2,370,5.0,542.8317,-0.1109111613671,-0.187355289070161,73.99999999999994,0.1999999999999318,0.008853707103592998,-0.006112891213073984,0.010758976180803181,0.053794880904034253
method2,371,5.0,543.0317,-0.102032064862808,-0.193433366615914,74.19999999999999,0.20000000000004547,0.008879096504292,-0.006078077545753013,0.010760175713468502,0.053800878567330276
method2,372,5.0,543.2317,-0.0931277158234283,-0.19947652517541,74.40000000000003,0.20000000000004547,0.0089043490393797,-0.006043158559495998,0.01076137524623651,0.053806876231170316
method2,373,5.0,543.4317,-0.0841982515509359,-0.205484659967683,74.59999999999997,0.1999999999999318,0.008929464272492402,-0.0060081347922729955,0.01076257477910558,0.05381287389554626
method2,374,5.0,543.6317,-0.0752438097815462,-0.21145766675154,74.80000000000001,0.20000000000004547,0.008954441769389698,-0.00597300678385701,0.010763774312079977,0.05381887156038764
method2,375,5.0,543.8317,-0.0662645286836017,-0.217395441827367,74.99999999999994,0.1999999999999318,0.008979281097944491,-0.00593777507582699,0.010764973845161698,0.05382486922582685
method2,376,5.0,544.0317,-0.0572605468554424,-0.223297882038903,75.19999999999999,0.20000000000004547,0.009003981828159306,-0.005902440211535992,0.01076617337834479,0.05383086689171171
method2,377,5.0,544.2317,-0.0482320033232702,-0.229164884775034,75.40000000000003,0.20000000000004547,0.009028543532172202,-0.0058670027361309995,0.010767372911629705,0.053836864558136285
method2,378,5.0,544.4317,-0.0391790375389971,-0.23499634797156,75.59999999999997,0.1999999999999318,0.009052965784273101,-0.005831463196525999,0.010768572445020589,0.05384286222512131
method2,379,5.0,544.6317,-0.0301017893781006,-0.240792170112961,75.80000000000001,0.20000000000004547,0.009077248160896497,-0.005795822141401008,0.01076977197851714,0.05384885989257345
method2,380,5.0,544.8317,-0.0210003991374683,-0.24655225023415,75.99999999999994,0.1999999999999318,0.0091013902406323,-0.005760080121189004,0.010770971512115033,0.053854857560593536
method2,381,5.0,545.0317,-0.0118750075332277,-0.252276487922222,76.19999999999999,0.20000000000004547,0.0091253916042406,-0.005724237688072009,0.010772171045814712,0.05386085522906131
method2,382,5.0,545.2317,-0.00272575569857025,-0.257964783318196,76.40000000000003,0.20000000000004547,0.00914925183465745,-0.005688295395973986,0.010773370579620918,0.05386685289809234
method2,383,5.0,545.4317,0.00644721481842381,-0.263617037118736,76.59999999999997,0.1999999999999318,0.009172970516994061,-0.005652253800540019,0.010774570113529421,0.05387285056766548
method2,384,5.0,545.6317,0.0156437620569756,-0.269233150577886,76.80000000000001,0.20000000000004547,0.009196547238551789,-0.005616113459149974,0.010775769647545367,0.053878848237714584
method2,385,5.0,545.8317,0.0248637436457979,-0.274813025508765,76.99999999999994,0.1999999999999318,0.009219981588822299,-0.005579874930879025,0.010776969181661157,0.05388484590832417
method2,386,5.0,546.0317,0.0341070168052977,-0.280356564285289,77.19999999999999,0.20000000000004547,0.009243273159499802,-0.005543538776523971,0.010778168715879072,0.05389084357938311
method2,387,5.0,546.2317,0.043373438349793,-0.285863669843856,77.40000000000003,0.20000000000004547,0.0092664215444953,-0.005507105558567038,0.0107793682502031,0.05389684125100325
method2,388,5.0,546.4317,0.0526628646897203,-0.291334245685036,77.59999999999997,0.1999999999999318,0.009289426339927298,-0.005470575841179992,0.010780567784631627,0.053902838923176516
method2,389,5.0,546.6317,0.0619751518338565,-0.29676819587525,77.80000000000001,0.20000000000004547,0.009312287144136198,-0.005433950190213976,0.010781767319162978,0.05390883659580264
method2,390,5.0,546.8317,0.0713101553915498,-0.302165425048434,77.99999999999994,0.1999999999999318,0.00933500355769331,-0.005397229173184026,0.010782966853793787,0.05391483426898733
method2,391,5.0,547.0317,0.0806677305749624,-0.30752583840771,78.19999999999999,0.20000000000004547,0.009357575183412598,-0.005360413359275951,0.010784166388531077,0.053920831942643126
method2,392,5.0,547.2317,0.0900477322013094,-0.312849341727029,78.40000000000003,0.20000000000004547,0.009380001626347001,-0.005323503319319023,0.010785365923373811,0.0539268296168568
method2,393,5.0,547.4317,0.0994500146951043,-0.318135841352817,78.59999999999997,0.1999999999999318,0.009402282493794892,-0.005286499625787977,0.010786565458317968,0.05393282729160823
method2,394,5.0,547.6317,0.108874432090421,-0.323385244205605,78.80000000000001,0.20000000000004547,0.0094244173953167,-0.005249402852788021,0.010787764993362018,0.053938824966797826
method2,395,5.0,547.8317,0.118320838033162,-0.328597457781666,78.99999999999994,0.1999999999999318,0.009446405942741001,-0.005212213576060998,0.010788964528513712,0.05394482264258696
method2,396,5.0,548.0317,0.127789085783323,-0.333772390154616,79.19999999999999,0.20000000000004547,0.009468247750160988,-0.005174932372950025,0.010790164063768206,0.05395082031882876
method2,397,5.0,548.2317,0.13727902821727,-0.338909949977033,79.40000000000003,0.20000000000004547,0.009489942433947018,-0.005137559822416982,0.010791363599125992,0.05395681799561769
method2,398,5.0,548.4317,0.146790517830022,-0.344010046482047,79.59999999999997,0.1999999999999318,0.009511489612752,-0.005100096505014029,0.010792563134582326,0.053962815672930035
method2,399,5.0,548.6317,0.156323406737553,-0.349072589484937,79.80000000000001,0.20000000000004547,0.009532888907530984,-0.0050625430028899965,0.01079376267014602,0.053968813350717834
method2,400,5.0,548.8317,0.165877546679078,-0.354097489384707,79.99999999999994,0.1999999999999318,0.009554139941525014,-0.005024899899769952,0.010794962205813954,0.05397481102908818
method2,401,5.0,549.0317,0.175452789019358,-0.359084657165657,80.19999999999999,0.20000000000004547,0.00957524234028001,-0.004987167780950041,0.010796161741583772,0.053980808707906586
method2,402,5.0,549.2317,0.185048984751011,-0.364034004398943,80.40000000000003,0.20000000000004547,0.00959619573165299,-0.0049493472332859945,0.010797361277452506,0.05398680638725025
method2,403,5.0,549.4317,0.194665984496837,-0.368945443244136,80.59999999999997,0.1999999999999318,0.009616999745826,-0.004911438845192961,0.010798560813427302,0.053992804067154926
method2,404,5.0,549.6317,0.204303638512133,-0.373818886450767,80.80000000000001,0.20000000000004547,0.00963765401529601,-0.004873443206631023,0.010799760349508195,0.0539988017475287
method2,405,5.0,549.8317,0.213961796687023,-0.378654247359848,80.99999999999994,0.1999999999999318,0.009658158174889991,-0.004835360909080988,0.010800959885688998,0.05400479942846341
method2,406,5.0,550.0317,0.223640308548793,-0.383451439905413,81.19999999999999,0.20000000000004547,0.00967851186176999,-0.004797192545565043,0.010802159421969628,0.05401079710983586
method2,407,5.0,550.2317,0.233339023264245,-0.388210378616027,81.40000000000003,0.20000000000004547,0.009698714715452,-0.004758938710613947,0.01080335895835666,0.05401679479177102
method2,408,5.0,550.4317,0.243057789642035,-0.392930978616295,81.59999999999997,0.1999999999999318,0.009718766377790011,-0.004720600000268027,0.010804558494848,0.054022792474258424
method2,409,5.0,550.6317,0.252796456135027,-0.397613155628358,81.80000000000001,0.20000000000004547,0.009738666492991988,-0.004682177012062971,0.01080575803143934,0.05402879015718441
method2,410,5.0,550.8317,0.262554870842661,-0.402256825973381,81.99999999999994,0.1999999999999318,0.009758414707634,-0.004643670345023054,0.010806957568132398,0.054034787840680415
method2,411,5.0,551.0317,0.272332881513319,-0.406861906573036,82.19999999999999,0.20000000000004547,0.009778010670658033,-0.004605080599654976,0.01080815710492871,0.05404078552463126
method2,412,5.0,551.2317,0.282130335546703,-0.411428314950969,82.40000000000003,0.20000000000004547,0.009797454033384001,-0.0045664083779329845,0.010809356641832527,0.054046783209150344
method2,413,5.0,551.4317,0.291947079996201,-0.415955969234258,82.59999999999997,0.1999999999999318,0.009816744449497983,-0.0045276542832889954,0.010810556178834401,0.05405278089419044
method2,414,5.0,551.6317,0.301782961571286,-0.420444788154867,82.80000000000001,0.20000000000004547,0.00983588157508497,-0.004488818920609039,0.0108117557159378,0.054058778579676704
method2,415,5.0,551.8317,0.311637826639906,-0.424894691051088,82.99999999999994,0.1999999999999318,0.009854865068620045,-0.004449902896220992,0.010812955253144421,0.05406477626574054
method2,416,5.0,552.0317,0.321511521230883,-0.429305597868974,83.19999999999999,0.20000000000004547,0.009873694590976978,-0.004410906817885973,0.010814154790456857,0.05407077395227199
method2,417,5.0,552.2317,0.331403891036312,-0.433677429163756,83.40000000000003,0.20000000000004547,0.009892369805429013,-0.004371831294782025,0.010815354327871054,0.05407677163934298
method2,418,5.0,552.4317,0.34131478141397,-0.43801010610126,83.59999999999997,0.1999999999999318,0.009910890377657966,-0.004332676937503999,0.010816553865383018,0.05408276932693354
method2,419,5.0,552.6317,0.351244037389744,-0.442303550459311,83.80000000000001,0.20000000000004547,0.009929255975774043,-0.004293444358051013,0.010817753403000301,0.05408876701498921
method2,420,5.0,552.8317,0.361191503660045,-0.446557684629128,83.99999999999994,0.1999999999999318,0.009947466270300964,-0.004254134169816959,0.010818952940723034,0.05409476470363362
method2,421,5.0,553.0317,0.371157024594231,-0.450772431616703,84.19999999999999,0.20000000000004547,0.009965520934186012,-0.004214746987575013,0.010820152478545406,0.054100762392714725
method2,422,5.0,553.2317,0.381140444237047,-0.454947715044177,84.40000000000003,0.20000000000004547,0.009983419642816016,-0.00417528342747403,0.010821352016467441,0.05410676008232491
method2,423,5.0,553.4317,0.391141606311065,-0.459083459151215,84.59999999999997,0.1999999999999318,0.010001162074017966,-0.004135744107037986,0.010822551554493735,0.054112757772487134
method2,424,5.0,553.6317,0.401160354219131,-0.463179588796348,84.80000000000001,0.20000000000004547,0.010018747908066006,-0.0040961296451330065,0.010823751092625625,0.05411875546311582
method2,425,5.0,553.8317,0.411196531046806,-0.467236029458326,84.99999999999994,0.1999999999999318,0.010036176827674992,-0.004056440661977967,0.010824950630857802,0.05412475315430747
method2,426,5.0,554.0317,0.421249979564827,-0.471252707237449,85.19999999999999,0.20000000000004547,0.010053448518021035,-0.004016677779123012,0.010826150169187565,0.054130750845925515
method2,427,5.0,554.2317,0.431320542231578,-0.475229548856905,85.40000000000003,0.20000000000004547,0.010070562666750993,-0.003976841619455995,0.010827349707624495,0.054136748538110166
method2,428,5.0,554.4317,0.441408061195548,-0.479166481664069,85.59999999999997,0.1999999999999318,0.010087518963969977,-0.003936932807164006,0.010828549246163041,0.05414274623083367
method2,429,5.0,554.6317,0.451512378297804,-0.483063433631827,85.80000000000001,0.20000000000004547,0.01010431710225601,-0.0038969519677580222,0.010829748784803663,0.054148743924006
method2,430,5.0,554.8317,0.461633335074471,-0.48692033335986,85.99999999999994,0.1999999999999318,0.010120956776667023,-0.003856899728032992,0.010830948323543192,0.05415474161773443
method2,431,5.0,555.0317,0.471770772759223,-0.490737110075938,86.19999999999999,0.20000000000004547,0.010137437684752004,-0.0038167767160779964,0.01083214786238746,0.054160739311924985
method2,432,5.0,555.2317,0.481924532285764,-0.494513693637199,86.40000000000003,0.20000000000004547,0.010153759526540962,-0.003776583561260982,0.010833347401334825,0.05416673700666181
method2,433,5.0,555.4317,0.492094454290325,-0.498250014531409,86.59999999999997,0.1999999999999318,0.010169922004561016,-0.003736320894209999,0.01083454694038309,0.05417273470193392
method2,434,5.0,555.6317,0.502280379114162,-0.501946003878225,86.80000000000001,0.20000000000004547,0.010185924823837011,-0.0036959893468159755,0.010835746479529514,0.05417873239763525
method2,435,5.0,555.8317,0.512482146806072,-0.505601593430443,86.99999999999994,0.1999999999999318,0.010201767691909946,-0.003655589552218008,0.010836946018781447,0.054184730093925715
method2,436,5.0,556.0317,0.522699597124895,-0.509216715575233,87.19999999999999,0.20000000000004547,0.01021745031882304,-0.003615122144789984,0.010838145558137148,0.05419072779067342
method2,437,5.0,556.2317,0.532932569542028,-0.512791303335368,87.40000000000003,0.20000000000004547,0.010232972417132946,-0.003574587760135084,0.010839345097592901,0.05419672548795218
method2,438,5.0,556.4317,0.543180903243947,-0.516325290370442,87.59999999999997,0.1999999999999318,0.010248333701919021,-0.0035339870350739044,0.01084054463714622,0.054202723185749584
method2,439,5.0,556.6317,0.553444437134745,-0.519818610978078,87.80000000000001,0.20000000000004547,0.010263533890798038,-0.0034933206076360745,0.010841744176805446,0.054208720884014905
method2,440,5.0,556.8317,0.563723009838652,-0.523271200095126,87.99999999999994,0.1999999999999318,0.010278572703906974,-0.003452589117047933,0.010842943716567901,0.054214718582858
method2,441,5.0,557.0317,0.574016459702571,-0.526682993298849,88.19999999999999,0.20000000000004547,0.010293449863919002,-0.0034117932037230903,0.010844143256430412,0.05422071628213973
method2,442,5.0,557.2317,0.584324624798621,-0.530053926808102,88.40000000000003,0.20000000000004547,0.010308165096050037,-0.0033709335092529935,0.010845342796390945,0.0542267139819424
method2,443,5.0,557.4317,0.594647342926693,-0.533383937484499,88.59999999999997,0.1999999999999318,0.01032271812807195,-0.003330010676396933,0.010846542336456481,0.054232711682300906
method2,444,5.0,557.6317,0.604984451616991,-0.536672962833574,88.80000000000001,0.20000000000004547,0.010337108690298025,-0.0032890253490750476,0.010847741876625438,0.054238709383114855
method2,445,5.0,557.8317,0.615335788132589,-0.539920941005922,88.99999999999994,0.1999999999999318,0.010351336515598053,-0.0032479781723480095,0.01084894141689422,0.0542447070844896
method2,446,5.0,558.0317,0.625701189471993,-0.543127810798338,89.19999999999999,0.20000000000004547,0.010365401339404001,-0.0032068697924160228,0.010850140957260815,0.054250704786291744
method2,447,5.0,558.2317,0.636080492371715,-0.54629351165495,89.40000000000003,0.20000000000004547,0.010379302899721998,-0.0031657008566119416,0.010851340497732575,0.05425670248865054
method2,448,5.0,558.4317,0.646473533308837,-0.549417983668328,89.59999999999997,0.1999999999999318,0.0103930409371219,-0.0031244720133779547,0.010852540038307795,0.05426270019155748
method2,449,5.0,558.6317,0.656880148503581,-0.552501167580595,89.80000000000001,0.20000000000004547,0.010406615194744062,-0.003083183912267029,0.010853739578981073,0.054268697894893025
method2,450,5.0,558.8317,0.667300173921899,-0.555543004784521,89.99999999999994,0.1999999999999318,0.01042002541831799,-0.0030418372039260344,0.01085493911975473,0.05427469559879216
method2,451,5.0,559.0317,0.677733445278056,-0.558543437324612,90.19999999999999,0.20000000000004547,0.010433271356157015,-0.0030004325400909693,0.010856138660630822,0.05428069330314177
method2,452,5.0,559.2317,0.688179798037221,-0.561502407898185,90.40000000000003,0.20000000000004547,0.010446352759164945,-0.002958970573572972,0.010857338201612023,0.054286691008047776
method2,453,5.0,559.4317,0.698639067418051,-0.564419859856431,90.59999999999997,0.1999999999999318,0.010459269380830083,-0.002917451958245998,0.010858537742690915,0.05429268871347309
method2,454,5.0,559.6317,0.7091110883953,-0.56729573720547,90.80000000000001,0.20000000000004547,0.010472020977248975,-0.0028758773490390466,0.010859737283869183,0.05429868641933357
method2,455,5.0,559.8317,0.719595695702422,-0.570129984607403,90.99999999999994,0.1999999999999318,0.010484607307121974,-0.0028342474019330544,0.010860936825150939,0.05430468412577322
method2,456,5.0,560.0317,0.730092723834176,-0.57292254738134,91.19999999999999,0.20000000000004547,0.010497028131754016,-0.002792562773936913,0.010862136366535519,0.05431068183266524
method2,457,5.0,560.2317,0.740602007049237,-0.575673371504423,91.40000000000003,0.20000000000004547,0.01050928321506095,-0.002750824123083029,0.010863335908020948,0.054316679540092394
method2,458,5.0,560.4317,0.751123379372808,-0.578382403612846,91.59999999999997,0.1999999999999318,0.010521372323571088,-0.002709032108422993,0.01086453544960273,0.05432267724803218
method2,459,5.0,560.6317,0.761656674599255,-0.581049591002853,91.80000000000001,0.20000000000004547,0.01053329522644697,-0.002667187390007042,0.010865734991288123,0.05432867495642826
method2,460,5.0,560.8317,0.772201726294724,-0.583674881631735,91.99999999999994,0.1999999999999318,0.010545051695468932,-0.002625290628881949,0.010866934533078203,0.05433467266540955
method2,461,5.0,561.0317,0.782758367799764,-0.58625822411881,92.19999999999999,0.20000000000004547,0.010556641505040099,-0.0025833424870750354,0.01086813407496716,0.05434067037482345
method2,462,5.0,561.2317,0.793326432231966,-0.588799567746393,92.40000000000003,0.20000000000004547,0.010568064432201929,-0.0025413436275829593,0.010869333616953157,0.05434666808475343
method2,463,5.0,561.4317,0.803905752488607,-0.591298862460766,92.59999999999997,0.1999999999999318,0.01057932025664099,-0.002499294714373046,0.010870533159043646,0.05435266579523677
method2,464,5.0,561.6317,0.814496161249285,-0.593756058873118,92.80000000000001,0.20000000000004547,0.010590408760678072,-0.0024571964123519807,0.010871732701235912,0.0543586635061672
method2,465,5.0,561.8317,0.825097490978564,-0.596171108260497,92.99999999999994,0.1999999999999318,0.010601329729278963,-0.00241504938737902,0.010872932243529055,0.05436466121766381
method2,466,5.0,562.0317,0.835709573928623,-0.598543962566726,93.19999999999999,0.20000000000004547,0.010612082950058999,-0.002372854306229022,0.010874131785918475,0.05437065892958001
method2,467,5.0,562.2317,0.846332242141919,-0.600874574403338,93.40000000000003,0.20000000000004547,0.01062266821329605,-0.0023306118366119843,0.010875331328411387,0.05437665664204457
method2,468,5.0,562.4317,0.856965327453841,-0.603162897050478,93.59999999999997,0.1999999999999318,0.010633085311921975,-0.002288322647139962,0.010876530871009583,0.054382654355066465
method2,469,5.0,562.6317,0.867608661495361,-0.605408884457795,93.80000000000001,0.20000000000004547,0.010643334041519958,-0.0022459874073169628,0.010877730413703216,0.05438865206850371
method2,470,5.0,562.8317,0.878262075695712,-0.607612491245341,93.99999999999994,0.1999999999999318,0.010653414200351041,-0.002203606787546053,0.010878929956496652,0.05439464978250181
method2,471,5.0,563.0317,0.888925401285057,-0.609773672704442,94.19999999999999,0.20000000000004547,0.010663325589345019,-0.002161181459101047,0.01088012949939211,0.05440064749694818
method2,472,5.0,563.2317,0.899598469297162,-0.611892384798566,94.40000000000003,0.20000000000004547,0.010673068012104991,-0.0021187120941239534,0.010881329042392106,0.05440664521194816
method2,473,5.0,563.4317,0.910281110572064,-0.613968584164178,94.59999999999997,0.1999999999999318,0.010682641274901927,-0.002076199365611986,0.01088252858548995,0.05441264292746831
method2,474,5.0,563.6317,0.920973155758758,-0.616002228111586,94.80000000000001,0.20000000000004547,0.010692045186694088,-0.002033643947408015,0.010883728128685384,0.05441864064341455
method2,475,5.0,563.8317,0.931674435317887,-0.617993274625774,94.99999999999994,0.1999999999999318,0.010701279559128918,-0.001991046514188022,0.010884927671982514,0.05442463835993113
method2,476,5.0,564.0317,0.942384779524428,-0.619941682367232,95.19999999999999,0.20000000000004547,0.010710344206541045,-0.0019484077414579914,0.010886127215385679,0.05443063607691602
method2,477,5.0,564.2317,0.953104018470372,-0.621847410672758,95.40000000000003,0.20000000000004547,0.010719238945943954,-0.0019057283055259333,0.010887326758884588,0.05443663379441056
method2,478,5.0,564.4317,0.963831982067429,-0.623710419556273,95.59999999999997,0.1999999999999318,0.010727963597057077,-0.0018630088835150937,0.010888526302481799,0.054442631512427564
method2,479,5.0,564.6317,0.974568500049732,-0.625530669709601,95.80000000000001,0.20000000000004547,0.010736517982302907,-0.0018202501533279847,0.010889725846181997,0.054448629230897605
method2,480,5.0,564.8317,0.985313401976531,-0.627308122503262,95.99999999999994,0.1999999999999318,0.010744901926799,-0.0017774527936609275,0.01089092538998509,0.054454626949944025
method2,481,5.0,565.0317,0.996066517234897,-0.629042739987229,96.19999999999999,0.20000000000004547,0.010753115258366086,-0.0017346174839670825,0.0108921249338864,0.054460624669419616
method2,482,5.0,565.2317,1.00682767504243,-0.630734484891697,96.40000000000003,0.20000000000004547,0.010761157807533062,-0.0016917449044679955,0.010893324477882002,0.054466622389397625
method2,483,5.0,565.4317,1.01759670444999,-0.63238332062783,96.59999999999997,0.1999999999999318,0.010769029407559971,-0.0016488357361329475,0.010894524021986483,0.05447262010995099
method2,484,5.0,565.6317,1.02837343434439,-0.633989211288496,96.80000000000001,0.20000000000004547,0.010776729894399928,-0.001605890660665965,0.010895723566191794,0.05447861783094658
method2,485,5.0,565.8317,1.03915769345112,-0.635552121648994,96.99999999999994,0.1999999999999318,0.010784259106729976,-0.0015629103604980488,0.010896923110495024,0.054484615552493704
method2,486,5.0,566.0317,1.04994931033707,-0.637072017167774,97.19999999999999,0.20000000000004547,0.010791616885950095,-0.0015198955187799568,0.01089812265489477,0.05449061327446146
method2,487,5.0,566.2317,1.06074811341326,-0.638548863987137,97.40000000000003,0.20000000000004547,0.010798803076189856,-0.001476846819362998,0.010899322199393414,0.05449661099695468
method2,488,5.0,566.4317,1.07155393093757,-0.639982628933935,97.59999999999997,0.1999999999999318,0.01080581752430998,-0.001433764946798033,0.010900521743997001,0.05450260872000359
method2,489,5.0,566.6317,1.08236659101746,-0.641373279520248,97.80000000000001,0.20000000000004547,0.010812660079890124,-0.001390650586313047,0.010901721288698511,0.05450860644348016
method2,490,5.0,566.8317,1.09318592161272,-0.642720783944063,97.99999999999994,0.1999999999999318,0.010819330595259968,-0.001347504423814927,0.010902920833507378,0.054514604167555485
method2,491,5.0,567.0317,1.10401175053818,-0.64402511108993,98.19999999999999,0.20000000000004547,0.010825828925459913,-0.0013043271458670347,0.010904120378406055,0.05452060189201788
method2,492,5.0,567.2317,1.11484390546648,-0.645286230529618,98.40000000000003,0.20000000000004547,0.010832154928300142,-0.0012611194396879855,0.010905319923406924,0.05452659961702222
method2,493,5.0,567.4317,1.1256822139308,-0.64650411252275,98.59999999999997,0.1999999999999318,0.01083830846431999,-0.0012178819931319973,0.010906519468508067,0.054532597342558935
method2,494,5.0,567.6317,1.13652650332761,-0.647678728017435,98.80000000000001,0.20000000000004547,0.010844289396809925,-0.0011746154946850051,0.0109077190137131,0.054538595068553096
method2,495,5.0,567.8317,1.1473766009194,-0.648810048650885,98.99999999999994,0.1999999999999318,0.010850097591790009,-0.0011313206334500059,0.010908918559006529,0.05454459279505124
method2,496,5.0,568.0317,1.15823233383748,-0.649898046750021,99.19999999999999,0.20000000000004547,0.010855732918080063,-0.0010879980991360672,0.010910118104420812,0.05455059052209166
method2,497,5.0,568.2317,1.16909352908467,-0.650942695332072,99.40000000000003,0.20000000000004547,0.01086119524718998,-0.0010446485820509999,0.010911317649924935,0.05455658824961227
method2,498,5.0,568.4317,1.17996001353808,-0.651943968105154,99.59999999999997,0.1999999999999318,0.010866484453410097,-0.0010012727730819293,0.010912517195510783,0.05456258597757253
method2,499,5.0,568.6317,1.19083161395192,-0.652901839468851,99.80000000000001,0.20000000000004547,0.010871600413839833,-0.0009578713636970715,0.010913716741220348,0.05456858370608933
method2,500,5.0,568.8317,1.20170815696019,-0.653816284514772,99.99999999999994,0.1999999999999318,0.010876543008270012,-0.0009144450459209752,0.010914916287024684,0.05457458143514203
method2,501,5.0,569.0317,1.21258946907947,-0.654687279027107,100.19999999999999,0.20000000000004547,0.010881312119280118,-0.000870994512334966,0.010916115832919234,0.05458057916458376
method2,502,5.0,569.2317,1.22347537671171,-0.655514799483165,100.40000000000003,0.20000000000004547,0.010885907632239844,-0.0008275204560580507,0.010917315378922248,0.05458657689459883
method2,503,5.0,569.4317,1.23436570614697,-0.656298823053906,100.59999999999997,0.1999999999999318,0.010890329435260027,-0.0007840235707409215,0.01091851492502384,0.054592574625137814
method2,504,5.0,569.6317,1.2452602835662,-0.657039327604457,100.80000000000001,0.20000000000004547,0.010894577419230167,-0.0007405045505510799,0.010919714471220697,0.05459857235609107
method2,505,5.0,569.8317,1.25615893504402,-0.657736291694622,100.99999999999994,0.1999999999999318,0.010898651477819987,-0.0006969640901649532,0.010920914017515533,0.05460457008759629
method2,506,5.0,570.0317,1.2670614865515,-0.658389694579379,101.19999999999999,0.20000000000004547,0.010902551507479874,-0.000653402884757015,0.010922113563915203,0.0546105678195636
method2,507,5.0,570.2317,1.27796776395893,-0.65899951620936,101.40000000000003,0.20000000000004547,0.010906277407429998,-0.0006098216299810222,0.010923313110417129,0.054616565552073226
method2,508,5.0,570.4317,1.2888775930386,-0.659565737231336,101.59999999999997,0.1999999999999318,0.010909829079670086,-0.00056622102197601,0.010924512657017821,0.054622563285107735
method2,509,5.0,570.6317,1.29979079946758,-0.660088338988667,101.80000000000001,0.20000000000004547,0.01091320642897986,-0.0005226017573309871,0.010925712203709779,0.05462856101853647
method2,510,5.0,570.8317,1.31070720883052,-0.660567303521764,101.99999999999994,0.1999999999999318,0.010916409362940138,-0.0004789645330969261,0.010926911750501688,0.054634558752527075
method2,511,5.0,571.0317,1.32162664662244,-0.661002613568525,102.19999999999999,0.20000000000004547,0.01091943779191995,-0.00043531004676100604,0.010928111297402709,0.05464055648700112
method2,512,5.0,571.2317,1.33254893825149,-0.661394252564769,102.40000000000003,0.20000000000004547,0.010922291629049896,-0.0003916389962440592,0.010929310844394193,0.05464655422195854
method2,513,5.0,571.4317,1.34347390904178,-0.661742204644649,102.59999999999997,0.1999999999999318,0.01092497079029009,-0.0003479520798799207,0.010930510391495195,0.05465255195749461
method2,514,5.0,571.6317,1.35440138423613,-0.662046454641064,102.80000000000001,0.20000000000004547,0.01092747519435,-0.00030424999641509576,0.010931709938680827,0.054658549693391706
method2,515,5.0,571.8317,1.36533118899891,-0.662306988086054,102.99999999999994,0.1999999999999318,0.010929804762779938,-0.00026053344498999653,0.01093290948597149,0.054664547429876094
method2,516,5.0,572.0317,1.37626314841882,-0.662523791211182,103.19999999999999,0.20000000000004547,0.010931959419909987,-0.0002168031251279512,0.010934109033370023,0.054670545166837684
method2,517,5.0,572.2317,1.38719708751166,-0.662696850947915,103.40000000000003,0.20000000000004547,0.010933939092840017,-0.00017305973673298336,0.010935308580850074,0.054676542904237936
method2,518,5.0,572.4317,1.3981328312232,-0.662826154927978,103.59999999999997,0.1999999999999318,0.010935743711540047,-0.00012930398006305577,0.01093650812845434,0.054682540642290355
method2,519,5.0,572.6317,1.40907020443189,-0.662911691483714,103.80000000000001,0.20000000000004547,0.010937373208689927,-8.553655573595442e-05,0.010937707676132846,0.05468853838065179
method2,520,5.0,572.8317,1.42000903195175,-0.662953449648416,103.99999999999994,0.1999999999999318,0.010938827519860084,-4.175816470197713e-05,0.010938907223921756,0.054694536119627435
method2,521,5.0,573.0317,1.43094913853513,-0.662951419156663,104.19999999999999,0.20000000000004547,0.010940106583380071,2.030491752957886e-06,0.010940106771810443,0.05470053385903978
method2,522,5.0,573.2317,1.44189034887553,-0.662905590444634,104.40000000000003,0.20000000000004547,0.010941210340399854,4.582871202896133e-05,0.010941306319801074,0.054706531598992934
method2,523,5.0,573.4317,1.45283248761039,-0.662815954650415,104.59999999999997,0.1999999999999318,0.010942138734860052,8.963579421905621e-05,0.01094250586787734,0.054712529339405354
method2,524,5.0,573.6317,1.46377537932395,-0.662682503614295,104.80000000000001,0.20000000000004547,0.01094289171356011,0.00013345103611994702,0.010943705416071104,0.05471852708034308
method2,525,5.0,573.8317,1.47471884854999,-0.66250522987905,104.99999999999994,0.1999999999999318,0.010943469226039948,0.00017727373524500933,0.01094490496434259,0.05472452482173162
method2,526,5.0,574.0317,1.48566271977473,-0.662284126690218,105.19999999999999,0.20000000000004547,0.010943871224740054,0.00022110318883206137,0.010946104512738999,0.05473052256368255
method2,527,5.0,574.2317,1.49660681743954,-0.662019187996353,105.40000000000003,0.20000000000004547,0.01094409766480986,0.00026493869386501334,0.010947304061201714,0.05473652030599612
method2,528,5.0,574.4317,1.50755096594387,-0.661710408449284,105.59999999999997,0.1999999999999318,0.010944148504330009,0.0003087795470689825,0.010948503609786905,0.05474251804895319
method2,529,5.0,574.6317,1.51849498964799,-0.66135778340435,105.80000000000001,0.20000000000004547,0.010944023704120065,0.00035262504493394076,0.010949703158472221,0.054748515792348657
method2,530,5.0,574.8317,1.52943871287582,-0.660961308920629,105.99999999999994,0.1999999999999318,0.010943723227829993,0.0003964744837210432,0.010950902707246905,0.0547545135362532
method2,531,5.0,575.0317,1.54038195991776,-0.660520981761149,106.19999999999999,0.20000000000004547,0.01094324704193994,0.0004403271594799474,0.010952102256110601,0.054760511280540554
method2,532,5.0,575.2317,1.55132455503354,-0.660036799393104,106.40000000000003,0.20000000000004547,0.010942595115779996,0.00048418236804503856,0.010953301805091372,0.05476650902544441
method2,533,5.0,575.4317,1.562266322455,-0.659508759988037,106.59999999999997,0.1999999999999318,0.010941767421460025,0.0005280394050669601,0.010954501354175252,0.05477250677089494
method2,534,5.0,575.6317,1.5732070863889,-0.658936862422028,106.80000000000001,0.20000000000004547,0.010940763933900088,0.0005718975660090608,0.010955700903335032,0.054778504516662704
method2,535,5.0,575.8317,1.5841466710198,-0.658321106275862,106.99999999999994,0.1999999999999318,0.010939584630899946,0.0006157561461659355,0.010956900452598966,0.05478450226301351
method2,536,5.0,576.0317,1.59508490051287,-0.657661491835195,107.19999999999999,0.20000000000004547,0.010938229493069995,0.000659614440667089,0.0109581000019804,0.054790500009889546
method2,537,5.0,576.2317,1.60602159901666,-0.656958020090693,107.40000000000003,0.20000000000004547,0.010936698503789977,0.0007034717445019156,0.010959299551436418,0.05479649775716963
method2,538,5.0,576.4317,1.61695659066601,-0.656210692738179,107.59999999999997,0.1999999999999318,0.010934991649349968,0.0007473273525140378,0.010960499101006722,0.054802495505052305
method2,539,5.0,576.6317,1.62788969958482,-0.655419512178751,107.80000000000001,0.20000000000004547,0.010933108918810053,0.0007911805594279508,0.010961698650673656,0.05480849325335582
method2,540,5.0,576.8317,1.63882074988889,-0.654584481518902,107.99999999999994,0.1999999999999318,0.010931050304070045,0.0008350306598490231,0.01096289820043029,0.054814491002170146
method2,541,5.0,577.0317,1.64974956568877,-0.653705604570618,108.19999999999999,0.20000000000004547,0.01092881579987992,0.0008788769482840353,0.010964097750290721,0.05482048875144114
method2,542,5.0,577.2317,1.66067597109257,-0.652782885851476,108.40000000000003,0.20000000000004547,0.010926405403800077,0.0009227187191419572,0.01096529730024893,0.05482648650123219
method2,543,5.0,577.4317,1.6715997902088,-0.651816330584718,108.59999999999997,0.1999999999999318,0.010923819116229971,0.0009665552667580402,0.010966496850307716,0.05483248425155728
method2,544,5.0,577.6317,1.68252084714919,-0.650805944699325,108.80000000000001,0.20000000000004547,0.010921056940389917,0.0010103858853930392,0.010967696400458951,0.054838482002282286
method2,545,5.0,577.8317,1.69343896603155,-0.649751734830071,108.99999999999994,0.1999999999999318,0.010918118882360162,0.0010542098692539748,0.010968895950722752,0.054844479753632464
method2,546,5.0,578.0317,1.70435397098255,-0.648653708317574,109.19999999999999,0.20000000000004547,0.01091500495099984,0.001098026512497019,0.010970095501065494,0.054850477505315
method2,547,5.0,578.2317,1.71526568614061,-0.647511873208327,109.40000000000003,0.20000000000004547,0.010911715158059998,0.0011418351092469248,0.010971295051512618,0.054856475257550615
method2,548,5.0,578.4317,1.72617393565871,-0.64632623825472,109.59999999999997,0.1999999999999318,0.0109082495181001,0.0011856349536070176,0.01097249460206501,0.05486247301034376
method2,549,5.0,578.6317,1.73707854370722,-0.645096812915058,109.80000000000001,0.20000000000004547,0.010904608048510012,0.0012294253396619714,0.010973694152719598,0.05486847076358552
method2,550,5.0,578.8317,1.74797933447671,-0.643823607353557,109.99999999999994,0.1999999999999318,0.01090079076949002,0.0012732055615010118,0.010974893703450433,0.05487446851727088
method2,551,5.0,579.0317,1.75887613218085,-0.642506632440339,110.19999999999999,0.20000000000004547,0.010896797704139871,0.0013169749132180275,0.01097609325429561,0.05488046627146557
method2,552,5.0,579.2317,1.76976876105919,-0.641145899751401,110.40000000000003,0.20000000000004547,0.010892628878339972,0.0013607326889379934,0.010977292805240749,0.05488646402619126
method2,553,5.0,579.4317,1.78065704538,-0.639741421568591,110.59999999999997,0.1999999999999318,0.010888284320810016,0.0014044781828099762,0.010978492356274901,0.05489246178139323
method2,554,5.0,579.6317,1.79154080944313,-0.638293210879558,110.80000000000001,0.20000000000004547,0.010883764063130075,0.0014482106890330027,0.010979691907413028,0.054898459537052656
method2,555,5.0,579.8317,1.80241987758282,-0.636801281377697,110.99999999999994,0.1999999999999318,0.010879068139689974,0.0014919295018610557,0.010980891458644915,0.0549044572932433
method2,556,5.0,580.0317,1.81329407417055,-0.635265647462084,111.19999999999999,0.20000000000004547,0.010874196587730145,0.001535633915612955,0.010982091009975409,0.05491045504986456
method2,557,5.0,580.2317,1.82416322361788,-0.633686324237392,111.40000000000003,0.20000000000004547,0.010869149447329862,0.0015793232246920086,0.010983290561413853,0.05491645280705677
method2,558,5.0,580.4317,1.83502715037925,-0.632063327513807,111.59999999999997,0.1999999999999318,0.010863926761369935,0.001622996723585013,0.01098449011293549,0.05492245056469618
method2,559,5.0,580.6317,1.84588567895486,-0.63039667380692,111.80000000000001,0.20000000000004547,0.010858528575610205,0.0016666537068870113,0.010985689664560145,0.05492844832278823
method2,560,5.0,580.8317,1.85673863389348,-0.628686380337621,111.99999999999994,0.1999999999999318,0.010852954938619819,0.0017102934692989624,0.010986889216281331,0.05493444608142539
method2,561,5.0,581.0317,1.8675858397953,-0.626932465031967,112.19999999999999,0.20000000000004547,0.01084720590182009,0.0017539153056540524,0.010988088768111047,0.054940443840542745
method2,562,5.0,581.2317,1.87842712131473,-0.625134946521052,112.40000000000003,0.20000000000004547,0.01084128151943009,0.0017975185109150305,0.010989288320024122,0.054946441600108115
method2,563,5.0,581.4317,1.88926230316327,-0.623293844140859,112.59999999999997,0.1999999999999318,0.010835181848539932,0.0018411023801929716,0.010990487872031954,0.05495243936017851
method2,564,5.0,581.6317,1.90009121011235,-0.621409177932097,112.80000000000001,0.20000000000004547,0.010828906949079897,0.0018846662087619315,0.010991687424152852,0.05495843712075176
method2,565,5.0,581.8317,1.91091366699612,-0.619480968640039,112.99999999999994,0.1999999999999318,0.010822456883770037,0.0019282092920580585,0.010992886976360692,0.054964434881822205
method2,566,5.0,582.0317,1.92172949871433,-0.61750923771433,113.19999999999999,0.20000000000004547,0.0108158317182101,0.0019717309257090143,0.010994086528676995,0.05497043264337247
method2,567,5.0,582.2317,1.93253853023512,-0.615494007308806,113.40000000000003,0.20000000000004547,0.010809031520789825,0.0020152304055239822,0.010995286081079306,0.05497643040538403
method2,568,5.0,582.4317,1.94334058659789,-0.613435300281278,113.59999999999997,0.1999999999999318,0.010802056362770207,0.002058707027527973,0.010996485633585731,0.054982428167947406
method2,569,5.0,582.6317,1.95413549291611,-0.611333140193329,113.80000000000001,0.20000000000004547,0.010794906318219999,0.0021021600879490565,0.010997685186188594,0.054988425930930465
method2,570,5.0,582.8317,1.96492307438015,-0.609187551310074,113.99999999999994,0.1999999999999318,0.010787581464039908,0.0021455888832550007,0.010998884738883523,0.05499442369443637
method2,571,5.0,583.0317,1.97570315626012,-0.606998558599933,114.19999999999999,0.20000000000004547,0.010780081879969927,0.0021889927101409468,0.011000084291672776,0.05500042145835138
method2,572,5.0,583.2317,1.98647556390872,-0.604766187734375,114.40000000000003,0.20000000000004547,0.010772407648599991,0.002232370865558053,0.011001283844579596,0.055006419222885475
method2,573,5.0,583.4317,1.997240122764,-0.602490465087657,114.59999999999997,0.1999999999999318,0.010764558855280049,0.002275722646717937,0.011002483397559526,0.05501241698781639
method2,574,5.0,583.6317,2.00799665835228,-0.600171417736553,114.80000000000001,0.20000000000004547,0.010756535588280158,0.0023190473511039977,0.011003682950657932,0.05501841475327715
method2,575,5.0,583.8317,2.01874499629089,-0.597809073460073,114.99999999999994,0.1999999999999318,0.010748337938609964,0.0023623442764800773,0.011004882503833491,0.055024412519186224
method2,576,5.0,584.0317,2.02948496229107,-0.595403460739162,115.19999999999999,0.20000000000004547,0.010739966000179901,0.002405612720910999,0.01100608205711865,0.05503041028558074
method2,577,5.0,584.2317,2.04021638216075,-0.592954608756394,115.40000000000003,0.20000000000004547,0.010731419869680181,0.0024488519827678967,0.011007281610500972,0.055036408052492346
method2,578,5.0,584.4317,2.05093908180739,-0.590462547395661,115.59999999999997,0.1999999999999318,0.010722699646639633,0.0024920613607331,0.011008481163980097,0.05504240581991926
method2,579,5.0,584.6317,2.0616528872408,-0.587927307241836,115.80000000000001,0.20000000000004547,0.010713805433410162,0.0025352401538250025,0.011009680717556515,0.05504840358777006
method2,580,5.0,584.8317,2.07235762457596,-0.585348919580435,115.99999999999994,0.1999999999999318,0.010704737335160086,0.0025783876614009493,0.011010880271224228,0.05505440135613992
method2,581,5.0,585.0317,2.08305312003585,-0.582727416397264,116.19999999999999,0.20000000000004547,0.010695495459890125,0.0026215031831710034,0.01101207982498792,0.05506039912492708
method2,582,5.0,585.2317,2.09373919995428,-0.580062830378058,116.40000000000003,0.20000000000004547,0.010686079918429847,0.00266458601920605,0.011013279378859778,0.05506639689428637
method2,583,5.0,585.4317,2.10441569077868,-0.577355194908106,116.59999999999997,0.1999999999999318,0.01067649082439992,0.0027076354699518967,0.011014478932824617,0.05507239466414187
method2,584,5.0,585.6317,2.11508241907292,-0.574604544071859,116.80000000000001,0.20000000000004547,0.010666728294240091,0.002750650836247037,0.011015678486869913,0.05507839243433704
method2,585,5.0,585.8317,2.12573921152019,-0.571810912652538,116.99999999999994,0.1999999999999318,0.010656792447270025,0.0027936314193209855,0.0110168780410427,0.055084390205232286
method2,586,5.0,586.0317,2.13638589492571,-0.568974336131727,117.19999999999999,0.20000000000004547,0.010646683405520108,0.0028365765208110405,0.011018077595288287,0.05509038797642891
method2,587,5.0,586.2317,2.14702229621964,-0.566094850688947,117.40000000000003,0.20000000000004547,0.010636401293929953,0.002879485442779939,0.01101927714964536,0.05509638574821427
method2,588,5.0,586.4317,2.15764824245982,-0.563172493201228,117.59999999999997,0.1999999999999318,0.010625946240179651,0.002922357487719074,0.011020476704082079,0.055102383520429184
method2,589,5.0,586.6317,2.16826356083465,-0.560207301242662,117.80000000000001,0.20000000000004547,0.010615318374830096,0.002965191958565927,0.011021676258634596,0.055108381293160445
method2,590,5.0,586.8317,2.17886807866583,-0.557199313083956,117.99999999999994,0.1999999999999318,0.010604517831179994,0.0030079881587060653,0.011022875813268076,0.05511437906635917
method2,591,5.0,587.0317,2.18946162341123,-0.554148567691963,118.19999999999999,0.20000000000004547,0.010593544745399974,0.003050745391993015,0.011024075368009692,0.05512037684003593
method2,592,5.0,587.2317,2.20004402266765,-0.5510551047292,118.40000000000003,0.20000000000004547,0.010582399256420238,0.003093462962762916,0.011025274922842946,0.055126374614202195
method2,593,5.0,587.4317,2.21061510417365,-0.547918964553367,118.59999999999997,0.1999999999999318,0.010571081505999835,0.00313614017583308,0.0110264744777724,0.0551323723888808
method2,594,5.0,587.6317,2.22117469581236,-0.544740188216843,118.80000000000001,0.20000000000004547,0.01055959163871023,0.0031787763365239696,0.011027674032812348,0.055138370164049204
method2,595,5.0,587.8317,2.23172262561423,-0.541518817466181,118.99999999999994,0.1999999999999318,0.010547929801870026,0.003221370750661978,0.011028873587923581,0.055144367939636715
method2,596,5.0,588.0317,2.24225872175991,-0.538254894741574,119.19999999999999,0.20000000000004547,0.010536096145679963,0.0032639227246070712,0.01103007314314908,0.05515036571573286
method2,597,5.0,588.2317,2.25278281258298,-0.534948463176338,119.40000000000003,0.20000000000004547,0.01052409082306971,0.003306431565235912,0.011031272698460885,0.05515636349229188
method2,598,5.0,588.4317,2.26329472657279,-0.531599566596353,119.59999999999997,0.1999999999999318,0.010511913989810218,0.00334889657998505,0.011032472253878699,0.05516236126941231
method2,599,5.0,588.6317,2.27379429237723,-0.528208249519515,119.80000000000001,0.20000000000004547,0.010499565804440003,0.0033913170768380407,0.011033671809394149,0.0551683590469582
method2,600,5.0,588.8317,2.28428133880551,-0.524774557155165,119.99999999999994,0.1999999999999318,0.0104870464282798,0.003433692364349983,0.01103487136499069,0.05517435682497227
method2,601,5.0,589.0317,2.294755694831,-0.521298535403512,120.19999999999999,0.20000000000004547,0.010474356025490295,0.003476021751652958,0.011036070920698604,0.055180354603480475
method2,602,5.0,589.2317,2.30521718959398,-0.517780230855045,120.40000000000003,0.20000000000004547,0.01046149476297975,0.0035183045484670217,0.011037270476508968,0.05518635238253229
method2,603,5.0,589.4317,2.3156656524044,-0.514219690789928,120.59999999999997,0.1999999999999318,0.01044846281042,0.0035605400651169683,0.011038470032392757,0.05519235016198261
method2,604,5.0,589.6317,2.32610091274474,-0.510616963177391,120.80000000000001,0.20000000000004547,0.010435260340340147,0.0036027276125369934,0.011039669588389521,0.05519834794193506
method2,605,5.0,589.8317,2.33652280027272,-0.506972096675102,120.99999999999994,0.1999999999999318,0.010421887527980012,0.0036448665022890125,0.011040869144472906,0.055204345722383356
method2,606,5.0,590.0317,2.34693114482413,-0.50328514062854,121.19999999999999,0.20000000000004547,0.010408344551410043,0.0036869560465619955,0.011042068700662353,0.05521034350329921
method2,607,5.0,590.2317,2.35732577641557,-0.499556145070343,121.40000000000003,0.20000000000004547,0.010394631591439829,0.0037289955581970013,0.011043268256943317,0.05521634128470403
method2,608,5.0,590.4317,2.36770652524725,-0.495785160719652,121.59999999999997,0.1999999999999318,0.010380748831679831,0.003770984350691009,0.011044467813325307,0.05522233906664537
method2,609,5.0,590.6317,2.37807322170574,-0.491972238981441,121.80000000000001,0.20000000000004547,0.01036669645849031,0.003812921738211017,0.011045667369796976,0.055228336848972326
method2,610,5.0,590.8317,2.38842569636677,-0.488117431945844,121.99999999999994,0.1999999999999318,0.010352474661029731,0.0038548070355969855,0.011046866926371053,0.055234334631874105
method2,611,5.0,591.0317,2.39876377999796,-0.484220792387455,122.19999999999999,0.20000000000004547,0.010338083631190376,0.0038966395583889812,0.011048066483031692,0.0552403324151459
method2,612,5.0,591.2317,2.40908730356162,-0.480282373764634,122.40000000000003,0.20000000000004547,0.01032352356365962,0.003938418622821016,0.011049266039788291,0.05524633019892889
method2,613,5.0,591.4317,2.41939609821751,-0.476302230218787,122.59999999999997,0.1999999999999318,0.010308794655890186,0.003980143545847026,0.011050465596655092,0.055252327983294304
method2,614,5.0,591.6317,2.42968999532557,-0.472280416573647,122.80000000000001,0.20000000000004547,0.010293897108060168,0.004021813645139982,0.011051665153612085,0.055258325768047865
method2,615,5.0,591.8317,2.43996882644869,-0.46821698833454,122.99999999999994,0.1999999999999318,0.01027883112311967,0.004063428239106992,0.011052864710652425,0.055264323553280974
method2,616,5.0,592.0317,2.4502324233555,-0.46411200168763,123.19999999999999,0.20000000000004547,0.010263596906810335,0.004104986646910003,0.011054064267806484,0.05527032133901985
method2,617,5.0,592.2317,2.46048061802307,-0.459965513499168,123.40000000000003,0.20000000000004547,0.010248194667569877,0.0041464881884620275,0.011055263825050163,0.05527631912523825
method2,618,5.0,592.4317,2.47071324263968,-0.455777581314723,123.59999999999997,0.1999999999999318,0.010232624616609787,0.004187932184444965,0.011056463382382205,0.05528231691192988
method2,619,5.0,592.6317,2.48093012960759,-0.451548263358402,123.80000000000001,0.20000000000004547,0.01021688696791001,0.004229317956321033,0.011057662939821819,0.05528831469909652
method2,620,5.0,592.8317,2.49113111154573,-0.447277618532051,123.99999999999994,0.1999999999999318,0.010200981938140341,0.004270644826350978,0.01105886249734139,0.055294312486725804
method2,621,5.0,593.0317,2.50131602129252,-0.442965706414467,124.19999999999999,0.20000000000004547,0.01018490974678965,0.004311912117584027,0.011060062054980467,0.05530031027488976
method2,622,5.0,593.2317,2.51148469190851,-0.438612587260574,124.40000000000003,0.20000000000004547,0.010168670615990028,0.00435311915389297,0.0110612616126954,0.05530630806346443
method2,623,5.0,593.4317,2.5216369566792,-0.434218322000601,124.59999999999997,0.1999999999999318,0.010152264770689978,0.004394265259972996,0.011062461170517091,0.05531230585260432
method2,624,5.0,593.6317,2.53177264911772,-0.429782972239249,124.80000000000001,0.20000000000004547,0.010135692438520305,0.004435349761352014,0.011063660728429946,0.055318303642137155
method2,625,5.0,593.8317,2.54189160296758,-0.425306600254843,124.99999999999994,0.1999999999999318,0.010118953849859835,0.00447637198440598,0.011064860286436873,0.05532430143220324
method2,626,5.0,594.0317,2.55199365220539,-0.420789268998473,125.19999999999999,0.20000000000004547,0.010102049237810107,0.004517331256369994,0.011066059844538935,0.055330299222682094
method2,627,5.0,594.2317,2.56207863104359,-0.416231042093131,125.40000000000003,0.20000000000004547,0.01008497883819981,0.004558226905342022,0.01106725940273932,0.05533629701368402
method2,628,5.0,594.4317,2.57214637393316,-0.411631983832824,125.59999999999997,0.1999999999999318,0.01006774288957013,0.004599058260306987,0.011068458961038245,0.0553422948052101
method2,629,5.0,594.6317,2.58219671556633,-0.406992159181685,125.80000000000001,0.20000000000004547,0.010050341633169868,0.004639824651138991,0.011069658519427988,0.055348292597127355
method2,630,5.0,594.8317,2.59222949087931,-0.402311633773083,125.99999999999994,0.1999999999999318,0.010032775312980302,0.004680525408602032,0.011070858077914116,0.05535429038958946
method2,631,5.0,595.0317,2.60224453505499,-0.397590473908691,126.19999999999999,0.20000000000004547,0.010015044175679666,0.004721159864391977,0.011072057636499228,0.05536028818248355
method2,632,5.0,595.2317,2.61224168352564,-0.392828746557579,126.40000000000003,0.20000000000004547,0.009997148470650252,0.004761727351112022,0.011073257195177622,0.05536628597587552
method2,633,5.0,595.4317,2.62222077197561,-0.388026519355268,126.59999999999997,0.1999999999999318,0.009979088449969975,0.0048022272023109935,0.011074456753942372,0.055372283769730746
method2,634,5.0,595.6317,2.63218163634407,-0.383183860602797,126.80000000000001,0.20000000000004547,0.009960864368459887,0.004842658752470974,0.011075656312821263,0.055378281564093725
method2,635,5.0,595.8317,2.64212411282763,-0.378300839265755,126.99999999999994,0.1999999999999318,0.009942476483559837,0.004883021337042048,0.01107685587177825,0.05538427935891014
method2,636,5.0,596.0317,2.65204803788311,-0.373377524973321,127.19999999999999,0.20000000000004547,0.009923925055480343,0.004923314292433978,0.011078055430845037,0.05539027715421259
method2,637,5.0,596.2317,2.66195324823016,-0.36841398801728,127.40000000000003,0.20000000000004547,0.009905210347049831,0.004963536956041015,0.011079254989993141,0.05539627494995311
method2,638,5.0,596.4317,2.671839580854,-0.36341029935104,127.59999999999997,0.1999999999999318,0.009886332623839866,0.005003688666239958,0.011080454549243847,0.05540227274623813
method2,639,5.0,596.6317,2.68170687300807,-0.35836653058863,127.80000000000001,0.20000000000004547,0.009867292154070118,0.005043768762410028,0.011081654108590328,0.055408270542939037
method2,640,5.0,596.8317,2.69155496221672,-0.353282754003689,127.99999999999994,0.1999999999999318,0.009848089208650102,0.005083776584940969,0.011082853668037155,0.05541426834020467
method2,641,5.0,597.0317,2.70138368627785,-0.348159042528444,128.2,0.20000000000004547,0.00982872406112989,0.005123711475245041,0.011084053227560365,0.05542026613778922
method2,642,5.0,597.2317,2.71119288326565,-0.342995469752676,128.40000000000003,0.20000000000004547,0.009809196987800028,0.0051635727757680105,0.011085252787199655,0.055426263935985674
method2,643,5.0,597.4317,2.7209823915332,-0.337792109922682,128.59999999999997,0.1999999999999318,0.009789508267549873,0.005203359829993981,0.011086452346933276,0.05543226173468528
method2,644,5.0,597.6317,2.73075204971513,-0.332549037940218,128.8,0.20000000000004547,0.009769658181930208,0.005243071982463987,0.01108765190674088,0.055438259533691796
method2,645,5.0,597.8317,2.74050169673035,-0.327266329361431,128.99999999999994,0.1999999999999318,0.009749647015219853,0.005282708578786988,0.011088851466665745,0.05544425733334763
method2,646,5.0,598.0317,2.75023117178461,-0.321944060395788,129.2,0.20000000000004547,0.009729475054260028,0.005322268965643029,0.011090051026668681,0.0554502551333308
method2,647,5.0,598.2317,2.75994031437324,-0.316582307904989,129.40000000000003,0.20000000000004547,0.009709142588630204,0.00536175249079901,0.011091250586788769,0.055456252933931235
method2,648,5.0,598.4317,2.76962896428369,-0.31118114940187,129.59999999999997,0.1999999999999318,0.009688649910450042,0.005401158503118952,0.011092450146972839,0.05546225073488311
method2,649,5.0,598.6317,2.7792969615983,-0.305740663049291,129.8,0.20000000000004547,0.009667997314609877,0.005440486352579044,0.01109364970728311,0.055468248536402934
method2,650,5.0,598.8317,2.78894414669681,-0.30026092765902,129.99999999999994,0.1999999999999318,0.009647185098510036,0.005479735390270968,0.011094849267669309,0.055474246338365465
method2,651,5.0,599.0317,2.79857036025908,-0.294742022690611,130.2,0.20000000000004547,0.009626213562270003,0.005518904968409011,0.011096048828153227,0.055480244140753525
method2,652,5.0,599.2317,2.80817544326769,-0.289184028250252,130.40000000000003,0.20000000000004547,0.00960508300860985,0.005557994440358982,0.011097248388737949,0.05548624194367713
method2,653,5.0,599.4317,2.81775923701055,-0.283587025089622,130.59999999999997,0.1999999999999318,0.009583793742860003,0.005597003160629999,0.011098447949410978,0.05549223974707382
method2,654,5.0,599.6317,2.82732158308354,-0.277951094604727,130.8,0.20000000000004547,0.009562346072990113,0.005635930484895024,0.011099647510177902,0.05549823755087689
method2,655,5.0,599.8317,2.83686232339313,-0.272276318834729,130.99999999999994,0.1999999999999318,0.009540740309589957,0.005674775769997975,0.01110084707104781,0.05550423535525798
method2,656,5.0,600.0317,2.84638130015897,-0.266562780460768,131.2,0.20000000000004547,0.009518976765840126,0.005713538373961047,0.011102046632010226,0.05551023316003851
method2,657,5.0,600.2317,2.8558783559165,-0.260810562804756,131.40000000000003,0.20000000000004547,0.009497055757529793,0.005752217656011971,0.011103246193062893,0.05551623096530184
method2,658,5.0,600.4317,2.86535333351957,-0.255019749828188,131.59999999999997,0.1999999999999318,0.009474977603070034,0.005790812976568027,0.011104445754213373,0.055522228771085806
method2,659,5.0,600.6317,2.87480607614302,-0.249190426130921,131.8,0.20000000000004547,0.009452742623449861,0.0058293236972669915,0.01110564531545575,0.05552822657726613
method2,660,5.0,600.8317,2.88423642728529,-0.24332267694995,131.99999999999994,0.1999999999999318,0.009430351142269977,0.005867749180970994,0.0111068448768,0.05553422438401894
method2,661,5.0,601.0317,2.89364423077097,-0.237416588158172,132.2,0.20000000000004547,0.009407803485680155,0.005906088791778008,0.011108044438223205,0.0555402221911034
method2,662,5.0,601.2317,2.90302933075345,-0.231472246263139,132.40000000000003,0.20000000000004547,0.00938509998248005,0.005944341895032984,0.01110924399975945,0.05554621999878462
method2,663,5.0,601.4317,2.91239157171743,-0.225489738405805,132.59999999999997,0.1999999999999318,0.009362240963979751,0.005982507857334007,0.0111104435613833,0.05555221780693545
method2,664,5.0,601.6317,2.92173079848152,-0.219469152359263,132.8,0.20000000000004547,0.00933922676409038,0.006020586046541987,0.011111643123090218,0.05555821561543846
method2,665,5.0,601.8317,2.93104685620084,-0.213410576527454,132.99999999999994,0.1999999999999318,0.009316057719319648,0.006058575831809021,0.011112842684906305,0.05556421342455047
method2,666,5.0,602.0317,2.94033959036954,-0.207314099943891,133.2,0.20000000000004547,0.009292734168700356,0.006096476583562993,0.011114042246818348,0.055570211234079105
method2,667,5.0,602.2317,2.94960884682336,-0.201179812270361,133.40000000000003,0.20000000000004547,0.009269256453819708,0.006134287673529998,0.011115241808809215,0.05557620904403344
method2,668,5.0,602.4317,2.95885447174223,-0.195007803795611,133.59999999999997,0.1999999999999318,0.009245624918869932,0.006172008474749996,0.011116441370907077,0.05558220685455434
method2,669,5.0,602.6317,2.96807631165278,-0.188798165434032,133.8,0.20000000000004547,0.009221839910550145,0.006209638361579006,0.011117640933103079,0.05558820466550275
method2,670,5.0,602.8317,2.97727421343087,-0.182550988724327,133.99999999999994,0.1999999999999318,0.009197901778089879,0.006247176709704982,0.011118840495378523,0.055594202476911575
method2,671,5.0,603.0317,2.98644802430419,-0.176266365828178,134.2,0.20000000000004547,0.009173810873320143,0.006284622896149006,0.011120040057762706,0.05560020028880089
method2,672,5.0,603.2317,2.99559759185472,-0.169944389528889,134.40000000000003,0.20000000000004547,0.00914956755052998,0.006321976299289017,0.011121239620225942,0.05560619810111706
method2,673,5.0,603.4317,3.00472276402133,-0.163585153230031,134.59999999999997,0.1999999999999318,0.009125172166609907,0.006359236298857984,0.011122439182795523,0.05561219591399658
method2,674,5.0,603.6317,3.01382338910225,-0.157188750954063,134.8,0.20000000000004547,0.009100625080920022,0.006396402275967994,0.011123638745459108,0.05561819372728289
method2,675,5.0,603.8317,3.0228993157576,-0.150755277340964,134.99999999999994,0.1999999999999318,0.009075926655349953,0.006433473613099011,0.011124838308206238,0.05562419154105016
method2,676,5.0,604.0317,3.03195039301194,-0.144284827646836,135.2,0.20000000000004547,0.009051077254340179,0.006470449694127994,0.011126037871060623,0.05563018935529047
method2,677,5.0,604.2317,3.04097647025672,-0.137777497742498,135.40000000000003,0.20000000000004547,0.009026077244779884,0.0065073299043379995,0.011127237434000625,0.05563618716999048
method2,678,5.0,604.4317,3.04997739725283,-0.131233384112078,135.59999999999997,0.1999999999999318,0.009000926996109992,0.006544113630420012,0.011128436997042785,0.055642184985232906
method2,679,5.0,604.6317,3.05895302413306,-0.124652583851595,135.8,0.20000000000004547,0.008975626880229903,0.006580800260482994,0.011129636560170266,0.05564818280083868
method2,680,5.0,604.8317,3.06790320140462,-0.118035194667527,135.99999999999994,0.1999999999999318,0.008950177271560111,0.006617389184067998,0.011130836123390341,0.05565418061697069
method2,681,5.0,605.0317,3.07682777995162,-0.11138131487536,136.2,0.20000000000004547,0.008924578547000017,0.006653879792167,0.011132035686709835,0.05566017843353652
method2,682,5.0,605.2317,3.08572661103755,-0.104691043398146,136.40000000000003,0.20000000000004547,0.008898831085930148,0.006690271477214002,0.011133235250130123,0.05566617625063796
method2,683,5.0,605.4317,3.09459954630773,-0.0979644797650359,136.59999999999997,0.1999999999999318,0.008872935270179738,0.006726563633110097,0.011134434813634632,0.05567217406819215
method2,684,5.0,605.6317,3.10344643779181,-0.0912017241098124,136.8,0.20000000000004547,0.008846891484080022,0.00676275565522351,0.011135634377229937,0.05567817188613702
method2,685,5.0,605.8317,3.11226713790623,-0.0844028771693997,136.99999999999994,0.1999999999999318,0.008820700114420266,0.0067988469404126894,0.011136833940922916,0.05568416970463357
method2,686,5.0,606.0317,3.12106149945667,-0.0775680402823742,137.2,0.20000000000004547,0.008794361550439778,0.0068348368870255055,0.011138033504712493,0.0556901675235498
method2,687,5.0,606.2317,3.12982937564051,-0.0706973153874686,137.40000000000003,0.20000000000004547,0.008767876183839896,0.006870724894905603,0.011139233068601376,0.055696165342994215
method2,688,5.0,606.4317,3.13857062004925,-0.0637908050220521,137.59999999999997,0.1999999999999318,0.008741244408740023,0.006906510365416493,0.011140432632574651,0.055702163162892254
method2,689,5.0,606.6317,3.14728508667098,-0.0568486123206107,137.8,0.20000000000004547,0.008714466621730033,0.006942192701441405,0.011141632196639465,0.05570816098318466
method2,690,5.0,606.8317,3.15597262989281,-0.0498708410132083,137.99999999999994,0.1999999999999318,0.008687543221830296,0.006977771307402396,0.011142831760803789,0.05571415880403795
method2,691,5.0,607.0317,3.1646331045033,-0.0428575954239623,138.2,0.20000000000004547,0.00866047461048991,0.0070132455892460005,0.0111440313250645,0.05572015662530983
method2,692,5.0,607.2317,3.17326636569485,-0.0358089804694735,138.40000000000003,0.20000000000004547,0.008633261191549835,0.007048614954488802,0.01114523088940573,0.05572615444701598
method2,693,5.0,607.4317,3.18187226906618,-0.0287251016572703,138.59999999999997,0.1999999999999318,0.008605903371329937,0.007083878812203199,0.01114643045385604,0.05573215226929921
method2,694,5.0,607.6317,3.19045067062468,-0.0216060650842373,138.8,0.20000000000004547,0.008578401558500204,0.007119036573033002,0.011147630018396745,0.05573815009197105
method2,695,5.0,607.8317,3.19900142678884,-0.0144519774350367,138.99999999999994,0.1999999999999318,0.00855075616415979,0.007154087649200598,0.011148829583026244,0.055744147915150234
method2,696,5.0,608.0317,3.20752439439065,-0.00726294598051425,139.2,0.20000000000004547,0.008522967601810372,0.00718903145452245,0.01115002914774766,0.05575014573872562
method2,697,5.0,608.2317,3.216019430678,-3.9078576093754e-05,139.40000000000003,0.20000000000004547,0.008495036287349933,0.007223867404420496,0.011151228712569797,0.055756143562836306
method2,698,5.0,608.4317,3.22448639331704,0.00721951633982876,139.59999999999997,0.1999999999999318,0.008466962639039899,0.007258594915922514,0.011152428277480813,0.05576214138742309
method2,699,5.0,608.6317,3.23292514039458,0.0145127297475063,139.8,0.20000000000004547,0.008438747077539777,0.00729321340767754,0.011153627842483072,0.05576813921240268
method2,700,5.0,608.8317,3.24133553042047,0.021840452047468,139.99999999999994,0.1999999999999318,0.00841039002589028,0.007327722299961701,0.011154827407582365,0.05577413703793085
method2,701,5.0,609.0317,3.24971742232995,0.0292025730621703,140.2,0.20000000000004547,0.008381891909480021,0.007362121014702298,0.011156026972776996,0.055780134863872295
method2,702,5.0,609.2317,3.25807067548601,0.0365989820376371,140.40000000000003,0.20000000000004547,0.008353253156059726,0.007396408975466798,0.011157226538059875,0.05578613269028669
method2,703,5.0,609.4317,3.26639514968176,0.0440295676451208,140.59999999999997,0.1999999999999318,0.00832447419575022,0.007430585607483706,0.011158426103436599,0.05579213051720202
method2,704,5.0,609.6317,3.27469070514278,0.05149421798277,140.8,0.20000000000004547,0.008295555461019788,0.0074646503376491966,0.011159625668911188,0.05579812834454325
method2,705,5.0,609.8317,3.28295720252943,0.0589928205773149,140.99999999999994,0.1999999999999318,0.008266497386649974,0.0074986025945448995,0.011160825234471075,0.05580412617237441
method2,706,5.0,610.0317,3.29119450293924,0.0665252623857509,141.2,0.20000000000004547,0.008237300409810189,0.0075324418084360065,0.011162024800139704,0.05581012400068583
method2,707,5.0,610.2317,3.29940246790917,0.074091429797033,141.40000000000003,0.20000000000004547,0.008207964969929815,0.00756616741128209,0.011163224365887398,0.055816121829424296
method2,708,5.0,610.4317,3.30758095941798,0.0816912086337871,141.59999999999997,0.1999999999999318,0.008178491508810115,0.007599778836754098,0.011164423931724137,0.05582211965863972
method2,709,5.0,610.6317,3.31572983988856,0.0893244841540291,141.8,0.20000000000004547,0.008148880470580266,0.007633275520242011,0.011165623497670446,0.05582811748833954
method2,710,5.0,610.8317,3.32384897219018,0.096991141052887,141.99999999999994,0.1999999999999318,0.008119132301619647,0.007666656898857899,0.011166823063701196,0.05583411531852502
method2,711,5.0,611.0317,3.33193821964083,0.104691063464337,142.2,0.20000000000004547,0.008089247450650205,0.007699922411449997,0.011168022629821306,0.05584011314909383
method2,712,5.0,611.2317,3.33999744600952,0.112424134962946,142.40000000000003,0.20000000000004547,0.008059226368689831,0.0077330714986089955,0.011169222196034254,0.05584611098015858
method2,713,5.0,611.4317,3.34802651551857,0.120190238565635,142.59999999999997,0.1999999999999318,0.008029069509050135,0.007766103602689006,0.011170421762353368,0.055852108811785886
method2,714,5.0,611.6317,3.35602529284584,0.127989256733438,142.8,0.20000000000004547,0.007998777327269835,0.0077990181678029985,0.011171621328749342,0.05585810664373401
method2,715,5.0,611.8317,3.36399364312709,0.135821071373267,142.99999999999994,0.1999999999999318,0.007968350281250203,0.007831814639828988,0.011172820895250216,0.05586410447627013
method2,716,5.0,612.0317,3.37193143195818,0.143685563839704,143.2,0.20000000000004547,0.007937788831089865,0.007864492466437,0.011174020461840014,0.05587010230918737
method2,717,5.0,612.2317,3.37983852539734,0.151582614936796,143.40000000000003,0.20000000000004547,0.007907093439160295,0.007897051097092017,0.011175220028513712,0.055876100142555854
method2,718,5.0,612.4317,3.38771478996748,0.159512104919847,143.59999999999997,0.1999999999999318,0.007876264570140012,0.007929489983050986,0.011176419595297447,0.05588209797650629
method2,719,5.0,612.6317,3.39556009265835,0.16747391349723,143.8,0.20000000000004547,0.007845302690869804,0.007961808577383017,0.011177619162158764,0.05588809581078111
method2,720,5.0,612.8317,3.40337430092886,0.175467919832206,143.99999999999994,0.1999999999999318,0.007814208270509937,0.00799400633497599,0.011178818729120807,0.0558940936456231
method2,721,5.0,613.0317,3.41115728270926,0.183494002544761,144.2,0.20000000000004547,0.0077829817804002666,0.008026082712555005,0.011180018296175405,0.05590009148086432
method2,722,5.0,613.2317,3.41890890640338,0.191552039713435,144.40000000000003,0.20000000000004547,0.007751623694119747,0.00805803716867401,0.011181217863317506,0.05590608931657482
method2,723,5.0,613.4317,3.42662904089088,0.199641908877168,144.59999999999997,0.1999999999999318,0.0077201344875001965,0.008089869163732999,0.01118241743056518,0.05591208715284497
method2,724,5.0,613.6317,3.43431755552939,0.20776348703716,144.8,0.20000000000004547,0.007688514638509947,0.008121578159991982,0.011183616997887601,0.05591808498942529
method2,725,5.0,613.8317,3.44197432015679,0.215916650658735,144.99999999999994,0.1999999999999318,0.007656764627399948,0.008153163621575005,0.0111848165653075,0.05592408282655658
method2,726,5.0,614.0317,3.44959920509338,0.224101275673219,145.2,0.20000000000004547,0.007624884936590082,0.008184625014483998,0.011186016132831005,0.05593008066414231
method2,727,5.0,614.2317,3.45719208114405,0.232317237479814,145.40000000000003,0.20000000000004547,0.00759287605067005,0.008215961806595007,0.011187215700444265,0.05593607850220861
method2,728,5.0,614.4317,3.46475281960046,0.240564410947493,145.59999999999997,0.1999999999999318,0.007560738456410032,0.008247173467679003,0.011188415268134539,0.055942076340691774
method2,729,5.0,614.6317,3.47228129224327,0.248842670416909,145.8,0.20000000000004547,0.00752847264280998,0.008278259469415988,0.01118961483593219,0.05594807417964823
method2,730,5.0,614.8317,3.47977737134426,0.257151889702296,145.99999999999994,0.1999999999999318,0.0074960791009899275,0.008309219285387026,0.011190814403828957,0.055954072019163865
method2,731,5.0,615.0317,3.48724092966846,0.265491942093388,146.2,0.20000000000004547,0.007463558324199759,0.008340052391091979,0.01119201397179661,0.055960069858970334
method2,732,5.0,615.2317,3.4946718404764,0.273862700357348,146.40000000000003,0.20000000000004547,0.0074309108079400055,0.008370758263959999,0.0111932135398738,0.055966067699356276
method2,733,5.0,615.4317,3.50206997752615,0.282264036740712,146.59999999999997,0.1999999999999318,0.007398137049750009,0.008401336383363989,0.011194413108033813,0.05597206554018815
method2,734,5.0,615.6317,3.50943521507553,0.290695822971322,146.8,0.20000000000004547,0.0073652375493802325,0.008431786230610028,0.011195612676290002,0.05597806338143728
method2,735,5.0,615.8317,3.51676742788421,0.299157930260287,146.99999999999994,0.1999999999999318,0.0073322128086799054,0.00846210728896496,0.011196812244640149,0.05598406122321984
method2,736,5.0,616.0317,3.52406649121584,0.307650229303939,147.2,0.20000000000004547,0.007299063331629885,0.008492299043652007,0.01119801181308346,0.05599005906540457
method2,737,5.0,616.2317,3.53133228084014,0.316172590285817,147.40000000000003,0.20000000000004547,0.007265789624300023,0.00852236098187803,0.011199211381611784,0.05599605690804619
method2,738,5.0,616.4317,3.53856467303505,0.32472488287864,147.59999999999997,0.1999999999999318,0.007232392194910009,0.008552292592822974,0.011200410950239725,0.05600205475121772
method2,739,5.0,616.6317,3.5457635445888,0.333306976246288,147.8,0.20000000000004547,0.007198871553749875,0.008582093367648036,0.011201610518957421,0.05600805259477437
method2,740,5.0,616.8317,3.55292877280201,0.34191873904581,147.99999999999994,0.1999999999999318,0.007165228213210195,0.008611762799521971,0.011202810087768777,0.05601405043886299
method2,741,5.0,617.0317,3.56006023548976,0.350560039429428,148.2,0.20000000000004547,0.007131462687750112,0.00864130038361799,0.011204009656667048,0.0560200482833225
method2,742,5.0,617.2317,3.5671578109837,0.359230745046553,148.40000000000003,0.20000000000004547,0.007097575493939967,0.008670705617125019,0.011205209225669126,0.056026046128332896
method2,743,5.0,617.4317,3.57422137813406,0.367930723045796,148.59999999999997,0.1999999999999318,0.0070635671503600506,0.008699977999242992,0.011206408794745874,0.05603204397374848
method2,744,5.0,617.6317,3.58125081631179,0.376659840077021,148.8,0.20000000000004547,0.00702943817772983,0.008729117031225031,0.011207608363935124,0.056038041819662876
method2,745,5.0,617.8317,3.58824600541052,0.38541796229336,148.99999999999994,0.1999999999999318,0.00699518909872987,0.008758122216338982,0.011208807933197876,0.056044039666008495
method2,746,5.0,618.0317,3.59520682584868,0.394204955353285,149.2,0.20000000000004547,0.0069608204381599315,0.008786993059924975,0.011210007502561034,0.056050037512792424
method2,747,5.0,618.2317,3.6021331585715,0.403020684422647,149.40000000000003,0.20000000000004547,0.006926332722820394,0.00881572906936201,0.011211207072015348,0.05605603536006399
method2,748,5.0,618.4317,3.60902488505305,0.411865014176754,149.59999999999997,0.1999999999999318,0.006891726481550009,0.008844329754106983,0.01121240664156807,0.05606203320785948
method2,749,5.0,618.6317,3.61588188729823,0.420737808802431,149.8,0.20000000000004547,0.006857002245179711,0.008872794625677027,0.011213606211199085,0.05606803105598268
method2,750,5.0,618.8317,3.62270404784484,0.429638932000121,149.99999999999994,0.1999999999999318,0.00682216054660989,0.008901123197689986,0.011214805780938667,0.05607402890471246
method2,751,5.0,619.0317,3.62949124976551,0.438568246985951,150.2,0.20000000000004547,0.006787201920670061,0.008929314985829995,0.011216005350752801,0.056080026753751254
method2,752,5.0,619.2317,3.63624337666976,0.447525616493855,150.40000000000003,0.20000000000004547,0.006752126904250311,0.008957369507904045,0.011217204920666737,0.05608602460332093
method2,753,5.0,619.4317,3.64296031270597,0.45651090277766,150.59999999999997,0.1999999999999318,0.00671693603620982,0.00898528628380496,0.011218404490678149,0.05609202245340988
method2,754,5.0,619.6317,3.64964194256331,0.465523967613216,150.8,0.20000000000004547,0.006681629857339999,0.009013064835556028,0.011219604060769434,0.056098020303834414
method2,755,5.0,619.8317,3.6562881514738,0.474564672300508,150.99999999999994,0.1999999999999318,0.00664620891049017,0.009040704687291956,0.011220803630966086,0.05610401815484957
method2,756,5.0,620.0317,3.66289882521417,0.483632877665796,151.2,0.20000000000004547,0.006610673740369943,0.009068205365288018,0.011222003201240638,0.056110016006190436
method2,757,5.0,620.2317,3.66947385010791,0.492728444063745,151.40000000000003,0.20000000000004547,0.006575024893739734,0.009095566397949006,0.01122320277161543,0.05611601385806439
method2,758,5.0,620.4317,3.67601311302715,0.501851231379582,151.59999999999997,0.1999999999999318,0.00653926291924023,0.009122787315836989,0.011224402342082473,0.056122011710431505
method2,759,5.0,620.6317,3.68251650139462,0.511001099031241,151.8,0.20000000000004547,0.006503388367470109,0.009149867651659038,0.011225601912638003,0.056128009563177254
method2,760,5.0,620.8317,3.68898390318558,0.520177905971538,151.99999999999994,0.1999999999999318,0.006467401790959837,0.009176806940296989,0.011226801483289596,0.056134007416467124
method2,761,5.0,621.0317,3.69541520692972,0.529381510690327,152.2,0.20000000000004547,0.006431303744140138,0.009203604718789005,0.011228001054021424,0.056140005270094356
method2,762,5.0,621.2317,3.70181030171312,0.538611771216697,152.40000000000003,0.20000000000004547,0.006395094783399724,0.009230260526369993,0.011229200624858852,0.056146003124281495
method2,763,5.0,621.4317,3.70816907718008,0.547868545121142,152.59999999999997,0.1999999999999318,0.006358775466960065,0.009256773904445015,0.011230400195773408,0.05615200097888619
method2,764,5.0,621.6317,3.7144914235351,0.557151689517769,152.8,0.20000000000004547,0.006322346355020159,0.00928314439662703,0.011231599766794779,0.05615799883396112
method2,765,5.0,621.8317,3.72077723154469,0.566461061066489,152.99999999999994,0.1999999999999318,0.006285808009589999,0.009309371548719914,0.011232799337900664,0.056163996689522475
method2,766,5.0,622.0317,3.72702639253927,0.575796515975241,153.2,0.20000000000004547,0.006249160994579839,0.009335454908751983,0.01123399890909375,0.05616999454545598
method2,767,5.0,622.2317,3.73323879841508,0.585157910002193,153.40000000000003,0.20000000000004547,0.0062124058758099565,0.009361394026952019,0.011235198480385249,0.05617599240191347
method2,768,5.0,622.4317,3.73941434163597,0.594545098457987,153.59999999999997,0.1999999999999318,0.006175543220890312,0.009387188455794004,0.011236398051763586,0.05618199025883709
method2,769,5.0,622.6317,3.74555291523531,0.603957936207957,153.8,0.20000000000004547,0.006138573599340003,0.009412837749970038,0.011237597623236699,0.05618798811617072
method2,770,5.0,622.8317,3.75165441281779,0.613396277674379,153.99999999999994,0.1999999999999318,0.006101497582479798,0.009438341466421973,0.011238797194797461,0.056193985974006475
method2,771,5.0,623.0317,3.75771872856128,0.622859976838712,154.2,0.20000000000004547,0.006064315743489868,0.009463699164332984,0.011239996766446861,0.05619998383222153
method2,772,5.0,623.2317,3.76374575721866,0.632348887243869,154.40000000000003,0.20000000000004547,0.006027028657380029,0.00948891040515698,0.011241196338200686,0.05620598169099065
method2,773,5.0,623.4317,3.76973539411958,0.641862861996459,154.59999999999997,0.1999999999999318,0.005989636900920026,0.009513974752590082,0.011242395910026667,0.05621197955015251
method2,774,5.0,623.6317,3.77568753517236,0.651401753769082,154.8,0.20000000000004547,0.005952141052780302,0.009538891772623015,0.011243595481962505,0.056217977409799745
method2,775,5.0,623.8317,3.78160207686569,0.660965414802587,154.99999999999994,0.1999999999999318,0.005914541693329944,0.009563661033504922,0.011244795053975803,0.05622397526989819
method2,776,5.0,624.0317,3.7874789162705,0.670553696908376,155.2,0.20000000000004547,0.005876839404809875,0.009588282105788992,0.011245994626093304,0.056229973130453734
method2,777,5.0,624.2317,3.79331795104166,0.680166451470683,155.40000000000003,0.20000000000004547,0.005839034771160101,0.009612754562307035,0.011247194198286585,0.056235970991420144
method2,778,5.0,624.4317,3.79911907941983,0.689803529448888,155.59999999999997,0.1999999999999318,0.0058011283781698175,0.009637077978205011,0.011248393770579476,0.05624196885291656
method2,779,5.0,624.6317,3.80488220023318,0.699464781379812,155.8,0.20000000000004547,0.005763120813349953,0.009661251930924042,0.0112495933429636,0.05624796671480521
method2,780,5.0,624.8317,3.81060721289914,0.709150057380047,155.99999999999994,0.1999999999999318,0.005725012665960261,0.009685276000234944,0.011250792915440778,0.05625396457722307
method2,781,5.0,625.0317,3.81629401742614,0.718859207148266,156.2,0.20000000000004547,0.005686804526999989,0.009709149768219016,0.01125199248800029,0.05625996243998866
method2,782,5.0,625.2317,3.82194251441539,0.728592079967565,156.40000000000003,0.20000000000004547,0.0056484969892496295,0.009732872819299021,0.011253192060664911,0.05626596030331176
method2,783,5.0,625.4317,3.82755260506252,0.738348524707787,156.59999999999997,0.1999999999999318,0.005610090647130139,0.00975644474022197,0.01125439163340347,0.05627195816703654
method2,784,5.0,625.6317,3.83312419115939,0.748128389827883,156.8,0.20000000000004547,0.005571586096869918,0.009779865120095987,0.0112555912062452,0.0562779560312132
method2,785,5.0,625.8317,3.83865717509573,0.757931523378245,156.99999999999994,0.1999999999999318,0.005532983936340052,0.009803133550361998,0.011256790779171038,0.056283953895874386
method2,786,5.0,626.0317,3.84415145986087,0.767757773003085,157.2,0.20000000000004547,0.005494284765140023,0.009826249624840022,0.011257990352195121,0.056289951760962804
method2,787,5.0,626.2317,3.84960694904541,0.777606985942778,157.40000000000003,0.20000000000004547,0.0054554891845399744,0.009849212939692986,0.01125918992530317,0.05629594962650305
method2,788,5.0,626.4317,3.8550235468429,0.787479009036261,157.59999999999997,0.1999999999999318,0.0054165977974900414,0.009872023093483007,0.011260389498504737,0.056301947492542886
method2,789,5.0,626.6317,3.86040115805153,0.797373688723385,157.8,0.20000000000004547,0.0053776112086301175,0.009894679687123986,0.01126158907179481,0.05630794535896125
method2,790,5.0,626.8317,3.86573968807577,0.807290871047327,157.99999999999994,0.1999999999999318,0.005338530024240118,0.009917182323942009,0.011262788645181132,0.05631394322592487
method2,791,5.0,627.0317,3.87103904292802,0.817230401656963,158.2,0.20000000000004547,0.005299354852249749,0.009939530609636038,0.01126398821865305,0.056319941093252446
method2,792,5.0,627.2317,3.87629912923026,0.827192125809285,158.40000000000003,0.20000000000004547,0.0052600863022402855,0.009961724152321993,0.0112651877922195,0.05632593896108469
method2,793,5.0,627.4317,3.88151985421567,0.837175888371794,158.59999999999997,0.1999999999999318,0.00522072498540993,0.009983762562508991,0.011266387365870198,0.056331936829370204
method2,794,5.0,627.6317,3.88670112573027,0.847181533824928,158.8,0.20000000000004547,0.0051812715146000166,0.010005645453133982,0.011267586939616941,0.0563379346980719
method2,795,5.0,627.8317,3.89184285223453,0.857208906264466,158.99999999999994,0.1999999999999318,0.005141726504259925,0.010027372439537996,0.01126878651345455,0.05634393256729197
method2,796,5.0,628.0317,3.89694494280494,0.867257849403977,159.2,0.20000000000004547,0.0051020905704097785,0.01004894313951099,0.011269986087382246,0.05634993043689842
method2,797,5.0,628.2317,3.90200730713564,0.87732820657723,159.40000000000003,0.20000000000004547,0.005062364330699953,0.010070357173252997,0.01127118566139478,0.05635592830696109
method2,798,5.0,628.4317,3.90702985554001,0.887419820740657,159.59999999999997,0.1999999999999318,0.0050225484043702195,0.010091614163426965,0.011272385235509013,0.05636192617756429
method2,799,5.0,628.6317,3.91201249895219,0.897532534475784,159.8,0.20000000000004547,0.004982643412180021,0.01011271373512701,0.011273584809703054,0.05636792404850245
method2,800,5.0,628.8317,3.9169551489287,0.907666189991696,159.99999999999994,0.1999999999999318,0.004942649976509728,0.010133655515912054,0.011274784383990074,0.056373921919969594
method2,801,5.0,629.0317,3.92185771764999,0.917820629127486,160.2,0.20000000000004547,0.004902568721290024,0.01015443913578995,0.011275983958370721,0.05637991979184079
method2,802,5.0,629.2317,3.92672011792194,0.927995693354738,160.40000000000003,0.20000000000004547,0.004862400271950396,0.010175064227252006,0.011277183532840403,0.0563859176641892
method2,803,5.0,629.4317,3.93154226317745,0.938191223779983,160.59999999999997,0.1999999999999318,0.004822145255509724,0.010195530425245014,0.011278383107402042,0.05639191553702944
method2,804,5.0,629.6317,3.93632406747792,0.948407061147192,160.8,0.20000000000004547,0.004781804300470149,0.01021583736720899,0.011279582682052485,0.056397913410249606
method2,805,5.0,629.8317,3.94106544551479,0.958643045840251,160.99999999999994,0.1999999999999318,0.004741378036869914,0.010235984693058975,0.011280782256787428,0.05640391128395637
method2,806,5.0,630.0317,3.94576631261106,0.96889901788547,161.2,0.20000000000004547,0.004700867096270045,0.010255972045218997,0.011281981831624615,0.05640990915811025
method2,807,5.0,630.2317,3.95042658472274,0.979174816954058,161.40000000000003,0.20000000000004547,0.004660272111680186,0.010275799068587999,0.011283181406540358,0.056415907032688964
method2,808,5.0,630.4317,3.95504617844039,0.989470282364653,161.59999999999997,0.1999999999999318,0.004619593717649639,0.010295465410595006,0.011284380981556152,0.056421904907800004
method2,809,5.0,630.6317,3.95962501099055,0.999785253085812,161.8,0.20000000000004547,0.004578832550160339,0.010314970721159056,0.011285580556656197,0.056427902783268154
method2,810,5.0,630.8317,3.96416300023722,1.01011956773855,161.99999999999994,0.1999999999999318,0.004537989246669927,0.01033431465273793,0.011286780131848312,0.05643390065926081
method2,811,5.0,631.0317,3.96866006468335,1.02047306459883,162.2,0.20000000000004547,0.004497064446129961,0.010353496860280087,0.011287979707125442,0.056439898535614375
method2,812,5.0,631.2317,3.97311612347224,1.03084558160014,162.40000000000003,0.20000000000004547,0.004456058788889994,0.010372517001310033,0.011289179282503642,0.05644589641250537
method2,813,5.0,631.4317,3.97753109638899,1.04123695633598,162.59999999999997,0.1999999999999318,0.004414972916749971,0.010391374735839953,0.011290378857960817,0.05645189428982334
method2,814,5.0,631.6317,3.98190490386194,1.05164702606244,162.8,0.20000000000004547,0.00437380747295002,0.01041006972645997,0.011291578433513704,0.05645789216755568
method2,815,5.0,631.8317,3.98623746696407,1.06207562770073,162.99999999999994,0.1999999999999318,0.004332563102130038,0.010428601638289958,0.011292778009156235,0.05646389004580043
method2,816,5.0,632.0317,3.99052870741441,1.07252259783974,163.2,0.20000000000004547,0.004291240450339906,0.01044697013900997,0.011293977584890074,0.05646988792443753
method2,817,5.0,632.2317,3.99477854757945,1.08298777273858,163.40000000000003,0.20000000000004547,0.004249840165039931,0.010465174898840024,0.011295177160704384,0.056475885803509075
method2,818,5.0,632.4317,3.9989869104745,1.0934709883292,163.59999999999997,0.1999999999999318,0.004208362895050222,0.010483215590620043,0.01129637673662908,0.05648188368316466
method2,819,5.0,632.6317,4.00315371976509,1.10397208021887,163.8,0.20000000000004547,0.004166809290590212,0.010501091889669967,0.011297576312618617,0.05648788156308024
method2,820,5.0,632.8317,4.00727889976832,1.11449088369286,163.99999999999994,0.1999999999999318,0.004125180003229367,0.010518803473990035,0.011298775888717692,0.05649387944360773
method2,821,5.0,633.0317,4.01136237545422,1.12502723371694,164.2,0.20000000000004547,0.004083475685900062,0.010536350024080043,0.01129997546489675,0.056499877324470905
method2,822,5.0,633.2317,4.0154040724471,1.13558096494001,164.40000000000003,0.20000000000004547,0.0040416969928802615,0.010553731223069907,0.01130117504116532,0.05650587520581375
method2,823,5.0,633.4317,4.01940391702686,1.1461519116967,164.59999999999997,0.1999999999999318,0.0039998445797602145,0.010570946756690125,0.011302374617531249,0.05651187308767552
method2,824,5.0,633.6317,4.02336183613036,1.15673990800993,164.8,0.20000000000004547,0.003957919103499741,0.010587996313230041,0.011303574193980466,0.05651787096988948
method2,825,5.0,633.8317,4.02727775735269,1.16734478759355,164.99999999999994,0.1999999999999318,0.003915921222329644,0.010604879583619997,0.011304773770517123,0.056523868852604894
method2,826,5.0,634.0317,4.03115160894851,1.17796638385495,165.2,0.20000000000004547,0.003873851595820099,0.010621596261399802,0.01130597334715681,0.0565298667357712
method2,827,5.0,634.2317,4.0349833198333,1.18860452989764,165.40000000000003,0.20000000000004547,0.0038317108847900627,0.010638146042690089,0.011307172923866578,0.05653586461932003
method2,828,5.0,634.4317,4.03877281958468,1.19925905852393,165.59999999999997,0.1999999999999318,0.0037894997513800988,0.010654528626290016,0.011308372500680336,0.05654186250342096
method2,829,5.0,634.6317,4.04252003844368,1.2099298022375,165.8,0.20000000000004547,0.003747218858999979,0.010670743713570019,0.01130957207757832,0.05654786038787874
method2,830,5.0,634.8317,4.04622490731599,1.22061659324607,165.99999999999994,0.1999999999999318,0.00370486887231003,0.010686791008569951,0.011310771654571733,0.05655385827287795
method2,831,5.0,635.0317,4.04988735777318,1.23131926346402,166.2,0.20000000000004547,0.0036624504571900474,0.010702670217950017,0.011311971231645077,0.056559856158212525
method2,832,5.0,635.2317,4.05350732205404,1.24203764451503,166.40000000000003,0.20000000000004547,0.0036199642808600885,0.010718381051010084,0.011313170808811954,0.05656585404404691
method2,833,5.0,635.4317,4.05708473306568,1.25277156773476,166.59999999999997,0.1999999999999318,0.003577411011639775,0.01073392321972988,0.011314370386073535,0.05657185193038697
method2,834,5.0,635.6317,4.06061952438487,1.26352086417345,166.8,0.20000000000004547,0.0035347913191898783,0.010749296438690159,0.011315569963420183,0.05657784981708805
method2,835,5.0,635.8317,4.06411163025916,1.27428536459862,166.99999999999994,0.1999999999999318,0.0034921058742902744,0.010764500425169965,0.011316769540851179,0.05658384770427519
method2,836,5.0,636.0317,4.06756098560814,1.28506489949773,167.2,0.20000000000004547,0.0034493553489802764,0.010779534899109988,0.011317969118382901,0.05658984559190164
method2,837,5.0,636.2317,4.07096752602459,1.29585929908083,167.40000000000003,0.20000000000004547,0.0034065404164493884,0.010794399583099912,0.011319168696001077,0.05659584347999252
method2,838,5.0,636.4317,4.07433118777567,1.30666839328324,167.59999999999997,0.1999999999999318,0.0033636617510799383,0.010809094202409941,0.011320368273702511,0.05660184136853186
method2,839,5.0,636.6317,4.07765190780411,1.31749201176823,167.8,0.20000000000004547,0.003320720028439972,0.010823618484990138,0.011321567851490473,0.05660783925743949
method2,840,5.0,636.8317,4.08092962372931,1.32832998392973,167.99999999999994,0.1999999999999318,0.0032777159252006527,0.010837972161499954,0.011322767429377057,0.05661383714690459
method2,841,5.0,637.0317,4.08416427384857,1.33918213889497,168.2,0.20000000000004547,0.003234650119259719,0.010852154965240057,0.01132396700735265,0.05661983503675038
method2,842,5.0,637.2317,4.08735579713813,1.3500483055272,168.40000000000003,0.20000000000004547,0.003191523289560294,0.010866166632229834,0.011325166585405746,0.056625832927015854
method2,843,5.0,637.4317,4.09050413325439,1.36092831242841,168.59999999999997,0.1999999999999318,0.0031483361162596424,0.010880006901210049,0.011326366163572637,0.0566318308178825
method2,844,5.0,637.6317,4.09360922253492,1.37182198794197,168.8,0.20000000000004547,0.0031050892805302155,0.01089367551356002,0.011327565741799992,0.056637828708987085
method2,845,5.0,637.8317,4.09667100599968,1.38272916015541,168.99999999999994,0.1999999999999318,0.0030617834647594933,0.010907172213439953,0.011328765320135785,0.05664382660069824
method2,846,5.0,638.0317,4.09968942535201,1.39364965690307,169.2,0.20000000000004547,0.0030184193523306035,0.010920496747660158,0.011329964898541389,0.05664982449269406
method2,847,5.0,638.2317,4.10266442297977,1.40458330576889,169.40000000000003,0.20000000000004547,0.00297499762775999,0.010933648865819823,0.011331164477061511,0.05665582238529467
method2,848,5.0,638.4317,4.10559594195639,1.41552993408905,169.59999999999997,0.1999999999999318,0.00293151897662014,0.010946628320160023,0.011332364055659941,0.05666182027831903
method2,849,5.0,638.6317,4.10848392604193,1.42648936895474,169.8,0.20000000000004547,0.0028879840855395855,0.010959434865690065,0.011333563634339948,0.056667818171686854
method2,850,5.0,638.8317,4.11132831968416,1.43746143721489,169.99999999999994,0.1999999999999318,0.002844393642230436,0.010972068260149959,0.011334763213113499,0.05667381606558682
method2,851,5.0,639.0317,4.11412906801954,1.44844596547891,170.2,0.20000000000004547,0.002800748335380021,0.010984528264019966,0.011335962791981432,0.05667981395989427
method2,852,5.0,639.2317,4.11688611687429,1.4594427801194,170.40000000000003,0.20000000000004547,0.0027570488547494776,0.010996814640490182,0.011337162370927507,0.056685811854624645
method2,853,5.0,639.4317,4.1195994127654,1.47045170727494,170.59999999999997,0.1999999999999318,0.0027132958911098015,0.011008927155539805,0.01133836194997739,0.056691809749906286
method2,854,5.0,639.6317,4.12226890290164,1.48147257285278,170.8,0.20000000000004547,0.0026694901362400714,0.0110208655778401,0.011339561529102607,0.05669780764550014
method2,855,5.0,639.8317,4.12489453518453,1.49250520253165,170.99999999999994,0.1999999999999318,0.0026256322828901446,0.011032629678870087,0.011340761108322491,0.0567038055416318
method2,856,5.0,640.0317,4.12747625820936,1.50354942176448,171.2,0.20000000000004547,0.0025817230248303957,0.011044219232829944,0.011341960687630258,0.0567098034381384
method2,857,5.0,640.2317,4.13001402126611,1.51460505578118,171.40000000000003,0.20000000000004547,0.0025377630567495757,0.011055634016700067,0.011343160267025174,0.056715801335112975
method2,858,5.0,640.4317,4.13250777434049,1.5256719295914,171.59999999999997,0.1999999999999318,0.002493753074380045,0.01106687381021998,0.01134435984651901,0.05672179923261439
method2,859,5.0,640.6317,4.1349574681148,1.53674986798728,171.8,0.20000000000004547,0.0024496937743103686,0.011077938395879894,0.011345559426084064,0.05672779713040742
method2,860,5.0,640.8317,4.13736305396896,1.54783869554626,171.99999999999994,0.1999999999999318,0.0024055858541593977,0.011088827558979997,0.01134675900574812,0.05673379502875995
method2,861,5.0,641.0317,4.13972448398136,1.55893823663384,172.2,0.20000000000004547,0.0023614300124004117,0.011099541087580045,0.011347958585505281,0.05673979292751351
method2,862,5.0,641.2317,4.14204171092983,1.57004831540635,172.40000000000003,0.20000000000004547,0.0023172269484703634,0.011110078772510024,0.011349158165348438,0.05674579082672929
method2,863,5.0,641.4317,4.14431468829252,1.58116875581374,172.59999999999997,0.1999999999999318,0.002272977362689943,0.011120440407389909,0.011350357745270021,0.05675178872636946
method2,864,5.0,641.6317,4.14654337024881,1.5922993816024,172.8,0.20000000000004547,0.0022286819562893356,0.011130625788660087,0.011351557325295709,0.05675778662646564
method2,865,5.0,641.8317,4.14872771168018,1.6034400163179,172.99999999999994,0.1999999999999318,0.0021843414313700293,0.011140634715499864,0.011352756905395289,0.056763784526995806
method2,866,5.0,642.0317,4.1508676681711,1.61459048330784,173.2,0.20000000000004547,0.0021399564909199142,0.011150466989940044,0.011353956485594476,0.05676978242795947
method2,867,5.0,642.2317,4.15296319600989,1.62575060572461,173.40000000000003,0.20000000000004547,0.00209552783879019,0.011160122416770113,0.011355156065877715,0.056775780329375664
method2,868,5.0,642.4317,4.15501425218954,1.63692020652822,173.59999999999997,0.1999999999999318,0.002051056179650068,0.011169600803609958,0.01135635564624871,0.05678177823126291
method2,869,5.0,642.6317,4.1570207944086,1.6480991084891,173.8,0.20000000000004547,0.002006542219060492,0.011178901960879895,0.011357555226713034,0.05678777613355226
method2,870,5.0,642.8317,4.15898278107198,1.6592871341909,173.99999999999994,0.1999999999999318,0.0019619866633799887,0.011188025701799997,0.011358754807258507,0.0567937740363119
method2,871,5.0,643.0317,4.16090017129176,1.67048410603333,174.2,0.20000000000004547,0.0019173902197797688,0.01119697184243007,0.011359954387896061,0.05679977193946739
method2,872,5.0,643.2317,4.162772924888,1.68168984623497,174.40000000000003,0.20000000000004547,0.0018727535962401731,0.011205740201640113,0.011361153968628536,0.05680576984312976
method2,873,5.0,643.4317,4.16460100238956,1.69290417683607,174.59999999999997,0.1999999999999318,0.0018280775015595552,0.011214330601099887,0.011362353549440079,0.05681176774721977
method2,874,5.0,643.6317,4.16638436503486,1.7041269197014,174.8,0.20000000000004547,0.0017833626453001017,0.011222742865329982,0.011363553130335899,0.056817765651666574
method2,875,5.0,643.8317,4.16812297477265,1.71535789652309,174.99999999999994,0.1999999999999318,0.0017386097377896093,0.011230976821690053,0.011364752711329713,0.05682376355666795
method2,876,5.0,644.0317,4.1698167942628,1.72659692882344,175.2,0.20000000000004547,0.0016938194901507941,0.01123903230034995,0.011365952292418097,0.05682976146207756
method2,877,5.0,644.2317,4.17146578687698,1.73784383795774,175.40000000000003,0.20000000000004547,0.0016489926141796118,0.011246909134299932,0.011367151873570536,0.05683575936783976
method2,878,5.0,644.4317,4.17306991669951,1.74909844511717,175.59999999999997,0.1999999999999318,0.0016041298225299983,0.011254607159430163,0.011368351454834022,0.0568417572741895
method2,879,5.0,644.6317,4.17462914852798,1.76036057133159,175.8,0.20000000000004547,0.0015592318284696205,0.01126212621441991,0.011369551036185942,0.05684775518091678
method2,880,5.0,644.8317,4.17614344787402,1.77163003747238,175.99999999999994,0.1999999999999318,0.0015142993460406373,0.011269466140789941,0.011370750617607882,0.0568537530880588
method2,881,5.0,645.0317,4.17761278096401,1.78290666425534,176.2,0.20000000000004547,0.001469333089989533,0.011276626782960042,0.011371950199130752,0.056859750995640834
method2,882,5.0,645.2317,4.17903711473973,1.7941902722435,176.40000000000003,0.20000000000004547,0.0014243337757200436,0.011283607988159972,0.011373149780739038,0.05686574890368226
method2,883,5.0,645.4317,4.18041641685909,1.80548068184999,176.59999999999997,0.1999999999999318,0.001379302119359771,0.011290409606490082,0.011374349362438007,0.05687174681220943
method2,884,5.0,645.6317,4.18175065569678,1.81677771334089,176.8,0.20000000000004547,0.001334238837690016,0.0112970314909,0.011375548944221844,0.05687774472109629
method2,885,5.0,645.8317,4.18303980034491,1.8280811868381,176.99999999999994,0.1999999999999318,0.00128914464813068,0.011303473497209948,0.011376748526091789,0.056883742630478344
method2,886,5.0,646.0317,4.1842838206137,1.83939092232221,177.2,0.20000000000004547,0.0012440202687900026,0.011309735484110073,0.01137794810805968,0.05688974054028546
method2,887,5.0,646.2317,4.18548268703207,1.85070673963534,177.40000000000003,0.20000000000004547,0.0011988664183695263,0.011315817313130028,0.011379147690105241,0.05689573845051327
method2,888,5.0,646.4317,4.18663637084831,1.86202845848403,177.59999999999997,0.1999999999999318,0.0011536838162404806,0.011321718848690043,0.01138034727223377,0.056901736361188254
method2,889,5.0,646.6317,4.18774484403064,1.87335589844214,177.8,0.20000000000004547,0.0011084731823300942,0.011327439958109808,0.011381546854471396,0.05690773427234404
method2,890,5.0,646.8317,4.18880807926787,1.88468887895365,177.99999999999994,0.1999999999999318,0.0010632352372299536,0.011332980511510105,0.011382746436776815,0.056913732183903484
method2,891,5.0,647.0317,4.18982604996995,1.89602721933561,178.2,0.20000000000004547,0.0010179707020796513,0.011338340381960021,0.011383946019174453,0.05691973009585932
method2,892,5.0,647.2317,4.19079873026854,1.907370738781,178.40000000000003,0.20000000000004547,0.0009726802985898786,0.011343519445389916,0.011385145601669047,0.056925728008332295
method2,893,5.0,647.4317,4.19172609501764,1.91871925636158,178.59999999999997,0.1999999999999318,0.0009273647491001569,0.011348517580580086,0.011386345184237517,0.056931725921207
method2,894,5.0,647.6317,4.19260811979407,1.93007259103084,178.8,0.20000000000004547,0.0008820247764296241,0.011353334669260029,0.01138754476691343,0.056937723834554206
method2,895,5.0,647.8317,4.19344478089806,1.94143056162681,178.99999999999994,0.1999999999999318,0.0008366611039907212,0.01135797059596988,0.011388744349657138,0.05694372174830511
method2,896,5.0,648.0317,4.19423605535376,1.95279298687502,179.2,0.20000000000004547,0.0007912744556994866,0.011362425248210073,0.01138994393249608,0.05694971966246745
method2,897,5.0,648.2317,4.19498192090979,1.96415968539136,179.40000000000003,0.20000000000004547,0.0007458655560297345,0.01136669851634009,0.01139114351542634,0.05695571757711875
method2,898,5.0,648.4317,4.19568235603971,1.97553047568497,179.59999999999997,0.1999999999999318,0.0007004351299206846,0.01137079029360999,0.011392343098435991,0.05696171549219938
method2,899,5.0,648.6317,4.19633733994254,1.98690517616116,179.8,0.20000000000004547,0.0006549839028293647,0.011374700476189936,0.011393542681536816,0.05696771340767113
method2,900,5.0,648.8317,4.19694685254327,1.9982836051243,179.99999999999994,0.1999999999999318,0.0006095126007306106,0.011378428963140008,0.011394742264732133,0.0569737113236801
method2,901,5.0,649.0317,4.19751087449328,2.00966558078071,180.2,0.20000000000004547,0.0005640219500095967,0.011381975656409749,0.011395941848008736,0.05697970924003072
method2,902,5.0,649.2317,4.19802938717084,2.02105092124158,180.40000000000003,0.20000000000004547,0.0005185126775604232,0.011385340460870363,0.01139714143137316,0.05698570715685285
method2,903,5.0,649.4317,4.19850237268156,2.03243944452588,180.59999999999997,0.1999999999999318,0.00047298551071950357,0.011388523284300067,0.011398341014831736,0.05699170507417812
method2,904,5.0,649.6317,4.19892981385882,2.04383096856324,180.8,0.20000000000004547,0.0004274411772602349,0.01139152403735988,0.011399540598364722,0.05699770299181065
method2,905,5.0,649.8317,4.19931169426421,2.05522531119691,180.99999999999994,0.1999999999999318,0.0003818804053903335,0.011394342633670007,0.01140074018200095,0.05700370091002419
method2,906,5.0,650.0317,4.19964799818792,2.06662229018661,181.2,0.20000000000004547,0.0003363039237092025,0.011396978989699935,0.011401939765704954,0.057009698828511805
method2,907,5.0,650.2317,4.19993871064918,2.07802172321152,181.40000000000003,0.20000000000004547,0.000290712461260334,0.011399433024910088,0.011403139349518747,0.05701569674758077
method2,908,5.0,650.4317,4.20018381739664,2.08942342787311,181.59999999999997,0.1999999999999318,0.0002451067474602553,0.01140170466158974,0.011404338933395822,0.05702169466699856
method2,909,5.0,650.6317,4.20038330490872,2.10082722169815,181.8,0.20000000000004547,0.0001994875120798767,0.011403793825039976,0.011405538517382496,0.05702769258689951
method2,910,5.0,650.8317,4.20053716039405,2.11223292214155,181.99999999999994,0.1999999999999318,0.0001538554853297569,0.011405700443400058,0.011406738101444354,0.057033690507241226
method2,911,5.0,651.0317,4.20064537179176,2.12364034658934,182.2,0.20000000000004547,0.00010821139771000077,0.011407424447789971,0.011407937685604294,0.0570396884280085
method2,912,5.0,651.2317,4.20070792777185,2.13504931236154,182.40000000000003,0.20000000000004547,6.255598009019536e-05,0.011408965772200297,0.011409137269832587,0.057045686349149964
method2,913,5.0,651.4317,4.20072481773555,2.14645963671515,182.59999999999997,0.1999999999999318,1.688996369964002e-05,0.01141032435360989,0.011410336854162402,0.05705168427083147
method2,914,5.0,651.6317,4.2006960318156,2.15787113684703,182.8,0.20000000000004547,-2.8785919949925187e-05,0.011411500131879748,0.011411536438581742,0.05705768219289574
method2,915,5.0,651.8317,4.2006215608766,2.16928362989683,182.99999999999994,0.1999999999999318,-7.447093899948243e-05,0.011412493049800077,0.01141273602307924,0.05706368011541566
method2,916,5.0,652.0317,4.20050139651527,2.18069693294994,183.2,0.20000000000004547,-0.00012016436132977759,0.01141330305311028,0.01141393560766269,0.05706967803830047
method2,917,5.0,652.2317,4.20033553106078,2.19211086304042,183.40000000000003,0.20000000000004547,-0.00016586545449026602,0.011413930090479862,0.01141513519233806,0.05707567596167732
method2,918,5.0,652.4317,4.200123957575,2.20352523715393,183.59999999999997,0.1999999999999318,-0.00021157348577993673,0.011414374113509762,0.011416334777109809,0.057081673885568514
method2,919,5.0,652.6317,4.19986666985278,2.21493987223064,183.8,0.20000000000004547,-0.0002572877222206671,0.011414635076710145,0.011417534361956925,0.057087671809771645
method2,920,5.0,652.8317,4.19956366242218,2.22635458516819,183.99999999999994,0.1999999999999318,-0.00030300743059985535,0.011414712937550142,0.01141873394688191,0.057093669734429024
method2,921,5.0,653.0317,4.19921493054472,2.23776919282466,184.2,0.20000000000004547,-0.00034873187745976253,0.011414607656469844,0.011419933531921129,0.05709966765959266
method2,922,5.0,653.2317,4.19882047021564,2.24918351202142,184.40000000000003,0.20000000000004547,-0.0003944603290797488,0.011414319196759948,0.011421133117022161,0.057105665585097824
method2,923,5.0,653.4317,4.19838027816407,2.26059735954616,184.59999999999997,0.1999999999999318,-0.0004401920515704205,0.011413847524740284,0.011422332702223556,0.05711166351113726
method2,924,5.0,653.6317,4.19789435185326,2.27201055215578,184.8,0.20000000000004547,-0.0004859263108096812,0.011413192609619927,0.011423532287511601,0.05711766143754502
method2,925,5.0,653.8317,4.19736268948078,2.28342290657934,184.99999999999994,0.1999999999999318,-0.0005316623724800351,0.011412354423559812,0.011424731872882456,0.05712365936443176
method2,926,5.0,654.0317,4.19678528997868,2.294834239521,185.2,0.20000000000004547,-0.0005773995020996736,0.011411332941660302,0.011425931458329623,0.057129657291635126
method2,927,5.0,654.2317,4.19616215301369,2.30624436766301,185.40000000000003,0.20000000000004547,-0.0006231369649905005,0.011410128142010034,0.011427131043889666,0.05713565521943534
method2,928,5.0,654.4317,4.19549327898734,2.31765310766857,185.59999999999997,0.1999999999999318,-0.0006688740263500748,0.011408740005559803,0.011428330629518315,0.05714165314761106
method2,929,5.0,654.6317,4.19477866903614,2.32906027618484,185.8,0.20000000000004547,-0.0007146099512000958,0.011407168516269994,0.011429530215233501,0.057147651076154514
method2,930,5.0,654.8317,4.19401832503171,2.34046568984587,185.99999999999994,0.1999999999999318,-0.0007603440044299248,0.011405413661029762,0.011430729801035315,0.05715364900519607
method2,931,5.0,655.0317,4.1932122495809,2.35186916527556,186.2,0.20000000000004547,-0.0008060754508099066,0.011403475429690335,0.011431929386938565,0.05715964693467983
method2,932,5.0,655.2317,4.19236044602586,2.36327051909056,186.40000000000003,0.20000000000004547,-0.0008518035550402203,0.011401353814999737,0.011433128972909745,0.05716564486453573
method2,933,5.0,655.4317,4.19146291844423,2.37466956790329,186.59999999999997,0.1999999999999318,-0.0008975275816300865,0.01139904881273024,0.011434328558983839,0.05717164279493869
method2,934,5.0,655.6317,4.19051967164914,2.38606612832482,186.8,0.20000000000004547,-0.000943246795089614,0.011396560421530033,0.011435528145128743,0.05717764072563071
method2,935,5.0,655.8317,4.18953071118933,2.39746001696789,186.99999999999994,0.1999999999999318,-0.0009889604598098956,0.011393888643069783,0.011436727731381121,0.057183638656925107
method2,936,5.0,656.0317,4.1884960433492,2.40885105044978,187.2,0.20000000000004547,-0.0010346678401305098,0.0113910334818903,0.011437927317698176,0.05718963658847787
method2,937,5.0,656.2317,4.18741567514888,2.42023904539534,187.40000000000003,0.20000000000004547,-0.001080368200319981,0.011387994945559754,0.011439126904111046,0.05719563452054222
method2,938,5.0,656.4317,4.18628961434423,2.43162381843989,187.59999999999997,0.1999999999999318,-0.001126060804649498,0.011384773044550212,0.01144032649060703,0.05720163245305466
method2,939,5.0,656.6317,4.18511786942693,2.44300518623221,187.8,0.20000000000004547,-0.0011717449172996552,0.011381367792319796,0.011441526077201064,0.05720763038599231
method2,940,5.0,656.8317,4.18390044962443,2.45438296543744,187.99999999999994,0.1999999999999318,-0.0012174198025007854,0.011377779205230087,0.011442725663865548,0.05721362831934725
method2,941,5.0,657.0317,4.1826373649,2.4657569727401,188.2,0.20000000000004547,-0.0012630847244299304,0.011374007302659805,0.011443925250631743,0.05721962625314571
method2,942,5.0,657.2317,4.18132862595271,2.47712702484698,188.40000000000003,0.20000000000004547,-0.0013087389472898892,0.011370052106880024,0.011445124837472082,0.0572256241873474
method2,943,5.0,657.4317,4.17997424421741,2.48849293849014,188.59999999999997,0.1999999999999318,-0.001354381735299448,0.011365913643160308,0.01144632442440325,0.057231622122035766
method2,944,5.0,657.6317,4.17857423186469,2.49985453042984,188.8,0.20000000000004547,-0.0014000123527200259,0.011361591939699878,0.011447524011419321,0.05723762005708359
method2,945,5.0,657.8317,4.17712860180087,2.51121161745751,188.99999999999994,0.1999999999999318,-0.001445630063820147,0.011357087027669799,0.011448723598527753,0.057243617992658286
method2,946,5.0,658.0317,4.17563736766789,2.52256401639868,189.2,0.20000000000004547,-0.0014912341329802459,0.01135239894117035,0.011449923185718365,0.05724961592857881
method2,947,5.0,658.2317,4.17410054384329,2.53391154411596,189.40000000000003,0.20000000000004547,-0.0015368238246002974,0.01134752771727987,0.011451122772998899,0.05725561386498147
method2,948,5.0,658.4317,4.17251814544012,2.54525401751197,189.59999999999997,0.1999999999999318,-0.0015823984031699823,0.011342473396009911,0.011452322360357637,0.057261611801807714
method2,949,5.0,658.6317,4.17089018830685,2.55659125353233,189.8,0.20000000000004547,-0.0016279571332695753,0.011337236020359853,0.011453521947816236,0.05726760973906816
method2,950,5.0,658.8317,4.16921668902725,2.56792306916856,189.99999999999994,0.1999999999999318,-0.0016734992796001436,0.011331815636230314,0.011454721535346725,0.05727360767675316
method2,951,5.0,659.0317,4.16749766492031,2.57924928146109,190.2,0.20000000000004547,-0.0017190241069400258,0.011326212292529725,0.01145592112296922,0.05727960561483308
method2,952,5.0,659.2317,4.16573313404007,2.59056970750217,190.40000000000003,0.20000000000004547,-0.0017645308802398674,0.01132042604108019,0.01145712071067101,0.05728560355334202
method2,953,5.0,659.4317,4.16392311517553,2.60188416443887,190.59999999999997,0.1999999999999318,-0.0018100188645400195,0.011314456936700079,0.011458320298474437,0.05729160149239172
method2,954,5.0,659.6317,4.16206762785047,2.61319246947598,190.8,0.20000000000004547,-0.0018554873250602455,0.01130830503710989,0.011459519886355804,0.057297599431765996
method2,955,5.0,659.8317,4.1601666923233,2.624494439879,190.99999999999994,0.1999999999999318,-0.0019009355271695227,0.011301970403020167,0.01146071947432617,0.057303597371650396
method2,956,5.0,660.0317,4.15822032958687,2.63578989297706,191.2,0.20000000000004547,-0.0019463627364304514,0.011295453098059571,0.011461919062365978,0.05730959531181686
method2,957,5.0,660.2317,4.15622856136832,2.64707864616593,191.40000000000003,0.20000000000004547,-0.0019917682185495167,0.011288753188870349,0.01146311865050931,0.05731559325253351
method2,958,5.0,660.4317,4.15419141012883,2.65836051691092,191.59999999999997,0.1999999999999318,-0.002037151239489887,0.011281870744989764,0.011464318238744556,0.05732159119374233
method2,959,5.0,660.6317,4.15210889906347,2.66963532274983,191.8,0.20000000000004547,-0.002082511065360393,0.011274805838910051,0.011465517827052935,0.057327589135251635
method2,960,5.0,660.8317,4.14998105210095,2.68090288129593,191.99999999999994,0.1999999999999318,-0.00212784696252033,0.011267558546100176,0.011466717415446415,0.05733358707725163
method2,961,5.0,661.0317,4.14780789390337,2.69216301024089,192.2,0.20000000000004547,-0.002173158197579461,0.01126012894496009,0.01146791700392163,0.05733958501959511
method2,962,5.0,661.2317,4.145589449866,2.70341552735776,192.40000000000003,0.20000000000004547,-0.0022184440373704817,0.011252517116869587,0.01146911659250126,0.05734558296249326
method2,963,5.0,661.4317,4.14332574611704,2.71466025050387,192.59999999999997,0.1999999999999318,-0.002263703748959678,0.011244723146110136,0.011470316181157306,0.05735158090580609
method2,964,5.0,661.6317,4.14101680951729,2.7258969976238,192.8,0.20000000000004547,-0.0023089365997499556,0.011236747119930168,0.011471515769893874,0.05735757884945633
method2,965,5.0,661.8317,4.13866266765995,2.73712558675235,192.99999999999994,0.1999999999999318,-0.002354141857340508,0.01122858912854996,0.011472715358722754,0.05736357679363334
method2,966,5.0,662.0317,4.13626334887027,2.74834583601746,193.2,0.20000000000004547,-0.002399318789679583,0.011220249265110116,0.011473914947641611,0.05736957473819501
method2,967,5.0,662.2317,4.13381888220526,2.75955756364314,193.40000000000003,0.20000000000004547,-0.002444466665010303,0.011211727625680012,0.011475114536630252,0.05737557268313821
method2,968,5.0,662.4317,4.13132929745338,2.77076058795247,193.59999999999997,0.1999999999999318,-0.0024895847518795478,0.011203024309329734,0.011476314125721034,0.05738157062862474
method2,969,5.0,662.6317,4.12879462513422,2.78195472737048,193.8,0.20000000000004547,-0.0025346723191601583,0.011194139418010174,0.01147751371488468,0.057387568574410346
method2,970,5.0,662.8317,4.12621489649814,2.79313980042714,193.99999999999994,0.1999999999999318,-0.0025797286360802474,0.011185073056660055,0.011478713304139762,0.057393566520718385
method2,971,5.0,663.0317,4.12359014352595,2.80431562576029,194.2,0.20000000000004547,-0.002624752972189448,0.01117582533314998,0.011479912893488967,0.05739956446743178
method2,972,5.0,663.2317,4.1209203989285,2.81548202211854,194.40000000000003,0.20000000000004547,-0.0026697445974503964,0.011166396358250008,0.011481112482906638,0.05740556241452014
method2,973,5.0,663.4317,4.11820569614635,2.82663880836428,194.59999999999997,0.1999999999999318,-0.0027147027821499137,0.011156786245739791,0.011482312072424311,0.05741156036214114
method2,974,5.0,663.6317,4.11544606934937,2.83778580347656,194.8,0.20000000000004547,-0.0027596267969798305,0.011146995112280234,0.01148351166202258,0.05741755831009984
method2,975,5.0,663.8317,4.11264155343632,2.84892282655405,194.99999999999994,0.1999999999999318,-0.0028045159130503095,0.011137023077489872,0.011484711251707393,0.057423556258556545
method2,976,5.0,664.0317,4.10979218403448,2.86004969681798,195.2,0.20000000000004547,-0.0028493694018401072,0.011126870263929778,0.011485910841481723,0.05742955420739556
method2,977,5.0,664.2317,4.1068979974992,2.87116623361504,195.40000000000003,0.20000000000004547,-0.0028941865352800633,0.01111653679706004,0.011487110431321983,0.057435552156596854
method2,978,5.0,664.4317,4.10395903091345,2.88227225642038,195.59999999999997,0.1999999999999318,-0.0029389665857495473,0.011106022805340121,0.011488310021273243,0.05744155010638581
method2,979,5.0,664.6317,4.10097532208742,2.89336758484047,195.8,0.20000000000004547,-0.0029837088260302735,0.011095328420089867,0.011489509611301296,0.05744754805649342
method2,980,5.0,664.8317,4.09794690955803,2.90445203861606,195.99999999999994,0.1999999999999318,-0.00302841252938979,0.011084453775590308,0.011490709201409776,0.05745354600706847
method2,981,5.0,665.0317,4.09487383258846,2.91552543762511,196.2,0.20000000000004547,-0.0030730769695699323,0.011073399009049911,0.011491908791603278,0.057459543958003324
method2,982,5.0,665.2317,4.0917561311677,2.92658760188572,196.40000000000003,0.20000000000004547,-0.003117701420760177,0.011062164260609908,0.011493108381883691,0.05746554190940539
method2,983,5.0,665.4317,4.08859384601001,2.93763835155905,196.59999999999997,0.1999999999999318,-0.0031622851576900146,0.011050749673330085,0.011494307972259641,0.05747153986131781
method2,984,5.0,665.6317,4.08538701855446,2.94867750695222,196.8,0.20000000000004547,-0.003206827455549899,0.01103915539317013,0.01149550756270578,0.05747753781351583
method2,985,5.0,665.8317,4.08213569096437,2.95970488852127,196.99999999999994,0.1999999999999318,-0.0032513275900898364,0.011027381569049588,0.011496707153245835,0.057483535766248775
method2,986,5.0,666.0317,4.07883990612683,2.97072031687405,197.2,0.20000000000004547,-0.0032957848375403387,0.011015428352780354,0.011497906743864212,0.05748953371930799
method2,987,5.0,666.2317,4.07549970765213,2.98172361277317,197.40000000000003,0.20000000000004547,-0.003340198474699463,0.01100329589911997,0.011499106334579873,0.05749553167288629
method2,988,5.0,666.4317,4.07211513987319,2.99271459713887,197.59999999999997,0.1999999999999318,-0.0033845677789408057,0.010990984365699674,0.011500305925378637,0.057501529626912795
method2,989,5.0,666.6317,4.06868624784506,3.00369309105195,197.8,0.20000000000004547,-0.003428892028130015,0.010978493913080367,0.011501505516240743,0.05750752758119064
method2,990,5.0,666.8317,4.06521307734426,3.01465891575674,197.99999999999994,0.1999999999999318,-0.0034731705007997604,0.010965824704789906,0.011502705107226138,0.05751352553615031
method2,991,5.0,667.0317,4.06169567486828,3.02561189266389,198.2,0.20000000000004547,-0.0035174024759800915,0.010952976907149914,0.011503904698257465,0.057519523491274246
method2,992,5.0,667.2317,4.0581340876349,3.03655184335341,198.40000000000003,0.20000000000004547,-0.003561587233379626,0.010939950689520028,0.011505104289405745,0.05752552144701564
method2,993,5.0,667.4317,4.05452836358165,3.04747858957746,198.59999999999997,0.1999999999999318,-0.0036057240532505475,0.010926746224050099,0.01150630388061182,0.057531519403078726
method2,994,5.0,667.6317,4.05087855136514,3.05839195326336,198.8,0.20000000000004547,-0.003649812216509396,0.010913363685900013,0.011507503471930927,0.057537517359641556
method2,995,5.0,667.8317,4.04718470036044,3.06929175651638,198.99999999999994,0.1999999999999318,-0.0036938510046997663,0.010899803253019869,0.011508703063311,0.057543515316574624
method2,996,5.0,668.0317,4.04344686066044,3.08017782162273,199.2,0.20000000000004547,-0.0037378397000003005,0.010886065106349818,0.011509902654783202,0.057549513273902925
method2,997,5.0,668.2317,4.03966508307519,3.09104997105243,199.40000000000003,0.20000000000004547,-0.0037817775852504454,0.010872149429700162,0.011511102246354701,0.05755551123176042
method2,998,5.0,668.4317,4.03583941913123,3.10190802746216,199.59999999999997,0.1999999999999318,-0.0038256639439593343,0.010858056409730032,0.011512301837990086,0.057561509189970064
method2,999,5.0,668.6317,4.0319699210709,3.11275181369822,199.8,0.20000000000004547,-0.003869498060330656,0.010843786236060193,0.011513501429724635,0.057567507148610086
method2,1000,5.0,668.8317,4.02805664185169,3.12358115279938,199.99999999999994,0.1999999999999318,-0.003913279219209365,0.010829339101159796,0.01151470102153783,0.05757350510770878
method2,1001,5.0,669.0317,4.02409963514545,3.13439586799976,200.2,0.20000000000004547,-0.003957006706240662,0.010814715200380132,0.011515900613437345,0.05757950306717363
method2,1002,5.0,669.2317,4.02009895533777,3.14519578273175,200.40000000000003,0.20000000000004547,-0.00400067980767993,0.010799914731989713,0.01151710020542612,0.05758550102711751
method2,1003,5.0,669.4317,4.0160546575272,3.15598072062884,200.59999999999997,0.1999999999999318,-0.004044297810569475,0.010784937897090341,0.011518299797481939,0.05759149898742934
method2,1004,5.0,669.6317,4.0119667975245,3.16675050552857,200.8,0.20000000000004547,-0.004087860002700339,0.010769784899729906,0.011519499389649166,0.05759749694823273
method2,1005,5.0,669.8317,4.00783543185193,3.17750496147533,200.99999999999994,0.1999999999999318,-0.004131365672569665,0.010754455946759833,0.011520698981888422,0.05760349490946176
method2,1006,5.0,670.0317,4.00366061774247,3.18824391272327,201.2,0.20000000000004547,-0.004174814109460634,0.010738951247939887,0.011521898574201269,0.05760949287099325
method2,1007,5.0,670.2317,3.99944241313903,3.1989671837392,201.40000000000003,0.20000000000004547,-0.004218204603439801,0.01072327101593018,0.01152309816662034,0.057615490833088596
method2,1008,5.0,670.4317,3.9951808766937,3.20967459920539,201.59999999999997,0.1999999999999318,-0.004261536445330005,0.010707415466189918,0.011524297759103543,0.05762148879553737
method2,1009,5.0,670.6317,3.9908760677669,3.2203659840225,201.8,0.20000000000004547,-0.00430480892679963,0.010691384817110183,0.011525497351688903,0.057627486758431413
method2,1010,5.0,670.8317,3.98652804642662,3.2310411633124,201.99999999999994,0.1999999999999318,-0.004348021340280006,0.010675179289899805,0.011526696944356438,0.057633484721801846
method2,1011,5.0,671.0317,3.98213687344761,3.24169996242104,202.2,0.20000000000004547,-0.0043911729790102605,0.010658799108639982,0.011527896537093588,0.05763948268545483
method2,1012,5.0,671.2317,3.97770261031047,3.25234220692132,202.40000000000003,0.20000000000004547,-0.004434263137139904,0.010642244500280285,0.011529096129928999,0.05764548064963189
method2,1013,5.0,671.4317,3.97322531920089,3.26296772261592,202.59999999999997,0.1999999999999318,-0.004477291109580062,0.010625515694600018,0.011530295722838854,0.057651478614213936
method2,1014,5.0,671.6317,3.96870506300875,3.27357633554018,202.8,0.20000000000004547,-0.004520256192139804,0.010608612924259742,0.011531495315844735,0.05765747657921057
method2,1015,5.0,671.8317,3.96414190532729,3.28416787196492,202.99999999999994,0.1999999999999318,-0.004563157681459984,0.010591536424739978,0.011532694908930044,0.057663474544669885
method2,1016,5.0,672.0317,3.95953591045218,3.29474215839929,203.2,0.20000000000004547,-0.004605994875110042,0.010574286434370084,0.011533894502103058,0.05766947251050218
method2,1017,5.0,672.2317,3.95488714338067,3.3052990215936,203.40000000000003,0.20000000000004547,-0.004648767071510296,0.01055686319431004,0.011535094095348176,0.05767547047672777
method2,1018,5.0,672.4317,3.95019566981068,3.31583828854221,203.59999999999997,0.1999999999999318,-0.004691473569989668,0.01053926694860996,0.011536293688701493,0.05768146844352714
method2,1019,5.0,672.6317,3.9454615561399,3.32635978648627,203.8,0.20000000000004547,-0.00473411367078036,0.010521497944059988,0.011537493282109769,0.05768746641053573
method2,1020,5.0,672.8317,3.94068486946484,3.33686334291665,203.99999999999994,0.1999999999999318,-0.004776686675059594,0.010503556430379923,0.011538692875619289,0.05769346437811612
method2,1021,5.0,673.0317,3.9358656775799,3.3473487855767,204.2,0.20000000000004547,-0.004819191884940288,0.010485442660050026,0.011539892469216136,0.05769946234606756
method2,1022,5.0,673.2317,3.93100404897644,3.35781594246509,204.40000000000003,0.20000000000004547,-0.004861628603459955,0.010467156888390061,0.01154109206289212,0.057705460314447475
method2,1023,5.0,673.4317,3.92610005284181,3.36826464183864,204.59999999999997,0.1999999999999318,-0.004903996134629995,0.010448699373549974,0.011542291656655084,0.0577114582832951
method2,1024,5.0,673.6317,3.92115375905841,3.37869471221513,204.8,0.20000000000004547,-0.0049462937834001686,0.010430070376489908,0.011543491250494172,0.057717456252457736
method2,1025,5.0,673.8317,3.91616523820263,3.3891059823761,204.99999999999994,0.1999999999999318,-0.004988520855779832,0.010411270160969988,0.01154469084442084,0.05772345422212389
method2,1026,5.0,674.0317,3.91113456154397,3.3994982813697,205.2,0.20000000000004547,-0.005030676658659861,0.010392298993600058,0.011545890438435916,0.05772945219216645
method2,1027,5.0,674.2317,3.90606180104393,3.40987143851344,205.40000000000003,0.20000000000004547,-0.005072760500040019,0.010373157143740208,0.011547090032536109,0.057735450162667415
method2,1028,5.0,674.4317,3.90094702935506,3.42022528339703,205.59999999999997,0.1999999999999318,-0.005114771688869979,0.010353844883590035,0.011548289626724358,0.05774144813364148
method2,1029,5.0,674.6317,3.89579031981993,3.43055964588515,205.8,0.20000000000004547,-0.005156709535130144,0.010334362488119808,0.01154948922098116,0.05774744610489267
method2,1030,5.0,674.8317,3.89059174647007,3.44087435612028,205.99999999999994,0.1999999999999318,-0.0051985733498600695,0.010314710235129976,0.011550688815329172,0.05775344407666556
method2,1031,5.0,675.0317,3.8853513840249,3.45116924452545,206.2,0.20000000000004547,-0.00524036244517001,0.0102948884051699,0.011551888409764434,0.057759442048809034
method2,1032,5.0,675.2317,3.88006930789075,3.46144414180707,206.40000000000003,0.20000000000004547,-0.005282076134149882,0.01027489728162001,0.011553088004286907,0.0577654400214214
method2,1033,5.0,675.4317,3.87474559415971,3.47169887895766,206.59999999999997,0.1999999999999318,-0.005323713731039792,0.01025473715059011,0.011554287598885297,0.05777143799444619
method2,1034,5.0,675.6317,3.86938031960856,3.48193328725866,206.8,0.20000000000004547,-0.005365274551150101,0.010234408301000197,0.011555487193571747,0.0577774359678456
method2,1035,5.0,675.8317,3.86397356169774,3.49214719828322,206.99999999999994,0.1999999999999318,-0.005406757910820126,0.01021391102456004,0.011556686788342286,0.05778343394173113
method2,1036,5.0,676.0317,3.85852539857014,3.50234044389892,207.2,0.20000000000004547,-0.00544816312759977,0.010193245615699897,0.011557886383198395,0.05778943191597884
method2,1037,5.0,676.2317,3.85303590905007,3.51251285627057,207.40000000000003,0.20000000000004547,-0.005489489520070112,0.010172412371650008,0.01155908597813243,0.05779542989064901
method2,1038,5.0,676.4317,3.84750517264211,3.52266426786298,207.59999999999997,0.1999999999999318,-0.005530736407960202,0.010151411592409953,0.011560285573153101,0.057801427865785224
method2,1039,5.0,676.6317,3.84193326952995,3.5327945114437,207.8,0.20000000000004547,-0.005571903112159937,0.010130243580719789,0.011561485168265022,0.05780742584131197
method2,1040,5.0,676.8317,3.83632028057524,3.54290342008574,207.99999999999994,0.1999999999999318,-0.005612988954709852,0.01010890864204006,0.011562684763445167,0.05781342381724555
method2,1041,5.0,677.0317,3.83066628731646,3.55299082717041,208.2,0.20000000000004547,-0.005653993258780243,0.01008740708466993,0.011563884358734376,0.05781942179365873
method2,1042,5.0,677.2317,3.82497137196774,3.56305656638995,208.40000000000003,0.20000000000004547,-0.00569491534872002,0.010065739219540237,0.011565083954078214,0.057825419770377924
method2,1043,5.0,677.4317,3.81923561741763,3.57310047175036,208.59999999999997,0.1999999999999318,-0.005735754550109995,0.010043905360409777,0.011566283549523406,0.057831417747636754
method2,1044,5.0,677.6317,3.81345910722799,3.5831223775741,208.8,0.20000000000004547,-0.005776510189639872,0.010021905823740074,0.011567483145046223,0.057837415725217965
method2,1045,5.0,677.8317,3.80764192563268,3.59312211850281,208.99999999999994,0.1999999999999318,-0.0058171815953098616,0.009999740928710033,0.01156868274066371,0.05784341370333827
method2,1046,5.0,678.0317,3.80178415753646,3.60309952950004,209.2,0.20000000000004547,-0.005857768096220184,0.009977410997230152,0.011569882336339649,0.057849411681685094
method2,1047,5.0,678.2317,3.79588588851364,3.61305444585401,209.40000000000003,0.20000000000004547,-0.005898269022819758,0.009954916353970056,0.011571081932131308,0.057855409660643384
method2,1048,5.0,678.4317,3.78994720480696,3.62298670318026,209.59999999999997,0.1999999999999318,-0.005938683706680159,0.009932257326249694,0.011572281527980085,0.05786140763992016
method2,1049,5.0,678.6317,3.78396819332624,3.63289613742442,209.8,0.20000000000004547,-0.005979011480719887,0.009909434244160131,0.011573481123927826,0.05786740561962597
method2,1050,5.0,678.8317,3.77794894164719,3.64278258486489,209.99999999999994,0.1999999999999318,-0.006019251679050264,0.009886447440469848,0.011574680719956045,0.057873403599799964
method2,1051,5.0,679.0317,3.77188953801009,3.65264588211553,210.2,0.20000000000004547,-0.006059403637099781,0.00986329725064028,0.011575880316061762,0.05787940158029565
method2,1052,5.0,679.2317,3.76579007131855,3.6624858661284,210.40000000000003,0.20000000000004547,-0.006099466691539934,0.009839984012869785,0.011577079912254993,0.0578853995612618
method2,1053,5.0,679.4317,3.75965063113816,3.67230237419641,210.59999999999997,0.1999999999999318,-0.006139440180390032,0.009816508068010155,0.011578279508540812,0.05789139754272381
method2,1054,5.0,679.6317,3.75347130769526,3.68209524395602,210.8,0.20000000000004547,-0.006179323442899953,0.009792869759610134,0.01157947910489326,0.05789739552445313
method2,1055,5.0,679.8317,3.74725219187556,3.69186431338995,210.99999999999994,0.1999999999999318,-0.006219115819700249,0.009769069433929634,0.011580678701344932,0.05790339350674441
method2,1056,5.0,680.0317,3.74099337522283,3.7016094208298,211.2,0.20000000000004547,-0.0062588166527297595,0.00974510743985002,0.011581878297871532,0.05790939148934449
method2,1057,5.0,680.2317,3.73469494993759,3.71133040495878,211.40000000000003,0.20000000000004547,-0.00629842528524005,0.009720984128980259,0.011583077894481987,0.057915389472396765
method2,1058,5.0,680.4317,3.72835700887574,3.72102710481435,211.59999999999997,0.1999999999999318,-0.006337941061850039,0.009696699855569868,0.01158427749117283,0.057921387455883905
method2,1059,5.0,680.6317,3.72197964554719,3.73069935979088,211.8,0.20000000000004547,-0.00637736332854999,0.009672254976530237,0.01158547708794714,0.05792738543972253
method2,1060,5.0,680.8317,3.7155629541145,3.74034700964233,211.99999999999994,0.1999999999999318,-0.006416691432689969,0.009647649851449724,0.011586676684819282,0.05793338342411617
method2,1061,5.0,681.0317,3.70910702939153,3.74996989448486,212.2,0.20000000000004547,-0.0064559247229700745,0.009622884842530155,0.011587876281754686,0.05793938140876025
method2,1062,5.0,681.2317,3.70261196684199,3.75956785479953,212.40000000000003,0.20000000000004547,-0.0064950625495399095,0.009597960314669862,0.011589075878792644,0.057945379393950044
method2,1063,5.0,681.4317,3.69607786257809,3.76914073143488,212.59999999999997,0.1999999999999318,-0.006534104263899998,0.009572876635350003,0.011590275475895563,0.05795137737949758
method2,1064,5.0,681.6317,3.68950481335908,3.77868836560962,212.8,0.20000000000004547,-0.006573049219010141,0.00954763417474025,0.011591475073095648,0.05795737536546506
method2,1065,5.0,681.8317,3.6828929165899,3.78821059891524,212.99999999999994,0.1999999999999318,-0.00661189676918017,0.009522233305619743,0.011592674670366156,0.05796337335185055
method2,1066,5.0,682.0317,3.67624227031965,3.79770727331863,213.2,0.20000000000004547,-0.006650646270249805,0.00949667440338997,0.011593874267732503,0.057969371338649336
method2,1067,5.0,682.2317,3.66955297324021,3.80717823116469,213.40000000000003,0.20000000000004547,-0.006689297079439882,0.009470957846060113,0.011595073865174407,0.05797536932585885
method2,1068,5.0,682.4317,3.66282512468478,3.81662331517898,213.59999999999997,0.1999999999999318,-0.0067278485554300715,0.009445084014290117,0.01159627346270349,0.05798136731353723
method2,1069,5.0,682.6317,3.65605882462639,3.82604236847029,213.8,0.20000000000004547,-0.006766300058389962,0.009419053291309876,0.01159747306031376,0.05798736530155561
method2,1070,5.0,682.8317,3.64925417367643,3.83543523453326,213.99999999999994,0.1999999999999318,-0.006804650949959967,0.009392866062969851,0.011598672658010564,0.0579933632900726
method2,1071,5.0,683.0317,3.64241127308319,3.84480175725097,214.2,0.20000000000004547,-0.00684290059324022,0.00936652271770999,0.011599872255776989,0.05799936127887176
method2,1072,5.0,683.2317,3.6355302247303,3.85414178089755,214.40000000000003,0.20000000000004547,-0.006881048352890051,0.009340023646580153,0.011601071853647288,0.05800535926822325
method2,1073,5.0,683.4317,3.6286111311353,3.86345515014073,214.59999999999997,0.1999999999999318,-0.006919093594999648,0.009313369243180158,0.011602271451581337,0.05801135725792647
method2,1074,5.0,683.6317,3.62165409544806,3.87274171004446,214.8,0.20000000000004547,-0.006957035687240154,0.009286559903729952,0.0116034710496083,0.05801735524802831
method2,1075,5.0,683.8317,3.61465922144929,3.88200130607147,214.99999999999994,0.1999999999999318,-0.006994873998769968,0.009259596027010097,0.011604670647721518,0.05802335323862738
method2,1076,5.0,684.0317,3.60762661354896,3.8912337840858,215.2,0.20000000000004547,-0.007032607900330223,0.009232478014329804,0.011605870245908761,0.05802935122953061
method2,1077,5.0,684.2317,3.60055637678478,3.90043899035542,215.40000000000003,0.20000000000004547,-0.007070236764179949,0.00920520626962018,0.01160706984418619,0.058035349220917756
method2,1078,5.0,684.4317,3.59344861682065,3.90961677155475,215.59999999999997,0.1999999999999318,-0.007107759964129823,0.009177781199329882,0.011608269442533622,0.0580413472126879
method2,1079,5.0,684.6317,3.58630343994504,3.91876697476723,215.8,0.20000000000004547,-0.007145176875610115,0.009150203212479724,0.01160946904097805,0.05804734520487705
method2,1080,5.0,684.8317,3.57912095306946,3.92788944748786,215.99999999999994,0.1999999999999318,-0.007182486875580096,0.00912247272063027,0.01161066863951098,0.0580533431975747
method2,1081,5.0,685.0317,3.57190126372683,3.93698403762569,216.2,0.20000000000004547,-0.0072196893426297315,0.009094590137829872,0.01161186823810853,0.058059341190529454
method2,1082,5.0,685.2317,3.56464448006991,3.94605059350644,216.40000000000003,0.20000000000004547,-0.007256783656920174,0.009066555880750116,0.011613067836799551,0.05806533918398455
method2,1083,5.0,685.4317,3.55735071086967,3.95508896387496,216.59999999999997,0.1999999999999318,-0.007293769200240163,0.009038370368519733,0.011614267435568528,0.05807133717786245
method2,1084,5.0,685.6317,3.55002006551365,3.96409899789776,216.8,0.20000000000004547,-0.007330645356019794,0.009010034022800095,0.011615467034422242,0.058077335172098
method2,1085,5.0,685.8317,3.54265265400437,3.97308054516555,216.99999999999994,0.1999999999999318,-0.007367411509279886,0.008981547267790102,0.011616666633359914,0.05808333316681938
method2,1086,5.0,686.0317,3.53524858695764,3.9820334556957,217.2,0.20000000000004547,-0.007404067046730134,0.008952910530150238,0.011617866232374605,0.05808933116185982
method2,1087,5.0,686.2317,3.52780797560094,3.9909575799348,217.40000000000003,0.20000000000004547,-0.007440611356699822,0.008924124239099829,0.01161906583148316,0.05809532915740259
method2,1088,5.0,686.4317,3.52033093177174,3.99985276876108,217.59999999999997,0.1999999999999318,-0.007477043829200003,0.00889518882627982,0.011620265430658252,0.05810132715331107
method2,1089,5.0,686.6317,3.51281756791583,4.00871887348699,217.8,0.20000000000004547,-0.007513363855910171,0.008866104725910429,0.011621465029939581,0.058107325149684697
method2,1090,5.0,686.8317,3.50526799708565,4.01755574586157,217.99999999999994,0.1999999999999318,-0.007549570830180041,0.008836872374579308,0.011622664629271048,0.05811332314637506
method2,1091,5.0,687.0317,3.49768233293855,4.02636323807304,218.2,0.20000000000004547,-0.007585664147100157,0.008807492211470702,0.011623864228720061,0.058119321143587095
method2,1092,5.0,687.2317,3.49006068973515,4.03514120275117,218.40000000000003,0.20000000000004547,-0.007621643203399753,0.008777964678129635,0.011625063828229983,0.058125319141136694
method2,1093,5.0,687.4317,3.48240318233758,4.0438894929698,218.59999999999997,0.1999999999999318,-0.007657507397570207,0.008748290218630217,0.011626263427826826,0.058131317139153954
method2,1094,5.0,687.6317,3.47470992620777,4.05260796224927,218.8,0.20000000000004547,-0.007693256129809978,0.00871846927946951,0.011627463027501415,0.05813731513749386
method2,1095,5.0,687.8317,3.4669810374057,4.06129646455888,218.99999999999994,0.1999999999999318,-0.0077288888020699,0.008688502309610158,0.01162866262726985,0.058143313136369085
method2,1096,5.0,688.0317,3.4592166325877,4.06995485431932,219.2,0.20000000000004547,-0.007764404817999893,0.008658389760440421,0.01162986222710654,0.05814931113551948
method2,1097,5.0,688.2317,3.45141682900463,4.07858298640512,219.40000000000003,0.20000000000004547,-0.007799803583070197,0.008628132085799933,0.011631061827042492,0.058155309135199236
method2,1098,5.0,688.4317,3.44358174450019,4.08718071614706,219.59999999999997,0.1999999999999318,-0.007835084504439926,0.00859772974193973,0.01163226142704632,0.05816130713525144
method2,1099,5.0,688.6317,3.43571149750907,4.09574789933459,219.8,0.20000000000004547,-0.007870246991120045,0.008567183187530247,0.011633461027137842,0.05816730513567598
method2,1100,5.0,688.8317,3.42780620705522,4.10428439221826,219.99999999999994,0.1999999999999318,-0.007905290453849911,0.0085364928836702,0.011634660627310214,0.05817330313657091
method2,1101,5.0,689.0317,3.41986599275003,4.11279005151213,220.2,0.20000000000004547,-0.007940214305190096,0.008505659293869705,0.011635860227578256,0.05817930113787805
method2,1102,5.0,689.2317,3.41189097479056,4.12126473439613,220.40000000000003,0.20000000000004547,-0.007975017959469977,0.008474682883999662,0.011637059827904363,0.05818529913950859
method2,1103,5.0,689.4317,3.40388127395767,4.12970829851851,220.59999999999997,0.1999999999999318,-0.008009700832889877,0.008443564122380565,0.011638259428331587,0.058191297141677784
method2,1104,5.0,689.6317,3.39583701161425,4.13812060199817,220.8,0.20000000000004547,-0.008044262343420261,0.008412303479659933,0.011639459028823797,0.05819729514410575
method2,1105,5.0,689.8317,3.38775830970334,4.14650150342709,220.99999999999994,0.1999999999999318,-0.008078701910909647,0.008380901428919785,0.01164065862941633,0.0582032931471015
method2,1106,5.0,690.0317,3.37964529074634,4.15485086187267,221.2,0.20000000000004547,-0.008113018957000229,0.008349358445579824,0.01164185823008596,0.058209291150416564
method2,1107,5.0,690.2317,3.37149807784111,4.16316853688008,221.40000000000003,0.20000000000004547,-0.008147212905230017,0.008317675007409875,0.011643057830829383,0.058215289154133674
method2,1108,5.0,690.4317,3.36331679466013,4.17145438847467,221.59999999999997,0.1999999999999318,-0.008181283180979992,0.008285851594590277,0.01164425743166821,0.058221287158360904
method2,1109,5.0,690.6317,3.35510156544864,4.17970827716427,221.8,0.20000000000004547,-0.008215229211490094,0.008253888689599975,0.011645457032578264,0.05822728516287808
method2,1110,5.0,690.8317,3.34685251502272,4.18793006394155,221.99999999999994,0.1999999999999318,-0.008249050425919613,0.008221786777280471,0.011646656633576374,0.05823328316790173
method2,1111,5.0,691.0317,3.33856976876744,4.19611961028636,222.2,0.20000000000004547,-0.008282746255280138,0.008189546344809173,0.011647856234652556,0.05823928117324954
method2,1112,5.0,691.2317,3.33025345263494,4.20427677816805,222.40000000000003,0.20000000000004547,-0.008316316132499946,0.008157167881690519,0.011649055835807564,0.05824527917902458
method2,1113,5.0,691.4317,3.32190369314252,4.21240143004781,222.59999999999997,0.1999999999999318,-0.008349759492420006,0.008124651879759526,0.011650255437051069,0.05825127718527521
method2,1114,5.0,691.6317,3.31352061737071,4.22049342888095,222.8,0.20000000000004547,-0.008383075771809967,0.008091998833140046,0.011651455038382422,0.05825727519189886
method2,1115,5.0,691.8317,3.30510435296138,4.22855263811922,222.99999999999994,0.1999999999999318,-0.008416264409329965,0.008059209238270526,0.011652654639779696,0.05826327319891835
method2,1116,5.0,692.0317,3.29665502811576,4.23657892171313,223.2,0.20000000000004547,-0.008449324845620332,0.008026283593910222,0.011653854241266682,0.05826927120632016
method2,1117,5.0,692.2317,3.28817277159249,4.24457214411421,223.40000000000003,0.20000000000004547,-0.008482256523269616,0.007993222401079692,0.011655053842847408,0.05827526921422379
method2,1118,5.0,692.4317,3.27965771270572,4.25253217027729,223.59999999999997,0.1999999999999318,-0.008515058886770177,0.007960026163079448,0.0116562534444852,0.05828126722244588
method2,1119,5.0,692.6317,3.27110998132307,4.26045886566282,223.8,0.20000000000004547,-0.008547731382650081,0.007926695385530813,0.01165745304622483,0.05828726523111089
method2,1120,5.0,692.8317,3.2625297078637,4.26835209623908,223.99999999999994,0.1999999999999318,-0.00858027345937007,0.007893230576259569,0.011658652648036538,0.05829326324020257
method2,1121,5.0,693.0317,3.25391702329631,4.27621172848449,224.2,0.20000000000004547,-0.008612684567389728,0.007859632245409642,0.011659852249940228,0.058299261249687886
method2,1122,5.0,693.2317,3.24527205913715,4.2840376293898,224.40000000000003,0.20000000000004547,-0.008644964159160384,0.007825900905310768,0.01166105185190905,0.058305259259532
method2,1123,5.0,693.4317,3.23659494744801,4.29182966646042,224.59999999999997,0.1999999999999318,-0.00867711168913976,0.007792037070619706,0.011662251453973954,0.05831125726988966
method2,1124,5.0,693.6317,3.22788582083422,4.29958770771858,224.8,0.20000000000004547,-0.008709126613790197,0.007758041258159487,0.011663451056112575,0.05831725528054962
method2,1125,5.0,693.8317,3.2191448124426,4.3073116217056,224.99999999999994,0.1999999999999318,-0.008741008391619953,0.007723913987020659,0.011664650658346515,0.05832325329175247
method2,1126,5.0,694.0317,3.21037205595947,4.31500127748407,225.2,0.20000000000004547,-0.008772756483129918,0.007689655778469806,0.011665850260639045,0.058329251303181964
method2,1127,5.0,694.2317,3.20156768560858,4.32265654464015,225.40000000000003,0.20000000000004547,-0.00880437035088999,0.007655267156080114,0.011667049863036913,0.058335249315171304
method2,1128,5.0,694.4317,3.19273183614907,4.33027729328565,225.59999999999997,0.1999999999999318,-0.00883584945950977,0.007620748645499553,0.011668249465494059,0.058341247327490194
method2,1129,5.0,694.6317,3.18386464287339,4.33786339406033,225.8,0.20000000000004547,-0.008867193275680307,0.007586100774680027,0.011669449068052484,0.058347245340249154
method2,1130,5.0,694.8317,3.17496624160529,4.34541471813405,225.99999999999994,0.1999999999999318,-0.008898401268099931,0.007551324073720167,0.011670648670681,0.058353243353424906
method2,1131,5.0,695.0317,3.16603676869768,4.35293113720894,226.2,0.20000000000004547,-0.008929472907610148,0.0075164190748902016,0.011671848273393418,0.05835924136695382
method2,1132,5.0,695.2317,3.15707636103057,4.36041252352158,226.40000000000003,0.20000000000004547,-0.008960407667109926,0.007481386312639948,0.01167304787618721,0.05836523938092278
method2,1133,5.0,695.4317,3.14808515600899,4.36785874984519,226.59999999999997,0.1999999999999318,-0.008991205021579685,0.007446226323610361,0.011674247479067233,0.058371237395356074
method2,1134,5.0,695.6317,3.13906329156088,4.37526968949175,226.8,0.20000000000004547,-0.00902186444811015,0.007410939646559811,0.011675447082018998,0.05837723541008172
method2,1135,5.0,695.8317,3.13001090613493,4.38264521631415,226.99999999999994,0.1999999999999318,-0.009052385425949883,0.007375526822399614,0.011676646685066993,0.058383233425354876
method2,1136,5.0,696.0317,3.12092813869856,4.38998520470835,227.2,0.20000000000004547,-0.009082767436370265,0.0073399883942002475,0.011677846288172422,0.058389231440848836
method2,1137,5.0,696.2317,3.11181512873568,4.39728952961553,227.40000000000003,0.20000000000004547,-0.009113009962880003,0.007304324907179804,0.011679045891390162,0.058395229456937536
method2,1138,5.0,696.4317,3.10267201624464,4.40455806652414,227.59999999999997,0.1999999999999318,-0.00914311249103994,0.007268536908609846,0.011680245494664662,0.05840122747334323
method2,1139,5.0,696.6317,3.09349894173603,4.41179069147209,227.8,0.20000000000004547,-0.009173074508610046,0.007232624947950406,0.0116814450980273,0.05840722549012322
method2,1140,5.0,696.8317,3.08429604623053,4.41898728104882,227.99999999999994,0.1999999999999318,-0.009202895505499686,0.007196589576730084,0.011682644701481186,0.05841322350742585
method2,1141,5.0,697.0317,3.07506347125679,4.4261477123974,228.2,0.20000000000004547,-0.009232574973740082,0.007160431348579799,0.011683844304998933,0.05841922152498138
method2,1142,5.0,697.2317,3.06580135884917,4.43327186321661,228.40000000000003,0.20000000000004547,-0.009262112407620204,0.007124150819209696,0.01168504390861405,0.05842521954305696
method2,1143,5.0,697.4317,3.05650985154567,4.44035961176307,228.59999999999997,0.1999999999999318,-0.009291507303499813,0.007087748546460659,0.011686243512303069,0.05843121756153527
method2,1144,5.0,697.6317,3.04718909238564,4.44741083685323,228.8,0.20000000000004547,-0.009320759160030168,0.007051225090159541,0.011687443116070414,0.058437215580338785
method2,1145,5.0,697.8317,3.03783922490765,4.45442541786552,228.99999999999994,0.1999999999999318,-0.00934986747799016,0.007014581012289689,0.011688642719920612,0.05844321359962299
method2,1146,5.0,698.0317,3.02846039314722,4.46140323474233,229.2,0.20000000000004547,-0.009378831760429751,0.00697781687681065,0.011689842323861745,0.058449211619295435
method2,1147,5.0,698.2317,3.01905274163468,4.46834416799211,229.40000000000003,0.20000000000004547,-0.00940765151253986,0.006940933249779846,0.011691041927873364,0.05845520963935353
method2,1148,5.0,698.4317,3.00961641539289,4.47524809869137,229.59999999999997,0.1999999999999318,-0.009436326241790027,0.006903930699260208,0.011692241531959672,0.0584612076598183
method2,1149,5.0,698.6317,3.00015155993501,4.48211490848675,229.8,0.20000000000004547,-0.009464855457880006,0.00686680979537968,0.011693441136144794,0.05846720568071068
method2,1150,5.0,698.8317,2.9906583212623,4.488944479597,229.99999999999994,0.1999999999999318,-0.009493238672710014,0.006829571110250399,0.011694640740399161,0.05847320370201575
method2,1151,5.0,699.0317,2.98113684586181,4.495736694815,230.2,0.20000000000004547,-0.009521475400489976,0.006792215217999775,0.011695840344744942,0.05847920172371141
method2,1152,5.0,699.2317,2.9715872807042,4.50249143750977,230.40000000000003,0.20000000000004547,-0.009549565157610296,0.006754742694769611,0.011697039949149014,0.05848519974573177
method2,1153,5.0,699.4317,2.96200977324139,4.50920859162849,230.59999999999997,0.1999999999999318,-0.00957750746280972,0.006717154118720536,0.011698239553660207,0.058491197768320985
method2,1154,5.0,699.6317,2.95240447140435,4.51588804169842,230.8,0.20000000000004547,-0.009605301837040336,0.006679450069929871,0.011699439158239023,0.058497195791181816
method2,1155,5.0,699.8317,2.94277152360079,4.52252967282894,230.99999999999994,0.1999999999999318,-0.009632947803559944,0.006641631130519521,0.011700638762905054,0.058503193814545225
method2,1156,5.0,700.0317,2.93311107871288,4.52913337071346,231.2,0.20000000000004547,-0.009660444887909847,0.006603697884520088,0.011701838367639446,0.05850919183818393
method2,1157,5.0,700.2317,2.92342328609493,4.53569902163144,231.40000000000003,0.20000000000004547,-0.009687792617949942,0.006565650917980115,0.011703037972474434,0.05851518986235887
method2,1158,5.0,700.4317,2.91370829557112,4.54222651245027,231.59999999999997,0.1999999999999318,-0.009714990523809863,0.006527490818830195,0.011704237577374613,0.05852118788689302
method2,1159,5.0,700.6317,2.90396625743317,4.54871573062728,231.8,0.20000000000004547,-0.00974203813795027,0.006489218177009981,0.011705437182357364,0.05852718591177351
method2,1160,5.0,700.8317,2.89419732243799,4.55516656421161,231.99999999999994,0.1999999999999318,-0.009768934995179723,0.006450833584329629,0.01170663678742798,0.058533183937159866
method2,1161,5.0,701.0317,2.88440164180539,4.56157890184616,232.2,0.20000000000004547,-0.009795680632600057,0.0064123376345506244,0.011707836392577843,0.05853918196287591
method2,1162,5.0,701.2317,2.87457936721573,4.5679526327695,232.40000000000003,0.20000000000004547,-0.009822274589660118,0.006373730923339593,0.011709035997801792,0.05854517998899565
method2,1163,5.0,701.4317,2.86473065080756,4.57428764681777,232.59999999999997,0.1999999999999318,-0.009848716408169977,0.006335014048270082,0.011710235603109609,0.058551178015568014
method2,1164,5.0,701.6317,2.85485564517528,4.58058383442658,232.8,0.20000000000004547,-0.009875005632280054,0.006296187608810122,0.011711435208500147,0.05855717604248742
method2,1165,5.0,701.8317,2.84495450336678,4.58684108663288,232.99999999999994,0.1999999999999318,-0.009901141808500213,0.0062572522063000235,0.011712634813963825,0.058563174069839095
method2,1166,5.0,702.0317,2.83502737888104,4.59305929507685,233.2,0.20000000000004547,-0.009927124485739736,0.006218208443970141,0.011713834419524418,0.05856917209760877
method2,1167,5.0,702.2317,2.82507442566581,4.59923835200376,233.40000000000003,0.20000000000004547,-0.009952953215230043,0.006179056926909787,0.011715034025155448,0.05857517012576392
method2,1168,5.0,702.4317,2.81509579811517,4.60537815026581,233.59999999999997,0.1999999999999318,-0.009978627550640162,0.0061397982620503555,0.011716233630867535,0.058581168154357655
method2,1169,5.0,702.6317,2.80509165106717,4.61147858332401,233.8,0.20000000000004547,-0.0100041470479999,0.006100433058199961,0.011717433236659983,0.05858716618328659
method2,1170,5.0,702.8317,2.79506213980142,4.61753954524999,233.99999999999994,0.1999999999999318,-0.010029511265750024,0.006060961925979491,0.011718632842528161,0.05859316421266079
method2,1171,5.0,703.0317,2.78500742003668,4.62356093072785,234.2,0.20000000000004547,-0.010054719764740039,0.0060213854778599085,0.011719832448479637,0.05859916224238486
method2,1172,5.0,703.2317,2.77492764792843,4.62954263505595,234.40000000000003,0.20000000000004547,-0.010079772108249951,0.005981704328100079,0.011721032054519128,0.058605160272582314
method2,1173,5.0,703.4317,2.76482298006648,4.63548455414875,234.59999999999997,0.1999999999999318,-0.010104667861949856,0.005941919092800063,0.011722231660639718,0.05861115830321858
method2,1174,5.0,703.6317,2.75469357347253,4.64138658453858,234.8,0.20000000000004547,-0.010129406593950119,0.00590203038983006,0.011723431266827887,0.058617156334126105
method2,1175,5.0,703.8317,2.74453958559771,4.64724862337745,234.99999999999994,0.1999999999999318,-0.010153987874820025,0.005862038838870376,0.0117246308730986,0.05862315436551299
method2,1176,5.0,704.0317,2.73436117432014,4.65307056843884,235.2,0.20000000000004547,-0.01017841127757002,0.005821945061389222,0.01172583047946707,0.05862915239732202
method2,1177,5.0,704.2317,2.72415849794252,4.65885231811943,235.40000000000003,0.20000000000004547,-0.010202676377619735,0.005781749680590309,0.01172703008589327,0.05863515042945301
method2,1178,5.0,704.4317,2.7139317151896,4.66459377144091,235.59999999999997,0.1999999999999318,-0.010226782752920105,0.00574145332148035,0.01172822969241999,0.058641148462119944
method2,1179,5.0,704.6317,2.70368098520578,4.67029482805168,235.8,0.20000000000004547,-0.01025072998382015,0.005701056610769584,0.01172942929900637,0.058647146495018516
method2,1180,5.0,704.8317,2.69340646755258,4.67595538822864,235.99999999999994,0.1999999999999318,-0.010274517653199755,0.005660560176960594,0.011730628905685558,0.05865314452844779
method2,1181,5.0,705.0317,2.68310832220619,4.68157535287891,236.2,0.20000000000004547,-0.010298145346390175,0.00561996465026926,0.011731828512455068,0.058659142562262
method2,1182,5.0,705.2317,2.67278670955499,4.6871546235415,236.40000000000003,0.20000000000004547,-0.010321612651199796,0.005579270662590119,0.011733028119281334,0.058665140596393335
method2,1183,5.0,705.4317,2.66244179039702,4.69269310238912,236.59999999999997,0.1999999999999318,-0.01034491915797009,0.005538478847619821,0.011734227726206305,0.058671138631051535
method2,1184,5.0,705.6317,2.65207372593751,4.69819069222977,236.8,0.20000000000004547,-0.010368064459510329,0.0054975898406501855,0.011735427333189932,0.05867713666593632
method2,1185,5.0,705.8317,2.64168267778632,4.70364729650854,236.99999999999994,0.1999999999999318,-0.010391048151189963,0.005456604278769817,0.011736626940285587,0.05868313470144795
method2,1186,5.0,706.0317,2.6312688079555,4.70906281930921,237.2,0.20000000000004547,-0.0104138698308196,0.00541552280067048,0.011737826547442098,0.05868913273719715
method2,1187,5.0,706.2317,2.62083227885671,4.71443716535596,237.40000000000003,0.20000000000004547,-0.010436529098790004,0.005374346046750134,0.011739026154673534,0.05869513077335432
method2,1188,5.0,706.4317,2.61037325329868,4.71977024001503,237.59999999999997,0.1999999999999318,-0.010459025558030355,0.005333074659069403,0.011740225762000508,0.05870112881002256
method2,1189,5.0,706.6317,2.59989189448472,4.72506194929636,237.8,0.20000000000004547,-0.01048135881395984,0.00529170928133027,0.011741425369395769,0.058707126846965496
method2,1190,5.0,706.8317,2.58938836601014,4.73031219985526,237.99999999999994,0.1999999999999318,-0.010503528474580026,0.005250250558900049,0.011742624976875643,0.05871312488439824
method2,1191,5.0,707.0317,2.5788628318597,4.735520898994,238.2,0.20000000000004547,-0.010525534150439775,0.005208699138740336,0.011743824584435358,0.058719122922163434
method2,1192,5.0,707.2317,2.56831545640507,4.74068795466346,238.40000000000003,0.20000000000004547,-0.010547375454630359,0.005167055669459408,0.01174502419206668,0.058725120960320044
method2,1193,5.0,707.4317,2.55774640440223,4.74581327546477,238.59999999999997,0.1999999999999318,-0.010569052002840085,0.005125320801310451,0.011746223799804072,0.05873111899904039
method2,1194,5.0,707.6317,2.54715584098896,4.75089677065082,238.8,0.20000000000004547,-0.010590563413269916,0.005083495186049447,0.01174742340758514,0.05873711703791234
method2,1195,5.0,707.8317,2.53654393168219,4.75593835012797,238.99999999999994,0.1999999999999318,-0.010611909306769807,0.0050415794771501155,0.011748623015465637,0.058743115077348224
method2,1196,5.0,708.0317,2.52591084237544,4.76093792445754,239.2,0.20000000000004547,-0.010633089306749888,0.004999574329570322,0.011749822623436379,0.05874911311716854
method2,1197,5.0,708.2317,2.51525673933627,4.76589540485743,239.40000000000003,0.20000000000004547,-0.010654103039170248,0.0049574803998897465,0.011751022231471939,0.058755111157346336
method2,1198,5.0,708.4317,2.50458178920362,4.77081070320364,239.59999999999997,0.1999999999999318,-0.010674950132649741,0.004915298346210406,0.01175222183958495,0.05876110919794479
method2,1199,5.0,708.6317,2.49388615898524,4.77568373203189,239.8,0.20000000000004547,-0.01069563021838027,0.004873028828249915,0.01175342144778634,0.058767107238918335
method2,1200,5.0,708.8317,2.48317001605506,4.78051440453907,239.99999999999994,0.1999999999999318,-0.010716142930180084,0.004830672507179834,0.011754621056064365,0.05877310528034187
method2,1201,5.0,709.0317,2.47243352815059,4.78530263458485,240.2,0.20000000000004547,-0.010736487904469794,0.004788230045780217,0.011755820664425713,0.058779103322115195
method2,1202,5.0,709.2317,2.46167686337029,4.79004833669315,240.40000000000003,0.20000000000004547,-0.010756664780299907,0.004745702108300165,0.011757020272861194,0.0587851013642926
method2,1203,5.0,709.4317,2.45090019017093,4.79475142605369,240.59999999999997,0.1999999999999318,-0.010776673199360154,0.004703089360539536,0.01175821988138628,0.05879109940695145
method2,1204,5.0,709.6317,2.44010367736498,4.79941181852343,240.8,0.20000000000004547,-0.010796512805950176,0.004660392469739705,0.011759419489968571,0.058797097449829486
method2,1205,5.0,709.8317,2.4292874941179,4.80402943062812,240.99999999999994,0.1999999999999318,-0.010816183247079891,0.004617612104690139,0.011760619098661116,0.05880309549332564
method2,1206,5.0,710.0317,2.41845180994559,4.80860417956374,241.2,0.20000000000004547,-0.010835684172310067,0.004574748935620043,0.01176181870741118,0.05880909353704253
method2,1207,5.0,710.2317,2.40759679471166,4.81313598319799,241.40000000000003,0.20000000000004547,-0.010855015233929954,0.004531803634249876,0.011763018316242296,0.05881509158119811
method2,1208,5.0,710.4317,2.39672261862478,4.81762476007174,241.59999999999997,0.1999999999999318,-0.010874176086880016,0.0044887768737504885,0.011764217925165717,0.058821089625848644
method2,1209,5.0,710.6317,2.38582945223603,4.82207042940045,241.8,0.20000000000004547,-0.010893166388749709,0.004445669328710267,0.011765417534164335,0.0588270876708083
method2,1210,5.0,710.8317,2.37491746643624,4.82647291107566,241.99999999999994,0.1999999999999318,-0.010911985799790358,0.004402481675209735,0.011766617143231267,0.0588330857161764
method2,1211,5.0,711.0317,2.36398683245325,4.83083212566636,242.2,0.20000000000004547,-0.010930633982989768,0.004359214590699878,0.011767816752391306,0.05883908376194315
method2,1212,5.0,711.2317,2.35303772184929,4.83514799442044,242.40000000000003,0.20000000000004547,-0.010949110603959866,0.004315868754080299,0.011769016361624833,0.05884508180811079
method2,1213,5.0,711.4317,2.34207030651826,4.83942043926609,242.59999999999997,0.1999999999999318,-0.010967415331029962,0.004272444845649481,0.011770215970933917,0.05885107985468966
method2,1214,5.0,711.6317,2.33108475868301,4.84364938281317,242.8,0.20000000000004547,-0.010985547835250298,0.004228943547079922,0.011771415580335332,0.05885707790166328
method2,1215,5.0,711.8317,2.3200812508927,4.84783474835464,242.99999999999994,0.1999999999999318,-0.011003507790309897,0.0041853655414705315,0.011772615189801265,0.0588630759490264
method2,1216,5.0,712.0317,2.30905995602,4.85197645986786,243.2,0.20000000000004547,-0.011021294872699983,0.004141711513219626,0.011773814799364686,0.058869073996810045
method2,1217,5.0,712.2317,2.29802104725848,4.85607444201603,243.40000000000003,0.20000000000004547,-0.011038908761519917,0.004097982148169699,0.011775014408988156,0.058875072044927396
method2,1218,5.0,712.4317,2.2869646981198,4.86012862014949,243.59999999999997,0.1999999999999318,-0.011056349138680144,0.004054178133460873,0.01177621401869996,0.05888107009351988
method2,1219,5.0,712.6317,2.27589108243103,4.86413892030706,243.8,0.20000000000004547,-0.011073615688769856,0.004010300157569979,0.01177741362848294,0.05888706814240131
method2,1220,5.0,712.8317,2.26480037433189,4.86810526921741,243.99999999999994,0.1999999999999318,-0.011090708099140034,0.0039663489103496374,0.011778613238363935,0.05889306619183976
method2,1221,5.0,713.0317,2.25369274827206,4.87202759430033,244.2,0.20000000000004547,-0.011107626059830178,0.0039223250829198975,0.011779812848306252,0.05889906424151787
method2,1222,5.0,713.2317,2.24256837900837,4.87590582366807,244.40000000000003,0.20000000000004547,-0.011124369263689982,0.0038782293677401825,0.011781012458347237,0.05890506229172279
method2,1223,5.0,713.4317,2.23142744160213,4.8797398861266,244.59999999999997,0.1999999999999318,-0.011140937406239892,0.0038340624585302407,0.011782212068438856,0.05891106034221437
method2,1224,5.0,713.6317,2.22027011141629,4.88352971117696,244.8,0.20000000000004547,-0.011157330185839864,0.003789825050359852,0.011783411678634864,0.05891705839316092
method2,1225,5.0,713.8317,2.20909656411275,4.88727522901645,244.99999999999994,0.1999999999999318,-0.011173547303540143,0.0037455178394898425,0.01178461128889646,0.058923056444502395
method2,1226,5.0,714.0317,2.19790697564955,4.89097637053996,245.2,0.20000000000004547,-0.01118958846319984,0.0037011415235097544,0.01178581089924758,0.0589290544962245
method2,1227,5.0,714.2317,2.18670152227815,4.89463306734121,245.40000000000003,0.20000000000004547,-0.011205453371400331,0.0036566968012499146,0.011787010509662677,0.05893505254829998
method2,1228,5.0,714.4317,2.17548038054058,4.89824525171396,245.59999999999997,0.1999999999999318,-0.01122114173757005,0.003612184372750349,0.011788210120174242,0.05894105060089132
method2,1229,5.0,714.6317,2.16424372726674,4.90181285665327,245.8,0.20000000000004547,-0.011236653273839714,0.003567604939309632,0.011789409730749002,0.058947048653731605
method2,1230,5.0,714.8317,2.15299173957154,4.90533581585672,245.99999999999994,0.1999999999999318,-0.011251987695199972,0.003522959203450249,0.011790609341425335,0.05895304670714678
method2,1231,5.0,715.0317,2.14172459485219,4.90881406372558,246.2,0.20000000000004547,-0.011267144719349975,0.003478247868859974,0.011791808952150004,0.058959044760736615
method2,1232,5.0,715.2317,2.13044247078531,4.91224753536607,246.40000000000003,0.20000000000004547,-0.011282124066880339,0.0034334716404904597,0.01179300856298056,0.058965042814889394
method2,1233,5.0,715.4317,2.11914554532422,4.91563616659051,246.59999999999997,0.1999999999999318,-0.011296925461089735,0.0033886312244399974,0.011794208173873617,0.0589710408693882
method2,1234,5.0,715.6317,2.10783399669605,4.91897989391847,246.8,0.20000000000004547,-0.011311548628170076,0.0033437273279597335,0.011795407784862762,0.0589770389243004
method2,1235,5.0,715.8317,2.09650800339902,4.92227865457799,246.99999999999994,0.1999999999999318,-0.011325993297029768,0.0032987606595202834,0.011796607395906754,0.058983036979553885
method2,1236,5.0,716.0317,2.08516774419953,4.92553238650669,247.2,0.20000000000004547,-0.01134025919949,0.003253731928699821,0.011797807007044072,0.05898903503520695
method2,1237,5.0,716.2317,2.0738133981294,4.92874102835293,247.40000000000003,0.20000000000004547,-0.011354346070130195,0.0032086418462400346,0.011799006618259169,0.05899503309128243
method2,1238,5.0,716.4317,2.06244514448302,4.93190451947695,247.59999999999997,0.1999999999999318,-0.011368253646379944,0.0031634911240194796,0.011800206229561454,0.05900103114782739
method2,1239,5.0,716.6317,2.05106316281455,4.93502279995194,247.8,0.20000000000004547,-0.011381981668470154,0.00311828047499052,0.011801405840919875,0.059007029204585955
method2,1240,5.0,716.8317,2.03966763293502,4.93809581056523,247.99999999999994,0.1999999999999318,-0.011395529879529853,0.003073010613289462,0.01180260545238412,0.05901302726194073
method2,1241,5.0,717.0317,2.02825873490957,4.9411234928193,248.2,0.20000000000004547,-0.011408898025449865,0.003027682254070463,0.011803805063907444,0.0590190253195238
method2,1242,5.0,717.2317,2.01683664905454,4.94410578893292,248.40000000000003,0.20000000000004547,-0.01142208585503024,0.0029822961136201087,0.011805004675517731,0.05902502337757524
method2,1243,5.0,717.4317,2.00540155593466,4.94704264184222,248.59999999999997,0.1999999999999318,-0.011435093119879891,0.002936852909299681,0.011806204287203675,0.05903102143603851
method2,1244,5.0,717.6317,1.99395363636016,4.94993399520172,248.8,0.20000000000004547,-0.011447919574500087,0.0028913533594998597,0.011807403898982764,0.059037019494900395
method2,1245,5.0,717.8317,1.98249307138398,4.95277979338542,248.99999999999994,0.1999999999999318,-0.011460564976180088,0.002845798183700232,0.011808603510813514,0.05904301755408771
method2,1246,5.0,718.0317,1.97102004229881,4.95557998148781,249.2,0.20000000000004547,-0.011473029085169895,0.002800188102390244,0.01180980312274181,0.059049015613695625
method2,1247,5.0,718.2317,1.9595347306343,4.95833450532492,249.40000000000003,0.20000000000004547,-0.011485311664509945,0.0027545238371100567,0.011811002734744232,0.05905501367370773
method2,1248,5.0,718.4317,1.94803731815416,4.96104331143533,249.59999999999997,0.1999999999999318,-0.011497412480140135,0.0027088061104096894,0.011812202346822332,0.0590610117341318
method2,1249,5.0,718.6317,1.93652798685327,4.96370634708117,249.8,0.20000000000004547,-0.011509331300889825,0.0026630356458401394,0.011813401958989521,0.05906700979493417
method2,1250,5.0,718.8317,1.92500691895484,4.96632356024911,249.99999999999994,0.1999999999999318,-0.011521067898430104,0.002617213167940058,0.011814601571220058,0.05907300785612044
method2,1251,5.0,719.0317,1.91347429690747,4.96889489965135,250.2,0.20000000000004547,-0.011532622047369934,0.0025713394022393032,0.011815801183541953,0.05907900591769633
method2,1252,5.0,719.2317,1.90193030338232,4.97142031472662,250.40000000000003,0.20000000000004547,-0.01154399352515001,0.0025254150752704874,0.011817000795934169,0.05908500397965741
method2,1253,5.0,719.4317,1.89037512127016,4.97389975564107,250.59999999999997,0.1999999999999318,-0.01155518211216,0.0024794409144499596,0.011818200408413748,0.05909100204208889
method2,1254,5.0,719.6317,1.87880893367852,4.97633317328929,250.8,0.20000000000004547,-0.011566187591639965,0.0024334176482199155,0.011819400020968679,0.05909700010482996
method2,1255,5.0,719.8317,1.86723192392877,4.9787205192952,250.99999999999994,0.1999999999999318,-0.011577009749750067,0.0023873460059098406,0.01182059963359481,0.059102998167994206
method2,1256,5.0,720.0317,1.85564427555321,4.981061746013,251.2,0.20000000000004547,-0.011587648375559922,0.0023412267178004598,0.01182179924629746,0.059108996231473865
method2,1257,5.0,720.2317,1.84404617229215,4.98335680652808,251.40000000000003,0.20000000000004547,-0.011598103261060144,0.002295060515080216,0.011822998859092146,0.05911499429544729
method2,1258,5.0,720.4317,1.83243779809102,4.98560565465789,251.59999999999997,0.1999999999999318,-0.011608374201129923,0.002248848129809744,0.011824198471964498,0.05912099235984265
method2,1259,5.0,720.6317,1.82081933709746,4.9878082449529,251.8,0.20000000000004547,-0.01161846099356012,0.0022025902950097986,0.01182539808490815,0.05912699042452731
method2,1260,5.0,720.8317,1.80919097365837,4.98996453269739,251.99999999999994,0.1999999999999318,-0.011628363439089906,0.0021562877444898376,0.01182659769792648,0.059132988489652566
method2,1261,5.0,721.0317,1.797552892317,4.99207447391039,252.2,0.20000000000004547,-0.0116380813413699,0.0021099412129998996,0.011827797311023625,0.059138986555104675
method2,1262,5.0,721.2317,1.78590527781001,4.99413802534651,252.40000000000003,0.20000000000004547,-0.011647614506990145,0.00206355143612047,0.011828996924209682,0.059144984621034964
method2,1263,5.0,721.4317,1.77424831506456,4.99615514449677,252.59999999999997,0.1999999999999318,-0.011656962745449917,0.0020171191502598163,0.011830196537469365,0.059150982687367
method2,1264,5.0,721.6317,1.76258218919536,4.99812578958944,252.8,0.20000000000004547,-0.011666125869200128,0.001970645092669976,0.011831396150805055,0.05915698075401182
method2,1265,5.0,721.8317,1.75090708550173,5.00004991959088,252.99999999999994,0.1999999999999318,-0.011675103693630007,0.00192413000143965,0.011832595764220681,0.059162978821123584
method2,1266,5.0,722.0317,1.73922318946466,5.00192749420632,253.2,0.20000000000004547,-0.011683896037069985,0.0018775746154400252,0.011833795377713967,0.05916897688855638
method2,1267,5.0,722.2317,1.72753068674387,5.00375847388068,253.40000000000003,0.20000000000004547,-0.011692502720789921,0.0018309796743603002,0.011834994991279053,0.05917497495638181
method2,1268,5.0,722.4317,1.71582976317483,5.00554281979934,253.59999999999997,0.1999999999999318,-0.011700923569039956,0.0017843459186597244,0.011836194604937534,0.05918097302470785
method2,1269,5.0,722.6317,1.70412060476586,5.00728049388891,253.8,0.20000000000004547,-0.011709158408970133,0.0017376740895702625,0.011837394218658084,0.05918697109327696
method2,1270,5.0,722.8317,1.69240339769511,5.00897145881801,253.99999999999994,0.1999999999999318,-0.011717207070749858,0.0016909649291001472,0.011838593832473395,0.059192969162387164
method2,1271,5.0,723.0317,1.68067832830767,5.010615677998,254.2,0.20000000000004547,-0.011725069387440001,0.00164421917998947,0.011839793446345585,0.059198967231714465
method2,1272,5.0,723.2317,1.66894558311253,5.01221311558374,254.40000000000003,0.20000000000004547,-0.011732745195140115,0.00159743758574038,0.011840993060314641,0.05920496530155975
method2,1273,5.0,723.4317,1.65720534877968,5.0137637364743,254.59999999999997,0.1999999999999318,-0.011740234332849875,0.0015506208905602392,0.011842192674351687,0.05921096337177863
method2,1274,5.0,723.6317,1.6454578121371,5.01526750631367,254.8,0.20000000000004547,-0.011747536642580103,0.0015037698393696175,0.011843392288468702,0.059216961442330046
method2,1275,5.0,723.8317,1.6337031601678,5.01672439149148,254.99999999999994,0.1999999999999318,-0.011754651969299923,0.0014568851778102854,0.01184459190266553,0.05922295951334785
method2,1276,5.0,724.0317,1.62194158000684,5.01813435914366,255.2,0.20000000000004547,-0.011761580160960072,0.001409967652179489,0.011845791516943142,0.059228957584702244
method2,1277,5.0,724.2317,1.61017325893837,5.01949737715316,255.40000000000003,0.20000000000004547,-0.011768321068470033,0.0013630180095001165,0.011846991131288034,0.0592349556564267
method2,1278,5.0,724.4317,1.59839838439261,5.0208134141506,255.59999999999997,0.1999999999999318,-0.011774874545759983,0.0013160369974398733,0.011848190745722189,0.05924095372863115
method2,1279,5.0,724.6317,1.5866171439429,5.02208243951491,255.8,0.20000000000004547,-0.011781240449709962,0.0012690253643103944,0.01184939036023142,0.05924695180114363
method2,1280,5.0,724.8317,1.5748297253027,5.02330442337398,255.99999999999994,0.1999999999999318,-0.011787418640200054,0.0012219838590699084,0.011850589974814042,0.05925294987409042
method2,1281,5.0,725.0317,1.56303631632259,5.0244793366053,256.2,0.20000000000004547,-0.011793408980109943,0.0011749132313205735,0.01185178958947846,0.05925894794737883
method2,1282,5.0,725.2317,1.55123710498729,5.02560715083658,256.40000000000003,0.20000000000004547,-0.011799211335300042,0.0011278142312791672,0.011852989204219703,0.05926494602108504
method2,1283,5.0,725.4317,1.53943227941265,5.02668783844635,256.59999999999997,0.1999999999999318,-0.01180482557463991,0.0010806876097699813,0.011854188819045479,0.05927094409524761
method2,1284,5.0,725.6317,1.52762202784268,5.02772137256454,256.8,0.20000000000004547,-0.011810251569970065,0.0010335341181901825,0.011855388433933472,0.05927694216965388
method2,1285,5.0,725.8317,1.5158065386465,5.0287077270731,256.99999999999994,0.1999999999999318,-0.011815489196179918,0.0009863545085604386,0.011856588048911959,0.059282940244580015
method2,1286,5.0,726.0317,1.50398600031537,5.02964687660654,257.2,0.20000000000004547,-0.01182053833113006,0.0009391495334396538,0.011857787663973197,0.059288938319852505
method2,1287,5.0,726.2317,1.4921606014597,5.03053879655252,257.40000000000003,0.20000000000004547,-0.011825398855670022,0.0008919199459800353,0.011858987279094235,0.059294936395457694
method2,1288,5.0,726.4317,1.48033053080599,5.03138346305233,257.59999999999997,0.1999999999999318,-0.011830070653710001,0.0008446664998098541,0.01186018689429773,0.05930093447150887
method2,1289,5.0,726.6317,1.46849597719384,5.03218085300153,257.8,0.20000000000004547,-0.011834553612150023,0.0007973899492004222,0.011861386509592333,0.05930693254794818
method2,1290,5.0,726.8317,1.45665712957296,5.03293094405038,257.99999999999994,0.1999999999999318,-0.011838847620879944,0.0007500910488502655,0.011862586124955216,0.05931293062479631
method2,1291,5.0,727.0317,1.44481417700013,5.03363371460439,258.2,0.20000000000004547,-0.011842952572830079,0.0007027705540094686,0.01186378574039018,0.05931892870193741
method2,1292,5.0,727.2317,1.43296730863617,5.03428914382482,258.40000000000003,0.20000000000004547,-0.011846868363959873,0.0006554292204299372,0.011864985355911177,0.059324926779542396
method2,1293,5.0,727.4317,1.42111671374294,5.03489721162917,258.59999999999997,0.1999999999999318,-0.011850594893230149,0.0006080678043502985,0.011866184971512112,0.0593309248575808
method2,1294,5.0,727.6317,1.40926258168032,5.03545789869163,258.8,0.20000000000004547,-0.011854132062619982,0.0005606870624594862,0.011867384587180299,0.059336922935888006
method2,1295,5.0,727.8317,1.39740510190316,5.03597118644358,258.99999999999994,0.1999999999999318,-0.011857479777160007,0.0005132877519500312,0.011868584202930882,0.05934292101467465
method2,1296,5.0,728.0317,1.38554446395826,5.03643705707401,259.2,0.20000000000004547,-0.011860637944899999,0.0004658706304301319,0.011869783818768522,0.05934891909382912
method2,1297,5.0,728.2317,1.37368085748137,5.03685549352997,259.40000000000003,0.20000000000004547,-0.011863606476889998,0.0004184364559600695,0.01187098343466887,0.05935491717333086
method2,1298,5.0,728.4317,1.36181447219412,5.03722647951699,259.59999999999997,0.1999999999999318,-0.011866385287249814,0.00037098598702023367,0.011872183050645076,0.059360915253245626
method2,1299,5.0,728.6317,1.34994549790098,5.03754999949951,259.8,0.20000000000004547,-0.011868974293140155,0.00032351998252000413,0.011873382666717669,0.05936691333357485
method2,1300,5.0,728.8317,1.33807412448628,5.03782603870126,259.99999999999994,0.1999999999999318,-0.011871373414700015,0.00027603920174978924,0.011874582282848899,0.05937291141426474
method2,1301,5.0,729.0317,1.3262005419111,5.03805458310569,260.2,0.20000000000004547,-0.011873582575179897,0.00022854440442987567,0.01187578189907561,0.05937890949536455
method2,1302,5.0,729.2317,1.3143249402103,5.03823561945628,260.40000000000003,0.20000000000004547,-0.011875601700799931,0.00018103635059052436,0.011876981515363125,0.05938490757680213
method2,1303,5.0,729.4317,1.30244750948943,5.03836913525698,260.59999999999997,0.1999999999999318,-0.011877430720869997,0.00013351580069986824,0.011878181131726477,0.05939090565865264
method2,1304,5.0,729.6317,1.29056843992168,5.0384551187725,260.8,0.20000000000004547,-0.0118790695677502,8.598351552002725e-05,0.011879380748186754,0.059396903740920264
method2,1305,5.0,729.8317,1.27868792174489,5.03849355902871,260.99999999999994,0.1999999999999318,-0.011880518176789812,3.8440256210137136e-05,0.011880580364709908,0.059402901823569804
method2,1306,5.0,730.0317,1.26680614525846,5.03848444581292,261.2,0.20000000000004547,-0.011881776486430073,-9.113215790002016e-06,0.011881779981306868,0.05940889990652083
method2,1307,5.0,730.2317,1.2549233008203,5.03842776967422,261.40000000000003,0.20000000000004547,-0.011882844438160012,-5.6676138700417766e-05,0.01188297959798839,0.05941489798992844
method2,1308,5.0,730.4317,1.2430395788438,5.0383235219238,261.59999999999997,0.1999999999999318,-0.011883721976500006,-0.00010424775041961709,0.011884179214746668,0.05942089607375361
method2,1309,5.0,730.6317,1.23115516979477,5.03817169463518,261.8,0.20000000000004547,-0.011884409049029987,-0.00015182728862050965,0.011885378831582765,0.05942689415790031
method2,1310,5.0,730.8317,1.21927026418839,5.03797228064459,261.99999999999994,0.1999999999999318,-0.011884905606380114,-0.00019941399058964748,0.011886578448494266,0.0594328922424916
method2,1311,5.0,731.0317,1.20738505258615,5.03772527355113,262.2,0.20000000000004547,-0.011885211602239876,-0.0002470070934599278,0.011887778065485445,0.05943889032741371
method2,1312,5.0,731.2317,1.19549972559281,5.03743066771713,262.40000000000003,0.20000000000004547,-0.011885326993340106,-0.00029460583400009455,0.011888977682544696,0.059444888412709965
method2,1313,5.0,731.4317,1.18361447385331,5.03708845826829,262.59999999999997,0.1999999999999318,-0.011885251739499836,-0.000342209448840336,0.01189017729969404,0.05945088649849048
method2,1314,5.0,731.6317,1.17172948804976,5.036698641094,262.8,0.20000000000004547,-0.01188498580355013,-0.0003898171742902079,0.011891376916907465,0.059456884584523806
method2,1315,5.0,731.8317,1.15984495889833,5.03626121284752,262.99999999999994,0.1999999999999318,-0.011884529151430012,-0.000437428246479854,0.011892576534208565,0.0594628826710631
method2,1316,5.0,732.0317,1.14796107714623,5.03577617094616,263.2,0.20000000000004547,-0.011883881752099867,-0.000485041901360006,0.01189377615158311,0.059468880757902035
method2,1317,5.0,732.2317,1.13607803356863,5.03524351357155,263.40000000000003,0.20000000000004547,-0.011883043577600061,-0.000532657374609613,0.011894975769032406,0.05947487884514851
method2,1318,5.0,732.4317,1.12419601896559,5.03466323966973,263.59999999999997,0.1999999999999318,-0.011882014603040059,-0.0005802739018196945,0.011896175386568167,0.05948087693286112
method2,1319,5.0,732.6317,1.11231522415903,5.0340353489514,263.8,0.20000000000004547,-0.011880794806560013,-0.0006278907183308036,0.011897375004165808,0.05948687502081552
method2,1320,5.0,732.8317,1.10043583998962,5.03335984189202,263.99999999999994,0.1999999999999318,-0.011879384169410034,-0.0006755070593795764,0.011898574621848677,0.059492873109263676
method2,1321,5.0,733.0317,1.08855805731374,5.03263671973201,264.2,0.20000000000004547,-0.011877782675880022,-0.0007231221600099147,0.011899774239611985,0.059498871198046394
method2,1322,5.0,733.2317,1.07668206700042,5.03186598447682,264.40000000000003,0.20000000000004547,-0.011875990313319873,-0.0007707352551902247,0.011900973857447993,0.05950486928722644
method2,1323,5.0,733.4317,1.06480805992826,5.03104763889711,264.59999999999997,0.1999999999999318,-0.011874007072159909,-0.0008183455797095007,0.01190217347535876,0.059510867376814096
method2,1324,5.0,733.6317,1.05293622698236,5.03018168652881,264.8,0.20000000000004547,-0.011871832945900218,-0.0008659523683007819,0.01190337309335163,0.05951686546674462
method2,1325,5.0,733.8317,1.04106675905127,5.02926813167325,264.99999999999994,0.1999999999999318,-0.011869467931089783,-0.0009135548555594397,0.011904572711411569,0.05952286355707814
method2,1326,5.0,734.0317,1.02919984702389,5.02830697939725,265.2,0.20000000000004547,-0.011866912027380216,-0.0009611522760000213,0.011905772329556839,0.05952886164777066
method2,1327,5.0,734.2317,1.01733568178643,5.02729823553315,265.40000000000003,0.20000000000004547,-0.011864165237459812,-0.0010087438640997703,0.011906971947775336,0.05953485973886315
method2,1328,5.0,734.4317,1.00547445421931,5.0262419066789,265.59999999999997,0.1999999999999318,-0.011861227567120158,-0.0010563288542506655,0.011908171566085774,0.05954085783044918
method2,1329,5.0,734.6317,0.993616355194146,5.02513800019811,265.8,0.20000000000004547,-0.011858099025163882,-0.0011039064807896182,0.011909371184446387,0.059546855922218395
method2,1330,5.0,734.8317,0.981761575570596,5.02398652422007,265.99999999999994,0.1999999999999318,-0.011854779623550082,-0.0011514759780402173,0.011910570802902013,0.05955285401453037
method2,1331,5.0,735.0317,0.969910306193357,5.02278748763977,266.2,0.20000000000004547,-0.011851269377238904,-0.0011990365803002945,0.011911770421426817,0.059558852107120544
method2,1332,5.0,735.2317,0.958062737889053,5.02154090011793,266.40000000000003,0.20000000000004547,-0.011847568304304001,-0.0012465875218392597,0.011912970040034271,0.05956485020015781
method2,1333,5.0,735.4317,0.946219061463188,5.020246772081,266.59999999999997,0.1999999999999318,-0.011843676425865035,-0.0012941280369300756,0.011914169658711414,0.05957084829357739
method2,1334,5.0,735.6317,0.934379467697052,5.01890511472109,266.8,0.20000000000004547,-0.01183959376613597,-0.001341657359910542,0.011915369277472177,0.059576846387347344
method2,1335,5.0,735.8317,0.922544147344667,5.01751593999603,266.99999999999994,0.1999999999999318,-0.011835320352384993,-0.0013891747250598385,0.011916568896302472,0.059582844481532685
method2,1336,5.0,736.0317,0.910713291129693,5.01607926062927,267.2,0.20000000000004547,-0.01183085621497404,-0.001436679366760174,0.011917768515215602,0.059588842576064456
method2,1337,5.0,736.2317,0.898887089742379,5.01459509010983,267.40000000000003,0.20000000000004547,-0.01182620138731405,-0.0014841705194399424,0.01191896813420035,0.059594840670988206
method2,1338,5.0,736.4317,0.887065733836463,5.01306344269226,267.59999999999997,0.1999999999999318,-0.011821355905915931,-0.00153164741757017,0.011920167753269366,0.05960083876636716
method2,1339,5.0,736.6317,0.875249414026134,5.01148433339657,267.8,0.20000000000004547,-0.011816319810329046,-0.0015791092956893849,0.011921367372399329,0.05960683686198309
method2,1340,5.0,736.8317,0.863438320882904,5.0098577780081,267.99999999999994,0.1999999999999318,-0.011811093143230034,-0.00162655538847023,0.011922566991626301,0.05961283495815184
method2,1341,5.0,737.0317,0.851632644932602,5.00818379307747,268.2,0.20000000000004547,-0.011805675950301908,-0.0016739849306297572,0.011923766610912526,0.05961883305454908
method2,1342,5.0,737.2317,0.839832576652245,5.00646239592042,268.40000000000003,0.20000000000004547,-0.011800068280357068,-0.0017213971570502196,0.011924966230282986,0.059624831151401374
method2,1343,5.0,737.4317,0.828038306466987,5.00469360461772,268.59999999999997,0.1999999999999318,-0.011794270185258027,-0.0017687913027000235,0.011926165849734511,0.05963082924869289
method2,1344,5.0,737.6317,0.816250024747069,5.00287743801501,268.8,0.20000000000004547,-0.01178828171991797,-0.001816166602710112,0.011927365469245577,0.059636827346214324
method2,1345,5.0,737.8317,0.804467921804683,5.00101391572266,268.99999999999994,0.1999999999999318,-0.011782102942386019,-0.001863522292349984,0.011928565088855685,0.05964282544429877
method2,1346,5.0,738.0317,0.792692187890979,4.99910305811562,269.2,0.20000000000004547,-0.011775733913704012,-0.0019108576070401284,0.011929764708523883,0.05964882354260585
method2,1347,5.0,738.2317,0.780923013192932,4.9971448863332,269.40000000000003,0.20000000000004547,-0.011769174698046947,-0.0019581717824195266,0.011930964328276759,0.05965482164137023
method2,1348,5.0,738.4317,0.769160587830294,4.99513942227894,269.59999999999997,0.1999999999999318,-0.011762425362638051,-0.0020054640542603863,0.011932163948109387,0.059660819740567285
method2,1349,5.0,738.6317,0.757405101852537,4.99308668862037,269.8,0.20000000000004547,-0.011755485977756996,-0.0020527336585693945,0.011933363568008186,0.059666817840027364
method2,1350,5.0,738.8317,0.745656745235751,4.99098670878882,269.99999999999994,0.1999999999999318,-0.011748356616785971,-0.0020999798315504137,0.011934563187988792,0.05967281593996431
method2,1351,5.0,739.0317,0.733915707879592,4.98883950697919,270.2,0.20000000000004547,-0.011741037356158945,-0.002147201809630239,0.011935762808048726,0.05967881404023006
method2,1352,5.0,739.2317,0.722182179604231,4.98664510814969,270.40000000000003,0.20000000000004547,-0.011733528275361005,-0.0021943988294994554,0.011936962428172621,0.05968481214084954
method2,1353,5.0,739.4317,0.71045635014723,4.98440353802163,270.59999999999997,0.1999999999999318,-0.011725829457001069,-0.002241570128060033,0.011938162048392754,0.059690810241984124
method2,1354,5.0,739.6317,0.698738409160548,4.98211482307914,270.8,0.20000000000004547,-0.011717940986681996,-0.0022887149424901665,0.011939361668671386,0.05969680834334336
method2,1355,5.0,739.8317,0.687028546207412,4.9797789905689,270.99999999999994,0.1999999999999318,-0.011709862953135919,-0.0023358325102398325,0.011940561289031532,0.059702806445178024
method2,1356,5.0,740.0317,0.675326950759278,4.97739606849982,271.2,0.20000000000004547,-0.011701595448134094,-0.0023829220690805286,0.011941760909476608,0.05970880454736946
method2,1357,5.0,740.2317,0.663633812192776,4.97496608564282,271.40000000000003,0.20000000000004547,-0.011693138566502004,-0.0024299828569995796,0.011942960529982855,0.0597148026499007
method2,1358,5.0,740.4317,0.651949319786616,4.97248907153044,271.59999999999997,0.1999999999999318,-0.011684492406159985,-0.002477014112380438,0.01194416015057326,0.05972080075288667
method2,1359,5.0,740.6317,0.640273662718544,4.96996505645655,271.8,0.20000000000004547,-0.011675657068071943,-0.0025240150738898848,0.011945359771243462,0.05972679885620373
method2,1360,5.0,740.8317,0.628607030062292,4.96739407147603,271.99999999999994,0.1999999999999318,-0.011666632656252007,-0.002570984980519775,0.011946559391974913,0.05973279695989494
method2,1361,5.0,741.0317,0.616949610784468,4.96477614840439,272.2,0.20000000000004547,-0.011657419277824044,-0.0026179230716403268,0.011947759012802792,0.05973879506400038
method2,1362,5.0,741.2317,0.605301593741563,4.96211131981744,272.40000000000003,0.20000000000004547,-0.011648017042904968,-0.002664828586949497,0.01194895863368971,0.059744793168434965
method2,1363,5.0,741.4317,0.593663167676836,4.95939961905088,272.59999999999997,0.1999999999999318,-0.011638426064726981,-0.0027117007665600212,0.011950158254662512,0.05975079127333294
method2,1364,5.0,741.6317,0.58203452121728,4.95664108019997,272.8,0.20000000000004547,-0.011628646459555969,-0.002758538850910597,0.011951357875711308,0.05975678937854295
method2,1365,5.0,741.8317,0.570415842870576,4.95383573811908,272.99999999999994,0.1999999999999318,-0.011618678346704048,-0.0028053420808893392,0.011952557496827951,0.05976278748416014
method2,1366,5.0,742.0317,0.55880732102201,4.95098362842131,273.2,0.20000000000004547,-0.011608521848565978,-0.0028521096977707217,0.011953757118025756,0.05976878559011519
method2,1367,5.0,742.2317,0.547209143931431,4.94808478747807,273.40000000000003,0.20000000000004547,-0.011598177090578976,-0.0028988409432395557,0.01195495673930412,0.05977478369650701
method2,1368,5.0,742.4317,0.535621499730226,4.94513925241863,273.59999999999997,0.1999999999999318,-0.01158764420120506,-0.002945535059439841,0.011956156360641597,0.05978078180322838
method2,1369,5.0,742.6317,0.524044576418205,4.94214706112967,273.8,0.20000000000004547,-0.011576923312020981,-0.002992191288960555,0.011957355982078408,0.059786779910378444
method2,1370,5.0,742.8317,0.512478561860626,4.93910825225486,273.99999999999994,0.1999999999999318,-0.011566014557578996,-0.003038808874809895,0.011958555603573229,0.05979277801788654
method2,1371,5.0,743.0317,0.500923643785093,4.93602286519435,274.2,0.20000000000004547,-0.011554918075532994,-0.003085387060509426,0.011959755225147299,0.0597987761257229
method2,1372,5.0,743.2317,0.489380009778525,4.93289094010428,274.40000000000003,0.20000000000004547,-0.011543634006567993,-0.003131925090070098,0.011960954846808996,0.05980477423403138
method2,1373,5.0,743.4317,0.477847847284133,4.92971251789635,274.59999999999997,0.1999999999999318,-0.01153216249439204,-0.003178422207930076,0.011962154468528047,0.059810772342660634
method2,1374,5.0,743.6317,0.466327343598339,4.92648764023723,274.8,0.20000000000004547,-0.011520503685793992,-0.00322487765911994,0.011963354090332856,0.05981677045165068
method2,1375,5.0,743.8317,0.454818685867758,4.92321634954808,274.99999999999994,0.1999999999999318,-0.011508657730581018,-0.003271290689149886,0.011964553712219314,0.05982276856111697
method2,1376,5.0,744.0317,0.443322061086173,4.91989868900405,275.2,0.20000000000004547,-0.011496624781584974,-0.0033176605440301543,0.011965753334160296,0.059828766670787875
method2,1377,5.0,744.2317,0.431837656091442,4.91653470253365,275.40000000000003,0.20000000000004547,-0.011484404994731023,-0.0033639864703998157,0.011966952956205514,0.05983476478101396
method2,1378,5.0,744.4317,0.420365657562537,4.9131244348183,275.59999999999997,0.1999999999999318,-0.011471998528904959,-0.003410267715350024,0.011968152578303646,0.05984076289153864
method2,1379,5.0,744.6317,0.408906252016451,4.90966793129166,275.8,0.20000000000004547,-0.011459405546086043,-0.0034565035266407307,0.011969352200488854,0.05984676100243066
method2,1380,5.0,744.8317,0.397459625805189,4.90616523813913,275.99999999999994,0.1999999999999318,-0.011446626211261968,-0.003502693152529268,0.01197055182274923,0.05985275911376656
method2,1381,5.0,745.0317,0.386025965112752,4.90261640229721,276.2,0.20000000000004547,-0.011433660692437009,-0.00354883584192045,0.011971751445075961,0.059858757225366196
method2,1382,5.0,745.2317,0.374605455952078,4.8990214714529,276.40000000000003,0.20000000000004547,-0.011420509160673997,-0.0035949308443097294,0.01197295106748575,0.05986475533741514
method2,1383,5.0,745.4317,0.363198284162034,4.8953804940431,276.59999999999997,0.1999999999999318,-0.011407171790044024,-0.0036409774098000725,0.011974150689975913,0.059870753449899984
method2,1384,5.0,745.6317,0.351804635404415,4.89169351925398,276.8,0.20000000000004547,-0.011393648757619002,-0.0036869747891197235,0.011975350312521026,0.059876751562591514
method2,1385,5.0,745.8317,0.34042469516086,4.88796059702029,276.99999999999994,0.1999999999999318,-0.011379940243554987,-0.0037329222336905943,0.011976549935171811,0.059882749675879476
method2,1386,5.0,746.0317,0.329058648729912,4.8841817780248,277.2,0.20000000000004547,-0.011366046430948018,-0.003778818995489708,0.01197774955787355,0.05988874778935414
method2,1387,5.0,746.2317,0.317706681223943,4.88035711369753,277.40000000000003,0.20000000000004547,-0.011351967505968952,-0.003824664327270355,0.011978949180661438,0.05989474590329357
method2,1388,5.0,746.4317,0.306368977566158,4.87648665621515,277.59999999999997,0.1999999999999318,-0.011337703657785025,-0.0038704574823800186,0.011980148803527584,0.05990074401765835
method2,1389,5.0,746.6317,0.295045722487604,4.87257045850025,277.8,0.20000000000004547,-0.011323255078553973,-0.003916197714899816,0.011981348426457886,0.05990674213227581
method2,1390,5.0,746.8317,0.283737100524125,4.86860857422064,277.99999999999994,0.1999999999999318,-0.011308621963479037,-0.003961884279609862,0.011982548049471792,0.059912740247379394
method2,1391,5.0,747.0317,0.272443296013375,4.86460105778866,278.2,0.20000000000004547,-0.01129380451074996,-0.004007516431980385,0.01198374767256174,0.05991873836279508
method2,1392,5.0,747.2317,0.261164493091833,4.86054796436041,278.40000000000003,0.20000000000004547,-0.011278802921542042,-0.004053093428249888,0.011984947295716728,0.059924736478570016
method2,1393,5.0,747.4317,0.249900875691746,4.85644934983506,278.59999999999997,0.1999999999999318,-0.011263617400086995,-0.004098614525349653,0.011986146918962309,0.05993073459483198
method2,1394,5.0,747.6317,0.238652627538201,4.85230527085406,278.8,0.20000000000004547,-0.011248248153544999,-0.004144078980999666,0.0119873465422708,0.059936732711340375
method2,1395,5.0,747.8317,0.227419932146075,4.84811578480039,278.99999999999994,0.1999999999999318,-0.011232695392125985,-0.0041894860536704215,0.011988546165661093,0.059942730828325914
method2,1396,5.0,748.0317,0.21620297281706,4.8438809497978,279.2,0.20000000000004547,-0.011216959329015008,-0.004234835002590032,0.011989745789129081,0.059948728945631774
method2,1397,5.0,748.2317,0.205001932636692,4.83960082471,279.40000000000003,0.20000000000004547,-0.011201040180367994,-0.0042801250878001795,0.011990945412661788,0.059954727063295306
method2,1398,5.0,748.4317,0.193816994471328,4.83527546913986,279.59999999999997,0.1999999999999318,-0.011184938165364006,-0.0043253555701401325,0.011992145036279316,0.05996072518141703
method2,1399,5.0,748.6317,0.182648340965183,4.83090494342863,279.8,0.20000000000004547,-0.011168653506144988,-0.004370525711229867,0.011993344659970631,0.05996672329983952
method2,1400,5.0,748.8317,0.171496154537363,4.82648930865508,279.99999999999994,0.1999999999999318,-0.01115218642782001,-0.0044156347735500034,0.011994544283724864,0.05997272141864478
method2,1401,5.0,749.0317,0.160360617378837,4.82202862663467,280.2,0.20000000000004547,-0.011135537158525999,-0.004460682020409834,0.011995743907574921,0.05997871953786097
method2,1402,5.0,749.2317,0.149241911449526,4.81752295991874,280.40000000000003,0.20000000000004547,-0.011118705929310996,-0.004505666715929557,0.011996943531480463,0.05998471765738868
method2,1403,5.0,749.4317,0.138140218475282,4.81297237179357,280.59999999999997,0.1999999999999318,-0.011101692974244015,-0.004550588125169952,0.011998143155476879,0.059990715777404856
method2,1404,5.0,749.6317,0.127055719944937,4.80837692627962,280.8,0.20000000000004547,-0.011084498530344988,-0.0045954455139503025,0.01199934277954031,0.05999671389768791
method2,1405,5.0,749.8317,0.115988597107349,4.80373668813054,280.99999999999994,0.1999999999999318,-0.011067122837587998,-0.004640238149080211,0.012000542403676642,0.060002712018403674
method2,1406,5.0,750.0317,0.104939030968414,4.79905172283233,281.2,0.20000000000004547,-0.011049566138935,-0.004684965298209498,0.012001742027894372,0.060008710139458216
method2,1407,5.0,750.2317,0.09390720228812,4.79432209660244,281.40000000000003,0.20000000000004547,-0.011031828680294009,-0.004729626229890371,0.012002941652187786,0.06001470826092528
method2,1408,5.0,750.4317,0.0828932915776126,4.78954787638883,281.59999999999997,0.1999999999999318,-0.01101391071050739,-0.004774220213610292,0.012004141276537632,0.060020706382708636
method2,1409,5.0,750.6317,0.0718974790961868,4.784729129869,281.8,0.20000000000004547,-0.01099581248142581,-0.004818746519830164,0.01200534090099298,0.06002670450495125
method2,1410,5.0,750.8317,0.0609199448484079,4.77986592544915,281.99999999999994,0.1999999999999318,-0.010977534247778892,-0.004863204419849332,0.01200654052549695,0.06003270262750522
method2,1411,5.0,751.0317,0.0499608685811126,4.77495833226311,282.2,0.20000000000004547,-0.010959076267295302,-0.00490759318604006,0.012007740150089107,0.060038700750431884
method2,1412,5.0,751.2317,0.0390204297804857,4.77000642017145,282.40000000000003,0.20000000000004547,-0.010940438800626902,-0.004951912091660127,0.01200893977475915,0.0600446988737821
method2,1413,5.0,751.4317,0.0280988076691393,4.76501025976048,282.59999999999997,0.1999999999999318,-0.0109216221113464,-0.004996160410970063,0.012010139399490546,0.06005069699747321
method2,1414,5.0,751.6317,0.017196181203146,4.75996992234124,282.8,0.20000000000004547,-0.010902626465993298,-0.0050403374192402595,0.01201133902430412,0.06005669512150695
method2,1415,5.0,751.8317,0.00631272906912495,4.75488547994851,282.99999999999994,0.1999999999999318,-0.010883452134021051,-0.005084442392729649,0.012012538649199584,0.06006269324601841
method2,1416,5.0,752.0317,-0.00455137031866615,4.74975700533982,283.2,0.20000000000004547,-0.0108640993877911,-0.005128474608690148,0.012013738274150245,0.060068691370737566
method2,1417,5.0,752.2317,-0.0153959388213079,4.74458457199436,283.40000000000003,0.20000000000004547,-0.01084456850264175,-0.005172433345459915,0.01201493789920344,0.060074689496003544
method2,1418,5.0,752.4317,-0.0262207985780698,4.73936825411204,283.59999999999997,0.1999999999999318,-0.0108248597567619,-0.005216317882320354,0.012016137524303657,0.06008068762153878
method2,1419,5.0,752.6317,-0.0370257720093796,4.73410812661232,283.8,0.20000000000004547,-0.0108049734313098,-0.005260127499719935,0.0120173371494945,0.06008668574745884
method2,1420,5.0,752.8317,-0.0478106818197153,4.72880426513324,283.99999999999994,0.1999999999999318,-0.010784909810335704,-0.005303861479079686,0.012018536774763418,0.060092683873837587
method2,1421,5.0,753.0317,-0.0585753510004969,4.72345674603032,284.2,0.20000000000004547,-0.010764669180781596,-0.005347519102920195,0.012019736400094867,0.06009868200046067
method2,1422,5.0,753.2317,-0.0693196028330207,4.71806564637547,284.40000000000003,0.20000000000004547,-0.010744251832523803,-0.005391099654850073,0.01202093602550216,0.06010468012749714
method2,1423,5.0,753.4317,-0.0800432608913417,4.71263104395586,284.59999999999997,0.1999999999999318,-0.010723658058320998,-0.005434602419609469,0.012022135650998867,0.060110678255014836
method2,1424,5.0,753.6317,-0.0907461490451522,4.7071530172729,284.8,0.20000000000004547,-0.0107028881538105,-0.0054780266829599356,0.012023335276544448,0.060116676382708574
method2,1425,5.0,753.8317,-0.101428091462723,4.70163164554101,284.99999999999994,0.1999999999999318,-0.010681942417570797,-0.00552137173189049,0.012024534902191337,0.06012267451097719
method2,1426,5.0,754.0317,-0.112088912613723,4.69606700868657,285.2,0.20000000000004547,-0.010660821151000005,-0.005564636854439975,0.01202573452789478,0.06012867263946023
method2,1427,5.0,754.2317,-0.122728437272159,4.69045918734673,285.40000000000003,0.20000000000004547,-0.010639524658435998,-0.005607821339840058,0.012026934153683272,0.06013467076840269
method2,1428,5.0,754.4317,-0.133346490519226,4.68480826286829,285.59999999999997,0.1999999999999318,-0.010618053247067008,-0.005650924478439734,0.012028133779542843,0.06014066889773473
method2,1429,5.0,754.6317,-0.143942897746175,4.6791143173065,285.8,0.20000000000004547,-0.01059640722694899,-0.005693945561789704,0.012029333405470206,0.060146667027337355
method2,1430,5.0,754.8317,-0.154517484657206,4.67337743342389,285.99999999999994,0.1999999999999318,-0.010574586911030998,-0.0057368838826104,0.012030533031478824,0.06015266515741464
method2,1431,5.0,755.0317,-0.16507007727232,4.66759769468908,286.2,0.20000000000004547,-0.010552592615114015,-0.005779738734809747,0.012031732657569275,0.060158663287832696
method2,1432,5.0,755.2317,-0.175600501930161,4.66177518527561,286.40000000000003,0.20000000000004547,-0.010530424657840987,-0.005822509413469845,0.012032932283712496,0.0601646614185488
method2,1433,5.0,755.4317,-0.18610858529092,4.65590999006066,286.59999999999997,0.1999999999999318,-0.010508083360759007,-0.005865195214949992,0.012034131909952317,0.0601706595497821
method2,1434,5.0,755.6317,-0.196594154339126,4.65000219462388,286.8,0.20000000000004547,-0.010485569048205995,-0.0059077954367801055,0.012035331536253392,0.06017665768125328
method2,1435,5.0,755.8317,-0.20705703638654,4.64405188524613,286.99999999999994,0.1999999999999318,-0.010462882047413996,-0.005950309377750429,0.012036531162633311,0.06018265581318708
method2,1436,5.0,756.0317,-0.217497059074979,4.63805914890824,287.2,0.20000000000004547,-0.010440022688438994,-0.005992736337890214,0.012037730789089394,0.06018865394543329
method2,1437,5.0,756.2317,-0.227914050379139,4.63202407328973,287.40000000000003,0.20000000000004547,-0.010416991304160017,-0.006035075618509467,0.012038930415617197,0.0601946520780723
method2,1438,5.0,756.4317,-0.238307838609454,4.62594674676758,287.59999999999997,0.1999999999999318,-0.010393788230315004,-0.006077326522150095,0.012040130042215644,0.06020065021109875
method2,1439,5.0,756.6317,-0.248678252414913,4.61982725841489,287.8,0.20000000000004547,-0.010370413805459,-0.006119488352689828,0.012041329668901233,0.06020664834449248
method2,1440,5.0,756.8317,-0.259025120785859,4.61366569799965,287.99999999999994,0.1999999999999318,-0.010346868370945977,-0.006161560415240075,0.012042529295639504,0.06021264647821806
method2,1441,5.0,757.0317,-0.269348273056861,4.60746215598337,288.2,0.20000000000004547,-0.010323152271002,-0.006203542016280039,0.012043728922474366,0.06021864461235814
method2,1442,5.0,757.2317,-0.279647538909459,4.60121672351981,288.40000000000003,0.20000000000004547,-0.010299265852597994,-0.006245432463559908,0.012044928549367949,0.06022464274682605
method2,1443,5.0,757.4317,-0.289922748375026,4.59492949245362,288.59999999999997,0.1999999999999318,-0.010275209465567037,-0.006287231066190557,0.012046128176345712,0.0602306408817491
method2,1444,5.0,757.6317,-0.300173731837548,4.58860055531903,288.8,0.20000000000004547,-0.010250983462521956,-0.006328937134589374,0.012047327803396195,0.060236639016967276
method2,1445,5.0,757.8317,-0.310400320036409,4.58223000533848,288.99999999999994,0.1999999999999318,-0.01022658819886102,-0.006370549980550422,0.012048527430510936,0.060242637152575225
method2,1446,5.0,758.0317,-0.320602344069213,4.57581793642125,289.2,0.20000000000004547,-0.010202024032804013,-0.006412068917230229,0.012049727057706357,0.060248635288518086
method2,1447,5.0,758.2317,-0.330779635394553,4.56936444316209,289.40000000000003,0.20000000000004547,-0.01017729132534001,-0.0064534932591593375,0.012050926684983858,0.06025463342490559
method2,1448,5.0,758.4317,-0.340932025834777,4.56286962083987,289.59999999999997,0.1999999999999318,-0.01015239044022398,-0.006494822322220095,0.012052126312313512,0.06026063156158811
method2,1449,5.0,758.6317,-0.351059347578812,4.5563335654161,289.8,0.20000000000004547,-0.010127321744035023,-0.006536055423770115,0.012053325939747887,0.06026662969872573
method2,1450,5.0,758.8317,-0.361161433184875,4.54975637353364,289.99999999999994,0.1999999999999318,-0.01010208560606296,-0.006577191882460198,0.012054525567226807,0.06027262783615459
method2,1451,5.0,759.0317,-0.371238115583287,4.54313814251515,290.2,0.20000000000004547,-0.010076682398412029,-0.006618231018490128,0.012055725194801501,0.0602786259739938
method2,1452,5.0,759.2317,-0.381289228079211,4.53647897036178,290.40000000000003,0.20000000000004547,-0.010051112495923997,-0.006659172153369752,0.012056924822438541,0.060284624112179
method2,1453,5.0,759.4317,-0.391314604355401,4.52977895575163,290.59999999999997,0.1999999999999318,-0.01002537627618999,-0.006700014610149907,0.012058124450154563,0.060290622250793374
method2,1454,5.0,759.6317,-0.40131407847497,4.52303819803838,290.8,0.20000000000004547,-0.00999947411956903,-0.006740757713250112,0.012059324077935366,0.06029662038966312
method2,1455,5.0,759.8317,-0.411287484884125,4.51625679724974,290.99999999999994,0.1999999999999318,-0.00997340640915495,-0.006781400788639758,0.01206052370580718,0.06030261852905647
method2,1456,5.0,760.0317,-0.421234658414885,4.50943485408607,291.2,0.20000000000004547,-0.009947173530760023,-0.006821943163670241,0.01206172333372806,0.060308616668626594
method2,1457,5.0,760.2317,-0.431155434287864,4.50257246991879,291.40000000000003,0.20000000000004547,-0.009920775872979015,-0.006862384167280133,0.012062922961754319,0.06031461480875788
method2,1458,5.0,760.4317,-0.441049648114932,4.49566974678899,291.59999999999997,0.1999999999999318,-0.00989421382706801,-0.0069027231297997815,0.012064122589828764,0.060320612949164396
method2,1459,5.0,760.6317,-0.450917135901989,4.48872678740584,291.8,0.20000000000004547,-0.009867487787056983,-0.00694295938315026,0.012065322217984604,0.060326611089909304
method2,1460,5.0,760.8317,-0.460757734051656,4.48174369514509,291.99999999999994,0.1999999999999318,-0.00984059814966698,-0.006983092260750112,0.012066521846223015,0.060332609231135655
method2,1461,5.0,761.0317,-0.470571279365979,4.47472057404758,292.2,0.20000000000004547,-0.009813545314322991,-0.007023121097510021,0.012067721474518754,0.06033860737258005
method2,1462,5.0,761.2317,-0.48035760904915,4.46765752881763,292.40000000000003,0.20000000000004547,-0.009786329683171002,-0.007063045229950049,0.012068921102900374,0.06034460551448815
method2,1463,5.0,761.4317,-0.490116560710199,4.46055466482155,292.59999999999997,0.1999999999999318,-0.009758951661049009,-0.0071028639960797335,0.012070120731355464,0.0603506036567979
method2,1464,5.0,761.6317,-0.499847972365658,4.45341208808604,292.8,0.20000000000004547,-0.009731411655458988,-0.007142576735509998,0.012071320359871645,0.060356601799344496
method2,1465,5.0,761.8317,-0.509551682442306,4.44622990529662,292.99999999999994,0.1999999999999318,-0.009703710076647998,-0.007182182789420288,0.012072519988481481,0.06036259994242799
method2,1466,5.0,762.0317,-0.519227529779779,4.43900822379607,293.2,0.20000000000004547,-0.009675847337473065,-0.007221681500549693,0.01207371961714642,0.06036859808571837
method2,1467,5.0,762.2317,-0.52887535363329,4.43174715158278,293.40000000000003,0.20000000000004547,-0.009647823853510928,-0.007261072213290198,0.012074919245899306,0.0603745962294828
method2,1468,5.0,762.4317,-0.538494993676286,4.42444679730921,293.59999999999997,0.1999999999999318,-0.00961964004299598,-0.007300354273569454,0.012076118874722768,0.06038059437363444
method2,1469,5.0,762.6317,-0.548086290003083,4.41710727028023,293.8,0.20000000000004547,-0.009591296326797005,-0.0073395270289804415,0.012077318503606842,0.060386592518020483
method2,1470,5.0,762.8317,-0.557649083131572,4.40972868045149,293.99999999999994,0.1999999999999318,-0.009562793128489067,-0.0073785898287397345,0.012078518132579806,0.06039259066291963
method2,1471,5.0,763.0317,-0.567183214005809,4.4023111384278,294.2,0.20000000000004547,-0.009534130874236935,-0.00741754202369016,0.012079717761615436,0.060398588808063446
method2,1472,5.0,763.2317,-0.576688523998699,4.39485475546145,294.40000000000003,0.20000000000004547,-0.00950530999289001,-0.007456382966349651,0.012080917390736677,0.06040458695366965
method2,1473,5.0,763.4317,-0.586164854914615,4.38735964345059,294.59999999999997,0.1999999999999318,-0.009476330915916042,-0.007495112010860616,0.012082117019930458,0.0604105850996729
method2,1474,5.0,763.6317,-0.595612048992019,4.37982591493755,294.8,0.20000000000004547,-0.00944719407740402,-0.007533728513039684,0.01208331664917893,0.06041658324588091
method2,1475,5.0,763.8317,-0.605029948906103,4.3722536831071,294.99999999999994,0.1999999999999318,-0.009417899914083927,-0.007572231830449638,0.01208451627851842,0.06042258139261271
method2,1476,5.0,764.0317,-0.614418397771397,4.36464306178483,295.2,0.20000000000004547,-0.009388448865293997,-0.007610621322270639,0.012085715907932,0.06042857953964626
method2,1477,5.0,764.2317,-0.623777239144362,4.35699416543542,295.40000000000003,0.20000000000004547,-0.009358841372965054,-0.007648896349409462,0.012086915537403735,0.06043457768700493
method2,1478,5.0,764.4317,-0.633106317026035,4.3493071091609,295.59999999999997,0.1999999999999318,-0.009329077881673031,-0.007687056274519932,0.012088115166971121,0.06044057583487622
method2,1479,5.0,764.6317,-0.642405475864568,4.34158200869898,295.8,0.20000000000004547,-0.00929915883853294,-0.00772510046192032,0.012089314796589045,0.06044657398293148
method2,1480,5.0,764.8317,-0.651674560557864,4.33381898042124,295.99999999999994,0.1999999999999318,-0.009269084693296015,-0.007763028277739892,0.012090514426296495,0.06045257213150309
method2,1481,5.0,765.0317,-0.660913416456146,4.32601814133146,296.2,0.20000000000004547,-0.009238855898281995,-0.007800839089780354,0.012091714056074315,0.06045857028035783
method2,1482,5.0,765.2317,-0.670121889364515,4.31817960906382,296.40000000000003,0.20000000000004547,-0.009208472908369014,-0.007838532267640197,0.012092913685915512,0.06046456842956381
method2,1483,5.0,765.4317,-0.679299825545546,4.31030350188112,296.59999999999997,0.1999999999999318,-0.009177936181031021,-0.007876107182699599,0.01209411331584298,0.060470566579235524
method2,1484,5.0,765.6317,-0.688447071721837,4.30238993867305,296.8,0.20000000000004547,-0.009147246176290924,-0.007913563208069796,0.01209531294583918,0.06047656472918215
method2,1485,5.0,765.8317,-0.697563475078553,4.29443903895437,296.99999999999994,0.1999999999999318,-0.00911640335671604,-0.007950899718680127,0.0120965125758977,0.06048256287950913
method2,1486,5.0,766.0317,-0.706648883266011,4.2864509228631,297.2,0.20000000000004547,-0.009085408187458066,-0.007988116091270037,0.012097712206046949,0.06048856103022099
method2,1487,5.0,766.2317,-0.715703144402174,4.27842571115874,297.40000000000003,0.20000000000004547,-0.009054261136162922,-0.00802521170435977,0.012098911836261281,0.06049455918129265
method2,1488,5.0,766.4317,-0.724726107075218,4.27036352522044,297.59999999999997,0.1999999999999318,-0.009022962673044033,-0.008062185938300104,0.012100111466547317,0.060500557332757214
method2,1489,5.0,766.6317,-0.733717620346057,4.26226448704516,297.8,0.20000000000004547,-0.008991513270839024,-0.008099038175280349,0.012101311096915191,0.0605065554845622
method2,1490,5.0,766.8317,-0.742677533750838,4.25412871924585,297.99999999999994,0.1999999999999318,-0.008959913404780973,-0.00813576779930969,0.01210251072734324,0.06051255363673684
method2,1491,5.0,767.0317,-0.751605697303488,4.24595634504958,298.2,0.20000000000004547,-0.008928163552650026,-0.008172374196270482,0.012103710357850437,0.06051855178923842
method2,1492,5.0,767.2317,-0.760501961498203,4.23774748829568,298.40000000000003,0.20000000000004547,-0.008896264194715009,-0.008208856753899596,0.012104909988439041,0.06052454994218144
method2,1493,5.0,767.4317,-0.769366177311931,4.22950227343391,298.59999999999997,0.1999999999999318,-0.008864215813727983,-0.008245214861769767,0.012106109619076407,0.060530548095402675
method2,1494,5.0,767.6317,-0.778198196206906,4.22122082552249,298.8,0.20000000000004547,-0.00883201889497498,-0.008281447911420159,0.012107309249819316,0.06053654624908282
method2,1495,5.0,767.8317,-0.786997870133081,4.21290327022632,298.99999999999994,0.1999999999999318,-0.008799673926174978,-0.008317555296169843,0.012108508880611466,0.06054254440307798
method2,1496,5.0,768.0317,-0.795765051530645,4.204549733815,299.2,0.20000000000004547,-0.00876718139756405,-0.008353536411320306,0.01210970851148149,0.06054854255739368
method2,1497,5.0,768.2317,-0.804499593332473,4.19616034316093,299.40000000000003,0.20000000000004547,-0.008734541801827977,-0.008389390654070183,0.01211090814243426,0.06055454071215753
method2,1498,5.0,768.4317,-0.813201348966584,4.18773522573743,299.59999999999997,0.1999999999999318,-0.00870175563411102,-0.008425117423500161,0.012112107773445086,0.060560538867246085
method2,1499,5.0,768.6317,-0.821870172358611,4.17927450961675,299.8,0.20000000000004547,-0.008668823392027014,-0.008460716120679557,0.012113307404539921,0.060566537022685836
method2,1500,5.0,768.8317,-0.830505917934241,4.17077832346818,299.99999999999994,0.1999999999999318,-0.00863574557562996,-0.008496186148570395,0.01211450703570607,0.06057253517855101
method2,1501,5.0,769.0317,-0.839108440621636,4.16224679655606,300.2,0.20000000000004547,-0.008602522687395031,-0.00853152691211978,0.012115706666941483,0.060578533334693645
method2,1502,5.0,769.2317,-0.847677595853908,4.15368005873785,300.40000000000003,0.20000000000004547,-0.008569155232271974,-0.008566737818210157,0.012116906298256427,0.060584531491268356
method2,1503,5.0,769.4317,-0.85621323957149,4.14507824046214,300.59999999999997,0.1999999999999318,-0.008535643717581975,-0.008601818275709938,0.012118105929634141,0.06059052964819137
method2,1504,5.0,769.6317,-0.864715228224593,4.13644147276667,300.8,0.20000000000004547,-0.008501988653103032,-0.008636767695469949,0.012119305561087484,0.06059652780542364
method2,1505,5.0,769.8317,-0.873183418775598,4.12776988727633,300.99999999999994,0.1999999999999318,-0.008468190551005006,-0.008671585490339417,0.012120505192622772,0.06060252596313453
method2,1506,5.0,770.0317,-0.881617668701448,4.11906361620119,301.2,0.20000000000004547,-0.008434249925849957,-0.008706271075140215,0.012121704824220196,0.0606085241210872
method2,1507,5.0,770.2317,-0.890017835996066,4.11032279233446,301.40000000000003,0.20000000000004547,-0.00840016729461801,-0.008740823866729919,0.012122904455895272,0.060614522279462575
method2,1508,5.0,770.4317,-0.898383779172717,4.10154754905048,301.59999999999997,0.1999999999999318,-0.008365943176650958,-0.008775243283980494,0.012124104087642825,0.0606205204382348
method2,1509,5.0,770.6317,-0.906715357266386,4.09273802030269,301.8,0.20000000000004547,-0.008331578093669023,-0.008809528747789841,0.012125303719455494,0.06062651859726369
method2,1510,5.0,770.8317,-0.915012429836176,4.08389434062158,301.99999999999994,0.1999999999999318,-0.008297072569790065,-0.008843679681110217,0.01212650335135584,0.060632516756799884
method2,1511,5.0,771.0317,-0.923274856967626,4.07501664511266,302.2,0.20000000000004547,-0.008262427131449979,-0.008877695508919814,0.012127702983319461,0.060638514916583515
method2,1512,5.0,771.2317,-0.931502499275094,4.06610506945439,302.40000000000003,0.20000000000004547,-0.008227642307467975,-0.008911575658269832,0.012128902615352485,0.06064451307674863
method2,1513,5.0,771.4317,-0.939695217904101,4.05715974989609,302.59999999999997,0.1999999999999318,-0.008192718629007056,-0.008945319558300469,0.012130102247474756,0.06065051123739447
method2,1514,5.0,771.6317,-0.947852874533646,4.04818082325592,302.8,0.20000000000004547,-0.00815765662954493,-0.00897892664016986,0.01213130187964632,0.06065650939821781
method2,1515,5.0,771.8317,-0.955975331378562,4.03916842691872,302.99999999999994,0.1999999999999318,-0.008122456844916082,-0.009012396337199746,0.012132501511901636,0.06066250755952887
method2,1516,5.0,772.0317,-0.964062451191827,4.03012269883395,303.2,0.20000000000004547,-0.008087119813264931,-0.009045728084769777,0.012133701144238508,0.060668505721178746
method2,1517,5.0,772.2317,-0.972114097266855,4.0210437775136,303.40000000000003,0.20000000000004547,-0.008051646075028063,-0.009078921320350375,0.012134900776628847,0.06067450388313044
method2,1518,5.0,772.4317,-0.980130133439851,4.01193180203003,303.59999999999997,0.1999999999999318,-0.008016036172995955,-0.009111975483570234,0.012136100409108546,0.060680502045563425
method2,1519,5.0,772.6317,-0.988110424092046,4.00278691201387,303.8,0.20000000000004547,-0.007980290652194966,-0.00914489001615948,0.012137300041655214,0.06068650020826227
method2,1520,5.0,772.8317,-0.996054834152031,3.9936092476519,303.99999999999994,0.1999999999999318,-0.00794441005998503,-0.009177664361970095,0.012138499674266475,0.06069249837135307
method2,1521,5.0,773.0317,-1.00396322909802,3.98439894968485,304.2,0.20000000000004547,-0.00790839494598905,-0.009210297967050085,0.012139699306967702,0.06069849653482471
method2,1522,5.0,773.2317,-1.0118354749601,3.97515615940531,304.40000000000003,0.20000000000004547,-0.007872245862079907,-0.009242790279540003,0.012140898939724084,0.060704494698606615
method2,1523,5.0,773.4317,-1.01967143832255,3.96588101865554,304.59999999999997,0.1999999999999318,-0.007835963362450071,-0.009275140749769761,0.012142098572557356,0.06071049286280749
method2,1524,5.0,773.6317,-1.02747098632603,3.95657366982526,304.8,0.20000000000004547,-0.007799548003480039,-0.009307348830280393,0.012143298205475779,0.06071649102736509
method2,1525,5.0,773.8317,-1.03523398666986,3.94723425584955,304.99999999999994,0.1999999999999318,-0.00776300034383004,-0.00933941397570992,0.012144497838444828,0.06072248919224485
method2,1526,5.0,774.0317,-1.04296030761426,3.93786292020658,305.2,0.20000000000004547,-0.007726320944399845,-0.009371335642970102,0.012145697471494734,0.060728487357459865
method2,1527,5.0,774.2317,-1.05064981798258,3.92845980691545,305.40000000000003,0.20000000000004547,-0.007689510368320107,-0.009403113291129639,0.012146897104623933,0.060734485523105855
method2,1528,5.0,774.4317,-1.05830238716349,3.91902506053396,305.59999999999997,0.1999999999999318,-0.007652569180909952,-0.009434746381490111,0.01214809673782908,0.06074048368916612
method2,1529,5.0,774.6317,-1.06591788511323,3.90955882615643,305.8,0.20000000000004547,-0.0076154979497400355,-0.009466234377530025,0.012149296371100095,0.060746481855486666
method2,1530,5.0,774.8317,-1.07349618235776,3.90006124941143,305.99999999999994,0.1999999999999318,-0.0075782972445299635,-0.009497576744999847,0.012150496004427651,0.060752480022158974
method2,1531,5.0,775.0317,-1.08103714999504,3.89053247645956,306.2,0.20000000000004547,-0.0075409676372799606,-0.009528772951870046,0.012151695637843877,0.06075847818920557
method2,1532,5.0,775.2317,-1.08854065969713,3.88097265399119,306.40000000000003,0.20000000000004547,-0.007503509702090128,-0.009559822468370172,0.01215289527133826,0.060764476356677484
method2,1533,5.0,775.4317,-1.09600658371239,3.87138192922424,306.59999999999997,0.1999999999999318,-0.007465924015259917,-0.009590724766949776,0.012154094904887761,0.06077047452445953
method2,1534,5.0,775.6317,-1.10343479486768,3.86176044990187,306.8,0.20000000000004547,-0.00742821115528991,-0.009621479322370341,0.0121552945385282,0.06077647269262718
method2,1535,5.0,775.8317,-1.11082516657049,3.85210836429027,306.99999999999994,0.1999999999999318,-0.007390371702810095,-0.009652085611600025,0.012156494172225495,0.060782470861148206
method2,1536,5.0,776.0317,-1.11817757281107,3.8424258211763,307.2,0.20000000000004547,-0.007352406240580089,-0.009682543113969988,0.012157693805998269,0.060788469029977525
method2,1537,5.0,776.2317,-1.12549188816462,3.83271296986525,307.40000000000003,0.20000000000004547,-0.007314315353549983,-0.009712851311050041,0.012158893439854776,0.06079446719926006
method2,1538,5.0,776.4317,-1.13276798779338,3.82296996017856,307.59999999999997,0.1999999999999318,-0.007276099628759969,-0.009743009686689952,0.012160093073762849,0.06080046536883498
method2,1539,5.0,776.6317,-1.14000574744878,3.81319694245144,307.8,0.20000000000004547,-0.007237759655399856,-0.009773017727119804,0.012161292707764736,0.060806463538809856
method2,1540,5.0,776.8317,-1.14720504347352,3.80339406753063,307.99999999999994,0.1999999999999318,-0.0071992960247400095,-0.009802874920810112,0.012162492341822262,0.06081246170913205
method2,1541,5.0,777.0317,-1.15436575280372,3.79356148677204,308.2,0.20000000000004547,-0.007160709330199966,-0.009832580758589948,0.012163691975950646,0.0608184598797394
method2,1542,5.0,777.2317,-1.16148775297098,3.78369935203839,308.40000000000003,0.20000000000004547,-0.007122000167260056,-0.009862134733650052,0.012164891610167311,0.060824458050822726
method2,1543,5.0,777.4317,-1.16857092210446,3.77380781569692,308.59999999999997,0.1999999999999318,-0.007083169133480061,-0.009891536341469997,0.012166091244442742,0.06083045622223446
method2,1544,5.0,777.6317,-1.17561513893299,3.763887030617,308.8,0.20000000000004547,-0.00704421682853007,-0.009920785079919892,0.012167290878799083,0.06083645439398158
method2,1545,5.0,777.8317,-1.18262028278712,3.75393715016781,308.99999999999994,0.1999999999999318,-0.007005143854129869,-0.009949880449190207,0.012168490513216132,0.06084245256610141
method2,1546,5.0,778.0317,-1.18958623360117,3.74395832821591,309.2,0.20000000000004547,-0.006965950814050048,-0.009978821951899697,0.012169690147718626,0.06084845073857929
method2,1547,5.0,778.2317,-1.19651287191529,3.73395071912294,309.40000000000003,0.20000000000004547,-0.006926638314119993,-0.01000760909297016,0.012170889782276975,0.06085444891137104
method2,1548,5.0,778.4317,-1.20340007887749,3.72391447774315,309.59999999999997,0.1999999999999318,-0.00688720696219991,-0.010036241379789868,0.012172089416923512,0.060860447084638315
method2,1549,5.0,778.6317,-1.21024773624569,3.7138497594211,309.8,0.20000000000004547,-0.006847657368200144,-0.010064718322050137,0.012173289051627643,0.06086644525812438
method2,1550,5.0,778.8317,-1.21705572638972,3.70375671998917,309.99999999999994,0.1999999999999318,-0.006807990144029885,-0.010093039431930073,0.012174488686417323,0.060872443432107376
method2,1551,5.0,779.0317,-1.22382393229332,3.69363551576521,310.2,0.20000000000004547,-0.006768205903600055,-0.01012120422395979,0.012175688321266611,0.060878441606319215
method2,1552,5.0,779.2317,-1.23055223755618,3.6834863035501,310.40000000000003,0.20000000000004547,-0.006728305262859946,-0.010149212215110115,0.012176887956188528,0.0608844397809288
method2,1553,5.0,779.4317,-1.23724052639593,3.67330924062532,310.59999999999997,0.1999999999999318,-0.006688288839750145,-0.010177062924780156,0.012178087591196787,0.0608904379560047
method2,1554,5.0,779.6317,-1.24388868365005,3.66310448475052,310.8,0.20000000000004547,-0.006648157254119935,-0.010204755874799964,0.01217928722626131,0.060896436131292704
method2,1555,5.0,779.8317,-1.25049659477794,3.65287219416108,310.99999999999994,0.1999999999999318,-0.006607911127890054,-0.010232290589439863,0.01218048686140389,0.06090243430704022
method2,1556,5.0,780.0317,-1.25706414586284,3.64261252756566,311.2,0.20000000000004547,-0.006567551084899925,-0.010259666595420214,0.01218168649662072,0.060908432483089754
method2,1557,5.0,780.2317,-1.26359122361376,3.63232564414374,311.40000000000003,0.20000000000004547,-0.006527077750920096,-0.010286883421919857,0.012182886131895256,0.06091443065946243
method2,1558,5.0,780.4317,-1.27007771536746,3.62201170354312,311.59999999999997,0.1999999999999318,-0.0064864917536999744,-0.010313940600620075,0.012184085767259559,0.06092042883631857
method2,1559,5.0,780.6317,-1.27652350909039,3.61167086587751,311.8,0.20000000000004547,-0.00644579372292986,-0.010340837665610003,0.012185285402692073,0.06092642701344651
method2,1560,5.0,780.8317,-1.28292849338056,3.601303291724,311.99999999999994,0.1999999999999318,-0.006404984290170113,-0.01036757415350964,0.012186485038182546,0.06093242519093351
method2,1561,5.0,781.0317,-1.28929255746953,3.59090914212057,312.2,0.20000000000004547,-0.006364064088969945,-0.010394149603430325,0.012187684673760133,0.06093842336878681
method2,1562,5.0,781.2317,-1.29561559122426,3.58048857856361,312.40000000000003,0.20000000000004547,-0.006323033754729979,-0.010420563556960083,0.012188884309406635,0.06094442154701932
method2,1563,5.0,781.4317,-1.30189748514901,3.57004176300541,312.59999999999997,0.1999999999999318,-0.006281893924749982,-0.010446815558199596,0.012190083945110954,0.06095041972557556
method2,1564,5.0,781.6317,-1.30813813038725,3.55956885785161,312.8,0.20000000000004547,-0.006240645238239972,-0.010472905153800394,0.012191283580905913,0.060956417904515704
method2,1565,5.0,781.8317,-1.31433741872353,3.54907002595875,312.99999999999994,0.1999999999999318,-0.006199288336280029,-0.010498831892859606,0.012192483216755461,0.0609624160837981
method2,1566,5.0,782.0317,-1.32049524258533,3.53854543063166,313.2,0.20000000000004547,-0.0061578238618000825,-0.010524595327090047,0.012193682852688934,0.06096841426343081
method2,1567,5.0,782.2317,-1.32661149504491,3.52799523562097,313.40000000000003,0.20000000000004547,-0.006116252459579918,-0.0105501950106901,0.012194882488687936,0.060974412443425816
method2,1568,5.0,782.4317,-1.33268606982119,3.51741960512055,313.59999999999997,0.1999999999999318,-0.0060745747762800395,-0.010575630500420097,0.012196082124765866,0.06098041062385013
method2,1569,5.0,782.6317,-1.33871886128155,3.50681870376497,313.8,0.20000000000004547,-0.006032791460359954,-0.010600901355580117,0.012197281760906089,0.06098640880451658
method2,1570,5.0,782.8317,-1.34470976444367,3.49619269662691,313.99999999999994,0.1999999999999318,-0.0059909031621201425,-0.010626007138059723,0.012198481397124697,0.06099240698564429
method2,1571,5.0,783.0317,-1.35065867497734,3.48554174921463,314.2,0.20000000000004547,-0.00594891053366986,-0.010650947412280232,0.012199681033402765,0.060998405166999954
method2,1572,5.0,783.2317,-1.35656548920629,3.47486602746935,314.40000000000003,0.20000000000004547,-0.005906814228950008,-0.010675721745279976,0.012200880669770113,0.061004403348836694
method2,1573,5.0,783.4317,-1.36243010410993,3.46416569776272,314.59999999999997,0.1999999999999318,-0.005864614903640097,-0.01070032970662993,0.012202080306184863,0.06101040153094512
method2,1574,5.0,783.6317,-1.36825241732519,3.45344092689415,314.8,0.20000000000004547,-0.005822313215259944,-0.010724770868570044,0.01220327994270062,0.061016399713489225
method2,1575,5.0,783.8317,-1.37403232714827,3.44269188208832,314.99999999999994,0.1999999999999318,-0.005779909823079965,-0.010749044805829833,0.012204479579264065,0.06102239789634113
method2,1576,5.0,784.0317,-1.3797697325364,3.43191873099247,315.2,0.20000000000004547,-0.005737405388130057,-0.010773151095849975,0.012205679215912457,0.06102839607954841
method2,1577,5.0,784.2317,-1.3854645331096,3.42112164167386,315.40000000000003,0.20000000000004547,-0.005694800573200043,-0.01079708931861001,0.012206878852620841,0.061034394263090326
method2,1578,5.0,784.4317,-1.39111662915243,3.4103007826171,315.59999999999997,0.1999999999999318,-0.005652096042829902,-0.010820859056760224,0.012208078489411968,0.06104039244708066
method2,1579,5.0,784.6317,-1.39672592161571,3.39945632272156,315.8,0.20000000000004547,-0.005609292463280013,-0.010844459895539948,0.012209278126268737,0.06104639063132981
method2,1580,5.0,784.8317,-1.40229231211825,3.38858843129871,315.99999999999994,0.1999999999999318,-0.005566390502540042,-0.01086789142284994,0.012210477763200884,0.06105238881602524
method2,1581,5.0,785.0317,-1.40781570294855,3.37769727806951,316.2,0.20000000000004547,-0.005523390830300068,-0.010891153229199979,0.012211677400183646,0.061058387000904345
method2,1582,5.0,785.2317,-1.41329599706654,3.36678303316169,316.40000000000003,0.20000000000004547,-0.005480294117989892,-0.010914244907819892,0.012212877037272874,0.06106438518635049
method2,1583,5.0,785.4317,-1.41873309810522,3.3558458671072,316.59999999999997,0.1999999999999318,-0.005437101038680003,-0.010937166054490355,0.012214076674407742,0.06107038337205954
method2,1584,5.0,785.6317,-1.42412691037237,3.34488595083946,316.8,0.20000000000004547,-0.005393812267149967,-0.010959916267739622,0.012215276311615758,0.061076381558064906
method2,1585,5.0,785.8317,-1.42947733885223,3.33390345569072,316.99999999999994,0.1999999999999318,-0.005350428479860003,-0.010982495148740057,0.012216475948905884,0.061082379744550254
method2,1586,5.0,786.0317,-1.43478428920711,3.32289855338939,317.2,0.20000000000004547,-0.005306950354880158,-0.011004902301329889,0.012217675586255288,0.06108837793126255
method2,1587,5.0,786.2317,-1.44004766777912,3.31187141605735,317.40000000000003,0.20000000000004547,-0.00526337857200998,-0.011027137332040304,0.012218875223684493,0.06109437611840857
method2,1588,5.0,786.4317,-1.44526738159173,3.30082221620725,317.59999999999997,0.1999999999999318,-0.005219713812609994,-0.011049199850099889,0.012220074861186364,0.06110037430595266
method2,1589,5.0,786.6317,-1.45044333835143,3.28975112673984,317.8,0.20000000000004547,-0.00517595675969984,-0.0110710894674102,0.012221274498745355,0.06110637249371288
method2,1590,5.0,786.8317,-1.45557544644936,3.27865832094122,317.99999999999994,0.1999999999999318,-0.005132108097930077,-0.011092805798619931,0.012222474136390531,0.0611123706819735
method2,1591,5.0,787.0317,-1.46066361496291,3.26754397248019,318.2,0.20000000000004547,-0.005088168513549984,-0.011114348461029877,0.012223673774094213,0.06111836887045717
method2,1592,5.0,787.2317,-1.46570775365729,3.25640825540547,318.40000000000003,0.20000000000004547,-0.005044138694380029,-0.011135717074719942,0.012224873411874298,0.06112436705935759
method2,1593,5.0,787.4317,-1.47070777298714,3.245251344143,318.59999999999997,0.1999999999999318,-0.005000019329850058,-0.011156911262470093,0.012226073049737034,0.06113036524870602
method2,1594,5.0,787.6317,-1.47566358409811,3.23407341349325,318.8,0.20000000000004547,-0.004955811110969988,-0.011177930649750145,0.012227272687653501,0.061136363438253606
method2,1595,5.0,787.8317,-1.4805750988284,3.22287463862842,318.99999999999994,0.1999999999999318,-0.004911514730290056,-0.011198774864829897,0.0122284723256424,0.06114236162823286
method2,1596,5.0,788.0317,-1.48544222971033,3.21165519508971,319.2,0.20000000000004547,-0.004867130881929915,-0.01121944353870985,0.012229671963717345,0.06114835981857282
method2,1597,5.0,788.2317,-1.49026488997187,3.20041525878462,319.40000000000003,0.20000000000004547,-0.0048226602615399905,-0.011239936305090126,0.012230871601840975,0.06115435800919097
method2,1598,5.0,788.4317,-1.49504299353818,3.18915500598411,319.59999999999997,0.1999999999999318,-0.004778103566309921,-0.011260252800509907,0.01223207124005476,0.061160356200294655
method2,1599,5.0,788.6317,-1.49977645503314,3.17787461331991,319.8,0.20000000000004547,-0.004733461494960123,-0.0112803926642,0.012233270878338602,0.061166354391679105
method2,1600,5.0,788.8317,-1.50446518978082,3.16657425778173,319.99999999999994,0.1999999999999318,-0.004688734747679835,-0.011300355538180096,0.01223447051667451,0.06117235258339341
method2,1601,5.0,789.0317,-1.50910911380702,3.15525411671444,320.2,0.20000000000004547,-0.004643924026200175,-0.011320141067289846,0.012235670155102308,0.06117835077549763
method2,1602,5.0,789.2317,-1.51370814384073,3.14391436781537,320.40000000000003,0.20000000000004547,-0.004599030033709983,-0.011339748899070301,0.012236869793575992,0.06118434896786605
method2,1603,5.0,789.4317,-1.51826219731563,3.13255518913142,320.59999999999997,0.1999999999999318,-0.0045540534749000106,-0.011359178683949978,0.01223806943215115,0.06119034716077662
method2,1604,5.0,789.6317,-1.52277119237153,3.12117675905637,320.8,0.20000000000004547,-0.004508995055899856,-0.011378430075049906,0.012239269070779086,0.061196345353881514
method2,1605,5.0,789.8317,-1.52723504785584,3.10977925632801,320.99999999999994,0.1999999999999318,-0.004463855484310164,-0.011397502728359932,0.012240468709480777,0.06120234354742476
method2,1606,5.0,790.0317,-1.53165368332499,3.09836286002535,321.2,0.20000000000004547,-0.004418635469150001,-0.011416396302660115,0.012241668348253108,0.06120834174125162
method2,1607,5.0,790.2317,-1.5360270190459,3.08692774956582,321.40000000000003,0.20000000000004547,-0.004373335720909921,-0.011435110459530051,0.012242867987095193,0.06121433993546205
method2,1608,5.0,790.4317,-1.54035497599738,3.07547410470245,321.59999999999997,0.1999999999999318,-0.004327956951480028,-0.01145364486336975,0.01224406762599997,0.06122033813002073
method2,1609,5.0,790.6317,-1.54463747587152,3.064002105521,321.8,0.20000000000004547,-0.004282499874139978,-0.011471999181450254,0.012245267264996883,0.061226336324970494
method2,1610,5.0,790.8317,-1.5488744410751,3.05251193243721,321.99999999999994,0.1999999999999318,-0.004236965203580079,-0.011490173083789745,0.012246466904041945,0.06123233452023061
method2,1611,5.0,791.0317,-1.55306579473102,3.04100376619389,322.2,0.20000000000004547,-0.004191353655919938,-0.011508166243320073,0.012247666543178137,0.06123833271587676
method2,1612,5.0,791.2317,-1.55721146067961,3.02947778785814,322.40000000000003,0.20000000000004547,-0.004145665948589894,-0.011525978335749976,0.012248866182364617,0.06124433091180916
method2,1613,5.0,791.4317,-1.56131136348001,3.01793417881843,322.59999999999997,0.1999999999999318,-0.004099902800400068,-0.011543609039709857,0.012250065821635386,0.06125032910819782
method2,1614,5.0,791.6317,-1.56536542841156,3.00637312078182,322.8,0.20000000000004547,-0.004054064931549917,-0.011561058036610117,0.012251265460967295,0.06125632730482255
method2,1615,5.0,791.8317,-1.56937358147511,2.99479479577104,322.99999999999994,0.1999999999999318,-0.004008153063550068,-0.011578325010780155,0.012252465100382987,0.06126232550193583
method2,1616,5.0,792.0317,-1.57333574939434,2.98319938612168,323.2,0.20000000000004547,-0.003962167919230097,-0.011595409649360011,0.012253664739850173,0.06126832369923694
method2,1617,5.0,792.2317,-1.57725185961713,2.97158707447926,323.40000000000003,0.20000000000004547,-0.003916110222790037,-0.011612311642419826,0.012254864379409496,0.061274321897033544
method2,1618,5.0,792.4317,-1.58112184031678,2.95995804379642,323.59999999999997,0.1999999999999318,-0.003869980699649833,-0.011629030682839936,0.012256064019010951,0.061280320095075655
method2,1619,5.0,792.6317,-1.58494562039342,2.94831247732996,323.8,0.20000000000004547,-0.003823780076640082,-0.011645566466460089,0.012257263658714752,0.06128631829355983
method2,1620,5.0,792.8317,-1.58872312947518,2.93665055863803,323.99999999999994,0.1999999999999318,-0.00377750908176,-0.011661918691930229,0.012258463298471425,0.061292316492378034
method2,1621,5.0,793.0317,-1.59245429791954,2.92497247157719,324.2,0.20000000000004547,-0.0037311684443599447,-0.011678087060839726,0.012259662938300532,0.06129831469148872
method2,1622,5.0,793.2317,-1.59613905681457,2.91327840029953,324.40000000000003,0.20000000000004547,-0.0036847588950299492,-0.01169407127766009,0.012260862578199668,0.0613043128909844
method2,1623,5.0,793.4317,-1.59977733798017,2.90156852924976,324.59999999999997,0.1999999999999318,-0.0036382811656001657,-0.011709871049769838,0.012262062218167,0.06131031109085591
method2,1624,5.0,793.6317,-1.60336907396932,2.88984304316229,324.8,0.20000000000004547,-0.003591735989149969,-0.011725486087470038,0.012263261858217354,0.06131630929107283
method2,1625,5.0,793.8317,-1.60691419806929,2.87810212705835,324.99999999999994,0.1999999999999318,-0.0035451240999699873,-0.011740916103940346,0.012264461498327344,0.06132230749165763
method2,1626,5.0,794.0317,-1.61041264430289,2.86634596624306,325.2,0.20000000000004547,-0.003498446233600072,-0.011756160815289629,0.012265661138493181,0.06132830569245196
method2,1627,5.0,794.2317,-1.61386434742963,2.85457474630245,325.40000000000003,0.20000000000004547,-0.0034517031267398135,-0.011771219940610145,0.012266860778755228,0.061334303893762196
method2,1628,5.0,794.4317,-1.61726924294694,2.84278865310062,325.59999999999997,0.1999999999999318,-0.003404895517310047,-0.011786093201830106,0.01226806041907293,0.06134030209538557
method2,1629,5.0,794.6317,-1.62062726709137,2.83098787277675,325.8,0.20000000000004547,-0.003358024144429983,-0.011800780323869997,0.012269260059466177,0.06134630029731694
method2,1630,5.0,794.8317,-1.62393835683969,2.81917259174216,325.99999999999994,0.1999999999999318,-0.003311089748319951,-0.01181528103458973,0.01227045969993648,0.06135229849970332
method2,1631,5.0,795.0317,-1.62720244991011,2.80734299667741,326.2,0.20000000000004547,-0.003264093070420193,-0.01182959506475001,0.012271659340460967,0.061358296702290885
method2,1632,5.0,795.2317,-1.63041948476342,2.7954992745293,326.40000000000003,0.20000000000004547,-0.003217034853309819,-0.011843722148110025,0.012272858981062321,0.06136429490529765
method2,1633,5.0,795.4317,-1.63358940060409,2.78364161250793,326.59999999999997,0.1999999999999318,-0.0031699158406701677,-0.011857662021370174,0.012274058621742698,0.061370293108734424
method2,1634,5.0,795.6317,-1.63671213738141,2.77177019808378,326.8,0.20000000000004547,-0.00312273677731989,-0.011871414424149851,0.012275258262470055,0.06137629131233632
method2,1635,5.0,795.8317,-1.63978763579062,2.75988521898467,326.99999999999994,0.1999999999999318,-0.0030754984092100646,-0.011884979099110016,0.012276457903293422,0.061382289516488046
method2,1636,5.0,796.0317,-1.64281583727397,2.74798686319287,327.2,0.20000000000004547,-0.003028201483350035,-0.011898355791799986,0.012277657544174444,0.06138828772085826
method2,1637,5.0,796.2317,-1.64579668402183,2.73607531894208,327.40000000000003,0.20000000000004547,-0.002980846747860033,-0.011911544250790218,0.012278857185127664,0.06139428592562436
method2,1638,5.0,796.4317,-1.64873011897377,2.72415077471447,327.59999999999997,0.1999999999999318,-0.002933434951939873,-0.01192454422760969,0.012280056826150361,0.061400284130772746
method2,1639,5.0,796.6317,-1.65161608581961,2.7122134192377,327.8,0.20000000000004547,-0.0028859668458400822,-0.011937355476770328,0.012281256467237656,0.06140628233617432
method2,1640,5.0,796.8317,-1.65445452900046,2.70026344148191,327.99999999999994,0.1999999999999318,-0.0028384431808499144,-0.011949977755789654,0.012282456108400343,0.06141228054202266
method2,1641,5.0,797.0317,-1.6572453937098,2.68830103065675,328.2,0.20000000000004547,-0.0027908647093399797,-0.011962410825160141,0.012283655749643421,0.06141827874820314
method2,1642,5.0,797.2317,-1.65998862589445,2.67632637620841,328.40000000000003,0.20000000000004547,-0.002743232184650113,-0.011974654448339894,0.01228485539092938,0.061424276954632935
method2,1643,5.0,797.4317,-1.66268417225565,2.66433966781654,328.59999999999997,0.1999999999999318,-0.002695546361199952,-0.011986708391870327,0.01228605503231663,0.061430275161604105
method2,1644,5.0,797.6317,-1.66533198025,2.65234109539134,328.8,0.20000000000004547,-0.0026478079943499377,-0.01199857242519986,0.012287254673754829,0.061436273368760175
method2,1645,5.0,797.8317,-1.6679319980905,2.64033084907049,328.99999999999994,0.1999999999999318,-0.002600017840500124,-0.012010246320850015,0.012288454315267249,0.0614422715763572
method2,1646,5.0,798.0317,-1.6704841747475,2.62830911921616,329.2,0.20000000000004547,-0.002552176657000027,-0.012021729854330143,0.012289653956846322,0.061448269784217635
method2,1647,5.0,798.2317,-1.67298845994967,2.61627609641198,329.40000000000003,0.20000000000004547,-0.0025042852021699424,-0.01203302280418006,0.012290853598498548,0.06145426799247877
method2,1648,5.0,798.4317,-1.67544480418499,2.60423197146004,329.59999999999997,0.1999999999999318,-0.0024563442353200404,-0.01204412495193985,0.012292053240217034,0.06146026620110613
method2,1649,5.0,798.6317,-1.67785315870163,2.59217693537783,329.8,0.20000000000004547,-0.00240835451664001,-0.012055036082209813,0.012293252882016251,0.06146626441006728
method2,1650,5.0,798.8317,-1.68021347550894,2.58011117939527,329.99999999999994,0.1999999999999318,-0.002360316807309859,-0.012065755982560322,0.012294452523864558,0.06147226261934376
method2,1651,5.0,799.0317,-1.68252570737835,2.56803489495159,330.2,0.20000000000004547,-0.0023122318694099864,-0.012076284443679697,0.012295652165809485,0.061478260829033446
method2,1652,5.0,799.2317,-1.68478980784426,2.55594827369239,330.40000000000003,0.20000000000004547,-0.0022641004659100794,-0.012086621259200125,0.012296851807803601,0.06148425903900403
method2,1653,5.0,799.4317,-1.68700573120495,2.54385150746652,330.59999999999997,0.1999999999999318,-0.0022159233606899864,-0.01209676622586997,0.012298051449876116,0.061490257249401555
method2,1654,5.0,799.6317,-1.68917343252347,2.53174478832308,330.8,0.20000000000004547,-0.0021677013185199545,-0.012106719143440081,0.012299251092015793,0.061496255460064986
method2,1655,5.0,799.8317,-1.69129286762849,2.51962830850836,330.99999999999994,0.1999999999999318,-0.0021194351050199955,-0.01211647981471975,0.01230045073421711,0.061502253671106524
method2,1656,5.0,800.0317,-1.69336399311518,2.50750226046276,331.2,0.20000000000004547,-0.002071125486690084,-0.012126048045600246,0.012301650376507323,0.061508251882522624
method2,1657,5.0,800.2317,-1.69538676634605,2.49536683681779,331.40000000000003,0.20000000000004547,-0.0020227732308699675,-0.01213542364497,0.012302850018854212,0.061514250094257074
method2,1658,5.0,800.4317,-1.69736114545176,2.48322223039297,331.59999999999997,0.1999999999999318,-0.001974379105710078,-0.012144606424819848,0.012304049661263566,0.06152024830633881
method2,1659,5.0,800.6317,-1.69928708933199,2.47106863419276,331.8,0.20000000000004547,-0.00192594388022993,-0.01215359620021017,0.01230524930375481,0.06152624651876006
method2,1660,5.0,800.8317,-1.70116455765621,2.45890624140351,331.99999999999994,0.1999999999999318,-0.0018774683242199774,-0.01216239278925002,0.012306448946322828,0.06153224473163513
method2,1661,5.0,801.0317,-1.70299351086448,2.44673524539042,332.2,0.20000000000004547,-0.0018289532082700344,-0.012170996013090019,0.012307648588934215,0.06153824294465708
method2,1662,5.0,801.2317,-1.70477391016827,2.43455583969438,332.40000000000003,0.20000000000004547,-0.0017803993037899257,-0.012179405696040035,0.012308848231644914,0.061544241158210576
method2,1663,5.0,801.4317,-1.70650571755118,2.422368218029,332.59999999999997,0.1999999999999318,-0.0017318073829100111,-0.01218762166538001,0.012310047874396827,0.06155023937200513
method2,1664,5.0,801.6317,-1.70818889576976,2.41017257427742,332.8,0.20000000000004547,-0.0016831782185799948,-0.012195643751579777,0.01231124751724816,0.0615562375862268
method2,1665,5.0,801.8317,-1.7098234083542,2.39796910248933,332.99999999999994,0.1999999999999318,-0.0016345125844401398,-0.012203471788089892,0.01231244716014648,0.061562235800753394
method2,1666,5.0,802.0317,-1.71140921960912,2.38575799687782,333.2,0.20000000000004547,-0.0015858112549198555,-0.012211105611509954,0.012313646803107533,0.061568234015523665
method2,1667,5.0,802.2317,-1.71294629461424,2.37353945181626,333.40000000000003,0.20000000000004547,-0.0015370750051200144,-0.012218545061560171,0.012314846446169809,0.061574232230835045
method2,1668,5.0,802.4317,-1.71443459922513,2.36131366183531,333.59999999999997,0.1999999999999318,-0.001488304610890001,-0.01222578998094992,0.012316046089272802,0.06158023044638501
method2,1669,5.0,802.6317,-1.71587410007392,2.34908082161972,333.8,0.20000000000004547,-0.0014395008487899652,-0.012232840215590013,0.012317245732460782,0.06158622866228991
method2,1670,5.0,802.8317,-1.71726476456993,2.33684112600529,333.99999999999994,0.1999999999999318,-0.0013906644960099968,-0.012239695614430168,0.012318445375710517,0.061592226878573596
method2,1671,5.0,803.0317,-1.7186065609004,2.32459476997574,334.2,0.20000000000004547,-0.0013417963304700464,-0.012246356029550043,0.012319645019031985,0.06159822509514592
method2,1672,5.0,803.2317,-1.71989945803114,2.31234194865961,334.40000000000003,0.20000000000004547,-0.0012928971307399895,-0.012252821316129925,0.012320844662428122,0.0616042233121266
method2,1673,5.0,803.4317,-1.72114342570714,2.30008285732716,334.59999999999997,0.1999999999999318,-0.0012439676760001017,-0.012259091332449845,0.012322044305888532,0.061610221529463674
method2,1674,5.0,803.6317,-1.72233843445326,2.28781769138727,334.8,0.20000000000004547,-0.0011950087461198855,-0.012265165939890021,0.012323243949396656,0.06161621974696927
method2,1675,5.0,803.8317,-1.72348445557484,2.27554664638424,334.99999999999994,0.1999999999999318,-0.001146021121580132,-0.01227104500302989,0.012324443593018413,0.06162221796511308
method2,1676,5.0,804.0317,-1.7245814611583,2.26326991799482,335.2,0.20000000000004547,-0.0010970055834598202,-0.012276728389420288,0.012325643236672887,0.061628216183350425
method2,1677,5.0,804.2317,-1.72562942407172,2.25098770202495,335.40000000000003,0.20000000000004547,-0.0010479629134201307,-0.012282215969869892,0.012326842880414718,0.06163421440205957
method2,1678,5.0,804.4317,-1.72662831796549,2.23870019440672,335.59999999999997,0.1999999999999318,-0.0009988938937699476,-0.012287507618229832,0.012328042524223665,0.06164021262113935
method2,1679,5.0,804.6317,-1.72757811727282,2.22640759119522,335.8,0.20000000000004547,-0.0009497993073299682,-0.012292603211500275,0.012329242168097412,0.06164621084047304
method2,1680,5.0,804.8317,-1.72847879721035,2.21411008856541,335.99999999999994,0.1999999999999318,-0.0009006799375299579,-0.012297502629809998,0.012330441812037912,0.061652209060210586
method2,1681,5.0,805.0317,-1.72933033377866,2.20180788280898,336.2,0.20000000000004547,-0.0008515365683101628,-0.012302205756429707,0.012331641456055299,0.06165820728026247
method2,1682,5.0,805.2317,-1.73013270376285,2.18950117033125,336.40000000000003,0.20000000000004547,-0.0008023699841899212,-0.012306712477730297,0.012332841100129829,0.06166420550063512
method2,1683,5.0,805.4317,-1.73088588473303,2.17719014764797,336.59999999999997,0.1999999999999318,-0.0007531809701799563,-0.012311022683280104,0.012334040744301052,0.0616702037215263
method2,1684,5.0,805.6317,-1.73158985504483,2.16487501138229,336.8,0.20000000000004547,-0.0007039703118001395,-0.012315136265679705,0.012335240388502991,0.06167620194250093
method2,1685,5.0,805.8317,-1.73224459383994,2.1525559582615,336.99999999999994,0.1999999999999318,-0.0006547387951099104,-0.01231905312079018,0.012336440032791966,0.06168220016398087
method2,1686,5.0,806.0317,-1.73285008104656,2.14023318511394,337.2,0.20000000000004547,-0.0006054872066199035,-0.012322773147559918,0.012337639677166948,0.061688198385820715
method2,1687,5.0,806.2317,-1.73340629737988,2.1279068888659,337.40000000000003,0.20000000000004547,-0.0005562163333201475,-0.012326296248040158,0.012338839321585356,0.061694196607912755
method2,1688,5.0,806.4317,-1.73391322434255,2.1155772665384,337.59999999999997,0.1999999999999318,-0.0005069269626698514,-0.012329622327500012,0.012340038966075774,0.061700194830399915
method2,1689,5.0,806.6317,-1.73437084422515,2.10324451524406,337.8,0.20000000000004547,-0.0004576198826000688,-0.012332751294339861,0.012341238610649759,0.06170619305323476
method2,1690,5.0,806.8317,-1.73477914010658,2.09090883218399,337.99999999999994,0.1999999999999318,-0.0004082958814299875,-0.012335683060070046,0.012342438255275649,0.06171219127639929
method2,1691,5.0,807.0317,-1.73513809585451,2.07857041464456,338.2,0.20000000000004547,-0.00035895574792998985,-0.01233841753942988,0.012343637899998641,0.06171818949997917
method2,1692,5.0,807.2317,-1.73544769612581,2.06622945999436,338.40000000000003,0.20000000000004547,-0.00030960027130011447,-0.012340954650200242,0.012344837544750764,0.06172418772373979
method2,1693,5.0,807.4317,-1.7357079263669,2.0538861656809,338.59999999999997,0.1999999999999318,-0.00026023024108989823,-0.012343294313459818,0.012346037189603278,0.06173018594803745
method2,1694,5.0,807.6317,-1.7359187728142,2.04154072922757,338.8,0.20000000000004547,-0.00021084644730007263,-0.012345436453330194,0.012347236834512937,0.06173618417255065
method2,1695,5.0,807.8317,-1.73608022249444,2.02919334823042,338.99999999999994,0.1999999999999318,-0.00016144968024001116,-0.012347380997149937,0.0123484364794912,0.06174218239747706
method2,1696,5.0,808.0317,-1.73619226322508,2.01684422035502,339.2,0.20000000000004547,-0.00011204073063986186,-0.01234912787539999,0.012349636124530284,0.06174818062263738
method2,1697,5.0,808.2317,-1.7362548836146,2.00449354333325,339.40000000000003,0.20000000000004547,-6.262038951998505e-05,-0.01235067702176984,0.01235083576966584,0.06175417884831516
method2,1698,5.0,808.4317,-1.73626807306289,1.99214151496024,339.59999999999997,0.1999999999999318,-1.3189448290207295e-05,-0.012352028373010082,0.0123520354148291,0.06176017707416657
method2,1699,5.0,808.6317,-1.73623182176153,1.97978833309105,339.8,0.20000000000004547,3.625130136009069e-05,-0.012353181869189989,0.012353235060102052,0.06176617530049622
method2,1700,5.0,808.8317,-1.73614612069414,1.96743419563766,339.99999999999994,0.1999999999999318,8.570106739003158e-05,-0.01235413745338998,0.012354434705408614,0.06177217352706414
method2,1701,5.0,809.0317,-1.73601096163664,1.95507930056566,340.2,0.20000000000004547,0.00013515905750005608,-0.01235489507200005,0.012355634350811592,0.06177817175404392
method2,1702,5.0,809.2317,-1.73582633715756,1.94272384589118,340.40000000000003,0.20000000000004547,0.0001846244790799645,-0.01235545467447996,0.012356833996271223,0.06178416998134206
method2,1703,5.0,809.4317,-1.73559224061831,1.93036802967766,340.59999999999997,0.1999999999999318,0.00023409653924999496,-0.012355816213519999,0.012358033641804529,0.06179016820904372
method2,1704,5.0,809.6317,-1.73530866617341,1.91801205003271,340.8,0.20000000000004547,0.00028357444489990336,-0.012355979644949944,0.012359233287393584,0.06179616643695387
method2,1705,5.0,809.8317,-1.73497560877079,1.90565610510489,340.99999999999994,0.1999999999999318,0.0003330574026201294,-0.012355944927820106,0.01236043293306361,0.06180216466533913
method2,1706,5.0,810.0317,-1.73459306415198,1.89330039308058,341.2,0.20000000000004547,0.0003825446188099324,-0.01235571202430985,0.01236163257879215,0.0618081628939467
method2,1707,5.0,810.2317,-1.73416102885236,1.88094511218075,341.40000000000003,0.20000000000004547,0.0004320352996201038,-0.012355280899830179,0.01236283222460882,0.061814161123030044
method2,1708,5.0,810.4317,-1.73367950020134,1.86859046065785,341.59999999999997,0.1999999999999318,0.00048152865101980247,-0.012354651522899829,0.012364031870471864,0.0618201593523804
method2,1709,5.0,810.6317,-1.73314847632258,1.85623663679255,341.8,0.20000000000004547,0.0005310238787601396,-0.01235382386530004,0.012365231516420156,0.06182615758208672
method2,1710,5.0,810.8317,-1.73256795613416,1.84388383889062,341.99999999999994,0.1999999999999318,0.0005805201884199196,-0.012352797901930002,0.012366431162428769,0.06183215581216493
method2,1711,5.0,811.0317,-1.73193793934878,1.83153226527972,342.2,0.20000000000004547,0.0006300167853801053,-0.012351573610900113,0.012367630808499449,0.06183815404248318
method2,1712,5.0,811.2317,-1.73125842647385,1.8191821143062,342.40000000000003,0.20000000000004547,0.000679512874929955,-0.012350150973519991,0.012368830454652225,0.06184415227324706
method2,1713,5.0,811.4317,-1.73052941881171,1.80683358433195,342.59999999999997,0.1999999999999318,0.0007290076621400132,-0.012348529974249844,0.012370030100869024,0.061850150504366215
method2,1714,5.0,811.6317,-1.72975091845974,1.79448687373121,342.8,0.20000000000004547,0.000778500351970024,-0.012346710600739996,0.012371229747136815,0.06185614873567001
method2,1715,5.0,811.8317,-1.72892292831043,1.78214218088732,342.99999999999994,0.1999999999999318,0.0008279901493100095,-0.01234469284389017,0.012372429393508277,0.06186214696756248
method2,1716,5.0,812.0317,-1.72804545205157,1.76979970418964,343.2,0.20000000000004547,0.0008774762588599216,-0.01234247669767985,0.012373629039923287,0.06186814519960237
method2,1717,5.0,812.2317,-1.72711849416628,1.75745964203028,343.40000000000003,0.20000000000004547,0.0009269578852899585,-0.012340062159360121,0.01237482868640907,0.06187414343203128
method2,1718,5.0,812.4317,-1.72614205993311,1.74512219280093,343.59999999999997,0.1999999999999318,0.0009764342331699538,-0.012337449229349984,0.012376028332970749,0.06188014166487485
method2,1719,5.0,812.6317,-1.72511615542612,1.7327875548897,343.8,0.20000000000004547,0.0010259045069900274,-0.012334637911229906,0.012377227979584626,0.06188613989790906
method2,1720,5.0,812.8317,-1.72404078751492,1.72045592667787,343.99999999999994,0.1999999999999318,0.001075367911200109,-0.012331628211829981,0.012378427626287597,0.06189213813145909
method2,1721,5.0,813.0317,-1.72291596386473,1.70812750653676,344.2,0.20000000000004547,0.0011248236501899544,-0.01232842014111002,0.012379627273054462,0.06189813636525823
method2,1722,5.0,813.2317,-1.72174169293638,1.69580249282453,344.40000000000003,0.20000000000004547,0.0011742709283499853,-0.012325013712229937,0.012380826919871867,0.06190413459934526
method2,1723,5.0,813.4317,-1.72051798398636,1.68348108388293,344.59999999999997,0.1999999999999318,0.0012237089500199971,-0.012321408941600165,0.012382026566782335,0.06191013283393279
method2,1724,5.0,813.6317,-1.71924484706682,1.67116347803419,344.8,0.20000000000004547,0.0012731369195400077,-0.012317605848739976,0.01238322621374612,0.061916131068716525
method2,1725,5.0,813.8317,-1.71792229302552,1.65884987357778,344.99999999999994,0.1999999999999318,0.0013225540412999948,-0.012313604456410054,0.012384425860776933,0.06192212930390579
method2,1726,5.0,814.0317,-1.71655033350588,1.64654046878721,345.2,0.20000000000004547,0.0013719595196399759,-0.012309404790569856,0.012385625507887556,0.0619281275394237
method2,1727,5.0,814.2317,-1.71512898094689,1.63423546190689,345.40000000000003,0.20000000000004547,0.0014213525589901188,-0.012305006880320102,0.012386825155045694,0.061934125775214385
method2,1728,5.0,814.4317,-1.71365824858306,1.62193505114885,345.59999999999997,0.1999999999999318,0.0014707323638298853,-0.012300410758040004,0.012388024802304961,0.06194012401154593
method2,1729,5.0,814.6317,-1.71213815044442,1.60963943468966,345.8,0.20000000000004547,0.0015200981386400692,-0.012295616459189862,0.01238922444960126,0.061946122247992216
method2,1730,5.0,814.8317,-1.71056870135637,1.59734881066714,345.99999999999994,0.1999999999999318,0.0015694490880500123,-0.012290624022520014,0.012390424096976143,0.06195212048490185
method2,1731,5.0,815.0317,-1.70894991693967,1.5850633771772,346.2,0.20000000000004547,0.0016187844166999366,-0.012285433489940045,0.012391623744428775,0.061958118722129786
method2,1732,5.0,815.2317,-1.70728181361028,1.57278333227068,346.40000000000003,0.20000000000004547,0.001668103329389936,-0.012280044906520127,0.012392823391934248,0.06196411695965715
method2,1733,5.0,815.4317,-1.70556440857927,1.5605088739501,346.59999999999997,0.1999999999999318,0.001717405031010033,-0.012274458320579829,0.012394023039521508,0.06197011519762868
method2,1734,5.0,815.6317,-1.70379771985273,1.54824020016652,346.8,0.20000000000004547,0.0017666887265399556,-0.012268673783579986,0.012395222687164044,0.06197611343580613
method2,1735,5.0,815.8317,-1.70198176623157,1.53597750881631,346.99999999999994,0.1999999999999318,0.0018159536211601601,-0.012262691350210186,0.012396422334880513,0.061982111674423704
method2,1736,5.0,816.0317,-1.70011656731142,1.52372099773797,347.2,0.20000000000004547,0.001865198920149913,-0.012256511078339916,0.012397621982670607,0.061988109913338946
method2,1737,5.0,816.2317,-1.69820214348246,1.51147086470896,347.40000000000003,0.20000000000004547,0.0019144238289601212,-0.012250133029009902,0.012398821630515122,0.06199410815256151
method2,1738,5.0,816.4317,-1.69623851592921,1.49922730744246,347.59999999999997,0.1999999999999318,0.001963627553249969,-0.01224355726650006,0.012400021278447424,0.06200010639225827
method2,1739,5.0,816.6317,-1.69422570663041,1.48699052358424,347.8,0.20000000000004547,0.002012809298799878,-0.012236783858220024,0.012401220926430163,0.06200610463213672
method2,1740,5.0,816.8317,-1.69216373835874,1.47476071070942,347.99999999999994,0.1999999999999318,0.002061968271670045,-0.012229812874819945,0.012402420574488097,0.06201210287246164
method2,1741,5.0,817.0317,-1.69005263468067,1.46253806631931,348.2,0.20000000000004547,0.002111103678070103,-0.012222644390110116,0.012403620222606439,0.062018101113018094
method2,1742,5.0,817.2317,-1.6878924199562,1.45032278783818,348.40000000000003,0.20000000000004547,0.002160214724469922,-0.01221527848113002,0.012404819870815327,0.062024099354062535
method2,1743,5.0,817.4317,-1.68568311933863,1.43811507261016,348.59999999999997,0.1999999999999318,0.002209300617570076,-0.01220771522802,0.012406019519057145,0.06203009759530688
method2,1744,5.0,817.6317,-1.68342475877431,1.42591511789593,348.8,0.20000000000004547,0.002258360564319828,-0.012199954714229966,0.012407219167393511,0.06203609583695345
method2,1745,5.0,817.8317,-1.68111736500237,1.41372312086963,348.99999999999994,0.1999999999999318,0.002307393771940003,-0.012191997026300028,0.01240841881579181,0.06204209407898021
method2,1746,5.0,818.0317,-1.67876096555445,1.40153927861565,349.2,0.20000000000004547,0.002356399447920099,-0.012183842253979948,0.012409618464240765,0.06204809232118971
method2,1747,5.0,818.2317,-1.6763555887544,1.38936378812538,349.40000000000003,0.20000000000004547,0.002405376800050041,-0.012175490490270002,0.01241081811279475,0.06205409056395964
method2,1748,5.0,818.4317,-1.67390126371799,1.37719684629416,349.59999999999997,0.1999999999999318,0.0024543250364099656,-0.012166941831220024,0.012412017761373066,0.062060088806886494
method2,1749,5.0,818.6317,-1.67139802035258,1.36503864991793,349.8,0.20000000000004547,0.0025032433654099684,-0.012158196376230057,0.012413217410061048,0.06206608705029113
method2,1750,5.0,818.8317,-1.6688458893568,1.3528893956902,349.99999999999994,0.1999999999999318,0.002552130995780111,-0.012149254227729944,0.01241441705879239,0.06207208529398312
method2,1751,5.0,819.0317,-1.66624490222021,1.34074928019879,350.2,0.20000000000004547,0.0026009871365899606,-0.01214011549141003,0.012415616707577608,0.062078083537873925
method2,1752,5.0,819.2317,-1.66359509122294,1.32861849992261,350.40000000000003,0.20000000000004547,0.002649810997269908,-0.012130780276179864,0.012416816356466217,0.06208408178231697
method2,1753,5.0,819.4317,-1.66089648943532,1.31649725122859,350.59999999999997,0.1999999999999318,0.0026986017876200474,-0.012121248694020093,0.012418016005402389,0.062090080027033125
method2,1754,5.0,819.6317,-1.65814913071751,1.30438573036843,350.8,0.20000000000004547,0.0027473587178099557,-0.012111520860159875,0.012419215654396784,0.0620960782719698
method2,1755,5.0,819.8317,-1.6553530497191,1.2922841334754,350.99999999999994,0.1999999999999318,0.00279608099841,-0.012101596893030031,0.012420415303485772,0.06210207651745004
method2,1756,5.0,820.0317,-1.65250828187871,1.28019265656126,351.2,0.20000000000004547,0.0028447678403900056,-0.012091476914140031,0.012421614952609768,0.06210807476303472
method2,1757,5.0,820.2317,-1.64961486342356,1.26811149551296,351.40000000000003,0.20000000000004547,0.0028934184551501207,-0.012081161048300038,0.01242281460183502,0.062114073009160976
method2,1758,5.0,820.4317,-1.64667283136906,1.25604084608958,351.59999999999997,0.1999999999999318,0.0029420320544999434,-0.012070649423379987,0.012424014251112591,0.06212007125558414
method2,1759,5.0,820.6317,-1.64368222351834,1.24398090391912,351.8,0.20000000000004547,0.0029906078507200284,-0.012059942170459914,0.012425213900437515,0.062126069502173455
method2,1760,5.0,820.8317,-1.64064307846182,1.23193186449526,351.99999999999994,0.1999999999999318,0.0030391450565199207,-0.012049039423860153,0.012426413549866497,0.062132067749353675
method2,1761,5.0,821.0317,-1.63755543557672,1.21989392317431,352.2,0.20000000000004547,0.003087642885100106,-0.01203794132094993,0.012427613199345362,0.062138065996712684
method2,1762,5.0,821.2317,-1.6344193350266,1.20786727517198,352.40000000000003,0.20000000000004547,0.0031361005501198136,-0.01202664800233011,0.012428812848877105,0.0621440642443714
method2,1763,5.0,821.4317,-1.63123481776082,1.19585211556018,352.59999999999997,0.1999999999999318,0.0031845172657800624,-0.012015159611799886,0.012430012498508539,0.06215006249256389
method2,1764,5.0,821.6317,-1.6280019255141,1.18384863926396,352.8,0.20000000000004547,0.003232892246719965,-0.012003476296220006,0.01243121214817033,0.06215606074083752
method2,1765,5.0,821.8317,-1.62472070080593,1.17185704105822,352.99999999999994,0.1999999999999318,0.0032812247081701607,-0.011991598205739917,0.012432411797934107,0.06216205898969174
method2,1766,5.0,822.0317,-1.62139118694009,1.15987751556465,353.2,0.20000000000004547,0.003329513865839795,-0.011979525493570176,0.012433611447761958,0.062168057238795656
method2,1767,5.0,822.2317,-1.61801342800409,1.14791025724857,353.40000000000003,0.20000000000004547,0.003377758936000008,-0.01196725831607992,0.01243481109762074,0.06217405548808956
method2,1768,5.0,822.4317,-1.61458746886859,1.13595546041567,353.59999999999997,0.1999999999999318,0.003425959135500145,-0.011954796832899905,0.012436010747584231,0.062180053737942366
method2,1769,5.0,822.6317,-1.61111335518686,1.12401331920897,353.8,0.20000000000004547,0.0034741136817300067,-0.011942141206700008,0.012437210397607092,0.062186051988021324
method2,1770,5.0,822.8317,-1.60759113339416,1.11208402760564,353.99999999999994,0.1999999999999318,0.003522221792700009,-0.011929291603330006,0.01243841004768096,0.062192050238426014
method2,1771,5.0,823.0317,-1.60402085070719,1.10016777941378,354.2,0.20000000000004547,0.0035702826869699056,-0.01191624819185999,0.012439609697851598,0.06219804848924385
method2,1772,5.0,823.2317,-1.60040255512343,1.0882647682694,354.40000000000003,0.20000000000004547,0.003618295583760034,-0.011903011144380082,0.012440809348056652,0.062204046740269116
method2,1773,5.0,823.4317,-1.59673629542056,1.07637518763313,354.59999999999997,0.1999999999999318,0.003666259702870045,-0.011889580636269992,0.012442008998359353,0.06221004499181798
method2,1774,5.0,823.6317,-1.59302212115581,1.0644992307872,354.8,0.20000000000004547,0.0037141742647499587,-0.011875956845929903,0.012443208648709552,0.062216043243533616
method2,1775,5.0,823.8317,-1.58926008266531,1.05263709083224,354.99999999999994,0.1999999999999318,0.0037620384904999415,-0.011862139954960105,0.012444408299114265,0.062222041495592545
method2,1776,5.0,824.0317,-1.58545023106342,1.04078896068409,355.2,0.20000000000004547,0.0038098516018900686,-0.011848130148149894,0.012445607949631177,0.062228039748141735
method2,1777,5.0,824.2317,-1.58159261824207,1.02895503307081,355.40000000000003,0.20000000000004547,0.0038576128213498873,-0.01183392761328017,0.012446807600175957,0.06223403800086563
method2,1778,5.0,824.4317,-1.5776872968701,1.0171355005294,355.59999999999997,0.1999999999999318,0.003905321371970194,-0.011819532541409883,0.012448007250793772,0.062240036253990084
method2,1779,5.0,824.6317,-1.57373432039249,1.00533055540273,355.8,0.20000000000004547,0.0039529764776098375,-0.011804945126669963,0.012449206901494795,0.06224603450745982
method2,1780,5.0,824.8317,-1.56973374302974,0.993540389836424,355.99999999999994,0.1999999999999318,0.004000577362750057,-0.011790165566306077,0.012450406552247911,0.06225203276126079
method2,1781,5.0,825.0317,-1.56568561977709,0.981765195775692,356.2,0.20000000000004547,0.004048123252649916,-0.01177519406073202,0.012451606203078523,0.06225803101537846
method2,1782,5.0,825.2317,-1.56159000640377,0.970005164962252,356.40000000000003,0.20000000000004547,0.004095613373320095,-0.011760030813440014,0.012452805853974317,0.06226402926985743
method2,1783,5.0,825.4317,-1.55744695945231,0.958260488931187,356.59999999999997,0.1999999999999318,0.004143046951460061,-0.011744676031064993,0.01245400550492391,0.06227002752464079
method2,1784,5.0,825.6317,-1.55325653623773,0.946531359007794,356.8,0.20000000000004547,0.004190423214579964,-0.011729129923393034,0.012455205155962889,0.062276025779800286
method2,1785,5.0,825.8317,-1.54901879484681,0.93481796630453,356.99999999999994,0.1999999999999318,0.004237741390920036,-0.011713392703263992,0.012456404807053881,0.06228202403529065
method2,1786,5.0,826.0317,-1.54473379413723,0.923120501717874,357.2,0.20000000000004547,0.004285000709579823,-0.011697464586655992,0.012457604458208272,0.0622880222910272
method2,1787,5.0,826.2317,-1.54040159373687,0.911439155925174,357.40000000000003,0.20000000000004547,0.004332200400360087,-0.01168134579269997,0.01245880410944443,0.062294020547207986
method2,1788,5.0,826.4317,-1.53602225404291,0.899774119381624,357.59999999999997,0.1999999999999318,0.004379339693959983,-0.01166503654355,0.012460003760731794,0.06230001880368022
method2,1789,5.0,826.6317,-1.53159583622107,0.888125582317069,357.8,0.20000000000004547,0.004426417821840056,-0.011648537064555042,0.012461203412103338,0.062306017060502525
method2,1790,5.0,826.8317,-1.52712240220474,0.876493734732981,357.99999999999994,0.1999999999999318,0.004473434016329936,-0.011631847584087973,0.012462403063531165,0.06231201531767708
method2,1791,5.0,827.0317,-1.52260201469413,0.864878766399328,358.2,0.20000000000004547,0.004520387510610124,-0.011614968333652942,0.012463602715019466,0.06231801357508316
method2,1792,5.0,827.2317,-1.51803473715543,0.853280866851449,358.40000000000003,0.20000000000004547,0.00456727753870001,-0.011597899547879043,0.012464802366592361,0.06232401183294763
method2,1793,5.0,827.4317,-1.51342063381993,0.841700225387023,358.59999999999997,0.1999999999999318,0.004614103335499831,-0.011580641464425945,0.01246600201821948,0.06233001009111866
method2,1794,5.0,827.6317,-1.50875976968311,0.83013703106295,358.8,0.20000000000004547,0.004660864136819987,-0.011563194324073045,0.01246720166990852,0.062336008349528425
method2,1795,5.0,827.8317,-1.50405221050376,0.818591472692237,358.99999999999994,0.1999999999999318,0.004707559179350174,-0.011545558370713027,0.012468401321686182,0.06234200660845217
method2,1796,5.0,828.0317,-1.49929802280311,0.807063738840984,359.2,0.20000000000004547,0.004754187700649837,-0.011527733851252941,0.012469600973500842,0.06234800486749003
method2,1797,5.0,828.2317,-1.4944972738638,0.795554017825228,359.40000000000003,0.20000000000004547,0.00480074893931004,-0.01150972101575598,0.012470800625413805,0.062354003127054844
method2,1798,5.0,828.4317,-1.48965003172906,0.784062497707938,359.59999999999997,0.1999999999999318,0.004847242134740082,-0.011491520117290044,0.012472000277376575,0.062360001386904146
method2,1799,5.0,828.6317,-1.4847563652017,0.772589366295909,359.8,0.20000000000004547,0.004893666527360008,-0.011473131412028992,0.012473199929396231,0.06236599964696697
method2,1800,5.0,828.8317,-1.47981634384314,0.761134811136669,359.99999999999994,0.1999999999999318,0.004940021358559976,-0.011454555159239987,0.012474399581506927,0.062371997907555904
method2,1801,5.0,829.0317,-1.47483003797248,0.749699019515474,360.2,0.20000000000004547,0.004986305870660068,-0.011435791621195013,0.012475599233671026,0.06237799616834094
method2,1802,5.0,829.2317,-1.46979751866548,0.738282178452216,360.40000000000003,0.20000000000004547,0.005032519306999994,-0.01141684106325802,0.012476798885893058,0.062383994429451105
method2,1803,5.0,829.4317,-1.46471885775358,0.726884474698334,360.59999999999997,0.1999999999999318,0.0050786609119000126,-0.01139770375388205,0.012477998538199867,0.062389992691020614
method2,1804,5.0,829.6317,-1.45959412782288,0.715506094733835,360.8,0.20000000000004547,0.005124729930700012,-0.011378379964498975,0.01247919819055392,0.062395990952755415
method2,1805,5.0,829.8317,-1.45442340221311,0.704147224764161,360.99999999999994,0.1999999999999318,0.005170725609769944,-0.011358869969673946,0.012480397842997289,0.062401989215007725
method2,1806,5.0,830.0317,-1.44920675501662,0.692808050717215,361.2,0.20000000000004547,0.005216647196489843,-0.011339174046946066,0.01248159749549634,0.062407987477467515
method2,1807,5.0,830.2317,-1.44394426107732,0.681488758240288,361.40000000000003,0.20000000000004547,0.005262493939300006,-0.011319292476926979,0.012482797148050792,0.06241398574023977
method2,1808,5.0,830.4317,-1.43863599598961,0.670189532696994,361.59999999999997,0.1999999999999318,0.005308265087710096,-0.01129922554329399,0.012483996800689642,0.0624199840034695
method2,1809,5.0,830.6317,-1.43328203609731,0.658910559164291,361.8,0.20000000000004547,0.005353959892300031,-0.011278973532703018,0.012485196453391216,0.06242598226694188
method2,1810,5.0,830.8317,-1.4278824584926,0.647652022429426,361.99999999999994,0.1999999999999318,0.005399577604709993,-0.011258536734864988,0.012486396106146484,0.06243198053075372
method2,1811,5.0,831.0317,-1.4224373410149,0.636414106986876,362.2,0.20000000000004547,0.0054451174776999345,-0.01123791544255004,0.012487595758986513,0.06243797879491837
method2,1812,5.0,831.2317,-1.41694676224977,0.625196997035399,362.40000000000003,0.20000000000004547,0.005490578765130039,-0.011217109951476956,0.012488795411873007,0.062443977059350834
method2,1813,5.0,831.4317,-1.41141080152777,0.614000876474934,362.59999999999997,0.1999999999999318,0.005535960722000022,-0.01119612056046504,0.012489995064850705,0.06244997532427483
method2,1814,5.0,831.6317,-1.40582953892337,0.602825928903659,362.8,0.20000000000004547,0.005581262604400061,-0.011174947571274907,0.012491194717880972,0.06245597358939066
method2,1815,5.0,831.8317,-1.40020305525377,0.591672337614954,362.99999999999994,0.1999999999999318,0.0056264836695998355,-0.011153591288705078,0.012492394370966338,0.06246197185485299
method2,1816,5.0,832.0317,-1.39453143207774,0.580540285594361,363.2,0.20000000000004547,0.005671623176030094,-0.011132052020592975,0.012493594024141725,0.062467970120694424
method2,1817,5.0,832.2317,-1.38881475169447,0.56942995551665,363.40000000000003,0.20000000000004547,0.005716680383270001,-0.011110330077711006,0.012494793677374345,0.062473968386857516
method2,1818,5.0,832.4317,-1.38305309714239,0.55834152974279,363.59999999999997,0.1999999999999318,0.005761654552079998,-0.011088425773859933,0.01249599333066025,0.06247996665332256
method2,1819,5.0,832.6317,-1.37724655219796,0.547275190316928,363.8,0.20000000000004547,0.005806544944430003,-0.011066339425862104,0.01249719298402948,0.06248596492013319
method2,1820,5.0,832.8317,-1.37139520137446,0.536231118963469,363.99999999999994,0.1999999999999318,0.005851350823500079,-0.011044071353458973,0.012498392637454152,0.062491963187292075
method2,1821,5.0,833.0317,-1.3654991299208,0.525209497084024,364.2,0.20000000000004547,0.005896071453660001,-0.011021621879444998,0.012499592290955935,0.062497961454765466
method2,1822,5.0,833.2317,-1.35955842382025,0.514210505754489,364.40000000000003,0.20000000000004547,0.005940706100549864,-0.010998991329534968,0.012500791944524785,0.06250395972260972
method2,1823,5.0,833.4317,-1.35357316978926,0.503234325722053,364.59999999999997,0.1999999999999318,0.00598525403099015,-0.010976180032436056,0.012501991598138747,0.06250995799071506
method2,1824,5.0,833.6317,-1.34754345527613,0.492281137402193,364.8,0.20000000000004547,0.006029714513129836,-0.010953188319859974,0.012503191251843088,0.06251595625920123
method2,1825,5.0,833.8317,-1.34146936845979,0.481351120875774,364.99999999999994,0.1999999999999318,0.00607408681634003,-0.010930016526419006,0.012504390905607052,0.06252195452805659
method2,1826,5.0,834.0317,-1.33535099824853,0.470444455886061,365.2,0.20000000000004547,0.006118370211259938,-0.010906664989712989,0.012505590559420375,0.06252795279708766
method2,1827,5.0,834.2317,-1.32918843427866,0.45956132183573,365.40000000000003,0.20000000000004547,0.0061625639698701384,-0.010883134050330978,0.012506790213328725,0.0625339510666294
method2,1828,5.0,834.4317,-1.32298176691327,0.448701897783997,365.59999999999997,0.1999999999999318,0.006206667365389995,-0.010859424051733013,0.01250798986727902,0.06253994933641643
method2,1829,5.0,834.6317,-1.31673108724087,0.437866362443589,365.8,0.20000000000004547,0.006250679672400006,-0.010835535340407987,0.012509189521315323,0.06254594760656239
method2,1830,5.0,834.8317,-1.31043648707409,0.427054894177875,365.99999999999994,0.1999999999999318,0.006294600166779851,-0.010811468265713997,0.012510389175408004,0.06255194587706135
method2,1831,5.0,835.0317,-1.30409805894833,0.416267670997906,366.2,0.20000000000004547,0.006338428125760132,-0.010787223179968997,0.01251158882955668,0.06255794414776918
method2,1832,5.0,835.2317,-1.29771589612041,0.405504870559454,366.40000000000003,0.20000000000004547,0.006382162827919924,-0.010762800438452014,0.012512788483788324,0.06256394241892739
method2,1833,5.0,835.4317,-1.29129009256721,0.394766670160145,366.59999999999997,0.1999999999999318,0.0064258035532001045,-0.010738200399309006,0.012513988138081288,0.06256994069042777
method2,1834,5.0,835.6317,-1.2848207429843,0.384053246736519,366.8,0.20000000000004547,0.006469349582910011,-0.010713423423625967,0.012515187792430263,0.06257593896213709
method2,1835,5.0,835.8317,-1.27830794278455,0.373364776861081,366.99999999999994,0.1999999999999318,0.006512800199749869,-0.010688469875438034,0.012516387446863743,0.06258193723434005
method2,1836,5.0,836.0317,-1.27175178809675,0.362701436739462,367.2,0.20000000000004547,0.006556154687800131,-0.010663340121619014,0.012517587101342393,0.06258793550669774
method2,1837,5.0,836.2317,-1.26515237576416,0.352063402207445,367.40000000000003,0.20000000000004547,0.006599412332589871,-0.010638034532017004,0.012518786755909119,0.06259393377953136
method2,1838,5.0,836.4317,-1.25850980334314,0.341450848728127,367.59999999999997,0.1999999999999318,0.006642572421019954,-0.010612553479317999,0.012519986410530943,0.06259993205267607
method2,1839,5.0,836.6317,-1.2518241691017,0.330863951389005,367.8,0.20000000000004547,0.006685634241440086,-0.010586897339121992,0.012521186065202628,0.06260593032599891
method2,1840,5.0,836.8317,-1.245095572018,0.320302884899059,367.99999999999994,0.1999999999999318,0.006728597083700105,-0.01056106648994598,0.012522385719975146,0.06261192859989709
method2,1841,5.0,837.0317,-1.23832411177901,0.30976782358593,368.2,0.20000000000004547,0.00677146023898989,-0.01053506131312898,0.01252358537478816,0.06261792687392656
method2,1842,5.0,837.2317,-1.23150988877893,0.299258941393014,368.40000000000003,0.20000000000004547,0.006814223000080055,-0.010508882192916014,0.012524785029668467,0.0626239251483281
method2,1843,5.0,837.4317,-1.22465300411778,0.288776411876569,368.59999999999997,0.1999999999999318,0.006856884661149865,-0.010482529516445016,0.012525984684624729,0.06262992342314501
method2,1844,5.0,837.6317,-1.21775355959987,0.27832040820291,368.8,0.20000000000004547,0.006899444517910025,-0.010456003673659009,0.012527184339638711,0.06263592169817932
method2,1845,5.0,837.8317,-1.21081165773233,0.267891103145486,368.99999999999994,0.1999999999999318,0.006941901867540068,-0.01042930505742401,0.012528383994728384,0.06264191997366328
method2,1846,5.0,838.0317,-1.20382740172357,0.257488669082083,369.2,0.20000000000004547,0.00698425600876007,-0.010402434063402966,0.012529583649880289,0.0626479182493872
method2,1847,5.0,838.2317,-1.19680089548178,0.247113277991961,369.40000000000003,0.20000000000004547,0.00702650624179002,-0.010375391090122005,0.01253078330508102,0.06265391652539085
method2,1848,5.0,838.4317,-1.18973224361335,0.236765101452974,369.59999999999997,0.1999999999999318,0.007068651868429976,-0.010348176538987008,0.012531982960373817,0.06265991480189045
method2,1849,5.0,838.6317,-1.18262155142136,0.2264443106388,369.8,0.20000000000004547,0.007110692191989898,-0.010320790814174002,0.012533182615727122,0.06266591307862136
method2,1850,5.0,838.8317,-1.17546892490404,0.216151076316082,369.99999999999994,0.1999999999999318,0.007152626517320071,-0.010293234322718003,0.012534382271123305,0.06267191135563789
method2,1851,5.0,839.0317,-1.16827447075312,0.205885568841576,370.2,0.20000000000004547,0.0071944541509199045,-0.010265507474505997,0.012535581926613026,0.06267790963305088
method2,1852,5.0,839.2317,-1.16103829635233,0.195647958159403,370.40000000000003,0.20000000000004547,0.007236174400790052,-0.010237610682172993,0.012536781582144272,0.0626839079107071
method2,1853,5.0,839.4317,-1.15376050977573,0.185438413798162,370.59999999999997,0.1999999999999318,0.007277786576600054,-0.010209544361240996,0.012537981237770607,0.06268990618887442
method2,1854,5.0,839.6317,-1.14644121978618,0.175257104868192,370.8,0.20000000000004547,0.007319289989550004,-0.010181308929970018,0.01253918089344811,0.0626959044672263
method2,1855,5.0,839.8317,-1.1390805358337,0.165104200058744,370.99999999999994,0.1999999999999318,0.007360683952480018,-0.010152904809447999,0.012540380549170315,0.06270190274587296
method2,1856,5.0,840.0317,-1.13167856805376,0.154979867635166,371.2,0.20000000000004547,0.007401967779939955,-0.010124332423577992,0.012541580204997368,0.06270790102497258
method2,1857,5.0,840.2317,-1.12423542726579,0.144884275436177,371.40000000000003,0.20000000000004547,0.007443140787970037,-0.010095592198989006,0.012542779860853451,0.062713899304253
method2,1858,5.0,840.4317,-1.11675122497137,0.134817590871023,371.59999999999997,0.1999999999999318,0.007484202294419928,-0.010066684565154,0.012543979516808463,0.06271989758406371
method2,1859,5.0,840.6317,-1.10922607335271,0.124779980916755,371.8,0.20000000000004547,0.007525151618660075,-0.010037609954267987,0.012545179172807463,0.06272589586402305
method2,1860,5.0,840.8317,-1.10166008527087,0.114771612115447,371.99999999999994,0.1999999999999318,0.007565988081839947,-0.01000836880130801,0.012546378828870889,0.06273189414437584
method2,1861,5.0,841.0317,-1.09405337426412,0.104792650571407,372.2,0.20000000000004547,0.007606711006749922,-0.009978961544039988,0.012547578485016118,0.06273789242506632
method2,1862,5.0,841.2317,-1.08640605454625,0.0948432619484712,372.40000000000003,0.20000000000004547,0.007647319717870138,-0.009949388622935804,0.012548778141218762,0.06274389070607955
method2,1863,5.0,841.4317,-1.07871824100486,0.0849236114672392,372.59999999999997,0.1999999999999318,0.007687813541390032,-0.009919650481232,0.012549977797469851,0.06274988898737066
method2,1864,5.0,841.6317,-1.07099004919959,0.0750338639023029,372.8,0.20000000000004547,0.007728191805269846,-0.009889747564936296,0.012551177453816969,0.06275588726907057
method2,1865,5.0,841.8317,-1.06322159536048,0.0651741835795754,372.99999999999994,0.1999999999999318,0.007768453839110068,-0.009859680322727507,0.012552377110203626,0.06276188555103954
method2,1866,5.0,842.0317,-1.05541299638615,0.0553447343734921,373.2,0.20000000000004547,0.00780859897432995,-0.0098294492060833,0.012553576766678027,0.06276788383337586
method2,1867,5.0,842.2317,-1.04756436984209,0.0455456797043583,373.40000000000003,0.20000000000004547,0.007848626544060044,-0.009799054669133798,0.012554776423210285,0.06277388211603716
method2,1868,5.0,842.4317,-1.03967583395891,0.0357771825356021,373.59999999999997,0.1999999999999318,0.007888535883179948,-0.009768497168756198,0.012555976079788282,0.06277988039896282
method2,1869,5.0,842.6317,-1.03174750763049,0.0260394053710478,373.8,0.20000000000004547,0.007928326328419999,-0.0097377771645543,0.01255717573646371,0.06278587868230427
method2,1870,5.0,842.8317,-1.0237795104123,0.0163325102522656,373.99999999999994,0.1999999999999318,0.007967997218190082,-0.009706895118782203,0.012558375393183732,0.06279187696594007
method2,1871,5.0,843.0317,-1.01577196251952,0.00665665875585431,374.2,0.20000000000004547,0.00800754789277991,-0.00967585149641129,0.012559575049967598,0.0627978752498237
method2,1872,5.0,843.2317,-1.00772498482526,-0.00298798800926958,374.40000000000003,0.20000000000004547,0.008046977694259994,-0.00964464676512389,0.012560774706837655,0.06280387353417399
method2,1873,5.0,843.4317,-0.999638698858784,-0.0126012694044921,374.59999999999997,0.1999999999999318,0.008086285966476092,-0.00961328139522252,0.012561974363743926,0.06280987181874105
method2,1874,5.0,843.6317,-0.991513226803593,-0.0221830252642388,374.8,0.20000000000004547,0.008125472055190985,-0.0095817558597467,0.012563174020743318,0.0628158701037023
method2,1875,5.0,843.8317,-0.98334869149567,-0.0317330958985838,374.99999999999994,0.1999999999999318,0.008164535307923049,-0.009550070634345001,0.012564373677796312,0.06282186838900299
method2,1876,5.0,844.0317,-0.975145216421591,-0.0412513220959259,375.2,0.20000000000004547,0.008203475074078925,-0.009518226197342099,0.012565573334902139,0.06282786667449641
method2,1877,5.0,844.2317,-0.966902925716645,-0.0507375451256702,375.40000000000003,0.20000000000004547,0.008242290704945976,-0.0094862230297443,0.012566772992096657,0.062833864960469
method2,1878,5.0,844.4317,-0.958621944163006,-0.0601916067408168,375.59999999999997,0.1999999999999318,0.0082809815536391,-0.0094540616151466,0.012567972649345612,0.06283986324674949
method2,1879,5.0,844.6317,-0.95030239718783,-0.069613349180623,375.8,0.20000000000004547,0.008319546975175895,-0.009421742439806195,0.012569172306647865,0.06284586153322504
method2,1880,5.0,844.8317,-0.941944410861335,-0.0790026151732541,375.99999999999994,0.1999999999999318,0.008357986326495093,-0.00938926599263111,0.012570371964037421,0.06285185982020855
method2,1881,5.0,845.0317,-0.933548111894952,-0.0883592479383504,376.2,0.20000000000004547,0.008396298966382942,-0.009356632765096295,0.012571571621470276,0.06285785810733709
method2,1882,5.0,845.2317,-0.925113627639345,-0.0976830911897015,376.40000000000003,0.20000000000004547,0.008434484255607,-0.009323843251351105,0.01257277127899207,0.06286385639494606
method2,1883,5.0,845.4317,-0.916641086082546,-0.106973989137797,376.59999999999997,0.1999999999999318,0.008472541556798996,-0.009290897948095497,0.012573970936566183,0.06286985468285236
method2,1884,5.0,845.6317,-0.908130615847991,-0.116231786492452,376.8,0.20000000000004547,0.008510470234554979,-0.009257797354654998,0.012575170594194869,0.06287585297096004
method2,1885,5.0,845.8317,-0.899582346192546,-0.125456328465415,376.99999999999994,0.1999999999999318,0.008548269655445084,-0.00922454197296299,0.012576370251911287,0.06288185125957788
method2,1886,5.0,846.0317,-0.890996407004606,-0.134647460772912,377.2,0.20000000000004547,0.008585939187939928,-0.009191132307497019,0.012577569909681202,0.06288784954839172
method2,1887,5.0,846.2317,-0.882372928802094,-0.143805029638238,377.40000000000003,0.20000000000004547,0.00862347820251208,-0.009157568865325982,0.012578769567504955,0.06289384783751047
method2,1888,5.0,846.4317,-0.873712042730465,-0.152928881794356,377.59999999999997,0.1999999999999318,0.00866088607162896,-0.009123852156117995,0.012579969225416869,0.0628998461271058
method2,1889,5.0,846.6317,-0.865013880560767,-0.162018864486393,377.8,0.20000000000004547,0.008698162169697987,-0.009089982692037007,0.012581168883370795,0.06290584441683968
method2,1890,5.0,846.8317,-0.856278574687585,-0.171074825474268,377.99999999999994,0.1999999999999318,0.008735305873182053,-0.009055960987875006,0.012582368541413931,0.06291184270709112
method2,1891,5.0,847.0317,-0.84750625812708,-0.180096613035165,378.2,0.20000000000004547,0.008772316560504922,-0.009021787560896999,0.01258356819950783,0.06291784099752484
method2,1892,5.0,847.2317,-0.838697064514947,-0.18908407596611,378.40000000000003,0.20000000000004547,0.00880919361213306,-0.00898746293094499,0.012584767857658568,0.06292383928827854
method2,1893,5.0,847.4317,-0.829851128104364,-0.198037063586513,378.59999999999997,0.1999999999999318,0.008845936410582955,-0.008952987620403002,0.012585967515895101,0.06292983757949697
method2,1894,5.0,847.6317,-0.820968583763994,-0.206955425740645,378.8,0.20000000000004547,0.008882544340370058,-0.008918362154131998,0.012587167174185543,0.0629358358709134
method2,1895,5.0,847.8317,-0.812049566975911,-0.215839012800175,378.99999999999994,0.1999999999999318,0.008919016788082934,-0.008883587059530018,0.012588366832530517,0.06294183416267406
method2,1896,5.0,848.0317,-0.803094213833517,-0.224687675666697,379.2,0.20000000000004547,0.00895535314239404,-0.008848662866522,0.012589566490961957,0.06294783245479547
method2,1897,5.0,848.2317,-0.794102661039525,-0.233501265774176,379.40000000000003,0.20000000000004547,0.008991552793991997,-0.00881359010747898,0.012590766149436525,0.06295383074716832
method2,1898,5.0,848.4317,-0.78507504590381,-0.242279635091493,379.59999999999997,0.1999999999999318,0.009027615135714928,-0.008778369317317014,0.01259196580799845,0.06295982904001372
method2,1899,5.0,848.6317,-0.776011506341377,-0.251022636124876,379.8,0.20000000000004547,0.009063539562432998,-0.008743001033383019,0.012593165466614209,0.06296582733305672
method2,1900,5.0,848.8317,-0.766912180870236,-0.259730121920396,379.99999999999994,0.1999999999999318,0.009099325471141007,-0.008707485795519998,0.012594365125282735,0.06297182562643515
method2,1901,5.0,849.0317,-0.757777208609258,-0.268401946066451,380.2,0.20000000000004547,0.009134972260978036,-0.008671824146054996,0.012595564784039684,0.0629778239201841
method2,1902,5.0,849.2317,-0.74860672927611,-0.277037962696179,380.40000000000003,0.20000000000004547,0.009170479333147963,-0.00863601662972796,0.012596764442849274,0.06298382221423206
method2,1903,5.0,849.4317,-0.739400883185092,-0.285638026489927,380.59999999999997,0.1999999999999318,0.009205846091018044,-0.008600063793748003,0.012597964101712922,0.06298982050858609
method2,1904,5.0,849.6317,-0.730159811244973,-0.294201992677715,380.8,0.20000000000004547,0.009241071940119028,-0.008563966187788041,0.012599163760664122,0.06299581880330629
method2,1905,5.0,849.8317,-0.720883654956896,-0.302729717041613,380.99999999999994,0.1999999999999318,0.009276156288076987,-0.008527724363897982,0.012600363419657763,0.0630018170983103
method2,1906,5.0,850.0317,-0.711572556412147,-0.31122105591822,381.2,0.20000000000004547,0.009311098544748986,-0.008491338876607024,0.012601563078737674,0.06300781539367405
method2,1907,5.0,850.2317,-0.702226658290046,-0.319675866201037,381.40000000000003,0.20000000000004547,0.00934589812210096,-0.008454810282816971,0.012602762737872909,0.06301381368935022
method2,1908,5.0,850.4317,-0.692846103855734,-0.328094005342878,381.59999999999997,0.1999999999999318,0.009380554434312072,-0.00841813914184103,0.012603962397059423,0.06301981198531861
method2,1909,5.0,850.6317,-0.68343103695796,-0.336475331358307,381.8,0.20000000000004547,0.009415066897773938,-0.008381326015428958,0.01260516205633489,0.06302581028166011
method2,1910,5.0,850.8317,-0.67398160202693,-0.34481970282597,381.99999999999994,0.1999999999999318,0.00944943493103001,-0.008344371467663037,0.012606361715662418,0.06303180857833358
method2,1911,5.0,851.0317,-0.664497944072064,-0.353126978891001,382.2,0.20000000000004547,0.009483657954866054,-0.008307276065030955,0.012607561375045151,0.06303780687521142
method2,1912,5.0,851.2317,-0.654980208679759,-0.361397019267415,382.40000000000003,0.20000000000004547,0.009517735392304938,-0.008270040376414045,0.01260876103451297,0.06304380517255051
method2,1913,5.0,851.4317,-0.64542854201121,-0.369629684240421,382.59999999999997,0.1999999999999318,0.009551666668549008,-0.008232664973005954,0.01260996069402396,0.0630498034701413
method2,1914,5.0,851.6317,-0.635843090800103,-0.377824834668832,382.8,0.20000000000004547,0.009585451211106988,-0.008195150428411013,0.0126111603536232,0.06305580176810166
method2,1915,5.0,851.8317,-0.626224002350427,-0.385982331987357,382.99999999999994,0.1999999999999318,0.009619088449676072,-0.008157497318524998,0.012612360013274048,0.06306180006639175
method2,1916,5.0,852.0317,-0.616571424534187,-0.394102038208966,383.2,0.20000000000004547,0.00965257781623996,-0.008119706221609013,0.012613559672979072,0.06306779836488102
method2,1917,5.0,852.2317,-0.606885505789105,-0.402183815927229,383.40000000000003,0.20000000000004547,0.009685918745081956,-0.008081777718263017,0.012614759332771378,0.06307379666384255
method2,1918,5.0,852.4317,-0.597166395116402,-0.410227528318601,383.59999999999997,0.1999999999999318,0.009719110672703035,-0.008043712391371971,0.012615958992615703,0.06307979496310002
method2,1919,5.0,852.6317,-0.587414242078472,-0.418233039144746,383.8,0.20000000000004547,0.009752153037929978,-0.008005510826145035,0.012617158652514926,0.06308579326256028
method2,1920,5.0,852.8317,-0.577629196796568,-0.426200212754863,383.99999999999994,0.1999999999999318,0.009785045281904048,-0.007967173610116951,0.012618358312500745,0.06309179156252524
method2,1921,5.0,853.0317,-0.567811409948549,-0.434128914087923,384.2,0.20000000000004547,0.009817786848019039,-0.007928701333060006,0.012619557972528322,0.06309778986262726
method2,1922,5.0,853.2317,-0.557961032766498,-0.442019008675013,384.40000000000003,0.20000000000004547,0.009850377182050951,-0.007890094587090002,0.012620757632642225,0.06310378816319677
method2,1923,5.0,853.4317,-0.548078217034455,-0.44987036264156,384.59999999999997,0.1999999999999318,0.009882815732042971,-0.007851353966547014,0.012621957292810399,0.06310978646407352
method2,1924,5.0,853.6317,-0.538163115086054,-0.457682842709609,384.8,0.20000000000004547,0.009915101948401062,-0.007812480068049021,0.012623156953030798,0.06311578476513964
method2,1925,5.0,853.8317,-0.528215879802154,-0.465456316200108,384.99999999999994,0.1999999999999318,0.009947235283899958,-0.0077734734904990055,0.012624356613338958,0.06312178306671631
method2,1926,5.0,854.0317,-0.518236664608537,-0.473190651035107,385.2,0.20000000000004547,0.009979215193616997,-0.007734334834998968,0.012625556273701165,0.06312778136849147
method2,1927,5.0,854.2317,-0.508225623473521,-0.480885715740014,385.40000000000003,0.20000000000004547,0.010011041135016052,-0.007695064704906995,0.012626755934114229,0.06313377967055679
method2,1928,5.0,854.4317,-0.498182910905556,-0.488541379445849,385.59999999999997,0.1999999999999318,0.010042712567964962,-0.007655663705835036,0.012627955594616306,0.06313977797310306
method2,1929,5.0,854.6317,-0.48810868195091,-0.496157511891406,385.8,0.20000000000004547,0.010074228954645992,-0.007616132445556978,0.012629155255158335,0.06314577627577732
method2,1930,5.0,854.8317,-0.478003092191202,-0.503733983425522,385.99999999999994,0.1999999999999318,0.010105589759707989,-0.007576471534116003,0.012630354915788594,0.06315177457896451
method2,1931,5.0,855.0317,-0.46786629774107,-0.511270665009227,386.2,0.20000000000004547,0.010136794450131992,-0.007536681583705018,0.012631554576471778,0.06315777288234453
method2,1932,5.0,855.2317,-0.457698455245733,-0.518767428217952,386.40000000000003,0.20000000000004547,0.010167842495337032,-0.007496763208724944,0.012632754237207083,0.06316377118602105
method2,1933,5.0,855.4317,-0.447499721878546,-0.526224145243733,386.59999999999997,0.1999999999999318,0.010198733367187018,-0.00745671702578099,0.01263395389802994,0.06316976949017125
method2,1934,5.0,855.6317,-0.437270255338627,-0.533640688897337,386.8,0.20000000000004547,0.010229466539918963,-0.007416543653604002,0.012635153558906018,0.06317576779451572
method2,1935,5.0,855.8317,-0.427010213848398,-0.541016932610447,386.99999999999994,0.1999999999999318,0.010260041490229022,-0.0073762437131100755,0.012636353219834308,0.06318176609919308
method2,1936,5.0,856.0317,-0.41671975615111,-0.548352750437833,387.2,0.20000000000004547,0.01029045769728798,-0.007335817827386015,0.012637552880849516,0.06318776440423321
method2,1937,5.0,856.2317,-0.406399041508452,-0.555648017059445,387.40000000000003,0.20000000000004547,0.010320714642657991,-0.007295266621611951,0.012638752541907786,0.06319376270952456
method2,1938,5.0,856.4317,-0.396048229698021,-0.562902607782598,387.59999999999997,0.1999999999999318,0.010350811810431015,-0.007254590723153043,0.012639952203051101,0.06319976101527706
method2,1939,5.0,856.6317,-0.385667481010913,-0.570116398544055,387.8,0.20000000000004547,0.010380748687107977,-0.007213790761457006,0.012641151864247833,0.0632057593212248
method2,1940,5.0,856.8317,-0.375256956249215,-0.577289265912151,387.99999999999994,0.1999999999999318,0.010410524761698015,-0.00717286736809597,0.012642351525496493,0.06321175762750403
method2,1941,5.0,857.0317,-0.364816816723486,-0.584421087088921,388.2,0.20000000000004547,0.01044013952572903,-0.007131821176770026,0.012643551186834932,0.06321775593416029
method2,1942,5.0,857.2317,-0.354347224250326,-0.591511739912151,388.40000000000003,0.20000000000004547,0.010469592473159983,-0.007090652823229959,0.012644750848222641,0.06322375424109883
method2,1943,5.0,857.4317,-0.343848341149832,-0.598561102857486,388.59999999999997,0.1999999999999318,0.010498883100494016,-0.00704936294533498,0.012645950509665169,0.06322975254834741
method2,1944,5.0,857.6317,-0.33332033024306,-0.605569055040515,388.8,0.20000000000004547,0.010528010906771967,-0.007007952183028965,0.012647150171193902,0.06323575085595513
method2,1945,5.0,857.8317,-0.32276335484956997,-0.612535476218798,388.99999999999994,0.1999999999999318,0.010556975393490042,-0.006966421178283055,0.012648349832764149,0.06324174916384231
method2,1946,5.0,858.0317,-0.312177578784816,-0.619460246793964,389.2,0.20000000000004547,0.010585776064753971,-0.0069247705751660504,0.012649549494420884,0.06324774747209004
method2,1947,5.0,858.2317,-0.301563166357675,-0.626343247813715,389.40000000000003,0.20000000000004547,0.010614412427141007,-0.006883001019750923,0.012650749156130545,0.06325374578063835
method2,1948,5.0,858.4317,-0.290920282367871,-0.633184360973877,389.59999999999997,0.1999999999999318,0.010642883989804008,-0.0068411131601620045,0.012651948817892375,0.06325974408948346
method2,1949,5.0,858.6317,-0.280249092103388,-0.639983468620442,389.8,0.20000000000004547,0.010671190264482988,-0.006799107646564995,0.012653148479741123,0.06326574239869123
method2,1950,5.0,858.8317,-0.269549761337964,-0.646740453751545,389.99999999999994,0.1999999999999318,0.010699330765424009,-0.0067569851311030105,0.012654348141642693,0.06327174070823505
method2,1951,5.0,859.0317,-0.258822456328488,-0.653455200019485,390.2,0.20000000000004547,0.010727305009475996,-0.006714746267939997,0.012655547803597556,0.0632777390179734
method2,1952,5.0,859.2317,-0.248067343812395,-0.660127591732738,390.40000000000003,0.20000000000004547,0.010755112516092985,-0.0066723917132530675,0.012656747465636982,0.06328373732817053
method2,1953,5.0,859.4317,-0.237284591005135,-0.666757513857898,390.59999999999997,0.1999999999999318,0.010782752807260015,-0.006629922125160004,0.012657947127720193,0.06328973563862256
method2,1954,5.0,859.6317,-0.226474365597507,-0.673344852021696,390.8,0.20000000000004547,0.010810225407627994,-0.006587338163797973,0.012659146789888925,0.06329573394943024
method2,1955,5.0,859.8317,-0.215636835753117,-0.679889492512921,390.99999999999994,0.1999999999999318,0.010837529844389987,-0.00654464049122494,0.012660346452108832,0.06330173226056575
method2,1956,5.0,860.0317,-0.204772170105733,-0.686391322284394,391.2,0.20000000000004547,0.010864665647384003,-0.006501829771473067,0.012661546114383486,0.06330773057190303
method2,1957,5.0,860.2317,-0.19388053775664,-0.692850228954923,391.40000000000003,0.20000000000004547,0.010891632349093017,-0.006458906670528952,0.012662745776742612,0.06331372888369867
method2,1958,5.0,860.4317,-0.182962108272061,-0.699266100811202,391.59999999999997,0.1999999999999318,0.010918429484578995,-0.00641587185627901,0.01266394543915588,0.06331972719580099
method2,1959,5.0,860.6317,-0.172017051680497,-0.705638826809751,391.8,0.20000000000004547,0.010945056591564,-0.006372725998548989,0.01266514510162125,0.06332572550809186
method2,1960,5.0,860.8317,-0.161045538470047,-0.711968296578839,391.99999999999994,0.1999999999999318,0.010971513210450007,-0.006329469769087992,0.01266634476417241,0.06333172382088366
method2,1961,5.0,861.0317,-0.150047739585825,-0.718254400420352,392.2,0.20000000000004547,0.010997798884221976,-0.006286103841513069,0.012667544426765572,0.06333772213381346
method2,1962,5.0,861.2317,-0.13902382642722,-0.724497029311722,392.40000000000003,0.20000000000004547,0.011023913158605014,-0.00624262889136995,0.012668744089444368,0.06334372044720743
method2,1963,5.0,861.4317,-0.127973970845295,-0.730696074907771,392.59999999999997,0.1999999999999318,0.011049855581925005,-0.006199045596049002,0.012669943752175608,0.06334971876089965
method2,1964,5.0,861.6317,-0.116898345140078,-0.736851429542594,392.8,0.20000000000004547,0.011075625705216988,-0.006155354634822974,0.012671143414960622,0.06335571707478871
method2,1965,5.0,861.8317,-0.105797122057854,-0.742962986231435,392.99999999999994,0.1999999999999318,0.011101223082223999,-0.006111556688841002,0.01267234307782977,0.06336171538917046
method2,1966,5.0,862.0317,-0.0946704747885239,-0.749030638672504,393.2,0.20000000000004547,0.011126647269330103,-0.006067652441068994,0.012673542740753335,0.06336771370375227
method2,1967,5.0,862.2317,-0.0835185769628808,-0.755054281248825,393.40000000000003,0.20000000000004547,0.011151897825643103,-0.006023642576321042,0.012674742403727618,0.06337371201862368
method2,1968,5.0,862.4317,-0.0723416026498698,-0.761033809030087,393.59999999999997,0.1999999999999318,0.011176974313010998,-0.005979527781261984,0.012675942066789023,0.06337971033396674
method2,1969,5.0,862.6317,-0.0611397263539406,-0.766969117774412,393.8,0.20000000000004547,0.011201876295929204,-0.0059353087443250185,0.012677141729891704,0.06338570864944411
method2,1970,5.0,862.8317,-0.0499131230122498,-0.772860103930211,393.99999999999994,0.1999999999999318,0.011226603341690795,-0.005890986155798972,0.0126783413930797,0.06339170696542012
method2,1971,5.0,863.0317,-0.0386619679919955,-0.778706664637937,394.2,0.20000000000004547,0.011251155020254304,-0.005846560707726045,0.012679541056320598,0.06339770528158857
method2,1972,5.0,863.2317,-0.0273864370876524,-0.784508697731885,394.40000000000003,0.20000000000004547,0.0112755309043431,-0.005802033093948,0.012680740719613507,0.06340370359805311
method2,1973,5.0,863.4317,-0.0160867065181955,-0.790266101741981,394.59999999999997,0.1999999999999318,0.0112997305694569,-0.005757404010095946,0.01268194038299296,0.06340970191498642
method2,1974,5.0,863.6317,-0.00476295292440865,-0.795978775895512,394.8,0.20000000000004547,0.011323753593786848,-0.00571267415353105,0.012683140046424712,0.06341570023210914
method2,1975,5.0,863.8317,0.00658464663390546,-0.801646620118891,394.99999999999994,0.1999999999999318,0.01134759955831411,-0.0056678442233789594,0.012684339709907679,0.06342169854956002
method2,1976,5.0,864.0317,0.0179559146807247,-0.807269535039415,395.2,0.20000000000004547,0.01137126804681924,-0.005622914920524025,0.012685539373478131,0.06342769686737623
method2,1977,5.0,864.2317,0.0293506733265063,-0.812847421986958,395.40000000000003,0.20000000000004547,0.0113947586457816,-0.00557788694754302,0.012686739037088503,0.06343369518542809
method2,1978,5.0,864.4317,0.040768744271056,-0.818380182995724,395.59999999999997,0.1999999999999318,0.011418070944549701,-0.005532761008765985,0.012687938700785535,0.0634396935039493
method2,1979,5.0,864.6317,0.0522099488062382,-0.823867720805928,395.8,0.20000000000004547,0.0114412045351822,-0.005487537810203946,0.012689138364534122,0.06344569182265619
method2,1980,5.0,864.8317,0.0636741078188083,-0.829309938865499,395.99999999999994,0.1999999999999318,0.011464159012570106,-0.0054422180595710135,0.012690338028335309,0.06345169014169819
method2,1981,5.0,865.0317,0.0751610417932418,-0.834706741331784,396.2,0.20000000000004547,0.011486933974433497,-0.0053968024662850445,0.012691537692222124,0.06345768846109619
method2,1982,5.0,865.2317,0.0866705708144753,-0.840058033073186,396.40000000000003,0.20000000000004547,0.011509529021233492,-0.005351291741402031,0.01269273735615031,0.06346368678073712
method2,1983,5.0,865.4317,0.0982025145708025,-0.845363719670864,396.59999999999997,0.1999999999999318,0.011531943756327198,-0.005305686597677939,0.012693937020163332,0.06346968510083831
method2,1984,5.0,865.6317,0.109756692356628,-0.850623707420357,396.8,0.20000000000004547,0.0115541777858255,-0.005259987749492989,0.012695136684229901,0.06347568342113508
method2,1985,5.0,865.8317,0.121332923075328,-0.855837903333228,396.99999999999994,0.1999999999999318,0.011576230718700009,-0.005214195912870978,0.012696336348347666,0.06348168174175998
method2,1986,5.0,866.0317,0.132931025242117,-0.861006215138719,397.2,0.20000000000004547,0.011598102166788998,-0.005168311805491044,0.012697536012551953,0.06348768006274533
method2,1987,5.0,866.2317,0.144550816986832,-0.866128551285329,397.40000000000003,0.20000000000004547,0.011619791744715002,-0.0051223361466099515,0.012698735676807113,0.06349367838402113
method2,1988,5.0,866.4317,0.156192116056812,-0.871204820942447,397.59999999999997,0.1999999999999318,0.011641299069979988,-0.005076269657118049,0.012699935341114707,0.06349967670559518
method2,1989,5.0,866.6317,0.167854739819791,-0.876234934001948,397.8,0.20000000000004547,0.011662623762978996,-0.0050301130595009624,0.012701135005508936,0.06350567502753024
method2,1990,5.0,866.8317,0.179538505266682,-0.881218801079759,397.99999999999994,0.1999999999999318,0.011683765446891009,-0.004983867077811066,0.012702334669943683,0.06351167334974007
method2,1991,5.0,867.0317,0.191243229014537,-0.886156333517452,398.2,0.20000000000004547,0.011704723747855,-0.004937532437693015,0.012703534334462656,0.06351767167229884
method2,1992,5.0,867.2317,0.202968727309351,-0.891047443383789,398.40000000000003,0.20000000000004547,0.011725498294814007,-0.004891109866337007,0.012704733999036162,0.06352366999516637
method2,1993,5.0,867.4317,0.214714816028972,-0.895892043476274,398.59999999999997,0.1999999999999318,0.01174608871962099,-0.004844600092484996,0.012705933663659396,0.06352966831831865
method2,1994,5.0,867.6317,0.226481310686027,-0.900690047322712,398.8,0.20000000000004547,0.01176649465705501,-0.004798003846437915,0.012707133328368642,0.06353566664182876
method2,1995,5.0,867.8317,0.238268026430758,-0.905441369182703,398.99999999999994,0.1999999999999318,0.011786715744731002,-0.004751321859991053,0.012708332993131654,0.06354166496567994
method2,1996,5.0,868.0317,0.250074778053947,-0.910145924049177,399.2,0.20000000000004547,0.011806751623189005,-0.004704554866474031,0.012709532657943827,0.06354766328970468
method2,1997,5.0,868.2317,0.261901379989868,-0.914803627649908,399.40000000000003,0.20000000000004547,0.011826601935921,-0.0046577036007309225,0.012710732322844035,0.06355366161420573
method2,1998,5.0,868.4317,0.273747646319121,-0.919414396448972,399.59999999999997,0.1999999999999318,0.011846266329253008,-0.00461076879906408,0.01271193198778283,0.06355965993893584
method2,1999,5.0,868.6317,0.285613390771643,-0.92397814764827,399.8,0.20000000000004547,0.011865744452521976,-0.004563751199297972,0.012713131652808827,0.06356565826402968
method2,2000,5.0,868.8317,0.297498426729559,-0.928494799188961,399.99999999999994,0.1999999999999318,0.011885035957916013,-0.00451665154069103,0.012714331317886254,0.06357165658945295
method2,2001,5.0,869.0317,0.309402567230147,-0.932964269752937,400.2,0.20000000000004547,0.011904140500587967,-0.0044694705639759524,0.012715530983013893,0.06357765491505502
method2,2002,5.0,869.2317,0.321325624968816,-0.937386478764278,400.40000000000003,0.20000000000004547,0.01192305773866903,-0.0044222090113410495,0.012716730648229575,0.06358365324113342
method2,2003,5.0,869.4317,0.333267412301982,-0.941761346390662,400.59999999999997,0.1999999999999318,0.011941787333165976,-0.004374867626383949,0.012717930313496205,0.06358965156750271
method2,2004,5.0,869.6317,0.345227741250054,-0.946088793544801,400.8,0.20000000000004547,0.01196032894807203,-0.004327447154139019,0.012719129978813632,0.0635956498940537
method2,2005,5.0,869.8317,0.357206423500427,-0.950368741885863,400.99999999999994,0.1999999999999318,0.011978682250372963,-0.004279948341061934,0.012720329644217522,0.06360164822110931
method2,2006,5.0,870.0317,0.369203270410368,-0.954601113820843,401.2,0.20000000000004547,0.011996846909941017,-0.00423237193498005,0.012721529309661165,0.06360764654829136
method2,2007,5.0,870.2317,0.381218093010074,-0.958785832505984,401.40000000000003,0.20000000000004547,0.012014822599705988,-0.004184718685141031,0.012722728975191378,0.06361364487594243
method2,2008,5.0,870.4317,0.39325070200557,-0.962922821848121,401.59999999999997,0.1999999999999318,0.01203260899549602,-0.00413698934213691,0.012723928640771534,0.06361964320387936
method2,2009,5.0,870.6317,0.405300907781727,-0.967012006506061,401.8,0.20000000000004547,0.012050205776157008,-0.004089184657940059,0.01272512830640462,0.06362564153200863
method2,2010,5.0,870.8317,0.417368520405277,-0.971053311891944,401.99999999999994,0.1999999999999318,0.012067612623549995,-0.004041305385882987,0.012726327972122597,0.06363163986063469
method2,2011,5.0,871.0317,0.429453349627746,-0.975046664172559,402.2,0.20000000000004547,0.012084829222469007,-0.003993352280615037,0.012727527637893157,0.06363763818945131
method2,2012,5.0,871.2317,0.44155520488848,-0.978991990270684,402.40000000000003,0.20000000000004547,0.012101855260733985,-0.003945326098124924,0.012728727303713458,0.06364363651855282
method2,2013,5.0,871.4317,0.453673895317686,-0.982889217866418,402.59999999999997,0.1999999999999318,0.012118690429205992,-0.0038972275957340763,0.012729926969620843,0.06364963484812593
method2,2014,5.0,871.6317,0.465809229739364,-0.986738275398452,402.8,0.20000000000004547,0.012135334421678023,-0.003849057532034017,0.01273112663556809,0.06365563317782598
method2,2015,5.0,871.8317,0.477961016674409,-0.990539092065395,402.99999999999994,0.1999999999999318,0.012151786935044984,-0.0038008166669429855,0.012732326301601036,0.0636616315080269
method2,2016,5.0,872.0317,0.490129064343555,-0.994291597827027,403.2,0.20000000000004547,0.012168047669146032,-0.003752505761631997,0.012733525967684345,0.06366762983840725
method2,2017,5.0,872.2317,0.502313180670436,-0.99799572340558,403.40000000000003,0.20000000000004547,0.012184116326880934,-0.0037041255785529303,0.012734725633819388,0.06367362816908247
method2,2018,5.0,872.4317,0.514513173284648,-1.001651400287,403.59999999999997,0.1999999999999318,0.012199992614212007,-0.0036556768814201,0.012735925300039135,0.06367962650021738
method2,2019,5.0,872.6317,0.526728849524722,-1.00525856072219,403.8,0.20000000000004547,0.012215676240074025,-0.003607160435189938,0.012737124966314366,0.06368562483155735
method2,2020,5.0,872.8317,0.538960016441195,-1.00881713772821,403.99999999999994,0.1999999999999318,0.012231166916472969,-0.003558577006020025,0.012738324632635066,0.06369162316319706
method2,2021,5.0,873.0317,0.551206480799697,-1.01232706508956,404.2,0.20000000000004547,0.012246464358502074,-0.0035099273613499182,0.012739524299047214,0.0636976214952216
method2,2022,5.0,873.2317,0.563468049083918,-1.01578827735931,404.40000000000003,0.20000000000004547,0.01226156828422098,-0.003461212269750158,0.012740723965492811,0.06370361982744957
method2,2023,5.0,873.4317,0.57574452749876,-1.01920070986038,404.59999999999997,0.1999999999999318,0.01227647841484203,-0.0034124325010698175,0.012741923632028244,0.06370961816016295
method2,2024,5.0,873.6317,0.588035721973319,-1.02256429868666,404.8,0.20000000000004547,0.012291194474558953,-0.003363588826280184,0.01274312329861504,0.0637156164930607
method2,2025,5.0,873.8317,0.600341438163989,-1.02587898070418,404.99999999999994,0.1999999999999318,0.012305716190670002,-0.003314682017519832,0.012744322965249553,0.0637216148262695
method2,2026,5.0,874.0317,0.612661481457561,-1.02914469355234,405.2,0.20000000000004547,0.012320043293572058,-0.0032657128481601294,0.012745522631972688,0.06372761315984896
method2,2027,5.0,874.2317,0.624995656974242,-1.03236137564498,405.40000000000003,0.20000000000004547,0.012334175516680923,-0.003216682092640033,0.012746722298748105,0.06373361149372603
method2,2028,5.0,874.4317,0.637343769570765,-1.03552896617153,405.59999999999997,0.1999999999999318,0.01234811259652302,-0.0031675905265498017,0.012747921965571429,0.06373960982787888
method2,2029,5.0,874.6317,0.64970562384351,-1.03864740509817,405.8,0.20000000000004547,0.012361854272745054,-0.003118438926640099,0.012749121632479996,0.06374560816238549
method2,2030,5.0,874.8317,0.662081024131521,-1.04171663316891,405.99999999999994,0.1999999999999318,0.012375400288010985,-0.00306922807074006,0.012750321299430895,0.06375160649717622
method2,2031,5.0,875.0317,0.674469774519688,-1.04473659190669,406.2,0.20000000000004547,0.012388750388167002,-0.0030199587377799375,0.012751520966465193,0.06375760483231147
method2,2032,5.0,875.2317,0.686871678841773,-1.04770722361447,406.40000000000003,0.20000000000004547,0.012401904322084989,-0.0029706317077800026,0.012752720633551817,0.06376360316774458
method2,2033,5.0,875.4317,0.699286540683547,-1.05062847137631,406.59999999999997,0.1999999999999318,0.012414861841773983,-0.0029212477618401067,0.012753920300691531,0.0637696015034794
method2,2034,5.0,875.6317,0.711714163385935,-1.0535002790584,406.8,0.20000000000004547,0.012427622702387953,-0.002871807682089944,0.012755119967911678,0.0637755998395439
method2,2035,5.0,875.8317,0.724154350048063,-1.05632259131015,406.99999999999994,0.1999999999999318,0.012440186662127983,-0.002822312251749892,0.01275631963518336,0.06378159817593855
method2,2036,5.0,876.0317,0.736606903530414,-1.05909535356522,407.2,0.20000000000004547,0.01245255348235108,-0.0027727622550701714,0.012757519302511592,0.06378759651254345
method2,2037,5.0,876.2317,0.749071626457979,-1.06181851204251,407.40000000000003,0.20000000000004547,0.012464722927564953,-0.0027231584772899886,0.012758718969920129,0.06379359484958615
method2,2038,5.0,876.4317,0.761548321223314,-1.06449201374719,407.59999999999997,0.1999999999999318,0.012476694765334972,-0.002673501704679948,0.012759918637368488,0.0637995931868642
method2,2039,5.0,876.6317,0.774036789989758,-1.06711580647172,407.8,0.20000000000004547,0.01248846876644405,-0.0026237927245300607,0.012761118304903589,0.06380559152450344
method2,2040,5.0,876.8317,0.786536834694492,-1.0696898387968,407.99999999999994,0.1999999999999318,0.012500044704733981,-0.0025740323250798003,0.012762317972488531,0.06381158986246442
method2,2041,5.0,877.0317,0.799048257051712,-1.07221406009238,408.2,0.20000000000004547,0.012511422357220026,-0.0025242212955800536,0.012763517640125897,0.06381758820061498
method2,2042,5.0,877.2317,0.811570858555813,-1.07468842051859,408.40000000000003,0.20000000000004547,0.012522601504101005,-0.002474360426210076,0.012764717307849293,0.06382358653923195
method2,2043,5.0,877.4317,0.824104440484463,-1.07711287102669,408.59999999999997,0.1999999999999318,0.01253358192864995,-0.002424450508099918,0.012765916975619362,0.06382958487811857
method2,2044,5.0,877.6317,0.836648803901797,-1.07948736336003,408.8,0.20000000000004547,0.012544363417334004,-0.0023744923333399726,0.012767116643441384,0.0638355832171924
method2,2045,5.0,877.8317,0.849203749661606,-1.08181185005498,408.99999999999994,0.1999999999999318,0.012554945759809089,-0.002324486694950112,0.012768316311352421,0.06384158155678388
method2,2046,5.0,878.0317,0.861769078410418,-1.08408628444179,409.2,0.20000000000004547,0.012565328748811999,-0.002274434386809965,0.012769515979301054,0.06384757989649076
method2,2047,5.0,878.2317,0.874344590590754,-1.08631062064552,409.40000000000003,0.20000000000004547,0.012575512180335924,-0.0022243362037299708,0.012770715647331633,0.06385357823664364
method2,2048,5.0,878.4317,0.886930086444219,-1.08848481358696,409.59999999999997,0.1999999999999318,0.012585495853465023,-0.0021741929414400563,0.012771915315417381,0.06385957657710868
method2,2049,5.0,878.6317,0.899525366014709,-1.09060881898343,409.8,0.20000000000004547,0.012595279570490003,-0.0021240053964699523,0.012773114983551832,0.06386557491774464
method2,2050,5.0,878.8317,0.912130229151619,-1.0926825933497,409.99999999999994,0.1999999999999318,0.012604863136910005,-0.002073774366269987,0.012774314651770216,0.06387157325887287
method2,2051,5.0,879.0317,0.92474447551296,-1.09470609399882,410.2,0.20000000000004547,0.012614246361341008,-0.002023500649120047,0.01277551432004184,0.06387757160019468
method2,2052,5.0,879.2317,0.937367904568573,-1.09667927904293,410.40000000000003,0.20000000000004547,0.012623429055612978,-0.0019731850441100374,0.01277671398836154,0.06388356994179317
method2,2053,5.0,879.4317,0.950000315603353,-1.09860210739414,410.59999999999997,0.1999999999999318,0.012632411034779967,-0.0019228283512100486,0.01277791365676916,0.06388956828386759
method2,2054,5.0,879.6317,0.96264150772036,-1.10047453876527,410.8,0.20000000000004547,0.012641192117006983,-0.0018724313711298013,0.012779113325214333,0.06389556662605714
method2,2055,5.0,879.8317,0.975291279844104,-1.1022965336707,410.99999999999994,0.1999999999999318,0.012649772123744074,-0.0018219949054301132,0.012780312993744165,0.06390156496874262
method2,2056,5.0,880.0317,0.987949430723666,-1.10406805342713,411.2,0.20000000000004547,0.012658150879562013,-0.0017715197564300844,0.01278151266232517,0.06390756331161132
method2,2057,5.0,880.2317,1.00061575893593,-1.10578906015436,411.40000000000003,0.20000000000004547,0.012666328212263878,-0.0017210067272299678,0.012782712330955534,0.06391356165476314
method2,2058,5.0,880.4317,1.01329006288883,-1.10745951677604,411.59999999999997,0.1999999999999318,0.012674303952900035,-0.001670456621679861,0.012783911999674102,0.06391955999839231
method2,2059,5.0,880.6317,1.02597214082448,-1.10907938702042,411.8,0.20000000000004547,0.012682077935650016,-0.0016198702443801505,0.012785111668441897,0.06392555834219495
method2,2060,5.0,880.8317,1.03866179082242,-1.1106486354211,411.99999999999994,0.1999999999999318,0.012689649997940089,-0.0015692484006799567,0.012786311337256634,0.06393155668630497
method2,2061,5.0,881.0317,1.05135881080288,-1.11216722731772,412.2,0.20000000000004547,0.012697019980459912,-0.0015185918966200695,0.012787511006160594,0.06393755503078843
method2,2062,5.0,881.2317,1.0640629985299,-1.11363512885668,412.40000000000003,0.20000000000004547,0.012704187727019978,-0.001467901538959815,0.01278871067510113,0.06394355337549111
method2,2063,5.0,881.4317,1.07677415161466,-1.11505230699185,412.59999999999997,0.1999999999999318,0.012711153084760118,-0.0014171781351701718,0.012789910344134986,0.06394955172069675
method2,2064,5.0,881.6317,1.08949206751859,-1.11641872948523,412.8,0.20000000000004547,0.0127179159039299,-0.0013664224933798153,0.012791110013202427,0.0639555500659976
method2,2065,5.0,881.8317,1.10221654355669,-1.11773436490762,412.99999999999994,0.1999999999999318,0.012724476038100008,-0.0013156354223899935,0.01279230968233761,0.06396154841170987
method2,2066,5.0,882.0317,1.11494737690073,-1.1189991826393,413.2,0.20000000000004547,0.012730833344040127,-0.001264817731680079,0.01279350935154605,0.06396754675771571
method2,2067,5.0,882.2317,1.12768436458246,-1.12021315287065,413.40000000000003,0.20000000000004547,0.012736987681729817,-0.0012139702313500589,0.012794709020807827,0.06397354510402459
method2,2068,5.0,882.4317,1.14042730349686,-1.12137624660277,413.59999999999997,0.1999999999999318,0.012742938914400037,-0.0011630937321198687,0.012795908690117609,0.06397954345060987
method2,2069,5.0,882.6317,1.15317599040543,-1.12248843564814,413.8,0.20000000000004547,0.012748686908570006,-0.0011121890453700267,0.012797108359523466,0.06398554179760278
method2,2070,5.0,882.8317,1.16593022193932,-1.12354969263118,413.99999999999994,0.1999999999999318,0.012754231533889993,-0.0010612569830401597,0.01279830802895935,0.06399154014481857
method2,2071,5.0,883.0317,1.17868979460269,-1.12455999098886,414.2,0.20000000000004547,0.012759572663370022,-0.0010102983576798508,0.012799507698476147,0.06399753849236618
method2,2072,5.0,883.2317,1.19145450477588,-1.12551930497128,414.40000000000003,0.20000000000004547,0.01276471017319003,-0.0009593139824199959,0.012800707368048359,0.06400353684022723
method2,2073,5.0,883.4317,1.20422414871868,-1.12642760964224,414.59999999999997,0.1999999999999318,0.012769643942800002,-0.0009083046709601472,0.012801907037671255,0.0640095351883781
method2,2074,5.0,883.6317,1.21699852257362,-1.12728488087978,414.8,0.20000000000004547,0.012774373854939958,-0.0008572712375398694,0.012803106707377186,0.06401553353687138
method2,2075,5.0,883.8317,1.22977742236917,-1.12809109537671,414.99999999999994,0.1999999999999318,0.012778899795550025,-0.00080621449693008,0.012804306377143929,0.06402153188574147
method2,2076,5.0,884.0317,1.24256064402299,-1.12884623064117,415.2,0.20000000000004547,0.012783221653819954,-0.0007551352644599163,0.012805506046944115,0.06402753023470602
method2,2077,5.0,884.2317,1.25534798334527,-1.12955026499713,415.40000000000003,0.20000000000004547,0.012787339322280156,-0.0007040343559601148,0.012806705716830714,0.06403352858413901
method2,2078,5.0,884.4317,1.26813923604191,-1.13020317758485,415.59999999999997,0.1999999999999318,0.012791252696639832,-0.0006529125877199338,0.012807905386771833,0.064039526933881
method2,2079,5.0,884.6317,1.28093419771782,-1.13080494836145,415.8,0.20000000000004547,0.012794961675909988,-0.0006017707765999525,0.012809105056777974,0.0640455252838753
method2,2080,5.0,884.8317,1.29373266388018,-1.13135555810128,415.99999999999994,0.1999999999999318,0.012798466162360134,-0.0005506097398300103,0.012810304726846782,0.06405152363425576
method2,2081,5.0,885.0317,1.3065344299417,-1.13185498839649,416.2,0.20000000000004547,0.012801766061520059,-0.000499430295209935,0.012811504396973069,0.06405752198485078
method2,2082,5.0,885.2317,1.3193392912239,-1.1323032216574,416.40000000000003,0.20000000000004547,0.01280486128219982,-0.0004482332609101469,0.012812704067157961,0.06406352033577524
method2,2083,5.0,885.4317,1.3321470429604,-1.13270024111295,416.59999999999997,0.1999999999999318,0.012807751736500173,-0.0003970194555500406,0.012813903737421646,0.06406951868713008
method2,2084,5.0,885.6317,1.34495748030013,-1.13304603081115,416.8,0.20000000000004547,0.012810437339729974,-0.00034578969819998306,0.012815103407718926,0.06407551703858005
method2,2085,5.0,885.8317,1.3577703983107,-1.13334057561947,416.99999999999994,0.1999999999999318,0.01281291801056983,-0.0002945448083200297,0.01281630307809912,0.06408151539051746
method2,2086,5.0,886.0317,1.37058559198159,-1.13358386122523,417.2,0.20000000000004547,0.012815193670890013,-0.0002432856057599242,0.012817502748522796,0.06408751374259941
method2,2087,5.0,886.2317,1.38340285622752,-1.13377587413599,417.40000000000003,0.20000000000004547,0.012817264245930104,-0.0001920129107599866,0.012818702419039797,0.06409351209518441
method2,2088,5.0,886.4317,1.39622198589162,-1.13391660167992,417.59999999999997,0.1999999999999318,0.012819129664100037,-0.0001407275439300193,0.012819902089588286,0.06409951044796329
method2,2089,5.0,886.6317,1.40904277574881,-1.13400603200616,417.8,0.20000000000004547,0.01282078985718993,-8.943032623998093e-05,0.01282110176020281,0.06410550880099948
method2,2090,5.0,886.8317,1.42186502050906,-1.13404415408515,417.99999999999994,0.1999999999999318,0.012822244760249957,-3.812207899001052e-05,0.012822301430892349,0.0641115071544836
method2,2091,5.0,887.0317,1.43468851482065,-1.13403095770897,418.2,0.20000000000004547,0.012823494311590133,1.3196376180024671e-05,0.012823501101638693,0.06411750550817889
method2,2092,5.0,887.2317,1.44751305327347,-1.13396643349166,418.40000000000003,0.20000000000004547,0.012824538452819834,6.452421731006908e-05,0.012824700772434186,0.06412350386215634
method2,2093,5.0,887.4317,1.46033843040234,-1.13385057286952,418.59999999999997,0.1999999999999318,0.012825377128869997,0.00011586062213986281,0.012825900443302382,0.06412950221653378
method2,2094,5.0,887.6317,1.47316444069026,-1.13368336810139,418.8,0.20000000000004547,0.012826010287920075,0.00016720476813003593,0.012827100114223675,0.06413550057110379
method2,2095,5.0,887.8317,1.48599087857175,-1.13346481226894,418.99999999999994,0.1999999999999318,0.01282643788148996,0.000218555832450118,0.012828299785225579,0.06414149892614977
method2,2096,5.0,888.0317,1.49881753843608,-1.13319489927694,419.2,0.20000000000004547,0.01282665986433007,0.0002699129919998544,0.012829499456271324,0.06414749728134203
method2,2097,5.0,888.2317,1.51164421463062,-1.1328736238535,419.40000000000003,0.20000000000004547,0.012826676194539921,0.00032127542344007054,0.012830699127377422,0.06415349563687252
method2,2098,5.0,888.4317,1.52447070146413,-1.1325009815503,419.59999999999997,0.1999999999999318,0.012826486833510176,0.00037264230319999925,0.012831898798554488,0.06415949399279432
method2,2099,5.0,888.6317,1.53729679321004,-1.13207696874283,419.8,0.20000000000004547,0.012826091745909984,0.0004240128074699534,0.012833098469792819,0.0641654923489495
method2,2100,5.0,888.8317,1.55012228410974,-1.13160158263059,419.99999999999994,0.1999999999999318,0.012825490899699865,0.00047538611223996163,0.012834298141074745,0.06417149070539561
method2,2101,5.0,889.0317,1.56294696837595,-1.13107482123731,420.2,0.20000000000004547,0.012824684266210085,0.0005267613932800064,0.012835497812450703,0.06417748906223893
method2,2102,5.0,889.2317,1.5757706401959,-1.13049668341111,420.40000000000003,0.20000000000004547,0.012823671819949922,0.0005781378261999759,0.012836697483849222,0.06418348741923152
method2,2103,5.0,889.4317,1.58859309373477,-1.12986716882468,420.59999999999997,0.1999999999999318,0.012822453538870127,0.0006295145864301244,0.012837897155337058,0.06418948577670719
method2,2104,5.0,889.6317,1.6014141231389,-1.12918627797543,420.8,0.20000000000004547,0.012821029404129991,0.0006808908492499377,0.012839096826886155,0.06419548413441617
method2,2105,5.0,889.8317,1.6142335225391,-1.12845401218567,420.99999999999994,0.1999999999999318,0.012819399400199938,0.0007322657897599338,0.012840296498473049,0.06420148249238714
method2,2106,5.0,890.0317,1.62705108605402,-1.12767037360268,421.2,0.20000000000004547,0.012817563514919916,0.0007836385829900205,0.012841496170141423,0.06420748085069251
method2,2107,5.0,890.2317,1.6398666077934,-1.12683536519889,421.40000000000003,0.20000000000004547,0.012815521739380165,0.0008350084037900274,0.012842695841875473,0.06421347920936277
method2,2108,5.0,890.4317,1.65267988186136,-1.12594899077197,421.59999999999997,0.1999999999999318,0.012813274067959846,0.000886374426920078,0.012843895513641885,0.06421947756823133
method2,2109,5.0,890.6317,1.6654907023598,-1.12501125494489,421.8,0.20000000000004547,0.012810820498440068,0.0009377358270798997,0.012845095185503355,0.06422547592750218
method2,2110,5.0,890.8317,1.67829886339159,-1.12402216316603,421.99999999999994,0.1999999999999318,0.012808161031790055,0.000989091778859974,0.012846294857400466,0.06423147428702423
method2,2111,5.0,891.0317,1.69110415906399,-1.12298172170923,422.2,0.20000000000004547,0.012805295672399852,0.0010404414568001563,0.012847494529386296,0.06423747264691687
method2,2112,5.0,891.2317,1.70390638349185,-1.12188993767387,422.40000000000003,0.20000000000004547,0.012802224427860054,0.0010917840353599217,0.012848694201402859,0.06424347100699969
method2,2113,5.0,891.4317,1.71670533080102,-1.12074681898488,422.59999999999997,0.1999999999999318,0.012798947309170083,0.0011431186889900857,0.012849893873492908,0.06424946936748645
method2,2114,5.0,891.6317,1.72950079513161,-1.11955237439276,422.8,0.20000000000004547,0.012795464330589867,0.0011944445921199254,0.012851093545649808,0.06425546772823443
method2,2115,5.0,891.8317,1.74229257064129,-1.11830661347362,422.99999999999994,0.1999999999999318,0.012791775509680026,0.001245760919140082,0.012852293217854409,0.06426146608929396
method2,2116,5.0,892.0317,1.75508045150866,-1.11700954662918,423.2,0.20000000000004547,0.012787880867370038,0.0012970668444398648,0.012853492890144449,0.06426746445070763
method2,2117,5.0,892.2317,1.76786423193647,-1.11566118508672,423.40000000000003,0.20000000000004547,0.012783780427809921,0.001348361542460097,0.012854692562470772,0.06427346281233924
method2,2118,5.0,892.4317,1.78064370615502,-1.11426154089909,423.59999999999997,0.1999999999999318,0.01277947421855008,0.0013996441876300558,0.012855892234868521,0.06427946117436453
method2,2119,5.0,892.6317,1.79341866842542,-1.11281062694465,423.8,0.20000000000004547,0.012774962270400092,0.0014509139544398586,0.012857091907322362,0.0642854595365972
method2,2120,5.0,892.8317,1.80618891304294,-1.11130845692723,423.99999999999994,0.1999999999999318,0.012770244617519966,0.0015021700174200348,0.012858291579853576,0.0642914578992898
method2,2121,5.0,893.0317,1.81895423434025,-1.10975504537604,424.2,0.20000000000004547,0.012765321297310006,0.0015534115511899316,0.012859491252414566,0.06429745626205821
method2,2122,5.0,893.2317,1.83171442669084,-1.1081504076456,424.40000000000003,0.20000000000004547,0.012760192350590005,0.0016046377304401727,0.012860690925063391,0.06430345462530233
method2,2123,5.0,893.4317,1.84446928451224,-1.10649455991569,424.59999999999997,0.1999999999999318,0.012754857821399845,0.0016558477299100094,0.012861890597761005,0.06430945298882695
method2,2124,5.0,893.6317,1.85721860226938,-1.10478751919115,424.8,0.20000000000004547,0.012749317757140055,0.0017070407245398656,0.012863090270528475,0.06431545135262776
method2,2125,5.0,893.8317,1.86996217447788,-1.10302930330185,424.99999999999994,0.1999999999999318,0.012743572208500087,0.001758215889300141,0.012864289943352616,0.06432144971678502
method2,2126,5.0,894.0317,1.88269979570736,-1.10121993090251,425.2,0.20000000000004547,0.012737621229479856,0.0018093723993399813,0.012865489616224843,0.06432744808110959
method2,2127,5.0,894.2317,1.8954312605848,-1.09935942147256,425.40000000000003,0.20000000000004547,0.012731464877440146,0.0018605094299499747,0.012866689289184876,0.06433344644590976
method2,2128,5.0,894.4317,1.90815636379777,-1.09744779531598,425.59999999999997,0.1999999999999318,0.012725103212970046,0.0019116261565799153,0.012867888962190382,0.06433944481097385
method2,2129,5.0,894.6317,1.92087490009778,-1.09548507356114,425.8,0.20000000000004547,0.012718536300009964,0.0019627217548399134,0.012869088635237268,0.0643454431761717
method2,2130,5.0,894.8317,1.93358666430365,-1.09347127816058,425.99999999999994,0.1999999999999318,0.012711764205869835,0.0020137954005601255,0.012870288308384962,0.06435144154194676
method2,2131,5.0,895.0317,1.94629145130469,-1.09140643189087,426.2,0.20000000000004547,0.012704787001040163,0.00206484626970993,0.012871487981555749,0.06435743990776412
method2,2132,5.0,895.2317,1.95898905606414,-1.08929055835232,426.40000000000003,0.20000000000004547,0.012697604759450032,0.0021158735385500282,0.012872687654811808,0.06436343827404441
method2,2133,5.0,895.4317,1.9716792736224,-1.08712368196882,426.59999999999997,0.1999999999999318,0.012690217558259942,0.002166876383500105,0.012873887328128183,0.06436943664066287
method2,2134,5.0,895.6317,1.98436189910034,-1.08490582798755,426.8,0.20000000000004547,0.012682625477939968,0.002217853981269835,0.0128750870014896,0.06437543500743337
method2,2135,5.0,895.8317,1.99703672770266,-1.08263702247877,426.99999999999994,0.1999999999999318,0.012674828602319943,0.0022688055087800585,0.012876286674925285,0.06438143337464838
method2,2136,5.0,896.0317,2.00970355472115,-1.08031729233553,427.2,0.20000000000004547,0.012666827018489979,0.0023197301432400508,0.01287748634842236,0.06438743174209716
method2,2137,5.0,896.2317,2.02236217553798,-1.07794666527339,427.40000000000003,0.20000000000004547,0.012658620816830002,0.002370627062139974,0.012878686021952405,0.06439343010974738
method2,2138,5.0,896.4317,2.03501238562911,-1.07552516983011,427.59999999999997,0.1999999999999318,0.012650210091130099,0.002421495443279964,0.012879885695593552,0.06439942847798973
method2,2139,5.0,896.6317,2.04765398056742,-1.07305283536539,427.8,0.20000000000004547,0.012641594938310075,0.0024723344647199497,0.01288108536924389,0.0644054268462048
method2,2140,5.0,896.8317,2.0602867560262,-1.07052969206053,427.99999999999994,0.1999999999999318,0.012632775458779832,0.0025231433048600316,0.012882285042988686,0.0644114252149654
method2,2141,5.0,897.0317,2.07291050778232,-1.06795577091805,428.2,0.20000000000004547,0.012623751756120072,0.002573921142480007,0.012883484716793441,0.06441742358395255
method2,2142,5.0,897.2317,2.08552503171956,-1.06533110376144,428.40000000000003,0.20000000000004547,0.012614523937239941,0.0026246671566101387,0.01288468439063167,0.0644234219531437
method2,2143,5.0,897.4317,2.09813012383197,-1.06265572323471,428.59999999999997,0.1999999999999318,0.012605092112409899,0.002675380526729887,0.01288588406455466,0.06442942032279528
method2,2144,5.0,897.6317,2.1107255802271,-1.05992966280205,428.8,0.20000000000004547,0.012595456395130267,0.0027260604326599935,0.01288708373854001,0.06443541869268539
method2,2145,5.0,897.8317,2.1233111971293,-1.05715295674747,428.99999999999994,0.1999999999999318,0.012585616902200059,0.002776706054580025,0.012888283412560618,0.06444141706282507
method2,2146,5.0,898.0317,2.13588677088309,-1.05432564017437,429.2,0.20000000000004547,0.012575573753789815,0.0028273165731000915,0.01288948308666929,0.0644474154333318
method2,2147,5.0,898.2317,2.14845209795635,-1.05144774900512,429.40000000000003,0.20000000000004547,0.012565327073259969,0.0028778911692499687,0.012890682760817864,0.06445341380407467
method2,2148,5.0,898.4317,2.16100697494371,-1.04851931998066,429.59999999999997,0.1999999999999318,0.012554876987360242,0.0029284290244599998,0.012891882435045998,0.06445941217525197
method2,2149,5.0,898.6317,2.17355119856978,-1.04554039066007,429.8,0.20000000000004547,0.012544223626069773,0.0029789293205899625,0.012893082109329702,0.06446541054663385
method2,2150,5.0,898.8317,2.18608456569243,-1.04251099942007,429.99999999999994,0.1999999999999318,0.012533367122649963,0.0030293912399999012,0.012894281783647788,0.06447140891826093
method2,2151,5.0,899.0317,2.19860687330618,-1.03943118545459,430.2,0.20000000000004547,0.012522307613750172,0.0030798139654801826,0.012895481458067097,0.06447740729032082
method2,2152,5.0,899.2317,2.21111791854536,-1.03630098877429,430.40000000000003,0.20000000000004547,0.012511045239179897,0.0031301966802999015,0.012896681132530435,0.06448340566263751
method2,2153,5.0,899.4317,2.22361749868745,-1.03312045020606,430.59999999999997,0.1999999999999318,0.012499580142089961,0.0031805385682299736,0.012897880807036792,0.06448940403520595
method2,2154,5.0,899.6317,2.23610541115642,-1.02988961139253,430.8,0.20000000000004547,0.012487912468969853,0.0032308388135300348,0.012899080481633754,0.0644954024081541
method2,2155,5.0,899.8317,2.24858145352589,-1.02660851479151,430.99999999999994,0.1999999999999318,0.012476042369470086,0.0032810966010199394,0.01290028015626162,0.0645014007813301
method2,2156,5.0,900.0317,2.26104542352254,-1.02327720367552,431.2,0.20000000000004547,0.012463969996650004,0.0033313111159900544,0.012901479830969408,0.06450739915483238
method2,2157,5.0,900.2317,2.2734971190293,-1.01989572213118,431.40000000000003,0.20000000000004547,0.012451695506760174,0.003381481544340037,0.012902679505737705,0.06451339752867385
method2,2158,5.0,900.4317,2.28593633808865,-1.01646411505872,431.59999999999997,0.1999999999999318,0.01243921905934986,0.003431607072460041,0.01290387918055073,0.06451939590277565
method2,2159,5.0,900.6317,2.29836287890592,-1.01298242817134,431.8,0.20000000000004547,0.012426540817270126,0.003481686887379931,0.012905078855436484,0.06452539427716775
method2,2160,5.0,900.8317,2.31077653985255,-1.00945070799469,431.99999999999994,0.1999999999999318,0.012413660946629879,0.003531720176650044,0.012906278530391354,0.06453139265197878
method2,2161,5.0,901.0317,2.3231771194693,-1.00586900186621,432.2,0.20000000000004547,0.012400579616750118,0.0035817061284799667,0.012907478205371857,0.06453739102684461
method2,2162,5.0,901.2317,2.33556441646966,-1.00223735793457,432.40000000000003,0.20000000000004547,0.012387297000359787,0.0036316439316399496,0.012908677880454677,0.0645433894022587
method2,2163,5.0,901.4317,2.34793822974296,-0.998555825159042,432.59999999999997,0.1999999999999318,0.012373813273300005,0.0036815327755280736,0.012909877555568945,0.06454938777786674
method2,2164,5.0,901.6317,2.36029835835774,-0.99482445330881,432.8,0.20000000000004547,0.012360128614780308,0.0037313718502319793,0.012911077230758655,0.0645553861537786
method2,2165,5.0,901.8317,2.37264460156497,-0.991043292962388,432.99999999999994,0.1999999999999318,0.012346243207229879,0.0037811603464219523,0.012912276906007852,0.06456138453006129
method2,2166,5.0,902.0317,2.3849767588013,-0.98721239550692,433.2,0.20000000000004547,0.012332157236329966,0.003830897455468052,0.012913476581303623,0.06456738290650343
method2,2167,5.0,902.2317,2.39729462969236,-0.9833318131375,433.40000000000003,0.20000000000004547,0.012317870891060068,0.003880582369420016,0.012914676256673197,0.0645733812833513
method2,2168,5.0,902.4317,2.40959801405598,-0.979401598856506,433.59999999999997,0.1999999999999318,0.012303384363619774,0.003930214280993938,0.01291587593210357,0.06457937966053988
method2,2169,5.0,902.6317,2.42188671190543,-0.975421806472884,433.8,0.20000000000004547,0.012288697849450081,0.003979792383622005,0.012917075607575221,0.06458537803786142
method2,2170,5.0,902.8317,2.43416052345274,-0.971392490601416,433.99999999999994,0.1999999999999318,0.01227381154731022,0.004029315871468042,0.012918275283138611,0.0645913764157151
method2,2171,5.0,903.0317,2.44641924911184,-0.96731370666203,434.2,0.20000000000004547,0.012258725659100023,0.004078783939385988,0.012919474958730729,0.06459737479363896
method2,2172,5.0,903.2317,2.45866268950191,-0.963185510879016,434.40000000000003,0.20000000000004547,0.01224344039006997,0.004128195783013933,0.012920674634402444,0.06460337317199753
method2,2173,5.0,903.4317,2.47089064545055,-0.959007960280303,434.59999999999997,0.1999999999999318,0.012227955948640012,0.0041775505987130535,0.012921874310125774,0.0646093715506509
method2,2174,5.0,903.6317,2.48310291799705,-0.95478111269668,434.8,0.20000000000004547,0.012212272546499925,0.004226847583623017,0.012923073985905037,0.06461536992951049
method2,2175,5.0,903.8317,2.49529930839564,-0.950505026760999,434.99999999999994,0.1999999999999318,0.012196390398589774,0.004276085935680962,0.012924273661763021,0.06462136830883715
method2,2176,5.0,904.0317,2.50747961811868,-0.946179761907409,435.2,0.20000000000004547,0.012180309723039962,0.004325264853589972,0.012925473337672494,0.06462736668834777
method2,2177,5.0,904.2317,2.5196436488599,-0.941805378370536,435.40000000000003,0.20000000000004547,0.012164030741220078,0.004374383536873028,0.012926673013618502,0.06463336506807782
method2,2178,5.0,904.4317,2.53179120253771,-0.937381937184648,435.59999999999997,0.1999999999999318,0.012147553677809952,0.004423441185888,0.012927872689668798,0.06463936344836603
method2,2179,5.0,904.6317,2.54392208129827,-0.932909500182852,435.8,0.20000000000004547,0.012130878760560293,0.0044724370017960036,0.012929072365736332,0.06464536182866695
method2,2180,5.0,904.8317,2.55603608751887,-0.928388129996213,435.99999999999994,0.1999999999999318,0.012114006220599993,0.004521370186639007,0.01293027204189314,0.06465136020948775
method2,2181,5.0,905.0317,2.56813302381104,-0.923817890052932,436.2,0.20000000000004547,0.01209693629216968,0.004570239943280985,0.012931471718098173,0.06465735859047617
method2,2182,5.0,905.2317,2.5802126930238,-0.919198844577446,436.40000000000003,0.20000000000004547,0.012079669212760269,0.004619045475485972,0.012932671394352974,0.06466335697175017
method2,2183,5.0,905.4317,2.59227489824691,-0.914531058589547,436.59999999999997,0.1999999999999318,0.012062205223109856,0.004667785987899076,0.01293387107069054,0.06466935535347476
method2,2184,5.0,905.6317,2.604319442814,-0.909814597903496,436.8,0.20000000000004547,0.012044544567090032,0.004716460686051027,0.012935070747069106,0.06467535373533083
method2,2185,5.0,905.8317,2.61634613030585,-0.905049529127106,436.99999999999994,0.1999999999999318,0.012026687491850208,0.004765068776389936,0.012936270423516685,0.06468135211760548
method2,2186,5.0,906.0317,2.62835476455354,-0.900235919660803,437.2,0.20000000000004547,0.01200863424768972,0.004813609466303048,0.012937470100018347,0.06468735050007703
method2,2187,5.0,906.2317,2.64034514964169,-0.89537383769672,437.40000000000003,0.20000000000004547,0.011990385088150202,0.004862081964082998,0.01293866977658816,0.06469334888292609
method2,2188,5.0,906.4317,2.65231708991162,-0.890463352217713,437.59999999999997,0.1999999999999318,0.01197194026992987,0.004910485479006965,0.012939869453217323,0.06469934726610868
method2,2189,5.0,906.6317,2.66427038996455,-0.885504532996427,437.8,0.20000000000004547,0.01195330005293016,0.004958819221286048,0.012941069129897119,0.06470534564947088
method2,2190,5.0,906.8317,2.67620485466481,-0.880497450594307,437.99999999999994,0.1999999999999318,0.011934464700259717,0.00500708240212,0.01294226880664148,0.06471134403322946
method2,2191,5.0,907.0317,2.688120289143,-0.875442176360599,438.2,0.20000000000004547,0.01191543447818999,0.005055274233707996,0.012943468483448736,0.06471734241722896
method2,2192,5.0,907.2317,2.70001649879918,-0.870338782431372,438.40000000000003,0.20000000000004547,0.011896209656180101,0.005103393929226985,0.012944668160314638,0.06472334080155848
method2,2193,5.0,907.4317,2.71189328930603,-0.865187341728495,438.59999999999997,0.1999999999999318,0.011876790506850199,0.005151440702876986,0.012945867837223764,0.06472933918614089
method2,2194,5.0,907.6317,2.72375046661209,-0.859987927958591,438.8,0.20000000000004547,0.011857177306060063,0.00519941376990396,0.01294706751422934,0.06473533757113198
method2,2195,5.0,907.8317,2.7355878369448,-0.854740615612029,438.99999999999994,0.1999999999999318,0.011837370332709707,0.005247312346562061,0.01294826719125376,0.06474133595629088
method2,2196,5.0,908.0317,2.74740520681382,-0.849445479961843,439.2,0.20000000000004547,0.011817369869020045,0.0052951356501859115,0.0129494668683731,0.06474733434185079
method2,2197,5.0,908.2317,2.75920238301406,-0.844102597062689,439.40000000000003,0.20000000000004547,0.011797176200240234,0.005342882899154078,0.012950666545533,0.06475333272765028
method2,2198,5.0,908.4317,2.7709791726289,-0.838712043749758,439.59999999999997,0.1999999999999318,0.011776789614839966,0.0053905533129309235,0.012951866222739989,0.06475933111372204
method2,2199,5.0,908.6317,2.78273538303337,-0.833273897637668,439.8,0.20000000000004547,0.011756210404469947,0.0054381461120900365,0.012953065900033374,0.06476532950015214
method2,2200,5.0,908.8317,2.79447082189724,-0.827788237119393,439.99999999999994,0.1999999999999318,0.011735438863869962,0.005485660518275037,0.012954265577383809,0.06477132788694114
method2,2201,5.0,909.0317,2.80618529718816,-0.822255141365129,440.2,0.20000000000004547,0.011714475290919957,0.0055330957542639725,0.012955465254765196,0.06477732627381125
method2,2202,5.0,909.2317,2.8178786171749,-0.816674690321151,440.40000000000003,0.20000000000004547,0.011693319986739947,0.005580451043977974,0.012956664932247295,0.06478332466122175
method2,2203,5.0,909.4317,2.82955059043033,-0.811046964708706,440.59999999999997,0.1999999999999318,0.011671973255430235,0.005627725612445067,0.012957864609743725,0.06478932304874073
method2,2204,5.0,909.6317,2.84120102583473,-0.805372046022818,440.8,0.20000000000004547,0.011650435404400028,0.005674918685887986,0.012959064287344911,0.06479532143670982
method2,2205,5.0,909.8317,2.85282973257876,-0.799650016531156,440.99999999999994,0.1999999999999318,0.011628706744029937,0.005722029491662006,0.012960263964985324,0.06480131982494872
method2,2206,5.0,910.0317,2.86443652016665,-0.79388095927284,441.2,0.20000000000004547,0.011606787587890022,0.005769057258316002,0.01296146364266499,0.06480731821331022
method2,2207,5.0,910.2317,2.87602119841938,-0.788064958057233,441.40000000000003,0.20000000000004547,0.011584678252730018,0.005816001215606992,0.012962663320445295,0.06481331660221173
method2,2208,5.0,910.4317,2.88758357747766,-0.782202097462766,441.59999999999997,0.1999999999999318,0.011562379058279948,0.005862860594466945,0.012963862998254186,0.06481931499129304
method2,2209,5.0,910.6317,2.89912346780515,-0.776292462835706,441.8,0.20000000000004547,0.011539890327489921,0.0059096346270600675,0.01296506267612474,0.06482531338060897
method2,2210,5.0,910.8317,2.91064068019154,-0.770336140288908,441.99999999999994,0.1999999999999318,0.011517212386389808,0.00595632254679801,0.0129662623540751,0.06483131177039761
method2,2211,5.0,911.0317,2.9221350257556,-0.764333216700614,442.2,0.20000000000004547,0.011494345564059927,0.006002923588293907,0.01296746203206007,0.06483731016028561
method2,2212,5.0,911.2317,2.93360631594835,-0.758283779713149,442.40000000000003,0.20000000000004547,0.011471290192750061,0.006049436987465073,0.012968661710122377,0.06484330855059714
method2,2213,5.0,911.4317,2.9450543625561,-0.752187917731693,442.59999999999997,0.1999999999999318,0.011448046607750229,0.006095861981455952,0.012969861388240878,0.06484930694122651
method2,2214,5.0,911.6317,2.95647897770354,-0.746045719922989,442.8,0.20000000000004547,0.011424615147439976,0.006142197808704064,0.012971061066403316,0.06485530533200183
method2,2215,5.0,911.8317,2.96787997385687,-0.739857276214024,442.99999999999994,0.1999999999999318,0.011400996153330123,0.006188443708964986,0.012972260744653437,0.06486130372328931
method2,2216,5.0,912.0317,2.9792571638268,-0.733622677290769,443.2,0.20000000000004547,0.01137718996992998,0.006234598923254953,0.012973460422945265,0.06486730211471158
method2,2217,5.0,912.2317,2.99061036077166,-0.727342014596834,443.40000000000003,0.20000000000004547,0.0113531969448597,0.006280662693935013,0.012974660101280443,0.06487330050638747
method2,2218,5.0,912.4317,3.00193937820052,-0.721015380332126,443.59999999999997,0.1999999999999318,0.011329017428860055,0.006326634264708031,0.012975859779713737,0.06487929889859081
method2,2219,5.0,912.6317,3.01324402997613,-0.714642867451548,443.8,0.20000000000004547,0.011304651775609909,0.006372512880577941,0.012977059458172025,0.06488529729084537
method2,2220,5.0,912.8317,3.02452413031809,-0.708224569663591,443.99999999999994,0.1999999999999318,0.011280100341960253,0.006418297787956995,0.012978259136709571,0.06489129568357
method2,2221,5.0,913.0317,3.03577949380584,-0.701760581429017,444.2,0.20000000000004547,0.011255363487749914,0.0064639882345740585,0.012979458815300651,0.0648972940764885
method2,2222,5.0,913.2317,3.04700993538171,-0.695250997959453,444.40000000000003,0.20000000000004547,0.011230441575869943,0.006509583469563984,0.012980658493938159,0.06490329246967604
method2,2223,5.0,913.4317,3.05821527035401,-0.688695915215988,444.59999999999997,0.1999999999999318,0.01120533497230003,0.006555082743464946,0.012981858172662418,0.06490929086333423
method2,2224,5.0,913.6317,3.06939531439999,-0.682095429907796,444.8,0.20000000000004547,0.011180044045980164,0.006600485308192017,0.012983057851435276,0.06491528925716161
method2,2225,5.0,913.8317,3.08054988356889,-0.675449639490715,444.99999999999994,0.1999999999999318,0.011154569168899897,0.006645790417081021,0.01298425753023784,0.06492128765121134
method2,2226,5.0,914.0317,3.09167879428505,-0.668758642165785,445.2,0.20000000000004547,0.011128910716160068,0.006690997324930059,0.012985457209142988,0.06492728604570018
method2,2227,5.0,914.2317,3.10278186335079,-0.662022536877859,445.40000000000003,0.20000000000004547,0.011103069065740101,0.006736105287926009,0.012986656888076296,0.06493328444036671
method2,2228,5.0,914.4317,3.11385890794954,-0.655241423314096,445.59999999999997,0.1999999999999318,0.011077044598749808,0.006781113563762986,0.012987856567091532,0.06493928283547981
method2,2229,5.0,914.6317,3.12490974564878,-0.648415401902546,445.8,0.20000000000004547,0.011050837699240201,0.006826021411549976,0.012989056246159194,0.06494528123078121
method2,2230,5.0,914.8317,3.13593419440305,-0.641544573810642,445.99999999999994,0.1999999999999318,0.011024448754269667,0.00687082809190398,0.012990255925270098,0.06495127962637263
method2,2231,5.0,915.0317,3.14693207255699,-0.6346290409437,446.2,0.20000000000004547,0.010997878153939933,0.00691553286694202,0.012991455604460361,0.06495727802228704
method2,2232,5.0,915.2317,3.15790319884828,-0.627668905943454,446.40000000000003,0.20000000000004547,0.010971126291290378,0.006960135000245948,0.012992655283701313,0.0649632764184918
method2,2233,5.0,915.4317,3.16884739241065,-0.620664272186517,446.59999999999997,0.1999999999999318,0.010944193562369975,0.007004633756937051,0.012993854962998567,0.064969274815015
method2,2234,5.0,915.6317,3.17976447277685,-0.613615243782844,446.8,0.20000000000004547,0.010917080366199983,0.007049028403672941,0.012995054642357494,0.0649752732117727
method2,2235,5.0,915.8317,3.19065425988163,-0.606521925574231,446.99999999999994,0.1999999999999318,0.010889787104779725,0.007093318208613031,0.01299625432176779,0.06498127160886111
method2,2236,5.0,916.0317,3.20151657406473,-0.59938442313272,447.2,0.20000000000004547,0.010862314183099908,0.007137502441511012,0.012997454001263058,0.06498727000630052
method2,2237,5.0,916.2317,3.21235123607377,-0.592202842759075,447.40000000000003,0.20000000000004547,0.010834662009040041,0.0071815803736450246,0.012998653680795523,0.06499326840396284
method2,2238,5.0,916.4317,3.22315806706727,-0.584977291481192,447.59999999999997,0.1999999999999318,0.010806830993500327,0.007225551277882936,0.012999853360380455,0.06499926680192444
method2,2239,5.0,916.6317,3.2339368886176,-0.577707877052494,447.8,0.20000000000004547,0.01077882155032972,0.007269414428697996,0.013001053040043141,0.06500526520020092
method2,2240,5.0,916.8317,3.24468752271388,-0.570394707950375,447.99999999999994,0.1999999999999318,0.010750634096280187,0.007313169102119099,0.013002252719751743,0.06501126359878089
method2,2241,5.0,917.0317,3.25540979176496,-0.563037893374539,448.2,0.20000000000004547,0.01072226905107998,0.007356814575835924,0.013003452399535266,0.06501726199766154
method2,2242,5.0,917.2317,3.2661035186023,-0.555637543245426,448.40000000000003,0.20000000000004547,0.010693726837339934,0.007400350129112998,0.013004652079356338,0.06502326039676691
method2,2243,5.0,917.4317,3.27676852648296,-0.548193768202552,448.59999999999997,0.1999999999999318,0.010665007880660049,0.007443775042874079,0.013005851759244989,0.06502925879624712
method2,2244,5.0,917.6317,3.28740463909248,-0.540706679602852,448.8,0.20000000000004547,0.010636112609519799,0.0074870885996999315,0.013007051439205688,0.06503525719601365
method2,2245,5.0,917.8317,3.29801168054777,-0.533176389519053,448.99999999999994,0.1999999999999318,0.010607041455290123,0.007530290083799018,0.013008251119209108,0.06504125559606773
method2,2246,5.0,918.0317,3.30858947540006,-0.525603010737991,449.2,0.20000000000004547,0.010577794852290268,0.007573378781062012,0.013009450799268154,0.06504725399632598
method2,2247,5.0,918.2317,3.31913784863779,-0.517986656758904,449.40000000000003,0.20000000000004547,0.010548373237729614,0.007616353979086998,0.013010650479403583,0.06505325239700313
method2,2248,5.0,918.4317,3.32965662568947,-0.510327441791795,449.59999999999997,0.1999999999999318,0.01051877705168014,0.007659214967108974,0.013011850159579107,0.06505925079791773
method2,2249,5.0,918.6317,3.34014563242661,-0.502625480755659,449.8,0.20000000000004547,0.010489006737139928,0.0077019610361359625,0.013013049839830912,0.06506524919913977
method2,2250,5.0,918.8317,3.35060469516657,-0.494880889276826,449.99999999999994,0.1999999999999318,0.01045906273995989,0.007744591478833052,0.013014249520138715,0.06507124760071577
method2,2251,5.0,919.0317,3.36103364067542,-0.48709378368721,450.2,0.20000000000004547,0.010428945508850429,0.0077871055896159835,0.013015449200484785,0.06507724600240913
method2,2252,5.0,919.2317,3.37143229617087,-0.479264281022541,450.40000000000003,0.20000000000004547,0.010398655495449827,0.00782950266466903,0.013016648880918174,0.06508324440457607
method2,2253,5.0,919.4317,3.38180048932505,-0.471392499020666,450.59999999999997,0.1999999999999318,0.010368193154179917,0.007871782001874994,0.01301784856139548,0.0650892428069996
method2,2254,5.0,919.6317,3.3921380482674,-0.463478556119753,450.8,0.20000000000004547,0.01033755894235,0.007913942900912962,0.013019048241921186,0.06509524120959113
method2,2255,5.0,919.8317,3.40244480158754,-0.455522571456506,450.99999999999994,0.1999999999999318,0.010306753320139972,0.00795598466324704,0.013020247922525839,0.0651012396126514
method2,2256,5.0,920.0317,3.41272057833806,-0.44752466486442,451.2,0.20000000000004547,0.010275776750519938,0.00799790659208599,0.013021447603176025,0.06510723801586532
method2,2257,5.0,920.2317,3.42296520803738,-0.439484956871933,451.40000000000003,0.20000000000004547,0.01024462969931994,0.008039707992486989,0.013022647283891527,0.06511323641944283
method2,2258,5.0,920.4317,3.43317852067258,-0.431403568700658,451.59999999999997,0.1999999999999318,0.0102133126352002,0.008081388171275017,0.013023846964670762,0.06511923482337602
method2,2259,5.0,920.6317,3.44336034670218,-0.42328062226355,451.8,0.20000000000004547,0.01018182602960005,0.00812294643710798,0.01302504664548908,0.06512523322743059
method2,2260,5.0,920.8317,3.45351051705902,-0.415116240163044,451.99999999999994,0.1999999999999318,0.010150170356840071,0.008164382100506018,0.013026246326395718,0.0651312316320008
method2,2261,5.0,921.0317,3.46362886315297,-0.40691054568926,452.2,0.20000000000004547,0.010118346093949793,0.008205694473783998,0.01302744600733537,0.06513723003666204
method2,2262,5.0,921.2317,3.47371521687382,-0.398663662818126,452.40000000000003,0.20000000000004547,0.010086353720850205,0.00824688287113401,0.013028645688340454,0.06514322844168746
method2,2263,5.0,921.4317,3.483769410594,-0.390375716209483,452.59999999999997,0.1999999999999318,0.010054193720179683,0.00828794660864296,0.013029845369405461,0.06514922684704952
method2,2264,5.0,921.6317,3.49379127717141,-0.382046831205266,452.8,0.20000000000004547,0.010021866577410332,0.008328885004217024,0.013031045050527816,0.06515522525262427
method2,2265,5.0,921.8317,3.50378064995216,-0.373677133827552,452.99999999999994,0.1999999999999318,0.00998937278074985,0.00836969737771398,0.01303224473171442,0.06516122365859432
method2,2266,5.0,922.0317,3.51373736277336,-0.365266750776714,453.2,0.20000000000004547,0.009956712821200142,0.008410383050838022,0.013033444412958332,0.06516722206477685
method2,2267,5.0,922.2317,3.52366124996586,-0.356815809429481,453.40000000000003,0.20000000000004547,0.009923887192500036,0.00845094134723301,0.013034644094252774,0.06517322047124904
method2,2268,5.0,922.4317,3.53355214635702,-0.348324437837002,453.59999999999997,0.1999999999999318,0.00989089639115992,0.00849137159247898,0.013035843775614196,0.0651792188780932
method2,2269,5.0,922.6317,3.54340988727345,-0.339792764722946,453.8,0.20000000000004547,0.009857740916429769,0.008531673114056004,0.01303704345703272,0.06518521728514878
method2,2270,5.0,922.8317,3.55323430854374,-0.331220919481544,453.99999999999994,0.1999999999999318,0.009824421270290262,0.008571845241402032,0.013038243138501384,0.06519121569252916
method2,2271,5.0,923.0317,3.56302524650121,-0.322609032175604,454.2,0.20000000000004547,0.009790937957470103,0.00861188730593998,0.01303944282004561,0.06519721410021323
method2,2272,5.0,923.2317,3.57278253798658,-0.313957233534597,454.40000000000003,0.20000000000004547,0.009757291485369635,0.008651798641007014,0.013040642501617685,0.0652032125080736
method2,2273,5.0,923.4317,3.58250602035079,-0.305265654952618,454.59999999999997,0.1999999999999318,0.009723482364210057,0.008691578581978998,0.01304184218328914,0.06520921091646795
method2,2274,5.0,923.6317,3.59219553145757,-0.296534428486451,454.8,0.20000000000004547,0.00968951110678029,0.008731226466166975,0.013043041864991205,0.0652152093249412
method2,2275,5.0,923.8317,3.60185090968625,-0.287763686853544,454.99999999999994,0.1999999999999318,0.0096553782286799,0.008770741632907031,0.013044241546754435,0.06522120773379442
method2,2276,5.0,924.0317,3.6114719939344,-0.278953563429974,455.2,0.20000000000004547,0.009621084248149891,0.00881012342356996,0.013045441228587633,0.06522720614292334
method2,2277,5.0,924.2317,3.62105862362052,-0.270104192248472,455.40000000000003,0.20000000000004547,0.009586629686119785,0.00884937118150203,0.01304664091047162,0.06523320455234327
method2,2278,5.0,924.4317,3.63061063868671,-0.261215707996363,455.59999999999997,0.1999999999999318,0.0095520150661903,0.008888484252108975,0.013047840592401324,0.06523920296202887
method2,2279,5.0,924.6317,3.64012787960138,-0.252288246013501,455.8,0.20000000000004547,0.009517240914669767,0.008927461982861984,0.013049040274415212,0.06524520137206123
method2,2280,5.0,924.8317,3.64961018736184,-0.24332194229027,455.99999999999994,0.1999999999999318,0.009482307760459996,0.00896630372323104,0.013050239956464657,0.06525119978234555
method2,2281,5.0,925.0317,3.65905740349702,-0.234316933465449,456.2,0.20000000000004547,0.009447216135180181,0.009005008824820998,0.01305143963859592,0.06525719819296477
method2,2282,5.0,925.2317,3.66846937007005,-0.225273356824193,456.40000000000003,0.20000000000004547,0.009411966573030117,0.00904357664125599,0.013052639320769853,0.06526319660383442
method2,2283,5.0,925.4317,3.67784592968093,-0.216191350295925,456.59999999999997,0.1999999999999318,0.009376559610879909,0.009082006528267988,0.013053839002986315,0.06526919501495383
method2,2284,5.0,925.6317,3.6871869254692,-0.20707105245221,456.8,0.20000000000004547,0.009340995788269968,0.009120297843715014,0.013055038685295037,0.06527519342646035
method2,2285,5.0,925.8317,3.69649220111647,-0.19791260250469,456.99999999999994,0.1999999999999318,0.009305275647269795,0.009158449947519992,0.013056238367650203,0.06528119183827329
method2,2286,5.0,926.0317,3.70576160084906,-0.18871614030295,457.2,0.20000000000004547,0.009269399732590333,0.009196462201740002,0.013057438050037928,0.06528719025017479
method2,2287,5.0,926.2317,3.71499496944068,-0.179481806332352,457.40000000000003,0.20000000000004547,0.00923336859161994,0.009234333970598002,0.013058637732522249,0.0652931886625964
method2,2288,5.0,926.4317,3.7241921522149,-0.170209741711959,457.59999999999997,0.1999999999999318,0.009197182774220103,0.009272064620393011,0.013059837415035257,0.06529918707519856
method2,2289,5.0,926.6317,3.73335299504784,-0.160900088192313,457.8,0.20000000000004547,0.009160842832939942,0.009309653519645994,0.013061037097630653,0.06530518548813842
method2,2290,5.0,926.8317,3.74247734437068,-0.151552988153334,457.99999999999994,0.1999999999999318,0.009124349322839898,0.009347100038978984,0.013062236780271968,0.06531118390138212
method2,2291,5.0,927.0317,3.75156504717226,-0.142168584602116,458.2,0.20000000000004547,0.009087702801580111,0.009384403551218001,0.013063436462966397,0.06531718231481713
method2,2292,5.0,927.2317,3.76061595100163,-0.132747021170725,458.40000000000003,0.20000000000004547,0.009050903829369794,0.009421563431391,0.01306463614572656,0.06532318072861795
method2,2293,5.0,927.4317,3.76962990397063,-0.123288442114057,458.59999999999997,0.1999999999999318,0.009013952969000094,0.009458579056668012,0.013065835828548603,0.0653291791427653
method2,2294,5.0,927.6317,3.77860675475636,-0.113792992307597,458.8,0.20000000000004547,0.008976850785729962,0.009495449806459999,0.013067035511402801,0.06533517755699915
method2,2295,5.0,927.8317,3.78754635260384,-0.104260817245192,458.99999999999994,0.1999999999999318,0.008939597847480218,0.009532175062405002,0.013068235194356152,0.06534117597180304
method2,2296,5.0,928.0317,3.79644854732838,-0.0946920630368786,459.2,0.20000000000004547,0.008902194724540013,0.009568754208313393,0.013069434877328987,0.06534717438663007
method2,2297,5.0,928.2317,3.80531318931824,-0.0850868764065811,459.40000000000003,0.20000000000004547,0.008864641989859923,0.00960518663029751,0.013070634560388938,0.06535317280192983
method2,2298,5.0,928.4317,3.81414012953705,-0.0754454046899267,459.59999999999997,0.1999999999999318,0.00882694021880992,0.009641471716654387,0.013071834243498141,0.065359171217513
method2,2299,5.0,928.6317,3.82292921952633,-0.0657677958319614,459.8,0.20000000000004547,0.008789089989279741,0.0096776088579653,0.013073033926653209,0.06536516963325117
method2,2300,5.0,928.8317,3.831680311408,-0.0560541983848606,459.99999999999994,0.1999999999999318,0.008751091881670003,0.009713597447100805,0.013074233609881457,0.06537116804942958
method2,2301,5.0,929.0317,3.84039325788685,-0.046304761505704,460.2,0.20000000000004547,0.008712946478850014,0.009749436879156602,0.013075433293163316,0.06537716646580172
method2,2302,5.0,929.2317,3.849067912253,-0.0365196349541628,460.40000000000003,0.20000000000004547,0.008674654366150225,0.0097851265515412,0.013076632976490766,0.06538316488243896
method2,2303,5.0,929.4317,3.85770412838441,-0.0266989690901784,460.59999999999997,0.1999999999999318,0.008636216131409746,0.0098206658639844,0.013077832659903948,0.06538916329954204
method2,2304,5.0,929.6317,3.86630176074924,-0.016842914871714,460.8,0.20000000000004547,0.008597632364830243,0.009856054218464399,0.013079032343338185,0.06539516171667606
method2,2305,5.0,929.8317,3.87486066440843,-0.0069516238523728,460.99999999999994,0.1999999999999318,0.008558903659189987,0.0098912910193412,0.013080232026863883,0.06540116013434172
method2,2306,5.0,930.0317,3.88338069501803,0.00297475182087226,461.2,0.20000000000004547,0.008520030609600049,0.00992637567324506,0.013081431710440301,0.06540715855218664
method2,2307,5.0,930.2317,3.89186170883164,0.0129360594100367,461.40000000000003,0.20000000000004547,0.008481013813609994,0.00996130758916444,0.013082631394050227,0.06541315697023627
method2,2308,5.0,930.4317,3.9003035627029,0.0229321455885034,461.59999999999997,0.1999999999999318,0.008441853871259841,0.0099960861784667,0.013083831077747746,0.06541915538876104
method2,2309,5.0,930.6317,3.90870611408783,0.0329628564433175,461.8,0.20000000000004547,0.008402551384929957,0.0100307108548141,0.013085030761495127,0.06542515380746075
method2,2310,5.0,930.8317,3.91706922104723,0.0430280374775878,461.99999999999994,0.1999999999999318,0.008363106959400124,0.010065181034270301,0.013086230445281077,0.0654311522264277
method2,2311,5.0,931.0317,3.92539274224914,0.053127533612884,462.2,0.20000000000004547,0.008323521201909934,0.010099496135296197,0.013087430129154731,0.06543715064575878
method2,2312,5.0,931.2317,3.93367653697113,0.0632611891915613,462.40000000000003,0.20000000000004547,0.008283794721990034,0.010133655578677306,0.013088629813060174,0.06544314906528599
method2,2313,5.0,931.4317,3.94192046510275,0.0734288479792296,462.59999999999997,0.1999999999999318,0.008243928131620226,0.010167658787668302,0.013089829497047232,0.06544914748525849
method2,2314,5.0,931.6317,3.95012438714784,0.0836303531670932,462.8,0.20000000000004547,0.008203922045090017,0.0102015051878636,0.013091029181081291,0.06545514590539157
method2,2315,5.0,931.8317,3.95828816422689,0.0938655473743937,462.99999999999994,0.1999999999999318,0.008163777079049694,0.0102351942073005,0.013092228865154125,0.06546114432579295
method2,2316,5.0,932.0317,3.96641165807945,0.104134272650863,463.2,0.20000000000004547,0.00812349385256006,0.010268725276469298,0.013093428549321242,0.06546714274659132
method2,2317,5.0,932.2317,3.97449473106635,0.114436370479101,463.40000000000003,0.20000000000004547,0.008083072986900142,0.010302097828238002,0.013094628233521597,0.06547314116759309
method2,2318,5.0,932.4317,3.98253724617212,0.124771681777048,463.59999999999997,0.1999999999999318,0.008042515105769699,0.010335311297947,0.01309582791777613,0.06547913958890299
method2,2319,5.0,932.6317,3.99053906700728,0.135140046900466,463.8,0.20000000000004547,0.00800182083515999,0.010368365123417989,0.013097027602113048,0.06548513801055035
method2,2320,5.0,932.8317,3.9985000578106,0.145541305645334,463.99999999999994,0.1999999999999318,0.007960990803320023,0.010401258744867997,0.013098227286478081,0.06549113643241275
method2,2321,5.0,933.0317,4.00642008345147,0.155975297250399,464.2,0.20000000000004547,0.007920025640870243,0.010433991605065002,0.013099426970925447,0.06549713485461234
method2,2322,5.0,933.2317,4.01429900943213,0.166441860399589,464.40000000000003,0.20000000000004547,0.007878925980659979,0.010466563149190006,0.01310062665542,0.06550313327708511
method2,2323,5.0,933.4317,4.02213670188996,0.176940833224531,464.59999999999997,0.1999999999999318,0.007837692457830059,0.010498972824941999,0.013101826339957217,0.06550913169980843
method2,2324,5.0,933.6317,4.02993302759979,0.187472053307086,464.8,0.20000000000004547,0.007796325709829688,0.010531220082554998,0.013103026024585355,0.06551513012291188
method2,2325,5.0,933.8317,4.03768785397607,0.198035357681794,464.99999999999994,0.1999999999999318,0.007754826376280555,0.01056330437470801,0.013104225709250508,0.06552112854627488
method2,2326,5.0,934.0317,4.04540104907518,0.208630582838426,465.2,0.20000000000004547,0.0077131950991100595,0.010595225156631999,0.013105425393960434,0.06552712696978727
method2,2327,5.0,934.2317,4.05307248159769,0.21925756472454,465.40000000000003,0.20000000000004547,0.007671432522509569,0.010626981886113995,0.013106625078761218,0.06553312539379119
method2,2328,5.0,934.4317,4.06070202089048,0.229916138747949,465.59999999999997,0.1999999999999318,0.007629539292789644,0.010658574023409001,0.013107824763579586,0.06553912381792028
method2,2329,5.0,934.6317,4.06828953694911,0.24060613977935,465.8,0.20000000000004547,0.007587516058630506,0.010690001031400997,0.013109024448498454,0.06554512224247737
method2,2330,5.0,934.8317,4.07583490041987,0.251327402154806,465.99999999999994,0.1999999999999318,0.007545363470759625,0.010721262375455981,0.013110224133447977,0.06555112066726224
method2,2331,5.0,935.0317,4.08333798260209,0.26207975967834,466.2,0.20000000000004547,0.007503082182219956,0.01075235752353404,0.013111423818451054,0.06555711909224037
method2,2332,5.0,935.2317,4.09079865545029,0.272863045624543,466.40000000000003,0.20000000000004547,0.007460672848200289,0.01078328594620298,0.013112623503534742,0.06556311751765881
method2,2333,5.0,935.4317,4.09821679157633,0.283677092741094,466.59999999999997,0.1999999999999318,0.007418136126039698,0.010814047116550984,0.013113823188660122,0.06556911594332297
method2,2334,5.0,935.6317,4.10559226425161,0.294521733251381,466.8,0.20000000000004547,0.007375472675279937,0.010844640510286996,0.013115022873832847,0.06557511436914933
method2,2335,5.0,935.8317,4.11292494740924,0.305396798857132,466.99999999999994,0.1999999999999318,0.007332683157630804,0.010875065605751022,0.013116222559090377,0.06558111279547425
method2,2336,5.0,936.0317,4.12021471564612,0.316302120740954,467.2,0.20000000000004547,0.007289768236879546,0.010905321883821983,0.013117422244373496,0.06558711122185257
method2,2337,5.0,936.2317,4.12746144422517,0.327237529569035,467.40000000000003,0.20000000000004547,0.007246728579049844,0.010935408828081028,0.013118621929748957,0.06559310964872987
method2,2338,5.0,936.4317,4.13466500907736,0.338202855493691,467.59999999999997,0.1999999999999318,0.007203564852190425,0.010965325924655989,0.013119821615161007,0.06559910807582742
method2,2339,5.0,936.6317,4.14182528680388,0.349197928156046,467.8,0.20000000000004547,0.007160277726519837,0.010995072662354999,0.01312102130062147,0.06560510650309244
method2,2340,5.0,936.8317,4.14894215467825,0.360222576688691,467.99999999999994,0.1999999999999318,0.0071168678743696034,0.01102464853264501,0.013122220986158778,0.06561110493081627
method2,2341,5.0,937.0317,4.1560154906484,0.371276629718291,468.2,0.20000000000004547,0.007073335970150474,0.011054053029599997,0.013123420671754503,0.06561710335875759
method2,2342,5.0,937.2317,4.16304517333871,0.382359915368266,468.40000000000003,0.20000000000004547,0.007029682690309791,0.011083285649975017,0.013124620357381132,0.06562310178689074
method2,2343,5.0,937.4317,4.17003108205218,0.393472261261497,468.59999999999997,0.1999999999999318,0.006985908713470046,0.011112345893230957,0.013125820043096113,0.06562910021550294
method2,2344,5.0,937.6317,4.17697309677239,0.404613494522934,468.8,0.20000000000004547,0.006942014720210388,0.011141233261437011,0.013127019728840514,0.06563509864418765
method2,2345,5.0,937.8317,4.18387109816565,0.415783441782359,468.99999999999994,0.1999999999999318,0.0068980013932593565,0.011169947259424995,0.013128219414670976,0.06564109707337727
method2,2346,5.0,938.0317,4.19072496758295,0.42698192917702,469.2,0.20000000000004547,0.006853869417300373,0.011198487394661005,0.013129419100546177,0.06564709550271595
method2,2347,5.0,938.2317,4.19753458706203,0.438208782354356,469.40000000000003,0.20000000000004547,0.006809619479080098,0.011226853177336016,0.013130618786459644,0.06565309393228329
method2,2348,5.0,938.4317,4.20429983932945,0.449463826474746,469.59999999999997,0.1999999999999318,0.006765252267419974,0.011255044120389968,0.013131818472464347,0.06565909236234413
method2,2349,5.0,938.6317,4.2110206078025,0.460746886214167,469.8,0.20000000000004547,0.006720768473050143,0.011283059739421009,0.01313301815850751,0.06566509079252263
method2,2350,5.0,938.8317,4.21769677659128,0.472057785766953,469.99999999999994,0.1999999999999318,0.006676168788779968,0.011310899552786025,0.013134217844603266,0.06567108922303873
method2,2351,5.0,939.0317,4.22432823050064,0.483396348848564,470.2,0.20000000000004547,0.006631453909359486,0.011338563081610964,0.013135417530768877,0.06567708765382944
method2,2352,5.0,939.2317,4.23091485503219,0.494762398698258,470.40000000000003,0.20000000000004547,0.006586624531550456,0.011366049849694027,0.013136617216976062,0.06568308608486538
method2,2353,5.0,939.4317,4.23745653638625,0.50615575808193,470.59999999999997,0.1999999999999318,0.006541681354059747,0.01139335938367203,0.0131378169032591,0.0656890845163179
method2,2354,5.0,939.6317,4.24395316146381,0.517576249294798,470.8,0.20000000000004547,0.00649662507755977,0.011420491212867923,0.013139016589591929,0.06569508294794471
method2,2355,5.0,939.8317,4.25040461786846,0.529023694164209,470.99999999999994,0.1999999999999318,0.00645145640465028,0.011447444869411072,0.013140216275971601,0.06570108137988041
method2,2356,5.0,940.0317,4.25681079390835,0.540497914052441,471.2,0.20000000000004547,0.0064061760398903544,0.01147421988823194,0.0131414159624282,0.06570707981212606
method2,2357,5.0,940.2317,4.26317157859808,0.551998729859432,471.40000000000003,0.20000000000004547,0.0063607846897300035,0.011500815806991027,0.013142615648927663,0.06571307824462337
method2,2358,5.0,940.4317,4.26948686166064,0.563525962025602,471.59999999999997,0.1999999999999318,0.006315283062559907,0.01152723216617002,0.013143815335473975,0.06571907667739228
method2,2359,5.0,940.6317,4.27575653352932,0.57507943053469,471.8,0.20000000000004547,0.006269671868679438,0.011553468509088005,0.013145015022106233,0.06572507511051622
method2,2360,5.0,940.8317,4.28198048534954,0.586658954916484,471.99999999999994,0.1999999999999318,0.006223951820220286,0.011579524381793993,0.01314621470876636,0.06573107354385421
method2,2361,5.0,941.0317,4.28815860898081,0.598264354249728,472.2,0.20000000000004547,0.006178123631269905,0.011605399333244004,0.013147414395511994,0.06573707197754503
method2,2362,5.0,941.2317,4.29429079699851,0.609895447164872,472.40000000000003,0.20000000000004547,0.006132188017700102,0.01163109291514397,0.013148614082295403,0.06574307041146206
method2,2363,5.0,941.4317,4.30037694269583,0.621552051846935,472.59999999999997,0.1999999999999318,0.0060861456973198,0.011656604682062977,0.013149813769133645,0.06574906884569065
method2,2364,5.0,941.6317,4.30641694008555,0.633233986038376,472.8,0.20000000000004547,0.006039997389720497,0.011681934191441035,0.013151013456041687,0.06575506728019348
method2,2365,5.0,941.8317,4.31241068390192,0.644941067041873,472.99999999999994,0.1999999999999318,0.005993743816369523,0.011707081003497044,0.013152213142992674,0.0657610657149858
method2,2366,5.0,942.0317,4.31835806960245,0.656673111723259,473.2,0.20000000000004547,0.005947385700530106,0.011732044681386,0.013153412830018965,0.06576706415007987
method2,2367,5.0,942.2317,4.32425899336973,0.668429936514313,473.40000000000003,0.20000000000004547,0.00590092376728002,0.011756824791054,0.013154612517090427,0.06577306258543718
method2,2368,5.0,942.4317,4.33011335211324,0.680211357415664,473.59999999999997,0.1999999999999318,0.005854358743509813,0.011781420901350925,0.013155812204212185,0.06577906102108336
method2,2369,5.0,942.6317,4.33592104347112,0.692017189999696,473.8,0.20000000000004547,0.005807691357880174,0.011805832584032006,0.013157011891405581,0.06578505945701295
method2,2370,5.0,942.8317,4.34168196581198,0.703847249413377,473.99999999999994,0.1999999999999318,0.0057609223408601196,0.011830059413680982,0.013158211578654724,0.06579105789329606
method2,2371,5.0,943.0317,4.3473960182366,0.715701350381176,474.2,0.20000000000004547,0.005714052424619531,0.011854100967799042,0.013159411265937187,0.06579705632967098
method2,2372,5.0,943.2317,4.35306310057978,0.727579307208002,474.40000000000003,0.20000000000004547,0.005667082343180141,0.01187795682682602,0.013160610953307865,0.06580305476652436
method2,2373,5.0,943.4317,4.35868311341199,0.739480933782036,474.59999999999997,0.1999999999999318,0.005620012832210364,0.011901626574034041,0.013161810640712106,0.06580905320358298
method2,2374,5.0,943.6317,4.36425595804116,0.751406043577726,474.8,0.20000000000004547,0.005572844629170071,0.011925109795689948,0.01316301032819355,0.06581505164095279
method2,2375,5.0,943.8317,4.36978153651438,0.763354449658639,474.99999999999994,0.1999999999999318,0.005525578473219994,0.011948406080912966,0.013164210015724837,0.06582105007864664
method2,2376,5.0,944.0317,4.37525975161957,0.775325964680423,475.2,0.20000000000004547,0.005478215105189754,0.011971515021784063,0.01316540970329183,0.06582704851644418
method2,2377,5.0,944.2317,4.38069050688728,0.78732040089377,475.40000000000003,0.20000000000004547,0.005430755267710197,0.011994436213346948,0.013166609390948407,0.06583304695472707
method2,2378,5.0,944.4317,4.38607370659226,0.799337570147302,475.59999999999997,0.1999999999999318,0.005383199704979802,0.012017169253532023,0.013167809078648202,0.06583904539326346
method2,2379,5.0,944.6317,4.39140925575518,0.811377283890547,475.8,0.20000000000004547,0.005335549162920117,0.012039713743244973,0.013169008766388587,0.06584504383192796
method2,2380,5.0,944.8317,4.39669706014432,0.823439353176932,475.99999999999994,0.1999999999999318,0.005287804389140227,0.01206206928638498,0.01317020845421068,0.06585104227107585
method2,2381,5.0,945.0317,4.40193702627718,0.835523588666671,476.2,0.20000000000004547,0.005239966132859486,0.012084235489739026,0.0131714081420698,0.06585704071033402
method2,2382,5.0,945.2317,4.40712906142212,0.847629800629824,476.40000000000003,0.20000000000004547,0.005192035144940377,0.01210621196315298,0.013172607830004063,0.06586303915000534
method2,2383,5.0,945.4317,4.41227307360002,0.859757798949195,476.59999999999997,0.1999999999999318,0.005144012177900059,0.012127998319371058,0.013173807517990056,0.06586903758997274
method2,2384,5.0,945.6317,4.41736897158583,0.871907393123353,476.8,0.20000000000004547,0.005095897985810005,0.012149594174157952,0.01317500720601379,0.06587503603005397
method2,2385,5.0,945.8317,4.42241666491026,0.884078392269653,476.99999999999994,0.1999999999999318,0.005047693324430114,0.012170999146300043,0.013176206894122933,0.06588103447063713
method2,2386,5.0,946.0317,4.42741606386128,0.896270605127171,477.2,0.20000000000004547,0.004999398951019529,0.012192212857518037,0.013177406582271161,0.06588703291134082
method2,2387,5.0,946.2317,4.43236707948577,0.908483840059741,477.40000000000003,0.20000000000004547,0.004951015624490296,0.012213234932569983,0.013178606270470893,0.06589303135233948
method2,2388,5.0,946.4317,4.43726962359105,0.920717905058996,477.59999999999997,0.1999999999999318,0.0049025441052794605,0.012234064999254946,0.013179805958746332,0.06589902979375413
method2,2389,5.0,946.6317,4.44212360874643,0.932972607747314,477.8,0.20000000000004547,0.004853985155380158,0.012254702688318075,0.013181005647055965,0.06590502823526484
method2,2390,5.0,946.8317,4.44692894828479,0.945247755380925,477.99999999999994,0.1999999999999318,0.004805339538360265,0.012275147633610928,0.013182205335446433,0.06591102667725465
method2,2391,5.0,947.0317,4.45168555630407,0.957543154852868,478.2,0.20000000000004547,0.0047566080192797955,0.012295399471943025,0.013183405023882626,0.06591702511939813
method2,2392,5.0,947.2317,4.4563933476688,0.96985861269606,478.40000000000003,0.20000000000004547,0.004707791364729985,0.01231545784319199,0.013184604712363027,0.06592302356180015
method2,2393,5.0,947.4317,4.46105223801162,0.98219393508637,478.59999999999997,0.1999999999999318,0.004658890342819966,0.012335322390309988,0.013185804400919349,0.06592902200461923
method2,2394,5.0,947.6317,4.46566214373477,0.994548927845607,478.8,0.20000000000004547,0.004609905723150121,0.012354992759237016,0.013187004089524326,0.06593502044760664
method2,2395,5.0,947.8317,4.47022298201156,1.00692339644461,478.99999999999994,0.1999999999999318,0.00456083827678988,0.012374468599003041,0.01318820377817783,0.06594101889091164
method2,2396,5.0,948.0317,4.47473467078786,1.01931714600633,479.2,0.20000000000004547,0.004511688776299927,0.012393749561719902,0.013189403466905659,0.0659470173345133
method2,2397,5.0,948.2317,4.47919712878352,1.03172998130884,479.40000000000003,0.20000000000004547,0.004462457995660252,0.012412835302510139,0.013190603155666312,0.06595301577831657
method2,2398,5.0,948.4317,4.48361027549389,1.04416170678848,479.59999999999997,0.1999999999999318,0.004413146710369631,0.012431725479639999,0.013191802844508277,0.06595901422256388
method2,2399,5.0,948.6317,4.48797403119115,1.05661212654288,479.8,0.20000000000004547,0.004363755697259997,0.012450419754399977,0.01319300253339331,0.06596501266695155
method2,2400,5.0,948.8317,4.49228831692584,1.06908104433406,479.99999999999994,0.1999999999999318,0.00431428573469006,0.012468917791179868,0.013194202222330533,0.06597101111167517
method2,2401,5.0,949.0317,4.49655305452818,1.08156826359156,480.2,0.20000000000004547,0.004264737602340141,0.01248721925750007,0.01319540191133618,0.0659770095566659
method2,2402,5.0,949.2317,4.50076816660952,1.09407358741548,480.40000000000003,0.20000000000004547,0.004215112081340067,0.012505323823920111,0.013196601600387992,0.06598300800192496
method2,2403,5.0,949.4317,4.50493357656371,1.10659681857963,480.59999999999997,0.1999999999999318,0.004165409954190125,0.012523231164149884,0.013197801289502773,0.06598900644753637
method2,2404,5.0,949.6317,4.50904920856848,1.11913775953461,480.8,0.20000000000004547,0.004115632004769942,0.012540940954979929,0.013199000978671814,0.06599500489334406
method2,2405,5.0,949.8317,4.51311498758677,1.13169621241094,480.99999999999994,0.1999999999999318,0.004065779018290527,0.012558452876330062,0.013200200667890403,0.06600100333947452
method2,2406,5.0,950.0317,4.51713083936811,1.1442719790222,481.2,0.20000000000004547,0.004015851781339563,0.01257576661126003,0.013201400357180702,0.0660070017858885
method2,2407,5.0,950.2317,4.52109669044995,1.15686486086812,481.40000000000003,0.20000000000004547,0.003965851081839666,0.012592881845920001,0.013202600046529863,0.0660130002326343
method2,2408,5.0,950.4317,4.52501246815896,1.16947465913769,481.59999999999997,0.1999999999999318,0.003915777709010193,0.012609798269570094,0.013203799735895498,0.06601899867950001
method2,2409,5.0,950.6317,4.52887810061238,1.18210117471243,481.8,0.20000000000004547,0.003865632453420531,0.012626515574739816,0.01320499942537239,0.06602499712684694
method2,2410,5.0,950.8317,4.53269351671928,1.19474420816935,481.99999999999994,0.1999999999999318,0.003815416106899505,0.012643033456920083,0.013206199114869834,0.0660309955743717
method2,2411,5.0,951.0317,4.53645864618185,1.20740355978423,482.2,0.20000000000004547,0.003765129462570016,0.012659351614880077,0.013207398804423207,0.06603699402210102
method2,2412,5.0,951.2317,4.54017341949672,1.22007902953475,482.40000000000003,0.20000000000004547,0.0037147733148703566,0.012675469750519808,0.013208598494057406,0.06604299247027201
method2,2413,5.0,951.4317,4.54383776795615,1.23277041710359,482.59999999999997,0.1999999999999318,0.003664348459429867,0.01269138756884014,0.013209798183720903,0.06604899091862704
method2,2414,5.0,951.6317,4.54745162364932,1.24547752188169,482.8,0.20000000000004547,0.003613855693170187,0.012707104778099998,0.013210997873464001,0.06605498936730499
method2,2415,5.0,951.8317,4.55101491946355,1.25820014297133,482.99999999999994,0.1999999999999318,0.003563295814229761,0.012722621089640063,0.013212197563246677,0.06606098781625591
method2,2416,5.0,952.0317,4.55452758908554,1.27093807918936,483.2,0.20000000000004547,0.0035126696219895948,0.012737936218029988,0.013213397253085546,0.0660669862654127
method2,2417,5.0,952.2317,4.55798956700258,1.28369112907038,483.40000000000003,0.20000000000004547,0.003461977917040393,0.012753049881019995,0.013214596942996766,0.06607298471496881
method2,2418,5.0,952.4317,4.5614007885037,1.29645909086989,483.59999999999997,0.1999999999999318,0.003411221501119499,0.012767961799510008,0.013215796632948269,0.06607898316476388
method2,2419,5.0,952.6317,4.56476118968091,1.30924176256751,483.8,0.20000000000004547,0.0033604011772103703,0.012782671697619818,0.013216996322952033,0.06608498161474514
method2,2420,5.0,952.8317,4.56807070743036,1.3220389418702,483.99999999999994,0.1999999999999318,0.003309517749450208,0.012797179302690198,0.013218196013039312,0.0660909800652191
method2,2421,5.0,953.0317,4.57132927945348,1.33485042621537,484.2,0.20000000000004547,0.0032585720231201876,0.012811484345169877,0.013219395703147493,0.06609697851572244
method2,2422,5.0,953.2317,4.57453684425814,1.34767601277421,484.40000000000003,0.20000000000004547,0.0032075648046596683,0.01282558655884003,0.013220595393339495,0.06610297696668244
method2,2423,5.0,953.4317,4.57769334115978,1.3605154984548,484.59999999999997,0.1999999999999318,0.0031564969016404376,0.012839485680590013,0.013221795083578541,0.06610897541791526
method2,2424,5.0,953.6317,4.58079871028252,1.37336867990536,484.8,0.20000000000004547,0.0031053691227391766,0.012853181450559914,0.013222994773858127,0.0661149738692756
method2,2425,5.0,953.8317,4.58385289256031,1.38623535351751,484.99999999999994,0.1999999999999318,0.0030541822777907512,0.012866673612150104,0.01322419446422242,0.06612097232113466
method2,2426,5.0,954.0317,4.58685582973796,1.39911531542942,485.2,0.20000000000004547,0.003002937177649656,0.012879961911909987,0.013225394154623992,0.06612697077310492
method2,2427,5.0,954.2317,4.58980746437228,1.41200836152908,485.40000000000003,0.20000000000004547,0.0029516346343196886,0.01289304609965991,0.013226593845071041,0.06613296922534016
method2,2428,5.0,954.4317,4.59270773983312,1.42491428745758,485.59999999999997,0.1999999999999318,0.0029002754608402626,0.01290592592850004,0.01322779353560834,0.06613896767806426
method2,2429,5.0,954.6317,4.59555660030443,1.43783288861223,485.8,0.20000000000004547,0.0028488604713103882,0.012918601154650045,0.013228993226165033,0.06614496613081013
method2,2430,5.0,954.8317,4.5983539907853,1.45076396014994,485.99999999999994,0.1999999999999318,0.002797390480870021,0.012931071537710004,0.013230192916803442,0.06615096458403977
method2,2431,5.0,955.0317,4.60109985709102,1.46370729699037,486.2,0.20000000000004547,0.002745866305719602,0.01294333684042992,0.013231392607496634,0.06615696303746813
method2,2432,5.0,955.2317,4.60379414585405,1.47666269381919,486.40000000000003,0.20000000000004547,0.0026942887630303503,0.012955396828820076,0.013232592298215527,0.06616296149106259
method2,2433,5.0,955.4317,4.60643680452507,1.48962994509143,486.59999999999997,0.1999999999999318,0.0026426586710197597,0.012967251272240077,0.0132337919890305,0.06616895994517506
method2,2434,5.0,955.6317,4.60902778137393,1.50260884503462,486.8,0.20000000000004547,0.002590976848860116,0.012978899943189903,0.013234991679886466,0.06617495839941728
method2,2435,5.0,955.8317,4.61156702549066,1.5155991876521,486.99999999999994,0.1999999999999318,0.0025392441167300106,0.01299034261748,0.013236191370778269,0.06618095685391391
method2,2436,5.0,956.0317,4.61405448678644,1.52860076672635,487.2,0.20000000000004547,0.0024874612957797027,0.013001579074249925,0.013237391061760454,0.06618695530878722
method2,2437,5.0,956.2317,4.61649011599453,1.54161337582214,487.40000000000003,0.20000000000004547,0.002435629208090262,0.013012609095790051,0.013238590752762937,0.06619295376379963
method2,2438,5.0,956.4317,4.6188738646712,1.55463680828995,487.59999999999997,0.1999999999999318,0.0023837486766700167,0.013023432467810014,0.013239790443852732,0.06619895221928623
method2,2439,5.0,956.6317,4.62120568519671,1.56767085726914,487.8,0.20000000000004547,0.0023318205255096203,0.013034048979190027,0.013240990134997932,0.0662049506749746
method2,2440,5.0,956.8317,4.62348553077616,1.58071531569124,487.99999999999994,0.1999999999999318,0.002279845579450601,0.013044458422099892,0.013242189826159163,0.0662109491308184
method2,2441,5.0,957.0317,4.62571335544044,1.59376997628336,488.2,0.20000000000004547,0.0022278246642795096,0.013054660592120015,0.013243389517424285,0.06621694758710638
method2,2442,5.0,957.2317,4.62788911404708,1.60683463157132,488.40000000000003,0.20000000000004547,0.002175758606639988,0.01306465528796008,0.0132445892087143,0.06622294604355644
method2,2443,5.0,957.4317,4.63001276228115,1.61990907388306,488.59999999999997,0.1999999999999318,0.0021236482340700746,0.013074442311739931,0.013245788900064968,0.06622894450034743
method2,2444,5.0,957.6317,4.63208425665611,1.63299309535192,488.8,0.20000000000004547,0.0020714943749595705,0.013084021468860119,0.013246988591490582,0.06623494295743784
method2,2445,5.0,957.8317,4.63410355451467,1.64608648791988,488.99999999999994,0.1999999999999318,0.002019297858560698,0.013093392567959938,0.013248188282942554,0.06624094141473537
method2,2446,5.0,958.0317,4.6360706140296,1.65918904334097,489.2,0.20000000000004547,0.001967059514929481,0.013102555421089956,0.013249387974469175,0.06624693987233081
method2,2447,5.0,958.2317,4.63798539420458,1.67230055318452,489.40000000000003,0.20000000000004547,0.0019147801749799243,0.01311150984355014,0.013250587666062526,0.06625293833029756
method2,2448,5.0,958.4317,4.63984785487498,1.68542080883844,489.59999999999997,0.1999999999999318,0.001862460670400523,0.013120255653919832,0.013251787357673836,0.06625893678839177
method2,2449,5.0,958.6317,4.64165795670869,1.69854960151266,489.8,0.20000000000004547,0.0018101018337102204,0.013128792674220069,0.013252987049380816,0.06626493524688902
method2,2450,5.0,958.8317,4.64341566120685,1.71168672224233,489.99999999999994,0.1999999999999318,0.0017577044981598178,0.013137120729669993,0.013254186741131133,0.06627093370567827
method2,2451,5.0,959.0317,4.64512093070469,1.72483196189118,490.2,0.20000000000004547,0.0017052694978394456,0.01314523964885006,0.013255386432917045,0.06627693216457016
method2,2452,5.0,959.2317,4.64677372837221,1.73798511115491,490.40000000000003,0.20000000000004547,0.001652797667520467,0.013153149263730013,0.013256586124780485,0.06628293062388736
method2,2453,5.0,959.4317,4.64837401821498,1.75114596056444,490.59999999999997,0.1999999999999318,0.001600289842770053,0.013160849409529884,0.013257785816688853,0.06628892908346687
method2,2454,5.0,959.6317,4.64992176507484,1.7643143004893,490.8,0.20000000000004547,0.0015477468598597,0.013168339924860106,0.013258985508660542,0.06629492754328764
method2,2455,5.0,959.8317,4.65141693463063,1.77748992114095,490.99999999999994,0.1999999999999318,0.001495169555790099,0.01317562065165001,0.013260185200695645,0.06630092600350083
method2,2456,5.0,960.0317,4.65285949339885,1.79067261257608,491.2,0.20000000000004547,0.0014425587682200813,0.013182691435129845,0.013261384892748359,0.06630692446372671
method2,2457,5.0,960.2317,4.65424940873444,1.80386216470008,491.40000000000003,0.20000000000004547,0.001389915335590075,0.013189552124000192,0.013262584584907516,0.0663129229245225
method2,2458,5.0,960.4317,4.65558664883134,1.81705836727023,491.59999999999997,0.1999999999999318,0.0013372400969000608,0.013196202570149973,0.013263784277090383,0.06631892138547453
method2,2459,5.0,960.6317,4.65687118272324,1.83026100989916,491.8,0.20000000000004547,0.0012845338918996418,0.013202642628930006,0.013264983969333649,0.06632491984665316
method2,2460,5.0,960.8317,4.65810298028421,1.84346988205817,491.99999999999994,0.1999999999999318,0.001231797560969916,0.01320887215901001,0.013266183661636876,0.066330918308207
method2,2461,5.0,961.0317,4.65928201222929,1.85668477308058,492.2,0.20000000000004547,0.0011790319450799558,0.013214891022409914,0.013267383353988426,0.06633691676992705
method2,2462,5.0,961.2317,4.66040825011516,1.86990547216512,492.40000000000003,0.20000000000004547,0.001126237885870296,0.013220699084540044,0.013268583046411835,0.0663429152320441
method2,2463,5.0,961.4317,4.66148166634075,1.88313176837925,492.59999999999997,0.1999999999999318,0.0010734162255898738,0.013226296214129851,0.01326978273888707,0.06634891369445799
method2,2464,5.0,961.6317,4.6625022341478,1.89636345066252,492.8,0.20000000000004547,0.0010205678070498436,0.013231682283270096,0.013270982431387296,0.0663549121569214
method2,2465,5.0,961.8317,4.66346992762146,1.90960030783004,492.99999999999994,0.1999999999999318,0.0009676934736599918,0.0132368571675201,0.013272182123987463,0.06636091061995995
method2,2466,5.0,962.0317,4.66438472169087,1.9228421285757,493.2,0.20000000000004547,0.0009147940694100853,0.013241820745659938,0.013273381816613947,0.06636690908305465
method2,2467,5.0,962.2317,4.66524659212969,1.93608870147565,493.40000000000003,0.20000000000004547,0.0008618704388201337,0.013246572899950015,0.013274581509298219,0.066372907546476
method2,2468,5.0,962.4317,4.66605551555666,1.94933981499165,493.59999999999997,0.1999999999999318,0.0008089234269696988,0.013251113516000057,0.013275781202046824,0.06637890601025676
method2,2469,5.0,962.6317,4.66681146943612,1.96259525747443,493.8,0.20000000000004547,0.0007559538794605913,0.013255442482779989,0.013276980894848047,0.06638490447422514
method2,2470,5.0,962.8317,4.66751443207853,1.97585481716709,493.99999999999994,0.1999999999999318,0.0007029626424097657,0.013259559692659906,0.01327818058770986,0.06639090293857194
method2,2471,5.0,963.0317,4.66816438264096,1.98911828220846,494.2,0.20000000000004547,0.0006499505624297797,0.013263465041370104,0.013279380280617377,0.06639690140307179
method2,2472,5.0,963.2317,4.66876130112759,2.00238544063651,494.40000000000003,0.20000000000004547,0.000596918486630571,0.013267158428049708,0.013280579973579908,0.06640289986788445
method2,2473,5.0,963.4317,4.66930516839016,2.01565608039174,494.59999999999997,0.1999999999999318,0.0005438672625697194,0.013270639755230018,0.01328177966661044,0.06640889833307484
method2,2474,5.0,963.6317,4.66979596612846,2.02892998932053,494.8,0.20000000000004547,0.0004907977382995199,0.013273908928790323,0.01328297935968205,0.06641489679839514
method2,2475,5.0,963.8317,4.67023367689076,2.04220695517857,494.99999999999994,0.1999999999999318,0.00043771076230036954,0.013276965858040057,0.013284179052805444,0.06642089526404987
method2,2476,5.0,964.0317,4.67061828407426,2.05548676563427,495.2,0.20000000000004547,0.0003846071835003073,0.013279810455699703,0.013285378746009132,0.06642689373003055
method2,2477,5.0,964.2317,4.67094977192545,2.06876920827208,495.40000000000003,0.20000000000004547,0.000331487851189749,0.013282442637810199,0.013286578439244799,0.06643289219620889
method2,2478,5.0,964.4317,4.67122812554062,2.08205407059597,495.59999999999997,0.1999999999999318,0.00027835361516981294,0.013284862323889701,0.013287778132546545,0.06643889066275538
method2,2479,5.0,964.6317,4.67145333086615,2.09534114003278,495.8,0.20000000000004547,0.0002252053255302755,0.013287069436810128,0.013288977825899967,0.06644488912948472
method2,2480,5.0,964.8317,4.67162537469894,2.10863020393564,495.99999999999994,0.1999999999999318,0.0001720438327899032,0.013289063902860221,0.01329017751930739,0.06645088759655962
method2,2481,5.0,965.0317,4.67174424468678,2.12192104958737,496.2,0.20000000000004547,0.00011886998783960934,0.013290845651729999,0.013291377212769158,0.06645688606383068
method2,2482,5.0,965.2317,4.67180992932867,2.1352134642039,496.40000000000003,0.20000000000004547,6.568464189005141e-05,0.013292414616529857,0.013292576906300629,0.06646288453148803
method2,2483,5.0,965.4317,4.67182241797518,2.14850723493762,496.59999999999997,0.1999999999999318,1.2488646510711021e-05,0.013293770733719956,0.013293776599860587,0.0664688829993256
method2,2484,5.0,965.6317,4.67178170082877,2.16180214888088,496.8,0.20000000000004547,-4.071714641007418e-05,0.013294913943259878,0.013294976293498899,0.06647488146747937
method2,2485,5.0,965.8317,4.6716877689441,2.17509799306931,496.99999999999994,0.1999999999999318,-9.393188467043956e-05,0.013295844188430106,0.013296175987176478,0.06648087993590507
method2,2486,5.0,966.0317,4.67154061422832,2.1883945544853,497.2,0.20000000000004547,-0.0001471547157798625,0.013296561415990116,0.013297375680921906,0.06648687840459441
method2,2487,5.0,966.2317,4.67134022944136,2.20169162006137,497.40000000000003,0.20000000000004547,-0.00020038478696005058,0.013297065576070022,0.013298575374721587,0.06649287687359282
method2,2488,5.0,966.4317,4.67108660819622,2.21498897668358,497.59999999999997,0.1999999999999318,-0.0002536212451396125,0.0132973566222101,0.013299775068557397,0.06649887534280967
method2,2489,5.0,966.6317,4.67077974495916,2.22828641119501,497.8,0.20000000000004547,-0.00030686323706063945,0.013297434511429618,0.013300974762475824,0.066504873812364
method2,2490,5.0,966.8317,4.67041963505002,2.24158371039909,497.99999999999994,0.1999999999999318,-0.0003601099091401494,0.013297299204080293,0.013302174456437388,0.06651087228220963
method2,2491,5.0,967.0317,4.6700062746424,2.25488066106306,498.2,0.20000000000004547,-0.00041336040761930093,0.013296950663969742,0.013303374150441404,0.0665168707521919
method2,2492,5.0,967.2317,4.66953966076389,2.26817704992142,498.40000000000003,0.20000000000004547,-0.0004666138785101026,0.013296388858360153,0.013304573844522126,0.06652286922259551
method2,2493,5.0,967.4317,4.66901979129628,2.28147266367928,498.59999999999997,0.1999999999999318,-0.000519869467610512,0.013295613757859925,0.013305773538639072,0.06652886769321806
method2,2494,5.0,967.6317,4.66844666497572,2.29476728901585,498.8,0.20000000000004547,-0.0005731263205595027,0.01329462533657022,0.013306973232823944,0.06653486616410459
method2,2495,5.0,967.8317,4.66782028139292,2.30806071258782,498.99999999999994,0.1999999999999318,-0.000626383582799761,0.013293423571969942,0.013308172927062796,0.06654086463533668
method2,2496,5.0,968.0317,4.6671406409933,2.32135272103278,499.2,0.20000000000004547,-0.0006796403996203182,0.013292008444959702,0.01330937262134005,0.06654686310668512
method2,2497,5.0,968.2317,4.66640774507713,2.33464310097271,499.40000000000003,0.20000000000004547,-0.0007328959161698734,0.013290379939930208,0.013310572315705954,0.06655286157851464
method2,2498,5.0,968.4317,4.66562159579967,2.34793163901728,499.59999999999997,0.1999999999999318,-0.0007861492774603462,0.013288538044569975,0.01331177201008322,0.0665588600504388
method2,2499,5.0,968.6317,4.6647821961713,2.36121812176744,499.8,0.20000000000004547,-0.0008393996283695415,0.0132864827501602,0.01331297170455986,0.06656485852278417
method2,2500,5.0,968.8317,4.6638895500576,2.37450233581869,499.99999999999994,0.1999999999999318,-0.0008926461137006569,0.013284214051249688,0.013314171399066654,0.06657085699535598
method2,2501,5.0,969.0317,4.66294366217945,2.38778406776459,500.2,0.20000000000004547,-0.0009458878781494207,0.013281731945899988,0.013315371093618468,0.0665768554680772
method2,2502,5.0,969.2317,4.66194453811312,2.40106310420021,500.40000000000003,0.20000000000004547,-0.0009991240663298484,0.013279036435620117,0.013316570788248983,0.06658285394122977
method2,2503,5.0,969.4317,4.66089218429032,2.4143392317255,500.59999999999997,0.1999999999999318,-0.0010523538228000007,0.013276127525290171,0.013317770482934787,0.06658885241469664
method2,2504,5.0,969.6317,4.65978660799825,2.42761223694871,500.8,0.20000000000004547,-0.0011055762920699763,0.013273005223209733,0.013318970177642865,0.06659485088819918
method2,2505,5.0,969.8317,4.65862781737965,2.44088190648992,500.99999999999994,0.1999999999999318,-0.0011587906186001362,0.013269669541210227,0.013320169872440746,0.06660084936222645
method2,2506,5.0,970.0317,4.65741582143281,2.45414802698434,501.2,0.20000000000004547,-0.001211995946840183,0.013266120494419997,0.013321369567263994,0.06660684783630483
method2,2507,5.0,970.2317,4.65615063001157,2.46741038508587,501.40000000000003,0.20000000000004547,-0.0012651914212398196,0.01326235810152987,0.013322569262180393,0.06661284631088682
method2,2508,5.0,970.4317,4.65483225382535,2.4806687674704,501.59999999999997,0.1999999999999318,-0.001318376186220327,0.013258382384530254,0.013323768957123769,0.06661884478564156
method2,2509,5.0,970.6317,4.65346070443909,2.49392296083933,501.8,0.20000000000004547,-0.0013715493862598294,0.013254193368929634,0.013324968652118024,0.06662484326057497
method2,2510,5.0,970.8317,4.65203599427324,2.507172751923,501.99999999999994,0.1999999999999318,-0.001424710165849774,0.013249791083670193,0.013326168347187493,0.06663084173596019
method2,2511,5.0,971.0317,4.65055813660371,2.52041792748407,502.2,0.20000000000004547,-0.001477857669530458,0.013245175561070077,0.013327368042301451,0.0666368402114921
method2,2512,5.0,971.2317,4.64902714556181,2.53365827432098,502.40000000000003,0.20000000000004547,-0.0015309910418999095,0.01324034683691,0.013328567737459655,0.06664283868728313
method2,2513,5.0,971.4317,4.64744303613417,2.54689357927141,502.59999999999997,0.1999999999999318,-0.0015841094276396461,0.013235304950429683,0.013329767432690088,0.06664883716347317
method2,2514,5.0,971.6317,4.64580582416266,2.56012362921565,502.8,0.20000000000004547,-0.001637211971510233,0.013230049944240374,0.01333096712796004,0.06665483563978504
method2,2515,5.0,971.8317,4.64411552634428,2.5733482110801,502.99999999999994,0.1999999999999318,-0.0016902978183797046,0.013224581864449636,0.013332166823301806,0.06666083411653177
method2,2516,5.0,972.0317,4.64237216023107,2.58656711184064,503.2,0.20000000000004547,-0.001743366113210243,0.013218900760540109,0.013333366518689032,0.06666683259343
method2,2517,5.0,972.2317,4.64057574422995,2.59978011852608,503.40000000000003,0.20000000000004547,-0.001796416001120349,0.01321300668544012,0.0133345662141131,0.06667283107055035
method2,2518,5.0,972.4317,4.63872629760258,2.61298701822165,503.59999999999997,0.1999999999999318,-0.001849446627369744,0.013206899695569874,0.013335765909625624,0.06667882954815087
method2,2519,5.0,972.6317,4.63682384046522,2.62618759807234,503.8,0.20000000000004547,-0.0019024571373602583,0.013200579850690008,0.013336965605186813,0.06668482802591891
method2,2520,5.0,972.8317,4.63486839378856,2.63938164528635,503.99999999999994,0.1999999999999318,-0.001955446676659811,0.013194047214009963,0.013338165300774465,0.06669082650389507
method2,2521,5.0,973.0317,4.63285997939751,2.65256894713859,504.2,0.20000000000004547,-0.0020084143910503727,0.01318730185223993,0.013339364996440757,0.06669682498218862
method2,2522,5.0,973.2317,4.63079861997105,2.66574929097403,504.40000000000003,0.20000000000004547,-0.0020613594264595747,0.013180343835440311,0.013340564692151648,0.06670282346074308
method2,2523,5.0,973.4317,4.62868433904196,2.67892246421117,504.59999999999997,0.1999999999999318,-0.002114280929090384,0.013173173237139846,0.013341764387921591,0.06670882193963071
method2,2524,5.0,973.6317,4.62651716099663,2.69208825434546,504.8,0.20000000000004547,-0.0021671780453296208,0.013165790134289868,0.013342964083753022,0.06671482041874995
method2,2525,5.0,973.8317,4.62429711107483,2.70524644895271,504.99999999999994,0.1999999999999318,-0.00222004992180036,0.013158194607250095,0.013344163779628578,0.06672081889816564
method2,2526,5.0,974.0317,4.62202421536942,2.71839683569255,505.2,0.20000000000004547,-0.002272895705409894,0.013150386739840147,0.013345363475568372,0.06672681737782668
method2,2527,5.0,974.2317,4.61969850082613,2.73153920231182,505.40000000000003,0.20000000000004547,-0.0023257145432893367,0.013142366619269819,0.013346563171549638,0.06673281585773301
method2,2528,5.0,974.4317,4.61731999524323,2.74467333664802,505.59999999999997,0.1999999999999318,-0.0023785055829002033,0.01313413433619992,0.013347762867583211,0.06673881433793882
method2,2529,5.0,974.6317,4.61488872727127,2.75779902663275,505.8,0.20000000000004547,-0.002431267971959805,0.013125689984730293,0.013348962563687361,0.06674481281842164
method2,2530,5.0,974.8317,4.61240472641278,2.77091606029509,505.99999999999994,0.1999999999999318,-0.0024840008584900986,0.01311703366233985,0.013350162259835508,0.06675081129920031
method2,2531,5.0,975.0317,4.60986802302188,2.78402422576506,506.2,0.20000000000004547,-0.0025367033909002856,0.013108165469970068,0.013351361956052297,0.06675680978024631
method2,2532,5.0,975.2317,4.60727864830407,2.79712331127701,506.40000000000003,0.20000000000004547,-0.002589374717810067,0.013099085511949937,0.013352561652305176,0.0667628082615107
method2,2533,5.0,975.4317,4.60463663431573,2.81021310517306,506.59999999999997,0.1999999999999318,-0.002642013988340075,0.01308979389605014,0.013353761348610965,0.0667688067430776
method2,2534,5.0,975.6317,4.6019420139639,2.82329339590656,506.8,0.20000000000004547,-0.0026946203518303236,0.013080290733499922,0.013354961044996803,0.06677480522496883
method2,2535,5.0,975.8317,4.59919482100578,2.83636397204541,506.99999999999994,0.1999999999999318,-0.0027471929581199817,0.013070576138849876,0.01335616074141876,0.06678080370711657
method2,2536,5.0,976.0317,4.59639509004844,2.84942462227555,507.2,0.20000000000004547,-0.0027997309573395412,0.013060650230140247,0.01335736043788397,0.06678680218940466
method2,2537,5.0,976.2317,4.59354285654835,2.86247513540439,507.40000000000003,0.20000000000004547,-0.002852233500090229,0.013050513128839647,0.013358560134425152,0.06679280067211057
method2,2538,5.0,976.4317,4.59063815681098,2.87551530036415,507.59999999999997,0.1999999999999318,-0.0029046997373693983,0.013040164959760236,0.013359759831001175,0.06679879915502866
method2,2539,5.0,976.6317,4.58768102799039,2.88854490621536,507.8,0.20000000000004547,-0.0029571288205900714,0.013029605851210047,0.013360959527648137,0.0668047976382255
method2,2540,5.0,976.8317,4.58467150808875,2.90156374215021,507.99999999999994,0.1999999999999318,-0.003009519901640445,0.013018835934849982,0.013362159224351097,0.06681079612177827
method2,2541,5.0,977.0317,4.58160963595592,2.91457159749596,508.2,0.20000000000004547,-0.0030618721328297127,0.013007855345749775,0.013363358921085304,0.06681679460541133
method2,2542,5.0,977.2317,4.57849545128892,2.92756826171842,508.40000000000003,0.20000000000004547,-0.003114184666999975,0.012996664222460375,0.013364558617910256,0.06682279308953609
method2,2543,5.0,977.4317,4.57532899463152,2.94055352442525,508.59999999999997,0.1999999999999318,-0.0031664566574001185,0.012985262706829648,0.013365758314759935,0.06682879157382247
method2,2544,5.0,977.6317,4.57211030737368,2.95352717536944,508.8,0.20000000000004547,-0.003218687257840358,0.01297365094419023,0.013366958011659644,0.06683479005828302
method2,2545,5.0,977.8317,4.56883943175104,2.96648900445272,508.99999999999994,0.1999999999999318,-0.003270875622639835,0.01296182908328003,0.01336815770863523,0.06684078854319896
method2,2546,5.0,978.0317,4.56551641084444,2.97943880172891,509.2,0.20000000000004547,-0.0033230209065999716,0.012949797276189834,0.013369357405653952,0.06684678702825456
method2,2547,5.0,978.2317,4.56214128857931,2.99237635740736,509.40000000000003,0.20000000000004547,-0.003375122265129704,0.012937555678449897,0.013370557102737546,0.06685278551367253
method2,2548,5.0,978.4317,4.55871410972518,3.00530146185632,509.59999999999997,0.1999999999999318,-0.0034271788541300197,0.012925104448960223,0.01337175679986468,0.06685878399934621
method2,2549,5.0,978.6317,4.55523491989507,3.01821390560635,509.8,0.20000000000004547,-0.0034791898301103075,0.01291244375003009,0.013372956497036625,0.06686478248516792
method2,2550,5.0,978.8317,4.55170376554492,3.03111347935375,509.99999999999994,0.1999999999999318,-0.0035311543501501674,0.012899573747399806,0.0133741561942872,0.06687078097145881
method2,2551,5.0,979.0317,4.548120693973,3.04399997396388,510.2,0.20000000000004547,-0.003583071571919838,0.01288649461013014,0.013375355891579604,0.06687677945788281
method2,2552,5.0,979.2317,4.5444857533193,3.05687318047459,510.40000000000003,0.20000000000004547,-0.0036349406536997364,0.012873206510709778,0.013376555588913751,0.06688277794455355
method2,2553,5.0,979.4317,4.54079899256488,3.06973289009963,510.59999999999997,0.1999999999999318,-0.003686760754420426,0.012859709625040239,0.013377755286320916,0.0668887764316274
method2,2554,5.0,979.6317,4.53706046153127,3.08257889423199,510.8,0.20000000000004547,-0.003738531033609327,0.012846004132359923,0.013378954983774638,0.06689477491885798
method2,2555,5.0,979.8317,4.53327021087981,3.09541098444731,510.99999999999994,0.1999999999999318,-0.003790250651459992,0.012832090215320058,0.013380154681280993,0.06690077340642779
method2,2556,5.0,980.0317,4.52942829211097,3.10822895250727,511.2,0.20000000000004547,-0.0038419187688401024,0.012817968059959828,0.013381354378855534,0.06690677189426246
method2,2557,5.0,980.2317,4.52553475756368,3.12103259036291,511.40000000000003,0.20000000000004547,-0.003893534547290578,0.012803637855640204,0.013382554076458206,0.06691277038227582
method2,2558,5.0,980.4317,4.52158966041466,3.13382169015811,511.59999999999997,0.1999999999999318,-0.003945097149019361,0.012789099795199821,0.013383753774139032,0.06691876887071799
method2,2559,5.0,980.6317,4.51759305467766,3.14659604423285,511.8,0.20000000000004547,-0.003996605737000003,0.012774354074740035,0.013384953471859687,0.06692476735928321
method2,2560,5.0,980.8317,4.51354499520283,3.15935544512667,511.99999999999994,0.1999999999999318,-0.0040480594748304455,0.012759400893819883,0.013386153169636756,0.0669307658482066
method2,2561,5.0,981.0317,4.50944553767589,3.17209968558199,512.2,0.20000000000004547,-0.004099457526939965,0.012744240455320188,0.013387352867471763,0.0669367643373436
method2,2562,5.0,981.2317,4.50529473861745,3.18482855854748,512.4000000000001,0.20000000000004547,-0.004150799058439958,0.012728872965489746,0.013388552565349316,0.06694276282673135
method2,2563,5.0,981.4317,4.50109265538222,3.19754185718146,512.5999999999999,0.1999999999999318,-0.004202083235229637,0.012713298633979964,0.013389752263300272,0.06694876131652419
method2,2564,5.0,981.6317,4.49683934615827,3.21023937485522,512.8,0.20000000000004547,-0.00425330922395073,0.01269751767376004,0.013390951961305549,0.06695475980651253
method2,2565,5.0,981.8317,4.4925348699662,3.22292090515635,513.0,0.1999999999999318,-0.004304476192069195,0.012681530301130284,0.013392151659333017,0.06696075829668792
method2,2566,5.0,982.0317,4.48817928665837,3.23558624189221,513.2,0.20000000000004547,-0.004355583307830813,0.012665336735859789,0.01339335135745247,0.06696675678724712
method2,2567,5.0,982.2317,4.48377265691807,3.24823517909314,513.4000000000001,0.20000000000004547,-0.004406629740299373,0.012648937200930188,0.013394551055603414,0.06697275527800184
method2,2568,5.0,982.4317,4.47931504225873,3.26086751101591,513.5999999999999,0.1999999999999318,-0.004457614659340692,0.012632331922770135,0.013395750753810196,0.06697875376907382
method2,2569,5.0,982.6317,4.47480650502302,3.27348303214703,513.8,0.20000000000004547,-0.004508537235709653,0.012615521131119856,0.013396950452080952,0.06698475226038952
method2,2570,5.0,982.8317,4.47024710838205,3.28608153720607,514.0,0.1999999999999318,-0.00455939664097027,0.012598505059040033,0.013398150150388234,0.06699075075196402
method2,2571,5.0,983.0317,4.46563691633445,3.29866282114906,514.2,0.20000000000004547,-0.004610192047599604,0.012581283942989963,0.013399349848775787,0.0669967492438637
method2,2572,5.0,983.2317,4.46097599370556,3.31122667917175,514.4000000000001,0.20000000000004547,-0.004660922628890063,0.012563858022689889,0.01340054954719427,0.06700274773595612
method2,2573,5.0,983.4317,4.45626440614646,3.323772906713,514.5999999999999,0.1999999999999318,-0.004711587559100394,0.012546227541250232,0.01340174924567295,0.06700874622838761
method2,2574,5.0,983.6317,4.45150222013313,3.3363012994581,514.8,0.20000000000004547,-0.004762186013329561,0.012528392745099648,0.013402948944206912,0.06701474472101933
method2,2575,5.0,983.8317,4.44668950296546,3.34881165334208,515.0,0.1999999999999318,-0.0048127171676703995,0.012510353883980141,0.013404148642804824,0.06702074321404698
method2,2576,5.0,984.0317,4.4418263227664,3.36130376455303,515.2,0.20000000000004547,-0.004863180199059514,0.012492111210950174,0.013405348341437143,0.06702674170717048
method2,2577,5.0,984.2317,4.43691274848091,3.37377742953544,515.4000000000001,0.20000000000004547,-0.004913574285490441,0.012473664982409982,0.013406548040134489,0.0670327402006572
method2,2578,5.0,984.4317,4.4319488498751,3.3862324449935,515.5999999999999,0.1999999999999318,-0.004963898605809369,0.012455015458059826,0.013407747738873425,0.06703873869438999
method2,2579,5.0,984.6317,4.42693469753517,3.39866860789444,515.8,0.20000000000004547,-0.005014152339930078,0.012436162900939962,0.013408947437690319,0.06704473718843636
method2,2580,5.0,984.8317,4.42187036286649,3.41108571547179,516.0,0.1999999999999318,-0.0050643346686802815,0.012417107577350261,0.013410147136548737,0.06705073568276655
method2,2581,5.0,985.0317,4.41675591809257,3.42348356522871,516.2,0.20000000000004547,-0.005114444773919757,0.012397849756919932,0.013411346835446272,0.06705673417721611
method2,2582,5.0,985.2317,4.41159143625401,3.43586195494132,516.4000000000001,0.20000000000004547,-0.005164481838559887,0.012378389712609739,0.013412546534422816,0.06706273267209883
method2,2583,5.0,985.4317,4.40637699120754,3.44822068266195,516.5999999999999,0.1999999999999318,-0.005214445046470395,0.012358727720630291,0.013413746233447809,0.06706873116726192
method2,2584,5.0,985.6317,4.40111265762494,3.46055954672243,516.8,0.20000000000004547,-0.005264333582600145,0.012338864060479793,0.013414945932499749,0.0670747296624835
method2,2585,5.0,985.8317,4.39579851099198,3.47287834573746,517.0,0.1999999999999318,-0.005314146632959371,0.01231879901503019,0.01341614563163736,0.06708072815820967
method2,2586,5.0,986.0317,4.39043462760737,3.48517687860778,517.2,0.20000000000004547,-0.005363883384610801,0.01229853287031979,0.013417345330803711,0.06708672665400331
method2,2587,5.0,986.2317,4.38502108458166,3.49745494452356,517.4000000000001,0.20000000000004547,-0.005413543025709622,0.012278065915780179,0.013418545030048983,0.06709272515022965
method2,2588,5.0,986.4317,4.37955795983618,3.50971234296759,517.5999999999999,0.1999999999999318,-0.0054631247454803855,0.012257398444029732,0.013419744729330087,0.06709872364667333
method2,2589,5.0,986.6317,4.3740453321019,3.52194887371861,517.8,0.20000000000004547,-0.005512627734279185,0.012236530751020158,0.013420944428668424,0.06710472214332687
method2,2590,5.0,986.8317,4.36848328091829,3.53416433685455,518.0,0.1999999999999318,-0.005562051183610528,0.01221546313594013,0.01342214412806745,0.06711072064036014
method2,2591,5.0,987.0317,4.36287188663227,3.54635853275582,518.2,0.20000000000004547,-0.005611394286019866,0.01219419590126991,0.013423343827516462,0.06711671913756705
method2,2592,5.0,987.2317,4.35721123039696,3.55853126210852,518.4000000000001,0.20000000000004547,-0.005660656235310313,0.012172729352700085,0.0134245435270047,0.06712271763500824
method2,2593,5.0,987.4317,4.35150139417059,3.57068232590779,518.5999999999999,0.1999999999999318,-0.005709836226369447,0.012151063799269668,0.013425743226573443,0.0671287161328901
method2,2594,5.0,987.6317,4.3457424607153,3.58281152546094,518.8,0.20000000000004547,-0.005758933455290105,0.012129199553150283,0.013426942926169033,0.0671347146308299
method2,2595,5.0,987.8317,4.33993451359595,3.59491866239081,519.0,0.1999999999999318,-0.005807947119349954,0.012107136929869977,0.013428142625835743,0.06714071312920161
method2,2596,5.0,988.0317,4.33407763717893,3.60700353863894,519.2,0.20000000000004547,-0.0058568764170203735,0.012084876248129817,0.013429342325551971,0.06714671162774459
method2,2597,5.0,988.2317,4.32817191663095,3.61906595646884,519.4000000000001,0.20000000000004547,-0.005905720547979776,0.012062417829900252,0.013430542025321466,0.06715271012659206
method2,2598,5.0,988.4317,4.32221743791781,3.63110571846921,519.5999999999999,0.1999999999999318,-0.005954478713140254,0.012039762000370047,0.013431741725137324,0.06715870862570952
method2,2599,5.0,988.6317,4.31621428780315,3.6431226275572,519.8,0.20000000000004547,-0.006003150114660016,0.012016909087989802,0.013432941425025068,0.06716470712511007
method2,2600,5.0,988.8317,4.31016255384721,3.65511648698156,520.0,0.1999999999999318,-0.006051733955939831,0.011993859424360043,0.0134341411249393,0.06717070562471941
method2,2601,5.0,989.0317,4.30406232440556,3.66708710032597,520.2,0.20000000000004547,-0.006100229441649674,0.011970613344410186,0.013435340824934092,0.06717670412465519
method2,2602,5.0,989.2317,4.29791368862784,3.67903427151214,520.4000000000001,0.20000000000004547,-0.006148635777719846,0.011947171186169836,0.013436540524952965,0.06718270262474955
method2,2603,5.0,989.4317,4.29171673645643,3.69095780480313,520.5999999999999,0.1999999999999318,-0.006196952171410253,0.01192353329098994,0.013437740225056132,0.06718870112530358
method2,2604,5.0,989.6317,4.28547155862517,3.70285750480645,520.8,0.20000000000004547,-0.006245177831259774,0.011899700003319857,0.013438939925197567,0.06719469962597255
method2,2605,5.0,989.8317,4.27917824665806,3.71473317647733,521.0,0.1999999999999318,-0.006293311967110249,0.011875671670880106,0.013440139625387728,0.06720069812696156
method2,2606,5.0,990.0317,4.2728368928679,3.72658462512191,521.2,0.20000000000004547,-0.006341353790159765,0.01185144864458021,0.013441339325643694,0.0672066966282032
method2,2607,5.0,990.2317,4.26644759035497,3.7384116564004,521.4000000000001,0.20000000000004547,-0.0063893025129306835,0.01182703127848983,0.01344253902594741,0.06721269512972178
method2,2608,5.0,990.4317,4.26001043300564,3.75021407633026,521.5999999999999,0.1999999999999318,-0.006437157349330036,0.011802419929860086,0.013443738726291591,0.06721869363148088
method2,2609,5.0,990.6317,4.25352551549104,3.76199169128944,521.8,0.20000000000004547,-0.006484917514599786,0.01177761495917995,0.01344493842670402,0.06722469213350481
method2,2610,5.0,990.8317,4.24699293326566,3.7737443080195,522.0,0.1999999999999318,-0.00653258222537989,0.011752616730059895,0.013446138127173653,0.0672306906358912
method2,2611,5.0,991.0317,4.24041278256596,3.78547173362878,522.2,0.20000000000004547,-0.0065801506997003045,0.011727425609280306,0.01344733782768805,0.06723668913842497
method2,2612,5.0,991.2317,4.23378516040895,3.79717377559559,522.4000000000001,0.20000000000004547,-0.006627622157009405,0.011702041966809684,0.013448537528261468,0.06724268764129204
method2,2613,5.0,991.4317,4.22711016459081,3.80885024177134,522.5999999999999,0.1999999999999318,-0.006674995818140239,0.011676466175750022,0.013449737228868972,0.0672486861443678
method2,2614,5.0,991.6317,4.22038789368539,3.82050094038375,522.8,0.20000000000004547,-0.006722270905419769,0.011650698612410082,0.013450936929562467,0.06725468464779705
method2,2615,5.0,991.8317,4.21361844704282,3.8321256800399,523.0,0.1999999999999318,-0.006769446642570287,0.011624739656149963,0.013452136630285603,0.06726068315145095
method2,2616,5.0,992.0317,4.20680192478805,3.84372426972946,523.2,0.20000000000004547,-0.006816522254769808,0.011598589689560068,0.01345333633105711,0.06726668165527026
method2,2617,5.0,992.2317,4.19993842781933,3.85529651882781,523.4000000000001,0.20000000000004547,-0.006863496968720462,0.011572249098350085,0.013454536031907579,0.06727268015952259
method2,2618,5.0,992.4317,4.19302805780679,3.86684223709912,523.5999999999999,0.1999999999999318,-0.006910370012539246,0.011545718271309902,0.013455735732789232,0.06727867866396911
method2,2619,5.0,992.6317,4.18607091719089,3.87836123469953,523.8,0.20000000000004547,-0.006957140615900137,0.011518997600409975,0.013456935433732975,0.06728467716864957
method2,2620,5.0,992.8317,4.17906710918095,3.88985332218026,524.0,0.1999999999999318,-0.007003808009939938,0.011492087480729829,0.013458135134737134,0.06729067567370862
method2,2621,5.0,993.0317,4.17201673775362,3.90131831049068,524.2,0.20000000000004547,-0.0070503714273302265,0.01146498831042031,0.01345933483577063,0.06729667417883785
method2,2622,5.0,993.2317,4.1649199076513,3.91275601098148,524.4000000000001,0.20000000000004547,-0.007096830102319984,0.011437700490799951,0.013460534536876331,0.06730267268436635
method2,2623,5.0,993.4317,4.15777672438068,3.92416623540774,524.5999999999999,0.1999999999999318,-0.007143183270620135,0.01141022442625994,0.013461734238027668,0.0673086711901613
method2,2624,5.0,993.6317,4.15058729421109,3.93554879593203,524.8,0.20000000000004547,-0.007189430169590061,0.011382560524289875,0.013462933939247194,0.06731466969622066
method2,2625,5.0,993.8317,4.14335172417299,3.94690350512747,525.0,0.1999999999999318,-0.007235570038099937,0.011354709195440016,0.013464133640500586,0.06732066820252589
method2,2626,5.0,994.0317,4.13607012205638,3.95823017598088,525.2,0.20000000000004547,-0.0072816021166097755,0.011326670853410103,0.013465333341811703,0.0673266667090432
method2,2627,5.0,994.2317,4.12874259640915,3.9695286218958,525.4000000000001,0.20000000000004547,-0.007327525647229827,0.01129844591492013,0.013466533043184733,0.06733266521590836
method2,2628,5.0,994.4317,4.12136925653554,3.98079865669559,525.5999999999999,0.1999999999999318,-0.0073733398736104405,0.01127003479978983,0.01346773274461026,0.06733866372307427
method2,2629,5.0,994.6317,4.11395021249449,3.99204009462646,525.8,0.20000000000004547,-0.007419044041049538,0.011241437930869846,0.013468932446063868,0.06734466223030403
method2,2630,5.0,994.8317,4.10648557509797,4.00325275036061,526.0,0.1999999999999318,-0.007464637396520146,0.01121265573415009,0.013470132147610727,0.0673506607380766
method2,2631,5.0,995.0317,4.0989754559094,4.01443643899916,526.2,0.20000000000004547,-0.00751011918857003,0.011183688638549683,0.013471331849173377,0.06735665924585157
method2,2632,5.0,995.2317,4.09141996724193,4.02559097607533,526.4000000000001,0.20000000000004547,-0.007555488667470023,0.011154537076170534,0.013472531550823365,0.06736265775410151
method2,2633,5.0,995.4317,4.08381922215683,4.03671617755736,526.5999999999999,0.1999999999999318,-0.0076007450851003355,0.01112520148203,0.01347373125249422,0.06736865626249407
method2,2634,5.0,995.6317,4.07617333446174,4.04781185985163,526.8,0.20000000000004547,-0.007645887695090003,0.011095682294270048,0.013474930954231511,0.06737465477114224
method2,2635,5.0,995.8317,4.06848241870901,4.05887783980566,527.0,0.1999999999999318,-0.007690915752729843,0.011065979954030247,0.013476130656037264,0.0673806532802093
method2,2636,5.0,996.0317,4.060746590194,4.06991393471109,527.2,0.20000000000004547,-0.007735828515009757,0.011036094905430005,0.013477330357874892,0.06738665178935914
method2,2637,5.0,996.2317,4.05296596495335,4.08091996230675,527.4000000000001,0.20000000000004547,-0.007780625240650707,0.011006027595659162,0.013478530059760296,0.06739265029878616
method2,2638,5.0,996.4317,4.04514065976322,4.09189574078167,527.5999999999999,0.1999999999999318,-0.007825305190129583,0.010975778474920261,0.013479729761727122,0.06739864880865859
method2,2639,5.0,996.6317,4.0372707921376,4.102841088778,527.8,0.20000000000004547,-0.007869867625619698,0.010945347996329957,0.013480929463710625,0.06740464731853779
method2,2640,5.0,996.8317,4.02935648032649,4.11375582539413,528.0,0.1999999999999318,-0.007914311811110686,0.010914736616130405,0.013482129165787721,0.0674106458289616
method2,2641,5.0,997.0317,4.02139784331419,4.12463977018754,528.2,0.20000000000004547,-0.007958637012299263,0.010883944793409484,0.013483328867884413,0.06741664433940674
method2,2642,5.0,997.2317,4.01339500081747,4.13549274317788,528.4000000000001,0.20000000000004547,-0.008002842496720675,0.010852972990340604,0.013484528570045787,0.06742264285021361
method2,2643,5.0,997.4317,4.00534807328382,4.14631456484992,528.5999999999999,0.1999999999999318,-0.008046927533650106,0.010821821672039711,0.013485728272260439,0.06742864136132519
method2,2644,5.0,997.6317,3.99725718188959,4.15710505615649,528.8,0.20000000000004547,-0.008090891394229693,0.010790491306569727,0.013486927974538047,0.0674346398726749
method2,2645,5.0,997.8317,3.98912244853824,4.16786403852144,529.0,0.1999999999999318,-0.008134733351349954,0.01075898236495032,0.013488127676845192,0.06744063838424896
method2,2646,5.0,998.0317,3.98094399585846,4.17859133384265,529.2,0.20000000000004547,-0.008178452679779902,0.010727295321210306,0.01348932737922316,0.06744663689610046
method2,2647,5.0,998.2317,3.97272194720233,4.18928676449489,529.4000000000001,0.20000000000004547,-0.008222048656130188,0.010695430652239324,0.013490527081646319,0.06745263540821625
method2,2648,5.0,998.4317,3.96445642664349,4.19995015333283,529.5999999999999,0.1999999999999318,-0.008265520558839778,0.010663388837940602,0.013491726784134019,0.0674586339206931
method2,2649,5.0,998.6317,3.95614755897527,4.21058132369392,529.8,0.20000000000004547,-0.008308867668219921,0.010631170361089737,0.013492926486663418,0.06746463243330175
method2,2650,5.0,998.8317,3.94779546970882,4.22118009940134,530.0,0.1999999999999318,-0.008352089266450147,0.01059877570741996,0.013494126189233123,0.06747063094618863
method2,2651,5.0,999.0317,3.93940028507115,4.23174630476692,530.2,0.20000000000004547,-0.008395184637670194,0.010566205365580394,0.01349532589188544,0.06747662945941185
method2,2652,5.0,999.2317,3.93096213200335,4.24227976459403,530.4000000000001,0.20000000000004547,-0.008438153067799714,0.010533459827109404,0.013496525594572309,0.0674826279728462
method2,2653,5.0,999.4317,3.92248113815859,4.25278030418049,530.5999999999999,0.1999999999999318,-0.00848099384476031,0.010500539586460356,0.013497725297311518,0.0674886264865806
method2,2654,5.0,999.6317,3.91395743190021,4.26324774932147,530.8,0.20000000000004547,-0.008523706258379615,0.010467445140980303,0.013498925000109156,0.06749462500053044
method2,2655,5.0,999.8317,3.9053911422998,4.27368192631235,531.0,0.1999999999999318,-0.008566289600410393,0.010434176990879784,0.013500124702946427,0.06750062351475516
method2,2656,5.0,1000.0317,3.89678239913524,4.28408266195166,531.2,0.20000000000004547,-0.00860874316455984,0.0104007356393101,0.013501324405856302,0.06750662202926616
method2,2657,5.0,1000.2317,3.88813133288875,4.29444978354388,531.4000000000001,0.20000000000004547,-0.008651066246490036,0.01036712159221942,0.013502524108810964,0.06751262054403946
method2,2658,5.0,1000.4317,3.87943807474491,4.30478311890232,531.5999999999999,0.1999999999999318,-0.0086932581438397,0.010333335358439832,0.013503723811801623,0.06751861905903114
method2,2659,5.0,1000.6317,3.87070275658866,4.31508249635204,531.8,0.20000000000004547,-0.008735318156250393,0.010299377449720204,0.01350492351487867,0.067524617574378
method2,2660,5.0,1000.8317,3.86192551100336,4.32534774473262,532.0,0.1999999999999318,-0.008777245585299909,0.010265248380580516,0.01350612321799552,0.06753061609000063
method2,2661,5.0,1001.0317,3.85310647126874,4.335578693401,532.2,0.20000000000004547,-0.008819039734619949,0.01023094866837937,0.013507322921135004,0.06753661460565966
method2,2662,5.0,1001.2317,3.84424577135885,4.34577517223439,532.4000000000001,0.20000000000004547,-0.008860699909889913,0.010196478833390366,0.013508522624362031,0.0675426131217948
method2,2663,5.0,1001.4317,3.83534354594013,4.35593701163303,532.5999999999999,0.1999999999999318,-0.0089022254187201,0.010161839398639572,0.01350972232762205,0.06754861163813329
method2,2664,5.0,1001.6317,3.82639993036925,4.36606404252303,532.8,0.20000000000004547,-0.00894361557087997,0.010127030890000555,0.013510922030961176,0.06755461015479051
method2,2665,5.0,1001.8317,3.81741506069116,4.37615609635914,533.0,0.1999999999999318,-0.008984869678089868,0.010092053836110004,0.013512121734324384,0.06756060867164497
method2,2666,5.0,1002.0317,3.80838907363698,4.38621300512762,533.2,0.20000000000004547,-0.009025987054180007,0.010056908768479644,0.01351332143774238,0.06756660718869655
method2,2667,5.0,1002.2317,3.79932210662189,4.39623460134899,533.4000000000001,0.20000000000004547,-0.009066967015090022,0.01002159622137011,0.013514521141235828,0.06757260570616377
method2,2668,5.0,1002.4317,3.79021429774312,4.40622071808081,533.5999999999999,0.1999999999999318,-0.00910780887876994,0.00998611673182026,0.01351572084476966,0.06757860422387135
method2,2669,5.0,1002.6317,3.78106578577782,4.41617118892047,533.8,0.20000000000004547,-0.009148511965300088,0.009950470839659609,0.013516920548340701,0.06758460274168814
method2,2670,5.0,1002.8317,3.77187671018089,4.42608584800796,534.0,0.1999999999999318,-0.009189075596930163,0.009914659087490563,0.013518120251989795,0.06759060125997203
method2,2671,5.0,1003.0317,3.76264721108298,4.43596453002861,534.2,0.20000000000004547,-0.009229499097910043,0.009878682020649343,0.013519319955656901,0.06759659977826914
method2,2672,5.0,1003.2317,3.75337742928824,4.4458070702159,534.4000000000001,0.20000000000004547,-0.009269781794739806,0.00984254018729036,0.01352051965941085,0.06760259829703888
method2,2673,5.0,1003.4317,3.74406750627224,4.45561330435413,534.5999999999999,0.1999999999999318,-0.009309923016000088,0.009806234138229897,0.013521719363218334,0.06760859681611472
method2,2674,5.0,1003.6317,3.73471758417984,4.46538306878117,534.8,0.20000000000004547,-0.009349922092400043,0.00976976442704025,0.013522919067043606,0.06761459533520266
method2,2675,5.0,1003.8317,3.72532780582293,4.47511620039124,535.0,0.1999999999999318,-0.009389778356909684,0.009733131610070167,0.013524118770952753,0.06762059385478683
method2,2676,5.0,1004.0317,3.71589831467837,4.48481253663759,535.2,0.20000000000004547,-0.009429491144560043,0.009696336246349802,0.013525318474905249,0.06762659237451087
method2,2677,5.0,1004.2317,3.70642925488571,4.49447191553517,535.4000000000001,0.20000000000004547,-0.009469059792660328,0.009659378897580062,0.013526518178895539,0.06763259089446232
method2,2678,5.0,1004.4317,3.69692077124503,4.50409417566343,535.5999999999999,0.1999999999999318,-0.009508483640679799,0.009622260128259619,0.013527717882960533,0.06763858941482573
method2,2679,5.0,1004.6317,3.68737300921474,4.51367915616891,535.8,0.20000000000004547,-0.009547762030289952,0.009584980505479734,0.013528917587060431,0.06764458793528677
method2,2680,5.0,1004.8317,3.67778611490934,4.52322669676801,536.0,0.1999999999999318,-0.009586894305400051,0.009547540599100124,0.013530117291227637,0.06765058645616126
method2,2681,5.0,1005.0317,3.66816023509718,4.5327366377496,536.2,0.20000000000004547,-0.009625879812160232,0.00950994098158997,0.013531316995454594,0.06765658497725759
method2,2682,5.0,1005.2317,3.65849551719828,4.54220881997769,536.4000000000001,0.20000000000004547,-0.009664717898899777,0.009472182228090098,0.013532516699692618,0.0676625834984477
method2,2683,5.0,1005.4317,3.64879210928196,4.55164308489416,536.5999999999999,0.1999999999999318,-0.00970340791631985,0.009434264916469814,0.013533716404027089,0.06766858202015852
method2,2684,5.0,1005.6317,3.6390501600647,4.56103927452133,536.8,0.20000000000004547,-0.009741949217260348,0.009396189627170592,0.013534916108400071,0.06767458054198497
method2,2685,5.0,1005.8317,3.62926981890781,4.57039723146462,537.0,0.1999999999999318,-0.009780341156889971,0.009357956943289558,0.013536115812803062,0.06768057906403839
method2,2686,5.0,1006.0317,3.61945123581511,4.57971679891523,537.2,0.20000000000004547,-0.009818583092700006,0.009319567450610577,0.01353731551729273,0.06768657758644826
method2,2687,5.0,1006.2317,3.60959456143069,4.58899782065266,537.4000000000001,0.20000000000004547,-0.00985667438441995,0.009281021737429285,0.01353851522180757,0.06769257610902246
method2,2688,5.0,1006.4317,3.59969994703658,4.59824014104745,537.5999999999999,0.1999999999999318,-0.00989461439410988,0.009242320394790227,0.013539714926396412,0.06769857463200515
method2,2689,5.0,1006.6317,3.58976754455043,4.60744360506367,537.8,0.20000000000004547,-0.009932402486150238,0.009203464016220408,0.013540914631026493,0.06770457315511706
method2,2690,5.0,1006.8317,3.57979750652321,4.61660805826159,538.0,0.1999999999999318,-0.00997003802721963,0.009164453197919364,0.013542114335695883,0.06771057167850252
method2,2691,5.0,1007.0317,3.5697899861368,4.62573334680025,538.2,0.20000000000004547,-0.010007520386410285,0.00912528853866057,0.013543314040449162,0.06771657020223042
method2,2692,5.0,1007.2317,3.55974513720172,4.63481931743999,538.4000000000001,0.20000000000004547,-0.010044848935079731,0.009085970639739926,0.013544513745232361,0.0677225687261464
method2,2693,5.0,1007.4317,3.54966311415475,4.64386581754508,538.5999999999999,0.1999999999999318,-0.010082023046970257,0.009046500105090338,0.013545713450056403,0.06772856725030511
method2,2694,5.0,1007.6317,3.5395440720565,4.65287269508627,538.8,0.20000000000004547,-0.010119042098249764,0.00900687754118934,0.013546913154963825,0.06773456577480373
method2,2695,5.0,1007.8317,3.52938816658913,4.66183979864329,539.0,0.1999999999999318,-0.010155905467370108,0.008967103557020017,0.01354811285989599,0.06774056429950305
method2,2696,5.0,1008.0317,3.51919555405385,4.67076697740744,539.2,0.20000000000004547,-0.01019261253527981,0.008927178764150057,0.013549312564902874,0.06774656282449897
method2,2697,5.0,1008.2317,3.50896639136861,4.67965408118409,539.4000000000001,0.20000000000004547,-0.010229162685240212,0.00888710377665003,0.013550512269949721,0.0677525613497332
method2,2698,5.0,1008.4317,3.49870083606566,4.68850096039523,539.5999999999999,0.1999999999999318,-0.010265555302949814,0.008846879211140468,0.013551711975039554,0.06775855987522088
method2,2699,5.0,1008.6317,3.48839904628907,4.69730746608196,539.8,0.20000000000004547,-0.01030178977659002,0.008806505686729693,0.013552911680205736,0.06776455840101327
method2,2700,5.0,1008.8317,3.47806118079239,4.70607344990698,540.0,0.1999999999999318,-0.010337865496680365,0.00876598382502003,0.013554111385405063,0.06777055692704843
method2,2701,5.0,1009.0317,3.46768739893616,4.71479876415711,540.2,0.20000000000004547,-0.010373781856229947,0.008725314250130012,0.013555311090645153,0.06777655545321036
method2,2702,5.0,1009.2317,3.45727786068542,4.72348326174579,540.4000000000001,0.20000000000004547,-0.010409538250739647,0.008684497588680173,0.013556510795975621,0.0677825539798627
method2,2703,5.0,1009.4317,3.44683272660734,4.73212679621547,540.5999999999999,0.1999999999999318,-0.01044513407808001,0.00864353446967936,0.013557710501320036,0.0677885525066233
method2,2704,5.0,1009.6317,3.43635215786865,4.74072922174017,540.8,0.20000000000004547,-0.010480568738690188,0.008602425524700585,0.013558910206739706,0.06779455103368312
method2,2705,5.0,1009.8317,3.42583631623322,4.74929039312787,541.0,0.1999999999999318,-0.010515841635430068,0.00856117138769985,0.013560109912202595,0.06780054956103611
method2,2706,5.0,1010.0317,3.41528536405955,4.75781016582299,541.2,0.20000000000004547,-0.01055095217366997,0.008519772695120054,0.013561309617717026,0.06780654808856972
method2,2707,5.0,1010.2317,3.40469946429825,4.76628839590881,541.4000000000001,0.20000000000004547,-0.010585899761299977,0.008478230085819938,0.0135625093232924,0.06781254661644658
method2,2708,5.0,1010.4317,3.39407878048955,4.77472494010988,541.5999999999999,0.1999999999999318,-0.010620683808700182,0.008436544201069651,0.013563709028911974,0.06781854514458299
method2,2709,5.0,1010.6317,3.38342347676077,4.78311965579444,541.8,0.20000000000004547,-0.010655303728779764,0.008394715684560516,0.013564908734567819,0.06782454367282367
method2,2710,5.0,1010.8317,3.37273371782376,4.79147240097688,542.0,0.1999999999999318,-0.010689758937009852,0.00835274518243967,0.013566108440306347,0.06783054220155488
method2,2711,5.0,1011.0317,3.36200966897241,4.79978303432004,542.2,0.20000000000004547,-0.010724048851350254,0.008310633343159957,0.013567308146076314,0.06783654073036614
method2,2712,5.0,1011.2317,3.35125149608004,4.80805141513767,542.4000000000001,0.20000000000004547,-0.0107581728923698,0.008268380817630039,0.01356850785191477,0.06784253925955842
method2,2713,5.0,1011.4317,3.34045936559689,4.81627740339676,542.5999999999999,0.1999999999999318,-0.010792130483149975,0.008225988259090045,0.013569707557792916,0.06784853778898772
method2,2714,5.0,1011.6317,3.32963344454752,4.82446085971991,542.8,0.20000000000004547,-0.01082592104937019,0.008183456323149763,0.013570907263705563,0.06785453631851239
method2,2715,5.0,1011.8317,3.31877390052819,4.83260164538773,543.0,0.1999999999999318,-0.01085954401932998,0.008140785667820616,0.013572106969706623,0.06786053484855625
method2,2716,5.0,1012.0317,3.30788090170436,4.84069962234114,543.2,0.20000000000004547,-0.010892998823829991,0.008097976953409969,0.013573306675748565,0.06786653337872739
method2,2717,5.0,1012.2317,3.29695461680803,4.84875465318367,543.4000000000001,0.20000000000004547,-0.010926284896330074,0.008055030842530009,0.013574506381812948,0.06787253190904931
method2,2718,5.0,1012.4317,3.2859952151351,4.85676660118389,543.5999999999999,0.1999999999999318,-0.010959401672929747,0.008011948000219427,0.013575706087965938,0.06787853043985284
method2,2719,5.0,1012.6317,3.27500286654283,4.86473533027761,543.8,0.20000000000004547,-0.010992348592270051,0.007968729093720484,0.01357690579414502,0.06788452897070966
method2,2720,5.0,1012.8317,3.26397774144713,4.87266070507027,544.0,0.1999999999999318,-0.011025125095700083,0.0079253747926602,0.013578105500399144,0.06789052750201888
method2,2721,5.0,1013.0317,3.25292001081998,4.88054259083916,544.2,0.20000000000004547,-0.011057730627149986,0.007881885768889596,0.013579305206689889,0.067896526033434
method2,2722,5.0,1013.2317,3.24182984618676,4.88838085353576,544.4000000000001,0.20000000000004547,-0.011090164633220212,0.00783826269660004,0.0135805049130303,0.06790252456513607
method2,2723,5.0,1013.4317,3.23070741962357,4.896175359788,544.5999999999999,0.1999999999999318,-0.011122426563189958,0.0077945062522397635,0.013581704619441491,0.06790852309723061
method2,2724,5.0,1013.6317,3.21955290375461,4.90392597690248,544.8,0.20000000000004547,-0.01115451586895988,0.007750617114480107,0.013582904325885159,0.06791452162941035
method2,2725,5.0,1013.8317,3.20836647174947,4.91163257286677,545.0,0.1999999999999318,-0.011186432005140023,0.0077065959642901305,0.013584104032376738,0.06792052016190686
method2,2726,5.0,1014.0317,3.19714829732042,4.91929501635164,545.2,0.20000000000004547,-0.011218174429049821,0.007662443484869996,0.01358530373894577,0.0679265186947134
method2,2727,5.0,1014.2317,3.1858985547198,4.92691317671324,545.4000000000001,0.20000000000004547,-0.01124974260061995,0.007618160361600346,0.013586503445524974,0.06793251722760943
method2,2728,5.0,1014.4317,3.1746174187372,4.93448692399543,545.5999999999999,0.1999999999999318,-0.011281135982600166,0.007573747282189736,0.013587703152203194,0.06793851576103914
method2,2729,5.0,1014.6317,3.16330506469685,4.94201612893186,545.8,0.20000000000004547,-0.011312354040350137,0.007529204936429501,0.013588902858913239,0.06794451429455074
method2,2730,5.0,1014.8317,3.15196166845487,4.94950066294824,546.0,0.1999999999999318,-0.011343396241979775,0.007484534016380273,0.013590102565651015,0.06795051282827826
method2,2731,5.0,1015.0317,3.14058740639646,4.95694039816454,546.2,0.20000000000004547,-0.011374262058410078,0.007439735216300036,0.013591302272484488,0.06795651136240699
method2,2732,5.0,1015.2317,3.12918245543328,4.9643352073971,546.4000000000001,0.20000000000004547,-0.01140495096317995,0.007394809232559751,0.013592501979344723,0.06796250989670817
method2,2733,5.0,1015.4317,3.11774699300064,4.97168496416086,546.5999999999999,0.1999999999999318,-0.011435462432640264,0.007349756763760595,0.013593701686250563,0.067968508431276
method2,2734,5.0,1015.6317,3.10628119705472,4.97898954267148,546.8,0.20000000000004547,-0.011465795945919677,0.007304578510619386,0.013594901393216157,0.06797450696606533
method2,2735,5.0,1015.8317,3.09478524606985,4.9862488178475,547.0,0.1999999999999318,-0.011495950984869996,0.007259275176020097,0.013596101100231458,0.06798050550118047
method2,2736,5.0,1016.0317,3.0832593190357,4.99346266531247,547.2,0.20000000000004547,-0.011525927034150119,0.0072138474649703355,0.01359730080730773,0.06798650403652319
method2,2737,5.0,1016.2317,3.07170359545451,5.00063096139705,547.4000000000001,0.20000000000004547,-0.011555723581190058,0.007168296084580028,0.013598500514434573,0.0679925025721574
method2,2738,5.0,1016.4317,3.06011825533833,5.00775358314114,547.5999999999999,0.1999999999999318,-0.011585340116179843,0.007122621744089841,0.013599700221583834,0.06799850110794237
method2,2739,5.0,1016.6317,3.04850347920611,5.01483040829599,547.8,0.20000000000004547,-0.011614776132220062,0.007076825154849864,0.013600899928824734,0.06800449964410821
method2,2740,5.0,1016.8317,3.03685944808102,5.02186131532628,548.0,0.1999999999999318,-0.011644031125090049,0.007030907030290301,0.013602099636109545,0.06801049818057092
method2,2741,5.0,1017.0317,3.02518634348758,5.02884618341216,548.2,0.20000000000004547,-0.011673104593440176,0.006984868085879725,0.013603299343414275,0.06801649671705591
method2,2742,5.0,1017.2317,3.01348434744877,5.03578489245139,548.4000000000001,0.20000000000004547,-0.011701996038810059,0.0069387090392298845,0.013604499050807304,0.06802249525402106
method2,2743,5.0,1017.4317,3.00175364248331,5.04267732306134,548.5999999999999,0.1999999999999318,-0.011730704965459804,0.00689243060995004,0.01360569875822773,0.06802849379116185
method2,2744,5.0,1017.6317,2.9899944116027,5.04952335658103,548.8,0.20000000000004547,-0.011759230880609817,0.0068460335196904865,0.01360689846571265,0.06803449232854777
method2,2745,5.0,1017.8317,2.97820683830846,5.05632287507322,549.0,0.1999999999999318,-0.011787573294240072,0.006799518492189627,0.013608098173246343,0.06804049086625492
method2,2746,5.0,1018.0317,2.96639110658921,5.06307576132635,549.2,0.20000000000004547,-0.011815731719249989,0.006752886253130086,0.013609297880824107,0.06804648940410507
method2,2747,5.0,1018.2317,2.95454740091781,5.06978189885663,549.4000000000001,0.20000000000004547,-0.011843705671400251,0.006706137530279932,0.013610497588471463,0.06805248794234184
method2,2748,5.0,1018.4317,2.94267590624852,5.07644117190998,549.5999999999999,0.1999999999999318,-0.011871494669289717,0.006659273053349679,0.013611697296150959,0.068058486480778
method2,2749,5.0,1018.6317,2.93077680801406,5.08305346546404,549.8,0.20000000000004547,-0.011899098234460226,0.0066122935540606775,0.013612897003885942,0.06806448501941424
method2,2750,5.0,1018.8317,2.91885029212274,5.08961866523017,550.0,0.1999999999999318,-0.011926515891319767,0.006565199766130014,0.013614096711684419,0.0680704835584453
method2,2751,5.0,1019.0317,2.90689654495557,5.09613665765534,550.2,0.20000000000004547,-0.011953747167170015,0.006517992425170149,0.013615296419512894,0.06807648209754899
method2,2752,5.0,1019.2317,2.89491575336331,5.10260732992418,550.4000000000001,0.20000000000004547,-0.011980791592260065,0.006470672268839905,0.013616496127414836,0.0680824806370587
method2,2753,5.0,1019.4317,2.8829081046636,5.10903056996086,550.5999999999999,0.1999999999999318,-0.01200764869971005,0.0064232400366792675,0.013617695835362454,0.06808847917683548
method2,2754,5.0,1019.6317,2.87087378663801,5.11540626643102,550.8,0.20000000000004547,-0.012034318025590185,0.006375696470160008,0.013618895543349161,0.06809447771673033
method2,2755,5.0,1019.8317,2.85881298752909,5.12173430874373,551.0,0.1999999999999318,-0.012060799108919884,0.006328042312710558,0.013620095251398862,0.06810047625701754
method2,2756,5.0,1020.0317,2.84672589603744,5.12801458705332,551.2,0.20000000000004547,-0.012087091491649993,0.006280278309589882,0.01362129495948982,0.06810647479743362
method2,2757,5.0,1020.2317,2.83461270131877,5.13424699226139,551.4000000000001,0.20000000000004547,-0.012113194718669895,0.006232405208069558,0.013622494667643838,0.06811247333820371
method2,2758,5.0,1020.4317,2.82247359298092,5.14043141601858,551.5999999999999,0.1999999999999318,-0.012139108337850146,0.006184423757190416,0.013623694375849899,0.06811847187927272
method2,2759,5.0,1020.6317,2.81030876108093,5.1465677507265,551.8,0.20000000000004547,-0.01216483189999007,0.006136334707919744,0.013624894084088745,0.06812447042042824
method2,2760,5.0,1020.8317,2.79811839612199,5.15265588953958,552.0,0.1999999999999318,-0.012190364958939881,0.006088138813080235,0.013626093792407395,0.06813046896206021
method2,2761,5.0,1021.0317,2.78590268905057,5.15869572636693,552.2,0.20000000000004547,-0.012215707071419946,0.006039836827349987,0.013627293500756208,0.06813646750376555
method2,2762,5.0,1021.2317,2.77366183125335,5.16468715587414,552.4000000000001,0.20000000000004547,-0.012240857797220173,0.0059914295072101,0.013628493209142153,0.06814246604569528
method2,2763,5.0,1021.4317,2.76139601455419,5.17063007348515,552.5999999999999,0.1999999999999318,-0.012265816699160048,0.005942917611009513,0.013629692917620723,0.06814846458812686
method2,2764,5.0,1021.6317,2.74910543121126,5.17652437538403,552.8,0.20000000000004547,-0.01229058334292965,0.005894301898880627,0.013630892626113946,0.06815446313055423
method2,2765,5.0,1021.8317,2.73679027391388,5.1823699585168,553.0,0.1999999999999318,-0.012315157297380086,0.005845583132769505,0.013632092334683378,0.06816046167344014
method2,2766,5.0,1022.0317,2.7244507357796,5.1881667205932,553.2,0.20000000000004547,-0.012339538134280126,0.005796762076400341,0.013633292043294117,0.06816646021645509
method2,2767,5.0,1022.2317,2.71208701035114,5.19391456008846,553.4000000000001,0.20000000000004547,-0.012363725428460093,0.005747839495260365,0.013634491751936543,0.06817245875966721
method2,2768,5.0,1022.4317,2.69969929159332,5.19961337624514,553.5999999999999,0.1999999999999318,-0.012387718757819854,0.005698816156679776,0.013635691460665877,0.06817845730335263
method2,2769,5.0,1022.6317,2.68728777389008,5.20526306907477,553.8,0.20000000000004547,-0.012411517703240005,0.005649692829630126,0.013636891169434994,0.06818445584715946
method2,2770,5.0,1022.8317,2.67485265204142,5.21086353935965,554.0,0.1999999999999318,-0.012435121848660025,0.005600470284879755,0.013638090878229365,0.06819045439117008
method2,2771,5.0,1023.0317,2.66239412126028,5.21641468865461,554.2,0.20000000000004547,-0.01245853078114001,0.005551149294960034,0.013639290587107101,0.06819645293552
method2,2772,5.0,1023.2317,2.64991237716956,5.22191641928865,554.4000000000001,0.20000000000004547,-0.012481744090719893,0.005501730634040136,0.013640490296017832,0.06820245148007364
method2,2773,5.0,1023.4317,2.637407615799,5.22736863436672,554.5999999999999,0.1999999999999318,-0.012504761370560225,0.005452215078070033,0.013641690004987998,0.06820845002496326
method2,2774,5.0,1023.6317,2.62488003358211,5.23277123777135,554.8,0.20000000000004547,-0.012527582216889765,0.005402603404629502,0.01364288971401026,0.0682144485700358
method2,2775,5.0,1023.8317,2.61232982735311,5.23812413416436,555.0,0.1999999999999318,-0.01255020622900016,0.005352896393009843,0.013644089423070056,0.06822044711537355
method2,2776,5.0,1024.0317,2.59975719434379,5.24342722898855,555.2,0.20000000000004547,-0.0125726330093201,0.005303094824190779,0.013645289132202528,0.06822644566099713
method2,2777,5.0,1024.2317,2.58716233218047,5.2486804284693,555.4000000000001,0.20000000000004547,-0.012594862163319842,0.0052531994807498705,0.013646488841367821,0.06823244420682359
method2,2778,5.0,1024.4317,2.57454543888085,5.25388363961626,555.6000000000001,0.20000000000004547,-0.012616893299620013,0.005203211146959319,0.013647688550587535,0.06823844275292217
method2,2779,5.0,1024.6317,2.56190671285091,5.25903677022497,555.8,0.1999999999998181,-0.012638726029940095,0.005153130608710477,0.013648888259866227,0.06824444129939321
method2,2780,5.0,1024.8317,2.5492463528818,5.26413972887845,556.0,0.20000000000004547,-0.012660359969109969,0.005102958653480094,0.013650087969187949,0.06825043984592423
method2,2781,5.0,1025.0317,2.5365645581467,5.26919242494885,556.2,0.20000000000004547,-0.012681794735100116,0.005052696070399598,0.013651287678568807,0.06825643839282851
method2,2782,5.0,1025.2317,2.52386152819771,5.27419476859902,556.4000000000001,0.20000000000004547,-0.012703029948989641,0.005002343650169827,0.01365248738799352,0.06826243693995208
method2,2783,5.0,1025.4317,2.51113746296269,5.27914667078408,556.6000000000001,0.20000000000004547,-0.01272406523502001,0.004951902185060142,0.013653687097463755,0.06826843548730326
method2,2784,5.0,1025.6317,2.49839256274211,5.28404804325303,556.8,0.1999999999998181,-0.012744900220579947,0.004901372468950171,0.013654886806997758,0.06827443403505089
method2,2785,5.0,1025.8317,2.48562702820591,5.28889879855024,557.0,0.20000000000004547,-0.012765534536200107,0.004850755297209908,0.013656086516580351,0.06828043258288623
method2,2786,5.0,1026.0317,2.47284106039037,5.29369885001708,557.2,0.20000000000004547,-0.0127859678155402,0.0048000514668400385,0.013657286226199663,0.06828643113098279
method2,2787,5.0,1026.2317,2.46003486069486,5.29844811179336,557.4000000000001,0.20000000000004547,-0.012806199695509779,0.0047492617762801,0.013658485935890185,0.0682924296794354
method2,2788,5.0,1026.4317,2.44720863087878,5.30314649881893,557.6000000000001,0.20000000000004547,-0.012826229816079948,0.004698387025570128,0.013659685645612199,0.06829842822804547
method2,2789,5.0,1026.6317,2.43436257305827,5.30779392683513,557.8,0.1999999999998181,-0.012846057820510293,0.004647428016199662,0.013660885355409847,0.06830442677711136
method2,2790,5.0,1026.8317,2.42149688970313,5.3123903123863,558.0,0.20000000000004547,-0.012865683355139712,0.004596385551169924,0.0136620850652352,0.06831042532616047
method2,2791,5.0,1027.0317,2.40861178363356,5.31693557282127,558.2,0.20000000000004547,-0.012885106069570273,0.0045452604349707215,0.013663284775111252,0.06831642387554072
method2,2792,5.0,1027.2317,2.39570745801696,5.32142962629483,558.4000000000001,0.20000000000004547,-0.01290432561659971,0.004494053473560022,0.013664484485060108,0.06832242242528501
method2,2793,5.0,1027.4317,2.38278411636479,5.32587239176916,558.6000000000001,0.20000000000004547,-0.01292334165217035,0.004442765474329313,0.01366568419504174,0.06832842097519316
method2,2794,5.0,1027.6317,2.36984196252931,5.33026378901529,558.8,0.1999999999998181,-0.012942153835479697,0.004391397246130246,0.013666883905065636,0.06833441952539034
method2,2795,5.0,1027.8317,2.35688120070035,5.33460373861457,559.0,0.20000000000004547,-0.012960761828959999,0.004339949599279969,0.013668083615171401,0.06834041807584147
method2,2796,5.0,1028.0317,2.34390203540216,5.33889216195999,559.2,0.20000000000004547,-0.01297916529819032,0.0042884233454199006,0.013669283325298742,0.06834641662647817
method2,2797,5.0,1028.2317,2.3309046714901,5.34312898125767,559.4000000000001,0.20000000000004547,-0.012997363912059967,0.00423681929768005,0.0136704830354934,0.06835241517745146
method2,2798,5.0,1028.4317,2.31788931414747,5.34731411952824,559.6000000000001,0.20000000000004547,-0.01301535734262993,0.004185138270569766,0.013671682745739037,0.06835841372867965
method2,2799,5.0,1028.6317,2.30485616888226,5.35144750060815,559.8,0.1999999999998181,-0.013033145265209711,0.004133381079910237,0.013672882456008251,0.06836441228010343
method2,2800,5.0,1028.8317,2.29180544152384,5.35552904915115,560.0,0.20000000000004547,-0.013050727358420389,0.004081548542999691,0.013674082166371728,0.06837041083184309
method2,2801,5.0,1029.0317,2.27873733821983,5.35955869062954,560.2,0.20000000000004547,-0.01306810330400987,0.004029641478390467,0.013675281876752618,0.06837640938374755
method2,2802,5.0,1029.2317,2.26565206543274,5.36353635133556,560.4000000000001,0.20000000000004547,-0.013085272787090041,0.00397766070601957,0.013676481587190883,0.06838240793593887
method2,2803,5.0,1029.4317,2.25254982993674,5.36746195838271,560.6000000000001,0.20000000000004547,-0.013102235495999981,0.003925607047150059,0.013677681297693556,0.06838840648845224
method2,2804,5.0,1029.6317,2.23943083881443,5.37133543970707,560.8,0.1999999999998181,-0.013118991122309964,0.003873481324360384,0.01367888100823369,0.06839440504123065
method2,2805,5.0,1029.8317,2.22629529945351,5.37515672406857,561.0,0.20000000000004547,-0.013135539360920045,0.003821284361499977,0.013680080718830721,0.06840040359413806
method2,2806,5.0,1030.0317,2.21314341954355,5.37892574105233,561.2,0.20000000000004547,-0.013151879909959696,0.0037690169837603094,0.013681280429472788,0.06840640214734839
method2,2807,5.0,1030.2317,2.19997540707267,5.38264242106987,561.4000000000001,0.20000000000004547,-0.013168012470880175,0.003716680017539886,0.013682480140165966,0.06841240070081428
method2,2808,5.0,1030.4317,2.18679147032427,5.38630669536045,561.6000000000001,0.20000000000004547,-0.013183936748399905,0.0036642742905801384,0.013683679850917882,0.06841839925457385
method2,2809,5.0,1030.6317,2.17359181787374,5.38991849599225,561.8,0.1999999999998181,-0.01319965245053023,0.0036118006317993334,0.01368487956171536,0.06842439780863903
method2,2810,5.0,1030.8317,2.16037665858516,5.39347775586363,562.0,0.20000000000004547,-0.013215159288579859,0.0035592598713805046,0.01368607927255129,0.0684303963627409
method2,2811,5.0,1031.0317,2.14714620160796,5.39698440870438,562.2,0.20000000000004547,-0.013230456977200156,0.003506652840750135,0.013687278983460711,0.068436394917288
method2,2812,5.0,1031.2317,2.13390065637367,5.40043838907687,562.4000000000001,0.20000000000004547,-0.013245545234289668,0.0034539803724893403,0.013688478694404113,0.06844239347200501
method2,2813,5.0,1031.4317,2.12064023259256,5.40383963237731,562.6000000000001,0.20000000000004547,-0.013260423781110031,0.0034012433004404485,0.013689678405405276,0.06844839202701082
method2,2814,5.0,1031.6317,2.10736514025033,5.4071880748369,562.8,0.1999999999998181,-0.01327509234223001,0.003348442459589762,0.013690878116465627,0.06845439058239039
method2,2815,5.0,1031.8317,2.09407558960483,5.41048365352298,563.0,0.20000000000004547,-0.013289550645500192,0.003295578686079992,0.01369207782754171,0.06846038913769298
method2,2816,5.0,1032.0317,2.08077179118262,5.41372630634024,563.2,0.20000000000004547,-0.013303798422210189,0.0032426528172599944,0.013693277538708054,0.0684663876935247
method2,2817,5.0,1032.2317,2.06745395577576,5.41691597203182,563.4000000000001,0.20000000000004547,-0.013317835406859935,0.003189665691579968,0.013694477249908243,0.06847238624952565
method2,2818,5.0,1032.4317,2.05412229443841,5.42005259018046,563.6000000000001,0.20000000000004547,-0.013331661337349754,0.003136618148640302,0.013695676961149672,0.06847838480573279
method2,2819,5.0,1032.6317,2.04077701848345,5.4231361012096,563.8,0.1999999999998181,-0.013345275954959934,0.0030835110291400625,0.013696876672470267,0.06848438336241362
method2,2820,5.0,1032.8317,2.02741833947924,5.4261664463845,564.0,0.20000000000004547,-0.01335867900420995,0.0030303451749000843,0.013698076383805134,0.0684903819190101
method2,2821,5.0,1033.0317,2.01404646924614,5.42914356781334,564.2,0.20000000000004547,-0.013371870233100047,0.0029771214288398795,0.01369927609521484,0.06849638047605862
method2,2822,5.0,1033.2317,2.00066161985323,5.43206740844826,564.4000000000001,0.20000000000004547,-0.01338484939291007,0.0029238406349199053,0.013700475806675253,0.06850237903336069
method2,2823,5.0,1033.4317,1.98726400361495,5.43493791208644,564.6000000000001,0.20000000000004547,-0.013397616238280063,0.0028705036381797555,0.013701675518163056,0.0685083775907997
method2,2824,5.0,1033.6317,1.97385383308766,5.43775502337118,564.8,0.1999999999998181,-0.013410170527289988,0.002817111284739937,0.013702875229732122,0.06851437614872292
method2,2825,5.0,1033.8317,1.96043132106637,5.4405186877929,565.0,0.20000000000004547,-0.013422512021290078,0.002763664421720158,0.013704074941328893,0.06852037470662889
method2,2826,5.0,1034.0317,1.94699668058128,5.44322885169016,565.2,0.20000000000004547,-0.013434640485090021,0.002710163897259754,0.01370527465298051,0.06852637326488698
method2,2827,5.0,1034.2317,1.93355012489443,5.44588546225071,565.4000000000001,0.20000000000004547,-0.013446555686849937,0.002656610560550554,0.013706474364692954,0.06853237182344919
method2,2828,5.0,1034.4317,1.92009186749634,5.44848846751244,565.6000000000001,0.20000000000004547,-0.013458257398089923,0.0026030052617294075,0.013707674076437372,0.06853837038217127
method2,2829,5.0,1034.6317,1.90662212210256,5.45103781636438,565.8,0.1999999999998181,-0.013469745393779986,0.0025493488519403584,0.01370887378824923,0.06854436894130848
method2,2830,5.0,1034.8317,1.89314110265033,5.4535334585477,566.0,0.20000000000004547,-0.013481019452230125,0.0024956421833204345,0.013710073500115725,0.06855036750056304
method2,2831,5.0,1035.0317,1.87964902329519,5.45597534465661,566.2,0.20000000000004547,-0.013492079355140074,0.002441886108909941,0.0137112732120064,0.06855636606001642
method2,2832,5.0,1035.2317,1.86614609840751,5.45836342613934,566.4000000000001,0.20000000000004547,-0.013502924887679901,0.0023880814827297314,0.013712472923965316,0.068562364619811
method2,2833,5.0,1035.4317,1.85263254256913,5.46069765529905,566.6000000000001,0.20000000000004547,-0.013513555838380098,0.002334229159710155,0.013713672635988435,0.06856836317992658
method2,2834,5.0,1035.6317,1.83910857057,5.46297798529477,566.8,0.1999999999998181,-0.013523971999129802,0.0022803299957194767,0.013714872348025152,0.06857436174018812
method2,2835,5.0,1035.8317,1.82557439740465,5.46520437014228,567.0,0.20000000000004547,-0.013534173165349994,0.0022263848475105874,0.013716072060138232,0.06858036030067557
method2,2836,5.0,1036.0317,1.81203023826887,5.46737676471498,567.2,0.20000000000004547,-0.01354415913578011,0.0021723945726996874,0.01371727177228879,0.06858635886142836
method2,2837,5.0,1036.2317,1.79847630855622,5.46949512474482,567.4000000000001,0.20000000000004547,-0.013553929712649904,0.002118360029840005,0.013718471484515963,0.06859235742256423
method2,2838,5.0,1036.4317,1.78491282385469,5.4715594068231,567.6000000000001,0.20000000000004547,-0.013563484701530015,0.002064282078279689,0.013719671196765084,0.06859835598380983
method2,2839,5.0,1036.6317,1.77133999994319,5.47356956840137,567.8,0.1999999999998181,-0.013572823911500054,0.0020101615782701643,0.013720870909069193,0.06860435454540836
method2,2840,5.0,1036.8317,1.75775805278814,5.47552556779221,568.0,0.20000000000004547,-0.013581947155050011,0.001955999390840013,0.013722070621430922,0.068610353107139
method2,2841,5.0,1037.0317,1.74416719854005,5.47742736417009,568.2,0.20000000000004547,-0.013590854248090034,0.0019017963778802383,0.013723270333843364,0.06861635166920121
method2,2842,5.0,1037.2317,1.73056765353009,5.47927491757215,568.4000000000001,0.20000000000004547,-0.013599545009959968,0.0018475534020598872,0.01372447004628558,0.0686223502314123
method2,2843,5.0,1037.4317,1.71695963426658,5.48106818889904,568.6000000000001,0.20000000000004547,-0.013608019263509963,0.0017932713268900002,0.013725669758809733,0.06862834879403307
method2,2844,5.0,1037.6317,1.70334335743164,5.48280713991561,568.8,0.1999999999998181,-0.013616276834940155,0.0017389510165699562,0.013726869471360087,0.06863434735686286
method2,2845,5.0,1037.8317,1.68971903987765,5.48449173325176,569.0,0.20000000000004547,-0.013624317553989851,0.0016845933361500087,0.013728069183980573,0.06864034591988726
method2,2846,5.0,1038.0317,1.67608689862388,5.48612193240315,569.2,0.20000000000004547,-0.013632141253770103,0.001630199151390066,0.013729268896628604,0.06864634448312741
method2,2847,5.0,1038.2317,1.66244715085296,5.48769770173195,569.4000000000001,0.20000000000004547,-0.01363974777092003,0.0015757693287996588,0.013730468609333902,0.0686523430466539
method2,2848,5.0,1038.4317,1.64880001390744,5.48921900646755,569.6000000000001,0.20000000000004547,-0.01364713694552,0.001521304735600637,0.013731668322106308,0.06865834161051593
method2,2849,5.0,1038.6317,1.63514570528636,5.49068581270726,569.8,0.1999999999998181,-0.013654308621079858,0.0014668062397094062,0.01373286803492068,0.06866434017466584
method2,2850,5.0,1038.8317,1.62148444264179,5.49209808741706,570.0,0.20000000000004547,-0.013661262644570016,0.0014122747097999877,0.01373406774775284,0.06867033873874859
method2,2851,5.0,1039.0317,1.60781644377524,5.49345579843221,570.2,0.20000000000004547,-0.013667998866550013,0.0013577110151503646,0.013735267460689402,0.0686763373034314
method2,2852,5.0,1039.2317,1.59414192663438,5.49475891445796,570.4000000000001,0.20000000000004547,-0.013674517140860099,0.0013031160257499508,0.013736467173631035,0.06868233586813956
method2,2853,5.0,1039.4317,1.58046110930939,5.49600740507021,570.6000000000001,0.20000000000004547,-0.013680817324989825,0.001248490612249853,0.013737666886652105,0.0686883344332449
method2,2854,5.0,1039.6317,1.5667742100296,5.49720124071611,570.8,0.1999999999998181,-0.013686899279790055,0.00119383564589981,0.01373886659970678,0.06869433299859637
method2,2855,5.0,1039.8317,1.55308144715995,5.49834039271473,571.0,0.20000000000004547,-0.013692762869650155,0.001139151998620136,0.013740066312810509,0.06870033156403692
method2,2856,5.0,1040.0317,1.53938303919751,5.49942483325766,571.2,0.20000000000004547,-0.013698407962439818,0.0010844405429297765,0.013741266025973895,0.06870633012985386
method2,2857,5.0,1040.2317,1.5256792047680099,5.50045453540957,571.4000000000001,0.20000000000004547,-0.013703834429500183,0.001029702151910783,0.013742465739189759,0.06871232869593318
method2,2858,5.0,1040.4317,1.51197016262237,5.50142947310885,571.6000000000001,0.20000000000004547,-0.013709042145639838,0.0009749376992793657,0.013743665452433185,0.0687183272621503
method2,2859,5.0,1040.6317,1.49825613163313,5.50234962116816,571.8,0.1999999999998181,-0.013714030989240067,0.0009201480593103994,0.013744865165758796,0.06872432582885649
method2,2860,5.0,1040.8317,1.48453733079107,5.50321495527496,572.0,0.20000000000004547,-0.013718800842059897,0.0008653341068001197,0.01374606487910249,0.06873032439549683
method2,2861,5.0,1041.0317,1.47081397920159,5.50402545199209,572.2,0.20000000000004547,-0.013723351589480126,0.0008104967171300714,0.013747264592527684,0.06873632296262279
method2,2862,5.0,1041.2317,1.45708629608132,5.50478108875829,572.4000000000001,0.20000000000004547,-0.013727683120269951,0.0007556367661996077,0.01374846430598622,0.06874232152991547
method2,2863,5.0,1041.4317,1.44335450075457,5.50548184388869,572.6000000000001,0.20000000000004547,-0.013731795326749952,0.0007007551304001325,0.013749664019478218,0.06874832009737546
method2,2864,5.0,1041.6317,1.42961881264978,5.50612769657535,572.8,0.1999999999998181,-0.01373568810479009,0.0006458526866595093,0.013750863733050999,0.06875431866531753
method2,2865,5.0,1041.8317,1.41587945129611,5.50671862688771,573.0,0.20000000000004547,-0.013739361353670043,0.0005909303123603493,0.013752063446653678,0.06876031723325275
method2,2866,5.0,1042.0317,1.40213663631986,5.50725461577307,573.2,0.20000000000004547,-0.013742814976249962,0.0005359888853604389,0.013753263160307453,0.06876631580152164
method2,2867,5.0,1042.2317,1.38839058744097,5.50773564505707,573.4000000000001,0.20000000000004547,-0.01374604887888986,0.00048102928399984535,0.013754462874023638,0.06877231437010256
method2,2868,5.0,1042.4317,1.37464152446955,5.50816169744412,573.6000000000001,0.20000000000004547,-0.01374906297142009,0.0004260523870494026,0.013755662587770372,0.06877831293883623
method2,2869,5.0,1042.6317,1.36088966730229,5.50853275651782,573.8,0.1999999999998181,-0.013751857167259907,0.000371059073700053,0.013756862301589444,0.06878431150800977
method2,2870,5.0,1042.8317,1.34713523591902,5.5088488067414,574.0,0.20000000000004547,-0.013754431383270038,0.00031605022358061063,0.013758062015447855,0.06879031007722364
method2,2871,5.0,1043.0317,1.33337845037916,5.5091098334581,574.2,0.20000000000004547,-0.01375678553986015,0.0002610267167000302,0.01375926172934204,0.06879630864669456
method2,2872,5.0,1043.2317,1.31961953081815,5.50931582289157,574.4000000000001,0.20000000000004547,-0.013758919561009941,0.00020598943346961107,0.013760461443318068,0.0688023072165747
method2,2873,5.0,1043.4317,1.30585869744404,5.50946676214623,574.6000000000001,0.20000000000004547,-0.013760833374109938,0.00015093925466036495,0.013761661157310019,0.06880830578653445
method2,2874,5.0,1043.6317,1.29209617053385,5.50956263920766,574.8,0.1999999999998181,-0.013762526910189976,9.587706142966113e-05,0.013762860871367247,0.06881430435689882
method2,2875,5.0,1043.8317,1.2783321704301,5.50960344294291,575.0,0.20000000000004547,-0.013764000103750007,4.0803735250172224e-05,0.01376406058548278,0.06882030292739826
method2,2876,5.0,1044.0317,1.26456691753731,5.50958916310087,575.2,0.20000000000004547,-0.01376525289279007,-1.4279842040387791e-05,0.013765260299622164,0.06882630149809517
method2,2877,5.0,1044.2317,1.25080063231838,5.50951979031253,575.4000000000001,0.20000000000004547,-0.013766285218929974,-6.937278833962779e-05,0.013766460013841318,0.06883230006919094
method2,2878,5.0,1044.4317,1.23703353529116,5.50939531609136,575.6000000000001,0.20000000000004547,-0.013767097027220121,-0.00012447422117034534,0.013767659728095733,0.06883829864046301
method2,2879,5.0,1044.6317,1.22326584702487,5.50921573283353,575.8,0.1999999999998181,-0.013767688266289824,-0.00017958325782974072,0.013768859442387638,0.0688442972120008
method2,2880,5.0,1044.8317,1.20949778813653,5.50898103381823,576.0,0.20000000000004547,-0.013768058888339985,-0.00023469901529971082,0.013770059156756746,0.06885029578376807
method2,2881,5.0,1045.0317,1.19572957928752,5.5086912132079,576.2,0.20000000000004547,-0.013768208849010088,-0.000289820610330338,0.01377125887114653,0.068856294355717
method2,2882,5.0,1045.2317,1.18196144117993,5.5083462660485,576.4000000000001,0.20000000000004547,-0.013768138107590033,-0.00034494715939992204,0.013772458585613934,0.06886229292805401
method2,2883,5.0,1045.4317,1.16819359455312,5.50794618826975,576.6000000000001,0.20000000000004547,-0.013767846626809854,-0.0004000777787505072,0.013773658300117998,0.06886829150057433
method2,2884,5.0,1045.6317,1.15442626018014,5.5074909766853,576.8,0.1999999999998181,-0.013767334372980056,-0.00045521158444916665,0.013774858014660437,0.06887429007336482
method2,2885,5.0,1045.8317,1.14065965886416,5.506980628993,577.0,0.20000000000004547,-0.013766601315980065,-0.0005103476923000727,0.013776057729270014,0.0688802886463344
method2,2886,5.0,1046.0317,1.12689401143499,5.50641514377504,577.2,0.20000000000004547,-0.01376564742917008,-0.0005654852179599601,0.013777257443916335,0.06888628721956601
method2,2887,5.0,1046.2317,1.11312953874549,5.50579452049814,577.4000000000001,0.20000000000004547,-0.013764472689499874,-0.0006206232768999342,0.01377845715861605,0.06889228579306458
method2,2888,5.0,1046.4317,1.09936646166803,5.50511875951374,577.6000000000001,0.20000000000004547,-0.01376307707745994,-0.0006757609844001422,0.013779656873381887,0.06889828436689377
method2,2889,5.0,1046.6317,1.08560500109101,5.50438786205809,577.8,0.1999999999998181,-0.01376146057701999,-0.0007308974556501369,0.013780856588164294,0.06890428294088415
method2,2890,5.0,1046.8317,1.0718453779152,5.50360183025243,578.0,0.20000000000004547,-0.013759623175810143,-0.000786031805660059,0.013782056303026802,0.06891028151511834
method2,2891,5.0,1047.0317,1.0580878130503,5.50276066710312,578.2,0.20000000000004547,-0.013757564864899985,-0.0008411631493103755,0.013783256017925818,0.06891628008961342
method2,2892,5.0,1047.2317,1.04433252741135,5.50186437650168,578.4000000000001,0.20000000000004547,-0.01375528563895001,-0.0008962906014398087,0.013784455732865688,0.06892227866431276
method2,2893,5.0,1047.4317,1.03057974191515,5.50091296322495,578.6000000000001,0.20000000000004547,-0.01375278549620007,-0.0009514132767298733,0.013785655447878744,0.06892827723937804
method2,2894,5.0,1047.6317,1.01682967747679,5.49990643293513,578.8,0.1999999999998181,-0.01375006443835991,-0.0010065302898203399,0.013786855162921515,0.06893427581467028
method2,2895,5.0,1047.8317,1.00308255500605,5.49884479217985,579.0,0.20000000000004547,-0.013747122470739948,-0.0010616407552799245,0.013788054878001992,0.06894027438999428
method2,2896,5.0,1048.0317,0.989338595403807,5.49772804839222,579.2,0.20000000000004547,-0.013743959602243061,-0.0011167437876293818,0.01378925459317138,0.06894627296584123
method2,2897,5.0,1048.2317,0.975598019558615,5.49655620989085,579.4000000000001,0.20000000000004547,-0.013740575845191949,-0.0011718385013708144,0.013790454308352842,0.06895227154174853
method2,2898,5.0,1048.4317,0.961861048343011,5.49532928587992,579.6000000000001,0.20000000000004547,-0.013736971215604021,-0.0012269240109299417,0.013791654023608983,0.06895827011802924
method2,2899,5.0,1048.6317,0.948127902610069,5.4940472864491,579.8,0.1999999999998181,-0.013733145732942043,-0.0012819994308195248,0.01379285373890573,0.06896426869459138
method2,2900,5.0,1048.8317,0.934398803189813,5.49271022257362,580.0,0.20000000000004547,-0.013729099420255908,-0.001337063875480382,0.013794053454238378,0.06897026727117621
method2,2901,5.0,1049.0317,0.920673970885628,5.4913181061142,580.2,0.20000000000004547,-0.013724832304185086,-0.0013921164594199453,0.013795253169644637,0.0689762658482075
method2,2902,5.0,1049.2317,0.90695362647078,5.48987094981706,580.4000000000001,0.20000000000004547,-0.01372034441484793,-0.0014471562971394292,0.013796452885086045,0.06898226442541454
method2,2903,5.0,1049.4317,0.89323799068483,5.48836876731379,580.6000000000001,0.20000000000004547,-0.013715635785950031,-0.0015021825032706104,0.013797652600568167,0.06898826300282515
method2,2904,5.0,1049.6317,0.879527284230047,5.48681157312136,580.8,0.1999999999998181,-0.013710706454783006,-0.0015571941924301669,0.013798852316122765,0.06899426158067658
method2,2905,5.0,1049.8317,0.865821727767941,5.48519938264201,581.0,0.20000000000004547,-0.013705556462106028,-0.0016121904793493513,0.013800052031701945,0.06900026015849403
method2,2906,5.0,1050.0317,0.852121541915614,5.48353221216316,581.2,0.20000000000004547,-0.013700185852327018,-0.0016671704788500108,0.01380125174735431,0.06900625873675585
method2,2907,5.0,1050.2317,0.838426947242294,5.48181007885729,581.4000000000001,0.20000000000004547,-0.013694594673319904,-0.0017221333058703436,0.013802451463044882,0.06901225731520871
method2,2908,5.0,1050.4317,0.824738164265751,5.48003300078182,581.6000000000001,0.20000000000004547,-0.013688782976543079,-0.0017770780754702287,0.013803651178771963,0.06901825589384412
method2,2909,5.0,1050.6317,0.811055413448702,5.47820099687901,581.8,0.1999999999998181,-0.01368275081704895,-0.0018320039028099089,0.013804850894571967,0.06902425447292261
method2,2910,5.0,1050.8317,0.797378915195343,5.47631408697573,582.0,0.20000000000004547,-0.013676498253359037,-0.0018869099032796655,0.013806050610410917,0.06903025305203889
method2,2911,5.0,1051.0317,0.783708889847754,5.4743722917834,582.2,0.20000000000004547,-0.013670025347588988,-0.0019417951923301757,0.01380725032628445,0.06903625163140654
method2,2912,5.0,1051.2317,0.770045557682319,5.4723756328977,582.4000000000001,0.20000000000004547,-0.013663332165435027,-0.001996658885699887,0.013808450042233406,0.06904225021115133
method2,2913,5.0,1051.4317,0.756389138906257,5.47032413279845,582.6000000000001,0.20000000000004547,-0.01365641877606194,-0.0020515000992498145,0.0138096497582089,0.0690482487910288
method2,2914,5.0,1051.6317,0.742739853653982,5.4682178148494,582.8,0.1999999999998181,-0.013649285252275045,-0.0021063179490505846,0.013810849474252686,0.06905424737132623
method2,2915,5.0,1051.8317,0.72909792198363,5.46605670329795,583.0,0.20000000000004547,-0.013641931670351992,-0.0021611115514499346,0.013812049190339681,0.06906024595168271
method2,2916,5.0,1052.0317,0.715463563873487,5.46384082327499,583.2,0.20000000000004547,-0.013634358110143019,-0.002215880022959915,0.013813248906458448,0.06906624453227654
method2,2917,5.0,1052.2317,0.701836999218396,5.46157020079458,583.4000000000001,0.20000000000004547,-0.013626564655090934,-0.0022706224804096564,0.01381444862265285,0.06907224311324854
method2,2918,5.0,1052.4317,0.688218447826287,5.45924486275373,583.6000000000001,0.20000000000004547,-0.01361855139210899,-0.0023253380408503332,0.013815648338885128,0.06907824169440993
method2,2919,5.0,1052.6317,0.674608129414596,5.45686483693211,583.8,0.1999999999998181,-0.013610318411691025,-0.002380025821620002,0.013816848055153305,0.06908424027582936
method2,2920,5.0,1052.8317,0.661006263606684,5.45443015199173,584.0,0.20000000000004547,-0.013601865807912006,-0.0024346849403800164,0.013818047771496485,0.06909023885746672
method2,2921,5.0,1053.0317,0.647413069928376,5.45194083747669,584.2,0.20000000000004547,-0.013593193678308024,-0.0024893145150395313,0.013819247487861983,0.0690962374392942
method2,2922,5.0,1053.2317,0.633828767804324,5.44939692381279,584.4000000000001,0.20000000000004547,-0.013584302124052039,-0.002543913663900277,0.013820447204302155,0.06910223602149507
method2,2923,5.0,1053.4317,0.620253576554548,5.44679844230724,584.6000000000001,0.20000000000004547,-0.013575191249775909,-0.0025984815055499766,0.01382164692077893,0.06910823460387894
method2,2924,5.0,1053.6317,0.60668771539086,5.44414542514829,584.8,0.1999999999998181,-0.013565861163688075,-0.002653017158950277,0.013822846637293818,0.06911423318653195
method2,2925,5.0,1053.8317,0.593131403413286,5.44143790540488,585.0,0.20000000000004547,-0.01355631197757401,-0.002707519743410103,0.013824046353881778,0.06912023176939318
method2,2926,5.0,1054.0317,0.579584859606606,5.43867591702625,585.2,0.20000000000004547,-0.013546543806679967,-0.0027619883786291766,0.013825246070503845,0.06912623035250351
method2,2927,5.0,1054.2317,0.566048302836774,5.43585949484153,585.4000000000001,0.20000000000004547,-0.013536556769832009,-0.002816422184720224,0.013826445787167034,0.06913222893581945
method2,2928,5.0,1054.4317,0.552521951847349,5.43298867455938,585.6000000000001,0.20000000000004547,-0.013526350989425007,-0.002870820282150355,0.013827645503899958,0.06913822751948406
method2,2929,5.0,1054.6317,0.539006025256046,5.43006349276751,585.8,0.1999999999998181,-0.013515926591302962,-0.0029251817918698464,0.013828845220660234,0.06914422610336406
method2,2930,5.0,1054.8317,0.525500741551103,5.42708398693229,586.0,0.20000000000004547,-0.013505283704942972,-0.0029795058352197756,0.013830044937494124,0.0691502246874549
method2,2931,5.0,1055.0317,0.51200631908784,5.42405019539829,586.2,0.20000000000004547,-0.013494422463263045,-0.0030337915340004074,0.013831244654361039,0.06915622327178947
method2,2932,5.0,1055.2317,0.498522976085086,5.42096215738779,586.4000000000001,0.20000000000004547,-0.013483343002754,-0.0030880380104996163,0.013832444371267346,0.06916222185632101
method2,2933,5.0,1055.4317,0.485050930621618,5.41781991300032,586.6000000000001,0.20000000000004547,-0.013472045463467974,-0.0031422443874697947,0.013833644088248527,0.0691682204412269
method2,2934,5.0,1055.6317,0.471590400632706,5.41462350321219,586.8,0.1999999999998181,-0.013460529988912007,-0.0031964097881305165,0.013834843805264159,0.06917421902638371
method2,2935,5.0,1055.8317,0.458141603906551,5.41137296987595,587.0,0.20000000000004547,-0.01344879672615501,-0.0032505333362395916,0.013836043522316726,0.0691802176115679
method2,2936,5.0,1056.0317,0.444704758080728,5.40806835571986,587.2,0.20000000000004547,-0.013436845825822996,-0.003304614156090402,0.01383724323944513,0.06918621619720991
method2,2937,5.0,1056.2317,0.431280080638745,5.40470970434742,587.4000000000001,0.20000000000004547,-0.013424677441983002,-0.003358651372439958,0.013838442956593061,0.06919221478294957
method2,2938,5.0,1056.4317,0.417867788906432,5.40129706023672,587.6000000000001,0.20000000000004547,-0.013412291732313009,-0.0034126441106998584,0.013839642673818075,0.06919821336907464
method2,2939,5.0,1056.6317,0.4044681000485,5.39783046873997,587.8,0.1999999999998181,-0.013399688857932024,-0.0034665914967497713,0.0138408423910803,0.06920421195546445
method2,2940,5.0,1056.8317,0.391081231064998,5.39430997608288,588.0,0.20000000000004547,-0.013386868983501998,-0.0035204926570902018,0.013842042108376706,0.0692102105418678
method2,2941,5.0,1057.0317,0.377707398787757,5.39073562936406,588.2,0.20000000000004547,-0.013373832277240982,-0.003574346718820287,0.013843241825747105,0.06921620912871979
method2,2942,5.0,1057.2317,0.364346819876952,5.38710747655443,588.4000000000001,0.20000000000004547,-0.013360578910804999,-0.0036281528096298032,0.013844441543156297,0.06922220771576575
method2,2943,5.0,1057.4317,0.35099971081756,5.38342556649661,588.6000000000001,0.20000000000004547,-0.013347109059392015,-0.003681910057819593,0.013845641260598134,0.06922820630297492
method2,2944,5.0,1057.6317,0.33766628791581,5.37968994890425,588.8,0.1999999999998181,-0.013333422901749992,-0.0037356175923601853,0.013846840978117069,0.06923420489064831
method2,2945,5.0,1057.8317,0.324346767295768,5.37590067436143,589.0,0.20000000000004547,-0.013319520620041991,-0.0037892745428198538,0.013848040695657506,0.06924020347827178
method2,2946,5.0,1058.0317,0.311041364895737,5.37205779432194,589.2,0.20000000000004547,-0.013305402400030975,-0.003842880039490737,0.013849240413274165,0.06924620206635508
method2,2947,5.0,1058.2317,0.297750296464839,5.36816136110867,589.4000000000001,0.20000000000004547,-0.013291068430898001,-0.003896433213269823,0.01385044013092312,0.06925220065459985
method2,2948,5.0,1058.4317,0.284473777559482,5.36421142791285,589.6000000000001,0.20000000000004547,-0.013276518905357027,-0.00394993319581971,0.013851639848615075,0.06925819924305962
method2,2949,5.0,1058.6317,0.27121202353983,5.36020804879342,589.8,0.1999999999998181,-0.013261754019652017,-0.0040033791194300505,0.013852839566372122,0.0692641978319236
method2,2950,5.0,1058.8317,0.257965249566381,5.35615127867622,590.0,0.20000000000004547,-0.013246773973448978,-0.004056770117199626,0.013854039284174455,0.06927019642085652
method2,2951,5.0,1059.0317,0.24473367059644,5.35204117335337,590.2,0.20000000000004547,-0.01323157896994101,-0.004110105322850721,0.013855239002006102,0.06927619501001475
method2,2952,5.0,1059.2317,0.231517501380599,5.34787778948241,590.4000000000001,0.20000000000004547,-0.013216169215840984,-0.004163383870960047,0.013856438719913324,0.06928219359955087
method2,2953,5.0,1059.4317,0.218316956459331,5.34366118458562,590.6000000000001,0.20000000000004547,-0.013200544921268015,-0.004216604896789988,0.01385763843784532,0.06928819218921084
method2,2954,5.0,1059.6317,0.205132250159417,5.3393914170492,590.8,0.1999999999998181,-0.013184706299914,-0.004269767536420055,0.01385883815585053,0.06929419077931567
method2,2955,5.0,1059.8317,0.19196359659055,5.3350685461225,591.0,0.20000000000004547,-0.013168653568866984,-0.004322870926699807,0.013860037873892683,0.06930018936944765
method2,2956,5.0,1060.0317,0.178811209641818,5.33069263191723,591.2,0.20000000000004547,-0.013152386948732026,-0.0043759142052701705,0.013861237591970704,0.06930618795983776
method2,2957,5.0,1060.2317,0.165675302978201,5.32626373540661,591.4000000000001,0.20000000000004547,-0.013135906663616997,-0.004428896510619396,0.013862437310120976,0.06931218655058911
method2,2958,5.0,1060.4317,0.152556090037171,5.32178191842456,591.6000000000001,0.20000000000004547,-0.013119212941029995,-0.004481816982050191,0.01386363702830835,0.06931818514152599
method2,2959,5.0,1060.6317,0.139453784025185,5.31724724366486,591.8,0.1999999999998181,-0.013102306011986004,-0.0045346747597001524,0.013864836746532078,0.06932418373272344
method2,2960,5.0,1060.8317,0.12636859791419,5.31265977468027,592.0,0.20000000000004547,-0.01308518611099499,-0.0045874689845897265,0.013866036464828329,0.06933018232412588
method2,2961,5.0,1061.0317,0.113300744438243,5.30801957588168,592.2,0.20000000000004547,-0.013067853475946994,-0.004640198798590234,0.01386723618314977,0.06933618091573308
method2,2962,5.0,1061.2317,0.100250436089958,5.30332671253721,592.4000000000001,0.20000000000004547,-0.013050308348285009,-0.004692863344470055,0.013868435901542324,0.06934217950769585
method2,2963,5.0,1061.4317,0.087217885117137,5.2985812507713,592.6000000000001,0.20000000000004547,-0.013032550972820994,-0.004745461765909731,0.013869635619975333,0.0693481780998609
method2,2964,5.0,1061.6317,0.0742033035192802,5.29378325756383,592.8,0.1999999999998181,-0.013014581597856803,-0.004797993207469986,0.01387083533844307,0.06935417669227843
method2,2965,5.0,1061.8317,0.061206903044106,5.28893280074916,593.0,0.20000000000004547,-0.012996400475174204,-0.00485045681466989,0.013872035056980135,0.0693601752848849
method2,2966,5.0,1062.0317,0.0482288951841752,5.28402994901519,593.2,0.20000000000004547,-0.0129780078599308,-0.004902851733969982,0.013873234775556784,0.06936617387776815
method2,2967,5.0,1062.2317,0.0352694911734146,5.27907477190242,593.4000000000001,0.20000000000004547,-0.012959404010760595,-0.0049551771127704924,0.013874434494171008,0.06937217247083927
method2,2968,5.0,1062.4317,0.0223289019836488,5.27406733980297,593.6000000000001,0.20000000000004547,-0.012940589189765803,-0.005007432099449538,0.01387563421285244,0.06937817106424643
method2,2969,5.0,1062.6317,0.00940733832124296,5.26900772395958,593.8,0.1999999999998181,-0.012921563662405839,-0.005059615843390652,0.013876833931567268,0.06938416965789944
method2,2970,5.0,1062.8317,-0.00349498937641468,5.26389599646465,594.0,0.20000000000004547,-0.01290232769765764,-0.005111727494929497,0.013878033650346927,0.06939016825171886
method2,2971,5.0,1063.0317,-0.0163778709442628,5.2587322302592,594.2,0.20000000000004547,-0.01288288156784812,-0.005163766205449782,0.013879233369165103,0.06939616684580974
method2,2972,5.0,1063.2317,-0.029241096493021,5.25351649913185,594.4000000000001,0.20000000000004547,-0.012863225548758201,-0.005215731127350409,0.013880433088021343,0.06940216544009094
method2,2973,5.0,1063.4317,-0.0420844564126426,5.24824887771778,594.6000000000001,0.20000000000004547,-0.0128433599196216,-0.005267621414070334,0.013881632806947276,0.0694081640347206
method2,2974,5.0,1063.6317,-0.0549077413756609,5.24292944149767,594.8,0.1999999999998181,-0.012823284963018301,-0.0053194362201098855,0.01388283252591445,0.06941416262963539
method2,2975,5.0,1063.8317,-0.0677107423406356,5.23755826679668,595.0,0.20000000000004547,-0.012803000964974692,-0.005371174700989911,0.013884032244909868,0.06942016122453355
method2,2976,5.0,1064.0317,-0.0804932505555911,5.23213543078327,595.2,0.20000000000004547,-0.01278250821495551,-0.005422836013409871,0.013885231963987499,0.06942615981992172
method2,2977,5.0,1064.2317,-0.0932550575613413,5.22666101146823,595.4000000000001,0.20000000000004547,-0.012761807005750192,-0.005474419315040002,0.013886431683081788,0.06943215841539316
method2,2978,5.0,1064.4317,-0.105995955194977,5.22113508770346,595.6000000000001,0.20000000000004547,-0.0127408976336357,-0.005525923764770013,0.013887631402252645,0.06943815701124743
method2,2979,5.0,1064.6317,-0.118715735593183,5.21555773918092,595.8,0.1999999999998181,-0.01271978039820601,-0.005577348522540326,0.01388883112146118,0.06944415560736907
method2,2980,5.0,1064.8317,-0.131414191195659,5.20992904643148,596.0,0.20000000000004547,-0.012698455602475997,-0.005628692749439779,0.013890030840701902,0.06945015420349372
method2,2981,5.0,1065.0317,-0.144091114748543,5.20424909082374,596.2,0.20000000000004547,-0.012676923552883995,-0.005679955607739373,0.013891230560017169,0.06945615280007006
method2,2982,5.0,1065.2317,-0.156746299307721,5.19851795456291,596.4000000000001,0.20000000000004547,-0.012655184559177995,-0.005731136260830105,0.013892430279366487,0.06946215139681665
method2,2983,5.0,1065.4317,-0.169379538242241,5.1927357206896,596.6000000000001,0.20000000000004547,-0.012633238934520008,-0.005782233873310005,0.013893629998755755,0.06946814999376298
method2,2984,5.0,1065.6317,-0.181990625237716,5.18690247307864,596.8,0.1999999999998181,-0.012611086995475002,-0.005833247610960157,0.013894829718215733,0.06947414859114184
method2,2985,5.0,1065.8317,-0.194579354299617,5.1810182964379,597.0,0.20000000000004547,-0.012588729061901005,-0.005884176640740257,0.013896029437698534,0.06948014718847688
method2,2986,5.0,1066.0317,-0.207145519756724,5.17508327630702,597.2,0.20000000000004547,-0.012566165457106981,-0.005935020130880098,0.013897229157257957,0.06948614578627399
method2,2987,5.0,1066.2317,-0.219688916264404,5.16909749905625,597.4000000000001,0.20000000000004547,-0.012543396507680021,-0.005985777250769431,0.013898428876844612,0.06949214438420726
method2,2988,5.0,1066.4317,-0.232209338808005,5.16306105188513,597.6000000000001,0.20000000000004547,-0.012520422543601,-0.006036447171120507,0.01389962859647843,0.06949814298237635
method2,2989,5.0,1066.6317,-0.244706582706233,5.15697402282128,597.8,0.1999999999998181,-0.012497243898227983,-0.006087029063849947,0.013900828316181398,0.06950414158097021
method2,2990,5.0,1066.8317,-0.257180443614431,5.15083650071914,598.0,0.20000000000004547,-0.012473860908197992,-0.006137522102140025,0.013902028035913587,0.06951014017955214
method2,2991,5.0,1067.0317,-0.269630717527954,5.14464857525862,598.2,0.20000000000004547,-0.012450273913522991,-0.0061879254605194944,0.013903227755693874,0.06951613877845357
method2,2992,5.0,1067.2317,-0.282057200785536,5.13841033694389,598.4000000000001,0.20000000000004547,-0.012426483257582,-0.00623823831473036,0.013904427475532232,0.06952213737764536
method2,2993,5.0,1067.4317,-0.294459690072542,5.13212187710198,598.6000000000001,0.20000000000004547,-0.012402489287006047,-0.006288459841909955,0.013905627195405963,0.069528135977014
method2,2994,5.0,1067.6317,-0.306837982424382,5.12578328788151,598.8,0.1999999999998181,-0.012378292351839959,-0.006338589220470148,0.013906826915349165,0.06953413457680907
method2,2995,5.0,1067.8317,-0.319191875229754,5.11939466225134,599.0,0.20000000000004547,-0.012353892805372024,-0.006388625630170175,0.01390802663533148,0.0695401331766416
method2,2996,5.0,1068.0317,-0.331521166233989,5.11295609399924,599.2,0.20000000000004547,-0.012329291004234966,-0.006438568252099763,0.013909226355338972,0.06954613177667905
method2,2997,5.0,1068.2317,-0.343825653542396,5.10646767773044,599.4000000000001,0.20000000000004547,-0.012304487308407053,-0.006488416268799924,0.013910426075429097,0.06955213037712966
method2,2998,5.0,1068.4317,-0.356105135623503,5.09992950886636,599.6000000000001,0.20000000000004547,-0.012279482081106963,-0.006538168864079985,0.01391162579555143,0.06955812897774134
method2,2999,5.0,1068.6317,-0.368359411312383,5.09334168364314,599.8,0.1999999999998181,-0.01225427568887999,-0.006587825223220101,0.01391282551571643,0.06956412757864541
method2,3000,5.0,1068.8317,-0.380588279813983,5.08670429911029,600.0,0.20000000000004547,-0.012228868501600043,-0.006637384532849566,0.013914025235938604,0.0695701261796772
method2,3001,5.0,1069.0317,-0.392791540706339,5.08001745312921,600.2,0.20000000000004547,-0.01220326089235596,-0.006686845981080047,0.013915224956197826,0.06957612478097332
method2,3002,5.0,1069.2317,-0.404968993943941,5.07328124437179,600.4000000000001,0.20000000000004547,-0.012177453237601998,-0.0067362087574203144,0.013916424676529872,0.06958212338263355
method2,3003,5.0,1069.4317,-0.41712043986094,5.06649577231901,600.6000000000001,0.20000000000004547,-0.012151445916999015,-0.006785472052779795,0.013917624396886406,0.0695881219844162
method2,3004,5.0,1069.6317,-0.429245679174446,5.05966113725938,600.8,0.1999999999998181,-0.012125239313506009,-0.006834635059630223,0.01391882411729232,0.0695941205865249
method2,3005,5.0,1069.8317,-0.441344512987831,5.05277744028756,601.0,0.20000000000004547,-0.012098833813385002,-0.006883696971820008,0.013920023837758045,0.0696001191887744
method2,3006,5.0,1070.0317,-0.453416742793915,5.04584478330282,601.2,0.20000000000004547,-0.012072229806083967,-0.006932656984740326,0.013921223558257046,0.0696061177912694
method2,3007,5.0,1070.2317,-0.465462170478302,5.03886326900755,601.4000000000001,0.20000000000004547,-0.012045427684387044,-0.006981514295270053,0.01392242327882822,0.06961211639412528
method2,3008,5.0,1070.4317,-0.477480598322559,5.0318330009058,601.6000000000001,0.20000000000004547,-0.012018427844256996,-0.0070302681017500035,0.013923622999424233,0.06961811499710534
method2,3009,5.0,1070.6317,-0.489471829007489,5.02475408330166,601.8,0.1999999999998181,-0.011991230684929965,-0.0070789176041392565,0.013924822720070753,0.06962411360041709
method2,3010,5.0,1070.8317,-0.501435665616403,5.01762662129781,602.0,0.20000000000004547,-0.01196383660891398,-0.007127462003850837,0.013926022440780703,0.06963011220388768
method2,3011,5.0,1071.0317,-0.513371911638283,5.01045072079392,602.2,0.20000000000004547,-0.011936246021880037,-0.0071759005038893875,0.013927222161528372,0.06963611080762602
method2,3012,5.0,1071.2317,-0.525280370971045,5.00322648848511,602.4000000000001,0.20000000000004547,-0.011908459332761967,-0.007224232308810308,0.013928421882313313,0.06964210941155073
method2,3013,5.0,1071.4317,-0.537160847924783,4.99595403186035,602.6000000000001,0.20000000000004547,-0.011880476953738062,-0.007272456624759727,0.013929621603163269,0.06964810801580051
method2,3014,5.0,1071.6317,-0.549013147224921,4.98863345920088,602.8,0.1999999999998181,-0.01185229930013798,-0.007320572659470059,0.01393082132405092,0.06965410662031794
method2,3015,5.0,1071.8317,-0.560837074015489,4.98126487957862,603.0,0.20000000000004547,-0.011823926790567985,-0.0073685796222600075,0.013932021044999063,0.06966010522497948
method2,3016,5.0,1072.0317,-0.572632433862264,4.97384840285454,603.2,0.20000000000004547,-0.011795359846775044,-0.007416476724079857,0.013933220765986996,0.06966610382991914
method2,3017,5.0,1072.2317,-0.584399032755988,4.96638413967704,603.4000000000001,0.20000000000004547,-0.011766598893724,-0.00746426317749993,0.013934420487008718,0.06967210243502775
method2,3018,5.0,1072.4317,-0.596136677115593,4.95887220148027,603.6000000000001,0.20000000000004547,-0.011737644359605004,-0.007511938196770096,0.013935620208109172,0.06967810104053002
method2,3019,5.0,1072.6317,-0.607845173791316,4.95131270048255,603.8,0.1999999999998181,-0.011708496675722935,-0.007559500997720292,0.013936819929235978,0.06968409964624327
method2,3020,5.0,1072.8317,-0.619524330067913,4.94370574968464,604.0,0.20000000000004547,-0.011679156276596991,-0.0076069507979097395,0.01393801965040208,0.06969009825199456
method2,3021,5.0,1073.0317,-0.631173953667852,4.93605146286805,604.2,0.20000000000004547,-0.01164962359993904,-0.0076542868165905276,0.013939219371646614,0.06969609685821722
method2,3022,5.0,1073.2317,-0.642793852754408,4.92834995459343,604.4000000000001,0.20000000000004547,-0.01161989908655603,-0.007701508274619684,0.013940419092903238,0.06970209546450035
method2,3023,5.0,1073.4317,-0.654383835934903,4.92060134019875,604.6000000000001,0.20000000000004547,-0.011589983180494978,-0.007748614394680331,0.013941618814241183,0.06970809407119007
method2,3024,5.0,1073.6317,-0.66594371226378,4.91280573579767,604.8,0.1999999999998181,-0.011559876328877006,-0.007795604401079181,0.01394281853561381,0.06971409267813246
method2,3025,5.0,1073.8317,-0.67747329124578,4.90496325827779,605.0,0.20000000000004547,-0.011529578982000022,-0.007842477519880653,0.01394401825701652,0.06972009128506675
method2,3026,5.0,1074.0317,-0.688972382839108,4.89707402529884,605.2,0.20000000000004547,-0.01149909159332796,-0.0078892329789495,0.013945217978500377,0.06972608989248603
method2,3027,5.0,1074.2317,-0.700440797458502,4.88913815529104,605.4000000000001,0.20000000000004547,-0.011468414619393963,-0.007935870007800716,0.013946417700005981,0.06973208850001406
method2,3028,5.0,1074.4317,-0.711878345978386,4.88115576745321,605.6000000000001,0.20000000000004547,-0.011437548519883989,-0.007982387837829563,0.013947617421560922,0.06973808710778875
method2,3029,5.0,1074.6317,-0.723284839736017,4.87312698175106,605.8,0.1999999999998181,-0.011406493757631031,-0.008028785702149932,0.013948817143181814,0.0697440857159725
method2,3030,5.0,1074.8317,-0.734660090534524,4.86505191891539,606.0,0.20000000000004547,-0.011375250798506986,-0.008075062835669833,0.013950016864826721,0.06975008432411775
method2,3031,5.0,1075.0317,-0.746003910646088,4.85693070044024,606.2,0.20000000000004547,-0.011343820111563985,-0.008121218475150016,0.013951216586543322,0.06975608293270075
method2,3032,5.0,1075.2317,-0.757316112814971,4.84876344858111,606.4000000000001,0.20000000000004547,-0.011312202168883068,-0.008167251859130253,0.013952416308301203,0.06976208154149015
method2,3033,5.0,1075.4317,-0.768596510260631,4.84055028635314,606.6000000000001,0.20000000000004547,-0.011280397445660006,-0.008213162227970194,0.013953616030083712,0.0697680801504027
method2,3034,5.0,1075.6317,-0.779844916680836,4.83229133752919,606.8,0.1999999999998181,-0.01124840642020497,-0.00825894882394973,0.013954815751944884,0.06977407875978787
method2,3035,5.0,1075.8317,-0.791061146254674,4.82398672663806,607.0,0.20000000000004547,-0.011216229573838055,-0.008304610891130437,0.013956015473842155,0.0697800773691949
method2,3036,5.0,1076.0317,-0.802245013645653,4.8156365789626,607.2,0.20000000000004547,-0.011183867390978985,-0.008350147675459496,0.013957215195768272,0.0697860759788255
method2,3037,5.0,1076.2317,-0.81339633400479,4.80724102053777,607.4000000000001,0.20000000000004547,-0.011151320359136907,-0.008395558424830085,0.013958414917777617,0.06979207458887221
method2,3038,5.0,1076.4317,-0.824514922973591,4.79880017814884,607.6000000000001,0.20000000000004547,-0.011118588968801024,-0.008440842388930392,0.013959614639806786,0.06979807319901805
method2,3039,5.0,1076.6317,-0.835600596687177,4.79031417932941,607.8,0.1999999999998181,-0.011085673713586042,-0.008485998819429241,0.01396081436190049,0.06980407180956594
method2,3040,5.0,1076.8317,-0.846653171777252,4.78178315235952,608.0,0.20000000000004547,-0.011052575090074956,-0.008531026969890831,0.013962014084033513,0.06981007042015169
method2,3041,5.0,1077.0317,-0.857672465375165,4.77320722626371,608.2,0.20000000000004547,-0.011019293597912982,-0.008575926095809372,0.013963213806204867,0.06981606903100847
method2,3042,5.0,1077.2317,-0.868658295114954,4.76458653080906,608.4000000000001,0.20000000000004547,-0.01098582973978901,-0.00862069545464994,0.013964413528446327,0.06982206764221575
method2,3043,5.0,1077.4317,-0.879610479136311,4.75592119650327,608.6000000000001,0.20000000000004547,-0.010952184021357003,-0.008665334305789862,0.013965613250722875,0.0698280662535985
method2,3044,5.0,1077.6317,-0.890528836087612,4.74721135459266,608.8,0.1999999999998181,-0.010918356951301056,-0.008709841910610194,0.013966812973038836,0.06983406486525769
method2,3045,5.0,1077.8317,-0.901413185128952,4.7384571370602,609.0,0.20000000000004547,-0.010884349041339947,-0.008754217532460196,0.013968012695417744,0.06984006347707285
method2,3046,5.0,1078.0317,-0.912263345935058,4.72965867662351,609.2,0.20000000000004547,-0.010850160806106013,-0.008798460436690192,0.013969212417826627,0.06984606208911726
method2,3047,5.0,1078.2317,-0.923079138698366,4.72081610673285,609.4000000000001,0.20000000000004547,-0.010815792763308019,-0.008842569890659568,0.013970412140306573,0.06985206070151699
method2,3048,5.0,1078.4317,-0.933860384131915,4.71192956156912,609.6000000000001,0.20000000000004547,-0.01078124543354897,-0.008886545163730553,0.013971611862825398,0.06985805931411111
method2,3049,5.0,1078.6317,-0.944606903472353,4.70299917604184,609.8,0.1999999999998181,-0.010746519340438021,-0.00893038552727976,0.013972811585370221,0.06986405792691465
method2,3050,5.0,1078.8317,-0.955318518482923,4.69402508578704,610.0,0.20000000000004547,-0.010711615010570052,-0.008974090254800338,0.013974011307994997,0.0698700565399591
method2,3051,5.0,1079.0317,-0.965995051456358,4.6850074271653,610.2,0.20000000000004547,-0.01067653297343496,-0.009017658621739422,0.013975211030645486,0.06987605515321155
method2,3052,5.0,1079.2317,-0.976636325217856,4.67594633725961,610.4000000000001,0.20000000000004547,-0.010641273761498038,-0.00906108990568999,0.013976410753342348,0.06988205376669586
method2,3053,5.0,1079.4317,-0.987242163128042,4.66684195387331,610.6000000000001,0.20000000000004547,-0.010605837910185989,-0.009104383386300263,0.013977610476110663,0.06988805238053743
method2,3054,5.0,1079.6317,-0.997812389085834,4.65769441552805,610.8,0.1999999999998181,-0.010570225957792001,-0.009147538345259498,0.013978810198896498,0.06989405099454606
method2,3055,5.0,1079.8317,-1.00834682753143,4.64850386146161,611.0,0.20000000000004547,-0.010534438445595984,-0.009190554066440093,0.013980009921749314,0.06990004960873068
method2,3056,5.0,1080.0317,-1.01884530344918,4.63927043162583,611.2,0.20000000000004547,-0.010498475917749994,-0.009233429835780349,0.013981209644657194,0.06990604822327007
method2,3057,5.0,1080.2317,-1.02930764237046,4.6299942666845,611.4000000000001,0.20000000000004547,-0.010462338921279901,-0.009276164941329768,0.01398240936757624,0.0699120468378653
method2,3058,5.0,1080.4317,-1.03973367037667,4.62067550801117,611.6000000000001,0.20000000000004547,-0.010426028006210064,-0.009318758673329874,0.013983609090575916,0.06991804545286368
method2,3059,5.0,1080.6317,-1.05012321410202,4.61131429768704,611.8,0.1999999999998181,-0.010389543725350059,-0.009361210324130731,0.013984808813622464,0.06992404406817591
method2,3060,5.0,1080.8317,-1.06047610073643,4.60191077849882,612.0,0.20000000000004547,-0.01035288663441003,-0.009403519188219356,0.01398600853668249,0.06993004268339655
method2,3061,5.0,1081.0317,-1.07079215802846,4.59246509393647,612.2,0.20000000000004547,-0.010316057292030001,-0.009445684562350287,0.013987208259830405,0.06993604129913612
method2,3062,5.0,1081.2317,-1.08107121428809,4.58297738819112,612.4000000000001,0.20000000000004547,-0.010279056259629993,-0.009487705745350183,0.013988407983004693,0.06994203991500757
method2,3063,5.0,1081.4317,-1.09131309838962,4.5734478061528,612.6000000000001,0.20000000000004547,-0.01024188410152993,-0.00952958203831944,0.013989607706230795,0.06994803853113807
method2,3064,5.0,1081.6317,-1.10151763977453,4.56387649340827,612.8,0.1999999999998181,-0.010204541384910115,-0.009571312744530047,0.013990807429521235,0.0699540371476698
method2,3065,5.0,1081.8317,-1.11168466845423,4.55426359623881,613.0,0.20000000000004547,-0.010167028679699985,-0.009612897169460233,0.01399200715281616,0.0699600357640649
method2,3066,5.0,1082.0317,-1.12181401501302,4.54460926161792,613.2,0.20000000000004547,-0.010129346558789942,-0.009654334620890381,0.01399320687620219,0.06996603438099504
method2,3067,5.0,1082.2317,-1.13190551061079,4.53491363720918,613.4000000000001,0.20000000000004547,-0.010091495597770006,-0.009695624408739612,0.013994406599608244,0.0699720329980253
method2,3068,5.0,1082.4317,-1.14195898698589,4.52517687136391,613.6000000000001,0.20000000000004547,-0.010053476375099901,-0.009736765845270057,0.0139956063230683,0.06997803161532559
method2,3069,5.0,1082.6317,-1.15197427645792,4.51539911311893,613.8,0.1999999999998181,-0.010015289472030009,-0.009777758244980284,0.013996806046589167,0.06998403023300949
method2,3070,5.0,1082.8317,-1.16195121193051,4.50558051219434,614.0,0.20000000000004547,-0.009976935472590043,-0.009818600924589305,0.013998005770129239,0.06999002885063028
method2,3071,5.0,1083.0317,-1.17188962689414,4.49572121899112,614.2,0.20000000000004547,-0.009938414963629905,-0.009859293203220432,0.013999205493754687,0.06999602746875752
method2,3072,5.0,1083.2317,-1.18178935542884,4.48582138458893,614.4000000000001,0.20000000000004547,-0.009899728534700003,-0.009899834402189889,0.014000405217404813,0.07000202608700815
method2,3073,5.0,1083.4317,-1.19165023220704,4.47588116074379,614.6000000000001,0.20000000000004547,-0.009860876778200023,-0.00994022384514004,0.014001604941089258,0.07000802470543037
method2,3074,5.0,1083.6317,-1.20147209249628,4.46590069988567,614.8,0.1999999999998181,-0.009821860289240147,-0.00998046085812021,0.014002804664845617,0.07001402332429175
method2,3075,5.0,1083.8317,-1.21125477216196,4.45588015511626,615.0,0.20000000000004547,-0.009782679665679916,-0.010020544769409945,0.014004004388640284,0.0700200219431855
method2,3076,5.0,1084.0317,-1.22099810767007,4.44581968020658,615.2,0.20000000000004547,-0.009743335508110018,-0.010060474909679762,0.014005204112468105,0.0700260205623246
method2,3077,5.0,1084.2317,-1.23070193608997,4.43571942959461,615.4000000000001,0.20000000000004547,-0.009703828419900029,-0.010100250611969841,0.014006403836369157,0.07003201918182986
method2,3078,5.0,1084.4317,-1.24036609509704,4.42557955838298,615.6000000000001,0.20000000000004547,-0.009664159007070072,-0.010139871211630513,0.014007603560294919,0.07003801780145867
method2,3079,5.0,1084.6317,-1.24999042297542,4.4154002223365,615.8,0.1999999999998181,-0.009624327878379857,-0.01017933604647947,0.014008803284282209,0.07004401642147474
method2,3080,5.0,1084.8317,-1.25957475862074,4.40518157787987,616.0,0.20000000000004547,-0.009584335645320019,-0.010218644456630344,0.014010003008321375,0.07005001504159095
method2,3081,5.0,1085.0317,-1.26911894154274,4.39492378209524,616.2,0.20000000000004547,-0.009544182921999989,-0.010257795784630375,0.014011202732377293,0.07005601366187053
method2,3082,5.0,1085.2317,-1.27862281186805,4.38462699271976,616.4000000000001,0.20000000000004547,-0.009503870325310082,-0.010296789375479953,0.01401240245651353,0.07006201228255172
method2,3083,5.0,1085.4317,-1.28808621034277,4.37429136814322,616.6000000000001,0.20000000000004547,-0.009463398474719886,-0.01033562457653936,0.014013602180684847,0.0700680109034083
method2,3084,5.0,1085.6317,-1.29750897833517,4.36391706740559,616.8,0.1999999999998181,-0.00942276799240016,-0.010374300737630016,0.01401480190489297,0.07007400952452858
method2,3085,5.0,1085.8317,-1.30689095783838,4.35350425019457,617.0,0.20000000000004547,-0.009381979503209958,-0.010412817211020275,0.014016001629165567,0.0700800081458119
method2,3086,5.0,1086.0317,-1.31623199147296,4.34305307684315,617.2,0.20000000000004547,-0.009341033634580054,-0.010451173351420096,0.014017201353472432,0.07008600676734622
method2,3087,5.0,1086.2317,-1.32553192248961,4.33256370832714,617.4000000000001,0.20000000000004547,-0.009299931016649943,-0.010489368516009456,0.014018401077836876,0.07009200538916845
method2,3088,5.0,1086.4317,-1.33479059477173,4.32203630626269,617.6000000000001,0.20000000000004547,-0.009258672282119962,-0.010527402064450797,0.01401960080224467,0.07009800401120742
method2,3089,5.0,1086.6317,-1.34400785283806,4.31147103290381,617.8,0.1999999999998181,-0.009217258066329892,-0.010565273358879246,0.014020800526687733,0.07010400263350243
method2,3090,5.0,1086.8317,-1.35318354184532,4.30086805113986,618.0,0.20000000000004547,-0.009175689007260068,-0.01060298176395058,0.014022000251198893,0.07011000125597852
method2,3091,5.0,1087.0317,-1.36231750759076,4.29022752449308,618.2,0.20000000000004547,-0.00913396574544012,-0.010640526646779946,0.014023199975744038,0.07011599987870425
method2,3092,5.0,1087.2317,-1.37140959651473,4.27954961711602,618.4000000000001,0.20000000000004547,-0.009092088923969843,-0.01067790737705998,0.01402439970032397,0.0701219985016039
method2,3093,5.0,1087.4317,-1.38045965570334,4.26883449378902,618.6000000000001,0.20000000000004547,-0.009050059188610016,-0.010715123326999532,0.014025599424985519,0.07012799712491165
method2,3094,5.0,1087.6317,-1.38946753289091,4.25808231991774,618.8,0.1999999999998181,-0.009007877187570124,-0.010752173871280135,0.0140267991496487,0.07013399574830728
method2,3095,5.0,1087.8317,-1.39843307646265,4.24729326153049,619.0,0.20000000000004547,-0.008965543571739953,-0.010789058387250527,0.014027998874403596,0.07013999437200204
method2,3096,5.0,1088.0317,-1.40735613545709,4.23646748527577,619.2,0.20000000000004547,-0.008923058994440014,-0.010825776254719699,0.014029198599189824,0.07014599299593317
method2,3097,5.0,1088.2317,-1.41623655956869,4.22560515841969,619.4000000000001,0.20000000000004547,-0.00888042411160006,-0.010862326856080351,0.014030398324003926,0.07015199162000368
method2,3098,5.0,1088.4317,-1.42507419915034,4.21470644884331,619.6000000000001,0.20000000000004547,-0.008837639581649848,-0.01089870957637995,0.014031598048883103,0.07015799024439956
method2,3099,5.0,1088.6317,-1.43386890521589,4.20377152504013,619.8,0.1999999999998181,-0.008794706065549995,-0.010934923803179508,0.014032797773814162,0.07016398886913462
method2,3100,5.0,1088.8317,-1.44262052944261,4.19280055611347,620.0,0.20000000000004547,-0.008751624226720045,-0.010970968926660163,0.014033997498769053,0.07016998749382931
method2,3101,5.0,1089.0317,-1.45132892417377,4.18179371177382,620.2,0.20000000000004547,-0.008708394731159919,-0.011006844339649824,0.014035197223800427,0.07017598611898618
method2,3102,5.0,1089.2317,-1.45999394242101,4.17075116233628,620.4000000000001,0.20000000000004547,-0.008665018247240086,-0.011042549437540572,0.014036396948844503,0.07018198474420656
method2,3103,5.0,1089.4317,-1.46861543786694,4.15967307871785,620.6000000000001,0.20000000000004547,-0.00862149544593005,-0.01107808361842988,0.01403759667397226,0.07018798336984534
method2,3104,5.0,1089.6317,-1.47719326486751,4.14855963243488,620.8,0.1999999999998181,-0.00857782700056986,-0.011113446282969619,0.014038796399127546,0.07019398199570157
method2,3105,5.0,1089.8317,-1.48572727845447,4.13741099560034,621.0,0.20000000000004547,-0.008534013586960043,-0.011148636834540149,0.014039996124318695,0.0701999806215775
method2,3106,5.0,1090.0317,-1.4942173343379,4.12622734092118,621.2,0.20000000000004547,-0.008490055883429992,-0.011183654679159716,0.014041195849586859,0.07020597924791833
method2,3107,5.0,1090.2317,-1.50266328890853,4.11500884169569,621.4000000000001,0.20000000000004547,-0.008445954570630132,-0.011218499225490675,0.014042395574882616,0.07021197787439712
method2,3108,5.0,1090.4317,-1.51106499924022,4.10375567181079,621.6000000000001,0.20000000000004547,-0.008401710331690015,-0.011253169884899883,0.014043595300208718,0.07021797650102762
method2,3109,5.0,1090.6317,-1.51942232309239,4.0924680057393,621.8,0.1999999999998181,-0.008357323852169918,-0.011287666071489788,0.014044795025613935,0.07022397512813354
method2,3110,5.0,1090.8317,-1.52773511891236,4.08114601853731,622.0,0.20000000000004547,-0.00831279581997002,-0.01132198720199007,0.014045994751050492,0.07022997375523649
method2,3111,5.0,1091.0317,-1.5360032458378,4.06978988584143,622.2,0.20000000000004547,-0.008268126925439878,-0.011356132695880206,0.014047194476535994,0.070235972382664
method2,3112,5.0,1091.2317,-1.54422656369908,4.05839978386607,622.4000000000001,0.20000000000004547,-0.008223317861280055,-0.01139010197535928,0.01404839420206918,0.07024197101032993
method2,3113,5.0,1091.4317,-1.55240493302162,4.04697588940072,622.6000000000001,0.20000000000004547,-0.008178369322540124,-0.011423894465350415,0.01404959392763112,0.07024796963813963
method2,3114,5.0,1091.6317,-1.56053821502832,4.03551837980716,622.8,0.1999999999998181,-0.008133282006699938,-0.011457509593560289,0.014050793653279341,0.0702539682664606
method2,3115,5.0,1091.8317,-1.56862627164181,4.02402743301681,623.0,0.20000000000004547,-0.008088056613489991,-0.011490946790349454,0.014051993378936015,0.0702599668946641
method2,3116,5.0,1092.0317,-1.57666896548685,4.01250322752786,623.2,0.20000000000004547,-0.008042693845039972,-0.011524205488949946,0.0140531931046502,0.07026596552323502
method2,3117,5.0,1092.2317,-1.58466615989266,4.00094594240255,623.4000000000001,0.20000000000004547,-0.007997194405809926,-0.011557285125309846,0.014054392830429417,0.0702719641521311
method2,3118,5.0,1092.4317,-1.59261771889519,3.98935575726442,623.6000000000001,0.20000000000004547,-0.007951559002530084,-0.011590185138130593,0.014055592556233995,0.070277962781154
method2,3119,5.0,1092.6317,-1.60052350723946,3.97773285229546,623.8,0.1999999999998181,-0.007905788344269915,-0.01162290496895979,0.014056792282091396,0.0702839614105209
method2,3120,5.0,1092.8317,-1.60838339038184,3.96607740823334,624.0,0.20000000000004547,-0.007859883142380175,-0.011655444062120157,0.01405799200800328,0.07028996004000042
method2,3121,5.0,1093.0317,-1.61619723449232,3.95438960636863,624.2,0.20000000000004547,-0.007813844110479806,-0.011687801864709968,0.014059191733936832,0.07029595866966817
method2,3122,5.0,1093.2317,-1.62396490645682,3.9426696285419,624.4000000000001,0.20000000000004547,-0.007767671964500122,-0.011719977826730066,0.014060391459953225,0.07030195729975014
method2,3123,5.0,1093.4317,-1.63168627387941,3.930917657141,624.6000000000001,0.20000000000004547,-0.0077213674225899975,-0.011751971400900008,0.014061591186000458,0.0703079559299863
method2,3124,5.0,1093.6317,-1.63936120508454,3.91913387509815,624.8,0.1999999999998181,-0.0076749312051300755,-0.01178378204284991,0.0140627909120797,0.07031395456046245
method2,3125,5.0,1093.8317,-1.64698956911936,3.90731846588711,625.0,0.20000000000004547,-0.007628364034819812,-0.011815409211040073,0.01406399063822438,0.07031995319110591
method2,3126,5.0,1094.0317,-1.65457123575585,3.89547161352034,625.2,0.20000000000004547,-0.00758166663649007,-0.011846852366769856,0.014065190364403433,0.07032595182200117
method2,3127,5.0,1094.2317,-1.66210607549311,3.88359350254612,625.4000000000001,0.20000000000004547,-0.007534839737260102,-0.011878110974219869,0.014066390090640752,0.07033195045318777
method2,3128,5.0,1094.4317,-1.66959395955951,3.87168431804569,625.6000000000001,0.20000000000004547,-0.007487884066399886,-0.011909184500430214,0.014067589816920755,0.07033794908458778
method2,3129,5.0,1094.6317,-1.67703475991489,3.85974424563037,625.8,0.1999999999998181,-0.007440800355380084,-0.011940072415320024,0.014068789543230454,0.07034394771621624
method2,3130,5.0,1094.8317,-1.6844283492528,3.84777347143863,626.0,0.20000000000004547,-0.0073935893379100115,-0.011970774191739864,0.014069989269622126,0.07034994634809463
method2,3131,5.0,1095.0317,-1.69177460100257,3.83577218213327,626.2,0.20000000000004547,-0.007346251749769994,-0.012001289305359819,0.014071188996028113,0.07035594498012457
method2,3132,5.0,1095.2317,-1.69907338933154,3.82374056489843,626.4000000000001,0.20000000000004547,-0.007298788328969907,-0.01203161723484003,0.014072388722487984,0.07036194361242393
method2,3133,5.0,1095.4317,-1.70632458914721,3.81167880743671,626.6000000000001,0.20000000000004547,-0.0072511998156701285,-0.012061757461720113,0.014073588449010981,0.07036794224503891
method2,3134,5.0,1095.6317,-1.7135280760993,3.79958709796626,626.8,0.1999999999998181,-0.007203486952089833,-0.01209170947045024,0.014074788175553637,0.07037394087783219
method2,3135,5.0,1095.8317,-1.72068372658196,3.78746562521779,627.0,0.20000000000004547,-0.007155650482659981,-0.012121472748469753,0.014075987902164695,0.07037993951080747
method2,3136,5.0,1096.0317,-1.72779141773584,3.77531457843168,627.2,0.20000000000004547,-0.007107691153880102,-0.012151046786109898,0.01407718762882619,0.07038593814411495
method2,3137,5.0,1096.2317,-1.73485102745016,3.76313414735504,627.4000000000001,0.20000000000004547,-0.00705960971432007,-0.01218043107664002,0.014078387355492824,0.07039193677744811
method2,3138,5.0,1096.4317,-1.74186243436489,3.75092452223864,627.6000000000001,0.20000000000004547,-0.007011406914730012,-0.012209625116400336,0.014079587082260535,0.07039793541128667
method2,3139,5.0,1096.6317,-1.74882551787272,3.73868589383409,627.8,0.1999999999998181,-0.006963083507829815,-0.0122386284045497,0.014080786809040974,0.0704039340452689
method2,3140,5.0,1096.8317,-1.75574015812119,3.72641845339075,628.0,0.20000000000004547,-0.006914640248470105,-0.01226744044334005,0.014081986535878303,0.07040993267937551
method2,3141,5.0,1097.0317,-1.76260623601472,3.71412239265278,628.2,0.20000000000004547,-0.006866077893530109,-0.01229606073796985,0.014083186262769746,0.07041593131383272
method2,3142,5.0,1097.2317,-1.76942363321665,3.70179790385619,628.4000000000001,0.20000000000004547,-0.0068173972019298645,-0.012324488796590316,0.014084385989675282,0.0704219299483604
method2,3143,5.0,1097.4317,-1.7761922321513,3.68944517972572,628.6000000000001,0.20000000000004547,-0.006768598934649983,-0.012352724130469728,0.014085585716669149,0.07042792858332973
method2,3144,5.0,1097.6317,-1.78291191600594,3.67706441347196,628.8,0.1999999999998181,-0.006719683854639946,-0.012380766253760278,0.014086785443690058,0.07043392721851435
method2,3145,5.0,1097.8317,-1.78958256873282,3.66465579878826,629.0,0.20000000000004547,-0.006670652726880055,-0.012408614683699692,0.014087985170746026,0.07043992585371411
method2,3146,5.0,1098.0317,-1.79620407505117,3.65221952984768,629.2,0.20000000000004547,-0.006621506318350123,-0.012436268940580142,0.01408918489787074,0.07044592448933769
method2,3147,5.0,1098.2317,-1.80277632044916,3.63975580130002,629.4000000000001,0.20000000000004547,-0.006572245397989951,-0.01246372854765987,0.014090384625025383,0.0704519231251109
method2,3148,5.0,1098.4317,-1.80929919118589,3.62726480826872,629.6000000000001,0.20000000000004547,-0.006522870736729969,-0.012490993031299968,0.014091584352232098,0.07045792176114447
method2,3149,5.0,1098.6317,-1.81577257429333,3.61474674634782,629.8,0.1999999999998181,-0.006473383107439945,-0.012518061920900436,0.014092784079492113,0.07046392039752465
method2,3150,5.0,1098.8317,-1.82219635757828,3.60220181159894,630.0,0.20000000000004547,-0.00642378328495008,-0.012544934748879744,0.01409398380677566,0.07046991903386228
method2,3151,5.0,1099.0317,-1.82857042962431,3.58963020054812,630.2,0.20000000000004547,-0.0063740720460299105,-0.012571611050820053,0.014095183534139624,0.07047591767068209
method2,3152,5.0,1099.2317,-1.83489467979364,3.57703211018285,630.4000000000001,0.20000000000004547,-0.006324250169330137,-0.012598090365270043,0.014096383261524289,0.07048191630760542
method2,3153,5.0,1099.4317,-1.84116899822909,3.5644077379489,630.6000000000001,0.20000000000004547,-0.006274318435449899,-0.012624372233950076,0.014097582988965027,0.0704879149448091
method2,3154,5.0,1099.6317,-1.84739327585596,3.55175728174728,630.8,0.1999999999998181,-0.006224277626869945,-0.012650456201619864,0.014098782716442446,0.07049391358227634
method2,3155,5.0,1099.8317,-1.85356740438392,3.53908093993111,631.0,0.20000000000004547,-0.0061741285279601765,-0.012676341816169945,0.014099982443966036,0.07049991221981415
method2,3156,5.0,1100.0317,-1.85969127630889,3.52637891130249,631.2,0.20000000000004547,-0.006123871924969881,-0.01270202862861991,0.014101182171566827,0.0705059108578181
method2,3157,5.0,1100.2317,-1.86576478491485,3.51365139510947,631.4000000000001,0.20000000000004547,-0.00607350860596001,-0.01272751619302026,0.014102381899177998,0.07051190949587396
method2,3158,5.0,1100.4317,-1.87178782427577,3.50089859104285,631.6000000000001,0.20000000000004547,-0.006023039360919968,-0.012752804066619827,0.014103581626834597,0.07051790813415695
method2,3159,5.0,1100.6317,-1.87776028925737,3.48812069923302,631.8,0.1999999999998181,-0.005972464981599979,-0.012777891809830244,0.01410478135456785,0.07052390677290339
method2,3160,5.0,1100.8317,-1.883682075519,3.47531792024693,632.0,0.20000000000004547,-0.005921786261630091,-0.012802778986089614,0.014105981082331307,0.0705299054116405
method2,3161,5.0,1101.0317,-1.88955307951537,3.46249045508487,632.2,0.20000000000004547,-0.005871003996370083,-0.012827465162060125,0.01410718081011439,0.0705359040505559
method2,3162,5.0,1101.2317,-1.89537319849847,3.44963850517727,632.4000000000001,0.20000000000004547,-0.0058201189830999756,-0.01285194990760008,0.014108380537995933,0.07054190268996362
method2,3163,5.0,1101.4317,-1.90114233051924,3.43676227238168,632.6000000000001,0.20000000000004547,-0.005769132020770007,-0.012876232795589804,0.0141095802658795,0.07054790132938146
method2,3164,5.0,1101.6317,-1.90686037442939,3.42386195897944,632.8,0.1999999999998181,-0.00571804391014985,-0.012900313402240293,0.014110779993835292,0.07055389996924064
method2,3165,5.0,1101.8317,-1.91252722988317,3.41093776767262,633.0,0.20000000000004547,-0.005666855453779984,-0.012924191306820099,0.014111979721829258,0.07055989860913024
method2,3166,5.0,1102.0317,-1.9181427973391,3.3979899015808,633.2,0.20000000000004547,-0.0056155674559301705,-0.012947866091819638,0.01411317944985448,0.07056589724925635
method2,3167,5.0,1102.2317,-1.9237069780617,3.38501856423783,633.4000000000001,0.20000000000004547,-0.0055641807225998985,-0.01297133734297029,0.014114379177947852,0.07057189588972322
method2,3168,5.0,1102.4317,-1.92921967412324,3.37202395958871,633.6000000000001,0.20000000000004547,-0.005512696061539923,-0.012994604649120056,0.014115578906082824,0.07057789453039807
method2,3169,5.0,1102.6317,-1.93468078840541,3.35900629198636,633.8,0.1999999999998181,-0.00546111428217011,-0.013017667602349903,0.014116778634242043,0.0705838931712744
method2,3170,5.0,1102.8317,-1.94009022460105,3.34596576618834,634.0,0.20000000000004547,-0.005409436195640049,-0.013040525798019953,0.01411797836248252,0.07058989181239654
method2,3171,5.0,1103.0317,-1.94544788721582,3.33290258735375,634.2,0.20000000000004547,-0.005357662614769998,-0.013063178834590072,0.014119178090745442,0.07059589045371116
method2,3172,5.0,1103.2317,-1.95075368156986,3.3198169610399,634.4000000000001,0.20000000000004547,-0.005305794354039994,-0.013085626313849907,0.01412037781906291,0.07060188909529849
method2,3173,5.0,1103.4317,-1.95600751379947,3.30670909319913,634.6000000000001,0.20000000000004547,-0.005253832229609845,-0.013107867840770115,0.014121577547426583,0.07060788773711686
method2,3174,5.0,1103.6317,-1.96120929085875,3.29357919017557,634.8,0.1999999999998181,-0.005201777059280044,-0.013129903023559653,0.014122777275824082,0.07061388637918463
method2,3175,5.0,1103.8317,-1.96635892052121,3.28042745870184,635.0,0.20000000000004547,-0.00514962966246002,-0.013151731473730166,0.014123977004285753,0.07061988502141271
method2,3176,5.0,1104.0317,-1.97145631138142,3.26725410589587,635.2,0.20000000000004547,-0.005097390860210105,-0.013173352805969873,0.01412517673278136,0.07062588366389073
method2,3177,5.0,1104.2317,-1.9765013728566,3.2540593392576,635.4000000000001,0.20000000000004547,-0.005045061475180024,-0.013194766638270128,0.014126376461313497,0.07063188230655143
method2,3178,5.0,1104.4317,-1.98149401518823,3.24084336666567,635.6000000000001,0.20000000000004547,-0.004992642331629993,-0.013215972591929859,0.014127576189928158,0.07063788094962473
method2,3179,5.0,1104.6317,-1.98643414944359,3.22760639637427,635.8,0.1999999999998181,-0.004940134255359885,-0.01323697029140014,0.014128775918542629,0.07064387959277739
method2,3180,5.0,1104.8317,-1.99132168751739,3.2143486370097,636.0,0.20000000000004547,-0.004887538073800046,-0.013257759364570187,0.014129975647243472,0.0706498782362013
method2,3181,5.0,1105.0317,-1.99615654213326,3.20107029756722,636.2,0.20000000000004547,-0.004834854615870077,-0.013278339442480025,0.014131175375966464,0.07065587687981625
method2,3182,5.0,1105.2317,-2.00093862684534,3.18777158740768,636.4000000000001,0.20000000000004547,-0.004782084712080081,-0.013298710159539873,0.0141323751047359,0.07066187552366343
method2,3183,5.0,1105.4317,-2.00566785603979,3.17445271625422,636.6000000000001,0.20000000000004547,-0.004729229194449847,-0.013318871153459977,0.014133574833569355,0.07066787416783071
method2,3184,5.0,1105.6317,-2.0103441449363,3.16111389418902,636.8,0.1999999999998181,-0.004676288896510172,-0.013338822065199984,0.014134774562429012,0.07067387281220934
method2,3185,5.0,1105.8317,-2.0149674095896,3.14775533164993,637.0,0.20000000000004547,-0.0046232646532997634,-0.01335856253909018,0.014135974291333245,0.07067987145665015
method2,3186,5.0,1106.0317,-2.01953756689096,3.13437723942715,637.2,0.20000000000004547,-0.004570157301360123,-0.01337809222277997,0.014137174020304805,0.07068587010150795
method2,3187,5.0,1106.2317,-2.02405453456963,3.12097982865997,637.4000000000001,0.20000000000004547,-0.004516967678669825,-0.013397410767179707,0.01413837374929276,0.07069186874644773
method2,3188,5.0,1106.4317,-2.02851823119435,3.10756331083334,637.6000000000001,0.20000000000004547,-0.004463696624720015,-0.013416517826630336,0.014139573478355932,0.07069786739176359
method2,3189,5.0,1106.6317,-2.03292857617475,3.09412789777462,637.8,0.1999999999998181,-0.0044103449804002715,-0.01343541305871998,0.014140773207451043,0.07070386603731953
method2,3190,5.0,1106.8317,-2.03728548976285,3.08067380165021,638.0,0.20000000000004547,-0.004356913588099864,-0.01345409612440962,0.014141972936582193,0.07070986468289489
method2,3191,5.0,1107.0317,-2.0415888930544,3.06720123496214,638.2,0.20000000000004547,-0.004303403291550101,-0.013472566688070398,0.014143172665785722,0.07071586332891254
method2,3192,5.0,1107.2317,-2.04583870799037,3.05371041054482,638.4000000000001,0.20000000000004547,-0.004249814935969987,-0.013490824417319747,0.014144372395017896,0.0707218619750734
method2,3193,5.0,1107.4317,-2.0500348573583,3.04020154156162,638.6000000000001,0.20000000000004547,-0.004196149367929891,-0.013508868983199918,0.014145572124281124,0.07072786062138954
method2,3194,5.0,1107.6317,-2.05417726479368,3.02667484150145,638.8,0.1999999999998181,-0.004142407435379969,-0.013526700060169983,0.0141467718536242,0.07073385926818533
method2,3195,5.0,1107.8317,-2.05826585478134,3.01313052417552,639.0,0.20000000000004547,-0.00408858998765993,-0.013544317325929978,0.01414797158297542,0.07073985791486101
method2,3196,5.0,1108.0317,-2.06230055265682,2.99956880371382,639.2,0.20000000000004547,-0.004034697875479942,-0.013561720461700233,0.014149171312402049,0.07074585656199416
method2,3197,5.0,1108.2317,-2.06628128460767,2.98598989456182,639.4000000000001,0.20000000000004547,-0.003980731950850025,-0.013578909151999774,0.014150371041876657,0.07075185520936719
method2,3198,5.0,1108.4317,-2.07020797767479,2.97239401147709,639.6000000000001,0.20000000000004547,-0.003926693067120013,-0.013595883084730254,0.014151570771367488,0.07075785385682135
method2,3199,5.0,1108.6317,-2.07408055975379,2.95878136952582,639.8,0.1999999999998181,-0.0038725820789999865,-0.013612641951270099,0.014152770500932688,0.0707638525047278
method2,3200,5.0,1108.8317,-2.07789895959622,2.94515218407951,640.0,0.20000000000004547,-0.0038183998424301535,-0.013629185446309755,0.014153970230524447,0.07076985115260614
method2,3201,5.0,1109.0317,-2.08166310681093,2.93150667081151,640.2,0.20000000000004547,-0.0037641472147100785,-0.013645513268000009,0.014155169960165576,0.0707758498008118
method2,3202,5.0,1109.2317,-2.0853729318653,2.91784504569361,640.4000000000001,0.20000000000004547,-0.0037098250543698974,-0.013661625117900034,0.014156369689862855,0.07078184844929818
method2,3203,5.0,1109.4317,-2.08902836608651,2.90416752499266,640.6000000000001,0.20000000000004547,-0.003655434221209841,-0.013677520700949852,0.014157569419589781,0.07078784709793282
method2,3204,5.0,1109.6317,-2.09262934166279,2.89047432526707,640.8,0.1999999999998181,-0.003600975576280252,-0.013693199725590244,0.014158769149395425,0.0707938457470415
method2,3205,5.0,1109.8317,-2.09617579164465,2.8767656633635,641.0,0.20000000000004547,-0.0035464499818598227,-0.013708661903570007,0.014159968879211041,0.0707998443960391
method2,3206,5.0,1110.0317,-2.09966764994613,2.86304175641333,641.2,0.20000000000004547,-0.003491858301480022,-0.013723906950169784,0.014161168609070844,0.07080584304533812
method2,3207,5.0,1110.2317,-2.10310485134596,2.84930282182921,641.4000000000001,0.20000000000004547,-0.003437201399830059,-0.013738934584120344,0.014162368339007844,0.07081184169502312
method2,3208,5.0,1110.4317,-2.10648733148879,2.83554907730171,641.6000000000001,0.20000000000004547,-0.0033824801428301576,-0.0137537445275,0.014163568068971058,0.07081784034483919
method2,3209,5.0,1110.6317,-2.10981502688634,2.82178074079581,641.8,0.1999999999998181,-0.0033276953975498458,-0.013768336505899814,0.014164767798964016,0.0708238389948845
method2,3210,5.0,1110.8317,-2.11308787491859,2.8079980305474,642.0,0.20000000000004547,-0.003272848032250142,-0.013782710248409824,0.014165967529040323,0.07082983764518551
method2,3211,5.0,1111.0317,-2.11630581383493,2.79420116505995,642.2,0.20000000000004547,-0.003217938916340035,-0.013796865487450294,0.014167167259127448,0.07083583629562114
method2,3212,5.0,1111.2317,-2.11946878275527,2.7803903631009,642.4000000000001,0.20000000000004547,-0.003162968920339626,-0.013810801959049712,0.01416836698928729,0.07084183494642034
method2,3213,5.0,1111.4317,-2.12257672167122,2.76656584369832,642.6000000000001,0.20000000000004547,-0.0031079389159502924,-0.013824519402580115,0.014169566719472842,0.0708478335973481
method2,3214,5.0,1111.6317,-2.12562957144713,2.75272782613734,642.8,0.1999999999998181,-0.003052849775909916,-0.01383801756098002,0.014170766449711344,0.07085383224862116
method2,3215,5.0,1111.8317,-2.12862727382125,2.73887652995672,643.0,0.20000000000004547,-0.0029977023741198927,-0.013851296180619865,0.014171966179999813,0.07085983089998295
method2,3216,5.0,1112.0317,-2.13156977140676,2.72501217494536,643.2,0.20000000000004547,-0.0029424975855101287,-0.013864355011360185,0.014173165910330734,0.07086582955163756
method2,3217,5.0,1112.2317,-2.13445700769289,2.71113498113883,643.4000000000001,0.20000000000004547,-0.0028872362861300793,-0.013877193806529853,0.014174365640688712,0.07087182820342744
method2,3218,5.0,1112.4317,-2.13728892704594,2.6972451688158,643.6000000000001,0.20000000000004547,-0.0028319193530497166,-0.013889812323029993,0.014175565371129767,0.07087782685563272
method2,3219,5.0,1112.6317,-2.14006547471032,2.68334295849468,643.8,0.1999999999998181,-0.002776547664379958,-0.013902210321119934,0.014176765101574739,0.07088382550793816
method2,3220,5.0,1112.8317,-2.14278659680961,2.66942857092997,644.0,0.20000000000004547,-0.0027211220992899854,-0.013914387564710307,0.014177964832098053,0.07088982416047415
method2,3221,5.0,1113.0317,-2.14545224034753,2.65550222710886,644.2,0.20000000000004547,-0.0026656435379202037,-0.01392634382110991,0.014179164562661014,0.07089582281328895
method2,3222,5.0,1113.2317,-2.14806235320897,2.6415641482477,644.4000000000001,0.20000000000004547,-0.0026101128614399727,-0.01393807886115983,0.014180364293253008,0.07090182146624892
method2,3223,5.0,1113.4317,-2.15061688416097,2.62761455578844,644.6000000000001,0.20000000000004547,-0.002554530952000089,-0.013949592459260085,0.014181564023906966,0.07090782011951871
method2,3224,5.0,1113.6317,-2.15311578285368,2.61365367139516,644.8,0.1999999999998181,-0.0024988986927101386,-0.013960884393279915,0.014182763754605629,0.07091381877309264
method2,3225,5.0,1113.8317,-2.15555899982133,2.59968171695056,645.0,0.20000000000004547,-0.0024432169676495974,-0.013971954444599977,0.014183963485323414,0.07091981742660095
method2,3226,5.0,1114.0317,-2.15794648648316,2.58569891455234,645.2,0.20000000000004547,-0.002387486661830085,-0.013982802398220251,0.014185163216124464,0.07092581608060619
method2,3227,5.0,1114.2317,-2.16027819514436,2.5717054865098,645.4000000000001,0.20000000000004547,-0.002331708661200249,-0.01399342804253978,0.014186362946945032,0.07093181473470903
method2,3228,5.0,1114.4317,-2.162554078997,2.5577016553402,645.6000000000001,0.20000000000004547,-0.0022758838526399927,-0.014003831169600023,0.014187562677830487,0.07093781338913631
method2,3229,5.0,1114.6317,-2.16477409212087,2.54368764376529,645.8,0.1999999999998181,-0.0022200131238698795,-0.01401401157490989,0.014188762408746681,0.07094381204379793
method2,3230,5.0,1114.8317,-2.16693818948445,2.52966367470774,646.0,0.20000000000004547,-0.00216409736357992,-0.0140239690575501,0.014189962139702002,0.07094981069849388
method2,3231,5.0,1115.0317,-2.16904632694573,2.51562997128756,646.2,0.20000000000004547,-0.002108137461279913,-0.014033703420180288,0.014191161870728965,0.07095580935362869
method2,3232,5.0,1115.2317,-2.17109846125308,2.50158675681863,646.4000000000001,0.20000000000004547,-0.002052134307350073,-0.014043214468929754,0.014192361601782883,0.07096180800889827
method2,3233,5.0,1115.4317,-2.17309455004608,2.48753425480509,646.6000000000001,0.20000000000004547,-0.0019960887930001725,-0.014052502013540025,0.014193561332875105,0.07096780666435938
method2,3234,5.0,1115.6317,-2.17503455185638,2.47347268893777,646.8,0.1999999999998181,-0.0019400018102997407,-0.014061565867319992,0.014194761064031508,0.07097380532022209
method2,3235,5.0,1115.8317,-2.17691842610851,2.4594022830907,647.0,0.20000000000004547,-0.0018838742521301022,-0.014070405847069978,0.014195960795208606,0.07097980397602689
method2,3236,5.0,1116.0317,-2.17874613312066,2.44532326131744,647.2,0.20000000000004547,-0.0018277070121501815,-0.014079021773260258,0.014197160526464416,0.07098580263230594
method2,3237,5.0,1116.2317,-2.18051763410549,2.43123584784763,647.4000000000001,0.20000000000004547,-0.0017715009848298102,-0.014087413469809906,0.01419836025774225,0.0709918012886951
method2,3238,5.0,1116.4317,-2.18223289117087,2.41714026708335,647.6000000000001,0.20000000000004547,-0.0017152570653800048,-0.014095580764279969,0.014199559989051615,0.07099779994524194
method2,3239,5.0,1116.6317,-2.18389186732069,2.4030367435955,647.8,0.1999999999998181,-0.001658976149820024,-0.014103523487849934,0.014200759720451806,0.07100379860232361
method2,3240,5.0,1116.8317,-2.18549452645557,2.38892550212036,648.0,0.20000000000004547,-0.0016026591348801134,-0.01411124147514009,0.014201959451861864,0.07100979725929317
method2,3241,5.0,1117.0317,-2.18704083337359,2.37480676755589,648.2,0.20000000000004547,-0.001546306918019713,-0.014118734564469992,0.014203159183318171,0.07101579591657471
method2,3242,5.0,1117.2317,-2.18853075377102,2.36068076495817,648.4000000000001,0.20000000000004547,-0.0014899203974301223,-0.0141260025977199,0.014204358914835534,0.07102179457416152
method2,3243,5.0,1117.4317,-2.18996425424303,2.34654771953787,648.6000000000001,0.20000000000004547,-0.0014335004720100741,-0.014133045420300139,0.014205558646372195,0.07102779323184483
method2,3244,5.0,1117.6317,-2.19134130228434,2.33240785665655,648.8,0.1999999999998181,-0.0013770480413102248,-0.014139862881319853,0.014206758377990502,0.07103379189001711
method2,3245,5.0,1117.8317,-2.19266186628992,2.31826140182318,649.0,0.20000000000004547,-0.001320564005579783,-0.014146454833369848,0.014207958109644259,0.07103979054820514
method2,3246,5.0,1118.0317,-2.19392591555567,2.30410858069052,649.2,0.20000000000004547,-0.001264049265750078,-0.014152821132660254,0.014209157841311989,0.0710457892065438
method2,3247,5.0,1118.2317,-2.19513342027901,2.28994961905143,649.4000000000001,0.20000000000004547,-0.0012075047233399694,-0.014158961639089807,0.014210357573055825,0.07105178786526296
method2,3248,5.0,1118.4317,-2.19628435155956,2.27578474283537,649.6000000000001,0.20000000000004547,-0.0011509312805499938,-0.014164876216060218,0.01421155730484372,0.07105778652420244
method2,3249,5.0,1118.6317,-2.19737868139972,2.26161417810478,649.8,0.1999999999998181,-0.00109432984015978,-0.014170564730589863,0.01421275703665202,0.07106378518332473
method2,3250,5.0,1118.8317,-2.19841638270531,2.2474381510514,650.0,0.20000000000004547,-0.0010377013055902218,-0.014176027053379947,0.014213956768535065,0.07106978384265916
method2,3251,5.0,1119.0317,-2.19939742928612,2.23325688799276,650.2,0.20000000000004547,-0.0009810465808097746,-0.014181263058639981,0.014215156500442248,0.07107578250219508
method2,3252,5.0,1119.2317,-2.20032179585649,2.21907061536848,650.4000000000001,0.20000000000004547,-0.0009243665703699833,-0.014186272624280072,0.014216356232411166,0.07108178116203967
method2,3253,5.0,1119.4317,-2.20118945803589,2.20487955973672,650.6000000000001,0.20000000000004547,-0.0008676621794001527,-0.01419105563175993,0.014217555964414793,0.0710877798220578
method2,3254,5.0,1119.6317,-2.20200039234943,2.19068394777052,650.8,0.1999999999998181,-0.0008109343135398461,-0.014195611966200339,0.014218755696466783,0.07109377848239858
method2,3255,5.0,1119.8317,-2.20275457622843,2.1764840062542,651.0,0.20000000000004547,-0.0007541838790001698,-0.014199941516319647,0.014219955428560319,0.07109977714278543
method2,3256,5.0,1120.0317,-2.20345198801089,2.16227996207972,651.2,0.20000000000004547,-0.0006974117824598558,-0.014204044174479957,0.014221155160706595,0.0711057758035168
method2,3257,5.0,1120.2317,-2.20409260694203,2.14807204224309,651.4000000000001,0.20000000000004547,-0.0006406189311403132,-0.014207919836630278,0.014222354892880698,0.07111177446438732
method2,3258,5.0,1120.4317,-2.20467641317474,2.13386047384067,651.6000000000001,0.20000000000004547,-0.0005838062327097049,-0.014211568402419772,0.014223554625128233,0.07111777312562499
method2,3259,5.0,1120.6317,-2.20520338777008,2.11964548406565,651.8,0.1999999999998181,-0.0005269745953402349,-0.014214989775020115,0.014224754357389109,0.07112377178701024
method2,3260,5.0,1120.8317,-2.20567351269773,2.1054273002043,652.0,0.20000000000004547,-0.00047012492764997305,-0.014218183861350209,0.01422595408971776,0.07112977044857263
method2,3261,5.0,1121.0317,-2.20608677083642,2.09120614963241,652.2,0.20000000000004547,-0.00041325813868997585,-0.014221150571889662,0.01422715382209496,0.07113576911045862
method2,3262,5.0,1121.2317,-2.20644314597435,2.07698225981167,652.4000000000001,0.20000000000004547,-0.00035637513793007614,-0.014223889820740077,0.014228353554487174,0.07114176777241969
method2,3263,5.0,1121.4317,-2.20674262280964,2.06275585828594,652.6000000000001,0.20000000000004547,-0.00029947683528996905,-0.014226401525729848,0.014229553286950502,0.07114776643473633
method2,3264,5.0,1121.6317,-2.20698518695071,2.0485271726777,652.8,0.1999999999998181,-0.00024256414106993418,-0.014228685608240088,0.014230753019453032,0.07115376509732987
method2,3265,5.0,1121.8317,-2.20717082491664,2.03429643068437,653.0,0.20000000000004547,-0.0001856379659299634,-0.014230741993330298,0.014231952751998898,0.0711597637599783
method2,3266,5.0,1122.0317,-2.20729952413757,2.02006386007466,653.2,0.20000000000004547,-0.00012869922093017294,-0.01423257060970995,0.014233152484599028,0.07116576242297896
method2,3267,5.0,1122.2317,-2.20737127295504,2.00582968868497,653.4000000000001,0.20000000000004547,-7.17488174699632e-05,-0.014234171389690076,0.014234352217220138,0.07117176108608451
method2,3268,5.0,1122.4317,-2.20738606062233,1.99159414441566,653.6000000000001,0.20000000000004547,-1.4787667289795081e-05,-0.014235544269309841,0.01423555194990992,0.07117775974953341
method2,3269,5.0,1122.6317,-2.20734387730482,1.97735745522748,653.8,0.1999999999998181,4.218331750971416e-05,-0.014236689188179996,0.014236751682638752,0.0711837584132585
method2,3270,5.0,1122.8317,-2.20724471408022,1.9631198491379,654.0,0.20000000000004547,9.91632246001295e-05,-0.014237606089579913,0.014237951415395267,0.07118975707696015
method2,3271,5.0,1123.0317,-2.20708856293897,1.9488815542174,654.2,0.20000000000004547,0.000156151141250227,-0.014238294920499994,0.014239151148226837,0.071195755741118
method2,3272,5.0,1123.2317,-2.20687541678442,1.93464279858592,654.4000000000001,0.20000000000004547,0.00021314615454981478,-0.014238755631480027,0.014240350881077458,0.0712017544053711
method2,3273,5.0,1123.4317,-2.20660526943318,1.92040381040911,654.6000000000001,0.20000000000004547,0.00027014735124009093,-0.01423898817681013,0.014241550613985849,0.07120775306991305
method2,3274,5.0,1123.6317,-2.20627811561533,1.90616481789472,654.8,0.1999999999998181,0.0003271538178499789,-0.014238992514389981,0.014242750346944501,0.07121375173478728
method2,3275,5.0,1123.8317,-2.20589395097466,1.89192604928896,655.0,0.20000000000004547,0.00038416464066992617,-0.0142387686057599,0.01424395007992919,0.07121975039962976
method2,3276,5.0,1124.0317,-2.2054527720689,1.87768773287278,655.2,0.20000000000004547,0.00044117890575989804,-0.014238316416180119,0.01424514981297676,0.0712257490648676
method2,3277,5.0,1124.2317,-2.20495457636992,1.86345009695827,655.4000000000001,0.20000000000004547,0.0004981956989800196,-0.014237635914509994,0.014246349546063616,0.07123174773030189
method2,3278,5.0,1124.4317,-2.20439936226396,1.84921336988499,655.6000000000001,0.20000000000004547,0.0005552141059599336,-0.014236727073279942,0.014247549279174961,0.0712377463958586
method2,3279,5.0,1124.6317,-2.20378712905175,1.83497778001623,655.8,0.1999999999998181,0.0006122332122102669,-0.014235589868760057,0.014248749012375692,0.07124374506194325
method2,3280,5.0,1124.8317,-2.20311787694873,1.8207435557355,656.0,0.20000000000004547,0.000669252103020046,-0.014234224280729846,0.014249948745575046,0.07124974372785903
method2,3281,5.0,1125.0317,-2.20239160708514,1.8065109254427,656.2,0.20000000000004547,0.0007262698635899234,-0.014232630292799975,0.014251148478852026,0.07125574239424393
method2,3282,5.0,1125.2317,-2.20160832150623,1.79228011755058,656.4000000000001,0.20000000000004547,0.0007832855789100535,-0.014230807892120056,0.014252348212156303,0.07126174106076531
method2,3283,5.0,1125.4317,-2.20076802317231,1.77805136048101,656.6000000000001,0.20000000000004547,0.0008402983339199643,-0.014228757069570053,0.014253547945505653,0.07126773972751206
method2,3284,5.0,1125.6317,-2.19987071595891,1.76382488266132,656.8,0.1999999999998181,0.0008973072133997562,-0.014226477819689887,0.01425474767890851,0.07127373839460736
method2,3285,5.0,1125.8317,-2.19891640465684,1.74960091252065,657.0,0.20000000000004547,0.0009543113020700211,-0.014223970140670117,0.014255947412358593,0.07127973706177676
method2,3286,5.0,1126.0317,-2.19790509497225,1.7353796784863,657.2,0.20000000000004547,0.001011309684590067,-0.014221234034349939,0.01425714714583176,0.07128573572914258
method2,3287,5.0,1126.2317,-2.19683679352676,1.72116140897999,657.4000000000001,0.20000000000004547,0.001068301445489972,-0.01421826950631,0.014258346879372124,0.07129173439684441
method2,3288,5.0,1126.4317,-2.19571150785742,1.70694633241427,657.6000000000001,0.20000000000004547,0.0011252856693402258,-0.014215076565720075,0.014259546612950445,0.07129773306473601
method2,3289,5.0,1126.6317,-2.19452924641682,1.69273467718881,657.8,0.1999999999998181,0.0011822614405998522,-0.014211655225459863,0.014260746346572113,0.07130373173292541
method2,3290,5.0,1126.8317,-2.19329001857304,1.67852667168674,658.0,0.20000000000004547,0.0012392278437798332,-0.014208005502070131,0.014261946080239342,0.0713097304011805
method2,3291,5.0,1127.0317,-2.19199383460971,1.66432254427098,658.2,0.20000000000004547,0.0012961839633303107,-0.014204127415760048,0.014263145813947949,0.07131572906972353
method2,3292,5.0,1127.2317,-2.19064070572597,1.65012252328056,658.4000000000001,0.20000000000004547,0.0013531288837400623,-0.014200020990419837,0.014264345547706548,0.07132172773851653
method2,3293,5.0,1127.4317,-2.18923064403644,1.63592683702696,658.6000000000001,0.20000000000004547,0.0014100616895298401,-0.014195686253600126,0.014265545281514174,0.07132772640755465
method2,3294,5.0,1127.6317,-2.18776366257118,1.62173571379046,658.8,0.1999999999998181,0.00146698146525992,-0.014191123236499958,0.014266745015347587,0.07133372507680281
method2,3295,5.0,1127.8317,-2.18623977527566,1.6075493818164,659.0,0.20000000000004547,0.0015238872955198879,-0.014186331974060051,0.01426794474925122,0.07133972374623988
method2,3296,5.0,1128.0317,-2.18465899701064,1.59336806931162,659.2,0.20000000000004547,0.0015807782650201219,-0.014181312504780053,0.014269144483163352,0.07134572241580053
method2,3297,5.0,1128.2317,-2.18302134355214,1.57919200444064,659.4000000000001,0.20000000000004547,0.0016376534584998659,-0.014176064870979888,0.014270344217164721,0.07135172108580738
method2,3298,5.0,1128.4317,-2.18132683159131,1.56502141532214,659.6000000000001,0.20000000000004547,0.0016945119608302583,-0.014170589118499999,0.014271543951189984,0.07135771975593369
method2,3299,5.0,1128.6317,-2.17957547873431,1.55085653002522,659.8,0.1999999999998181,0.0017513528570001213,-0.01416488529692006,0.014272743685242322,0.07136371842627652
method2,3300,5.0,1128.8317,-2.17776730350219,1.53669757656569,660.0,0.20000000000004547,0.0018081752321199573,-0.014158953459529888,0.01427394341936332,0.07136971709680037
method2,3301,5.0,1129.0317,-2.17590232533074,1.52254478290247,660.2,0.20000000000004547,0.001864978171449927,-0.014152793663219976,0.01427514315352614,0.07137571576761448
method2,3302,5.0,1129.2317,-2.17398056457035,1.50839837693391,660.4000000000001,0.20000000000004547,0.0019217607603900788,-0.014146405968560094,0.014276342887710694,0.07138171443853723
method2,3303,5.0,1129.4317,-2.1720020424858,1.49425858649404,660.6000000000001,0.20000000000004547,0.0019785220845496276,-0.014139790439869904,0.0142775426219811,0.07138771310988927
method2,3304,5.0,1129.6317,-2.16996678125613,1.48012563934905,660.8,0.1999999999998181,0.0020352612296701267,-0.014132947144990027,0.01427874235624693,0.07139371178129958
method2,3305,5.0,1129.8317,-2.16787480397436,1.46599976319344,661.0,0.20000000000004547,0.002091977281770241,-0.014125876155610007,0.014279942090606465,0.07139971045301609
method2,3306,5.0,1130.0317,-2.16572613464733,1.45188118564653,661.2,0.20000000000004547,0.0021486693270298396,-0.01411857754691015,0.01428114182497444,0.07140570912485597
method2,3307,5.0,1130.2317,-2.16352079819546,1.43777013424866,661.4000000000001,0.20000000000004547,0.0022053364518699325,-0.014111051397869945,0.01428234155939682,0.07141170779696786
method2,3308,5.0,1130.4317,-2.16125882045247,1.42366683645757,661.6000000000001,0.20000000000004547,0.0022619777429899734,-0.014103297791089986,0.014283541293878968,0.0714177064693786
method2,3309,5.0,1130.6317,-2.15894022816515,1.40957151964477,661.8,0.1999999999998181,0.0023185922873198983,-0.014095316812799963,0.01428474102838482,0.07142370514198906
method2,3310,5.0,1130.8317,-2.15656504899308,1.39548441109182,662.0,0.20000000000004547,0.0023751791720703075,-0.014087108552949923,0.014285940762933026,0.07142970381464889
method2,3311,5.0,1131.0317,-2.15413331150833,1.38140573798666,662.2,0.20000000000004547,0.0024317374847497852,-0.014078673105160089,0.01428714049754867,0.0714357024877271
method2,3312,5.0,1131.2317,-2.15164504519514,1.36733572742002,662.4000000000001,0.20000000000004547,0.0024882663131902127,-0.014070010566640034,0.014288340232186503,0.07144170116091626
method2,3313,5.0,1131.4317,-2.14910028044962,1.35327460638166,662.6000000000001,0.20000000000004547,0.0025447647455196787,-0.01406112103835988,0.0142895399668935,0.07144769983445125
method2,3314,5.0,1131.6317,-2.14649904857944,1.3392226017568,662.8,0.1999999999998181,0.002601231870180243,-0.014052004624860004,0.014290739701622458,0.07145369850817727
method2,3315,5.0,1131.8317,-2.1438413818034,1.32517994032241,663.0,0.20000000000004547,0.0026576667760398465,-0.014042661434390036,0.014291939436387605,0.07145969718192177
method2,3316,5.0,1132.0317,-2.14112731325114,1.31114684874351,663.2,0.20000000000004547,0.002714068552259974,-0.014033091578899981,0.014293139171230375,0.07146569585613563
method2,3317,5.0,1132.2317,-2.13835687696272,1.29712355356961,663.4000000000001,0.20000000000004547,0.0027704362884199973,-0.014023295173900108,0.01429433890610281,0.0714716945304978
method2,3318,5.0,1132.4317,-2.13553010788827,1.283110281231,663.6000000000001,0.20000000000004547,0.0028267690744501195,-0.014013272338609939,0.014295538640999788,0.07147769320498269
method2,3319,5.0,1132.6317,-2.13264704188752,1.26910725803505,663.8,0.1999999999998181,0.0028830660007499453,-0.014003023195950037,0.01429673837597216,0.07148369187992581
method2,3320,5.0,1132.8317,-2.1297077157294,1.25511471016266,664.0,0.20000000000004547,0.0029393261581200925,-0.013992547872389904,0.014297938110963143,0.07148969055479946
method2,3321,5.0,1133.0317,-2.12671216709163,1.2411328636645,664.2,0.20000000000004547,0.0029955486377701845,-0.013981846498160033,0.01429913784601564,0.07149568923006194
method2,3322,5.0,1133.2317,-2.12366043456024,1.22716194445743,664.4000000000001,0.20000000000004547,0.0030517325313899057,-0.013970919207070054,0.01430033758110704,0.07150168790551895
method2,3323,5.0,1133.4317,-2.12055255762909,1.21320217832083,664.6000000000001,0.20000000000004547,0.003107876931149889,-0.013959766136599994,0.014301537316237635,0.07150768658117192
method2,3324,5.0,1133.6317,-2.11738857669942,1.19925379089293,664.8,0.1999999999998181,0.003163980929670185,-0.013948387427900055,0.014302737051421903,0.07151368525717455
method2,3325,5.0,1133.8317,-2.11416853307934,1.18531700766719,665.0,0.20000000000004547,0.003220043620079771,-0.01393678322573999,0.01430393678665017,0.07151968393323459
method2,3326,5.0,1134.0317,-2.1108924689833,1.17139205398867,665.2,0.20000000000004547,0.0032760640960400877,-0.01392495367851998,0.014305136521903246,0.07152568260949997
method2,3327,5.0,1134.2317,-2.10756042753157,1.15747915505031,665.4000000000001,0.20000000000004547,0.003332041451729939,-0.013912898938359897,0.014306336257234502,0.07153168128615625
method2,3328,5.0,1134.4317,-2.10417245274975,1.14357853588941,665.6000000000001,0.20000000000004547,0.00338797478182018,-0.01390061916090013,0.014307535992568158,0.07153767996282452
method2,3329,5.0,1134.6317,-2.10072858956811,1.12969042138385,665.8,0.1999999999998181,0.0034438631816398058,-0.013888114505560045,0.014308735727988046,0.0715436786400053
method2,3330,5.0,1134.8317,-2.09722888382113,1.11581503624858,666.0,0.20000000000004547,0.0034997057469801085,-0.01387538513526998,0.014309935463429482,0.07154967731713113
method2,3331,5.0,1135.0317,-2.09367338224686,1.10195260503191,666.2,0.20000000000004547,0.0035555015742700924,-0.013862431216669968,0.01431113519891218,0.07155567599454463
method2,3332,5.0,1135.2317,-2.09006213248629,1.08810335211189,666.4000000000001,0.20000000000004547,0.0036112497605698124,-0.013849252920020039,0.01431233493445074,0.07156167467223742
method2,3333,5.0,1135.4317,-2.0863951830828,1.07426750169269,666.6000000000001,0.20000000000004547,0.003666949403489994,-0.013835850419199991,0.014313534670032843,0.07156767335014794
method2,3334,5.0,1135.6317,-2.08267258348151,1.06044527780098,666.8,0.1999999999998181,0.0037225996012901774,-0.01382222389170984,0.014314734405642324,0.07157367202827672
method2,3335,5.0,1135.8317,-2.07889438402862,1.04663690428225,667.0,0.20000000000004547,0.003778199452889819,-0.013808373518729988,0.014315934141318914,0.0715796707065783
method2,3336,5.0,1136.0317,-2.07506063597074,1.03284260479727,667.2,0.20000000000004547,0.0038337480578798377,-0.01379429948498001,0.014317133877023614,0.0715856693851018
method2,3337,5.0,1136.2317,-2.07117139145427,1.01906260281839,667.4000000000001,0.20000000000004547,0.003889244516470214,-0.013780001978880074,0.01431833361277884,0.07159166806387793
method2,3338,5.0,1136.4317,-2.06722670352466,1.00529712162596,667.6000000000001,0.20000000000004547,0.003944687929609891,-0.01376548119242993,0.014319533348582002,0.07159766674289374
method2,3339,5.0,1136.6317,-2.06322662612575,0.991546384304715,667.8,0.1999999999998181,0.004000077398909951,-0.013750737321245099,0.014320733084418306,0.07160366542215665
method2,3340,5.0,1136.8317,-2.05917121409901,0.97781061374013,668.0,0.20000000000004547,0.00405541202673998,-0.01373577056458497,0.014321932820312563,0.07160966410154654
method2,3341,5.0,1137.0317,-2.05506052318284,0.964090032614847,668.2,0.20000000000004547,0.004110690916170334,-0.01372058112528296,0.014323132556244683,0.07161566278120714
method2,3342,5.0,1137.2317,-2.05089461001182,0.950384863405051,668.4000000000001,0.20000000000004547,0.004165913171019664,-0.013705169209796031,0.014324332292208817,0.0716216614610278
method2,3343,5.0,1137.4317,-2.04667353211596,0.936695328376822,668.6000000000001,0.20000000000004547,0.004221077895860237,-0.013689535028229005,0.014325532028236465,0.07162766014116605
method2,3344,5.0,1137.6317,-2.04239734791988,0.923021649582617,668.8,0.1999999999998181,0.004276184196080113,-0.013673678794205002,0.01432673176428933,0.0716336588215118
method2,3345,5.0,1137.8317,-2.03806611674207,0.909364048857569,669.0,0.20000000000004547,0.004331231177809869,-0.013657600725047958,0.014327931500410755,0.07163965750203749
method2,3346,5.0,1138.0317,-2.03367989879408,0.895722747815977,669.2,0.20000000000004547,0.004386217947990101,-0.013641301041592002,0.014329131236561746,0.07164565618279244
method2,3347,5.0,1138.2317,-2.02923875517969,0.882097967847674,669.4000000000001,0.20000000000004547,0.004441143614389631,-0.013624779968303025,0.01433033097274118,0.0716516548636896
method2,3348,5.0,1138.4317,-2.02474274789405,0.868489930114394,669.6000000000001,0.20000000000004547,0.004496007285640147,-0.01360803773328001,0.014331530708996225,0.07165765354496482
method2,3349,5.0,1138.6317,-2.0201919398229,0.854898855546261,669.8,0.1999999999998181,0.004550808071150048,-0.013591074568133021,0.01433273044527792,0.07166365222645478
method2,3350,5.0,1138.8317,-2.01558639474164,0.841324964838163,670.0,0.20000000000004547,0.004605545081259876,-0.013573890708098002,0.014333930181597312,0.07166965090797027
method2,3351,5.0,1139.0317,-2.01092617731452,0.827768478446136,670.2,0.20000000000004547,0.004660217427120195,-0.013556486392027,0.014335129917975909,0.07167564958986325
method2,3352,5.0,1139.2317,-2.00621135309368,0.814229616583864,670.4000000000001,0.20000000000004547,0.004714824220839908,-0.013538861862272045,0.014336329654381665,0.07168164827189202
method2,3353,5.0,1139.4317,-2.00144198851829,0.800708599219012,670.6000000000001,0.20000000000004547,0.0047693645753899006,-0.013521017364851895,0.01433752939085429,0.07168764695425515
method2,3354,5.0,1139.6317,-1.99661815091364,0.787205646069731,670.8,0.1999999999998181,0.004823837604650105,-0.013502953149281072,0.014338729127357001,0.07169364563685021
method2,3355,5.0,1139.8317,-1.99173990849017,0.773720976601059,671.0,0.20000000000004547,0.004878242423470125,-0.013484669468671995,0.01433992886389184,0.0716996443194429
method2,3356,5.0,1140.0317,-1.98680733034254,0.760254810021314,671.2,0.20000000000004547,0.004932578147629929,-0.013466166579744976,0.014341128600494342,0.07170564300245541
method2,3357,5.0,1140.2317,-1.98182048644867,0.746807365278603,671.4000000000001,0.20000000000004547,0.004986843893870052,-0.013447444742710979,0.014342328337131812,0.07171164168564276
method2,3358,5.0,1140.4317,-1.97677944766877,0.733378861057232,671.6000000000001,0.20000000000004547,0.005041038779900031,-0.013428504221370985,0.014343528073798104,0.07171764036897421
method2,3359,5.0,1140.6317,-1.97168428574433,0.719969515774109,671.8,0.1999999999998181,0.005095161924439928,-0.013409345283123097,0.014344727810532972,0.07172363905273009
method2,3360,5.0,1140.8317,-1.96653507329713,0.706579547575281,672.0,0.20000000000004547,0.005149212447199902,-0.013389968198827984,0.014345927547287527,0.07172963773642133
method2,3361,5.0,1141.0317,-1.9613318838282,0.693209174332288,672.2,0.20000000000004547,0.005203189468930169,-0.01337037324299295,0.01434712728411258,0.07173563642054659
method2,3362,5.0,1141.2317,-1.95607479171683,0.6798586136387,672.4000000000001,0.20000000000004547,0.005257092111369932,-0.013350560693587976,0.01434832702096674,0.07174163510481739
method2,3363,5.0,1141.4317,-1.95076387221948,0.666528082806547,672.6000000000001,0.20000000000004547,0.005310919497349964,-0.013330530832153076,0.014349526757852182,0.07174763378924459
method2,3364,5.0,1141.6317,-1.94539920146872,0.653217798862742,672.8,0.1999999999998181,0.00536467075075997,-0.013310283943804957,0.014350726494807557,0.07175363247410305
method2,3365,5.0,1141.8317,-1.93998085647218,0.639927978545623,673.0,0.20000000000004547,0.0054183449965399255,-0.013289820317119005,0.01435192623179336,0.07175963115895048
method2,3366,5.0,1142.0317,-1.93450891511144,0.626658838301387,673.2,0.20000000000004547,0.005471941360740029,-0.013269140244235977,0.01435312596881182,0.07176562984404278
method2,3367,5.0,1142.2317,-1.92898345614091,0.613410594280532,673.4000000000001,0.20000000000004547,0.005525458970530028,-0.013248244020855005,0.014354325705902424,0.0717716285294958
method2,3368,5.0,1142.4317,-1.92340455918678,0.60018346233442,673.6000000000001,0.20000000000004547,0.005578896954129942,-0.013227131946112025,0.014355525443001298,0.07177762721499018
method2,3369,5.0,1142.6317,-1.91777230474576,0.586977658011666,673.8,0.1999999999998181,0.0056322544410201125,-0.013205804322753978,0.014356725180181532,0.07178362590097295
method2,3370,5.0,1142.8317,-1.91208677418408,0.573793396554709,674.0,0.20000000000004547,0.0056855305616800855,-0.013184261456957058,0.014357924917382794,0.07178962458689765
method2,3371,5.0,1143.0317,-1.90634804973622,0.560630892896268,674.2,0.20000000000004547,0.005738724447859944,-0.01316250365844096,0.014359124654620737,0.07179562327308736
method2,3372,5.0,1143.2317,-1.90055621450376,0.54749036165581,674.4000000000001,0.20000000000004547,0.005791835232459963,-0.013140531240457998,0.014360324391928518,0.07180162195962626
method2,3373,5.0,1143.4317,-1.89471135245424,0.534372017136116,674.6000000000001,0.20000000000004547,0.00584486204951995,-0.013118344519693959,0.014361524129259508,0.07180762064628121
method2,3374,5.0,1143.6317,-1.88881354841987,0.521276073319753,674.8,0.1999999999998181,0.005897804034370013,-0.013095943816363032,0.014362723866633667,0.07181361933323364
method2,3375,5.0,1143.8317,-1.88286288809639,0.508202743865554,675.0,0.20000000000004547,0.005950660323480017,-0.013073329454199034,0.014363923604066799,0.07181961802031767
method2,3376,5.0,1144.0317,-1.87685945804179,0.49515224210521,675.2,0.20000000000004547,0.006003430054599912,-0.013050501760343947,0.014365123341524568,0.07182561670760651
method2,3377,5.0,1144.2317,-1.87080334567508,0.4821247810397,675.4000000000001,0.20000000000004547,0.006056112366709998,-0.013027461065510004,0.014366323079048334,0.07183161539522534
method2,3378,5.0,1144.4317,-1.86469463927503,0.469120573335897,675.6000000000001,0.20000000000004547,0.006108706400050012,-0.013004207703803006,0.014367522816604866,0.071837614083008
method2,3379,5.0,1144.6317,-1.8585334279789,0.456139831323063,675.8,0.1999999999998181,0.006161211296130009,-0.012980742012834001,0.014368722554190883,0.07184361277101975
method2,3380,5.0,1144.8317,-1.85231980178113,0.443182766989345,676.0,0.20000000000004547,0.006213626197770106,-0.012957064333718016,0.01436992229184704,0.07184961145921887
method2,3381,5.0,1145.0317,-1.84605385153207,0.430249591978391,676.2,0.20000000000004547,0.0062659502490600705,-0.012933175010953979,0.014371122029530625,0.07185561014763678
method2,3382,5.0,1145.2317,-1.83973566893663,0.417340517585854,676.4000000000001,0.20000000000004547,0.006318182595439925,-0.012909074392537023,0.014372321767250241,0.07186160883623487
method2,3383,5.0,1145.4317,-1.83336534655297,0.404455754755908,676.6000000000001,0.20000000000004547,0.0063703223836599765,-0.012884762829945995,0.014373521505035474,0.07186760752516103
method2,3384,5.0,1145.6317,-1.82694297779115,0.391595514077884,676.8,0.1999999999998181,0.006422368761820119,-0.012860240678023993,0.014374721242845228,0.07187360621429151
method2,3385,5.0,1145.8317,-1.82046865691178,0.37876000578274,677.0,0.20000000000004547,0.006474320879369833,-0.012835508295144016,0.014375920980714767,0.07187960490355749
method2,3386,5.0,1146.0317,-1.81394247902464,0.3659494397397,677.2,0.20000000000004547,0.006526177887140161,-0.012810566043039984,0.014377120718617005,0.07188560359306868
method2,3387,5.0,1146.2317,-1.80736454008728,0.353164025452794,677.4000000000001,0.20000000000004547,0.006577938937359917,-0.012785414286905994,0.014378320456557353,0.07189160228277042
method2,3388,5.0,1146.4317,-1.80073493690364,0.340403972057401,677.6000000000001,0.20000000000004547,0.0066296031836399205,-0.01276005339539299,0.014379520194561733,0.07189760097279231
method2,3389,5.0,1146.6317,-1.79405376712265,0.327669488316904,677.8,0.1999999999998181,0.006681169780990093,-0.012734483740497016,0.014380719932583282,0.07190359966298181
method2,3390,5.0,1146.8317,-1.78732112923675,0.314960782619189,678.0,0.20000000000004547,0.006732637885900061,-0.01270870569771504,0.014381919670676497,0.07190959835336613
method2,3391,5.0,1147.0317,-1.78053712258051,0.302278062973317,678.2,0.20000000000004547,0.006784006656239905,-0.012682719645871976,0.01438311940879635,0.0719155970439654
method2,3392,5.0,1147.2317,-1.77370184732913,0.289621537006082,678.4000000000001,0.20000000000004547,0.006835275251380057,-0.012656525967234988,0.01438431914695382,0.07192159573475275
method2,3393,5.0,1147.4317,-1.76681540449699,0.276991411958587,678.6000000000001,0.20000000000004547,0.006886442832140016,-0.012630125047495,0.01438551888517384,0.07192759442585285
method2,3394,5.0,1147.6317,-1.75987789593617,0.264387894682911,678.8,0.1999999999998181,0.006937508560819872,-0.01260351727567599,0.014386718623428768,0.07193359311720926
method2,3395,5.0,1147.8317,-1.75288942433496,0.251811191638699,679.0,0.20000000000004547,0.006988471601210078,-0.012576703044212045,0.014387918361709322,0.07193959180853025
method2,3396,5.0,1148.0317,-1.74585009321629,0.239261508889742,679.2,0.20000000000004547,0.007039331118670056,-0.012549682748956986,0.014389118100069414,0.07194559050033071
method2,3397,5.0,1148.2317,-1.73876000693633,0.226739052100682,679.4000000000001,0.20000000000004547,0.007090086279959884,-0.01252245678906,0.014390317838433947,0.07195158919215337
method2,3398,5.0,1148.4317,-1.7316192706828,0.214244026533556,679.6000000000001,0.20000000000004547,0.007140736253530067,-0.012495025567125978,0.014391517576878766,0.07195758788437748
method2,3399,5.0,1148.6317,-1.72442799047356,0.201776637044509,679.8,0.1999999999998181,0.007191280209239981,-0.01246738948904702,0.01439271731534413,0.0719635865767861
method2,3400,5.0,1148.8317,-1.71718627315494,0.189337088080404,680.0,0.20000000000004547,0.007241717318619889,-0.012439548964104985,0.014393917053851764,0.07196958526924245
method2,3401,5.0,1149.0317,-1.70989422640023,0.176925583675441,680.2,0.20000000000004547,0.00729204675471018,-0.012411504404962997,0.014395116792415931,0.07197558396206329
method2,3402,5.0,1149.2317,-1.70255195870803,0.164542327447876,680.4000000000001,0.20000000000004547,0.007342267692199922,-0.012383256227565004,0.014396316531024533,0.07198158265510629
method2,3403,5.0,1149.4317,-1.69515957940073,0.15218752259665,680.6000000000001,0.20000000000004547,0.007392379307300079,-0.012354804851226003,0.014397516269651373,0.0719875813482405
method2,3404,5.0,1149.6317,-1.68771719862278,0.139861371898025,680.8,0.1999999999998181,0.007442380777950008,-0.012326150698624999,0.01439871600835343,0.07199358004183262
method2,3405,5.0,1149.8317,-1.68022492733916,0.127564077702332,681.0,0.20000000000004547,0.007492271283619845,-0.012297294195693004,0.01439991574707225,0.07199957873534488
method2,3406,5.0,1150.0317,-1.67268287733366,0.115295841930569,681.2,0.20000000000004547,0.007542050005500123,-0.01226823577176299,0.014401115485858358,0.07200557742927542
method2,3407,5.0,1150.2317,-1.66509116120727,0.103056866071155,681.4000000000001,0.20000000000004547,0.007591716126389869,-0.012238975859414011,0.014402315224678528,0.07201157612337626
method2,3408,5.0,1150.4317,-1.65744989237648,0.0908473511766026,681.6000000000001,0.20000000000004547,0.007641268830790082,-0.012209514894552395,0.014403514963532368,0.07201757481764547
method2,3409,5.0,1150.6317,-1.64975918507162,0.0786674978601738,681.8,0.1999999999998181,0.0076907073048599894,-0.012179853316428804,0.014404714702441994,0.07202357351227548
method2,3410,5.0,1150.8317,-1.64201915433511,0.0665175062926577,682.0,0.20000000000004547,0.007740030736510084,-0.012149991567516102,0.014405914441396396,0.0720295722069656
method2,3411,5.0,1151.0317,-1.63422991601983,0.0543975761990465,682.2,0.20000000000004547,0.0077892383152800004,-0.012119930093611196,0.014407114180371041,0.07203557090183883
method2,3412,5.0,1151.2317,-1.62639158678729,0.042307906855227,682.4000000000001,0.20000000000004547,0.007838329232539909,-0.012089669343819498,0.01440831391942092,0.07204156959708823
method2,3413,5.0,1151.4317,-1.618504284106,0.0302486970847764,682.6000000000001,0.20000000000004547,0.00788730268129001,-0.0120592097704506,0.014409513658483267,0.07204756829239996
method2,3414,5.0,1151.6317,-1.61056812624961,0.0182201452556137,682.8,0.1999999999998181,0.007936157856389903,-0.012028551829162699,0.014410713397621662,0.07205356698817383
method2,3415,5.0,1151.8317,-1.60258323229524,0.00622244927681148,683.0,0.20000000000004547,0.007984893954370076,-0.01199769597880222,0.014411913136787314,0.07205956568392019
method2,3416,5.0,1152.0317,-1.59454972212166,-0.00574419340468912,683.2,0.20000000000004547,0.008033510173580005,-0.011966642681500599,0.014413112875979473,0.07206556437988099
method2,3417,5.0,1152.2317,-1.58646771640746,-0.017679585807358,683.4000000000001,0.20000000000004547,0.008082005714199925,-0.01193539240266888,0.014414312615246219,0.0720715630762147
method2,3418,5.0,1152.4317,-1.57833733662931,-0.0295835314182513,683.6000000000001,0.20000000000004547,0.00813037977815001,-0.0119039456108933,0.014415512354545587,0.07207756177271155
method2,3419,5.0,1152.6317,-1.57015870506014,-0.041455834196277,683.8,0.1999999999998181,0.008178631569170092,-0.011872302778025697,0.01441671209386323,0.0720835604693817
method2,3420,5.0,1152.8317,-1.56193194476722,-0.053296298575451,684.0,0.20000000000004547,0.008226760292920021,-0.011840464379174,0.014417911833259831,0.07208955916628276
method2,3421,5.0,1153.0317,-1.55365717961043,-0.0651047294680454,684.2,0.20000000000004547,0.008274765156790043,-0.011808430892594396,0.014419111572673409,0.07209555786335065
method2,3422,5.0,1153.2317,-1.54533453424032,-0.0768809322678785,684.4000000000001,0.20000000000004547,0.00832264537010996,-0.011776202799833102,0.014420311312153067,0.07210155656074894
method2,3423,5.0,1153.4317,-1.53696413409629,-0.0886247128534539,684.6000000000001,0.20000000000004547,0.0083704001440299,-0.011743780585575403,0.014421511051665616,0.07210755525831168
method2,3424,5.0,1153.6317,-1.52854610540469,-0.100335877591181,684.8,0.1999999999998181,0.008418028691600021,-0.011711164737727098,0.014422710791206477,0.07211355395609798
method2,3425,5.0,1153.8317,-1.5200805751769,-0.112014233338601,685.0,0.20000000000004547,0.008465530227790063,-0.011678355747420002,0.014423910530813934,0.07211955265405327
method2,3426,5.0,1154.0317,-1.51156767120745,-0.123659587447507,685.2,0.20000000000004547,0.008512903969450036,-0.011645354108906006,0.014425110270458669,0.07212555135227694
method2,3427,5.0,1154.2317,-1.50300752207211,-0.135271747767146,685.4000000000001,0.20000000000004547,0.008560149135339978,-0.011612160319639006,0.014426310010125959,0.07213155005061339
method2,3428,5.0,1154.4317,-1.49440025712589,-0.146850522647425,685.6000000000001,0.20000000000004547,0.008607264946219884,-0.011578774880279002,0.014427509749870407,0.07213754874933563
method2,3429,5.0,1154.6317,-1.48574600650119,-0.158395720941989,685.8,0.1999999999998181,0.008654250624700044,-0.01154519829456399,0.01442870948962257,0.07214354744817845
method2,3430,5.0,1154.8317,-1.47704490110573,-0.169907152011465,686.0,0.20000000000004547,0.008701105395459985,-0.011511431069475997,0.014429909229451173,0.07214954614723947
method2,3431,5.0,1155.0317,-1.46829707262067,-0.181384625726529,686.2,0.20000000000004547,0.00874782848505995,-0.011477473715063996,0.014431108969306938,0.07215554484651829
method2,3432,5.0,1155.2317,-1.45950265349858,-0.19282795247108,686.4000000000001,0.20000000000004547,0.008794419122090114,-0.011443326744551008,0.014432308709196205,0.07216154354596462
method2,3433,5.0,1155.4317,-1.45066177696142,-0.20423694314539,686.6000000000001,0.20000000000004547,0.008840876537159925,-0.011408990674310004,0.014433508449153918,0.07216754224575318
method2,3434,5.0,1155.6317,-1.4417745769986,-0.215611409169176,686.8,0.1999999999998181,0.00888719996282017,-0.011374466023786,0.014434708189132641,0.07217354094572885
method2,3435,5.0,1155.8317,-1.43284118836487,-0.226951162484738,687.0,0.20000000000004547,0.008933388633729944,-0.011339753315562001,0.014435907929155504,0.07217953964576111
method2,3436,5.0,1156.0317,-1.42386174657834,-0.238256015560095,687.2,0.20000000000004547,0.008979441786529874,-0.011304853075357002,0.014437107669235118,0.07218553834615918
method2,3437,5.0,1156.2317,-1.41483638791842,-0.249525781392017,687.4000000000001,0.20000000000004547,0.009025358659920046,-0.01126976583192199,0.014438307409338191,0.07219153704667454
method2,3438,5.0,1156.4317,-1.40576524942372,-0.260760273509188,687.6000000000001,0.20000000000004547,0.009071138494699982,-0.011234492117171008,0.014439507149511904,0.0721975357475431
method2,3439,5.0,1156.6317,-1.39664846889005,-0.271959305975227,687.8,0.1999999999998181,0.009116780533670044,-0.011199032466038983,0.014440706889709389,0.07220353444861262
method2,3440,5.0,1156.8317,-1.38748618486826,-0.283122693391785,688.0,0.20000000000004547,0.00916228402178998,-0.01116338741655798,0.014441906629947205,0.0722095331497196
method2,3441,5.0,1157.0317,-1.37827853666218,-0.294250250901642,688.2,0.20000000000004547,0.00920764820608011,-0.011127557509857,0.014443106370241314,0.07221553185119015
method2,3442,5.0,1157.2317,-1.36902566432649,-0.305341794191707,688.4000000000001,0.20000000000004547,0.009252872335689943,-0.011091543290065009,0.014444306110573896,0.07222153055285306
method2,3443,5.0,1157.4317,-1.35972770866463,-0.316397139496099,688.6000000000001,0.20000000000004547,0.00929795566185998,-0.011055345304392006,0.014445505850930124,0.0722275292546342
method2,3444,5.0,1157.6317,-1.35038481122658,-0.327416103599208,688.8,0.1999999999998181,0.009342897438050057,-0.011018964103108986,0.01444670559136327,0.07223352795688205
method2,3445,5.0,1157.8317,-1.34099711430682,-0.338398503838672,689.0,0.20000000000004547,0.009387696919759936,-0.010982400239464007,0.01444790533181365,0.07223952665905183
method2,3446,5.0,1158.0317,-1.33156476094209,-0.349344158108469,689.2,0.20000000000004547,0.009432353364730028,-0.010945654269797045,0.014449105072324036,0.07224552536160375
method2,3447,5.0,1158.2317,-1.32208789490925,-0.360252884861871,689.4000000000001,0.20000000000004547,0.009476866032839926,-0.010908726753401987,0.01445030481286756,0.07225152406432138
method2,3448,5.0,1158.4317,-1.31256666072309,-0.37112450311448,689.6000000000001,0.20000000000004547,0.009521234186160132,-0.010871618252608961,0.014451504553442341,0.07225752276719527
method2,3449,5.0,1158.6317,-1.30300120363409,-0.381958832447249,689.8,0.1999999999998181,0.009565457088999807,-0.01083432933276901,0.01445270429408959,0.07226352147051367
method2,3450,5.0,1158.8317,-1.29339166962629,-0.392755693009427,690.0,0.20000000000004547,0.00960953400780018,-0.01079686056217799,0.014453904034764539,0.07226952017380626
method2,3451,5.0,1159.0317,-1.28373820541501,-0.403514905521554,690.2,0.20000000000004547,0.009653464211279994,-0.010759212512127025,0.014455103775468872,0.07227551887732793
method2,3452,5.0,1159.2317,-1.27404095844462,-0.414236291278479,690.4000000000001,0.20000000000004547,0.009697246970389983,-0.010721385756924995,0.014456303516235811,0.07228151758116262
method2,3453,5.0,1159.4317,-1.2643000768863,-0.424919672152244,690.6000000000001,0.20000000000004547,0.00974088155831998,-0.010683380873765025,0.014457503257033929,0.0722875162851532
method2,3454,5.0,1159.6317,-1.25451570963579,-0.435564870595122,690.8,0.1999999999998181,0.009784367250510018,-0.010645198442877979,0.014458702997886937,0.07229351498950043
method2,3455,5.0,1159.8317,-1.24468800631111,-0.446171709642499,691.0,0.20000000000004547,0.00982770332467986,-0.010606839047377026,0.014459902738776825,0.07229951369386768
method2,3456,5.0,1160.0317,-1.23481711725029,-0.456740012915831,691.2,0.20000000000004547,0.00987088906082012,-0.01056830327333197,0.014461102479691427,0.0723055123984407
method2,3457,5.0,1160.2317,-1.22490319350903,-0.467269604625614,691.4000000000001,0.20000000000004547,0.009913923741259989,-0.010529591709783015,0.014462302220678756,0.07231151110337734
method2,3458,5.0,1160.4317,-1.21494638685845,-0.477760309574235,691.6000000000001,0.20000000000004547,0.009956806650579964,-0.010490704948620977,0.01446350196169842,0.07231750980847566
method2,3459,5.0,1160.6317,-1.20494684978276,-0.488211953158921,691.8,0.1999999999998181,0.009999537075690013,-0.010451643584686032,0.014464701702745476,0.07232350851379316
method2,3460,5.0,1160.8317,-1.19490473547688,-0.498624361374659,692.0,0.20000000000004547,0.010042114305879979,-0.010412408215737967,0.014465901443861937,0.07232950721929324
method2,3461,5.0,1161.0317,-1.18482019784418,-0.508997360817033,692.2,0.20000000000004547,0.010084537632700119,-0.010372999442373965,0.014467101184993333,0.07233550592495022
method2,3462,5.0,1161.2317,-1.17469339149403,-0.519330778685174,692.4000000000001,0.20000000000004547,0.010126806350149842,-0.010333417868141015,0.014468300926199011,0.0723415046309786
method2,3463,5.0,1161.4317,-1.16452447173954,-0.529624442784575,692.6000000000001,0.20000000000004547,0.01016891975449008,-0.010293664099401023,0.014469500667423049,0.0723475033370988
method2,3464,5.0,1161.6317,-1.15431359459509,-0.539878181529979,692.8,0.1999999999998181,0.010210877144450015,-0.010253738745404029,0.014470700408689672,0.07235350204351416
method2,3465,5.0,1161.8317,-1.14406091677398,-0.550091823948264,693.0,0.20000000000004547,0.010252677821110057,-0.01021364241828493,0.014471900150017319,0.07235950075007014
method2,3466,5.0,1162.0317,-1.13376659568604,-0.560265199681235,693.2,0.20000000000004547,0.010294321087939817,-0.010173375732971057,0.014473099891378034,0.07236549945687372
method2,3467,5.0,1162.2317,-1.12343078943522,-0.570398138988489,693.4000000000001,0.20000000000004547,0.01033580625082009,-0.010132939307254007,0.014474299632762373,0.07237149816379541
method2,3468,5.0,1162.4317,-1.1130536568171,-0.580490472750265,693.6000000000001,0.20000000000004547,0.010377132618120122,-0.010092333761775985,0.01447549937422319,0.0723774968710995
method2,3469,5.0,1162.6317,-1.10263535731656,-0.590542032470204,693.8,0.1999999999998181,0.010418299500539963,-0.010051559719938985,0.014476699115697995,0.0723834955785558
method2,3470,5.0,1162.8317,-1.09217605110523,-0.600552650278225,694.0,0.20000000000004547,0.010459306211329844,-0.010010617808021038,0.014477898857245515,0.07238949428621112
method2,3471,5.0,1163.0317,-1.08167589903913,-0.610522158933263,694.2,0.20000000000004547,0.01050015206610011,-0.009969508655037984,0.01447909859881145,0.07239549299404079
method2,3472,5.0,1163.2317,-1.07113506265612,-0.620450391826087,694.4000000000001,0.20000000000004547,0.010540836383009955,-0.009928232892823963,0.01448029834041889,0.07240149170207799
method2,3473,5.0,1163.4317,-1.06055370417344,-0.630337182982098,694.6000000000001,0.20000000000004547,0.010581358482679937,-0.009886791156010988,0.014481498082089426,0.07240749041043067
method2,3474,5.0,1163.6317,-1.04993198648526,-0.640182367064057,694.8,0.1999999999998181,0.010621717688179988,-0.009845184081959002,0.014482697823784578,0.07241348911898875
method2,3475,5.0,1163.8317,-1.03927007316011,-0.649985779374862,695.0,0.20000000000004547,0.010661913325149985,-0.00980341231080506,0.014483897565526174,0.0724194878276144
method2,3476,5.0,1164.0317,-1.02856812843842,-0.659747255860325,695.2,0.20000000000004547,0.01070194472169006,-0.009761476485462994,0.014485097307314048,0.07242548653655377
method2,3477,5.0,1164.2317,-1.01782631722996,-0.669466633111859,695.4000000000001,0.20000000000004547,0.010741811208460073,-0.009719377251534045,0.01448629704913702,0.07243148524566863
method2,3478,5.0,1164.4317,-1.0070448051113,-0.679143748369267,695.6000000000001,0.20000000000004547,0.010781512118660075,-0.009677115257407998,0.01448749679102545,0.07243748395511078
method2,3479,5.0,1164.6317,-0.996223758323317,-0.688778439523408,695.8,0.1999999999998181,0.010821046787982902,-0.00963469115414095,0.014488696532932041,0.0724434826647261
method2,3480,5.0,1164.8317,-0.985363343768566,-0.698370545118934,696.0,0.20000000000004547,0.010860414554750952,-0.009592105595526035,0.014489896274879548,0.07244948137438127
method2,3481,5.0,1165.0317,-0.974463729008725,-0.707919904357009,696.2,0.20000000000004547,0.010899614759841025,-0.009549359238074984,0.014491096016890937,0.07245548008443821
method2,3482,5.0,1165.2317,-0.963525082262049,-0.717426357097956,696.4000000000001,0.20000000000004547,0.010938646746675995,-0.009506452740946969,0.014492295758934244,0.07246147879465474
method2,3483,5.0,1165.4317,-0.952547572400757,-0.726889743863955,696.6000000000001,0.20000000000004547,0.010977509861291979,-0.009463386765999005,0.014493495501004847,0.07246747750500776
method2,3484,5.0,1165.6317,-0.941531368948394,-0.736309905841745,696.8,0.1999999999998181,0.011016203452363094,-0.009420161977790054,0.014494695243145264,0.07247347621579224
method2,3485,5.0,1165.8317,-0.930476642077286,-0.745686684885218,697.0,0.20000000000004547,0.011054726871107978,-0.009376779043473005,0.014495894985302262,0.07247947492649483
method2,3486,5.0,1166.0317,-0.919383562605838,-0.75501992351814,697.2,0.20000000000004547,0.011093079471447997,-0.009333238632921903,0.014497094727528232,0.07248547363762468
method2,3487,5.0,1166.2317,-0.908252301995967,-0.764309464936728,697.4000000000001,0.20000000000004547,0.011131260609871019,-0.009289541418588065,0.014498294469782621,0.07249147234889662
method2,3488,5.0,1166.4317,-0.897083032350422,-0.773555153012305,697.6000000000001,0.20000000000004547,0.011169269645544988,-0.009245688075577019,0.014499494212066838,0.0724974710603177
method2,3489,5.0,1166.6317,-0.8858759264101,-0.782756832293944,697.8,0.1999999999998181,0.011207105940321926,-0.009201679281638953,0.014500693954419648,0.07250346977216418
method2,3490,5.0,1166.8317,-0.874631157551435,-0.791914348011023,698.0,0.20000000000004547,0.0112447688586651,-0.009157515717079012,0.014501893696802274,0.07250946848399488
method2,3491,5.0,1167.0317,-0.863348899783692,-0.801027546075852,698.2,0.20000000000004547,0.011282257767742943,-0.00911319806482902,0.014503093439214937,0.0725154671960582
method2,3492,5.0,1167.2317,-0.852029327746242,-0.810096273086272,698.4000000000001,0.20000000000004547,0.011319572037450043,-0.009068727010419941,0.014504293181694208,0.07252146590845455
method2,3493,5.0,1167.4317,-0.840672616705939,-0.819120376328192,698.6000000000001,0.20000000000004547,0.011356711040303002,-0.009024103241920045,0.01450549292419158,0.07252746462094141
method2,3494,5.0,1167.6317,-0.829278942554323,-0.828099703778204,698.8,0.1999999999998181,0.011393674151615962,-0.008979327450011954,0.014506692666756952,0.07253346333385073
method2,3495,5.0,1167.8317,-0.817848481804972,-0.837034104106087,699.0,0.20000000000004547,0.011430460749350946,-0.008934400327883063,0.01450789240935187,0.07253946204674286
method2,3496,5.0,1168.0317,-0.80638141159074,-0.845923426677375,699.2,0.20000000000004547,0.0114670702142321,-0.008889322571287939,0.01450909215197623,0.07254546075986465
method2,3497,5.0,1168.2317,-0.794877909660984,-0.854767521555914,699.4000000000001,0.20000000000004547,0.01150350192975591,-0.008844094878538988,0.014510291894669021,0.07255145947332861
method2,3498,5.0,1168.4317,-0.783338154378874,-0.863566239506335,699.6000000000001,0.20000000000004547,0.011539755282110042,-0.008798717950421087,0.014511491637390309,0.07255745818693504
method2,3499,5.0,1168.6317,-0.771762324718595,-0.872319431996591,699.8,0.1999999999998181,0.011575829660279036,-0.008753192490255968,0.014512691380142738,0.07256345690077969
method2,3500,5.0,1168.8317,-0.76015060026255,-0.88102695120048,700.0,0.20000000000004547,0.01161172445604497,-0.008707519203889014,0.014513891122962471,0.07256945561479586
method2,3501,5.0,1169.0317,-0.748503161198645,-0.88968865000008,700.2,0.20000000000004547,0.011647439063904974,-0.008661698799599993,0.014515090865797966,0.07257545432897333
method2,3502,5.0,1169.2317,-0.736820188317411,-0.898304381988291,700.4000000000001,0.20000000000004547,0.011682972881233988,-0.008615731988210973,0.014516290608703403,0.07258145304350051
method2,3503,5.0,1169.4317,-0.725101863009277,-0.906874001471246,700.6000000000001,0.20000000000004547,0.011718325308133992,-0.008569619482954982,0.014517490351637753,0.07258745175817226
method2,3504,5.0,1169.6317,-0.713348367261726,-0.915397363470795,700.8,0.1999999999998181,0.011753495747551024,-0.008523361999549062,0.014518690094600717,0.0725934504730696
method2,3505,5.0,1169.8317,-0.701559883656433,-0.923874323726967,701.0,0.20000000000004547,0.011788483605293054,-0.00847696025617195,0.014519889837632445,0.07259944918814572
method2,3506,5.0,1170.0317,-0.689736595366502,-0.932304738700366,701.2,0.20000000000004547,0.011823288289930955,-0.008430414973399025,0.014521089580693624,0.07260544790345161
method2,3507,5.0,1170.2317,-0.677878686153587,-0.940688465574611,701.4000000000001,0.20000000000004547,0.011857909212914963,-0.008383726874245045,0.01452228932378336,0.07261144661890029
method2,3508,5.0,1170.4317,-0.665986340365004,-0.949025362258773,701.6000000000001,0.20000000000004547,0.011892345788583003,-0.008336896684161932,0.01452348906694318,0.0726174453346994
method2,3509,5.0,1170.6317,-0.654059742930951,-0.957315287389725,701.8,0.1999999999998181,0.011926597434052999,-0.008289925130952058,0.014524688810117415,0.07262344405065313
method2,3510,5.0,1170.8317,-0.642099079361537,-0.965558100334585,702.0,0.20000000000004547,0.011960663569414054,-0.008242812944859956,0.014525888553360839,0.07262944276678768
method2,3511,5.0,1171.0317,-0.630104535743984,-0.973753661193051,702.2,0.20000000000004547,0.011994543617553033,-0.008195560858465956,0.01452708829663403,0.07263544148315364
method2,3512,5.0,1171.2317,-0.618076298739697,-0.981901830799781,702.4000000000001,0.20000000000004547,0.012028237004286901,-0.008148169606730038,0.014528288039935602,0.0726414401996615
method2,3513,5.0,1171.4317,-0.60601455558133,-0.990002470726776,702.6000000000001,0.20000000000004547,0.012061743158367055,-0.008100639926995057,0.01452948778330609,0.07264743891651393
method2,3514,5.0,1171.6317,-0.59391949406994,-0.998055443285677,702.8,0.1999999999998181,0.012095061511389948,-0.008052972558900917,0.014530687526704222,0.07265343763358718
method2,3515,5.0,1171.8317,-0.581791302572029,-1.00606061153012,703.0,0.20000000000004547,0.012128191497911,-0.008005168244443084,0.014531887270132555,0.07265943635064626
method2,3516,5.0,1172.0317,-0.569630170016583,-1.01401783925808,703.2,0.20000000000004547,0.012161132555446041,-0.007957227727960037,0.01453308701363016,0.07266543506813428
method2,3517,5.0,1172.2317,-0.557436285892211,-1.02192699101414,703.4000000000001,0.20000000000004547,0.012193884124372056,-0.007909151756059885,0.014534286757147666,0.0726714337857218
method2,3518,5.0,1172.4317,-0.545209840244097,-1.0297879320918,703.6000000000001,0.20000000000004547,0.012226445648113926,-0.00786094107766,0.014535486500723886,0.07267743250360291
method2,3519,5.0,1172.6317,-0.532951023671126,-1.03760052853578,703.8,0.1999999999998181,0.01225881657297101,-0.007812596443980135,0.014536686244335045,0.07268343122174133
method2,3520,5.0,1172.8317,-0.52066002732288,-1.04536464714427,704.0,0.20000000000004547,0.012290996348246042,-0.007764118608489801,0.014537885987972773,0.07268942993984734
method2,3521,5.0,1173.0317,-0.508337042896622,-1.05308015547124,704.2,0.20000000000004547,0.01232298442625801,-0.007715508326969989,0.01453908573168687,0.07269542865841781
method2,3522,5.0,1173.2317,-0.49598226263439,-1.06074692182859,704.4000000000001,0.20000000000004547,0.012354780262231968,-0.0076667663573501965,0.01454028547540362,0.07270142737700157
method2,3523,5.0,1173.4317,-0.483595879319912,-1.06836481528854,704.6000000000001,0.20000000000004547,0.012386383314478,-0.007617893459950009,0.01454148521920399,0.07270742609600342
method2,3524,5.0,1173.6317,-0.471178086275673,-1.07593370568569,704.8,0.1999999999998181,0.012417793044239012,-0.007568890397149808,0.014542684963018946,0.07271342481516087
method2,3525,5.0,1173.8317,-0.458729077359868,-1.08345346361936,705.0,0.20000000000004547,0.012449008915804971,-0.0075197579336701015,0.014543884706872028,0.0727194235343436
method2,3526,5.0,1174.0317,-0.446249046963349,-1.09092396045575,705.2,0.20000000000004547,0.012480030396519015,-0.007470496836389895,0.014545084450787832,0.07272542225392263
method2,3527,5.0,1174.2317,-0.433738190006649,-1.09834506833012,705.4000000000001,0.20000000000004547,0.012510856956700012,-0.007421107874370003,0.014546284194736659,0.07273142097366675
method2,3528,5.0,1174.4317,-0.421196701936914,-1.10571666014898,705.6000000000001,0.20000000000004547,0.012541488069734985,-0.007371591818860157,0.01454748393871569,0.07273741969356191
method2,3529,5.0,1174.6317,-0.408624778724816,-1.11303860959227,705.8,0.1999999999998181,0.01257192321209799,-0.007321949443289899,0.014548683682759122,0.07274341841386177
method2,3530,5.0,1174.8317,-0.396022616861567,-1.12031079111548,706.0,0.20000000000004547,0.012602161863249028,-0.007272181523209964,0.01454988342681977,0.07274941713408231
method2,3531,5.0,1175.0317,-0.383390413355764,-1.12753307995185,706.2,0.20000000000004547,0.012632203505802964,-0.007222288836369994,0.01455108317095244,0.07275541585474567
method2,3532,5.0,1175.2317,-0.37072836573039,-1.13470535211442,706.4000000000001,0.20000000000004547,0.01266204762537404,-0.0071722721625699926,0.014552282915103623,0.07276141457550157
method2,3533,5.0,1175.4317,-0.358036672019689,-1.14182748439824,706.6000000000001,0.20000000000004547,0.012691693710701002,-0.007122132283819971,0.014553482659297672,0.07276741329647181
method2,3534,5.0,1175.6317,-0.345315530766041,-1.1488993543824,706.8,0.1999999999998181,0.012721141253647983,-0.007071869984160095,0.014554682403547289,0.07277341201780263
method2,3535,5.0,1175.8317,-0.332565141016925,-1.15592084043219,707.0,0.20000000000004547,0.012750389749115965,-0.007021486049789916,0.014555882147838236,0.07277941073917463
method2,3536,5.0,1176.0317,-0.319785702321769,-1.16289182170109,707.2,0.20000000000004547,0.01277943869515602,-0.006970981268900056,0.014557081892144677,0.07278540946070683
method2,3537,5.0,1176.2317,-0.306977414728796,-1.16981217813297,707.4000000000001,0.20000000000004547,0.012808287592972978,-0.006920356431880048,0.014558281636531459,0.07279140818264074
method2,3538,5.0,1176.4317,-0.294140478781976,-1.17668179046401,707.6000000000001,0.20000000000004547,0.012836935946820005,-0.006869612331039887,0.014559481380926139,0.07279740690461414
method2,3539,5.0,1176.6317,-0.281275095517794,-1.18350054022485,707.8,0.1999999999998181,0.012865383264182018,-0.0068187497608400705,0.014560681125388717,0.0728034056270098
method2,3540,5.0,1176.8317,-0.268381466462182,-1.19026830974258,708.0,0.20000000000004547,0.012893629055612033,-0.006767769517729949,0.014561880869888941,0.07280940434942815
method2,3541,5.0,1177.0317,-0.255459793627332,-1.19698498214272,708.2,0.20000000000004547,0.012921672834849962,-0.006716672400140178,0.014563080614406565,0.07281540307201627
method2,3542,5.0,1177.2317,-0.242510279508496,-1.20365044135133,708.4000000000001,0.20000000000004547,0.01294951411883602,-0.006665459208609947,0.014564280359000802,0.07282140179498746
method2,3543,5.0,1177.4317,-0.229533127080885,-1.2102645720969,708.6000000000001,0.20000000000004547,0.012977152427610994,-0.006614130745570046,0.014565480103619821,0.07282740051808255
method2,3544,5.0,1177.6317,-0.216528539796452,-1.21682725991239,708.8,0.1999999999998181,0.013004587284432989,-0.006562687815489854,0.014566679848270682,0.07283339924141966
method2,3545,5.0,1177.8317,-0.20349672158067,-1.22333839113719,709.0,0.20000000000004547,0.013031818215782004,-0.006511131224800071,0.014567879592986555,0.07283939796491622
method2,3546,5.0,1178.0317,-0.190437876829419,-1.22979785291907,709.2,0.20000000000004547,0.013058844751250992,-0.00645946178188006,0.014569079337722226,0.07284539668859456
method2,3547,5.0,1178.2317,-0.177352210405682,-1.23620553321612,709.4000000000001,0.20000000000004547,0.013085666423737013,-0.006407680297049856,0.014570279082519975,0.07285139541258331
method2,3548,5.0,1178.4317,-0.164239927636423,-1.2425613207987,709.6000000000001,0.20000000000004547,0.013112282769258993,-0.006355787582580152,0.01457147882734921,0.07285739413672948
method2,3549,5.0,1178.6317,-0.151101234309325,-1.24886510525134,709.8,0.1999999999998181,0.013138693327097994,-0.0063037844526399045,0.014572678572207443,0.07286339286110348
method2,3550,5.0,1178.8317,-0.137936336669527,-1.25511677697468,710.0,0.20000000000004547,0.013164897639798001,-0.006251671723340069,0.01457387831713881,0.07286939158567748
method2,3551,5.0,1179.0317,-0.124745441416461,-1.26131622718729,710.2,0.20000000000004547,0.013190895253066007,-0.006199450212609925,0.014575078062089018,0.07287539031042851
method2,3552,5.0,1179.2317,-0.111528755700569,-1.26746334792764,710.4000000000001,0.20000000000004547,0.013216685715892004,-0.006147120740350065,0.014576277807077693,0.07288138903537189
method2,3553,5.0,1179.4317,-0.0982864871200191,-1.2735580320559,710.6000000000001,0.20000000000004547,0.013242268580549901,-0.006094684128259864,0.014577477552124091,0.07288738776060388
method2,3554,5.0,1179.6317,-0.0850188437175268,-1.27960017325585,710.8,0.1999999999998181,0.013267643402492299,-0.006042141199950057,0.014578677297197827,0.07289338648605544
method2,3555,5.0,1179.8317,-0.0717260339769921,-1.28558966603666,711.0,0.20000000000004547,0.013292809740534692,-0.005989492780809957,0.014579877042328875,0.0728993852116278
method2,3556,5.0,1180.0317,-0.0584082668203092,-1.29152640573478,711.2,0.20000000000004547,0.013317767156682904,-0.0059367396981200304,0.014581076787496051,0.07290538393746368
method2,3557,5.0,1180.2317,-0.0450657516040474,-1.29741028851571,711.4000000000001,0.20000000000004547,0.013342515216261806,-0.005883882780929994,0.014582276532692087,0.07291138266344385
method2,3558,5.0,1180.4317,-0.0316986981161256,-1.30324121137582,711.6000000000001,0.20000000000004547,0.013367053487921797,-0.00583092286011011,0.014583476277949538,0.07291738138973111
method2,3559,5.0,1180.6317,-0.0183073165725864,-1.30901907214415,711.8,0.1999999999998181,0.0133913815435392,-0.005777860768329868,0.014584676023239177,0.0729233801162622
method2,3560,5.0,1180.8317,-0.00489181761425539,-1.31474376948417,712.0,0.20000000000004547,0.01341549895833101,-0.005724697340020013,0.014585875768558177,0.0729293788427743
method2,3561,5.0,1181.0317,0.00854758769660768,-1.32041520289557,712.2,0.20000000000004547,0.01343940531086307,-0.005671433411400084,0.014587075513947258,0.07293537756971971
method2,3562,5.0,1181.2317,0.0220106878795445,-1.32603327271595,712.4000000000001,0.20000000000004547,0.01346310018293682,-0.005618069820380045,0.014588275259346408,0.07294137629671546
method2,3563,5.0,1181.4317,0.0354972710393193,-1.33159788012265,712.6000000000001,0.20000000000004547,0.013486583159774801,-0.005564607406699951,0.014589475004818412,0.07294737502407547
method2,3564,5.0,1181.6317,0.0490071248691726,-1.33710892713439,712.8,0.1999999999998181,0.0135098538298533,-0.005511047011739878,0.014590674750319428,0.07295337375166348
method2,3565,5.0,1181.8317,0.0625400366541944,-1.342566316613,713.0,0.20000000000004547,0.0135329117850218,-0.005457389478610075,0.01459187449584274,0.07295937247919711
method2,3566,5.0,1182.0317,0.0760957932747113,-1.34796995226518,713.2,0.20000000000004547,0.013555756620516904,-0.00540363565218005,0.01459307424144067,0.07296537120718677
method2,3567,5.0,1182.2317,0.0896741812095687,-1.35331973864409,713.4000000000001,0.20000000000004547,0.013578387934857397,-0.0053497863789100375,0.014594273987062607,0.07297136993529645
method2,3568,5.0,1182.4317,0.103274986539529,-1.35861558115108,713.6000000000001,0.20000000000004547,0.013600805329960303,-0.005295842506990001,0.01459547373271312,0.07297736866354901
method2,3569,5.0,1182.6317,0.11689799495068,-1.36385738603736,713.8,0.1999999999998181,0.013623008411150994,-0.005241804886279899,0.014596673478437426,0.07298336739225351
method2,3570,5.0,1182.8317,0.130542991737721,-1.36904506040558,714.0,0.20000000000004547,0.013644996787040994,-0.0051876743682199855,0.01459787322417364,0.0729893661208516
method2,3571,5.0,1183.0317,0.144209761807447,-1.37417851221152,714.2,0.20000000000004547,0.013666770069725998,-0.005133451805940048,0.01459907296997544,0.0729953648498606
method2,3572,5.0,1183.2317,0.157898089682054,-1.37925765026568,714.4000000000001,0.20000000000004547,0.013688327874606998,-0.005079138054159937,0.014600272715807694,0.07300136357902187
method2,3573,5.0,1183.4317,0.17160775950257,-1.38428238423489,714.6000000000001,0.20000000000004547,0.013709669820516024,-0.0050247339692099935,0.014601472461669771,0.07300736230833225
method2,3574,5.0,1183.6317,0.185338555032294,-1.3892526246439,714.8,0.1999999999998181,0.013730795529723977,-0.004970240409010174,0.014602672207594251,0.07301336103803767
method2,3575,5.0,1183.8317,0.199090259660137,-1.39416828287698,715.0,0.20000000000004547,0.013751704627843003,-0.004915658233079823,0.014603871953556842,0.0730193597677676
method2,3576,5.0,1184.0317,0.212862656404069,-1.39902927117942,715.2,0.20000000000004547,0.01377239674393202,-0.0048609883024401945,0.014605071699540872,0.07302535849768775
method2,3577,5.0,1184.2317,0.226655527914585,-1.40383550265915,715.4000000000001,0.20000000000004547,0.013792871510515975,-0.004806231479729917,0.014606271445593158,0.07303135722794919
method2,3578,5.0,1184.4317,0.240468656478043,-1.40858689128824,715.6000000000001,0.20000000000004547,0.01381312856345801,-0.00475138862908997,0.01460747119166302,0.0730373559582985
method2,3579,5.0,1184.6317,0.254301824020202,-1.41328335190443,715.8,0.1999999999998181,0.01383316754215902,-0.004696460616190112,0.014608670937798093,0.0730433546890569
method2,3580,5.0,1184.8317,0.268154812109579,-1.41792480021263,716.0,0.20000000000004547,0.01385298808937696,-0.0046414483081997915,0.014609870683962628,0.07304935341979653
method2,3581,5.0,1185.0317,0.282027401960928,-1.42251115278644,716.2,0.20000000000004547,0.013872589851349038,-0.004586352573810126,0.01461107043015833,0.07305535215077504
method2,3582,5.0,1185.2317,0.295919374438739,-1.4270423270696,716.4000000000001,0.20000000000004547,0.013891972477810988,-0.004531174283159967,0.01461227017641777,0.07306135088207223
method2,3583,5.0,1185.4317,0.309830510060623,-1.43151824137748,716.6000000000001,0.20000000000004547,0.013911135621884008,-0.00447591430788008,0.014613469922709519,0.07306734961353098
method2,3584,5.0,1185.6317,0.323760589000811,-1.43593881489852,716.8,0.1999999999998181,0.013930078940187995,-0.004420573521039861,0.014614669669027346,0.0730733483452032
method2,3585,5.0,1185.8317,0.337709391093672,-1.44030396769568,717.0,0.20000000000004547,0.013948802092860979,-0.004365152797159988,0.014615869415411336,0.07307934707704006
method2,3586,5.0,1186.0317,0.351676695837102,-1.44461362070787,717.2,0.20000000000004547,0.013967304743429998,-0.004309653012189996,0.014617069161816277,0.07308534580906477
method2,3587,5.0,1186.2317,0.365662282396105,-1.44886769575134,717.4000000000001,0.20000000000004547,0.013985586559003005,-0.004254075043470085,0.014618268908281874,0.07309134454139275
method2,3588,5.0,1186.4317,0.379665929606203,-1.45306611552111,717.6000000000001,0.20000000000004547,0.014003647210098003,-0.004198419769769979,0.014619468654779522,0.073097343273881
method2,3589,5.0,1186.6317,0.393687415976969,-1.45720880359232,717.8,0.1999999999998181,0.014021486370766001,-0.004142688071210099,0.014620668401305159,0.07310334200659228
method2,3590,5.0,1186.8317,0.407726519695563,-1.46129568442165,718.0,0.20000000000004547,0.014039103718594015,-0.004086880829329953,0.014621868147900424,0.0731093407394855
method2,3591,5.0,1187.0317,0.42178301863017,-1.46532668334861,718.2,0.20000000000004547,0.014056498934606976,-0.004030998926960017,0.014623067894520624,0.0731153394725865
method2,3592,5.0,1187.2317,0.43585669033355,-1.46930172659694,718.4000000000001,0.20000000000004547,0.01407367170338003,-0.003975043248329868,0.01462426764117139,0.07312133820584032
method2,3593,5.0,1187.4317,0.449947312046595,-1.47322074127592,718.6000000000001,0.20000000000004547,0.014090621713044982,-0.003919014678980037,0.014625467387888693,0.07312733693942684
method2,3594,5.0,1187.6317,0.464054660701769,-1.47708365538166,718.8,0.1999999999998181,0.01410734865517399,-0.003862914105740023,0.01462666713461972,0.07313333567316511
method2,3595,5.0,1187.8317,0.478178512926735,-1.48089039779847,719.0,0.20000000000004547,0.014123852224966038,-0.003806742416810005,0.014627866881422546,0.0731393344070961
method2,3596,5.0,1188.0317,0.49231864504781,-1.48464089830005,719.2,0.20000000000004547,0.014140132121074955,-0.0037505005015801007,0.014629066628251043,0.07314533314123858
method2,3597,5.0,1188.2317,0.506474833093536,-1.48833508755084,719.4000000000001,0.20000000000004547,0.014156188045726048,-0.0036941892507900143,0.014630266375107788,0.07315133187552231
method2,3598,5.0,1188.4317,0.520646852798274,-1.49197289710725,719.6000000000001,0.20000000000004547,0.014172019704738026,-0.003637809556409799,0.014631466122032656,0.07315733061014665
method2,3599,5.0,1188.6317,0.534834479605674,-1.4955542594189,719.8,0.1999999999998181,0.014187626807399933,-0.0035813623116500715,0.014632665868985076,0.07316332934499192
method2,3600,5.0,1188.8317,0.549037488672274,-1.49907910782986,720.0,0.20000000000004547,0.014203009066599992,-0.003524848410960013,0.01463386561596658,0.07316932807981626
method2,3601,5.0,1189.0317,0.5632556548711,-1.50254737657987,720.2,0.20000000000004547,0.014218166198825988,-0.0034682687500100506,0.014635065363015435,0.07317532681506053
method2,3602,5.0,1189.2317,0.577488752795146,-1.50595900080552,720.4000000000001,0.20000000000004547,0.014233097924046034,-0.0034116242256498897,0.014636265110079304,0.07318132555037989
method2,3603,5.0,1189.4317,0.591736556761048,-1.50931391654147,720.6000000000001,0.20000000000004547,0.014247803965901973,-0.003354915735950037,0.014637464857211346,0.07318732428604009
method2,3604,5.0,1189.6317,0.605998840812573,-1.51261206072159,720.8,0.1999999999998181,0.014262284051525076,-0.0032981441801200884,0.014638664604370391,0.07319332302191853
method2,3605,5.0,1189.8317,0.620275378724242,-1.51585337118014,721.0,0.20000000000004547,0.01427653791166894,-0.0032413104585500285,0.014639864351558259,0.07319932175777465
method2,3606,5.0,1190.0317,0.634565944004953,-1.51903778665292,721.2,0.20000000000004547,0.014290565280711043,-0.0031844154727800333,0.01464106409881279,0.07320532049404731
method2,3607,5.0,1190.2317,0.648870309901503,-1.52216524677838,721.4000000000001,0.20000000000004547,0.014304365896549931,-0.0031274601254598355,0.01464226384609709,0.07321131923046881
method2,3608,5.0,1190.4317,0.663188249402216,-1.52523569209875,721.6000000000001,0.20000000000004547,0.014317939500713028,-0.003070445320370041,0.014643463593407836,0.07321731796702254
method2,3609,5.0,1190.6317,0.677519535240593,-1.52824906406115,721.8,0.1999999999998181,0.014331285838377061,-0.0030133719623999244,0.014644663340788852,0.07322331670401086
method2,3610,5.0,1190.8317,0.691863939898821,-1.53120530501865,722.0,0.20000000000004547,0.01434440465822795,-0.0029562409575001336,0.014645863088182717,0.07322931544089693
method2,3611,5.0,1191.0317,0.706221235611493,-1.53410435823138,722.2,0.20000000000004547,0.01435729571267197,-0.002899053212729985,0.014647062835645546,0.07323531417821108
method2,3612,5.0,1191.2317,0.720591194369133,-1.53694616786754,722.4000000000001,0.20000000000004547,0.014369958757640022,-0.0028418096361599865,0.014648262583134114,0.07324131291565392
method2,3613,5.0,1191.4317,0.734973587921854,-1.5397306790045,722.6000000000001,0.20000000000004547,0.014382393552720973,-0.0027845111369599884,0.014649462330652414,0.07324731165324541
method2,3614,5.0,1191.6317,0.749368187783023,-1.5424578376298,722.8,0.1999999999998181,0.014394599861169088,-0.0027271586252999303,0.014650662078237862,0.07325331039125593
method2,3615,5.0,1191.8317,0.763774765232815,-1.54512759064216,723.0,0.20000000000004547,0.014406577449791902,-0.0026697530123600544,0.014651861825851967,0.07325930912924318
method2,3616,5.0,1192.0317,0.778193091321881,-1.54773988585249,723.2,0.20000000000004547,0.014418326089066014,-0.002612295210330018,0.014653061573492237,0.07326530786744452
method2,3617,5.0,1192.2317,0.792622936875031,-1.55029467198489,723.4000000000001,0.20000000000004547,0.014429845553150078,-0.002554786132400011,0.014654261321201711,0.07327130660599189
method2,3618,5.0,1192.4317,0.807064072494782,-1.5527918986776,723.6000000000001,0.20000000000004547,0.014441135619750911,-0.0024972266927099085,0.014655461068926538,0.07327730534461603
method2,3619,5.0,1192.6317,0.821516268565108,-1.55523151648397,723.8,0.1999999999998181,0.014452196070325996,-0.0024396178063701424,0.014656660816717577,0.07328330408365454
method2,3620,5.0,1192.8317,0.835979295255004,-1.55761347687339,724.0,0.20000000000004547,0.014463026689896075,-0.002381960389419957,0.014657860564537101,0.07328930282266884
method2,3621,5.0,1193.0317,0.850452922522175,-1.55993773223224,724.2,0.20000000000004547,0.014473627267170941,-0.002324255358850058,0.014659060312384875,0.07329530156190771
method2,3622,5.0,1193.2317,0.864936920116735,-1.5622042358648,724.4000000000001,0.20000000000004547,0.014483997594559983,-0.0022665036325599797,0.014660260060299987,0.07330130030148327
method2,3623,5.0,1193.4317,0.879431057584797,-1.5644129419941,724.6000000000001,0.20000000000004547,0.014494137468062052,-0.002208706129299909,0.014661459808241715,0.0733072990411919
method2,3624,5.0,1193.6317,0.89393510427217,-1.5665638057629,724.8,0.1999999999998181,0.01450404668737304,-0.0021508637688001375,0.014662659556214009,0.07331329778113672
method2,3625,5.0,1193.8317,0.908448829328074,-1.56865678323447,725.0,0.20000000000004547,0.014513725055903981,-0.00209297747156989,0.014663859304251186,0.07331929652123927
method2,3626,5.0,1194.0317,0.922972001708723,-1.5706918313935,725.2,0.20000000000004547,0.01452317238064893,-0.002035048159030106,0.01466505905230578,0.07332529526151223
method2,3627,5.0,1194.2317,0.937504390181104,-1.5726689081469,725.4000000000001,0.20000000000004547,0.01453238847238103,-0.0019770767533999756,0.01466625880042445,0.07333129400210558
method2,3628,5.0,1194.4317,0.952045763326572,-1.57458797232467,725.6000000000001,0.20000000000004547,0.014541373145467995,-0.0019190641777699913,0.014667458548574043,0.07333729274285354
method2,3629,5.0,1194.6317,0.966595889544568,-1.57644898368068,725.8,0.1999999999998181,0.014550126217996007,-0.0018610113560100228,0.014668658296750015,0.07334329148381678
method2,3630,5.0,1194.8317,0.981154537056353,-1.57825190289348,726.0,0.20000000000004547,0.014558647511785039,-0.0018029192127999583,0.014669858044994434,0.0733492902249555
method2,3631,5.0,1195.0317,0.995721473908617,-1.57999669156707,726.2,0.20000000000004547,0.014566936852263956,-0.0017447886735899587,0.014671057793265404,0.07335528896631034
method2,3632,5.0,1195.2317,1.01029646797722,-1.58168331223167,726.4000000000001,0.20000000000004547,0.014574994068602964,-0.0016866206646000137,0.01467225754156692,0.07336128770781793
method2,3633,5.0,1195.4317,1.02487928697091,-1.5833117283445,726.6000000000001,0.20000000000004547,0.014582818993690072,-0.0016284161128299335,0.014673457289924965,0.07336728644960815
method2,3634,5.0,1195.6317,1.03946969843498,-1.58488190429047,726.8,0.1999999999998181,0.01459041146407003,-0.001570175945970087,0.014674657038315043,0.07337328519164195
method2,3635,5.0,1195.8317,1.05406746975502,-1.58639380538295,727.0,0.20000000000004547,0.014597771320040032,-0.0015119010924800058,0.014675856786764632,0.07337928393380648
method2,3636,5.0,1196.0317,1.06867236816057,-1.58784739786444,727.2,0.20000000000004547,0.014604898405550015,-0.001453592481490018,0.014677056535241722,0.07338528267619192
method2,3637,5.0,1196.2317,1.08328416072886,-1.58924264890727,727.4000000000001,0.20000000000004547,0.014611792568289816,-0.0013952510428298925,0.014678256283743224,0.07339128141869944
method2,3638,5.0,1196.4317,1.09790261438857,-1.59057952661431,727.6000000000001,0.20000000000004547,0.01461845365971004,-0.0013368777070399407,0.014679456032315035,0.07339728016155848
method2,3639,5.0,1196.6317,1.11252749592346,-1.59185800001961,727.8,0.1999999999998181,0.014624881534889944,-0.0012784734053001845,0.014680655780911992,0.07340327890462672
method2,3640,5.0,1196.8317,1.12715857197615,-1.59307803908902,728.0,0.20000000000004547,0.014631076052690206,-0.0012200390694099283,0.014681855529547056,0.0734092776477186
method2,3641,5.0,1197.0317,1.14179560905184,-1.59423961472089,728.2,0.20000000000004547,0.014637037075689863,-0.0011615756318699155,0.014683055278233943,0.07341527639115303
method2,3642,5.0,1197.2317,1.156438373522,-1.59534269874663,728.4000000000001,0.20000000000004547,0.014642764470160108,-0.0011030840257399976,0.014684255026947262,0.07342127513471962
method2,3643,5.0,1197.4317,1.17108663162816,-1.59638726393133,728.6000000000001,0.20000000000004547,0.014648258106159995,-0.0010445651846999748,0.014685454775721769,0.07342727387859214
method2,3644,5.0,1197.6317,1.18574014948557,-1.59737328397437,728.8,0.1999999999998181,0.01465351785740987,-0.0009860200430400479,0.014686654524523501,0.0734332726226843
method2,3645,5.0,1197.8317,1.20039869308698,-1.59830073350999,729.0,0.20000000000004547,0.014658543601410168,-0.0009274495356199619,0.014687854273363577,0.07343927136680119
method2,3646,5.0,1198.0317,1.21506202830639,-1.59916958810781,729.2,0.20000000000004547,0.014663335219409879,-0.0008688545978201567,0.01468905402226227,0.07344527011129465
method2,3647,5.0,1198.2317,1.22972992090271,-1.59997982427342,729.4000000000001,0.20000000000004547,0.014667892596319954,-0.0008102361656099344,0.014690253771165425,0.07345126885581042
method2,3648,5.0,1198.4317,1.24440213652364,-1.60073141944889,729.6000000000001,0.20000000000004547,0.014672215620930018,-0.0007515951754699657,0.014691453520154244,0.07345726760075452
method2,3649,5.0,1198.6317,1.25907844070927,-1.60142435201328,729.8,0.1999999999998181,0.014676304185630151,-0.0006929325643900697,0.0146926532691661,0.07346326634589732
method2,3650,5.0,1198.8317,1.27375859889589,-1.60205860128317,730.0,0.20000000000004547,0.01468015818661983,-0.0006342492698898639,0.014693853018202443,0.07346926509099551
method2,3651,5.0,1199.0317,1.28844237641977,-1.60263414751308,730.2,0.20000000000004547,0.01468377752388017,-0.0005755462299101843,0.014695052767294587,0.07347526383645624
method2,3652,5.0,1199.2317,1.30312953852087,-1.60315097189603,730.4000000000001,0.20000000000004547,0.014687162101099993,-0.0005168243829498653,0.01469625251643423,0.07348126258215444
method2,3653,5.0,1199.4317,1.31781985034658,-1.6036090565639,730.6000000000001,0.20000000000004547,0.01469031182570979,-0.0004580846678701178,0.014697452265597823,0.07348726132797241
method2,3654,5.0,1199.6317,1.33251307695553,-1.60400838458793,730.8,0.1999999999998181,0.014693226608950116,-0.0003993280240299768,0.014698652014818753,0.07349326007416061
method2,3655,5.0,1199.8317,1.34720898332128,-1.60434893997915,731.0,0.20000000000004547,0.014695906365749911,-0.00034055539121990996,0.014699851764061354,0.07349925882029006
method2,3656,5.0,1200.0317,1.36190733433616,-1.60463070768874,731.2,0.20000000000004547,0.014698351014880151,-0.0002817677095900972,0.014701051513371281,0.07350525756683969
method2,3657,5.0,1200.2317,1.37660789481494,-1.60485367360845,731.4000000000001,0.20000000000004547,0.01470056047877999,-0.00022296591970993873,0.01470225126270192,0.07351125631349288
method2,3658,5.0,1200.4317,1.39131042949865,-1.60501782457101,731.6000000000001,0.20000000000004547,0.014702534683709967,-0.00016415096256006123,0.014703451012065294,0.07351725506030976
method2,3659,5.0,1200.6317,1.40601470305837,-1.60512314835045,731.8,0.1999999999998181,0.014704273559720038,-0.00010532377943994753,0.014704650761497101,0.07352325380755237
method2,3660,5.0,1200.8317,1.42072048009891,-1.60516963366245,732.0,0.20000000000004547,0.01470577704053988,-4.6485311999910905e-05,0.01470585051094637,0.07352925255471512
method2,3661,5.0,1201.0317,1.43542752516266,-1.60515727016472,732.2,0.20000000000004547,0.01470704506375009,1.2363497729817041e-05,0.014707050260444887,0.07353525130220771
method2,3662,5.0,1201.2317,1.45013560273333,-1.60508604845726,732.4000000000001,0.20000000000004547,0.014708077570670053,7.12217074601007e-05,0.014708250009993066,0.0735412500499486
method2,3663,5.0,1201.4317,1.46484447723969,-1.60495596008273,732.6000000000001,0.20000000000004547,0.014708874506359937,0.0001300883745301018,0.014709449759560456,0.07354724879778556
method2,3664,5.0,1201.6317,1.47955391305941,-1.60476699752665,732.8,0.1999999999998181,0.014709435819719952,0.00018896255607980805,0.014710649509184173,0.07355324754598776
method2,3665,5.0,1201.8317,1.49426367452279,-1.60451915421776,733.0,0.20000000000004547,0.014709761463379989,0.00024784330889016104,0.014711849258855958,0.07355924629426307
method2,3666,5.0,1202.0317,1.50897352591651,-1.60421242452824,733.2,0.20000000000004547,0.014709851393720053,0.0003067296895198357,0.014713049008542067,0.07356524504269361
method2,3667,5.0,1202.2317,1.5236832314875,-1.60384680377395,733.4000000000001,0.20000000000004547,0.01470970557098994,0.0003656207542901413,0.0147142487583016,0.07357124379149127
method2,3668,5.0,1202.4317,1.53839255544661,-1.60342228821467,733.6000000000001,0.20000000000004547,0.014709323959110066,0.00042451555927991436,0.014715448508085649,0.07357724254041152
method2,3669,5.0,1202.6317,1.55310126197243,-1.60293887505431,733.8,0.1999999999998181,0.014708706525820014,0.00048341316035993565,0.014716648257884995,0.0735832412894919
method2,3670,5.0,1202.8317,1.56780911521515,-1.6023965624411,734.0,0.20000000000004547,0.01470785324272006,0.0005423126132100275,0.014717848007770621,0.07358924003883638
method2,3671,5.0,1203.0317,1.5825158793002,-1.60179534946779,734.2,0.20000000000004547,0.014706764085050006,0.0006012129733101723,0.01471904775767078,0.07359523878833717
method2,3672,5.0,1203.2317,1.59722131833214,-1.60113523617179,734.4000000000001,0.20000000000004547,0.014705439031939882,0.000660113295999798,0.01472024750762217,0.07360123753809411
method2,3673,5.0,1203.4317,1.61192519639839,-1.60041622353537,734.6000000000001,0.20000000000004547,0.014703878066250065,0.0007190126364200466,0.014721447257606211,0.07360723628801431
method2,3674,5.0,1203.6317,1.62662727757303,-1.59963831348575,734.8,0.1999999999998181,0.014702081174639892,0.0007779100496201341,0.01472264700762063,0.0736132350381701
method2,3675,5.0,1203.8317,1.64132732592063,-1.59880150889523,735.0,0.20000000000004547,0.014700048347600081,0.000836804590519824,0.014723846757708901,0.07361923378852776
method2,3676,5.0,1204.0317,1.65602510549994,-1.59790581358134,735.2,0.20000000000004547,0.014697779579309955,0.0008956953138901103,0.014725046507814685,0.07362523253905669
method2,3677,5.0,1204.2317,1.67072038036774,-1.59695123230686,735.4000000000001,0.20000000000004547,0.014695274867799979,0.0009545812744800042,0.014726246257949837,0.07363123128973244
method2,3678,5.0,1204.4317,1.68541291458265,-1.59593777077996,735.6000000000001,0.20000000000004547,0.014692534214910014,0.0010134615268999614,0.01472744600814438,0.07363723004070516
method2,3679,5.0,1204.6317,1.70010247220886,-1.59486543565425,735.8,0.1999999999998181,0.014689557626210048,0.0010723351257100333,0.014728645758370908,0.07364322879192152
method2,3680,5.0,1204.8317,1.71478881731997,-1.5937342345288,736.0,0.20000000000004547,0.014686345111109889,0.0011312011254500653,0.014729845508654896,0.07364922754325773
method2,3681,5.0,1205.0317,1.72947171400272,-1.59254417594817,736.2,0.20000000000004547,0.014682896682750135,0.0011900585806299269,0.014731045258964003,0.07365522629480327
method2,3682,5.0,1205.2317,1.74415092636082,-1.59129526940247,736.4000000000001,0.20000000000004547,0.01467921235809988,0.0012489065456999793,0.01473224500930135,0.07366122504649
method2,3683,5.0,1205.4317,1.75882621851878,-1.58998752532733,736.6000000000001,0.20000000000004547,0.01467529215796004,0.001307744075140116,0.014733444759714123,0.07366722379855387
method2,3684,5.0,1205.6317,1.77349735462559,-1.58862095510387,736.8,0.1999999999998181,0.014671136106810145,0.0013665702234599841,0.014734644510139897,0.07367322255076648
method2,3685,5.0,1205.8317,1.7881640988586,-1.58719557105871,737.0,0.20000000000004547,0.014666744233009954,0.0014253840451599054,0.014735844260602348,0.073679221302995
method2,3686,5.0,1206.0317,1.80282621542731,-1.5857113864639,737.2,0.20000000000004547,0.01466211656870997,0.001484184594809923,0.014737044011127555,0.07368522005562102
method2,3687,5.0,1206.2317,1.81748346857709,-1.58416841553686,737.4000000000001,0.20000000000004547,0.014657253149779947,0.0015429709270400327,0.014738243761670688,0.07369121880833669
method2,3688,5.0,1206.4317,1.83213562259306,-1.58256667344031,737.6000000000001,0.20000000000004547,0.014652154015970087,0.0016017420965499518,0.01473944351227578,0.07369721756136215
method2,3689,5.0,1206.6317,1.84678244180381,-1.58090617628219,737.8,0.1999999999998181,0.01464681921074984,0.00166049715812,0.014740643262914788,0.07370321631464097
method2,3690,5.0,1206.8317,1.86142369058521,-1.57918694111554,738.0,0.20000000000004547,0.014641248781400051,0.0017192351666501793,0.014741843013581958,0.07370921506789303
method2,3691,5.0,1207.0317,1.87605913336423,-1.57740898593838,738.2,0.20000000000004547,0.01463544277902007,0.001777955177159951,0.014743042764299389,0.07371521382148018
method2,3692,5.0,1207.2317,1.89068853462271,-1.57557232969359,738.4000000000001,0.20000000000004547,0.014629401258480002,0.0018366562447900137,0.014744242515068125,0.07372121257532387
method2,3693,5.0,1207.4317,1.9053116589011,-1.57367699226873,738.6000000000001,0.20000000000004547,0.014623124278390076,0.001895337424860033,0.014745442265843244,0.07372721132919946
method2,3694,5.0,1207.6317,1.91992827080238,-1.5717229944959,738.8,0.1999999999998181,0.01461661190127983,0.0019539977728300073,0.014746642016705357,0.07373321008359385
method2,3695,5.0,1207.8317,1.93453813499567,-1.56971035815156,739.0,0.20000000000004547,0.014609864193290134,0.002012636344340013,0.01474784176755838,0.07373920883777514
method2,3696,5.0,1208.0317,1.94914101622021,-1.56763910595631,739.2,0.20000000000004547,0.01460288122454001,0.0020712521952499507,0.014749041518497088,0.07374520759246868
method2,3697,5.0,1208.2317,1.96373667928898,-1.56550926157469,739.4000000000001,0.20000000000004547,0.014595663068770026,0.0021298443816200052,0.014750241269449647,0.07375120634723147
method2,3698,5.0,1208.4317,1.97832488909259,-1.56332084961496,739.6000000000001,0.20000000000004547,0.014588209803609864,0.0021884119597299634,0.014751441020443666,0.07375720510220156
method2,3699,5.0,1208.6317,1.99290541060305,-1.56107389562886,739.8,0.1999999999998181,0.014580521510459965,0.0022469539861000865,0.014752640771490261,0.07376320385751839
method2,3700,5.0,1208.8317,2.00747800887752,-1.55876842611132,740.0,0.20000000000004547,0.014572598274469994,0.0023054695175399598,0.014753840522568753,0.07376920261282699
method2,3701,5.0,1209.0317,2.02204244906213,-1.55640446850025,740.2,0.20000000000004547,0.014564440184610117,0.002363957611069889,0.014755040273683472,0.07377520136840059
method2,3702,5.0,1209.2317,2.03659849639577,-1.55398205117617,740.4000000000001,0.20000000000004547,0.01455604733363991,0.002422417324080106,0.014756240024856229,0.07378120012426437
method2,3703,5.0,1209.4317,2.05114591621382,-1.551501203462,740.6000000000001,0.20000000000004547,0.014547419818049967,0.002480847714170009,0.014757439776041624,0.07378719888019135
method2,3704,5.0,1209.6317,2.06568447395202,-1.54896195562264,740.8,0.1999999999998181,0.014538557738200009,0.0025392478393599927,0.014758639527296199,0.07379319763654811
method2,3705,5.0,1209.8317,2.08021393515016,-1.54636433886473,741.0,0.20000000000004547,0.014529461198140137,0.0025976167579100373,0.014759839278570578,0.07379919639283611
method2,3706,5.0,1210.0317,2.09473406545593,-1.54370838533624,741.2,0.20000000000004547,0.014520130305769818,0.002655953528489796,0.014761039029893272,0.07380519514944958
method2,3707,5.0,1210.2317,2.10924463062867,-1.54099412812615,741.4000000000001,0.20000000000004547,0.014510565172740186,0.0027142572100899987,0.014762238781257604,0.07381119390627124
method2,3708,5.0,1210.4317,2.12374539654315,-1.53822160126402,741.6000000000001,0.20000000000004547,0.014500765914479796,0.0027725268621301424,0.014763438532664817,0.0738171926633073
method2,3709,5.0,1210.6317,2.13823612919333,-1.53539083971964,741.8,0.1999999999998181,0.014490732650179972,0.0028307615443798895,0.01476463828409392,0.07382319142053674
method2,3710,5.0,1210.8317,2.1527165946962,-1.53250187940261,742.0,0.20000000000004547,0.014480465502870299,0.0028889603170301204,0.014765838035587129,0.07382919017791886
method2,3711,5.0,1211.0317,2.16718655929547,-1.5295547571619,742.2,0.20000000000004547,0.014469964599269858,0.0029471222407100317,0.014767037787105801,0.07383518893551222
method2,3712,5.0,1211.2317,2.18164578936541,-1.52654951078541,742.4000000000001,0.20000000000004547,0.014459230069939988,0.003005246376490023,0.014768237538679528,0.07384118769338086
method2,3713,5.0,1211.4317,2.19609405141457,-1.52348617899956,742.6000000000001,0.20000000000004547,0.014448262049159943,0.003063331785849943,0.01476943729027596,0.07384718645136301
method2,3714,5.0,1211.6317,2.21053111208959,-1.52036480146877,742.8,0.1999999999998181,0.014437060675020152,0.0031213775307898928,0.014770637041913032,0.07385318520963233
method2,3715,5.0,1211.8317,2.22495673817897,-1.51718541879497,743.0,0.20000000000004547,0.014425626089380028,0.003179382673800024,0.014771836793610384,0.07385918396803513
method2,3716,5.0,1212.0317,2.23937069661679,-1.51394807251715,743.2,0.20000000000004547,0.014413958437820007,0.00323734627782013,0.014773036545332121,0.07386518272664382
method2,3717,5.0,1212.2317,2.25377275448651,-1.5106528051108,743.4000000000001,0.20000000000004547,0.014402057869719709,0.00329526740635,0.01477423629708514,0.0738711814854089
method2,3718,5.0,1212.4317,2.26816267902477,-1.50729965998741,743.6000000000001,0.20000000000004547,0.014389924538260157,0.0033531451233899112,0.014775436048906826,0.07387718024451734
method2,3719,5.0,1212.6317,2.28254023762504,-1.5038886814939,743.8,0.1999999999998181,0.014377558600270124,0.0034109784935099086,0.014776635800729087,0.07388317900371263
method2,3720,5.0,1212.8317,2.29690519784154,-1.50041991491207,744.0,0.20000000000004547,0.01436496021649969,0.0034687665818300406,0.014777835552638948,0.07388917776317794
method2,3721,5.0,1213.0317,2.31125732739282,-1.49689340645801,744.2,0.20000000000004547,0.014352129551280068,0.0035265084540601066,0.014779035304555032,0.07389517652275836
method2,3722,5.0,1213.2317,2.32559639416565,-1.49330920328155,744.4000000000001,0.20000000000004547,0.014339066772830034,0.0035842031764599103,0.014780235056514615,0.07390117528255627
method2,3723,5.0,1213.4317,2.33992216621873,-1.4896673534656,744.6000000000001,0.20000000000004547,0.014325772053080055,0.00364184981595006,0.014781434808527385,0.07390717404262012
method2,3724,5.0,1213.6317,2.35423441178643,-1.48596790602558,744.8,0.1999999999998181,0.014312245567699833,0.0036994474400200428,0.01478263456057865,0.07391317280296048
method2,3725,5.0,1213.8317,2.36853289928252,-1.48221091090875,745.0,0.20000000000004547,0.014298487496090306,0.00375699511682992,0.014783834312644833,0.07391917156320736
method2,3726,5.0,1214.0317,2.382817397304,-1.47839641899354,745.2,0.20000000000004547,0.014284498021480019,0.0038144919152101053,0.014785034064785575,0.07392517032391106
method2,3727,5.0,1214.2317,2.39708767463474,-1.47452448208896,745.4000000000001,0.20000000000004547,0.014270277330739933,0.0038719369045798757,0.014786233816941947,0.07393116908469292
method2,3728,5.0,1214.4317,2.41134350024931,-1.47059515293383,745.6000000000001,0.20000000000004547,0.01425582561456995,0.003929329155130112,0.01478743356916217,0.07393716784579403
method2,3729,5.0,1214.6317,2.42558464331665,-1.46660848519615,745.8,0.1999999999998181,0.014241143067339923,0.003986667737679861,0.014788633321409434,0.07394316660711442
method2,3730,5.0,1214.8317,2.43981087320383,-1.46256453347235,746.0,0.20000000000004547,0.014226229887180253,0.00404395172380001,0.014789833073680234,0.07394916536838436
method2,3731,5.0,1215.0317,2.45402195947984,-1.45846335328657,746.2,0.20000000000004547,0.014211086276009866,0.0041011801857799846,0.014791032826020983,0.0739551641300881
method2,3732,5.0,1215.2317,2.46821767191922,-1.45430500108994,746.4000000000001,0.20000000000004547,0.014195712439379893,0.004158352196629966,0.014792232578376474,0.07396116289186555
method2,3733,5.0,1215.4317,2.48239778050588,-1.4500895342598,746.6000000000001,0.20000000000004547,0.01418010858666019,0.00421546683014018,0.014793432330784027,0.07396716165390332
method2,3734,5.0,1215.6317,2.49656205543678,-1.44581701109893,746.8,0.1999999999998181,0.01416427493089989,0.004272523160870012,0.014794632083235114,0.07397316041624284
method2,3735,5.0,1215.8317,2.51071026712565,-1.44148749083478,747.0,0.20000000000004547,0.014148211688870038,0.004329520264150011,0.014795831835715232,0.07397915917855934
method2,3736,5.0,1216.0317,2.52484218620675,-1.43710103361864,747.2,0.20000000000004547,0.014131919081100008,0.0043864572161398385,0.014797031588253903,0.0739851579412527
method2,3737,5.0,1216.2317,2.53895758353854,-1.43265770052488,747.4000000000001,0.20000000000004547,0.014115397331790014,0.0044433330937601045,0.01479823134081936,0.07399115670407998
method2,3738,5.0,1216.4317,2.5530562302074,-1.42815755355003,747.6000000000001,0.20000000000004547,0.01409864666885996,0.004500146974850017,0.014799431093410578,0.07399715546703607
method2,3739,5.0,1216.6317,2.56713789753142,-1.42360065561203,747.8,0.1999999999998181,0.014081667324020053,0.00455689793799996,0.014800630846072825,0.07400315423043143
method2,3740,5.0,1216.8317,2.58120235706398,-1.41898707054929,748.0,0.20000000000004547,0.014064459532559859,0.004613585062740011,0.014801830598752022,0.07400915299374328
method2,3741,5.0,1217.0317,2.59524938059755,-1.41431686311986,748.2,0.20000000000004547,0.014047023533569902,0.004670207429430029,0.014803030351470948,0.07401515175733792
method2,3742,5.0,1217.2317,2.60927874016739,-1.40959009900052,748.4000000000001,0.20000000000004547,0.014029359569839972,0.004726764119340032,0.014804230104255363,0.07402115052125999
method2,3743,5.0,1217.4317,2.62329020805517,-1.40480684478588,748.6000000000001,0.20000000000004547,0.014011467887780071,0.004783254214639987,0.014805429857054584,0.07402714928525608
method2,3744,5.0,1217.6317,2.63728355679275,-1.39996716798747,748.8,0.1999999999998181,0.013993348737580291,0.00483967679841002,0.014806629609894623,0.07403314804954045
method2,3745,5.0,1217.8317,2.65125855916585,-1.39507113703278,749.0,0.20000000000004547,0.013975002373099787,0.004896030954689934,0.014807829362787333,0.07403914681391983
method2,3746,5.0,1218.0317,2.6652149882177,-1.39011882126431,749.2,0.20000000000004547,0.013956429051849906,0.004952315768469884,0.014809029115710306,0.07404514557853469
method2,3747,5.0,1218.2317,2.67915261725277,-1.38511029093864,749.4000000000001,0.20000000000004547,0.01393762903507012,0.0050085303256701685,0.014810228868670039,0.07405114434333336
method2,3748,5.0,1218.4317,2.69307121984046,-1.38004561722541,749.6000000000001,0.20000000000004547,0.013918602587689843,0.005064673713229828,0.01481142862169371,0.07405714310845171
method2,3749,5.0,1218.6317,2.70697056981869,-1.37492487220635,749.8,0.1999999999998181,0.01389934997823028,0.0051207450190600134,0.014812628374719932,0.07406314187366701
method2,3750,5.0,1218.8317,2.72085044129771,-1.36974812887425,750.0,0.20000000000004547,0.013879871479019812,0.005176743332100164,0.014813828127818654,0.07406914063907644
method2,3751,5.0,1219.0317,2.73471060866365,-1.36451546113194,750.2,0.20000000000004547,0.01386016736593998,0.005232667742309793,0.014815027880948354,0.07407513940472493
method2,3752,5.0,1219.2317,2.74855084658223,-1.35922694379129,750.4000000000001,0.20000000000004547,0.013840237918580023,0.005288517340650056,0.01481622763409285,0.07408113817044741
method2,3753,5.0,1219.4317,2.76237093000248,-1.35388265257207,750.6000000000001,0.20000000000004547,0.013820083420250207,0.0053442912192200875,0.014817427387320229,0.0740871369365843
method2,3754,5.0,1219.6317,2.77617063416028,-1.34848266410097,750.8,0.1999999999998181,0.013799704157799741,0.0053999884711000146,0.014818627140555516,0.07409313570284497
method2,3755,5.0,1219.8317,2.78994973458211,-1.34302705591047,751.0,0.20000000000004547,0.013779100421829948,0.00545560819049995,0.014819826893831264,0.07409913446913947
method2,3756,5.0,1220.0317,2.80370800708869,-1.33751590643774,751.2,0.20000000000004547,0.013758272506580127,0.005511149472730015,0.014821026647168912,0.07410513323582771
method2,3757,5.0,1220.2317,2.81744522779857,-1.33194929502355,751.4000000000001,0.20000000000004547,0.013737220709880038,0.005566611414189904,0.014822226400529251,0.0741111320026294
method2,3758,5.0,1220.4317,2.83116117313182,-1.3263273019111,751.6000000000001,0.20000000000004547,0.013715945333249824,0.005621993112450152,0.014823426153934002,0.07411713076965315
method2,3759,5.0,1220.6317,2.84485561981368,-1.32065000824495,751.8,0.1999999999998181,0.01369444668186004,0.005677293666149996,0.0148246259073885,0.07412312953700992
method2,3760,5.0,1220.8317,2.85852834487811,-1.31491749606978,752.0,0.20000000000004547,0.013672725064429958,0.0057325121751699015,0.014825825660851484,0.07412912830424057
method2,3761,5.0,1221.0317,2.87217912567156,-1.30912984832927,752.2,0.20000000000004547,0.013650780793450057,0.0057876477405101046,0.014827025414393026,0.07413512707194828
method2,3762,5.0,1221.2317,2.88580773985645,-1.30328714886489,752.4000000000001,0.20000000000004547,0.013628614184890253,0.005842699464379875,0.014828225167957785,0.07414112583977207
method2,3763,5.0,1221.4317,2.89941396541486,-1.29738948241474,752.6000000000001,0.20000000000004547,0.013606225558409957,0.0058976664501499965,0.014829424921538704,0.07414712460767665
method2,3764,5.0,1221.6317,2.91299758065219,-1.29143693461225,752.8,0.1999999999998181,0.013583615237330093,0.005952547802489994,0.014830624675203493,0.0741531233760849
method2,3765,5.0,1221.8317,2.92655836420065,-1.28542959198505,753.0,0.20000000000004547,0.01356078354845991,0.006007342627200041,0.014831824428867664,0.07415912214432145
method2,3766,5.0,1222.0317,2.940096095023,-1.27936754195364,753.2,0.20000000000004547,0.013537730822350102,0.006062050031409916,0.014833024182604333,0.0741651209130048
method2,3767,5.0,1222.2317,2.95361055241606,-1.2732508728302,753.4000000000001,0.20000000000004547,0.013514457393059676,0.0061166691234399995,0.014834223936373268,0.07417111968184947
method2,3768,5.0,1222.4317,2.9671015160143,-1.26707967381725,753.6000000000001,0.20000000000004547,0.013490963598240313,0.006171199012950046,0.014835423690157314,0.0741771184507697
method2,3769,5.0,1222.6317,2.98056876579354,-1.26085403500642,753.8,0.1999999999998181,0.013467249779239854,0.006225638810830159,0.014836623444010117,0.07418311722011806
method2,3770,5.0,1222.8317,2.99401208207441,-1.2545740473771,754.0,0.20000000000004547,0.013443316280870032,0.006279987629319805,0.014837823197892442,0.07418911598944535
method2,3771,5.0,1223.0317,3.00743124552599,-1.24823980279517,754.2,0.20000000000004547,0.013419163451580118,0.006334244581930104,0.014839022951796205,0.07419511475896415
method2,3772,5.0,1223.2317,3.02082603716943,-1.24185139401162,754.4000000000001,0.20000000000004547,0.01339479164344004,0.006388408783549959,0.014840222705771951,0.07420111352884289
method2,3773,5.0,1223.4317,3.03419623838141,-1.23540891466123,754.6000000000001,0.20000000000004547,0.013370201211979627,0.006442479350390107,0.014841422459758512,0.07420711229877569
method2,3774,5.0,1223.6317,3.04754163089784,-1.22891245926119,754.8,0.1999999999998181,0.013345392516430188,0.006496455400039958,0.014842622213823917,0.07421311106918708
method2,3775,5.0,1223.8317,3.06086199681728,-1.22236212320977,755.0,0.20000000000004547,0.013320365919439858,0.00655033605142008,0.014843821967886453,0.07421910983941539
method2,3776,5.0,1224.0317,3.07415711860463,-1.2157580027849,755.2,0.20000000000004547,0.013295121787350261,0.006604120424869908,0.014845021722000258,0.07422510860998441
method2,3777,5.0,1224.2317,3.0874267790946,-1.20910019514271,755.4000000000001,0.20000000000004547,0.013269660489970025,0.006657807642189928,0.014846221476169421,0.07423110738083023
method2,3778,5.0,1224.4317,3.10067076149527,-1.20238879831624,755.6000000000001,0.20000000000004547,0.013243982400669818,0.00671139682647004,0.014847421230355257,0.07423710615175941
method2,3779,5.0,1224.6317,3.11388884939166,-1.19562391121387,755.8,0.1999999999998181,0.013218087896389896,0.006764887102369999,0.014848620984606651,0.07424310492310078
method2,3780,5.0,1224.8317,3.12708082674923,-1.18880563361798,756.0,0.20000000000004547,0.01319197735756994,0.006818277595890043,0.014849820738892914,0.07424910369444769
method2,3781,5.0,1225.0317,3.14024647791739,-1.18193406618344,756.2,0.20000000000004547,0.013165651168160153,0.006871567434539871,0.01485102049318853,0.07425510246592576
method2,3782,5.0,1225.2317,3.15338558763312,-1.17500931043613,756.4000000000001,0.20000000000004547,0.013139109715730068,0.006924755747309996,0.014852220247555416,0.0742611012377602
method2,3783,5.0,1225.4317,3.16649794102437,-1.16803146877145,756.6000000000001,0.20000000000004547,0.013112353391250053,0.006977841664680184,0.01485342000195152,0.07426710000974071
method2,3784,5.0,1225.6317,3.17958332361365,-1.16100064445287,756.8,0.1999999999998181,0.013085382589280048,0.007030824318579931,0.014854619756377757,0.07427309878195633
method2,3785,5.0,1225.8317,3.19264152132152,-1.1539169416103,757.0,0.20000000000004547,0.013058197707869645,0.007083702842570094,0.01485581951087343,0.07427909755435026
method2,3786,5.0,1226.0317,3.20567232047004,-1.14678046523871,757.2,0.20000000000004547,0.013030799148520344,0.007136476371589984,0.014857019265362103,0.07428509632679363
method2,3787,5.0,1226.2317,3.21867550778637,-1.13959132119642,757.4000000000001,0.20000000000004547,0.013003187316329878,0.0071891440422899855,0.01485821901993492,0.07429109509965771
method2,3788,5.0,1226.4317,3.23165087040615,-1.13234961620367,757.6000000000001,0.20000000000004547,0.01297536261977994,0.007241704992750009,0.01485941877452826,0.07429709387262441
method2,3789,5.0,1226.6317,3.24459819587703,-1.12505545784099,757.8,0.1999999999998181,0.012947325470880067,0.007294158362679992,0.014860618529144547,0.07430309264579031
method2,3790,5.0,1226.8317,3.2575172721622,-1.11770895454759,758.0,0.20000000000004547,0.012919076285169862,0.00734650329339992,0.014861818283843137,0.0743090914191988
method2,3791,5.0,1227.0317,3.27040788764373,-1.11031021561982,758.2,0.20000000000004547,0.012890615481530254,0.007398738927770099,0.01486301803854009,0.07431509019268355
method2,3792,5.0,1227.2317,3.28326983112615,-1.10285935120948,758.4000000000001,0.20000000000004547,0.012861943482419758,0.00745086441033993,0.014864217793285669,0.07432108896641144
method2,3793,5.0,1227.4317,3.2961028918399,-1.09535647232225,758.6000000000001,0.20000000000004547,0.012833060713750122,0.007502878887230002,0.014865417548095934,0.07432708774046277
method2,3794,5.0,1227.6317,3.30890685944468,-1.08780169081603,758.8,0.1999999999998181,0.012803967604780198,0.007554781506220021,0.014866617302903335,0.07433308651458428
method2,3795,5.0,1227.8317,3.32168152403304,-1.08019511939923,759.0,0.20000000000004547,0.012774664588359741,0.007606571416799879,0.01486781705779195,0.07433908528894285
method2,3796,5.0,1228.0317,3.3344266761337,-1.07253687162919,759.2,0.20000000000004547,0.012745152100659851,0.007658247770039983,0.014869016812697354,0.07434508406346987
method2,3797,5.0,1228.2317,3.34714210671503,-1.06482706191041,759.4000000000001,0.20000000000004547,0.012715430581330178,0.007709809718779992,0.014870216567636839,0.07435108283816728
method2,3798,5.0,1228.4317,3.35982760718851,-1.05706580549289,759.6000000000001,0.20000000000004547,0.012685500473479827,0.007761256417520013,0.014871416322635597,0.07435708161316108
method2,3799,5.0,1228.6317,3.37248296941209,-1.04925321847042,759.8,0.1999999999998181,0.012655362223580102,0.007812587022470119,0.014872616077667265,0.07436308038840396
method2,3800,5.0,1228.8317,3.38510798569361,-1.04138941777883,760.0,0.20000000000004547,0.012625016281520018,0.007863800691589873,0.014873815832720766,0.07436907916358693
method2,3801,5.0,1229.0317,3.39770244879427,-1.03347452119426,760.2,0.20000000000004547,0.012594463100660036,0.007914896584570119,0.014875015587834755,0.07437507793915686
method2,3802,5.0,1229.2317,3.41026615193195,-1.02550864733141,760.4000000000001,0.20000000000004547,0.012563703137680182,0.007965873862850081,0.014876215342975946,0.07438107671486281
method2,3803,5.0,1229.4317,3.42279888878465,-1.01749191564174,760.6000000000001,0.20000000000004547,0.012532736852699955,0.008016731689669987,0.01487741509816751,0.07438707549082063
method2,3804,5.0,1229.6317,3.43530045349387,-1.00942444641174,760.8,0.1999999999998181,0.012501564709219704,0.008067469230000013,0.014878614853399644,0.07439307426706589
method2,3805,5.0,1229.8317,3.44777064066795,-1.0013063607611,761.0,0.20000000000004547,0.012470187174080216,0.008118085650639983,0.014879814608647566,0.07439907304322091
method2,3806,5.0,1230.0317,3.46020924538551,-0.993137780640874,761.2,0.20000000000004547,0.012438604717559976,0.008168580120225921,0.014881014363955685,0.07440507181976151
method2,3807,5.0,1230.2317,3.47261606319878,-0.984918828831713,761.4000000000001,0.20000000000004547,0.01240681781326991,0.00821895180916099,0.014882214119309744,0.0744110705965318
method2,3808,5.0,1230.4317,3.48499089013691,-0.976649628941996,761.6000000000001,0.20000000000004547,0.012374826938130301,0.008269199889716972,0.014883413874671715,0.07441706937334165
method2,3809,5.0,1230.6317,3.49733352270944,-0.96833030540596,761.8,0.1999999999998181,0.012342632572529766,0.008319323536036038,0.014884613630112,0.07442306815062769
method2,3810,5.0,1230.8317,3.5096437579095,-0.959960983481889,762.0,0.20000000000004547,0.012310235200060138,0.008369321924071027,0.014885813385553899,0.07442906692775257
method2,3811,5.0,1231.0317,3.52192139321728,-0.951541789250167,762.2,0.20000000000004547,0.01227763530777981,0.008419194231721994,0.014887013141067027,0.07443506570531822
method2,3812,5.0,1231.2317,3.53416622660327,-0.943072849611448,762.4000000000001,0.20000000000004547,0.012244833385989917,0.008468939638718975,0.014888212896614515,0.07444106448305565
method2,3813,5.0,1231.4317,3.54637805653158,-0.934554292284726,762.6000000000001,0.20000000000004547,0.01221182992831027,0.00851855732672202,0.014889412652170798,0.07444706326083707
method2,3814,5.0,1231.6317,3.55855668196335,-0.925986245805386,762.8,0.1999999999998181,0.012178625431769952,0.008568046479339952,0.014890612407805247,0.07445306203909395
method2,3815,5.0,1231.8317,3.57070190235994,-0.917368839523328,763.0,0.20000000000004547,0.012145220396589718,0.008617406282057982,0.01489181216346054,0.07445906081728576
method2,3816,5.0,1232.0317,3.58281351768629,-0.90870220360099,763.2,0.20000000000004547,0.0121116153263503,0.008666635922338073,0.01489301191914665,0.07446505959571632
method2,3817,5.0,1232.2317,3.59489132841422,-0.899986469011371,763.4000000000001,0.20000000000004547,0.012077810727929794,0.00871573458961894,0.014894211674888204,0.07447105837442408
method2,3818,5.0,1232.4317,3.60693513552568,-0.89122176753611,763.6000000000001,0.20000000000004547,0.012043807111460136,0.008764701475260983,0.01489541143065541,0.07447705715326011
method2,3819,5.0,1232.6317,3.61894474051606,-0.882408231763435,763.8,0.1999999999998181,0.012009604990379952,0.008813535772675074,0.014896611186480712,0.0744830559324713
method2,3820,5.0,1232.8317,3.63091994539743,-0.87354599508623,764.0,0.20000000000004547,0.01197520488137016,0.008862236677204982,0.01489781094233609,0.07448905471166352
method2,3821,5.0,1233.0317,3.6428605527018,-0.864635191699983,764.2,0.20000000000004547,0.011940607304369966,0.008910803386246946,0.014899010698214947,0.0744950534910578
method2,3822,5.0,1233.2317,3.65476636548442,-0.855675956600751,764.4000000000001,0.20000000000004547,0.011905812782619929,0.008959235099232021,0.014900210454154903,0.07450105227075758
method2,3823,5.0,1233.4317,3.66663718732698,-0.84666842558316,764.6000000000001,0.20000000000004547,0.011870821842559831,0.009007531017590997,0.014901410210133116,0.07450705105064864
method2,3824,5.0,1233.6317,3.67847282234083,-0.837612735238333,764.8,0.1999999999998181,0.011835635013849988,0.009055690344827005,0.01490260996612556,0.07451304983069557
method2,3825,5.0,1233.8317,3.69027307517029,-0.8285090229518,765.0,0.20000000000004547,0.011800252829460067,0.009103712286533061,0.01490380972218692,0.07451904861091765
method2,3826,5.0,1234.0317,3.70203775099578,-0.819357426901477,765.2,0.20000000000004547,0.011764675825490123,0.009151596050323008,0.01490500947826466,0.07452504739130636
method2,3827,5.0,1234.2317,3.7137666555371,-0.810158086055509,765.4000000000001,0.20000000000004547,0.011728904541319807,0.009199340845967963,0.014906209234399165,0.07453104617197888
method2,3828,5.0,1234.4317,3.72545959505661,-0.800911140170225,765.6000000000001,0.20000000000004547,0.011692939519510226,0.009246945885283964,0.014907408990575594,0.07453704495286102
method2,3829,5.0,1234.6317,3.73711637636238,-0.791616729787993,765.8,0.1999999999998181,0.011656781305769748,0.009294410382231999,0.014908608746757193,0.07454304373385376
method2,3830,5.0,1234.8317,3.7487368068115,-0.782274996235068,766.0,0.20000000000004547,0.01162043044912009,0.009341733552925002,0.01490980850301848,0.07454904251507545
method2,3831,5.0,1235.0317,3.76032069431314,-0.772886081619494,766.2,0.20000000000004547,0.011583887501640078,0.009388914615574007,0.014911008259309374,0.07455504129652991
method2,3832,5.0,1235.2317,3.77186784733175,-0.763450128828932,766.4000000000001,0.20000000000004547,0.011547153018609979,0.009435952790561974,0.01491220801561284,0.07456104007804724
method2,3833,5.0,1235.4317,3.78337807489029,-0.753967281528457,766.6000000000001,0.20000000000004547,0.01151022755853992,0.009482847300474995,0.014913407771984837,0.07456703885990723
method2,3834,5.0,1235.6317,3.7948511865733,-0.744437684158439,766.8,0.1999999999998181,0.011473111683010018,0.009529597370018017,0.014914607528375505,0.07457303764194535
method2,3835,5.0,1235.8317,3.80628699253012,-0.734861481932282,767.0,0.20000000000004547,0.011435805956820033,0.009576202226157071,0.014915807284833637,0.07457903642415123
method2,3836,5.0,1236.0317,3.81768530347794,-0.725238820834273,767.2,0.20000000000004547,0.011398310947820178,0.009622661098008911,0.014917007041304614,0.07458503520650611
method2,3837,5.0,1236.2317,3.82904593070502,-0.71556984761734,767.4000000000001,0.20000000000004547,0.011360627227079867,0.009668973216933052,0.014918206797817125,0.07459103398906866
method2,3838,5.0,1236.4317,3.84036868607376,-0.705854709800792,767.6000000000001,0.20000000000004547,0.011322755368739834,0.00971513781654798,0.014919406554379011,0.0745970327718781
method2,3839,5.0,1236.6317,3.85165338202383,-0.696093555668123,767.8,0.1999999999998181,0.011284695950070311,0.009761154132668981,0.014920606310979927,0.07460303155496749
method2,3840,5.0,1236.8317,3.86289983157525,-0.686286534264732,768.0,0.20000000000004547,0.011246449551419957,0.00980702140339107,0.01492180606760471,0.07460903033800659
method2,3841,5.0,1237.0317,3.87410784833152,-0.676433795395623,768.2,0.20000000000004547,0.011208016756270034,0.009852738869108979,0.01492300582428623,0.07461502912141418
method2,3842,5.0,1237.2317,3.88527724648268,-0.666535489623187,768.4000000000001,0.20000000000004547,0.011169398151159804,0.009898305772436,0.014924205580993982,0.07462102790495294
method2,3843,5.0,1237.4317,3.89640784080839,-0.656591768264831,768.6000000000001,0.20000000000004547,0.011130594325710064,0.009943721358355972,0.01492540533775059,0.07462702668873598
method2,3844,5.0,1237.6317,3.90749944668102,-0.646602783390736,768.8,0.1999999999998181,0.011091605872629806,0.009988984874095053,0.014926605094550327,0.07463302547281951
method2,3845,5.0,1237.8317,3.91855188006864,-0.636568687821506,769.0,0.20000000000004547,0.011052433387620297,0.010034095569229962,0.014927804851357892,0.07463902425677249
method2,3846,5.0,1238.0317,3.9295649575382,-0.626489635125813,769.2,0.20000000000004547,0.011013077469559818,0.01007905269569298,0.014929004608247731,0.07464502304122168
method2,3847,5.0,1238.2317,3.94053849625842,-0.6163657796181,769.4000000000001,0.20000000000004547,0.010973538720219889,0.010123855507712998,0.014930204365152406,0.07465102182574505
method2,3848,5.0,1238.4317,3.95147231400291,-0.606197276356198,769.6000000000001,0.20000000000004547,0.010933817744490426,0.010168503261901995,0.014931404122085948,0.07465702061041277
method2,3849,5.0,1238.6317,3.96236622915321,-0.59598428113893,769.8,0.1999999999998181,0.010893915150299804,0.01021299521726804,0.014932603879091932,0.07466301939552757
method2,3850,5.0,1238.8317,3.9732200607017,-0.585726950503795,770.0,0.20000000000004547,0.010853831548490067,0.010257330635135009,0.014933803636096112,0.07466901818046358
method2,3851,5.0,1239.0317,3.98403362825473,-0.57542544172449,770.2,0.20000000000004547,0.01081356755303009,0.010301508779305024,0.01493500339317148,0.07467501696584042
method2,3852,5.0,1239.2317,3.99480675203553,-0.565079912808579,770.4000000000001,0.20000000000004547,0.010773123780799754,0.010345528915910895,0.01493620315027824,0.07468101575137422
method2,3853,5.0,1239.4317,4.0055392528872,-0.55469052249504,770.6000000000001,0.20000000000004547,0.01073250085166988,0.010389390313539026,0.014937402907405063,0.07468701453700834
method2,3854,5.0,1239.6317,4.01623095227575,-0.544257430251807,770.8,0.1999999999998181,0.010691699388550191,0.010433092243233077,0.014938602664604703,0.07469301332309145
method2,3855,5.0,1239.8317,4.02688167229296,-0.533780796273383,771.0,0.20000000000004547,0.010650720017210347,0.01047663397842391,0.014939802421815074,0.07469901210905838
method2,3856,5.0,1240.0317,4.03749123565943,-0.523260781478356,771.2,0.20000000000004547,0.010609563366469565,0.010520014795027066,0.014941002179061531,0.07470501089529068
method2,3857,5.0,1240.2317,4.04805946572751,-0.512697547506907,771.4000000000001,0.20000000000004547,0.010568230068080275,0.010563233971448982,0.014942201936376374,0.07471100968186488
method2,3858,5.0,1240.4317,4.05858618648416,-0.502091256718388,771.6000000000001,0.20000000000004547,0.01052672075664951,0.010606290788519046,0.014943401693694097,0.0747170084684535
method2,3859,5.0,1240.6317,4.069071222554,-0.491442072188767,771.8,0.1999999999998181,0.010485036069840525,0.010649184529620936,0.014944601451085096,0.07472300725549344
method2,3860,5.0,1240.8317,4.07951439920212,-0.480750157708179,772.0,0.20000000000004547,0.010443176648119668,0.010691914480587983,0.0149458012085013,0.07472900604248951
method2,3861,5.0,1241.0317,4.08991554233702,-0.470015677778393,772.2,0.20000000000004547,0.01040114313490026,0.010734479929786045,0.014947000965935013,0.07473500482965807
method2,3862,5.0,1241.2317,4.10027447851357,-0.459238797610247,772.4000000000001,0.20000000000004547,0.010358936176549705,0.010776880168145986,0.014948200723445229,0.07474100361720915
method2,3863,5.0,1241.4317,4.11059103493579,-0.448419683121176,772.6000000000001,0.20000000000004547,0.010316556422219847,0.010819114489070969,0.0149494004809715,0.0747470024048405
method2,3864,5.0,1241.6317,4.1208650394598,-0.437558500932625,772.8,0.1999999999998181,0.010274004524010394,0.010861182188551033,0.014950600238528358,0.07475300119270978
method2,3865,5.0,1241.8317,4.13109632059668,-0.42665541836746,773.0,0.20000000000004547,0.0102312811368801,0.010903082565164979,0.014951799996143711,0.07475899998070155
method2,3866,5.0,1242.0317,4.14128470751531,-0.415710603447467,773.2,0.20000000000004547,0.010188386918629888,0.010944814919992996,0.014952999753782179,0.07476499876889389
method2,3867,5.0,1242.2317,4.15143003004523,-0.40472422489068,773.4000000000001,0.20000000000004547,0.010145322529919731,0.010986378556787024,0.014954199511479263,0.07477099755737932
method2,3868,5.0,1242.4317,4.16153211867946,-0.39369645210886,773.6000000000001,0.20000000000004547,0.010102088634230455,0.011027772781819989,0.014955399269203678,0.07477699634600139
method2,3869,5.0,1242.6317,4.17159080457734,-0.382627455204852,773.8,0.1999999999998181,0.010058685897879727,0.011068996904008033,0.014956599026956091,0.07478299513484847
method2,3870,5.0,1242.8317,4.18160591956735,-0.371517404969937,774.0,0.20000000000004547,0.010015114990009621,0.011110050234914959,0.014957798784762728,0.07478899392379663
method2,3871,5.0,1243.0317,4.19157729614992,-0.36036647288126,774.2,0.20000000000004547,0.009971376582570635,0.011150932088677012,0.014958998542607212,0.07479499271301905
method2,3872,5.0,1243.2317,4.2015047675002,-0.349174831099158,774.4000000000001,0.20000000000004547,0.009927471350279937,0.011191641782102024,0.01496019830047452,0.07480099150235558
method2,3873,5.0,1243.4317,4.21138816747088,-0.337942652464471,774.6000000000001,0.20000000000004547,0.009883399970679996,0.011232178634686951,0.014961398058402008,0.07480699029199303
method2,3874,5.0,1243.6317,4.22122733059494,-0.326670110495953,774.8,0.1999999999998181,0.009839163124059525,0.011272541968518013,0.014962597816350365,0.07481298908181987
method2,3875,5.0,1243.8317,4.23102209208842,-0.31535737938751,775.0,0.20000000000004547,0.00979476149348013,0.011312731108442997,0.01496379757434907,0.07481898787172833
method2,3876,5.0,1244.0317,4.2407722878532,-0.304004634005581,775.2,0.20000000000004547,0.009750195764779868,0.011352745381929041,0.014964997332390088,0.07482498666193343
method2,3877,5.0,1244.2317,4.25047775447969,-0.292612049886414,775.4000000000001,0.20000000000004547,0.009705466626490633,0.011392584119166993,0.014966197090450849,0.07483098545223722
method2,3878,5.0,1244.4317,4.26013832924962,-0.281179803233318,775.6000000000001,0.20000000000004547,0.009660574769929653,0.011432246653096001,0.014967396848571434,0.07483698424284016
method2,3879,5.0,1244.6317,4.26975385013872,-0.269708070914005,775.8,0.1999999999998181,0.009615520889100004,0.011471732319312977,0.014968596606719297,0.07484298303366456
method2,3880,5.0,1244.8317,4.27932415581945,-0.258197030457829,776.0,0.20000000000004547,0.009570305680729696,0.011511040456176014,0.014969796364891808,0.07484898182444202
method2,3881,5.0,1245.0317,4.28884908566373,-0.246646860053005,776.2,0.20000000000004547,0.00952492984428055,0.011550170404823978,0.014970996123135493,0.07485498061566044
method2,3882,5.0,1245.2317,4.29832847974556,-0.235057738543929,776.4000000000001,0.20000000000004547,0.009479394081830073,0.011589121509076011,0.014972195881391722,0.07486097940694159
method2,3883,5.0,1245.4317,4.30776217884376,-0.223429845428332,776.6000000000001,0.20000000000004547,0.009433699098199355,0.011627893115597004,0.014973395639704293,0.07486697819850445
method2,3884,5.0,1245.6317,4.31715002444461,-0.211763360854571,776.8,0.1999999999998181,0.009387845600850042,0.011666484573760988,0.01497459539804674,0.07487297699030179
method2,3885,5.0,1245.8317,4.32649185874451,-0.200058465618813,777.0,0.20000000000004547,0.00934183429990032,0.011704895235758017,0.014975795156413728,0.07487897578205162
method2,3886,5.0,1246.0317,4.33578752465266,-0.188315341162199,777.2,0.20000000000004547,0.009295665908149786,0.01174312445661399,0.014976994914850703,0.07488497457423648
method2,3887,5.0,1246.2317,4.34503686579363,-0.176534169568107,777.4000000000001,0.20000000000004547,0.009249341140970202,0.011781171594092005,0.01497819467330707,0.07489097336651832
method2,3888,5.0,1246.4317,4.35423972651003,-0.164715133559292,777.6000000000001,0.20000000000004547,0.009202860716399641,0.01181903600881501,0.014979394431789209,0.07489697215892901
method2,3889,5.0,1246.6317,4.36339595186514,-0.152858416495025,777.8,0.1999999999998181,0.009156225355110514,0.011856717064266997,0.014980594190340011,0.07490297095176818
method2,3890,5.0,1246.8317,4.37250538764545,-0.140964202368328,778.0,0.20000000000004547,0.009109435780310093,0.011894214126697,0.01498179394890052,0.07490896974448558
method2,3891,5.0,1247.0317,4.38156788036332,-0.129032675803032,778.2,0.20000000000004547,0.009062492717869297,0.011931526565296002,0.014982993707527153,0.07491496853761873
method2,3892,5.0,1247.2317,4.3905832772595,-0.117064022050994,778.4000000000001,0.20000000000004547,0.009015396896180583,0.011968653752037983,0.014984193466177463,0.07492096733087028
method2,3893,5.0,1247.4317,4.39955142630573,-0.105058426989187,778.6000000000001,0.20000000000004547,0.00896814904622989,0.012005595061806998,0.014985393224853281,0.07492696612424937
method2,3894,5.0,1247.6317,4.40847217620732,-0.093016077116785,778.8,0.1999999999998181,0.00892074990158953,0.012042349872402006,0.014986592983598716,0.07493296491806173
method2,3895,5.0,1247.8317,4.41734537640562,-0.0809371595523332,779.0,0.20000000000004547,0.008873200198300069,0.0120789175644518,0.014987792742359849,0.0749389637117822
method2,3896,5.0,1248.0317,4.42617087708064,-0.0688218620308128,779.2,0.20000000000004547,0.008825500675020415,0.012115297521520407,0.014988992501157119,0.07494496250576856
method2,3897,5.0,1248.2317,4.43494852915352,-0.0566703729006881,779.4000000000001,0.20000000000004547,0.008777652072879505,0.012151489130124697,0.014990192260010027,0.07495096130003309
method2,3898,5.0,1248.4317,4.44367818428905,-0.0444828811210622,779.6000000000001,0.20000000000004547,0.008729655135530479,0.0121874917796259,0.01499139201888012,0.07495696009438356
method2,3899,5.0,1248.6317,4.45235969489819,-0.0322595762586495,779.8,0.1999999999998181,0.00868151060914002,0.012223304862412694,0.014992591777811218,0.07496295888912427
method2,3900,5.0,1248.8317,4.46099291414054,-0.0200006484849116,780.0,0.20000000000004547,0.008633219242350165,0.012258927773737903,0.014993791536773068,0.0749689576838483
method2,3901,5.0,1249.0317,4.4695776959268,-0.00770628857305988,780.2,0.20000000000004547,0.008584781786259654,0.01229435991185172,0.014994991295757465,0.07497495647877027
method2,3902,5.0,1249.2317,4.47811389492129,0.00462331210493483,780.4000000000001,0.20000000000004547,0.00853619899449054,0.01232960067799471,0.014996191054809515,0.07498095527403052
method2,3903,5.0,1249.4317,4.48660136654432,0.0169879615812474,780.6000000000001,0.20000000000004547,0.008487471623029208,0.012364649476312571,0.014997390813865018,0.07498695406930804
method2,3904,5.0,1249.6317,4.49503996697473,0.029387467295273,780.8,0.1999999999998181,0.008438600430410226,0.0123995057140256,0.014998590572992956,0.07499295286503299
method2,3905,5.0,1249.8317,4.50342955315224,0.0418216360965435,781.0,0.20000000000004547,0.008389586177510289,0.012434168801270497,0.014999790332146656,0.07499895166071623
method2,3906,5.0,1250.0317,4.51176998277988,0.0542902742477702,781.2,0.20000000000004547,0.0083404296276397,0.012468638151226702,0.01500099009131851,0.0750049504565755
method2,3907,5.0,1250.2317,4.52006111432646,0.0667931874278915,781.4000000000001,0.20000000000004547,0.008291131546580566,0.012502913180121304,0.015002189850563633,0.0750109492528011
method2,3908,5.0,1250.4317,4.52830280702887,0.0793301807350335,781.6000000000001,0.20000000000004547,0.008241692702409154,0.012536993307142003,0.015003389609827096,0.07501694804911842
method2,3909,5.0,1250.6317,4.53649492089452,0.0919010586895783,781.8,0.1999999999998181,0.008192113865650441,0.012570877954544799,0.01500458936911779,0.07502294684565719
method2,3910,5.0,1250.8317,4.54463731670372,0.104505625237247,782.0,0.20000000000004547,0.008142395809199954,0.0126045665476687,0.015005789128475909,0.07502894564236248
method2,3911,5.0,1251.0317,4.55272985601199,0.11714368375207,782.2,0.20000000000004547,0.008092539308270474,0.012638058514822997,0.015006988887847983,0.07503494443922286
method2,3912,5.0,1251.2317,4.56077240115243,0.129815037039551,782.4000000000001,0.20000000000004547,0.008042545140440005,0.012671353287480994,0.01500818864727421,0.07504094323635399
method2,3913,5.0,1251.4317,4.56876481523808,0.142519487339656,782.6000000000001,0.20000000000004547,0.00799241408564999,0.012704450300105002,0.015009388406738445,0.07504694203367517
method2,3914,5.0,1251.6317,4.57670696216417,0.155256836329935,782.8,0.1999999999998181,0.007942146926089855,0.012737348990279007,0.015010588166216544,0.07505294083115098
method2,3915,5.0,1251.8317,4.58459870661054,0.168026885128647,783.0,0.20000000000004547,0.007891744446369309,0.012770048798711992,0.01501178792576975,0.07505893962883169
method2,3916,5.0,1252.0317,4.59243991404381,0.1808294342978,783.2,0.20000000000004547,0.007841207433270547,0.012802549169152994,0.01501298768533956,0.07506493842668073
method2,3917,5.0,1252.2317,4.60023045071976,0.193664283846293,783.4000000000001,0.20000000000004547,0.007790536675949866,0.01283484954849301,0.015014187444939243,0.07507093722467915
method2,3918,5.0,1252.4317,4.60797018368557,0.206531233233077,783.6000000000001,0.20000000000004547,0.007739732965809765,0.01286694938678401,0.01501538720460128,0.07507693602298933
method2,3919,5.0,1252.6317,4.61565898078206,0.219430081370204,783.8,0.1999999999998181,0.007688797096490063,0.012898848137126995,0.015016586964275823,0.0750829348214474
method2,3920,5.0,1252.8317,4.62329671064599,0.232360626626059,784.0,0.20000000000004547,0.007637729863930076,0.012930545255854992,0.015017786724017736,0.0750889336200716
method2,3921,5.0,1253.0317,4.63088324271223,0.245322666828429,784.2,0.20000000000004547,0.007586532066239826,0.01296204020236999,0.015018986483779155,0.0750949324188787
method2,3922,5.0,1253.2317,4.63841844721602,0.258315999267704,784.4000000000001,0.20000000000004547,0.007535204503790638,0.012993332439275002,0.01502018624356778,0.07510093121782183
method2,3923,5.0,1253.4317,4.64590219519521,0.271340420700069,784.6000000000001,0.20000000000004547,0.007483747979189381,0.013024421432364985,0.015021386003424236,0.0751069300171041
method2,3924,5.0,1253.6317,4.65333435849238,0.284395727350621,784.8,0.1999999999998181,0.0074321632971701135,0.013055306650552045,0.01502258576330157,0.07511292881657616
method2,3925,5.0,1253.8317,4.66071480975709,0.297481714916585,785.0,0.20000000000004547,0.00738045126471043,0.013085987565963964,0.015023785523207166,0.07511892761601875
method2,3926,5.0,1254.0317,4.66804342244804,0.310598178570547,785.2,0.20000000000004547,0.007328612690949754,0.013116463653962018,0.015024985283176036,0.0751249264158631
method2,3927,5.0,1254.2317,4.6753200708352,0.323744912963577,785.4000000000001,0.20000000000004547,0.007276648387160023,0.01314673439302999,0.015026185043158367,0.07513092521577475
method2,3928,5.0,1254.4317,4.68254463000199,0.336921712228536,785.6000000000001,0.20000000000004547,0.007224559166790101,0.013176799264959016,0.015027384803200965,0.07513692401598775
method2,3929,5.0,1254.6317,4.68971697584741,0.350128369983211,785.8,0.1999999999998181,0.007172345845419592,0.013206657754675,0.015028584563272251,0.07514292281642959
method2,3930,5.0,1254.8317,4.69683698508814,0.363364679333591,786.0,0.20000000000004547,0.007120009240730418,0.013236309350380004,0.015029784323370833,0.07514892161683707
method2,3931,5.0,1255.0317,4.70390453526067,0.376630432877132,786.2,0.20000000000004547,0.007067550172529913,0.013265753543540981,0.015030984083525527,0.07515492041761054
method2,3932,5.0,1255.2317,4.7109195047234,0.389925422705942,786.4000000000001,0.20000000000004547,0.007014969462729503,0.01329498982881,0.015032183843713088,0.07516091921854835
method2,3933,5.0,1255.4317,4.71788177265869,0.40324944041007,786.6000000000001,0.20000000000004547,0.006962267935290534,0.013324017704128,0.015033383603922673,0.07516691801959627
method2,3934,5.0,1255.6317,4.72479121907499,0.416602277080806,786.8,0.1999999999998181,0.006909446416299758,0.013352836670736001,0.015034583364199676,0.07517291682106675
method2,3935,5.0,1255.8317,4.73164772480881,0.429983723313875,787.0,0.20000000000004547,0.0068565057338201285,0.013381446233069028,0.015035783124480931,0.07517891562238756
method2,3936,5.0,1256.0317,4.73845117152687,0.443393569212816,787.2,0.20000000000004547,0.006803446718059547,0.013409845898940953,0.015036982884834934,0.07518491442415758
method2,3937,5.0,1256.2317,4.74520144172803,0.456831604392183,787.4000000000001,0.20000000000004547,0.006750270201160369,0.013438035179367036,0.015038182645206158,0.07519091322601369
method2,3938,5.0,1256.4317,4.75189841874539,0.470297617980886,787.6000000000001,0.20000000000004547,0.006696977017360162,0.013466013588702974,0.015039382405610391,0.07519691202803486
method2,3939,5.0,1256.6317,4.75854198674824,0.483791398625533,787.8,0.1999999999998181,0.006643568002849598,0.013493780644647013,0.015040582166071145,0.07520291083042412
method2,3940,5.0,1256.8317,4.76513203074409,0.497312734493676,788.0,0.20000000000004547,0.006590043995850614,0.013521335868143025,0.015041781926566342,0.07520890963281461
method2,3941,5.0,1257.0317,4.7716684365806,0.510861413277167,788.2,0.20000000000004547,0.006536405836509829,0.01354867878349103,0.015042981687078521,0.07521490843537551
method2,3942,5.0,1257.2317,4.77815109094762,0.524437222195528,788.4000000000001,0.20000000000004547,0.006482654367020224,0.013575808918360965,0.015044181447659274,0.07522090723827927
method2,3943,5.0,1257.4317,4.78457988137905,0.538039947999211,788.6000000000001,0.20000000000004547,0.006428790431429299,0.013602725803682936,0.015045381208245223,0.075226906041209
method2,3944,5.0,1257.6317,4.79095469625489,0.551669376973039,788.8,0.1999999999998181,0.006374814875840684,0.013629428973828017,0.015046580968906601,0.07523290484460143
method2,3945,5.0,1257.8317,4.79727542480305,0.565325294939478,789.0,0.20000000000004547,0.006320728548159238,0.013655917966439057,0.015047780729583621,0.07523890364790099
method2,3946,5.0,1258.0317,4.80354195710134,0.579007487262039,789.2,0.20000000000004547,0.006266532298289995,0.01368219232256096,0.015048980490287632,0.07524490245142106
method2,3947,5.0,1258.2317,4.80975418407936,0.592715738848689,789.4000000000001,0.20000000000004547,0.006212226978020041,0.013708251586650011,0.015050180251057877,0.07525090125527227
method2,3948,5.0,1258.4317,4.81591199752035,0.606449834155155,789.6000000000001,0.20000000000004547,0.00615781344099009,0.013734095306465965,0.015051380011850364,0.0752569000592347
method2,3949,5.0,1258.6317,4.82201529006311,0.620209557188349,789.8,0.1999999999998181,0.006103292542760208,0.01375972303319406,0.015052579772674301,0.07526289886343995
method2,3950,5.0,1258.8317,4.82806395520381,0.633994691509803,790.0,0.20000000000004547,0.006048665140699683,0.013785134321454007,0.015053779533553848,0.07526889766775213
method2,3951,5.0,1259.0317,4.83405788729788,0.647805020238982,790.2,0.20000000000004547,0.005993932094070509,0.013810328729178978,0.015054979294449884,0.0752748964722323
method2,3952,5.0,1259.2317,4.83999698156182,0.661640326056801,790.4000000000001,0.20000000000004547,0.0059390942639394595,0.013835305817819,0.01505617905540894,0.07528089527702758
method2,3953,5.0,1259.4317,4.84588113407501,0.67550039120895,790.6000000000001,0.20000000000004547,0.0058841525131905215,0.013860065152148993,0.015057378816391026,0.075286894081938
method2,3954,5.0,1259.6317,4.85171024178155,0.689384997509362,790.8,0.1999999999998181,0.005829107706539993,0.013884606300411995,0.01505857857740512,0.07529289288709408
method2,3955,5.0,1259.8317,4.857484202492,0.703293926343682,791.0,0.20000000000004547,0.005773960710450332,0.013908928834320045,0.015059778338475095,0.07529889169235836
method2,3956,5.0,1260.0317,4.86320291488521,0.717226958672633,791.2,0.20000000000004547,0.005718712393209202,0.013933032328950934,0.015060978099573626,0.07530489049785101
method2,3957,5.0,1260.2317,4.86886627851003,0.731183875035505,791.4000000000001,0.20000000000004547,0.005663363624820228,0.013956916362871996,0.01506217786069269,0.07531088930344633
method2,3958,5.0,1260.4317,4.87447419378714,0.745164455553646,791.6000000000001,0.20000000000004547,0.0056079152771104646,0.013980580518140995,0.015063377621883894,0.07531688810940235
method2,3959,5.0,1260.6317,4.88002656201069,0.759168479933837,791.8,0.1999999999998181,0.005552368223550097,0.014004024380190994,0.015064577383082228,0.07532288691547964
method2,3960,5.0,1260.8317,4.8855232853501,0.773195727471863,792.0,0.20000000000004547,0.005496723339409648,0.014027247538026089,0.01506577714434505,0.07532888572170812
method2,3961,5.0,1261.0317,4.89096426685172,0.787245977055905,792.2,0.20000000000004547,0.005440981501619646,0.014050249584041996,0.015066976905631716,0.07533488452814145
method2,3962,5.0,1261.2317,4.89634941044055,0.80131900717006,792.4000000000001,0.20000000000004547,0.0053851435888301324,0.01407303011415495,0.015068176666943826,0.075340883334702
method2,3963,5.0,1261.4317,4.90167862092193,0.815414595897872,792.6000000000001,0.20000000000004547,0.005329210481380464,0.014095588727812025,0.015069376428322335,0.07534688214159455
method2,3964,5.0,1261.6317,4.90695180398318,0.82953252092575,792.8,0.1999999999998181,0.005273183061249576,0.014117925027878009,0.0150705761897226,0.07535288094868153
method2,3965,5.0,1261.8317,4.91216886619526,0.84367255954652,793.0,0.20000000000004547,0.005217062212079959,0.014140038620769957,0.015071775951147184,0.07535887975571878
method2,3966,5.0,1262.0317,4.91732971501444,0.857834488662968,793.2,0.20000000000004547,0.00516084881918033,0.01416192911644798,0.015072975712636575,0.07536487856316575
method2,3967,5.0,1262.2317,4.9224342587839,0.872018084791274,793.4000000000001,0.20000000000004547,0.005104543769459902,0.014183596128305997,0.015074175474142151,0.07537087737069362
method2,3968,5.0,1262.4317,4.92748240673532,0.88622312406464,793.6000000000001,0.20000000000004547,0.005048147951419502,0.014205039273366027,0.015075375235704487,0.0753768761785053
method2,3969,5.0,1262.6317,4.93247406899053,0.900449382236731,793.8,0.1999999999998181,0.004991662255210194,0.014226258172091,0.015076574997295509,0.07538287498654611
method2,3970,5.0,1262.8317,4.93740915656305,0.914696634685256,794.0,0.20000000000004547,0.00493508757252048,0.014247252448524983,0.015077774758910785,0.07538887379453678
method2,3971,5.0,1263.0317,4.9422875813597,0.928964656415547,794.2,0.20000000000004547,0.004878424796650016,0.01426802173029107,0.015078974520590847,0.07539487260293709
method2,3972,5.0,1263.2317,4.9471092561821,0.943253222064044,794.4000000000001,0.20000000000004547,0.00482167482239948,0.01428856564849701,0.01508017428229428,0.07540087141145425
method2,3973,5.0,1263.4317,4.95187409472826,0.957562105901881,794.6000000000001,0.20000000000004547,0.004764838546160277,0.014308883837836905,0.015081374044021486,0.07540687022009028
method2,3974,5.0,1263.6317,4.95658201159411,0.971891081838499,794.8,0.1999999999998181,0.004707916865849704,0.014328975936618082,0.015082573805817498,0.07541286902915607
method2,3975,5.0,1263.8317,4.96123292227494,0.986239923425125,795.0,0.20000000000004547,0.004650910680830123,0.014348841586625971,0.015083773567617177,0.07541886783806874
method2,3976,5.0,1264.0317,4.96582674316702,1.00060840385845,795.2,0.20000000000004547,0.00459382089208038,0.014368480433324948,0.015084973329487729,0.0754248666474215
method2,3977,5.0,1264.2317,4.97036339156897,1.01499629598413,795.4000000000001,0.20000000000004547,0.004536648401949783,0.014387892125680146,0.015086173091381468,0.07543086545689019
method2,3978,5.0,1264.4317,4.9748427856833,1.0294033723004,795.6000000000001,0.20000000000004547,0.004479394114330404,0.014407076316269807,0.01508737285329425,0.0754368642664541
method2,3979,5.0,1264.6317,4.97926484461782,1.04382940496175,795.8,0.1999999999998181,0.004422058934519413,0.014426032661350119,0.015088572615284169,0.07544286307648945
method2,3980,5.0,1264.8317,4.98362948838715,1.05827416578237,796.0,0.20000000000004547,0.004364643769330101,0.014444760820619962,0.015089772377278245,0.07544886188637406
method2,3981,5.0,1265.0317,4.98793663791405,1.07273742623991,796.2,0.20000000000004547,0.004307149526900034,0.014463260457540095,0.015090972139319524,0.07545486069658046
method2,3982,5.0,1265.2317,4.99218621503094,1.08721895747902,796.4000000000001,0.20000000000004547,0.004249577116890002,0.014481531239110002,0.015092171901410148,0.07546085950703359
method2,3983,5.0,1265.4317,4.99637814248119,1.10171853031496,796.6000000000001,0.20000000000004547,0.004191927450250432,0.014499572835939833,0.01509337166351135,0.07546685831753959
method2,3984,5.0,1265.6317,5.00051234392061,1.1162359152373,796.8,0.1999999999998181,0.004134201439419449,0.014517384922340115,0.015094571425684333,0.0754728571284903
method2,3985,5.0,1265.8317,5.00458874391875,1.13077088241346,797.0,0.20000000000004547,0.004076399998139912,0.014534967176159874,0.015095771187881725,0.07547885593939146
method2,3986,5.0,1266.0317,5.00860726796025,1.14532320169239,797.2,0.20000000000004547,0.004018524041500271,0.014552319278930081,0.015096970950095778,0.07548485475046172
method2,3987,5.0,1266.2317,5.01256784244626,1.15989264260827,797.4000000000001,0.20000000000004547,0.00396057448601006,0.014569440915880083,0.01509817071239276,0.07549085356194664
method2,3988,5.0,1266.4317,5.01647039469566,1.17447897438403,797.6000000000001,0.20000000000004547,0.0039025522494000597,0.014586331775759964,0.015099370474686761,0.07549685237341663
method2,3989,5.0,1266.6317,5.02031485294644,1.18908196593512,797.8,0.1999999999998181,0.0038444582507795033,0.014602991551089906,0.015100570237020513,0.07550285118517124
method2,3990,5.0,1266.8317,5.02410114635701,1.20370138587315,798.0,0.20000000000004547,0.0037862934105703516,0.014619419938030065,0.01510176999942058,0.07550884999708574
method2,3991,5.0,1267.0317,5.02782920500741,1.21833700250948,798.2,0.20000000000004547,0.0037280586503998236,0.014635616636329951,0.01510296976181966,0.07551484880908113
method2,3992,5.0,1267.2317,5.03149895990066,1.23298858385902,798.4000000000001,0.20000000000004547,0.0036697548932504986,0.014651581349540033,0.015104169524297762,0.07552084762147164
method2,3993,5.0,1267.4317,5.03511034296396,1.24765589764377,798.6000000000001,0.20000000000004547,0.003611383063299556,0.014667313784749947,0.015105369286786824,0.07552684643391695
method2,3994,5.0,1267.6317,5.03866328704993,1.2623387112966,798.8,0.1999999999998181,0.0035529440859702888,0.014682813652830085,0.01510656904931642,0.0755328452466508
method2,3995,5.0,1267.8317,5.04215772593787,1.27703679196491,799.0,0.20000000000004547,0.003494438887940099,0.01469808066830991,0.015107768811895869,0.07553884405946217
method2,3996,5.0,1268.0317,5.04559359433495,1.29174990651429,799.2,0.20000000000004547,0.0034358683970800996,0.014713114549379958,0.015108968574500047,0.07554484287248306
method2,3997,5.0,1268.2317,5.04897082787738,1.30647782153226,799.4000000000001,0.20000000000004547,0.0033772335424293587,0.014727915017970217,0.015110168337138491,0.07555084168567527
method2,3998,5.0,1268.4317,5.05228936313165,1.32122030333197,799.6000000000001,0.20000000000004547,0.003318535254270394,0.014742481799709939,0.015111368099831804,0.07555684049914184
method2,3999,5.0,1268.6317,5.05554913759562,1.33597711795586,799.8,0.1999999999998181,0.0032597744639701887,0.014756814623889891,0.015112567862537547,0.07556283931275645
method2,4000,5.0,1268.8317,5.05875008969973,1.35074803117946,800.0,0.20000000000004547,0.0032009521041098665,0.014770913223600024,0.015113767625311945,0.07556883812654254
