方式,time_s,aligned_time_s,x_aligned_m,y_aligned_m
方式1,162.0,162.0,-3.36547586814942,5.71753048078011
方式1,162.25,162.25,-4.39414862229432,5.24053351663333
方式1,162.5,162.5,-4.52844355055263,4.6576142844911
方式1,162.75,162.75,-4.14910495173461,4.61350177607344
方式1,163.0,163.0,-5.52618252081839,3.97999452194353
方式1,163.25,163.25,-3.22661198856786,4.32008925044271
方式1,163.5,163.5,-3.07219325174645,4.52110015242281
方式1,163.75,163.75,-2.63401351380714,5.12073004265415
方式1,164.0,164.0,-5.09765719368935,6.58685911851413
方式1,164.25,164.25,-2.79928381820083,3.61052184618307
方式1,164.5,164.5,-5.03012623288595,6.20711436974501
方式1,164.75,164.75,-4.3461095074651,5.86944142019436
方式1,165.0,165.0,-3.9995453422582,4.78913589507963
方式1,165.25,165.25,-5.24881810862313,3.18428641415256
方式1,165.5,165.5,-3.39805141118138,4.78258413452264
方式1,165.75,165.75,-3.84688077887499,3.66366724072161
方式1,166.0,166.0,-3.93518813715312,4.54685477276825
方式1,166.25,166.25,-5.11929891748525,3.13525636189922
方式1,166.5,166.5,-3.47069127967876,3.1635409282843
方式1,166.75,166.75,-4.24163023462547,3.18280357434247
方式1,167.0,167.0,-2.67915560059744,3.33543899941552
方式1,167.25,167.25,-2.75110116250164,4.07979948213698
方式1,167.5,167.5,-4.02678577809534,5.06949792908223
方式1,167.75,167.75,-3.77240353595062,5.80185110992116
方式1,168.0,168.0,-2.94286627929227,3.77418315169553
方式1,168.25,168.25,-2.83624345118463,5.2335701752139
方式1,168.5,168.5,-3.86577291945933,4.60679000696508
方式1,168.75,168.75,-2.00760253077267,2.72753574499255
方式1,169.0,169.0,-3.26770481724765,4.05876172431427
方式1,169.25,169.25,-2.88204278367174,3.63492059744855
方式1,169.5,169.5,-4.36465814444439,2.48261993137962
方式1,169.75,169.75,-5.18279061815007,3.40591481182947
方式1,170.0,170.0,-3.08587656243838,3.4295131979034
方式1,170.25,170.25,-3.4821688727933,3.95786583334621
方式1,170.5,170.5,-3.40057761336047,3.62817317360776
方式1,170.75,170.75,-4.69194537683611,2.79243984537411
方式1,171.0,171.0,-4.51940363511299,3.68940332751338
方式1,171.25,171.25,-3.08982531074841,3.51909425381598
方式1,171.5,171.5,-4.35845381193428,3.6347516687925
方式1,171.75,171.75,-2.72583342852311,4.06438802200929
方式1,172.0,172.0,-4.67712038109413,2.43390978111171
方式1,172.25,172.25,-2.39412539247315,2.76357383582942
方式1,172.5,172.5,-5.47632443873901,4.69276805795691
方式1,172.75,172.75,-6.06634551657549,4.04485117578154
方式1,173.0,173.0,-3.85267462857497,3.68069333265415
方式1,173.25,173.25,-2.50364458885632,3.53464153274481
方式1,173.5,173.5,-3.16996195095624,3.26904502471379
方式1,173.75,173.75,-3.09648783992151,4.14759977236467
方式1,174.0,174.0,-4.21558280190303,2.74150386231474
方式1,174.25,174.25,-3.8663511426004,2.71939578197611
方式1,174.5,174.5,-3.78494686209856,3.45060160338385
方式1,174.75,174.75,-5.06111572210064,3.42709338080024
方式1,175.0,175.0,-2.67014633893218,3.42867255752005
方式1,175.25,175.25,-4.34202775632549,2.70151459226551
方式1,175.5,175.5,-3.63240059796035,2.41347654040476
方式1,175.75,175.75,-4.31090169802935,3.68079393415663
方式1,176.0,176.0,-2.46402250452938,3.84491828701882
方式1,176.25,176.25,-2.73445582118867,3.60861948214273
方式1,176.5,176.5,-3.40825120628144,3.81432681703663
方式1,176.75,176.75,-4.3354533438979,2.20477890890833
方式1,177.0,177.0,-5.07146218702351,2.59335541747906
方式1,177.25,177.25,-3.74546686248798,2.75789557496048
方式1,177.5,177.5,-3.04413348577208,4.54451878760277
方式1,177.75,177.75,-4.10046733959646,3.08150356583415
方式1,178.0,178.0,-5.20128509541413,3.41356483704851
方式1,178.25,178.25,-2.28588881294943,3.27425318064737
方式1,178.5,178.5,-5.01746843509137,1.75167658835312
方式1,178.75,178.75,-2.62956122791464,1.75345605865126
方式1,179.0,179.0,-3.31667943984219,1.83243997998196
方式1,179.25,179.25,-3.73288281651844,2.66551152201731
方式1,179.5,179.5,-3.84519957596746,1.81338714523634
方式1,179.75,179.75,-3.5919833825172,2.7959634929611
方式1,180.0,180.0,-4.27405764883491,2.88073293151941
方式1,180.25,180.25,-3.47592121570131,2.20570852016834
方式1,180.5,180.5,-3.4524121359813,2.99328167596564
方式1,180.75,180.75,-3.1314218662283,2.2117390245422
方式1,181.0,181.0,-4.78481432240804,2.86084383319818
方式1,181.25,181.25,-3.67894670153579,0.922840869071623
方式1,181.5,181.5,-3.97757870603607,2.7516969640427
方式1,181.75,181.75,-2.24947778512808,3.19633078810547
方式1,182.0,182.0,-5.32178881614303,1.28609242211009
方式1,182.25,182.25,-3.28488295447151,2.2174730880162
方式1,182.5,182.5,-4.30318295924348,2.00705660894278
方式1,182.75,182.75,-4.69138017394606,1.61324080520877
方式1,183.0,183.0,-2.70073179934313,2.40658050017923
方式1,183.25,183.25,-2.9905624409093,1.257607060524
方式1,183.5,183.5,-3.03435060247851,2.04069266585886
方式1,183.75,183.75,-1.91563153685619,0.0576001871490506
方式1,184.0,184.0,-3.17631269888009,2.64715273046154
方式1,184.25,184.25,-4.7406937582021,3.18428086570879
方式1,184.5,184.5,-3.73492738016625,0.773975254220229
方式1,184.75,184.75,-4.55764190071053,4.14737386283318
方式1,185.0,185.0,-3.40930944263474,1.42485366535833
方式1,185.25,185.25,-3.74725568352352,2.23769834443484
方式1,185.5,185.5,-3.1914346356557,1.78034259196158
方式1,185.75,185.75,-2.98091019481483,2.38786862020487
方式1,186.0,186.0,-2.26623502617302,0.892155948415676
方式1,186.25,186.25,-4.06655310551458,2.69165081282225
方式1,186.5,186.5,-3.02724570947628,2.54584510167567
方式1,186.75,186.75,-4.50873728983584,0.634286738044248
方式1,187.0,187.0,-2.67300516681986,2.10114450061759
方式1,187.25,187.25,-2.72286761252642,1.86813869471343
方式1,187.5,187.5,-4.14940010928257,1.08974938341097
方式1,187.75,187.75,-3.49550800773763,-0.646007387090596
方式1,188.0,188.0,-1.89434035981538,1.81929066333182
方式1,188.25,188.25,-4.6640700420763,2.1972979778326
方式1,188.5,188.5,-3.17512136251634,2.4603253993786
方式1,188.75,188.75,-4.25092644686506,1.38500043706645
方式1,189.0,189.0,-4.1238671895274,1.7750832888516
方式1,189.25,189.25,-2.65866209936758,0.382907111873099
方式1,189.5,189.5,-2.91035517204858,0.825465319493197
方式1,189.75,189.75,-2.46931834982075,0.389356159142447
方式1,190.0,190.0,-2.14532151450401,2.33122631527845
方式1,190.25,190.25,-4.36494076960233,-0.0166329820475089
方式1,190.5,190.5,-3.93141673146382,3.00982117157756
方式1,190.75,190.75,-4.05403732421067,2.43266756303476
方式1,191.0,191.0,-3.0863485921245,1.58419328942464
方式1,191.25,191.25,-1.94366090642631,0.902183275783634
方式1,191.5,191.5,-3.07526527296976,0.339444482485978
方式1,191.75,191.75,-3.45165989376148,-0.490687278606755
方式1,192.0,192.0,-3.01140635207002,0.855665106416058
方式1,192.25,192.25,-4.23274027836668,-1.18658085243698
方式1,192.5,192.5,-3.7442544187896,2.72770047685571
方式1,192.75,192.75,-3.00088380106214,-0.332606040215202
方式1,193.0,193.0,-3.94666275672811,0.552845946422955
方式1,193.25,193.25,-4.03366273620546,1.34388266067286
方式1,193.5,193.5,-1.12586240176388,0.303788974227075
方式1,193.75,193.75,-2.41445366154573,1.35758129438997
方式1,194.0,194.0,-3.70814487955108,2.01729620659506
方式1,194.25,194.25,-3.67461737102949,1.52980568000145
方式1,194.5,194.5,-3.19476718948718,1.44726244188424
方式1,194.75,194.75,-3.54547740987237,0.635864317506541
方式1,195.0,195.0,-3.79539192326402,1.60948390122083
方式1,195.25,195.25,-1.40041305841652,1.33899153255758
方式1,195.5,195.5,-2.21153927625138,0.595756083939359
方式1,195.75,195.75,-2.60069035456031,0.038491751767587
方式1,196.0,196.0,-2.50147065824084,0.663385712954555
方式1,196.25,196.25,-3.48246983032844,-0.109097690724782
方式1,196.5,196.5,-3.19122395872399,-0.355847921924396
方式1,196.75,196.75,-2.4775453305344,1.64455159222924
方式1,197.0,197.0,-3.32254638631622,-0.0913576963712172
方式1,197.25,197.25,-1.65173679986113,-0.684010810481608
方式1,197.5,197.5,-3.70498359976712,-0.185266038152894
方式1,197.75,197.75,-1.92542606749704,-0.267286093488107
方式1,198.0,198.0,-2.93778876877858,-1.04056279746329
方式1,198.25,198.25,-1.36108599412573,-1.20038577371611
方式1,198.5,198.5,-1.98217561437788,1.20220872856892
方式1,198.75,198.75,-2.9899001356546,-0.207720117715219
方式1,199.0,199.0,-2.40975194972067,1.3367345901017
方式1,199.25,199.25,-2.19278085282309,-0.136515680483574
方式1,199.5,199.5,-1.55578887608534,0.0195266762757647
方式1,199.75,199.75,-2.80855397554063,-1.28948994921245
方式1,200.0,200.0,-1.6685365680672,-0.221752747205299
方式1,200.25,200.25,-2.43712897144371,1.01300038520861
方式1,200.5,200.5,-1.49474920055004,-1.47330006950904
方式1,200.75,200.75,-1.27748125419879,-0.0794644937428311
方式1,201.0,201.0,-0.441119710090318,0.979706057565468
方式1,201.25,201.25,-2.74463896218421,-0.0219923346926827
方式1,201.5,201.5,-2.47690986084228,0.55021982300988
方式1,201.75,201.75,-0.293915874835433,-2.10661273936607
方式1,202.0,202.0,-2.52124236919507,0.0351563196274599
方式1,202.25,202.25,-1.86112522210793,-0.749113829362658
方式1,202.5,202.5,-2.0032141403919,0.465745466350088
方式1,202.75,202.75,-0.862055406378835,-0.578316205956734
方式1,203.0,203.0,-1.34467129215657,-0.807721628163839
方式1,203.25,203.25,-3.804881203144,-1.03215764616201
方式1,203.5,203.5,-0.590716732097639,-1.74332533172703
方式1,203.75,203.75,-2.83861407389611,-1.94812220794429
方式1,204.0,204.0,-1.48195653800141,-0.782670104484621
方式1,204.25,204.25,-1.27658780732279,1.28632420985026
方式1,204.5,204.5,-1.10139985169657,-0.291793795196618
方式1,204.75,204.75,-0.257969851059864,-0.941198895372442
方式1,205.0,205.0,-2.88337770811795,-0.967387866991538
方式1,205.25,205.25,-0.894097003099397,-0.735062704670964
方式1,205.5,205.5,-0.780176049931554,-0.388569155661538
方式1,205.75,205.75,0.129148456562432,-2.39174888889125
方式1,206.0,206.0,-1.71711685238637,-0.97116062847754
方式1,206.25,206.25,-1.95167907325677,0.40433836969432
方式1,206.5,206.5,-1.72703081432492,-0.902979417830157
方式1,206.75,206.75,-1.4365370337572,-1.9965228231339
方式1,207.0,207.0,-0.207125180940815,-0.756665484565593
方式1,207.25,207.25,-1.15707533880369,0.46973625056786
方式1,207.5,207.5,-1.43716284977096,-2.03428273723388
方式1,207.75,207.75,-1.01815724278094,-0.779155389605521
方式1,208.0,208.0,-1.54774199240975,-0.706663615465515
方式1,208.25,208.25,-0.948017743041294,-0.583759661911031
方式1,208.5,208.5,-0.073982929068196,0.059037987593233
方式1,208.75,208.75,-1.41844055309711,-2.15069765946719
方式1,209.0,209.0,-1.56141036659952,-2.23458332130948
方式1,209.25,209.25,-0.135153111423635,-1.0529566956911
方式1,209.5,209.5,-0.957368026184986,-1.43157843868366
方式1,209.75,209.75,-0.351235742828836,-1.1081170626643
方式1,210.0,210.0,0.630027605700892,-0.778214173952967
方式1,210.25,210.25,-0.2955580302526,-1.54156012377601
方式1,210.5,210.5,-1.78618015471888,0.199000751882768
方式1,210.75,210.75,-2.10790105981229,-0.848713709868873
方式1,211.0,211.0,-1.27767428693542,-0.0785426421861868
方式1,211.25,211.25,-0.162077619660648,-1.16706904455835
方式1,211.5,211.5,-1.00590020234798,-2.95650353382263
方式1,211.75,211.75,-1.09960126428188,-1.48713349214872
方式1,212.0,212.0,-0.20782867418489,-1.45308639183507
方式1,212.25,212.25,-0.0329606048413012,0.00875304211950234
方式1,212.5,212.5,1.44869367467737,-1.35237934022075
方式1,212.75,212.75,0.0677140063469293,-3.1321137800338
方式1,213.0,213.0,-0.266366148646667,-1.14159891462897
方式1,213.25,213.25,-0.0672046537855239,-2.04440070476254
方式1,213.5,213.5,-1.84422388526582,-2.18886781605796
方式1,213.75,213.75,-0.0642673097153886,-1.51487795919461
方式1,214.0,214.0,-0.445430846913146,-1.45258959930807
方式1,214.25,214.25,0.169603838005641,-1.45344584010492
方式1,214.5,214.5,0.973248421700683,-1.5274152871229
方式1,214.75,214.75,0.569767744117608,-2.95530218712179
方式1,215.0,215.0,-1.28986251236274,-1.87302058129808
方式1,215.25,215.25,-0.704256104371965,-2.52610861365018
方式1,215.5,215.5,-1.93061367794995,-0.987233633952667
方式1,215.75,215.75,0.084890218079251,-1.32459720475041
方式1,216.0,216.0,-0.712510531791735,-1.94996686032542
方式1,216.25,216.25,0.152219289222276,-1.49877187047247
方式1,216.5,216.5,-0.135787099640272,-1.75248606003518
方式1,216.75,216.75,0.111305380124904,-2.68014896083275
方式1,217.0,217.0,1.61184308880084,-2.03528311940469
方式1,217.25,217.25,2.1448681447382,-2.07755524126263
方式1,217.5,217.5,2.43635505624164,-1.93825976782137
方式1,217.75,217.75,2.72976930590691,-2.28646781307353
方式1,218.0,218.0,0.130583731978207,-1.76859495086705
方式1,218.25,218.25,0.789387593737885,-1.09910810913298
方式1,218.5,218.5,3.01176829615562,-1.67033777381825
方式1,218.75,218.75,1.47697797430374,-2.44061428850843
方式1,219.0,219.0,-0.460198010624166,-1.26572958162844
方式1,219.25,219.25,1.25279598654473,-2.59728304320921
方式1,219.5,219.5,0.628450492297633,-2.9492561118766
方式1,219.75,219.75,2.81486855114867,-3.63341205826403
方式1,220.0,220.0,2.72046544339397,-2.57103186354485
方式1,220.25,220.25,1.89784016754768,-1.81250703503228
方式1,220.5,220.5,0.440076815312783,-1.96956496780416
方式1,220.75,220.75,2.47287374814553,-3.58769428925129
方式1,221.0,221.0,2.2254627310844,-1.49877103237684
方式1,221.25,221.25,1.17319889857535,-1.02585307566687
方式1,221.5,221.5,1.19098851917006,-2.08413268726144
方式1,221.75,221.75,2.53843965664555,-3.26031345614868
方式1,222.0,222.0,0.80272931585232,-3.104007332282
方式1,222.25,222.25,0.586954042947624,-2.84976496446601
方式1,222.5,222.5,0.955454939922757,-1.18553426621205
方式1,222.75,222.75,1.80300174328099,-0.697392822245015
方式1,223.0,223.0,2.52404916516357,-2.79291227776814
方式1,223.25,223.25,0.462906162967375,-1.51827112089482
方式1,223.5,223.5,2.21680823189674,-3.48737094248167
方式1,223.75,223.75,1.22439139180163,-1.93335394731059
方式1,224.0,224.0,2.81216650630733,-2.69330129379579
方式1,224.25,224.25,2.56891356322995,-3.61431516962164
方式1,224.5,224.5,2.63097566552772,-3.51908411602939
方式1,224.75,224.75,3.29191201765653,-2.25545988845766
方式1,225.0,225.0,2.60275229224639,-2.08822916729821
方式1,225.25,225.25,1.74952417584742,-2.30391155023838
方式1,225.5,225.5,3.19376446742984,-3.37443135784111
方式1,225.75,225.75,3.97623857015432,-2.05914732479048
方式1,226.0,226.0,2.36299238112168,-3.75746182165351
方式1,226.25,226.25,1.50975732845426,-3.05269424497655
方式1,226.5,226.5,2.51557412647657,-2.01768587248114
方式1,226.75,226.75,5.09900777600635,-3.41003606206469
方式1,227.0,227.0,2.77709849944751,-1.42205756896425
方式1,227.25,227.25,2.24216222592163,-2.66052051307027
方式1,227.5,227.5,2.59220714116857,-2.79994646477177
方式1,227.75,227.75,2.56866353566403,-3.58566046502441
方式1,228.0,228.0,2.45945113065516,-1.44930873391814
方式1,228.25,228.25,3.64285025289,-3.16263949917651
方式1,228.5,228.5,4.05614697794538,-3.58210746121609
方式1,228.75,228.75,2.41212949340944,-3.24828447154631
方式1,229.0,229.0,2.6098335441635,-2.32967400424324
方式1,229.25,229.25,4.79553661652173,-1.73709105723551
方式1,229.5,229.5,4.36674535748876,-4.92144778360399
方式1,229.75,229.75,3.55408615182201,-3.02352163857872
方式1,230.0,230.0,3.05482334923684,-2.16174814204137
方式1,230.25,230.25,3.69188447248333,-2.82216672418096
方式1,230.5,230.5,4.13143940382812,-2.37529167878419
方式1,230.75,230.75,4.47061631071859,-3.19308437349215
方式1,231.0,231.0,2.9523660253853,-4.65645381550604
方式1,231.25,231.25,5.32503260709311,-4.00389741763911
方式1,231.5,231.5,3.6252132295541,-3.57406837135332
方式1,231.75,231.75,5.47874813711024,-3.55854099758941
方式1,232.0,232.0,4.7275254157706,-3.21128625589793
方式1,232.25,232.25,4.33892721430346,-5.14449242909373
方式1,232.5,232.5,4.08741236626623,-3.23338046805048
方式1,232.75,232.75,3.95613038879904,-4.52117993998762
方式1,233.0,233.0,2.91487663219651,-1.38378872262568
方式1,233.25,233.25,3.58336210022264,-2.47883300804533
方式1,233.5,233.5,5.36798832433168,-3.12140438637157
方式1,233.75,233.75,5.72567145715953,-1.6910562258947
方式1,234.0,234.0,4.73414335622214,-3.40631202802687
方式1,234.25,234.25,4.36587671144945,-2.59522046799229
方式1,234.5,234.5,5.31677283561798,-3.42681070112626
方式1,234.75,234.75,5.72992918160819,-3.94134309457342
方式1,235.0,235.0,3.88153532813836,-2.91470302517152
方式1,235.25,235.25,5.81434511908071,-5.0265408968918
方式1,235.5,235.5,5.27366429272024,-1.96064472451385
方式1,235.75,235.75,5.25809547363063,-2.62983948868557
方式1,236.0,236.0,5.34423308157549,-3.38590033764233
方式1,236.25,236.25,5.12160800599496,-3.17604824534654
方式1,236.5,236.5,5.24798514388878,-2.96092653213503
方式1,236.75,236.75,6.18384653611045,-1.95410646292591
方式1,237.0,237.0,5.82206530663495,-3.17801060503085
方式1,237.25,237.25,6.63341052049748,-4.73182344468442
方式1,237.5,237.5,5.79155254391783,-2.48992118626494
方式1,237.75,237.75,4.58300206882568,-3.55179200272566
方式1,238.0,238.0,6.32736218111698,-2.50781654945648
方式1,238.25,238.25,5.42892147131842,-3.10922271454539
方式1,238.5,238.5,4.94628465395608,-3.6550291266241
方式1,238.75,238.75,5.70232756424614,-2.00875943834064
方式1,239.0,239.0,7.00459783760492,-4.29272476507117
方式1,239.25,239.25,5.02935062783528,-3.75073275620427
方式1,239.5,239.5,6.71853352349512,-3.86856873318964
方式1,239.75,239.75,5.93560987451283,-2.47632233399559
方式1,240.0,240.0,6.04685320150236,-2.61099407586911
方式1,240.25,240.25,5.74241436136876,-2.69552598158584
方式1,240.5,240.5,6.13956165638513,-3.95718910512298
方式1,240.75,240.75,7.44701243421725,-3.83962149480264
方式1,241.0,241.0,6.28053509732482,-3.3474240227484
方式1,241.25,241.25,6.57446826187867,-3.28768251734163
方式1,241.5,241.5,5.69711153372688,-3.42202558978863
方式1,241.75,241.75,5.94607270548359,-2.51021799917416
方式1,242.0,242.0,6.69744349785388,-3.77616611227168
方式1,242.25,242.25,7.36361222519952,-4.96366986241596
方式1,242.5,242.5,7.04485261069554,-4.26758747038712
方式1,242.75,242.75,6.50053842591273,-2.49749525811969
方式1,243.0,243.0,6.96325498529468,-2.1983383272937
方式1,243.25,243.25,7.93319465204018,-2.77872992013553
方式1,243.5,243.5,7.1031509357868,-2.73422006468357
方式1,243.75,243.75,8.59461936258416,-4.46352533963469
方式1,244.0,244.0,6.65648463606771,-2.62380488475637
方式1,244.25,244.25,6.27086992556675,-3.20142346748429
方式1,244.5,244.5,7.78731658681214,-4.18197146632286
方式1,244.75,244.75,7.27999750681913,-2.53854661545799
方式1,245.0,245.0,7.60912261945006,-3.04319938372804
方式1,245.25,245.25,7.83443348427713,-3.272330635752
方式1,245.5,245.5,9.15329480197278,-3.44710514786522
方式1,245.75,245.75,6.99922646065362,-2.4482317174477
方式1,246.0,246.0,8.17258682619297,-4.1255581626536
方式1,246.25,246.25,8.88602777744966,-2.73579266390188
方式1,246.5,246.5,7.45048911031385,-3.76065367513353
方式1,246.75,246.75,8.12505628020041,-2.36625473063954
方式1,247.0,247.0,9.22674908933908,-6.15892708888654
方式1,247.25,247.25,7.46626344510049,-3.62651133638947
方式1,247.5,247.5,8.67709685226838,-3.96001284600616
方式1,247.75,247.75,8.05273372720142,-2.15722753904877
方式1,248.0,248.0,8.74751920698877,-4.07298644038763
方式1,248.25,248.25,9.16894352557169,-2.66290164425487
方式1,248.5,248.5,10.3277911936666,-2.86295828429667
方式1,248.75,248.75,7.40498134239253,-2.94229920266117
方式1,249.0,249.0,8.97048078141854,-3.88232357116079
方式1,249.25,249.25,8.64671338891971,-2.91755952751353
方式1,249.5,249.5,8.67275055162163,-3.7875079637419
方式1,249.75,249.75,8.65079141749151,-4.52471027335374
方式1,250.0,250.0,7.96205320467686,-1.93008064492619
方式1,250.25,250.25,9.12171445130561,-3.68067936501276
方式1,250.5,250.5,9.61954789149068,-3.22330957861336
方式1,250.75,250.75,9.10705765750142,-2.84040219362476
方式1,251.0,251.0,11.4734302630453,-3.03919153745582
方式1,251.25,251.25,8.02249599040111,-3.68311083815133
方式1,251.5,251.5,9.52614053756034,-3.41616120512146
方式1,251.75,251.75,10.7379765481448,-4.58159202891015
方式1,252.0,252.0,8.53363029718404,-3.47329562822579
方式1,252.25,252.25,8.34785381066248,-3.51823746203571
方式1,252.5,252.5,9.84239153977848,-3.30725803035735
方式1,252.75,252.75,9.26310388459656,-3.0345504722137
方式1,253.0,253.0,9.21260284496417,-3.84642526741824
方式1,253.25,253.25,8.83485191156388,-1.84757065980097
方式1,253.5,253.5,10.4251992095432,-3.88875478945413
方式1,253.75,253.75,8.86967364644437,-4.25407658902774
方式1,254.0,254.0,9.98586758369048,-2.44287725881711
方式1,254.25,254.25,8.99225619702459,-5.43338686343674
方式1,254.5,254.5,10.1692251746088,-2.66770587154548
方式1,254.75,254.75,9.5576426084349,-1.97663128628731
方式1,255.0,255.0,11.4409384888227,-4.27317926590221
方式1,255.25,255.25,10.3672878839281,-4.37958440490966
方式1,255.5,255.5,11.3078539802226,-4.45674200788003
方式1,255.75,255.75,9.89206585569372,-3.64591979403627
方式1,256.0,256.0,11.3150878067592,-5.661225532049
方式1,256.25,256.25,12.2094546557785,-2.74066736814027
方式1,256.5,256.5,9.16093015283142,-2.36465211379398
方式1,256.75,256.75,10.6048185412992,-2.85462029548294
方式1,257.0,257.0,10.9950982516968,-4.30697003459244
方式1,257.25,257.25,10.1173779363416,-2.93023408093803
方式1,257.5,257.5,12.8391220246062,-5.10467970317953
方式1,257.75,257.75,11.0243484225511,-2.7016612923899
方式1,258.0,258.0,12.7695793791011,-3.85724426104976
方式1,258.25,258.25,10.4607371058693,-3.24835669256074
方式1,258.5,258.5,11.1620690524951,-4.22377170062139
方式1,258.75,258.75,10.9809382137129,-4.72207668651892
方式1,259.0,259.0,9.4922551545565,-3.26627468241209
方式1,259.25,259.25,10.8959093535775,-3.1894253598118
方式1,259.5,259.5,11.2850072263774,-3.36824345365302
方式1,259.75,259.75,11.7740324326113,-2.00898764114344
方式1,260.0,260.0,10.4692268536501,-3.79896522881158
方式1,260.25,260.25,11.9161274475117,-2.05017438326436
方式1,260.5,260.5,12.4559780108325,-2.8648428247419
方式1,260.75,260.75,12.2459730337197,-4.09686717004146
方式1,261.0,261.0,12.043723563705,-4.0008263741259
方式1,261.25,261.25,12.4303400115853,-4.73909349539175
方式1,261.5,261.5,12.666351036855,-2.00166622745944
方式1,261.75,261.75,11.8789632768771,-2.70972500824601
方式1,262.0,262.0,12.4621687609404,-3.95292790316844
方式1,262.25,262.25,13.3481022358977,-3.4450025543173
方式1,262.5,262.5,11.2967842568579,-3.40727802210962
方式1,262.75,262.75,13.3106924092612,-4.02239132608788
方式1,263.0,263.0,12.8995707503747,-3.62943741703953
方式1,263.25,263.25,14.2541258663901,-2.96593413593229
方式1,263.5,263.5,13.1286289288284,-4.03087712886414
方式1,263.75,263.75,13.0903270654472,-2.70276029607823
方式1,264.0,264.0,12.3345281485678,-2.39324578597399
方式1,264.25,264.25,14.4190832392419,-1.28125210163769
方式1,264.5,264.5,12.4461601877966,-3.17975345626377
方式1,264.75,264.75,12.5234525606788,-3.51464494483606
方式1,265.0,265.0,12.8495813133275,-2.04951472148315
方式1,265.25,265.25,13.2020633143285,-4.04299998423145
方式1,265.5,265.5,12.311229143125,-3.35762439851913
方式1,265.75,265.75,13.4188465351236,-4.56067504013404
方式1,266.0,266.0,13.0480950420019,-4.92801710695137
方式1,266.25,266.25,14.9092388021994,-3.47983755848446
方式1,266.5,266.5,13.1802728143535,-3.28237214103148
方式1,266.75,266.75,13.2771271853457,-2.44023524103494
方式1,267.0,267.0,14.5790256636107,-3.16681739888141
方式1,267.25,267.25,13.3776436359251,-1.88693107729487
方式1,267.5,267.5,14.4415117873328,-2.06466443947886
方式1,267.75,267.75,13.8386739414776,-1.60337675922452
方式1,268.0,268.0,12.7735767416442,-4.18704620171364
方式1,268.25,268.25,13.5356950950425,-1.63627752280379
方式1,268.5,268.5,13.9905569862761,-4.04690109370339
方式1,268.75,268.75,14.4432473302541,-4.03051747686818
方式1,269.0,269.0,15.7165134321855,-1.64489290064876
方式1,269.25,269.25,14.4436908286665,-3.29885899154312
方式1,269.5,269.5,15.0983005811168,-4.63294516734596
方式1,269.75,269.75,13.6389063362729,-1.73402118299176
方式1,270.0,270.0,13.5525481378612,-4.27612480389333
方式1,270.25,270.25,14.0039226589728,-1.74229290500157
方式1,270.5,270.5,14.6140156114864,-1.72350375970806
方式1,270.75,270.75,14.8516263697469,-3.34758465878108
方式1,271.0,271.0,13.6847391988393,-2.82257227313981
方式1,271.25,271.25,14.279595399036,-3.16910890240503
方式1,271.5,271.5,16.6240459599853,-4.14536568527167
方式1,271.75,271.75,15.2950695017281,-2.17682270598617
方式1,272.0,272.0,15.669184096865,-4.22799275680097
方式1,272.25,272.25,13.8471526184492,-2.40652060411065
方式1,272.5,272.5,14.9702493407344,-2.61348068936219
方式1,272.75,272.75,13.7895627107488,-3.24415725284573
方式1,273.0,273.0,15.0896085058702,-2.81943878262303
方式1,273.25,273.25,15.3771616969262,-2.2190179732918
方式1,273.5,273.5,16.4814501093937,-3.29896747895602
方式1,273.75,273.75,15.09071932893,-2.98380161011162
方式1,274.0,274.0,16.1219447185542,-2.89479305707086
方式1,274.25,274.25,14.7275408879973,-4.1907630520826
方式1,274.5,274.5,14.2805423312396,-2.72026336566261
方式1,274.75,274.75,16.7152708182038,-2.94254251946341
方式1,275.0,275.0,16.1122968275863,-3.5756203928289
方式1,275.25,275.25,16.5212887749148,-4.08298270676024
方式1,275.5,275.5,16.0277319716969,-3.20498970157735
方式1,275.75,275.75,14.5910747901574,-2.36871104664417
方式1,276.0,276.0,16.4438756856047,-2.6380753360919
方式1,276.25,276.25,15.9680046305587,-3.6703065011215
方式1,276.5,276.5,16.2167103796147,-2.22759314201751
方式1,276.75,276.75,16.1674677731343,-2.80612447216409
方式1,277.0,277.0,15.1657333445986,-1.73523984343264
方式1,277.25,277.25,16.8694340043636,-3.39177374411117
方式1,277.5,277.5,15.703375057875,-2.96769408834913
方式1,277.75,277.75,16.2111748393658,-1.9743767800274
方式1,278.0,278.0,15.4056662774267,-1.2633512581529
方式1,278.25,278.25,15.7867045562072,-2.7385788304645
方式1,278.5,278.5,14.3302102628858,-3.17282759435529
方式1,278.75,278.75,16.9113867823702,-1.80449756038015
方式1,279.0,279.0,16.3524319882048,-3.63380805495095
方式1,279.25,279.25,17.0205721187927,-3.06688525341286
方式1,279.5,279.5,15.7968340649029,-0.714242869735476
方式1,279.75,279.75,16.3386251157422,-3.56614546108139
方式1,280.0,280.0,16.0515126799662,-1.69657570165719
方式1,280.25,280.25,16.3722143743794,-3.8499180245528
方式1,280.5,280.5,16.9152726027839,-1.86674333901653
方式1,280.75,280.75,17.1332216030977,-2.3217908735971
方式1,281.0,281.0,17.2287624969239,-3.11085571773552
方式1,281.25,281.25,18.3862203698443,-2.80661654198361
方式1,281.5,281.5,18.1369629491058,-2.83803890014827
方式1,281.75,281.75,17.2620837749028,-2.5941025471202
方式1,282.0,282.0,17.3060711369508,-2.6909974886064
方式1,282.25,282.25,17.5968842561396,-2.85642173476555
方式1,282.5,282.5,17.5538250682512,-0.932755648276548
方式1,282.75,282.75,18.2959247065958,-2.86049667320646
方式1,283.0,283.0,18.6714459246134,0.123586845835662
方式1,283.25,283.25,17.8703732269076,-1.32257314039383
方式1,283.5,283.5,18.1416023872267,-2.01516641375129
方式1,283.75,283.75,17.5100069489931,-1.96937255344389
方式1,284.0,284.0,15.9711850164749,-2.43333908912415
方式1,284.25,284.25,17.89178048536,-2.22062727183592
方式1,284.5,284.5,16.2063289896623,-2.18179391180144
方式1,284.75,284.75,17.5289216168474,-1.23390614749438
方式1,285.0,285.0,19.6573701171502,-2.27856827408319
方式1,285.25,285.25,18.9290740955103,-1.76226866616218
方式1,285.5,285.5,16.9651783886247,-1.63903837770937
方式1,285.75,285.75,17.7598630607732,-2.03337426621949
方式1,286.0,286.0,18.04975582883,-2.22165151234652
方式1,286.25,286.25,17.3113499171334,-1.42484821177622
方式1,286.5,286.5,18.3156309506229,-2.23286769402988
方式1,286.75,286.75,18.4981183703055,-2.44981728229415
方式1,287.0,287.0,17.8660595971943,-1.33998579255806
方式1,287.25,287.25,18.1540802668735,-3.05941293920536
方式1,287.5,287.5,18.8838619255446,-2.21022808907419
方式1,287.75,287.75,19.1169963042265,-2.38977130764451
方式1,288.0,288.0,18.6616786761939,-1.99125308133927
方式1,288.25,288.25,18.3244828593627,-1.28179195098978
方式1,288.5,288.5,19.4201067187341,-1.16758889288921
方式1,288.75,288.75,18.565361417389,-1.56429192373479
方式1,289.0,289.0,18.8659013626473,-2.8500159765865
方式1,289.25,289.25,19.3923218299341,-2.07446538338783
方式1,289.5,289.5,19.3801157386998,-1.84713364238121
方式1,289.75,289.75,19.5523387822269,-1.1554198275882
方式1,290.0,290.0,18.7708603198109,-1.69122032744062
方式1,290.25,290.25,20.4867948026371,-2.12066376256114
方式1,290.5,290.5,19.042008447613,-0.962110155037569
方式1,290.75,290.75,19.0333158834189,-2.16363163162323
方式1,291.0,291.0,19.1541408835997,-2.46883165226963
方式1,291.25,291.25,18.3807331034208,-0.750622277624133
方式1,291.5,291.5,19.0483137599742,-1.680274987326
方式1,291.75,291.75,19.7593265979826,-0.129099030002441
方式1,292.0,292.0,20.1945342602927,-1.20850131771259
方式1,292.25,292.25,18.1374944240556,-0.739689290580508
方式1,292.5,292.5,19.3733498914231,-1.95054402541715
方式1,292.75,292.75,18.3844787725005,-1.63352884998625
方式1,293.0,293.0,17.6205675570281,-0.819133361731793
方式1,293.25,293.25,20.7214333472103,-1.48603917660741
方式1,293.5,293.5,20.4667900157833,-2.66870795312064
方式1,293.75,293.75,19.6138262840016,-0.726932214384391
方式1,294.0,294.0,21.2443489703081,-1.17719996149693
方式1,294.25,294.25,19.7989898389685,-1.24708864727781
方式1,294.5,294.5,20.2629439694536,-1.4790568895886
方式1,294.75,294.75,20.3810307531742,-2.44435984225035
方式1,295.0,295.0,19.6057075620484,-1.65723464154565
方式1,295.25,295.25,18.5376788141691,0.934937281126608
方式1,295.5,295.5,20.5521572312656,-1.73500101164711
方式1,295.75,295.75,20.0110383069955,0.51727725549784
方式1,296.0,296.0,19.0102048197275,-0.375410627916801
方式1,296.25,296.25,19.6221255653619,-2.16050838544621
方式1,296.5,296.5,20.4978432754467,-0.457424696181679
方式1,296.75,296.75,19.2444934996479,-1.31328802752436
方式1,297.0,297.0,19.6224191366928,-1.92181933849639
方式1,297.25,297.25,20.4757092408024,-0.31580508492694
方式1,297.5,297.5,20.5422741821737,-0.385627618891779
方式1,297.75,297.75,19.8383765413069,-0.247996624474487
方式1,298.0,298.0,20.3335738173455,-0.400723338631939
方式1,298.25,298.25,21.0144752374818,-1.10211589642887
方式1,298.5,298.5,19.4074722264702,-1.54084887380283
方式1,298.75,298.75,20.7435707969308,0.852775499633368
方式1,299.0,299.0,20.7762273743271,-1.88997059064724
方式1,299.25,299.25,20.1523385925134,-2.02403325933297
方式1,299.5,299.5,20.3896677155738,-0.621947676007475
方式1,299.75,299.75,20.4945783579299,0.357197171815094
方式1,300.0,300.0,20.5462846032405,-0.258745844014671
方式1,300.25,300.25,20.3125689960777,-0.566826303618269
方式1,300.5,300.5,21.242653769623,-1.43801701309211
方式1,300.75,300.75,21.4636054395242,-0.223697901755318
方式1,301.0,301.0,20.2489823473944,-0.130249583721437
方式1,301.25,301.25,21.5186659584141,0.0725119310218094
方式1,301.5,301.5,19.6865337670009,0.601880577563922
方式1,301.75,301.75,20.8437689492858,-1.29384774985546
方式1,302.0,302.0,21.3496637694759,-0.900886862256954
方式1,302.25,302.25,20.224935756822,-0.326246989660973
方式1,302.5,302.5,21.9650176100787,0.381458968118896
方式1,302.75,302.75,20.6301167520633,-1.38905314766029
方式1,303.0,303.0,20.0695475634531,0.359340068271647
方式1,303.25,303.25,22.5267402273807,-1.82396326432594
方式1,303.5,303.5,21.8434782485717,-0.646963645523347
方式1,303.75,303.75,22.0837654643878,-0.641241143025586
方式1,304.0,304.0,24.3948570276293,0.767877798679287
方式1,304.25,304.25,20.1486498919512,-1.19231853121612
方式1,304.5,304.5,21.9768381547013,0.329345461963724
方式1,304.75,304.75,21.5011923702458,0.875413194655505
方式1,305.0,305.0,22.577692037723,-0.592489067856858
方式1,305.25,305.25,22.6971165978551,0.948950366104416
方式1,305.5,305.5,22.6227228534045,1.51109619027227
方式1,305.75,305.75,21.9199844587035,-0.0882188390659856
方式1,306.0,306.0,20.6518604605169,-0.133921286269024
方式1,306.25,306.25,20.9964794505004,-1.60897696755924
方式1,306.5,306.5,22.0206744148012,-0.19558140016139
方式1,306.75,306.75,22.590483857453,-0.394752055892243
方式1,307.0,307.0,23.2637279912744,1.19659233693444
方式1,307.25,307.25,20.0327730403874,-0.285033724718354
方式1,307.5,307.5,20.8663277594121,-0.870127693785505
方式1,307.75,307.75,21.7638188698797,1.4077161365113
方式1,308.0,308.0,23.0682453108029,-0.0204999444454877
方式1,308.25,308.25,21.0517298445272,0.378299337488899
方式1,308.5,308.5,22.6264478693028,1.7296585688779
方式1,308.75,308.75,21.8665660139021,-0.747219208936546
方式1,309.0,309.0,23.5286511740598,-0.0739361789246766
方式1,309.25,309.25,22.4667032270944,-0.38056443859362
方式1,309.5,309.5,21.780722354457,1.37351095208395
方式1,309.75,309.75,21.9362488869468,-1.0568982734715
方式1,310.0,310.0,22.8906996884592,0.483005894124032
方式1,310.25,310.25,22.9251319757549,0.896103777037735
方式1,310.5,310.5,22.40322564707,0.924998486397942
方式1,310.75,310.75,23.6808731039991,0.209582232020347
方式1,311.0,311.0,21.7231091306556,0.0652069208170163
方式1,311.25,311.25,23.9121426269565,0.662615870269852
方式1,311.5,311.5,21.5578690166875,-0.223881582422074
方式1,311.75,311.75,21.941031667987,0.405943039570954
方式1,312.0,312.0,23.6249069015131,0.96311717866368
方式1,312.25,312.25,22.3618993603595,-2.02488739409946
方式1,312.5,312.5,21.9382945036459,1.56093911239317
方式1,312.75,312.75,22.5555992058224,1.26824264980783
方式1,313.0,313.0,21.8312882827451,0.571448231484451
方式1,313.25,313.25,23.3750801807554,-1.07306567669216
方式1,313.5,313.5,21.5961340369927,0.655176840673899
方式1,313.75,313.75,21.5018598792252,-0.73963659454234
方式1,314.0,314.0,22.5973516189706,0.0711856999277193
方式1,314.25,314.25,22.8790576145264,0.808601091884301
方式1,314.5,314.5,22.5155778285071,2.34599818431789
方式1,314.75,314.75,22.8167096907178,1.24768919459121
方式1,315.0,315.0,22.1658502130881,0.900202851551809
方式1,315.25,315.25,22.7852056516742,1.17079732229759
方式1,315.5,315.5,22.0620030278118,0.793612779571867
方式1,315.75,315.75,24.6768740758731,0.196191591431608
方式1,316.0,316.0,22.4786963079822,1.29704155783225
方式1,316.25,316.25,22.0484190220371,1.03023049015827
方式1,316.5,316.5,22.9595535128248,1.60939633751858
方式1,316.75,316.75,23.2576387093747,1.06913235210748
方式1,317.0,317.0,23.5913493148598,0.347182683041378
方式1,317.25,317.25,23.2071803203588,-0.192465736195896
方式1,317.5,317.5,24.6066726855254,0.421698794444813
方式1,317.75,317.75,22.5576333404026,1.51381172564178
方式1,318.0,318.0,24.4911000523972,0.440794178743092
方式1,318.25,318.25,23.9744592737088,1.39853734303699
方式1,318.5,318.5,23.5271665073341,2.97320693411279
方式1,318.75,318.75,22.1747004389219,2.50276201859291
方式1,319.0,319.0,22.5034882841804,2.87575156774929
方式1,319.25,319.25,22.9450166232088,3.00527801453186
方式1,319.5,319.5,23.6997682214264,0.678087787256999
方式1,319.75,319.75,23.099052777171,0.986578892602205
方式1,320.0,320.0,23.353936513629,2.68271414278924
方式1,320.25,320.25,22.6574524582418,-0.026631336002356
方式1,320.5,320.5,23.2049141250397,2.31306729293576
方式1,320.75,320.75,22.2614249136413,2.58801260650371
方式1,321.0,321.0,22.7164286880623,1.48147167078449
方式1,321.25,321.25,24.114118042318,1.55002251660318
方式1,321.5,321.5,23.4355009578604,0.898764817511261
方式1,321.75,321.75,21.4984965986644,2.35625209346185
方式1,322.0,322.0,23.5469078799586,1.35286464284476
方式1,322.25,322.25,22.5927000974917,2.87426216186702
方式1,322.5,322.5,22.972325796356,1.4520148142577
方式1,322.75,322.75,24.219916425021,2.08198730122333
方式1,323.0,323.0,24.0930885711989,3.42742360272224
方式1,323.25,323.25,22.1963894468385,2.19561426808701
方式1,323.5,323.5,24.1408034496548,2.25953179178607
方式1,323.75,323.75,21.0401439615729,2.72833440288251
方式1,324.0,324.0,23.3605236866982,1.04051388551334
方式1,324.25,324.25,23.6412458582799,3.20366095425541
方式1,324.5,324.5,21.9261923435412,3.78464554794877
方式1,324.75,324.75,24.6603362696695,3.20020502260284
方式1,325.0,325.0,23.5972899648502,2.91960966829442
方式1,325.25,325.25,22.0080464190809,2.90513122633983
方式1,325.5,325.5,21.9778981813715,4.42868532354015
方式1,325.75,325.75,22.9519043598947,3.78294069267435
方式1,326.0,326.0,24.809840883289,1.86829129456841
方式1,326.25,326.25,23.2429257427372,3.32202169808575
方式1,326.5,326.5,22.432056790777,3.51700424069891
方式1,326.75,326.75,22.3158574566021,2.63061893789854
方式1,327.0,327.0,22.4018628750847,4.53770265626665
方式1,327.25,327.25,22.5773717660019,2.81383754841161
方式1,327.5,327.5,23.9936061667719,3.55078630443561
方式1,327.75,327.75,23.6796843725481,3.2382932343842
方式1,328.0,328.0,22.495878340863,4.51217063753477
方式1,328.25,328.25,22.8080174413561,3.53920469514614
方式1,328.5,328.5,23.6094866657891,3.30757837110576
方式1,328.75,328.75,23.1420144848946,2.48371691677696
方式1,329.0,329.0,22.1617937787292,4.41203373268431
方式1,329.25,329.25,23.0407688329964,2.03162597122033
方式1,329.5,329.5,23.0977456202336,2.85024492815265
方式1,329.75,329.75,23.2657668398491,3.83065710150061
方式1,330.0,330.0,24.2062518256955,3.65201359880289
方式1,330.25,330.25,25.1873784010881,3.18925631378126
方式1,330.5,330.5,23.9480048455797,4.77051402882543
方式1,330.75,330.75,23.8923828282018,1.98546150076815
方式1,331.0,331.0,24.1676654812277,4.1244789437678
方式1,331.25,331.25,22.093537882785,3.5198588492297
方式1,331.5,331.5,24.0079370494571,2.85822079976396
方式1,331.75,331.75,23.0663399440902,2.29702949611338
方式1,332.0,332.0,23.410168886896,5.12234726679312
方式1,332.25,332.25,21.9711351675994,2.85072154228279
方式1,332.5,332.5,24.6355771260971,2.67884391574562
方式1,332.75,332.75,23.2371142350648,3.5923749919908
方式1,333.0,333.0,22.9433746604781,3.30098742938896
方式1,333.25,333.25,23.3146186868565,3.64583805109876
方式1,333.5,333.5,24.1871583505087,4.41955791031794
方式1,333.75,333.75,23.9079757562949,3.0355549506957
方式1,334.0,334.0,24.24081438399,1.96710623274364
方式1,334.25,334.25,24.2391622246441,3.38330198017739
方式1,334.5,334.5,23.4034582958996,4.06357724410619
方式1,334.75,334.75,23.0982313602979,2.94151710857699
方式1,335.0,335.0,23.9866978265745,2.61662838307677
方式1,335.25,335.25,22.9553472795599,3.87954192958532
方式1,335.5,335.5,22.9414874249375,3.59610632178938
方式1,335.75,335.75,23.8148601288488,4.37563294483919
方式1,336.0,336.0,23.7375463732939,4.10123752008492
方式1,336.25,336.25,23.5126513724391,4.56142331781163
方式1,336.5,336.5,22.9705727947669,4.2342056198406
方式1,336.75,336.75,22.5662905541466,2.48174062387898
方式1,337.0,337.0,23.0325796750951,3.90593273618598
方式1,337.25,337.25,23.8196029200981,3.51359542904445
方式1,337.5,337.5,20.8753263203695,5.1713447198195
方式1,337.75,337.75,21.8543341448924,3.85222864959727
方式1,338.0,338.0,24.2447279194641,3.21698076759767
方式1,338.25,338.25,22.7656800267864,3.60398163885597
方式1,338.5,338.5,22.4876000289171,3.87953559574494
方式1,338.75,338.75,23.9726850095504,4.08360031002392
方式1,339.0,339.0,21.8082571808455,2.33999942386254
方式1,339.25,339.25,22.484382495437,4.88949303953298
方式1,339.5,339.5,23.2707926302894,4.50283386215102
方式1,339.75,339.75,22.6316109717191,5.49368958095112
方式1,340.0,340.0,23.3749935811812,4.51349833634983
方式1,340.25,340.25,23.430468840036,4.05848467290834
方式1,340.5,340.5,22.5746258903855,3.21108343827064
方式1,340.75,340.75,21.2566240518097,6.15264593880666
方式1,341.0,341.0,22.5262798268686,5.58031229395423
方式1,341.25,341.25,21.5260225796141,4.44601892121611
方式1,341.5,341.5,22.3698966004015,4.18845001331729
方式1,341.75,341.75,21.8574056425773,4.15468633603748
方式1,342.0,342.0,23.0316541678531,4.62857212550946
方式1,342.25,342.25,23.3291848116055,2.66450482666528
方式1,342.5,342.5,22.7750551135034,5.54535721763335
方式1,342.75,342.75,22.8718600182351,3.76982418564619
方式1,343.0,343.0,23.5018163910713,6.21759235076589
方式1,343.25,343.25,22.3497495248093,6.27363464267326
方式1,343.5,343.5,23.8050196216563,3.94203410813393
方式1,343.75,343.75,22.4644908065574,4.20467392475039
方式1,344.0,344.0,23.1602166302141,4.78012110238938
方式1,344.25,344.25,22.7295693734764,5.83645030756572
方式1,344.5,344.5,22.2685119056435,5.29991479345802
方式1,344.75,344.75,22.6937379386097,6.23474820514326
方式1,345.0,345.0,23.1329762299429,5.36407641580723
方式1,345.25,345.25,22.3814354443557,4.54468669958857
方式1,345.5,345.5,21.8031210945648,5.56672141454633
方式1,345.75,345.75,22.7490605067661,5.16792392074692
方式1,346.0,346.0,22.5949882409154,5.57009772897933
方式1,346.25,346.25,22.2199607447397,4.54464387401982
方式1,346.5,346.5,21.916506512554,4.25769131763367
方式1,346.75,346.75,22.6206298740733,3.84696390686231
方式1,347.0,347.0,23.0057263130702,5.6572726585903
方式1,347.25,347.25,24.9175808238668,5.78750419945305
方式1,347.5,347.5,23.4550992984235,5.29895816829564
方式1,347.75,347.75,24.320105336,6.09108438864045
方式1,348.0,348.0,22.3194445388385,4.69758155283875
方式1,348.25,348.25,22.6251160658415,3.80383512234416
方式1,348.5,348.5,22.9208892317828,4.81507491626285
方式1,348.75,348.75,21.7449969006037,4.69362038845826
方式1,349.0,349.0,21.3294529989515,5.97446648595494
方式1,349.25,349.25,21.2174302233833,6.80100916522691
方式1,349.5,349.5,21.3039650595983,4.63571831377186
方式1,349.75,349.75,21.9202955242697,6.00658894706956
方式1,350.0,350.0,21.837381992172,4.42426746237102
方式1,350.25,350.25,22.7641716640903,6.03315733081693
方式1,350.5,350.5,22.1608882831801,5.92504368309235
方式1,350.75,350.75,21.2228143340108,5.56112417433963
方式1,351.0,351.0,21.0607325678729,6.2418628280208
方式1,351.25,351.25,22.4744613490907,5.79881798991724
方式1,351.5,351.5,20.8721106550629,6.05337332710762
方式1,351.75,351.75,22.1194765936084,5.87904384931251
方式1,352.0,352.0,22.8751663983708,5.52404837824919
方式1,352.25,352.25,21.3246039662812,6.28896409385779
方式1,352.5,352.5,22.8956267560847,5.96330877297913
方式1,352.75,352.75,22.4232057229906,5.11876190992964
方式1,353.0,353.0,21.5922767075964,5.65127743288646
方式1,353.25,353.25,21.648838985724,5.94611222835583
方式1,353.5,353.5,22.9142634342527,5.33180472405912
方式1,353.75,353.75,21.6316262928077,6.51919492268394
方式1,354.0,354.0,20.3734951528435,5.41191803227595
方式1,354.25,354.25,20.1071616958046,4.95463764741474
方式1,354.5,354.5,22.2328497710313,6.91618289125149
方式1,354.75,354.75,21.8775966581461,7.07542778708689
方式1,355.0,355.0,21.0964864002964,6.1453904738083
方式1,355.25,355.25,21.4889894008668,8.13704816258048
方式1,355.5,355.5,21.4784982827514,6.6740790530263
方式1,355.75,355.75,22.4054098195405,6.22334615135685
方式1,356.0,356.0,22.5240695126655,6.74359086568623
方式1,356.25,356.25,21.4893619447877,7.03904672126425
方式1,356.5,356.5,20.7481256373273,6.589354486646
方式1,356.75,356.75,21.6816522568936,5.32431216302537
方式1,357.0,357.0,22.8364881343425,5.19276572378452
方式1,357.25,357.25,21.4550265377726,5.88360454016294
方式1,357.5,357.5,21.3215780710479,7.4625150026413
方式1,357.75,357.75,21.2954078474511,7.01780684605265
方式1,358.0,358.0,20.2073232423013,7.35138990332287
方式1,358.25,358.25,21.3418078643325,7.1751498071634
方式1,358.5,358.5,21.5633116018987,7.58537581919881
方式1,358.75,358.75,18.7914676210248,7.23510246189024
方式1,359.0,359.0,19.8436419127473,5.7606259114825
方式1,359.25,359.25,21.4391302653956,6.32582822126816
方式1,359.5,359.5,20.9821285095333,6.6247211425762
方式1,359.75,359.75,20.9333143962929,6.56065922808835
方式1,360.0,360.0,21.1250226010326,9.20981679358047
方式1,360.25,360.25,20.0550572758808,4.73043845390589
方式1,360.5,360.5,21.0686472114385,7.58932384443374
方式1,360.75,360.75,21.5764966199806,7.02802456606138
方式1,361.0,361.0,19.9000352463592,7.09818192013846
方式1,361.25,361.25,21.1956076715222,7.0179507399087
方式1,361.5,361.5,20.2766672035293,7.68600803824778
方式1,361.75,361.75,21.3196160021199,7.06239105212148
方式1,362.0,362.0,21.3394096479984,7.62010108629832
方式1,362.25,362.25,21.754816996207,7.04836374870615
方式1,362.5,362.5,21.220765833093,5.64654446915479
方式1,362.75,362.75,20.4733893203467,6.90971743712868
方式1,363.0,363.0,21.099387075331,7.3519085107233
方式1,363.25,363.25,20.8859843498244,7.99687628839333
方式1,363.5,363.5,20.4498676202526,6.16174350072527
方式1,363.75,363.75,21.2425671076174,6.60736596887546
方式1,364.0,364.0,21.2469568201449,8.77239004771023
方式1,364.25,364.25,19.6464178370802,7.29851700905158
方式1,364.5,364.5,20.5260650729868,7.33858825743628
方式1,364.75,364.75,20.3169890041667,7.24155323716876
方式1,365.0,365.0,21.6982333523702,7.64066988880174
方式1,365.25,365.25,19.3021387512022,7.41486652001397
方式1,365.5,365.5,19.7119279080001,6.63955268021404
方式1,365.75,365.75,18.5682730714253,8.55589774513084
方式1,366.0,366.0,18.6294428643427,7.90774219946863
方式1,366.25,366.25,22.0146637303349,7.38663188316838
方式1,366.5,366.5,20.1290764728349,7.23994908897359
方式1,366.75,366.75,21.105475041244,7.5288017929191
方式1,367.0,367.0,19.4688459118365,7.00341889025111
方式1,367.25,367.25,19.9259218725118,7.0388519709715
方式1,367.5,367.5,18.8419359198982,8.97723690269193
方式1,367.75,367.75,17.8993870063841,8.45119562325638
方式1,368.0,368.0,21.4363157147651,6.81648370042215
方式1,368.25,368.25,19.8092304080913,9.33419694889888
方式1,368.5,368.5,19.0080046977282,8.34806177588781
方式1,368.75,368.75,19.5473026924947,8.2002687140184
方式1,369.0,369.0,20.9994048277022,6.80977999388746
方式1,369.25,369.25,19.5994495605719,8.82396396057632
方式1,369.5,369.5,20.866421643858,8.0114787097711
方式1,369.75,369.75,19.2375956707882,6.59702116408354
方式1,370.0,370.0,18.7213827516718,8.73666268488217
方式1,370.25,370.25,20.5621258696315,9.14271414289089
方式1,370.5,370.5,17.607171168766,8.19611440804283
方式1,370.75,370.75,19.92359458492,7.12839578637774
方式1,371.0,371.0,20.3951559367474,8.36097700253958
方式1,371.25,371.25,19.0844046977641,7.6053400952364
方式1,371.5,371.5,19.7758411630742,7.46186666514408
方式1,371.75,371.75,20.5638927963222,8.39796737153485
方式1,372.0,372.0,18.7816590467312,7.5658051620358
方式1,372.25,372.25,19.024437406946,7.52045619484393
方式1,372.5,372.5,18.9650394673047,8.72613089567254
方式1,372.75,372.75,18.3623677650494,8.32831515539627
方式1,373.0,373.0,20.8651675425109,7.79827256686728
方式1,373.25,373.25,18.6162135829884,9.08085190906038
方式1,373.5,373.5,19.9219974905644,7.12818525805966
方式1,373.75,373.75,18.5937583012137,7.66196627414377
方式1,374.0,374.0,18.4579371271643,6.49959977548899
方式1,374.25,374.25,18.8457454146631,7.96054862299281
方式1,374.5,374.5,19.0342718643222,9.08874666291271
方式1,374.75,374.75,17.638814754325,7.41783798882207
方式1,375.0,375.0,19.3258739801104,8.67531624144266
方式1,375.25,375.25,18.8240261196948,7.95190507271703
方式1,375.5,375.5,18.1796859187853,9.19622447522758
方式1,375.75,375.75,18.7798996636942,8.53465151716541
方式1,376.0,376.0,17.8296947615389,7.50215367919915
方式1,376.25,376.25,18.7292451168049,9.21152046140713
方式1,376.5,376.5,16.729032570851,9.02853634724875
方式1,376.75,376.75,18.1802521230701,7.97082359216341
方式1,377.0,377.0,18.1020686396588,8.97872524699912
方式1,377.25,377.25,18.4484833982923,8.95528324212726
方式1,377.5,377.5,19.1485049026969,8.96667451919442
方式1,377.75,377.75,17.4994053436813,8.90229247031687
方式1,378.0,378.0,18.5487228583354,6.91481316907748
方式1,378.25,378.25,17.5045208549317,8.52320637876759
方式1,378.5,378.5,17.340449611025,9.68519070051393
方式1,378.75,378.75,17.3286549514948,9.21056481324234
方式1,379.0,379.0,17.7554477631883,9.85121308192732
方式1,379.25,379.25,16.1943208547903,10.4722734694721
方式1,379.5,379.5,17.0783048640427,8.92158893501136
方式1,379.75,379.75,16.980727782248,8.69232433611409
方式1,380.0,380.0,15.7016661353838,10.0934962604077
方式1,380.25,380.25,18.2905698695089,9.10675374349895
方式1,380.5,380.5,16.7149261622851,8.29300452354399
方式1,380.75,380.75,16.7355533292136,8.81292685708526
方式1,381.0,381.0,18.5450739047759,8.98018175003966
方式1,381.25,381.25,17.2755068167666,8.14144348540927
方式1,381.5,381.5,16.7381589402131,8.85363033691192
方式1,381.75,381.75,16.4339600543735,8.10830308793186
方式1,382.0,382.0,18.2139557876112,9.14206704535597
方式1,382.25,382.25,15.7912951753623,9.83189919840014
方式1,382.5,382.5,16.5626375202256,9.34497436739027
方式1,382.75,382.75,16.8114553447655,8.33436529866325
方式1,383.0,383.0,15.9707159812387,9.58388244830969
方式1,383.25,383.25,16.7541316710004,9.5683308159572
方式1,383.5,383.5,15.8397033005175,8.27158360850431
方式1,383.75,383.75,16.7463980379374,9.56023702929514
方式1,384.0,384.0,16.3225494059445,7.36629937798402
方式1,384.25,384.25,17.0040608293701,9.993038169459
方式1,384.5,384.5,16.3640850814539,9.52180055769141
方式1,384.75,384.75,15.4029367147691,7.83636320032371
方式1,385.0,385.0,16.0509012881415,8.53185844190857
方式1,385.25,385.25,15.9481220634208,8.1819875762744
方式1,385.5,385.5,17.232265339434,8.76758635500213
方式1,385.75,385.75,16.3004690597182,10.7503931607892
方式1,386.0,386.0,15.7649874514244,10.0481109383102
方式1,386.25,386.25,15.3688761977598,10.297414910633
方式1,386.5,386.5,15.9034210361484,10.6703079643183
方式1,386.75,386.75,14.7741098181122,9.48254062905518
方式1,387.0,387.0,14.0043713253466,9.56961799163274
方式1,387.25,387.25,16.2449126380299,9.29992509888845
方式1,387.5,387.5,15.510293406378,11.617158683264
方式1,387.75,387.75,17.2232199193187,9.68199601002952
方式1,388.0,388.0,17.0997812487026,8.87826227023028
方式1,388.25,388.25,16.3447252473856,8.3997206585094
方式1,388.5,388.5,14.9455586823579,9.85502501781419
方式1,388.75,388.75,15.1262975399691,9.43056087675603
方式1,389.0,389.0,16.1643038421715,9.46994056825536
方式1,389.25,389.25,15.9747747371828,10.7180518253029
方式1,389.5,389.5,14.3449650222334,9.73606628600362
方式1,389.75,389.75,15.0954305463349,10.9561355454112
方式1,390.0,390.0,15.0562898729127,9.40661479650609
方式1,390.25,390.25,14.0588767148718,8.45742886412432
方式1,390.5,390.5,15.7903532470016,8.86593848498841
方式1,390.75,390.75,13.2513625709351,9.7918932235905
方式1,391.0,391.0,13.6949432239391,10.9450451019253
方式1,391.25,391.25,14.5646369917289,10.7180793577797
方式1,391.5,391.5,14.6696509466619,9.64456324849479
方式1,391.75,391.75,13.5264114740671,8.83641381538079
方式1,392.0,392.0,15.3451085368256,8.99408911423225
方式1,392.25,392.25,14.200980064943,10.3926037740954
方式1,392.5,392.5,13.5840868539213,8.89007245967824
方式1,392.75,392.75,14.3444099156091,9.4615309748022
方式1,393.0,393.0,13.7747221657418,9.1796254292557
方式1,393.25,393.25,12.5509890911577,9.40411768968792
方式1,393.5,393.5,12.3852021909458,10.3725214523221
方式1,393.75,393.75,14.1962418176001,8.50473899104693
方式1,394.0,394.0,13.4536743737347,8.53067210627471
方式1,394.25,394.25,12.664701380822,11.3141060229514
方式1,394.5,394.5,14.3846320540314,10.4444821847004
方式1,394.75,394.75,14.1005146635912,10.7847294759983
方式1,395.0,395.0,12.9365090238832,8.96951990896085
方式1,395.25,395.25,14.5904059707418,8.91981954749743
方式1,395.5,395.5,13.0434407057413,10.3729935971546
方式1,395.75,395.75,13.4342654908738,9.86492244931789
方式1,396.0,396.0,13.21135227525,9.97701498603806
方式1,396.25,396.25,13.6711113830457,10.7978128720261
方式1,396.5,396.5,14.3594063315506,9.74512167929197
方式1,396.75,396.75,13.5155042165778,10.9413191560348
方式1,397.0,397.0,13.4166502257967,10.3165814267119
方式1,397.25,397.25,13.2406019285408,10.1940144356925
方式1,397.5,397.5,12.4126118451168,10.1817785481328
方式1,397.75,397.75,12.7747082835228,9.19226376929351
方式1,398.0,398.0,11.9141188634715,11.1048840864101
方式1,398.25,398.25,13.6893941029333,10.6064772034227
方式1,398.5,398.5,12.6298943427168,10.3375586476253
方式1,398.75,398.75,11.6851655084515,9.17745658986045
方式1,399.0,399.0,13.2780840293444,8.4151934260237
方式1,399.25,399.25,12.845933990261,9.51798680664953
方式1,399.5,399.5,13.0106470320029,10.189593738456
方式1,399.75,399.75,12.5895021177357,9.5103449883934
方式1,400.0,400.0,11.5473701773941,9.05464031038376
方式1,400.25,400.25,11.0427185618862,10.7348392379115
方式1,400.5,400.5,11.8994066133753,11.829315832512
方式1,400.75,400.75,12.9101428093783,11.147119187698
方式1,401.0,401.0,11.1810589590767,9.84504890108356
方式1,401.25,401.25,12.4530669225843,10.8014503478902
方式1,401.5,401.5,12.6592332166346,9.99918453007463
方式1,401.75,401.75,12.2296788811794,11.0477289728206
方式1,402.0,402.0,12.7724735333667,9.29389878035816
方式1,402.25,402.25,12.2925894767943,10.3308702879269
方式1,402.5,402.5,11.674640109954,10.7154570930839
方式1,402.75,402.75,10.7161106348746,10.215998519092
方式1,403.0,403.0,9.71564129292549,8.81826281027721
方式1,403.25,403.25,11.4805649595455,11.0592698537478
方式1,403.5,403.5,10.5116961889754,9.69457944691862
方式1,403.75,403.75,11.7718157978865,9.39350812908299
方式1,404.0,404.0,12.4284521522004,9.84500497250325
方式1,404.25,404.25,11.144664559586,9.4871544132725
方式1,404.5,404.5,10.2262419522644,10.1290710623409
方式1,404.75,404.75,9.72150125581934,11.0442523250153
方式1,405.0,405.0,11.0667936161895,10.8858547036505
方式1,405.25,405.25,10.7770227251273,10.6336047296665
方式1,405.5,405.5,11.6463443379198,9.97521318847853
方式1,405.75,405.75,10.6260528529637,9.95456064525051
方式1,406.0,406.0,11.4483353317441,10.0218080931729
方式1,406.25,406.25,11.0964931183416,11.6546024731169
方式1,406.5,406.5,11.752296997981,11.259768984238
方式1,406.75,406.75,11.1497992774395,8.55914649870931
方式1,407.0,407.0,9.61417883928749,9.50552724763576
方式1,407.25,407.25,10.7241125895228,9.76333875822773
方式1,407.5,407.5,8.85920488158546,10.7706966799869
方式1,407.75,407.75,9.5417848677825,10.3903675328653
方式1,408.0,408.0,9.8077682796239,9.66528321729146
方式1,408.25,408.25,9.51928399937458,9.59698956447578
方式1,408.5,408.5,10.4151374720603,9.29236584658337
方式1,408.75,408.75,9.11881907399899,9.85339826234886
方式1,409.0,409.0,11.8537127929475,11.3388528851735
方式1,409.25,409.25,10.5323149978455,11.1843004155764
方式1,409.5,409.5,10.6297767022924,10.0872032412851
方式1,409.75,409.75,10.8117182097223,10.6605528099317
方式1,410.0,410.0,7.27456455797568,10.7082177837841
方式1,410.25,410.25,9.29102939775858,9.24569149645433
方式1,410.5,410.5,9.65154774892642,9.21357273392341
方式1,410.75,410.75,10.0649569483479,9.00544575250728
方式1,411.0,411.0,11.0707296919339,10.5978536398891
方式1,411.25,411.25,9.73248001538012,9.6678329265081
方式1,411.5,411.5,9.46450232913437,10.4440492442115
方式1,411.75,411.75,10.3891214104358,11.4317721789862
方式1,412.0,412.0,9.4518357404607,10.9250215734595
方式1,412.25,412.25,8.97403732229603,9.56846082344489
方式1,412.5,412.5,8.28498676435536,8.65285359033342
方式1,412.75,412.75,7.58698820701527,10.6712052488094
方式1,413.0,413.0,8.49522557373506,10.2767822518157
方式1,413.25,413.25,8.4020280512156,10.0405377820773
方式1,413.5,413.5,8.42126126258999,10.7989344668379
方式1,413.75,413.75,8.79852442645514,10.1478404991953
方式1,414.0,414.0,9.62869529928948,10.8565945169517
方式1,414.25,414.25,8.05406819525633,10.6516853092115
方式1,414.5,414.5,7.38126393485717,9.24374986364701
方式1,414.75,414.75,8.43143835041888,8.87659084414284
方式1,415.0,415.0,7.74520520472176,8.84581628067604
方式1,415.25,415.25,9.76083353558932,10.9828635404329
方式1,415.5,415.5,9.20382021602875,9.85121397893871
方式1,415.75,415.75,10.4106567337081,10.2367270106821
方式1,416.0,416.0,7.38079720615643,9.44486788205703
方式1,416.25,416.25,8.63112227096188,10.5438852563836
方式1,416.5,416.5,8.4322115390156,10.2466674491353
方式1,416.75,416.75,7.51002771865841,10.1133032904515
方式1,417.0,417.0,8.72110741419562,10.2611951501841
方式1,417.25,417.25,7.67420647220878,9.3332508032105
方式1,417.5,417.5,6.99890209020494,10.9289470524564
方式1,417.75,417.75,7.93926089308245,9.65395223230465
方式1,418.0,418.0,6.92510517723641,11.2932564879273
方式1,418.25,418.25,6.98421413253137,10.4190257862523
方式1,418.5,418.5,7.38937592533921,9.7638498707983
方式1,418.75,418.75,7.43153316456431,10.4764073095513
方式1,419.0,419.0,6.77235182791582,9.60129980738906
方式1,419.25,419.25,6.05330755854638,9.46811225353415
方式1,419.5,419.5,7.54495535913862,10.9478520179963
方式1,419.75,419.75,8.38058304806698,9.44179388736108
方式1,420.0,420.0,7.37116211722618,10.3881610652337
方式1,420.25,420.25,6.23399048887557,10.7913450250531
方式1,420.5,420.5,7.74351696302064,8.82928612322595
方式1,420.75,420.75,6.68524552006926,9.35275801137837
方式1,421.0,421.0,8.15572158819907,11.1621756022903
方式1,421.25,421.25,7.07195615919034,9.78761280983266
方式1,421.5,421.5,5.56846116799653,9.61193010840981
方式1,421.75,421.75,6.20713545580537,9.45985254464694
方式1,422.0,422.0,7.7911450201775,10.174295332085
方式1,422.25,422.25,7.57689693986357,8.7203600380854
方式1,422.5,422.5,5.96406983817504,9.13863493635495
方式1,422.75,422.75,6.60907735053835,12.000872019086
方式1,423.0,423.0,6.00361234466214,10.7897134554854
方式1,423.25,423.25,5.10338485668506,9.53674252572603
方式1,423.5,423.5,4.85838752490536,9.18548013790875
方式1,423.75,423.75,7.76339866857673,9.44456454236577
方式1,424.0,424.0,6.3027911189742,9.86493779743189
方式1,424.25,424.25,6.57093395723805,9.8254893610064
方式1,424.5,424.5,5.16161661234085,9.20251008595075
方式1,424.75,424.75,6.96035066127733,9.27918319904137
方式1,425.0,425.0,5.62210820669282,8.60514608807938
方式1,425.25,425.25,5.03210691642827,9.51566895750577
方式1,425.5,425.5,4.40302687286632,10.7049891901436
方式1,425.75,425.75,5.18533545066751,9.00706653619898
方式1,426.0,426.0,5.58202521415144,9.39114115310603
方式1,426.25,426.25,6.51290575475869,8.88191720205892
方式1,426.5,426.5,5.02530939535877,10.1641337048273
方式1,426.75,426.75,4.16646922641665,9.67662367865466
方式1,427.0,427.0,5.83424367133937,10.4342431814619
方式1,427.25,427.25,4.99196113103163,8.42463533184695
方式1,427.5,427.5,5.23277235874406,10.3489820227572
方式1,427.75,427.75,5.84526753291819,9.13767363358497
方式1,428.0,428.0,5.03268176772077,10.1804544428364
方式1,428.25,428.25,5.36733769731722,9.24463322239336
方式1,428.5,428.5,4.79255365086873,10.4077984994281
方式1,428.75,428.75,5.74963076340283,9.3531648294591
方式1,429.0,429.0,4.53063879303725,9.95812318207464
方式1,429.25,429.25,2.3783925708312,8.90427133180015
方式1,429.5,429.5,4.6708489914874,10.3312788964565
方式1,429.75,429.75,4.41357269400931,9.64217897578189
方式1,430.0,430.0,6.13719473535841,9.95297217139356
方式1,430.25,430.25,6.00260327558999,8.36176878338249
方式1,430.5,430.5,4.11925847185861,9.16118261511321
方式1,430.75,430.75,5.84372357207669,9.47321736952469
方式1,431.0,431.0,5.19419052175242,9.41986578465262
方式1,431.25,431.25,5.05630889660438,11.1197118827427
方式1,431.5,431.5,4.33129035400166,9.47545844459093
方式1,431.75,431.75,3.86012268115978,9.30395651842706
方式1,432.0,432.0,3.81594539468391,8.44944546437405
方式1,432.25,432.25,4.41927300471874,8.97331480161759
方式1,432.5,432.5,4.45624397252711,10.3033120682033
方式1,432.75,432.75,4.26267149722433,9.29006370380571
方式1,433.0,433.0,4.35114992837189,9.45545778731908
方式1,433.25,433.25,3.06150954059207,9.52092344703491
方式1,433.5,433.5,2.79617689455717,9.59639892007373
方式1,433.75,433.75,3.27002294117217,11.0167801877287
方式1,434.0,434.0,2.97534234877283,9.99463112157065
方式1,434.25,434.25,4.18210246050153,9.44519351664401
方式1,434.5,434.5,2.84584106426775,9.44669047131145
方式1,434.75,434.75,3.95595242299261,9.40311819525461
方式1,435.0,435.0,4.8355639370864,9.62644077492418
方式1,435.25,435.25,2.61763519077001,9.83570024065915
方式1,435.5,435.5,3.7862320661741,9.42976746028291
方式1,435.75,435.75,3.19952933503487,8.39343440724244
方式1,436.0,436.0,2.9063347837838,10.5605160419086
方式1,436.25,436.25,3.91831572741735,9.76870521606946
方式1,436.5,436.5,3.08293070600173,9.19875415215616
方式1,436.75,436.75,2.94573089176488,7.53100231912747
方式1,437.0,437.0,3.79183630933897,9.38471061300704
方式1,437.25,437.25,2.76876080744348,9.23596861236157
方式1,437.5,437.5,2.17560254270721,9.35973697541627
方式1,437.75,437.75,3.17169752282992,7.52434405469296
方式1,438.0,438.0,3.95172991696819,8.53124206037269
方式1,438.25,438.25,2.8722203724989,9.40424580972253
方式1,438.5,438.5,2.30472932249801,9.43992448929988
方式1,438.75,438.75,0.731054251100425,10.1733904102237
方式1,439.0,439.0,4.1416060769688,8.73254948119221
方式1,439.25,439.25,3.86469133260459,8.23878735743193
方式1,439.5,439.5,3.27342512349562,8.77405064208847
方式1,439.75,439.75,3.28665216315457,7.60783028113674
方式1,440.0,440.0,1.62821033202238,9.24086618746891
方式1,440.25,440.25,2.4415124018596,8.12098017428884
方式1,440.5,440.5,2.186276264514,9.17721850981723
方式1,440.75,440.75,3.11493267396937,8.05327594518546
方式1,441.0,441.0,1.80232052063746,8.43169870662384
方式1,441.25,441.25,2.61560818536174,9.21759228727387
方式1,441.5,441.5,2.19283680039641,8.85069504721016
方式1,441.75,441.75,3.25600431044036,8.60167379748602
方式1,442.0,442.0,2.48068465257302,8.82988944629867
方式1,442.25,442.25,2.62242191195053,7.52896089651824
方式1,442.5,442.5,2.48153438076886,7.5856913314354
方式1,442.75,442.75,1.60527239524599,8.19637130587036
方式1,443.0,443.0,2.7138960529437,8.55510194412826
方式1,443.25,443.25,2.96331610124884,8.01320650695102
方式1,443.5,443.5,1.10179952071396,7.36048608998112
方式1,443.75,443.75,2.26139272240107,9.15188910898805
方式1,444.0,444.0,0.794050415030633,7.32945507896765
方式1,444.25,444.25,0.52502097697045,7.6928327279717
方式1,444.5,444.5,0.997279782991903,7.98453759224546
方式1,444.75,444.75,1.91208061907606,9.09077083675494
方式1,445.0,445.0,2.51529140311322,6.95451814478689
方式1,445.25,445.25,1.20604409836133,7.07954388023869
方式1,445.5,445.5,0.739875833320897,7.26931796359992
方式1,445.75,445.75,1.58267108678226,7.93408217159683
方式1,446.0,446.0,0.740387464802984,8.97738224944108
方式1,446.25,446.25,0.953033090143214,6.57680269856829
方式1,446.5,446.5,1.26306058592071,8.91153143988825
方式1,446.75,446.75,1.75166800513157,7.61235057973988
方式1,447.0,447.0,1.31361708417486,8.45341672261137
方式1,447.25,447.25,0.149195444168059,6.66276138022107
方式1,447.5,447.5,1.9297450000826,7.43766111537549
方式1,447.75,447.75,0.864242924828398,8.10285138789492
方式1,448.0,448.0,1.2993950450942,7.62021900328494
方式1,448.25,448.25,0.27582434950284,9.28818779231713
方式1,448.5,448.5,0.304932036207451,5.80936011032972
方式1,448.75,448.75,-0.774410531420732,8.34773538850264
方式1,449.0,449.0,0.344554208314512,7.56273741845611
方式1,449.25,449.25,2.2855259025178,8.43595509569381
方式1,449.5,449.5,0.68758964809415,8.55897151811868
方式1,449.75,449.75,2.26340446414215,6.78271366385531
方式1,450.0,450.0,0.647891675546656,7.51357494821866
方式1,450.25,450.25,0.263783075942976,7.53836459560792
方式1,450.5,450.5,-0.268857475655471,8.29616669956723
方式1,450.75,450.75,0.741327253874068,6.97650095293316
方式1,451.0,451.0,-0.0235294022555892,9.28620426696286
方式1,451.25,451.25,-1.00690790231058,7.77968552697528
方式1,451.5,451.5,0.389897226995033,7.9889535503837
方式1,451.75,451.75,1.68992022195941,7.79863995637248
方式1,452.0,452.0,0.109702332354245,7.4982270780583
方式1,452.25,452.25,-0.211988405259015,7.32263235598472
方式1,452.5,452.5,0.488168056967014,7.03465905382266
方式1,452.75,452.75,-2.30139857234229,7.05710390119648
方式1,453.0,453.0,-0.481920555116443,7.7372710198043
方式1,453.25,453.25,-1.95152875559431,8.48825317182989
方式1,453.5,453.5,-2.51646972860936,5.92835565374244
方式1,453.75,453.75,0.235479015468444,7.40872119697252
方式1,454.0,454.0,-0.391969667038936,7.29297521068713
方式1,454.25,454.25,-0.356375935039404,6.38206279116053
方式1,454.5,454.5,-0.643763928480955,6.41046065822164
方式1,454.75,454.75,-0.101563618484317,7.3449457442899
方式1,455.0,455.0,-0.277666569018724,7.14387511696992
方式1,455.25,455.25,0.184590993304609,7.04068675083268
方式1,455.5,455.5,-0.353014916080895,7.71936560155535
方式1,455.75,455.75,-0.810831145402784,7.53956709952212
方式1,456.0,456.0,-0.0485419408279023,7.10108378854615
方式1,456.25,456.25,-0.175490688353446,6.71164348411954
方式1,456.5,456.5,-0.725243049147738,6.52820788994316
方式1,456.75,456.75,-0.470126764946545,7.06966427194619
方式1,457.0,457.0,0.0635862117053164,6.84537248342221
方式1,457.25,457.25,-0.479564608927354,6.79862226037506
方式1,457.5,457.5,-1.49534317392832,6.87734360339158
方式1,457.75,457.75,-0.843176334737935,6.30035034563274
方式1,458.0,458.0,-0.761839052104043,6.39104965236222
方式1,458.25,458.25,0.54964022183511,6.29406864676541
方式1,458.5,458.5,-0.703784724421147,7.07052767299377
方式1,458.75,458.75,0.155075199526678,7.9493255554067
方式1,459.0,459.0,-2.53489875760288,8.35532513671916
方式1,459.25,459.25,-1.54034810545526,7.40853099195327
方式1,459.5,459.5,-1.44993757788926,5.36785910178835
方式1,459.75,459.75,-0.621810295923506,5.84767465751858
方式1,460.0,460.0,-1.40517755634694,7.11940460545449
方式1,460.25,460.25,-1.70286831945588,6.258082266751
方式1,460.5,460.5,-0.341211188422197,7.37011926179672
方式1,460.75,460.75,-0.35104560446424,6.96211185968068
方式1,461.0,461.0,-2.051739272074,7.41670970444672
方式1,461.25,461.25,-0.919051146174004,6.87268018578388
方式1,461.5,461.5,-1.4456680348271,7.81846446005591
方式1,461.75,461.75,-1.15776525879895,5.77855240381626
方式1,462.0,462.0,-2.48803660132994,7.67726591987838
方式1,462.25,462.25,-2.04699254832722,6.30645125301958
方式1,462.5,462.5,-2.16726376631901,7.75920809838975
方式1,462.75,462.75,-2.52407000628672,5.44544322844638
方式1,463.0,463.0,-0.918450861645526,7.07935648810503
方式1,463.25,463.25,-1.43791241286352,5.71288435551473
方式1,463.5,463.5,-0.8281985263936,5.43024457061027
方式1,463.75,463.75,-1.70743539826242,5.92059738435112
方式1,464.0,464.0,-0.26494803665301,5.83925697795323
方式1,464.25,464.25,-2.22444856773989,6.04238851212633
方式1,464.5,464.5,-1.45566011839204,6.93671962278519
方式1,464.75,464.75,-0.447052791153024,6.14498065973367
方式1,465.0,465.0,-3.57769292969861,6.94993847293638
方式1,465.25,465.25,-0.294271528094706,7.14841347464533
方式1,465.5,465.5,-1.4381478368212,5.76234070725857
方式1,465.75,465.75,-3.1978073780586,6.99192773542641
方式1,466.0,466.0,-0.944323046802237,5.03208476942174
方式1,466.25,466.25,-1.74609741637454,5.10302074997774
方式1,466.5,466.5,-2.36049749452945,3.96550655834101
方式1,466.75,466.75,-1.96552578899604,5.86007356114727
方式1,467.0,467.0,-1.24788948531036,7.12881919236086
方式1,467.25,467.25,-3.01610439057422,6.56767927079483
方式1,467.5,467.5,-1.79625729462682,5.94884124802053
方式1,467.75,467.75,-3.15826301616096,5.59155407140691
方式1,468.0,468.0,-0.43213348238401,6.52930752308293
方式1,468.25,468.25,-1.78259294162508,5.37222570097158
方式1,468.5,468.5,-2.32163022861532,5.36800153096774
方式1,468.75,468.75,-2.35571621086776,7.23908416175523
方式1,469.0,469.0,-2.58174723367669,4.90406120990866
方式1,469.25,469.25,-1.81716297825001,6.76705614961928
方式1,469.5,469.5,-1.68256226685426,5.24692693231179
方式1,469.75,469.75,-1.6943082476224,4.36464545964935
方式1,470.0,470.0,-1.04410304379359,6.83665883264326
方式1,470.25,470.25,-3.54204966122706,6.79778368569967
方式1,470.5,470.5,-2.76469393398842,3.27558997140864
方式1,470.75,470.75,-2.4593969782496,6.87962720828597
方式1,471.0,471.0,-3.62574739193595,4.48963397331237
方式1,471.25,471.25,-2.03583232484625,4.85544870859344
方式1,471.5,471.5,-2.93533004774975,4.8017103090859
方式1,471.75,471.75,-3.36171852249107,5.79250812256421
方式1,472.0,472.0,-1.3866630712445,5.03937762737524
方式1,472.25,472.25,-3.30578588086791,4.46896273538328
方式1,472.5,472.5,-4.64340297937017,5.55004336521408
方式1,472.75,472.75,-2.351646052784,5.52686786191746
方式1,473.0,473.0,-2.25421236618946,4.54284995314396
方式1,473.25,473.25,-3.21961911019826,5.41197487792569
方式1,473.5,473.5,-3.6181343966648,6.09898816505028
方式1,473.75,473.75,-1.56531348095587,6.43651416939264
方式1,474.0,474.0,-4.41900392841894,4.24065480256764
方式1,474.25,474.25,-3.99393049182045,5.64314004433276
方式1,474.5,474.5,-4.91767646846124,5.03014864754511
方式1,474.75,474.75,-2.73251742465483,4.79744859268923
方式1,475.0,475.0,-3.34954254778682,5.67875143705744
方式1,475.25,475.25,-2.76528800662495,5.07184348802023
方式1,475.5,475.5,-3.11888656864215,4.36757964563167
方式1,475.75,475.75,-2.88960983022859,4.19066780864877
方式1,476.0,476.0,-3.65117637717672,3.95933625324842
方式1,476.25,476.25,-1.96850166822395,4.16189523935969
方式1,476.5,476.5,-3.1500628272085,4.49602881797476
方式1,476.75,476.75,-2.43302140623934,6.32592876339081
方式1,477.0,477.0,-4.04805780272734,4.6637292043211
方式1,477.25,477.25,-2.39925146877582,4.62849510699272
方式1,477.5,477.5,-3.50133280013971,4.89494388479243
方式1,477.75,477.75,-1.43805103680091,3.43019862509377
方式1,478.0,478.0,-3.93100758196108,4.01732492508651
方式1,478.25,478.25,-4.37821777289021,4.32090712577916
方式1,478.5,478.5,-3.93891643564967,6.31791292325048
方式1,478.75,478.75,-3.67253706399498,3.28657307792907
方式1,479.0,479.0,-2.85973753876003,5.39933101088995
方式1,479.25,479.25,-2.87471780717016,4.49876861403654
方式1,479.5,479.5,-2.49557074290878,3.7359243030293
方式1,479.75,479.75,-4.05312576773907,3.80619963902031
方式1,480.0,480.0,-3.51983219963323,4.70444510477243
方式1,480.25,480.25,-2.75589561471085,2.64054046460417
方式1,480.5,480.5,-2.87427610908986,2.68544155124955
方式1,480.75,480.75,-3.28853797325512,3.36606851586067
方式1,481.0,481.0,-2.27555753664598,2.26188201962714
方式1,481.25,481.25,-4.29364074845839,2.27816822837354
方式1,481.5,481.5,-4.48256216573064,4.72933996357218
方式1,481.75,481.75,-2.35234522440089,4.78497128367297
方式1,482.0,482.0,-4.50804660137301,4.28077604270873
方式1,482.25,482.25,-4.30525122250262,3.52988058181835
方式1,482.5,482.5,-2.75972308957908,3.11010487767907
方式1,482.75,482.75,-3.01704176405096,2.68040761504381
方式1,483.0,483.0,-3.33812199452765,3.47331001254462
方式1,483.25,483.25,-2.00153584362238,4.17973174454635
方式1,483.5,483.5,-3.71703923230692,3.4534682716416
方式1,483.75,483.75,-2.98113011672162,4.74454832036096
方式1,484.0,484.0,-0.285249688247152,3.80217113824401
方式1,484.25,484.25,-4.35948644253778,3.45524417535734
方式1,484.5,484.5,-2.83916429997835,3.42578258934758
方式1,484.75,484.75,-2.72559031995559,4.0271005286572
方式1,485.0,485.0,-4.07199220086168,5.05445065290187
方式1,485.25,485.25,-2.99434788893695,4.15323249638125
方式1,485.5,485.5,-3.89307185494417,4.33915432334307
方式1,485.75,485.75,-2.92931407489924,1.84780341427724
方式1,486.0,486.0,-3.00676486046728,4.91632335617714
方式1,486.25,486.25,-4.12700298768238,3.91345166471209
方式1,486.5,486.5,-1.89552623788596,4.18995471311314
方式1,486.75,486.75,-4.6551913948867,2.04428005386635
方式1,487.0,487.0,-3.2324679114195,4.43569053904922
方式1,487.25,487.25,-3.97491186715741,2.32248067895318
方式1,487.5,487.5,-2.4219256147306,4.69739776040048
方式1,487.75,487.75,-2.93217759682354,2.88338462851497
方式1,488.0,488.0,-3.42597003470374,3.89097919581571
方式1,488.25,488.25,-2.90873396794066,2.38176766913115
方式1,488.5,488.5,-3.7245841113028,3.47072623856656
方式1,488.75,488.75,-4.13138670180128,2.52564450359688
方式1,489.0,489.0,-2.82664472505688,2.1209535669916
方式1,489.25,489.25,-3.74952005494599,4.23404302156856
方式1,489.5,489.5,-3.28614083027496,4.00620712185927
方式1,489.75,489.75,-3.04767402465761,2.77143094277101
方式1,490.0,490.0,-4.47654537298176,2.42932932630074
方式1,490.25,490.25,-2.12883932530637,2.70508402468265
方式1,490.5,490.5,-3.91558980820525,2.85313667216169
方式1,490.75,490.75,-4.51592600922966,2.74987097318293
方式1,491.0,491.0,-3.10067231291919,1.20254486336647
方式1,491.25,491.25,-3.80126708328934,2.28783008504827
方式1,491.5,491.5,-2.43237953866753,3.04627834975283
方式1,491.75,491.75,-2.02244956997145,2.05958741410716
方式1,492.0,492.0,-3.59992510399749,1.5373331630619
方式1,492.25,492.25,-2.30987751583721,1.92580882731849
方式1,492.5,492.5,-3.2497629261892,2.90253826877839
方式1,492.75,492.75,-4.39216923792561,2.38599667192855
方式1,493.0,493.0,-3.4908776592137,1.78982599743485
方式1,493.25,493.25,-4.49996940627407,4.04074882050683
方式1,493.5,493.5,-1.66573236436153,3.75934599021297
方式1,493.75,493.75,-3.6384261263687,2.85401032761058
方式1,494.0,494.0,-3.95177251892619,2.18763843970024
方式1,494.25,494.25,-3.21903797269859,2.78071630773065
方式1,494.5,494.5,-3.38337578976803,3.10906379359004
方式1,494.75,494.75,-2.43476933316809,2.13405310242332
方式1,495.0,495.0,-3.1931773786173,1.4309657435515
方式1,495.25,495.25,-4.78308709416925,2.51833103260439
方式1,495.5,495.5,-1.39577832808546,3.82346535249621
方式1,495.75,495.75,-1.3266697464816,1.92332213685465
方式1,496.0,496.0,-1.98330322473952,1.69135715432444
方式1,496.25,496.25,-4.36677801112731,1.55845903374635
方式1,496.5,496.5,-3.84971963998158,3.90539039887044
方式1,496.75,496.75,-2.89065770322941,2.1877666966667
方式1,497.0,497.0,-4.53819628417921,1.0504046986964
方式1,497.25,497.25,-3.96806704712769,1.87749103742622
方式1,497.5,497.5,-3.46022993461235,3.28517157179073
方式1,497.75,497.75,-2.71143425030226,2.94919691447156
方式1,498.0,498.0,-2.74077783241638,2.02922585116678
方式1,498.25,498.25,-2.38776463009828,2.79365833849795
方式1,498.5,498.5,-2.3040951764544,2.29419046451286
方式1,498.75,498.75,-3.58184600862272,1.1738535557119
方式1,499.0,499.0,-4.30216994157155,2.66953948805267
方式1,499.25,499.25,-3.19780919216867,0.690617254763237
方式1,499.5,499.5,-1.86852803673048,2.95194468058829
方式1,499.75,499.75,-3.17482537026392,2.33362015274396
方式1,500.0,500.0,-2.01586751324903,2.27607583223976
方式1,500.25,500.25,-3.97779099530009,1.01697261505172
方式1,500.5,500.5,-1.99397751460944,1.53609453335492
方式1,500.75,500.75,-2.27749432039632,2.07520894059511
方式1,501.0,501.0,-1.86189687927013,3.61533723948032
方式1,501.25,501.25,-2.38579846469502,1.27675453832757
方式1,501.5,501.5,-1.74309689226389,0.793421998211416
方式1,501.75,501.75,-3.16579168713207,2.58503329819975
方式1,502.0,502.0,-3.58944135800107,0.54025794284915
方式1,502.25,502.25,-1.87979992320413,-0.0339834197473736
方式1,502.5,502.5,-1.257637941239,2.16001871074153
方式1,502.75,502.75,-3.33159035174456,1.3379880454268
方式1,503.0,503.0,-3.06041299453568,1.30977771591887
方式1,503.25,503.25,-3.37015170711926,1.96348718122385
方式1,503.5,503.5,-2.82515934261874,0.563094699132302
方式1,503.75,503.75,-1.36635502250009,-0.962128453962164
方式1,504.0,504.0,-3.8468545528142,2.37989606762645
方式1,504.25,504.25,-2.60744533559352,1.48124762185796
方式1,504.5,504.5,-3.15751156488924,1.80450551731458
方式1,504.75,504.75,-3.22925033838764,2.16284929630014
方式1,505.0,505.0,-2.79719574573664,1.24738120663682
方式1,505.25,505.25,-2.78114750719867,0.940071301385467
方式1,505.5,505.5,-2.50159594397926,-0.0820869373443074
方式1,505.75,505.75,-3.24579057907112,0.645747679861649
方式1,506.0,506.0,-2.96927058252285,0.193737594457168
方式1,506.25,506.25,-2.22434669235637,-0.514766174272376
方式1,506.5,506.5,-1.81396686496155,1.29498711303218
方式1,506.75,506.75,-1.72526315820671,2.49060744448458
方式1,507.0,507.0,-1.65278332746651,1.88007506354432
方式1,507.25,507.25,-1.82630524181684,-0.741147183335931
方式1,507.5,507.5,-2.47857510725875,2.26698259265948
方式1,507.75,507.75,-3.43327457991347,0.0335468845535415
方式1,508.0,508.0,-1.30296493365709,1.33361118837031
方式1,508.25,508.25,-2.11032222674945,0.115560498153736
方式1,508.5,508.5,-2.49164946095688,1.5339722536067
方式1,508.75,508.75,-2.58508386900125,0.768149116581246
方式1,509.0,509.0,-2.16370352707383,0.66007965836614
方式1,509.25,509.25,-1.53781900675132,0.545714351713539
方式1,509.5,509.5,-0.583711560598536,0.276652681200756
方式1,509.75,509.75,-0.978852778240868,0.0871838714373189
方式1,510.0,510.0,-1.91275408007695,0.333479609699466
方式1,510.25,510.25,-1.99791292850056,0.953135853821234
方式1,510.5,510.5,-1.9927839350617,-0.727685668555765
方式1,510.75,510.75,-1.64829896126123,0.0281136296422745
方式1,511.0,511.0,-2.39086343109765,0.765983622590044
方式1,511.25,511.25,-1.85978400029704,0.415165420897947
方式1,511.5,511.5,-2.36761292733761,1.86802734417441
方式1,511.75,511.75,-2.34377683099973,-0.140449912039484
方式1,512.0,512.0,-2.36884449455409,-0.181085301137157
方式1,512.25,512.25,-1.16626938020966,1.74422538734818
方式1,512.5,512.5,-1.22135799791236,1.22225969249501
方式1,512.75,512.75,-1.8921138456456,0.864257719054803
方式1,513.0,513.0,-0.779041482051015,-1.14965180993882
方式1,513.25,513.25,-1.68450315134871,-0.0827320514673567
方式1,513.5,513.5,-1.45958397575904,0.561627103666069
方式1,513.75,513.75,-1.09265305216176,0.872620905626714
方式1,514.0,514.0,-1.982421972981,-0.224396632741534
方式1,514.25,514.25,-2.13441552271059,0.293115462602607
方式1,514.5,514.5,-0.571942624225112,0.466463438866692
方式1,514.75,514.75,-1.5019886382731,0.582426312924716
方式1,515.0,515.0,-1.14381339056411,0.160298982767926
方式1,515.25,515.25,-0.653608255113207,-0.0776888788424526
方式1,515.5,515.5,-1.94267434689684,0.224051238927693
方式1,515.75,515.75,-1.89364852573502,0.709543456776935
方式1,516.0,516.0,-1.14961691677952,-0.247345994806242
方式1,516.25,516.25,-1.65958515068072,0.0899375528094331
方式1,516.5,516.5,-2.36524546387607,0.636652627522313
方式1,516.75,516.75,-0.394590842422136,-1.05981845881619
方式1,517.0,517.0,-1.56380392267161,-0.404843196709133
方式1,517.25,517.25,-0.246702268672012,-0.255472487978458
方式1,517.5,517.5,-2.03532670761501,-0.635597127329018
方式1,517.75,517.75,-1.27133644830857,-0.451654885791582
方式1,518.0,518.0,-0.927554896975703,-0.137045749568551
方式1,518.25,518.25,-1.48523097684809,0.0312747853074723
方式1,518.5,518.5,-0.033367217712225,-0.770938739549368
方式1,518.75,518.75,-1.42238294892678,-1.58352400565953
方式1,519.0,519.0,-2.7164465632448,-0.249819519397895
方式1,519.25,519.25,-0.00346594602093775,-0.344227205020302
方式1,519.5,519.5,-2.76388540295028,-0.710259297720349
方式1,519.75,519.75,-1.52393995053722,0.753507972339898
方式1,520.0,520.0,-1.29514347025174,-0.575590081321965
方式1,520.25,520.25,-0.632480763987828,-0.629223346911074
方式1,520.5,520.5,-1.10642503518549,0.92877445513174
方式1,520.75,520.75,0.075458310104093,-1.11722964453789
方式1,521.0,521.0,-0.566165281393059,-1.03919874749655
方式1,521.25,521.25,-1.20460043727961,0.147713715506255
方式1,521.5,521.5,-0.0975690781597869,-0.125658638127685
方式1,521.75,521.75,-0.870541956464957,-0.058463723664857
方式1,522.0,522.0,-0.36821873938723,-0.532713216026005
方式1,522.25,522.25,-0.441377299727345,1.26130575196381
方式1,522.5,522.5,-0.618130076694566,-1.37914826865237
方式1,522.75,522.75,1.61898905553996,-0.077786292235515
方式1,523.0,523.0,-0.978150358357699,-1.11140904315626
方式1,523.25,523.25,-0.281783722145315,-1.68630465280542
方式1,523.5,523.5,-0.0961824964231369,-1.51674148045741
方式1,523.75,523.75,0.623268315901676,0.940532412364062
方式1,524.0,524.0,-0.231106736642364,-1.2743012026204
方式1,524.25,524.25,0.720055204938991,-0.253049017124506
方式1,524.5,524.5,-0.975687016846847,-1.68464314984955
方式1,524.75,524.75,1.471612310473,-0.567671920602394
方式1,525.0,525.0,0.347344068996977,-0.801117305105241
方式1,525.25,525.25,0.0304028257653354,-0.750043143198671
方式1,525.5,525.5,-1.0419814305888,-0.623347563447707
方式1,525.75,525.75,-0.809900434464613,-1.88003649491892
方式1,526.0,526.0,-0.1906897742619,-2.07182607463736
方式1,526.25,526.25,-1.66384300342461,-0.819184098081787
方式1,526.5,526.5,0.316104525906752,-1.16539780203644
方式1,526.75,526.75,-0.479099727525695,-0.95982682350933
方式1,527.0,527.0,1.45418495130987,-0.0803059100363512
方式1,527.25,527.25,2.04844470712238,-1.60746375487342
方式1,527.5,527.5,0.0453167173460627,-1.48389185970378
方式1,527.75,527.75,0.771839199325786,-0.440322793003193
方式1,528.0,528.0,0.394804747148682,-1.83114901524297
方式1,528.25,528.25,-0.53848336237241,-1.01005480554371
方式1,528.5,528.5,1.25055779137825,-0.942570834396869
方式1,528.75,528.75,-0.0579220643125816,-2.45447276046384
方式1,529.0,529.0,-1.09783299337758,-1.18463879108292
方式1,529.25,529.25,1.07598362468098,-0.0204026979547229
方式1,529.5,529.5,0.52790442570001,-2.83027065651334
方式1,529.75,529.75,0.661338705148899,-2.09279696200163
方式1,530.0,530.0,-0.290595042755648,-2.52194545341603
方式1,530.25,530.25,1.26765078454881,-1.78513008479741
方式1,530.5,530.5,0.793953738339352,-2.69762141051035
方式1,530.75,530.75,0.728648812037175,-1.66051651860755
方式1,531.0,531.0,0.625213664656106,-1.33352650548032
方式1,531.25,531.25,1.77151550537035,-1.78342663603542
方式1,531.5,531.5,2.6428128322333,-1.60184923543934
方式1,531.75,531.75,-0.0764649757040272,-2.64877682213783
方式1,532.0,532.0,1.80858959830403,-1.34712852929229
方式1,532.25,532.25,1.30060468842022,-1.90663006920649
方式1,532.5,532.5,1.34844745037591,-0.570657272567827
方式1,532.75,532.75,2.24656630842494,-1.43645040321459
方式1,533.0,533.0,1.62531533053076,-2.47677072193304
方式1,533.25,533.25,1.38174635068922,-0.971713360578779
方式1,533.5,533.5,2.66060521833633,-0.801963337182182
方式1,533.75,533.75,1.56839220414854,-1.61451121561694
方式1,534.0,534.0,1.62315919191824,-1.75678116531714
方式1,534.25,534.25,3.65624306731336,-1.95536808787172
方式1,534.5,534.5,1.27336977532907,-3.5407423505067
方式1,534.75,534.75,1.63449762968731,-2.03020026784453
方式1,535.0,535.0,2.89098072262917,-1.5278979279187
方式1,535.25,535.25,3.07563930760349,-2.2854972051507
方式1,535.5,535.5,1.76956803900216,-2.56769583330346
方式1,535.75,535.75,1.18917100368518,-3.0158845633235
方式1,536.0,536.0,3.13532171873699,-3.06045054771567
方式1,536.25,536.25,2.64916644176319,-2.94391555725313
方式1,536.5,536.5,2.81744263479534,-2.69570682632726
方式1,536.75,536.75,1.99154532571112,-1.78721149662403
方式1,537.0,537.0,3.41365905894822,-0.326102163394417
方式1,537.25,537.25,1.85203979818035,-0.951927372776281
方式1,537.5,537.5,2.95660865558022,-0.909847927374685
方式1,537.75,537.75,2.45892566962605,-1.11828407247855
方式1,538.0,538.0,2.04608864427056,-1.47701611172648
方式1,538.25,538.25,3.83214663455388,-1.15253960843776
方式1,538.5,538.5,3.42207018333709,-2.53145074547292
方式1,538.75,538.75,4.00882938147133,-2.40375496130734
方式1,539.0,539.0,3.34575295762997,-1.45114210067113
方式1,539.25,539.25,4.07806847293479,-2.569503982965
方式1,539.5,539.5,3.51473872102089,-1.66427760773957
方式1,539.75,539.75,2.88864339313116,-1.5806068504871
方式1,540.0,540.0,2.71512046999864,-2.39742237091561
方式1,540.25,540.25,3.70388455773928,-1.63815510442707
方式1,540.5,540.5,3.88036734262111,-3.13657227061318
方式1,540.75,540.75,4.04047838792965,-2.91529229281403
方式1,541.0,541.0,2.31487234354255,-3.82122838950444
方式1,541.25,541.25,2.61360807365611,-2.17302328094847
方式1,541.5,541.5,4.82022231741438,-2.69103367437287
方式1,541.75,541.75,3.83774145813726,-1.89145206123273
方式1,542.0,542.0,3.8848550967936,-2.72095279274716
方式1,542.25,542.25,3.82773453023931,-2.65634809257974
方式1,542.5,542.5,4.84538426560774,-1.79689400567543
方式1,542.75,542.75,4.79589653065602,-1.33153608842891
方式1,543.0,543.0,4.40915938475939,-1.75161997683725
方式1,543.25,543.25,4.01495885565801,-2.99913423369636
方式1,543.5,543.5,3.56189420638159,-2.12066400459092
方式1,543.75,543.75,3.76827590243058,-2.8283087004844
方式1,544.0,544.0,3.35195261979536,-2.9125907983246
方式1,544.25,544.25,2.67102513587626,-3.00017977687866
方式1,544.5,544.5,5.23946116864169,-2.76721004399304
方式1,544.75,544.75,4.50224003968607,-1.47566798818459
方式1,545.0,545.0,3.5225662490475,-2.89400458657913
方式1,545.25,545.25,4.19070052607065,-2.90743927085927
方式1,545.5,545.5,5.91885109179001,-1.93787237040585
方式1,545.75,545.75,4.58886277170908,-1.86207659427595
方式1,546.0,546.0,7.22370064428507,-2.8005230243574
方式1,546.25,546.25,4.97913487049027,-2.78441121442347
方式1,546.5,546.5,5.24548992145725,-1.70215137152529
方式1,546.75,546.75,5.79608991995986,-2.22819726731396
方式1,547.0,547.0,5.5780706895018,-2.82924936755992
方式1,547.25,547.25,4.95520494737866,-2.99054547926701
方式1,547.5,547.5,5.24996462443172,-1.61556677424072
方式1,547.75,547.75,3.19489389896564,-2.93378989464309
方式1,548.0,548.0,5.09884296711655,-4.84442576508967
方式1,548.25,548.25,5.75965964996509,-2.21567926552398
方式1,548.5,548.5,4.93341800470249,-3.37928880801228
方式1,548.75,548.75,4.8175189798821,-3.78654551977023
方式1,549.0,549.0,3.8154109336076,-3.5225139304316
方式1,549.25,549.25,5.84714087522794,-3.84461294320762
方式1,549.5,549.5,5.19703141628446,-2.10188798812346
方式1,549.75,549.75,6.86637819360866,-3.06646177035812
方式1,550.0,550.0,5.55201854393622,-4.9532200921797
方式1,550.25,550.25,5.43276063644922,-1.20966327270091
方式1,550.5,550.5,3.90732811710272,-3.13393295019365
方式1,550.75,550.75,5.11623878803374,-3.24320051050935
方式1,551.0,551.0,6.01626938907697,-2.42894733296461
方式1,551.25,551.25,4.99366254826528,-2.30843659777179
方式1,551.5,551.5,6.18343911505319,-2.43340760719938
方式1,551.75,551.75,6.47752541447729,-4.12919518302252
方式1,552.0,552.0,5.45317816214565,-2.23856934338232
方式1,552.25,552.25,6.60958683385179,-3.62971712845102
方式1,552.5,552.5,7.44471608553547,-2.38097098292343
方式1,552.75,552.75,6.53577205020165,-1.95043814251187
方式1,553.0,553.0,5.99102199097407,-1.61343922197663
方式1,553.25,553.25,5.56748493835868,-2.24393126113362
方式1,553.5,553.5,6.95597889730037,-1.92122467105631
方式1,553.75,553.75,5.76477827961768,-2.86054314940986
方式1,554.0,554.0,6.00836003207821,-1.76384025356512
方式1,554.25,554.25,6.27853944226802,-3.93905991526682
方式1,554.5,554.5,7.14725335193056,-3.86787242116749
方式1,554.75,554.75,5.35833639859802,-2.51408348198423
方式1,555.0,555.0,7.16910925535626,-4.60492663217015
方式1,555.25,555.25,7.45013444293449,-2.6360136791895
方式1,555.5,555.5,6.40344103623851,-1.76881397342307
方式1,555.75,555.75,6.09111327701728,-3.44467713448401
方式1,556.0,556.0,7.57356361624999,-2.8530177098884
方式1,556.25,556.25,5.54047624156836,-3.27479889582183
方式1,556.5,556.5,6.56765107254969,-3.43057772655631
方式1,556.75,556.75,7.75652167919286,-2.54175554643691
方式1,557.0,557.0,6.9219268025529,-2.55501329508615
方式1,557.25,557.25,7.48382867128654,-3.46626582847709
方式1,557.5,557.5,8.28677501535381,-3.23538474570897
方式1,557.75,557.75,7.59755105957956,-3.8608487478121
方式1,558.0,558.0,7.71902628989904,-3.41489131229693
方式1,558.25,558.25,7.36424682355814,-3.09404435522094
方式1,558.5,558.5,8.94170915786482,-2.53380279214103
方式1,558.75,558.75,8.88659278237939,-4.6986597458441
方式1,559.0,559.0,6.71368920940381,-1.43328325133759
方式1,559.25,559.25,7.26730105807465,-1.71630445583829
方式1,559.5,559.5,8.04320463314299,-2.34922191952571
方式1,559.75,559.75,7.97457133963347,-3.47409097329387
方式1,560.0,560.0,10.1064020771711,-2.50978970944667
方式1,560.25,560.25,8.66330712459155,-2.33408040848225
方式1,560.5,560.5,7.45084435735477,-2.02566596937681
方式1,560.75,560.75,6.82682863186614,-3.42593976032187
方式1,561.0,561.0,9.13840547516156,-3.27857328498327
方式1,561.25,561.25,8.51765534174484,-1.45963188644766
方式1,561.5,561.5,9.19192338569836,-2.72398928281782
方式1,561.75,561.75,7.89707840795359,-4.53804242784195
方式1,562.0,562.0,7.93402978583254,-2.58461870827314
方式1,562.25,562.25,9.30831198613195,-2.67354606369387
方式1,562.5,562.5,8.22621472536056,-2.50260065777993
方式1,562.75,562.75,8.79769580510627,-3.15508772579979
方式1,563.0,563.0,8.27883491842378,-2.50598776612636
方式1,563.25,563.25,10.0968991893979,-3.07150648398789
方式1,563.5,563.5,9.02482473215816,-2.23503820805837
方式1,563.75,563.75,8.38663776933876,-2.89939634347401
方式1,564.0,564.0,9.16502162602749,-2.95919216392102
方式1,564.25,564.25,8.1494043599133,-3.08180651548539
方式1,564.5,564.5,9.72983335766386,-3.82007478891235
方式1,564.75,564.75,9.96839437045403,-1.23107131240334
方式1,565.0,565.0,9.65525119914315,-2.8968305794881
方式1,565.25,565.25,9.0300384276391,-2.90807967567422
方式1,565.5,565.5,11.2493516285864,-3.45474934743516
方式1,565.75,565.75,9.69067188594114,-3.18451469810079
方式1,566.0,566.0,8.84976747932063,-2.66990024705636
方式1,566.25,566.25,8.77572051136702,-2.78633695417393
方式1,566.5,566.5,10.1790243059945,-3.74100181730264
方式1,566.75,566.75,9.99599079663634,-3.15471846317207
方式1,567.0,567.0,8.10562726007332,-4.49941232270391
方式1,567.25,567.25,10.0293972078725,-4.06681185182423
方式1,567.5,567.5,11.0674157721872,-3.43748960562547
方式1,567.75,567.75,11.0901989973179,-2.91247845108695
方式1,568.0,568.0,11.8506471211718,-2.43557125538266
方式1,568.25,568.25,10.9566478008889,-1.43655395835177
方式1,568.5,568.5,10.3654947432051,-3.72593622068587
方式1,568.75,568.75,10.7644711518329,-5.26265246833011
方式1,569.0,569.0,12.1094468164091,-1.90368650585514
方式1,569.25,569.25,11.1863920837568,-2.45089567253886
方式1,569.5,569.5,9.94637988596387,-2.24746984858411
方式1,569.75,569.75,8.97173990972474,-2.43435848509436
方式1,570.0,570.0,10.1836837443057,-2.21879025335146
方式1,570.25,570.25,11.5313496963823,-3.50678950024345
方式1,570.5,570.5,8.8719601507961,-3.52089816330329
方式1,570.75,570.75,9.4593083284936,-3.26368284861219
方式1,571.0,571.0,10.161159683697,-3.92390829956222
方式1,571.25,571.25,11.4519912420001,-3.27745889381146
方式1,571.5,571.5,11.8687948352969,-2.20889138707868
方式1,571.75,571.75,11.8924444480737,-3.19853200371014
方式1,572.0,572.0,11.4268058087684,-2.5932413159575
方式1,572.25,572.25,9.88982243097755,-3.18863602320184
方式1,572.5,572.5,12.7396803245812,-4.03375778166527
方式1,572.75,572.75,12.1600462358543,-2.31093107369967
方式1,573.0,573.0,12.1879445109531,-3.52214242495365
方式1,573.25,573.25,11.9440299704949,-4.01565763686744
方式1,573.5,573.5,12.0496675545728,-3.99207787174743
方式1,573.75,573.75,11.8939069158159,-2.67179928249544
方式1,574.0,574.0,12.4906876339914,-3.98895840911307
方式1,574.25,574.25,11.4380426266825,-2.13711739737512
方式1,574.5,574.5,12.4170794838598,-3.10354746351532
方式1,574.75,574.75,13.2076608645261,-3.16778408864777
方式1,575.0,575.0,10.6915823266313,-3.04175612541967
方式1,575.25,575.25,11.5693728913267,-2.36029849864402
方式1,575.5,575.5,11.6448983266065,-3.85847069802906
方式1,575.75,575.75,11.0725026482032,-3.07810715110036
方式1,576.0,576.0,11.7954290450081,-1.93302374383567
方式1,576.25,576.25,11.9551570126772,-2.73098612413688
方式1,576.5,576.5,12.2198538331265,-2.99626601405901
方式1,576.75,576.75,12.4618578492012,-2.9155309066216
方式1,577.0,577.0,14.612997367036,-3.96109440767627
方式1,577.25,577.25,13.662320164953,-3.13628238853298
方式1,577.5,577.5,12.5413073845732,-2.46070086293052
方式1,577.75,577.75,12.287730558077,-1.75372475510048
方式1,578.0,578.0,13.4126098018377,-3.37148844706613
方式1,578.25,578.25,11.4824524479175,-3.58839389762613
方式1,578.5,578.5,11.8693421100893,-3.55445191740119
方式1,578.75,578.75,12.2848134235335,-2.98237888789277
方式1,579.0,579.0,13.2932443447293,-2.08725088448824
方式1,579.25,579.25,13.0561922033621,-2.66466273333225
方式1,579.5,579.5,13.1517779968028,-2.4230339783602
方式1,579.75,579.75,12.6622100855709,-3.98730070729745
方式1,580.0,580.0,12.4814088782715,-3.11205345295333
方式1,580.25,580.25,12.2214596222246,-2.02661807109817
方式1,580.5,580.5,12.1615373124455,-3.38765394658082
方式1,580.75,580.75,14.3282559043616,-2.79068290557044
方式1,581.0,581.0,14.5302470498351,-3.74598386863433
方式1,581.25,581.25,14.3337761128112,-3.97262187248083
方式1,581.5,581.5,12.9347946564988,-2.87702067446756
方式1,581.75,581.75,13.9114077892885,-3.0896407991134
方式1,582.0,582.0,12.8104627597736,-1.45776426079675
方式1,582.25,582.25,13.4892397839022,-2.47914666814098
方式1,582.5,582.5,13.3290973645296,-3.05051925678804
方式1,582.75,582.75,13.647382031763,-3.31415044933233
方式1,583.0,583.0,12.7522511925155,-2.66288711735122
方式1,583.25,583.25,13.6275266107686,-2.7287707890735
方式1,583.5,583.5,13.9465807070256,-1.73164536997185
方式1,583.75,583.75,13.3615017788133,-1.55636369246788
方式1,584.0,584.0,15.3465006560865,-2.49913212762572
方式1,584.25,584.25,12.8403187072035,-1.850485405674
方式1,584.5,584.5,12.7560490892076,-3.08938254567689
方式1,584.75,584.75,15.6215208057662,-2.06470412513795
方式1,585.0,585.0,14.7598636239479,-2.89390487218217
方式1,585.25,585.25,13.8564811387859,-3.90238976408178
方式1,585.5,585.5,14.5185560990056,-3.20865270060438
方式1,585.75,585.75,14.7561292170277,-1.9893315973398
方式1,586.0,586.0,14.9366853924202,-1.97526596240187
方式1,586.25,586.25,14.8843527816001,-2.31589407421966
方式1,586.5,586.5,14.7702393440669,-3.47277415782265
方式1,586.75,586.75,15.140388896489,-1.99763885721622
方式1,587.0,587.0,14.0429269657956,-2.97532810939916
方式1,587.25,587.25,14.2779753129902,-2.47336762950541
方式1,587.5,587.5,15.2064667668793,-3.30112129723521
方式1,587.75,587.75,15.2683173606493,-2.26363673781651
方式1,588.0,588.0,15.1227411812194,-1.99114763933156
方式1,588.25,588.25,16.5941402479382,-2.34023066286422
方式1,588.5,588.5,16.0679881015207,-2.29898632063935
方式1,588.75,588.75,16.036966315835,-1.29254946033873
方式1,589.0,589.0,15.9784432676872,-2.57685064317819
方式1,589.25,589.25,14.3566914151857,-3.40830278865683
方式1,589.5,589.5,16.5100545356302,-2.13213424545842
方式1,589.75,589.75,14.829754796331,-1.18828117396243
方式1,590.0,590.0,15.734140465682,-1.42229710208253
方式1,590.25,590.25,15.5319118396274,-0.7824360361071
方式1,590.5,590.5,14.4290032828185,-2.78937885437183
方式1,590.75,590.75,14.8221673558189,-3.19412361572931
方式1,591.0,591.0,16.1730411612797,-2.07420024939916
方式1,591.25,591.25,16.5139928219063,-1.87135209540854
方式1,591.5,591.5,16.6847991269253,-3.63200860228999
方式1,591.75,591.75,17.0878893093585,-2.06247016659825
方式1,592.0,592.0,16.9511272905685,-1.80149010285969
方式1,592.25,592.25,15.7599188514744,-1.86255334730472
方式1,592.5,592.5,15.6528008785589,-2.06020604937166
方式1,592.75,592.75,18.1811591285677,-2.45934928554331
方式1,593.0,593.0,16.0632745349927,-1.54805707442254
方式1,593.25,593.25,15.2794411064673,-2.65406149921564
方式1,593.5,593.5,14.5613216653047,-1.86388292041838
方式1,593.75,593.75,16.9002924131767,-2.40792509656382
方式1,594.0,594.0,17.3834857547781,-2.40280399075786
方式1,594.25,594.25,17.064541452148,-2.52908066781911
方式1,594.5,594.5,16.5162213038702,-2.9473214021699
方式1,594.75,594.75,16.0334075170328,-1.40602677166178
方式1,595.0,595.0,16.5588485792109,-2.8273756904877
方式1,595.25,595.25,17.5622503914363,-2.64406061531819
方式1,595.5,595.5,18.0265563127293,-3.34781326852406
方式1,595.75,595.75,17.4927248236594,-2.73195698704834
方式1,596.0,596.0,17.6428169323954,-2.51077301846742
方式1,596.25,596.25,16.8468616666842,-1.72775864813661
方式1,596.5,596.5,17.032526616315,-2.3655996540219
方式1,596.75,596.75,16.6059171387856,-0.731822483018567
方式1,597.0,597.0,17.049926044098,-1.49366155170313
方式1,597.25,597.25,17.5293128071084,-3.14838398410083
方式1,597.5,597.5,18.6972309730526,-0.937070956734581
方式1,597.75,597.75,17.7688042564463,-3.02605236460204
方式1,598.0,598.0,18.6139005341856,-1.62316292500154
方式1,598.25,598.25,16.8340080750073,-1.60774007632568
方式1,598.5,598.5,18.0593157823532,-1.11828778306018
方式1,598.75,598.75,18.546011695182,-2.23876019392459
方式1,599.0,599.0,18.1783565380843,-2.72081048375558
方式1,599.25,599.25,18.252713872138,-2.31320557710771
方式1,599.5,599.5,17.7154377736074,-1.89669195352184
方式1,599.75,599.75,16.2188418147026,-2.37880684226208
方式1,600.0,600.0,17.9031246682491,-1.93028667947695
方式1,600.25,600.25,16.8881393128339,-3.60120756612259
方式1,600.5,600.5,17.8782027080848,-1.67444348355926
方式1,600.75,600.75,18.4073757231998,-2.46507769557062
方式1,601.0,601.0,17.2786539819778,-1.65094493985479
方式1,601.25,601.25,18.7130274258435,-2.68936961505304
方式1,601.5,601.5,18.4668714720694,-1.89390598623463
方式1,601.75,601.75,17.2601506948083,-1.23512817809036
方式1,602.0,602.0,18.7774015206247,-0.972759310148457
方式1,602.25,602.25,17.6078467913307,-2.6464199117028
方式1,602.5,602.5,16.5624215351395,-2.17562634549044
方式1,602.75,602.75,17.8658349631564,-1.20521622758063
方式1,603.0,603.0,18.4170420001543,-1.88342460377756
方式1,603.25,603.25,18.0643465358327,-1.61046236464032
方式1,603.5,603.5,18.4409630260008,-0.370496861089565
方式1,603.75,603.75,19.5333532515757,-1.86411105602313
方式1,604.0,604.0,18.3432125754604,-1.76476417459215
方式1,604.25,604.25,18.4514921277043,-0.443147994631923
方式1,604.5,604.5,18.4080193642718,-2.3958767339321
方式1,604.75,604.75,17.7137724130732,-2.45994505522404
方式1,605.0,605.0,18.6198994118345,-1.32322674028868
方式1,605.25,605.25,19.4086922942222,-0.121736608374327
方式1,605.5,605.5,18.4825312389618,-2.58956227430419
方式1,605.75,605.75,18.1835821545178,-1.42453960076611
方式1,606.0,606.0,18.4891616608272,-0.411600310637648
方式1,606.25,606.25,19.4725157820441,0.483679462349693
方式1,606.5,606.5,18.8923048213506,-1.72719866651705
方式1,606.75,606.75,19.4791901178453,-1.33838914715957
方式1,607.0,607.0,18.7221025036478,-0.252110138192683
方式1,607.25,607.25,18.7744703951315,-1.32951973306241
方式1,607.5,607.5,19.2182234596127,-0.870942527416914
方式1,607.75,607.75,19.3803994354095,-1.63067141103226
方式1,608.0,608.0,19.2957629506874,-1.40016490969784
方式1,608.25,608.25,18.4517622437787,-1.24961180927422
方式1,608.5,608.5,19.5188973757779,-0.968837469978261
方式1,608.75,608.75,19.2157089961038,-1.23065086919929
方式1,609.0,609.0,18.7005623065597,-0.584880978365057
方式1,609.25,609.25,20.4418235906328,-1.0191270315599
方式1,609.5,609.5,18.2963514018082,-1.09095146071693
方式1,609.75,609.75,18.7836040217714,-1.32398608699309
方式1,610.0,610.0,20.4135256218555,0.488819166633673
方式1,610.25,610.25,20.0980610445908,-2.25030323504119
方式1,610.5,610.5,19.6802911613471,-0.871528083997066
方式1,610.75,610.75,19.6598646444407,-0.255571529717526
方式1,611.0,611.0,20.4232822666326,-0.582285298703425
方式1,611.25,611.25,21.1214626529019,-1.75176029316032
方式1,611.5,611.5,19.6770776792546,-0.939801719718954
方式1,611.75,611.75,20.7586172233925,-1.53225613614771
方式1,612.0,612.0,20.1689207222594,0.801120718289498
方式1,612.25,612.25,18.6971266642096,0.813919015779234
方式1,612.5,612.5,19.7765279614801,-0.721477549862269
方式1,612.75,612.75,19.7029842956418,-0.317190327109136
方式1,613.0,613.0,19.3882577587889,-1.07635757131469
方式1,613.25,613.25,19.9816867570277,-0.153534379039855
方式1,613.5,613.5,20.1558161949105,-1.07800485027392
方式1,613.75,613.75,21.1176281085032,0.643034708896621
方式1,614.0,614.0,19.5332005074611,-0.730680968710535
方式1,614.25,614.25,20.5437005657194,0.992801935863845
方式1,614.5,614.5,19.152476858167,1.07451025101654
方式1,614.75,614.75,20.899194232968,0.175386785708696
方式1,615.0,615.0,20.4160997193724,-0.319997577362589
方式1,615.25,615.25,19.7825435306366,0.097276569366374
方式1,615.5,615.5,19.7775597901586,-0.763125596178528
方式1,615.75,615.75,21.5049961605424,-1.84194172125129
方式1,616.0,616.0,21.421605517182,-0.296226915037235
方式1,616.25,616.25,21.5562226087383,-0.684570865070902
方式1,616.5,616.5,20.147858549487,0.849832794612149
方式1,616.75,616.75,21.1361759764294,-0.147021161169709
方式1,617.0,617.0,20.5309526401594,0.655831493119515
方式1,617.25,617.25,21.1220292964045,0.188180330680416
方式1,617.5,617.5,21.3431004307924,-0.0564871503476229
方式1,617.75,617.75,22.4643278667005,-2.47842006282056
方式1,618.0,618.0,20.757024694656,-1.36912586017061
方式1,618.25,618.25,20.6180304864656,0.282001376134778
方式1,618.5,618.5,19.9159476623509,1.19346000759419
方式1,618.75,618.75,20.6239505632723,0.486342872651302
方式1,619.0,619.0,21.4581956723427,0.711037464327575
方式1,619.25,619.25,20.4922302343961,-0.469554735600685
方式1,619.5,619.5,21.0861595232468,0.207795506620128
方式1,619.75,619.75,18.8386101864247,0.179322332575305
方式1,620.0,620.0,19.6005078665944,0.495685255600348
方式1,620.25,620.25,21.3920031475857,0.205251746651443
方式1,620.5,620.5,22.2205221440144,-0.162997181886192
方式1,620.75,620.75,20.5434750045081,-1.70091538622239
方式1,621.0,621.0,21.4233526697812,-2.16350545615543
方式1,621.25,621.25,19.2621365356492,0.301271664804454
方式1,621.5,621.5,19.8243609884488,-0.689522704299781
方式1,621.75,621.75,21.8066670235861,1.72093082495416
方式1,622.0,622.0,21.6593629045529,-0.101663175241866
方式1,622.25,622.25,22.9146888707856,0.269945597493256
方式1,622.5,622.5,22.7251814688295,-0.300261183529075
方式1,622.75,622.75,20.4760465647188,0.935893523127684
方式1,623.0,623.0,20.7537307792579,0.308304136083174
方式1,623.25,623.25,21.8829669104103,0.0812248363466546
方式1,623.5,623.5,21.4568557718707,1.23786807551345
方式1,623.75,623.75,21.8091909042143,1.8618270000304
方式1,624.0,624.0,21.8018467437447,0.414151325175818
方式1,624.25,624.25,21.6121672655182,0.28113322211271
方式1,624.5,624.5,21.8861362377795,0.192947305907463
方式1,624.75,624.75,22.0087288991711,2.10624057877463
方式1,625.0,625.0,22.251000222899,-0.137958273771883
方式1,625.25,625.25,20.6922970333351,1.03980747021301
方式1,625.5,625.5,21.2521989250056,0.175129589027906
方式1,625.75,625.75,22.3162282567459,0.465735576218607
方式1,626.0,626.0,22.3867568549433,2.13622426894473
方式1,626.25,626.25,22.3083838376837,-0.952702363055803
方式1,626.5,626.5,20.6387118933005,1.96062036725194
方式1,626.75,626.75,22.2984261680679,0.831934276581992
方式1,627.0,627.0,21.6668805684154,-0.337258289241254
方式1,627.25,627.25,21.9414538109309,1.63266894936805
方式1,627.5,627.5,22.4037329800458,2.57920422107933
方式1,627.75,627.75,22.1796080169831,1.17272422694897
方式1,628.0,628.0,21.3194573772537,1.06316766598773
方式1,628.25,628.25,23.0124279511327,0.446110972586595
方式1,628.5,628.5,20.7303290818825,0.770479972703869
方式1,628.75,628.75,21.0892211865566,1.33359578849872
方式1,629.0,629.0,21.7838152359337,2.48632033606406
方式1,629.25,629.25,22.4672737798089,1.02916974057179
方式1,629.5,629.5,20.4120719047393,2.17783064613218
方式1,629.75,629.75,19.9277952935497,2.35974483344397
方式1,630.0,630.0,23.3111812582262,2.09061669260803
方式1,630.25,630.25,21.7474338666141,1.35165326068541
方式1,630.5,630.5,21.2966192024499,2.43382354142799
方式1,630.75,630.75,23.4232324520776,-0.271002094825728
方式1,631.0,631.0,23.6651400412154,1.12772952595325
方式1,631.25,631.25,22.7783510453058,0.891565578059163
方式1,631.5,631.5,22.8082728664878,1.75024449933909
方式1,631.75,631.75,22.5467468139278,1.36042636293564
方式1,632.0,632.0,22.6241029430495,0.919727265067144
方式1,632.25,632.25,21.889089026507,3.84540266477484
方式1,632.5,632.5,22.1699312248559,2.19047925105632
方式1,632.75,632.75,22.084544973035,1.11698686558692
方式1,633.0,633.0,22.3478840362351,2.75097369438834
方式1,633.25,633.25,22.6130955342969,2.06679396996343
方式1,633.5,633.5,22.2602481265121,1.63153265493744
方式1,633.75,633.75,21.5537301361292,0.994124732518783
方式1,634.0,634.0,22.0272276602631,0.939796380065378
方式1,634.25,634.25,22.0404607153489,0.795067260602506
方式1,634.5,634.5,21.6096372051995,2.50372803040339
方式1,634.75,634.75,22.1699157640133,1.17699349724631
方式1,635.0,635.0,21.9299614919859,1.70092219232093
方式1,635.25,635.25,21.5054530911846,2.78764817813435
方式1,635.5,635.5,23.5214353177973,2.74385413595946
方式1,635.75,635.75,22.4347028823392,1.89761490233423
方式1,636.0,636.0,20.8129023316011,2.41728132663043
方式1,636.25,636.25,22.6303579114369,3.9213218853183
方式1,636.5,636.5,22.3262463764276,2.48428641771391
方式1,636.75,636.75,22.7468298580828,3.13639064335812
方式1,637.0,637.0,23.0386920061386,1.02108694280492
方式1,637.25,637.25,21.4789191520836,2.62613811440141
方式1,637.5,637.5,24.1225744112709,3.10560681586406
方式1,637.75,637.75,22.8465300128544,1.4700120322033
方式1,638.0,638.0,21.4317740717259,1.16420080947334
方式1,638.25,638.25,21.8551074147838,1.03530483772183
方式1,638.5,638.5,22.2916330392287,1.49767966008977
方式1,638.75,638.75,23.4180903280993,3.65268539695589
方式1,639.0,639.0,23.6859417891825,3.59998422117087
方式1,639.25,639.25,22.6624915814094,2.39598838060798
方式1,639.5,639.5,22.8572583166061,1.45796041792178
方式1,639.75,639.75,21.6309999181611,2.1122774526437
方式1,640.0,640.0,22.7849746613445,1.15597487498717
方式1,640.25,640.25,20.3705332936483,1.28117836292027
方式1,640.5,640.5,22.6486667065078,3.37292185364466
方式1,640.75,640.75,23.6399270851976,2.57147581991203
方式1,641.0,641.0,21.5863538192816,2.78536648980004
方式1,641.25,641.25,22.4559524775361,1.99310220139728
方式1,641.5,641.5,21.8564193086396,3.31044394276541
方式1,641.75,641.75,22.7523279324404,3.4030806644041
方式1,642.0,642.0,22.4361577006524,2.62030338651568
方式1,642.25,642.25,21.9655784774168,2.74697392160368
方式1,642.5,642.5,24.3177948990192,2.66792813010581
方式1,642.75,642.75,22.146379002607,3.00034756211633
方式1,643.0,643.0,20.893087894983,2.1640225431819
方式1,643.25,643.25,22.2849915658567,2.8322388184384
方式1,643.5,643.5,21.8033194162054,0.846486406051943
方式1,643.75,643.75,21.8379700038645,4.00319717844175
方式1,644.0,644.0,23.7828957695321,2.77682758188165
方式1,644.25,644.25,21.1479181088007,3.88082008683464
方式1,644.5,644.5,22.1155997091357,2.59853263093124
方式1,644.75,644.75,21.9565549927178,1.91747457888895
方式1,645.0,645.0,20.3506223799344,3.78939378773573
方式1,645.25,645.25,23.4928251896184,4.37386773813353
方式1,645.5,645.5,24.170517171256,2.57133002865965
方式1,645.75,645.75,22.7526678371797,3.23311415686945
方式1,646.0,646.0,21.9620805923099,2.50852489743708
方式1,646.25,646.25,23.2918766303868,1.27868521181762
方式1,646.5,646.5,22.7242491293754,2.82668961448606
方式1,646.75,646.75,22.4743756896033,5.4919962700462
方式1,647.0,647.0,23.4000438568068,3.38120859429669
方式1,647.25,647.25,20.8316924527002,2.97011964381466
方式1,647.5,647.5,23.2495735924921,4.01352283860795
方式1,647.75,647.75,23.6288787891394,3.40632827933348
方式1,648.0,648.0,23.1140689600824,4.16160974830911
方式1,648.25,648.25,23.8008725325463,4.42580108283692
方式1,648.5,648.5,22.6477390263311,4.36867888837632
方式1,648.75,648.75,23.5495345207776,4.9288437909428
方式1,649.0,649.0,22.1488678316097,4.64014789715823
方式1,649.25,649.25,22.3605134282138,2.63724533472307
方式1,649.5,649.5,23.7737241198912,3.81645922639413
方式1,649.75,649.75,22.7546549900761,3.49563814950442
方式1,650.0,650.0,22.5212600306473,5.00712338159314
方式1,650.25,650.25,22.8502160800022,4.1139776061712
方式1,650.5,650.5,22.4910423476431,4.48244445391811
方式1,650.75,650.75,22.9009565478808,2.55954186073652
方式1,651.0,651.0,21.3320957173981,4.29585786070732
方式1,651.25,651.25,21.3839853505287,3.81666859806409
方式1,651.5,651.5,19.7868187306667,3.84776396795676
方式1,651.75,651.75,23.4391371086601,3.06459894470019
方式1,652.0,652.0,22.4287040122854,4.65371150212
方式1,652.25,652.25,22.4919657540825,6.26603205440217
方式1,652.5,652.5,21.4294784433073,5.35054876314638
方式1,652.75,652.75,22.1901277116151,4.49100118253587
方式1,653.0,653.0,23.1037182116118,3.96689767205517
方式1,653.25,653.25,25.3163758788242,3.4307013286478
方式1,653.5,653.5,22.5205295999949,3.43309898366215
方式1,653.75,653.75,22.6561326215536,4.38558682003481
方式1,654.0,654.0,22.7113633909394,4.35143052858745
方式1,654.25,654.25,21.85029335126,3.00236601368839
方式1,654.5,654.5,22.5383424410317,4.31191991630241
方式1,654.75,654.75,21.6161119088113,3.15539200823693
方式1,655.0,655.0,22.402601470719,5.34612658475414
方式1,655.25,655.25,21.6679241351722,4.4308144243682
方式1,655.5,655.5,21.0853607001426,5.48433112034826
方式1,655.75,655.75,21.8744693722387,4.73220944905495
方式1,656.0,656.0,24.1393724812396,5.43636657984414
方式1,656.25,656.25,23.5944479007841,4.98038154643384
方式1,656.5,656.5,22.4087373974796,4.63244431470421
方式1,656.75,656.75,21.4931350110152,4.94446542693166
方式1,657.0,657.0,20.7559697327703,6.31991015603221
方式1,657.25,657.25,21.7841997448984,2.31874718915852
方式1,657.5,657.5,22.0862505737168,3.66591150901906
方式1,657.75,657.75,21.7288426311735,4.38056861126881
方式1,658.0,658.0,22.6327179742473,5.43894989026616
方式1,658.25,658.25,23.3546734851749,5.65029054933083
方式1,658.5,658.5,22.5824778177684,3.10086914576735
方式1,658.75,658.75,22.8339601516695,5.65870925956581
方式1,659.0,659.0,22.3895873035022,4.22354896185372
方式1,659.25,659.25,20.7982661311947,5.37780578033817
方式1,659.5,659.5,22.2647149743064,4.90742153527711
方式1,659.75,659.75,22.3296350956401,4.39687804354112
方式1,660.0,660.0,20.5997026075139,4.97850864105411
方式1,660.25,660.25,22.045781754111,6.09572004842727
方式1,660.5,660.5,22.740876903474,4.46941848256305
方式1,660.75,660.75,20.1164628380567,6.0658398533809
方式1,661.0,661.0,21.7259524269113,5.42947704741896
方式1,661.25,661.25,21.956721202563,5.44130427016977
方式1,661.5,661.5,22.4821417691853,5.57575566457416
方式1,661.75,661.75,23.4616773261396,4.89608280481118
方式1,662.0,662.0,21.9247935107283,5.32600907872699
方式1,662.25,662.25,21.7898066226506,5.20894067777565
方式1,662.5,662.5,21.8466367463159,4.76995522828941
方式1,662.75,662.75,22.6031458326658,4.5457208449792
方式1,663.0,663.0,19.7829320519896,5.76572351264446
方式1,663.25,663.25,21.0810634118169,5.96593118358257
方式1,663.5,663.5,22.6689429465043,4.97289338192937
方式1,663.75,663.75,22.0508179651773,5.04685507551084
方式1,664.0,664.0,22.0996444813302,5.58387951748982
方式1,664.25,664.25,22.4015615030568,5.19832797748275
方式1,664.5,664.5,21.5545414173922,6.5362986545078
方式1,664.75,664.75,19.7505651630693,5.65953768408333
方式1,665.0,665.0,23.3104773244916,4.73217281887184
方式1,665.25,665.25,21.0908489519537,6.76623521309751
方式1,665.5,665.5,20.5141776828789,4.65972726703218
方式1,665.75,665.75,20.9561663060881,5.52784793271348
方式1,666.0,666.0,21.6546305577381,6.46494360114882
方式1,666.25,666.25,21.2270453198292,6.44616706806946
方式1,666.5,666.5,21.6302468458093,4.96113717088533
方式1,666.75,666.75,21.4952790330578,6.05089173492059
方式1,667.0,667.0,21.4372193682434,5.77261822055128
方式1,667.25,667.25,22.2884773627814,5.41019555610526
方式1,667.5,667.5,21.3733391593428,5.97582854884405
方式1,667.75,667.75,22.2189095305707,6.50890457913758
方式1,668.0,668.0,20.982981018021,7.51900197638873
方式1,668.25,668.25,20.917589893009,5.50497966126681
方式1,668.5,668.5,21.1987066178642,6.52299502837624
方式1,668.75,668.75,21.604121927527,5.90045155355027
方式1,669.0,669.0,21.4078056922488,4.74260196061257
方式1,669.25,669.25,21.589422322208,5.31399286106271
方式1,669.5,669.5,20.6584353508981,6.26957929956603
方式1,669.75,669.75,22.5608609705086,6.45696511308721
方式1,670.0,670.0,21.8859088232466,7.17679063120329
方式1,670.25,670.25,19.689927317826,7.098965241557
方式1,670.5,670.5,20.0158520406377,5.77771898912727
方式1,670.75,670.75,19.3363851943962,5.94256619760694
方式1,671.0,671.0,20.5331760976231,6.06900589033442
方式1,671.25,671.25,19.9073063582071,6.15251918700166
方式1,671.5,671.5,20.3694089237376,6.42540955337292
方式1,671.75,671.75,22.366456220408,6.48699556308236
方式1,672.0,672.0,21.1829732392334,6.24924867248591
方式1,672.25,672.25,21.4317784381236,6.1923048544892
方式1,672.5,672.5,20.0604298470945,7.35577953614468
方式1,672.75,672.75,21.3841753435242,6.61122794453205
方式1,673.0,673.0,21.604926364625,7.44472109066628
方式1,673.25,673.25,20.0350075522295,6.70113043783823
方式1,673.5,673.5,20.1919608356564,5.85236581635772
方式1,673.75,673.75,20.1359532855311,7.40237399622876
方式1,674.0,674.0,21.2343387256938,5.51976651290884
方式1,674.25,674.25,19.7409191776865,8.54403184600155
方式1,674.5,674.5,20.5771714200021,6.05962630614547
方式1,674.75,674.75,20.1864646253797,7.28941731528598
方式1,675.0,675.0,22.0351708890767,6.89311310047591
方式1,675.25,675.25,20.4803866338509,7.41159467011066
方式1,675.5,675.5,20.7903785605586,6.88280183749311
方式1,675.75,675.75,19.1396918363612,6.22188412604855
方式1,676.0,676.0,21.1137873706207,6.75385227547898
方式1,676.25,676.25,19.5161587230341,6.424540834732
方式1,676.5,676.5,20.2539088498293,6.48614294223487
方式1,676.75,676.75,18.8846754819323,7.23215916319598
方式1,677.0,677.0,19.7318126449431,7.59555306631173
方式1,677.25,677.25,19.2436926257507,7.37623318887244
方式1,677.5,677.5,19.1540396263813,5.630065066936
方式1,677.75,677.75,19.7435796604529,5.76966076540598
方式1,678.0,678.0,19.941159098628,6.14668613247751
方式1,678.25,678.25,21.1400642718626,7.82183416322434
方式1,678.5,678.5,18.7331813157452,8.83847611973894
方式1,678.75,678.75,18.3162728261338,7.75528483503654
方式1,679.0,679.0,18.793263390181,7.03675430468223
方式1,679.25,679.25,19.0786957200683,6.96001123073725
方式1,679.5,679.5,19.6935201074323,6.46768424112029
方式1,679.75,679.75,19.2185703494856,5.3786209367826
方式1,680.0,680.0,22.3864341542804,6.84320170670502
方式1,680.25,680.25,19.4898643583896,8.50094502293008
方式1,680.5,680.5,19.8625230742697,8.08988747997075
方式1,680.75,680.75,18.9834063152779,8.70087116045571
方式1,681.0,681.0,19.8044443763588,9.23130541911594
方式1,681.25,681.25,19.225856287672,8.09702990603794
方式1,681.5,681.5,17.8319808190198,6.21629253340112
方式1,681.75,681.75,18.7462649154916,6.13365943781148
方式1,682.0,682.0,21.1143222417465,8.99633038222057
方式1,682.25,682.25,19.4749663240703,8.10732963294081
方式1,682.5,682.5,20.2045318423494,8.25746368940385
方式1,682.75,682.75,19.616110591273,8.5569995159347
方式1,683.0,683.0,17.9354563250233,7.72763243093867
方式1,683.25,683.25,19.994124478576,8.47942888707113
方式1,683.5,683.5,19.5891665258158,8.69859482713262
方式1,683.75,683.75,17.7601194878509,7.20386572497336
方式1,684.0,684.0,18.1631132130262,6.92216922362369
方式1,684.25,684.25,18.3095113554844,7.50381743569334
方式1,684.5,684.5,17.8182748022705,7.222174458237
方式1,684.75,684.75,18.773597718268,7.24912790505134
方式1,685.0,685.0,19.5493192947089,5.61748791705198
方式1,685.25,685.25,19.2810229065286,7.82199025716207
方式1,685.5,685.5,16.9852140532275,7.34653828307915
方式1,685.75,685.75,18.1833123781058,7.13915192124668
方式1,686.0,686.0,16.95924627219,8.56036229811079
方式1,686.25,686.25,20.0345264138746,7.44970769923445
方式1,686.5,686.5,18.013195203737,7.29532070579311
方式1,686.75,686.75,18.8565181562481,8.49576135264012
方式1,687.0,687.0,18.5975138828149,7.93390964188637
方式1,687.25,687.25,19.1333310900402,8.45226870646495
方式1,687.5,687.5,18.861775165888,7.98339374990967
方式1,687.75,687.75,17.3907474212356,6.60984726254884
方式1,688.0,688.0,18.1039680939643,8.09950108104868
方式1,688.25,688.25,18.251058319173,8.11998306063516
方式1,688.5,688.5,16.5504718591199,8.18614631277284
方式1,688.75,688.75,19.3149754665343,8.04476070801542
方式1,689.0,689.0,17.3862600947027,8.53757291079622
方式1,689.25,689.25,18.4944363236701,7.83550028127888
方式1,689.5,689.5,18.685770975561802,7.63629068573319
方式1,689.75,689.75,17.9312652141568,6.66963177796209
方式1,690.0,690.0,17.9735770513335,8.97347666762577
方式1,690.25,690.25,18.9122018225085,7.35216020033221
方式1,690.5,690.5,18.727119132981,7.37203288164685
方式1,690.75,690.75,16.9002602458611,7.48290930539063
方式1,691.0,691.0,16.7787140673267,6.66917542850706
方式1,691.25,691.25,19.7140666212401,9.18710280454441
方式1,691.5,691.5,16.9518971206384,8.49825536556466
方式1,691.75,691.75,16.528406021448,9.20284860544602
方式1,692.0,692.0,16.9604243682392,8.71619695412852
方式1,692.25,692.25,17.2209274343649,8.72157395529191
方式1,692.5,692.5,17.5169734014034,6.71252010652708
方式1,692.75,692.75,16.8717129991647,8.11593224652974
方式1,693.0,693.0,17.2571573346048,9.21376983335554
方式1,693.25,693.25,17.0308987018042,6.19145038235339
方式1,693.5,693.5,17.7129731167847,7.84123086932844
方式1,693.75,693.75,18.5951898494291,8.16538914715573
方式1,694.0,694.0,16.1091148793129,6.99833535825407
方式1,694.25,694.25,16.9716503433982,9.59579980038119
方式1,694.5,694.5,17.5198942264992,7.3508933943789
方式1,694.75,694.75,17.1278039817476,7.69460482641737
方式1,695.0,695.0,17.084560032917,8.24184525102776
方式1,695.25,695.25,17.4035503385001,7.62663763022284
方式1,695.5,695.5,17.0233544497709,7.51743523822529
方式1,695.75,695.75,15.7138838853483,9.98354986631065
方式1,696.0,696.0,15.2908164623837,8.96138281792718
方式1,696.25,696.25,16.2841378951578,9.58664481501828
方式1,696.5,696.5,17.6993642760082,8.1377652997463
方式1,696.75,696.75,15.9709964886603,10.0730713152641
方式1,697.0,697.0,16.3517610896804,9.00221977684181
方式1,697.25,697.25,15.8343953250298,9.87570990294444
方式1,697.5,697.5,14.9760334358971,8.07127774376311
方式1,697.75,697.75,17.1029322926387,9.1125969072369
方式1,698.0,698.0,16.7580582282742,8.67351074413368
方式1,698.25,698.25,15.9562806059099,8.21921868705898
方式1,698.5,698.5,15.4971601122909,9.85587937427446
方式1,698.75,698.75,16.7564281521804,9.55508019573317
方式1,699.0,699.0,14.7373633555244,8.99548521283456
方式1,699.25,699.25,15.5402630067066,9.62163661934396
方式1,699.5,699.5,16.2316924271514,8.09592726370452
方式1,699.75,699.75,15.0647749685102,8.56627284449022
方式1,700.0,700.0,15.5489023489324,8.99012399620867
方式1,700.25,700.25,16.416985131494,8.65642133640678
方式1,700.5,700.5,16.4734885245188,7.68241315733769
方式1,700.75,700.75,15.8923697206862,9.46138849049731
方式1,701.0,701.0,15.2232344962226,9.6756008857884
方式1,701.25,701.25,15.4981152150634,9.27192085357116
方式1,701.5,701.5,14.5628475605269,8.82332547723114
方式1,701.75,701.75,16.8874690764354,9.49153896995725
方式1,702.0,702.0,15.0140554279603,8.45767700094061
方式1,702.25,702.25,14.7569313942539,9.79938868867003
方式1,702.5,702.5,15.6584085718237,10.5903722273293
方式1,702.75,702.75,14.8914086039409,10.6525851114237
方式1,703.0,703.0,15.5691480317817,8.91951189483794
方式1,703.25,703.25,14.4479984642417,8.1960742070265
方式1,703.5,703.5,15.9162255527516,8.09375674165039
方式1,703.75,703.75,15.2923872061306,9.65576864957688
方式1,704.0,704.0,14.8794822649072,9.96514521661895
方式1,704.25,704.25,14.3605813766132,9.61998381458159
方式1,704.5,704.5,12.8482475311826,8.41634793977847
方式1,704.75,704.75,13.4493379069942,8.37671351104604
方式1,705.0,705.0,14.9066441824604,10.6040146747456
方式1,705.25,705.25,13.7265064509664,9.11915745833155
方式1,705.5,705.5,12.5163170763065,9.44568218274765
方式1,705.75,705.75,14.8339711924619,10.8875293376633
方式1,706.0,706.0,13.8424232269364,9.63948042492687
方式1,706.25,706.25,15.0971957637458,8.2377244174335
方式1,706.5,706.5,14.8432477177009,8.15986635826615
方式1,706.75,706.75,13.91643713193,10.2298609760246
方式1,707.0,707.0,13.5108310147111,9.21550368018578
方式1,707.25,707.25,13.2421820676401,9.23417877547998
方式1,707.5,707.5,14.7374923588562,9.44154498348804
方式1,707.75,707.75,13.9438930395722,10.8081913329677
方式1,708.0,708.0,14.8108570539998,9.22077544249982
方式1,708.25,708.25,14.1342355258536,7.23775161184062
方式1,708.5,708.5,14.7422228694156,9.50902598616228
方式1,708.75,708.75,14.0547604536041,9.26078949895318
方式1,709.0,709.0,14.1232014295214,8.27403211329454
方式1,709.25,709.25,14.3047790600736,7.99279945195442
方式1,709.5,709.5,11.0300962384397,8.25967994517763
方式1,709.75,709.75,12.9859671583404,8.72379342473465
方式1,710.0,710.0,12.9864926754988,11.105015857602
方式1,710.25,710.25,12.231171716832,9.24946826281845
方式1,710.5,710.5,13.0949596096101,9.23169513044602
方式1,710.75,710.75,12.5760278996842,9.30043604704565
方式1,711.0,711.0,14.1059817128575,8.704805179977
方式1,711.25,711.25,12.575938470596,10.7190764850559
方式1,711.5,711.5,11.4885358923583,9.66167361305413
方式1,711.75,711.75,14.2661363001974,9.61321723001598
方式1,712.0,712.0,12.5350518802157,8.50839310353629
方式1,712.25,712.25,11.6135789404246,9.12340362669242
方式1,712.5,712.5,11.4400333119315,9.38562701840922
方式1,712.75,712.75,12.4918974337821,9.28491024909573
方式1,713.0,713.0,12.9844439133303,9.05365489161978
方式1,713.25,713.25,11.3665299289842,10.084968253021
方式1,713.5,713.5,12.3358708566694,10.0013874845989
方式1,713.75,713.75,12.6451158088283,8.35340179815398
方式1,714.0,714.0,13.9080272197052,10.2556172502387
方式1,714.25,714.25,11.8051469607842,8.98943852996283
方式1,714.5,714.5,11.7025369311967,8.88747935216492
方式1,714.75,714.75,12.0425374160135,8.9090566931586
方式1,715.0,715.0,13.8792056375466,10.3813668557759
方式1,715.25,715.25,11.5757659297645,9.82236335250299
方式1,715.5,715.5,11.3588893250911,8.55075760861879
方式1,715.75,715.75,11.9964799354981,8.84699148734945
方式1,716.0,716.0,12.0330517437298,10.3870317982504
方式1,716.25,716.25,12.5625516313557,9.57691885013598
方式1,716.5,716.5,11.801898389236399,10.2591398707342
方式1,716.75,716.75,12.5614979135225,10.4875233614597
方式1,717.0,717.0,11.5236857120489,9.65740708310518
方式1,717.25,717.25,12.0446456609954,9.53466324199047
方式1,717.5,717.5,12.0060654211885,9.28804770871242
方式1,717.75,717.75,11.3013544373449,9.52371777009174
方式1,718.0,718.0,12.614989085339,9.82038186636917
方式1,718.25,718.25,12.1196432146352,10.4735582305457
方式1,718.5,718.5,10.6876877377544,9.59312244797121
方式1,718.75,718.75,12.008380833588,8.96151949171343
方式1,719.0,719.0,11.7595132363113,9.5600894363123
方式1,719.25,719.25,10.1264207959288,6.9961491646195
方式1,719.5,719.5,11.9365999008444,6.97198968474457
方式1,719.75,719.75,9.67229898446575,9.82496234745377
方式1,720.0,720.0,10.7210919604596,9.29715919116603
方式1,720.25,720.25,10.2976799963031,9.94870102951138
方式1,720.5,720.5,10.6379149681503,8.47605817783172
方式1,720.75,720.75,10.1827492246064,8.9286242323128
方式1,721.0,721.0,10.0727220863649,10.4073001047669
方式1,721.25,721.25,11.2489813969008,10.4272770675036
方式1,721.5,721.5,10.50583905969,8.14462302555381
方式1,721.75,721.75,10.9642338054732,8.38108104997207
方式1,722.0,722.0,10.9515417202767,10.7287620792278
方式1,722.25,722.25,11.2798303951491,10.6662622173435
方式1,722.5,722.5,9.703394778447,11.5493957442187
方式1,722.75,722.75,9.57421432223134,10.0197316765845
方式1,723.0,723.0,10.3439248477973,10.430882813724
方式1,723.25,723.25,10.2690620111429,9.57100187191043
方式1,723.5,723.5,11.2289815504298,9.84528753353711
方式1,723.75,723.75,10.243163332068,9.92163111411476
方式1,724.0,724.0,9.95948826845421,8.34518936885698
方式1,724.25,724.25,9.86621519141055,10.364981629712
方式1,724.5,724.5,8.83299325958311,9.56510870600563
方式1,724.75,724.75,9.51417804364337,9.82033307745365
方式1,725.0,725.0,10.119027066002,10.1778545311154
方式1,725.25,725.25,9.90140373521966,10.1396743715142
方式1,725.5,725.5,9.17338912937615,7.74050203134957
方式1,725.75,725.75,10.840640897789,8.85874664525258
方式1,726.0,726.0,7.74914024460942,9.76475165896729
方式1,726.25,726.25,8.62088766536214,9.91310034532299
方式1,726.5,726.5,9.23644849061328,9.71872682671852
方式1,726.75,726.75,10.1079860408148,8.64465614373518
方式1,727.0,727.0,9.58212293201839,9.65283217911775
方式1,727.25,727.25,8.43932805785984,8.82086846471649
方式1,727.5,727.5,9.3886502945983,10.9346015713354
方式1,727.75,727.75,9.02995959528609,10.1522309267158
方式1,728.0,728.0,6.89766881975466,9.4875751846435
方式1,728.25,728.25,8.17396648110825,10.2537952473948
方式1,728.5,728.5,8.68338906616707,9.65421812255008
方式1,728.75,728.75,8.6579605678937,9.2798357437905
方式1,729.0,729.0,7.213719801267,8.96922787665402
方式1,729.25,729.25,8.70115264699423,8.65018796572096
方式1,729.5,729.5,7.9752078149516,9.11261596602717
方式1,729.75,729.75,6.92738619534652,10.2183698177095
方式1,730.0,730.0,8.23177175800606,7.96721177734653
方式1,730.25,730.25,7.78915152618936,10.0200260599666
方式1,730.5,730.5,7.84500400578677,7.59247309250467
方式1,730.75,730.75,8.6090406563728,9.50593392392952
方式1,731.0,731.0,8.30385843990754,9.21442929949352
方式1,731.25,731.25,8.07097542676287,10.2826024155675
方式1,731.5,731.5,7.90724828960979,9.76297488653351
方式1,731.75,731.75,6.20115177536867,11.4225000087691
方式1,732.0,732.0,9.02436644226381,9.79369356638636
方式1,732.25,732.25,7.44091834692702,9.63457406539585
方式1,732.5,732.5,8.27070462269161,9.5122684218843
方式1,732.75,732.75,8.25097815508616,9.84116228801875
方式1,733.0,733.0,8.01631653875081,8.52700954072293
方式1,733.25,733.25,7.96127530395202,9.44437633393318
方式1,733.5,733.5,7.27892645891448,9.18112098381857
方式1,733.75,733.75,8.6631960695668,11.2770966147866
方式1,734.0,734.0,5.71228212373286,10.5160346436207
方式1,734.25,734.25,6.9905444066206,9.14570188406553
方式1,734.5,734.5,7.74117056446856,10.0518513089565
方式1,734.75,734.75,7.32492142986926,7.75388958453682
方式1,735.0,735.0,8.33400006190151,10.3947000550401
方式1,735.25,735.25,6.81599472424115,9.19595151157255
方式1,735.5,735.5,8.04796571805717,8.37422694984991
方式1,735.75,735.75,5.99072985394437,10.7412089763837
方式1,736.0,736.0,5.82522581566297,9.42223653838212
方式1,736.25,736.25,7.23860859044236,8.76078760277416
方式1,736.5,736.5,6.06305350596924,10.2834680937447
方式1,736.75,736.75,5.89032822428843,10.2005574971954
方式1,737.0,737.0,5.99368045559856,8.84384926307845
方式1,737.25,737.25,6.62714835892051,10.018770165221
方式1,737.5,737.5,5.62595470006034,8.89809787170325
方式1,737.75,737.75,6.59301115634575,9.39813018703879
方式1,738.0,738.0,6.49502425081486,7.82208370588923
方式1,738.25,738.25,6.4643303240238,8.70599087634915
方式1,738.5,738.5,6.34044122539852,9.47720190060316
方式1,738.75,738.75,5.74433766741103,10.057566750232
方式1,739.0,739.0,6.14605953978136,9.02652746489395
方式1,739.25,739.25,5.75111104639926,9.85285785477723
方式1,739.5,739.5,4.75717437705185,9.24139964984726
方式1,739.75,739.75,7.73056476464708,8.6012647239415
方式1,740.0,740.0,5.76458420362684,10.2827694933474
方式1,740.25,740.25,5.86723155794493,10.2947046507796
方式1,740.5,740.5,6.31982440385436,9.54155383102936
方式1,740.75,740.75,6.1227924594432,10.7798323431702
方式1,741.0,741.0,6.08266935873066,9.23798883003784
方式1,741.25,741.25,6.81229738083916,10.4332966718595
方式1,741.5,741.5,5.91636127961744,9.36951252852525
方式1,741.75,741.75,6.09196701380432,9.91870190136814
方式1,742.0,742.0,4.73437522928234,10.223134867364
方式1,742.25,742.25,5.94155980815373,9.75045615577369
方式1,742.5,742.5,5.1415105199714,9.7961296929346
方式1,742.75,742.75,5.83544440883674,10.6155610988452
方式1,743.0,743.0,5.2556989634351,8.25954056112754
方式1,743.25,743.25,4.03493145851186,9.96593571106344
方式1,743.5,743.5,5.58894373184222,9.28739289865603
方式1,743.75,743.75,5.9628895015429,10.003870815575
方式1,744.0,744.0,5.26728494987775,10.7972254342883
方式1,744.25,744.25,3.70173286583281,9.02641292365356
方式1,744.5,744.5,3.68501314894173,10.0065924542252
方式1,744.75,744.75,5.590110481697,10.1057676646529
方式1,745.0,745.0,5.30797207051594,8.98023030817661
方式1,745.25,745.25,4.03170605924568,8.03257266936315
方式1,745.5,745.5,4.70393692299322,9.47366528893562
方式1,745.75,745.75,4.27214429547244,9.17126368633034
方式1,746.0,746.0,3.55006689987301,7.70181393645132
方式1,746.25,746.25,5.51607605813698,9.10440261468947
方式1,746.5,746.5,3.97245643770355,9.00973933703176
方式1,746.75,746.75,4.19574580631916,10.1956805538469
方式1,747.0,747.0,3.34274158131841,7.9451044821318
方式1,747.25,747.25,3.36586878985612,9.15763029625428
方式1,747.5,747.5,4.18686335358486,7.52111488942628
方式1,747.75,747.75,3.12711068863079,9.23411685322751
方式1,748.0,748.0,3.39063723213364,9.07912036646382
方式1,748.25,748.25,6.02730399117917,8.3820629884706
方式1,748.5,748.5,4.75638779802723,7.92610892598827
方式1,748.75,748.75,1.67911810584697,7.75092047536715
方式1,749.0,749.0,2.97191851263302,8.86339852971504
方式1,749.25,749.25,4.85583132626523,7.09624452526938
方式1,749.5,749.5,3.02177485593284,9.73725739124952
方式1,749.75,749.75,3.09427535224349,7.64823032308864
方式1,750.0,750.0,4.19997350829221,7.82918852573008
方式1,750.25,750.25,4.04307257055984,9.64338305986209
方式1,750.5,750.5,3.71548868417993,9.6592986305742
方式1,750.75,750.75,3.34842592168735,7.94503289702075
方式1,751.0,751.0,3.87078729061442,9.24792262757552
方式1,751.25,751.25,3.51048963316495,8.1438710962866
方式1,751.5,751.5,3.46414506486516,9.67537699521069
方式1,751.75,751.75,3.43591334753178,9.38598658630465
方式1,752.0,752.0,2.71529153156838,7.94217216003411
方式1,752.25,752.25,2.61025430521215,8.77980819208713
方式1,752.5,752.5,2.99249039488326,8.78838518379456
方式1,752.75,752.75,2.98889743842433,9.33190820523229
方式1,753.0,753.0,1.95910053994215,9.05371220190133
方式1,753.25,753.25,3.05659558329271,8.44168129640089
方式1,753.5,753.5,1.79375685323675,9.58583589717313
方式1,753.75,753.75,1.61221411023825,8.69395551978743
方式1,754.0,754.0,1.99036216599857,7.76385728603962
方式1,754.25,754.25,3.39489418774914,7.57377826599663
方式1,754.5,754.5,2.50568640384035,7.02964107156517
方式1,754.75,754.75,1.67349317350472,9.39153953129003
方式1,755.0,755.0,2.50941721270111,8.40184653621916
方式1,755.25,755.25,2.89695818638403,8.01060766775999
方式1,755.5,755.5,2.19849685407912,9.13346514233902
方式1,755.75,755.75,3.74125157048772,8.61315145696403
方式1,756.0,756.0,2.67115078710358,6.99390324725442
方式1,756.25,756.25,1.7020170297737,8.85438815096509
方式1,756.5,756.5,2.15715800942296,9.13430701045322
方式1,756.75,756.75,2.5336845064419,8.38830142815534
方式1,757.0,757.0,2.75974832948432,8.24731796731778
方式1,757.25,757.25,1.70955999876121,7.46124001763189
方式1,757.5,757.5,1.57043155438772,8.89139142574504
方式1,757.75,757.75,0.93599772897608,6.93784388628504
方式1,758.0,758.0,1.38120006020928,7.88208139497379
方式1,758.25,758.25,1.94595534321095,7.00986474924711
方式1,758.5,758.5,1.68735115505503,5.93278654944006
方式1,758.75,758.75,1.13272388108391,8.32585605253163
方式1,759.0,759.0,2.39278352618989,6.68353341082268
方式1,759.25,759.25,4.02576369825645,8.19560839084517
方式1,759.5,759.5,1.06211206902331,9.50481511564368
方式1,759.75,759.75,0.957778436511688,6.73650836948692
方式1,760.0,760.0,1.43294184103067,8.3065054053313
方式1,760.25,760.25,1.19864452150419,7.75420460876497
方式1,760.5,760.5,0.463840740251544,7.13148948022005
方式1,760.75,760.75,1.91526441008079,8.69840447926288
方式1,761.0,761.0,2.55259499085375,9.39337700120009
方式1,761.25,761.25,0.562699479225102,7.50762345694505
方式1,761.5,761.5,0.398586256253205,8.06731636840069
方式1,761.75,761.75,1.8825210159708,7.4848211831641
方式1,762.0,762.0,0.602957465433449,8.84516147107743
方式1,762.25,762.25,1.2856485090227,7.90536171616059
方式1,762.5,762.5,1.75687498002033,7.97303885157275
方式1,762.75,762.75,2.83639165875261,8.79839611623049
方式1,763.0,763.0,2.12798061122352,8.52027317375931
方式1,763.25,763.25,-0.202772998536295,7.18414752138063
方式1,763.5,763.5,1.53647080802676,6.84504007392654
方式1,763.75,763.75,0.74717930292312,9.00312304922013
方式1,764.0,764.0,0.36757349439346,7.42964965789006
方式1,764.25,764.25,2.10265236225043,6.02244554146324
方式1,764.5,764.5,0.621491995677273,7.09241296242522
方式1,764.75,764.75,-0.273598145565719,7.39606124105442
方式1,765.0,765.0,0.524937299020871,7.9472999348331
方式1,765.25,765.25,0.0606247283884549,6.96277304368326
方式1,765.5,765.5,-1.77224040253193,5.79019616002612
方式1,765.75,765.75,-0.511579618907447,8.36012673517996
方式1,766.0,766.0,0.678774001415998,8.447303765433
方式1,766.25,766.25,1.34967313612411,9.27243163846049
方式1,766.5,766.5,1.09407595848999,7.65229860159153
方式1,766.75,766.75,0.401549929903762,7.52902684797473
方式1,767.0,767.0,-1.10479067771252,7.13762112078652
方式1,767.25,767.25,0.671466457432444,8.19877185058724
方式1,767.5,767.5,-0.119995514588081,7.96090569706667
方式1,767.75,767.75,0.644241420225512,7.04420804141537
方式1,768.0,768.0,0.842635514990054,7.24331569164989
方式1,768.25,768.25,-0.0939548953147149,6.2333544644611
方式1,768.5,768.5,1.54499332794018,6.48270078313247
方式1,768.75,768.75,0.176403910601438,7.66091730811216
方式1,769.0,769.0,1.0346931074667,5.80013550790841
方式1,769.25,769.25,0.631443484695574,7.17925006373925
方式1,769.5,769.5,-1.33421250032007,8.70029734352898
方式1,769.75,769.75,-0.1790534289332,7.83347854153353
方式1,770.0,770.0,-0.35625561869574,7.39561858919246
方式1,770.25,770.25,1.06788647895028,7.53644865191477
方式1,770.5,770.5,-1.88819835591439,7.31613989333553
方式1,770.75,770.75,0.785088290326126,6.77324737309554
方式1,771.0,771.0,-0.456324603230133,5.60193392278338
方式1,771.25,771.25,0.114215476419972,6.78425432318666
方式1,771.5,771.5,0.431113468902675,7.99392185518117
方式1,771.75,771.75,1.28611384690088,7.03882704316353
方式1,772.0,772.0,0.856976169451302,5.73362131026263
方式1,772.25,772.25,0.92410597228377,6.05708223350703
方式1,772.5,772.5,1.12419519930311,6.04465538222036
方式1,772.75,772.75,-0.605186869164322,9.02989794204392
方式1,773.0,773.0,-0.115607583189409,6.34915610970753
方式1,773.25,773.25,-0.911672725073178,7.87456393377848
方式1,773.5,773.5,-0.0223121510577881,5.82445984525543
方式1,773.75,773.75,-1.15814031200522,6.95523873276262
方式1,774.0,774.0,-1.25784692915093,5.58495279738585
方式1,774.25,774.25,0.787471395943469,7.24895061744976
方式1,774.5,774.5,0.289327415533246,6.03562267453989
方式1,774.75,774.75,0.685101357222642,5.96587483506985
方式1,775.0,775.0,-1.25263513006215,7.59090378492287
方式1,775.25,775.25,0.256667830989892,6.21341323351472
方式1,775.5,775.5,-0.829686660502223,5.50742823523747
方式1,775.75,775.75,-0.802131102191893,6.58001148885827
方式1,776.0,776.0,0.133936857125744,5.81347478858146
方式1,776.25,776.25,-0.969950889032056,7.9267625701265
方式1,776.5,776.5,-1.0571016370257,6.20464154751418
方式1,776.75,776.75,-1.44253624558454,6.31292381103285
方式1,777.0,777.0,-0.738897988820345,5.18209040781613
方式1,777.25,777.25,0.645617863357962,8.38086982983233
方式1,777.5,777.5,-1.36405057614932,6.22624688966673
方式1,777.75,777.75,-0.454752110804728,5.5806842746505
方式1,778.0,778.0,-0.943260360508434,4.21742572897733
方式1,778.25,778.25,-1.30704243336818,5.53162735475653
方式1,778.5,778.5,-1.739860852915,6.9255915571013
方式1,778.75,778.75,-1.6652169963428,6.1655170068013
方式1,779.0,779.0,-3.24073999714427,6.98151850162388
方式1,779.25,779.25,-1.68173239034874,4.62207099835496
方式1,779.5,779.5,-2.04472347620734,6.60972551651349
方式1,779.75,779.75,-0.074147446664268,5.27737325934216
方式1,780.0,780.0,-1.99781867094706,6.14822587724936
方式1,780.25,780.25,-1.12915797991226,7.26778686447411
方式1,780.5,780.5,-1.78137635994351,6.52970009111948
方式1,780.75,780.75,-1.25487277111779,6.15571752804861
方式1,781.0,781.0,-2.44429905052949,6.55475973413644
方式1,781.25,781.25,-2.16517604221401,6.0639276807284
方式1,781.5,781.5,-1.83949440496733,6.93536849316517
方式1,781.75,781.75,-2.29154646286439,5.37685264767097
方式1,782.0,782.0,-2.66752573797232,4.57812244012166
方式1,782.25,782.25,-1.79913735212867,5.85835654229645
方式1,782.5,782.5,-1.03628695634561,4.92222868903627
方式1,782.75,782.75,-2.03484680877396,5.26947333492965
方式1,783.0,783.0,-2.50926676495491,5.52836111824514
方式1,783.25,783.25,-2.85517481770047,6.0305524314684
方式1,783.5,783.5,-2.59284590420796,6.58898240715079
方式1,783.75,783.75,-1.76086908662501,6.52989653625796
方式1,784.0,784.0,-1.82207313908975,6.64027045175407
方式1,784.25,784.25,-1.77183992976146,6.90914413456754
方式1,784.5,784.5,-1.90116137028558,4.37674805997636
方式1,784.75,784.75,-2.12865188903079,5.95326981288125
方式1,785.0,785.0,-1.3292293653036,5.68488797197249
方式1,785.25,785.25,-2.03557874223835,3.51341111862015
方式1,785.5,785.5,-1.8292651294382,6.39444571890558
方式1,785.75,785.75,-2.24403857829033,4.77744374099144
方式1,786.0,786.0,-2.05333896370957,5.03361524299079
方式1,786.25,786.25,-2.22346909416212,4.79877871802645
方式1,786.5,786.5,-3.1475082628155,4.55489138925667
方式1,786.75,786.75,-2.67855481664376,5.06011865955877
方式1,787.0,787.0,-3.03082860853443,7.22322952283888
方式1,787.25,787.25,-2.15972902701328,4.80755145871081
方式1,787.5,787.5,-1.96994520326903,5.23344581759804
方式1,787.75,787.75,-1.98272792299719,5.73400114031801
方式1,788.0,788.0,-3.30745204748471,5.16150366201238
方式1,788.25,788.25,-0.943658705432491,4.72759917398145
方式1,788.5,788.5,-1.49909452716366,4.99129423521165
方式1,788.75,788.75,-2.04172488829549,5.47194098219458
方式1,789.0,789.0,-1.03556343523098,5.97396928085983
方式1,789.25,789.25,-2.67620556553681,5.46306654943874
方式1,789.5,789.5,-2.97513357058519,6.39237157545425
方式1,789.75,789.75,-1.99434071757884,5.07084202182371
方式1,790.0,790.0,-1.79249333039484,4.06397382874111
方式1,790.25,790.25,-2.14685066555435,5.1072923645434
方式1,790.5,790.5,-1.67646625406501,5.2379845566501
方式1,790.75,790.75,-1.86673210900757,4.6616986783992
方式1,791.0,791.0,-2.00701550571452,5.0765909478636
方式1,791.25,791.25,-2.22445116368835,5.58452405535764
方式1,791.5,791.5,-3.01337738911031,3.38856663396835
方式1,791.75,791.75,-3.6373396798566,4.44085317978033
方式1,792.0,792.0,-2.16661835162993,4.71394462925233
方式1,792.25,792.25,-2.53702212968086,5.09740536149867
方式1,792.5,792.5,-1.45184217722366,3.51026458964261
方式1,792.75,792.75,-2.96662587454376,4.50474459121139
方式1,793.0,793.0,-2.36302003081968,3.52229292742386
方式1,793.25,793.25,-3.06892366301277,5.06057540162256
方式1,793.5,793.5,-4.05392620003564,3.49049487866076
方式1,793.75,793.75,-1.76756458203119,5.04027007952921
方式1,794.0,794.0,-3.48333755002764,3.83410460837471
方式1,794.25,794.25,-1.94256241550225,3.98903620433712
方式1,794.5,794.5,-3.26575370899695,3.83368941133949
方式1,794.75,794.75,-4.30723111930386,4.33650462915175
方式1,795.0,795.0,-2.825000530138,3.82414779440611
方式1,795.25,795.25,-0.742589683769188,3.76191572797759
方式1,795.5,795.5,-2.66912579750531,4.83489183698764
方式1,795.75,795.75,-1.28642261972553,3.34423789723378
方式1,796.0,796.0,-1.84297193354579,4.98065068136605
方式1,796.25,796.25,-1.87276955494573,4.93050771203223
方式1,796.5,796.5,-1.16209720246136,4.00683144766646
方式1,796.75,796.75,-2.88159641505693,4.42042765208584
方式1,797.0,797.0,-2.94494474542809,4.36465761518313
方式1,797.25,797.25,-1.87206793916377,2.96780118076167
方式1,797.5,797.5,-2.82747618529849,6.02642890078072
方式1,797.75,797.75,-2.90347718349437,4.83051176791707
方式1,798.0,798.0,-2.19558118510425,4.13798642780696
方式1,798.25,798.25,-2.47912011417551,1.54672332433847
方式1,798.5,798.5,-1.51884304799528,2.88057768653219
方式1,798.75,798.75,-2.76079035838538,2.71205838482854
方式1,799.0,799.0,-2.3545398753487,3.86663770802472
方式1,799.25,799.25,-1.91458026727909,4.5509187223496
方式1,799.5,799.5,-2.52756900768512,2.80820966154296
方式1,799.75,799.75,-4.02024935406861,3.40525044378735
方式1,800.0,800.0,-1.68516371719914,3.7860006186598
方式1,800.25,800.25,-2.76829656971024,3.08532822067277
方式1,800.5,800.5,-2.76017208548992,3.14763031781818
方式1,800.75,800.75,-3.78752558039176,3.79626133260167
方式1,801.0,801.0,-3.83693567087127,3.89916868805188
方式1,801.25,801.25,-3.2256926276763,5.78667890530142
方式1,801.5,801.5,-2.42964139225772,4.42567363169023
方式1,801.75,801.75,-2.40010033470947,4.37386707632253
方式1,802.0,802.0,-3.10148200889577,3.74167333479172
方式1,802.25,802.25,-2.26315387983305,4.47981783800237
方式1,802.5,802.5,-3.28178252291926,2.16858839057724
方式1,802.75,802.75,-2.38197821252858,3.76807173312755
方式1,803.0,803.0,-2.67206217800444,3.61645815539713
方式1,803.25,803.25,-3.44054839092229,2.66703657216009
方式1,803.5,803.5,-1.62986550086727,3.72525929500772
方式1,803.75,803.75,-2.4712332175511,3.9609125432779
方式1,804.0,804.0,-2.46747761293228,2.67825846713061
方式1,804.25,804.25,-2.21658189152862,4.65341080313214
方式1,804.5,804.5,-0.895372072963868,3.22570824470303
方式1,804.75,804.75,-3.14372266119971,2.58939708940212
方式1,805.0,805.0,-3.81731152173908,3.23653297903734
方式1,805.25,805.25,-3.12862858675866,1.80035835631991
方式1,805.5,805.5,-3.52564515795176,2.40531480630573
方式1,805.75,805.75,-3.33502128166193,2.60121982351092
方式1,806.0,806.0,-1.15363492170556,3.33575862269972
方式1,806.25,806.25,-3.01276411682478,2.12118430535414
方式1,806.5,806.5,-2.78196436585217,2.89578655638172
方式1,806.75,806.75,-0.840488126003448,1.44240722820199
方式1,807.0,807.0,-2.92697217192148,3.81705449279145
方式1,807.25,807.25,-2.48554803690334,3.67530546191539
方式1,807.5,807.5,-1.99478822651246,3.227990915319
方式1,807.75,807.75,-2.51821128129881,1.74191756122209
方式1,808.0,808.0,-2.35407817086188,3.79565984132033
方式1,808.25,808.25,-3.77109893410466,2.55076344176644
方式1,808.5,808.5,-3.06076362131902,1.50680216948953
方式1,808.75,808.75,-2.4814176509499,2.85411377459956
方式1,809.0,809.0,-2.67159377979937,3.61486015922463
方式1,809.25,809.25,-2.02365156189268,2.04067098283553
方式1,809.5,809.5,-2.03666206146845,3.30467419009757
方式1,809.75,809.75,-2.23044833848939,2.86903150765369
方式1,810.0,810.0,-2.82280905069424,0.824183616879717
方式1,810.25,810.25,-3.37950932419094,2.24899487634979
方式1,810.5,810.5,-2.95131379172339,3.18700545383922
方式1,810.75,810.75,-4.35961730105376,1.88854951689022
方式1,811.0,811.0,-2.35195665109789,3.17577805948402
方式1,811.25,811.25,-2.76772423980211,0.843422516934741
方式1,811.5,811.5,-1.01152964985868,3.94796633385852
方式1,811.75,811.75,-1.73932775761195,2.27502685569262
方式1,812.0,812.0,-3.54561272699001,2.29813575895509
方式1,812.25,812.25,-2.96526008144452,2.714797944534
方式1,812.5,812.5,-1.91761638389087,1.95646408220414
方式1,812.75,812.75,-2.36720768344819,1.47769550000682
方式1,813.0,813.0,-3.61423509618986,2.57441018351284
方式1,813.25,813.25,-2.94805030614494,3.03949325419395
方式1,813.5,813.5,-3.73114721930319,1.16750362144271
方式1,813.75,813.75,-0.582325894812342,2.50558927391273
方式1,814.0,814.0,-2.22191210723034,2.42945750855032
方式1,814.25,814.25,-0.701921091841921,1.75932088112223
方式1,814.5,814.5,-1.1589041023235,2.49417033737538
方式1,814.75,814.75,-3.09216063566216,1.71038294535302
方式1,815.0,815.0,-1.20957442512162,2.55933065895885
方式1,815.25,815.25,-2.33826116077287,0.812869834672175
方式1,815.5,815.5,-2.17036093045055,-0.119666758486142
方式1,815.75,815.75,-3.36497453348049,1.7821170968996
方式1,816.0,816.0,-1.71258332562451,1.33047018312847
方式1,816.25,816.25,-0.975495870086221,0.78492655709052
方式1,816.5,816.5,-3.0033976690946,1.25913212887532
方式1,816.75,816.75,-2.86698707639365,2.74190443195846
方式1,817.0,817.0,-2.02783677841288,2.33877921523606
方式1,817.25,817.25,-1.70478854658507,2.7563585269173
方式1,817.5,817.5,-1.31488682396926,0.67550594408931
方式1,817.75,817.75,-1.32670165438586,2.58632281061589
方式1,818.0,818.0,-2.00578883517189,0.228535708682447
方式1,818.25,818.25,-2.15783483403835,1.43017054875503
方式1,818.5,818.5,-1.10379832780209,0.791771314185547
方式1,818.75,818.75,-2.84336026068713,1.86213263045511
方式1,819.0,819.0,-1.81237976864581,0.637552239606539
方式1,819.25,819.25,-1.74467937884156,2.33341600757
方式1,819.5,819.5,-2.21920963241541,1.67256685780953
方式1,819.75,819.75,0.0722160880175504,2.70719793785004
方式1,820.0,820.0,-1.84793052369645,2.50208338101653
方式1,820.25,820.25,-0.838685057529858,-0.75148748329097
方式1,820.5,820.5,-1.81235931486554,0.525462730264066
方式1,820.75,820.75,-1.12680914061323,0.486971901744337
方式1,821.0,821.0,-2.18303132730845,0.420899746988201
方式1,821.25,821.25,-1.21124204576594,2.02780100354808
方式1,821.5,821.5,-1.1691116885388,1.49129237918512
方式1,821.75,821.75,-0.681373715109238,1.12789542339484
方式1,822.0,822.0,-1.982684409283,1.1508228047572
方式1,822.25,822.25,-0.702708494636044,1.02466122616197
方式1,822.5,822.5,-3.63386291099209,0.336818933510908
方式1,822.75,822.75,-0.224964498254282,0.990891180473641
方式1,823.0,823.0,-2.36498623526441,0.000299298090144839
方式1,823.25,823.25,-2.84831027248071,0.916344864652206
方式1,823.5,823.5,-0.813270739395996,-0.0347622056628035
方式1,823.75,823.75,-1.33541618702577,0.59608768980144
方式1,824.0,824.0,-1.40195757433429,0.093315403454255
方式1,824.25,824.25,-2.21829981061846,1.571515973492
方式1,824.5,824.5,-2.26205288240306,-0.281739027864509
方式1,824.75,824.75,-2.07615117250032,0.208184228530661
方式1,825.0,825.0,-1.59127506817339,1.58281921559871
方式1,825.25,825.25,-1.07257519919584,1.2162651255435
方式1,825.5,825.5,-0.669884959778926,-0.409630024298166
方式1,825.75,825.75,-0.0957343214207767,0.194759813116545
方式1,826.0,826.0,-1.19992999464354,0.556934782837479
方式1,826.25,826.25,-0.0907106046756003,0.142264804552993
方式1,826.5,826.5,-0.298953507475277,0.593704832494646
方式1,826.75,826.75,-2.17624699628281,0.163666178098138
方式1,827.0,827.0,-1.52413585110076,0.0218535975775102
方式1,827.25,827.25,-1.95968896915958,0.521589617826086
方式1,827.5,827.5,-1.02035860217865,0.906326311155711
方式1,827.75,827.75,-2.18268491235979,1.01820095895165
方式1,828.0,828.0,-0.135613093884276,0.919459890018513
方式1,828.25,828.25,-0.54073819922419,-0.234129229837846
方式1,828.5,828.5,-0.894179476601612,0.514808208650468
方式1,828.75,828.75,-2.17152765633193,-0.659073760542147
方式1,829.0,829.0,-1.74320146597857,0.085445969978146
方式1,829.25,829.25,0.460177538390456,-1.1122333095186
方式1,829.5,829.5,-0.765732433806337,1.13629509088746
方式1,829.75,829.75,-0.779222884781545,0.144327520888116
方式1,830.0,830.0,-1.15351066706317,1.53299762583155
方式1,830.25,830.25,-1.02379828766844,0.714516604242397
方式1,830.5,830.5,0.394696041631062,-0.308482088740486
方式1,830.75,830.75,0.556184621721645,0.244684124217476
方式1,831.0,831.0,-0.132080172127542,0.17063471618745
方式1,831.25,831.25,0.530661651993181,0.448803776165631
方式1,831.5,831.5,1.06670959752763,0.469937459953198
方式1,831.75,831.75,0.209882025939014,0.00455512969315772
方式1,832.0,832.0,-1.49174159223723,-0.477011377771057
方式1,832.25,832.25,-0.841428000371072,1.14740341258517
方式1,832.5,832.5,0.0703674423117524,0.206178485438399
方式1,832.75,832.75,-0.351463869053814,0.397837859750849
方式1,833.0,833.0,-0.846578419222067,0.660369593350071
方式1,833.25,833.25,-0.137957601260834,0.103632410880801
方式1,833.5,833.5,-1.80175644745116,0.55616889779382
方式1,833.75,833.75,-0.355585350226185,-1.10175172677166
方式1,834.0,834.0,0.230615823459278,-0.267685746866825
方式1,834.25,834.25,-0.0616152169067983,-0.386893660496178
方式1,834.5,834.5,-0.784092627813141,-0.461272906375533
方式1,834.75,834.75,-0.716300164783972,0.529449191968436
方式1,835.0,835.0,1.7147807518243,-0.434160729628566
方式1,835.25,835.25,0.926539288618117,-1.36863815639158
方式1,835.5,835.5,0.81541689514088,-0.220008299498789
方式1,835.75,835.75,0.196903309171278,0.0326746551951008
方式1,836.0,836.0,0.221916222783575,-0.184081373359967
方式1,836.25,836.25,0.0379084293590178,-0.640029501563642
方式1,836.5,836.5,0.542166429503368,-1.02400175563336
方式1,836.75,836.75,0.680804870496186,-0.440090495184951
方式1,837.0,837.0,-1.18047574802164,-1.45260790358187
方式1,837.25,837.25,1.221275571228,0.329953306583925
方式1,837.5,837.5,-0.27636303278075,-1.07771104313338
方式1,837.75,837.75,-0.0208639161681608,-0.564826944124946
方式1,838.0,838.0,0.886784660720622,-0.0750063756517306
方式1,838.25,838.25,-0.123028331210049,-1.8382163483503
方式1,838.5,838.5,-0.0972290041969146,-0.478232154024752
方式1,838.75,838.75,2.09688473361053,-0.443967820526234
方式1,839.0,839.0,1.52694339985001,0.035245309342071
方式1,839.25,839.25,1.41557429212848,0.531887520970404
方式1,839.5,839.5,1.22329887374495,0.481270453364258
方式1,839.75,839.75,1.06925430893652,1.03843910468748
方式1,840.0,840.0,2.05984491754536,-1.86823177846515
方式1,840.25,840.25,-0.548584898769426,-1.52037470395257
方式1,840.5,840.5,1.31666391486031,-0.625211894960413
方式1,840.75,840.75,-0.405312882431372,-2.16325425618367
方式1,841.0,841.0,1.44188684200792,-1.9780832315591
方式1,841.25,841.25,1.7897181545357,-0.126337348982633
方式1,841.5,841.5,0.977371813394007,-1.22445164770847
方式1,841.75,841.75,2.58209322039416,-0.719202819446171
方式1,842.0,842.0,1.84790592850998,-1.19130831075921
方式1,842.25,842.25,0.754410430659134,-2.04605350759723
方式1,842.5,842.5,1.13187011598976,-2.0153275229336
方式1,842.75,842.75,0.217307785561555,-0.414086459608672
方式1,843.0,843.0,0.0893146044707804,0.0894841669320208
方式1,843.25,843.25,1.60119206053653,-1.85238711461463
方式1,843.5,843.5,0.941012621115124,-1.55124701285146
方式1,843.75,843.75,2.33924293358457,-0.771361338150447
方式1,844.0,844.0,2.04482183371991,-1.57328952384684
方式1,844.25,844.25,0.0832153640887721,-1.24882830331688
方式1,844.5,844.5,2.53717092825562,-3.62531336932711
方式1,844.75,844.75,0.403380581569805,-2.71958072189665
方式1,845.0,845.0,1.84864759627581,-0.816884301990452
方式1,845.25,845.25,2.67551630322139,-0.68878845188277
方式1,845.5,845.5,1.01012145631953,-0.430722348286093
方式1,845.75,845.75,1.67598056028262,-2.09388833615284
方式1,846.0,846.0,1.76137488830075,-1.74766401156405
方式1,846.25,846.25,0.751853740475217,-0.918697906756319
方式1,846.5,846.5,1.92446268052075,-0.268021915811298
方式1,846.75,846.75,1.12577319249203,-0.566991047848318
方式1,847.0,847.0,2.63161014163215,-2.7654080243767
方式1,847.25,847.25,1.62329345205861,-1.43453415115291
方式1,847.5,847.5,1.92949680881326,-2.27057317603698
方式1,847.75,847.75,2.10213609942685,-1.21777316700622
方式1,848.0,848.0,2.17308954159765,-1.22744276358918
方式1,848.25,848.25,2.08472241329608,-1.69529011540543
方式1,848.5,848.5,1.04127364116742,-1.92141422781262
方式1,848.75,848.75,1.75610701408264,-2.11311695171808
方式1,849.0,849.0,2.24054628028892,-0.996624455683969
方式1,849.25,849.25,2.49354704486856,-0.867707109217031
方式1,849.5,849.5,3.94037817000582,-2.36275589378612
方式1,849.75,849.75,1.8750806309925,0.19464147787329
方式1,850.0,850.0,2.98059590815529,-1.61527823282201
方式1,850.25,850.25,4.10467267416856,-0.878302485701632
方式1,850.5,850.5,4.03907769109793,-0.302823088303739
方式1,850.75,850.75,2.88419719710866,-0.541647687652992
方式1,851.0,851.0,3.72688182530438,-2.18169678277491
方式1,851.25,851.25,4.39705479794735,-1.69383854595072
方式1,851.5,851.5,5.20636483416818,-1.15116876752384
方式1,851.75,851.75,2.42440800718461,-2.87486879488043
方式2对齐后,212.321,161.846115,-4.181898725961441,5.09605299823438
方式2对齐后,212.521,162.046115,-3.982015393746889,4.8355243275053095
方式2对齐后,212.721,162.246115,-4.47434882553582,4.5922536120512
方式2对齐后,212.921,162.446115,-3.1675455111188606,5.12034592055212
方式2对齐后,213.121,162.646115,-5.24630824208616,5.584685484933139
方式2对齐后,213.321,162.846115,-3.4209194761887174,4.78168837264646
方式2对齐后,213.521,163.046115,-2.6149635366820316,4.56032111772009
方式2对齐后,213.721,163.246115,-3.343093450893195,4.70355373025472
方式2对齐后,213.921,163.446115,-3.6950612934535196,4.51539009907808
方式2对齐后,214.121,163.646115,-3.894110268475302,5.25716221316503
方式2对齐后,214.321,163.846115,-3.528611160052778,5.39321567765476
方式2对齐后,214.521,164.046115,-3.193433057492611,5.5381789450318
方式2对齐后,214.721,164.246115,-3.5697414136026886,3.92151613958873
方式2对齐后,214.921,164.446115,-3.4217722906129038,5.49819273410648
方式2对齐后,215.121,164.646115,-5.08274253851367,4.3607832111613
方式2对齐后,215.321,164.846115,-3.049499568165683,5.74923710006016
方式2对齐后,215.521,165.046115,-3.636048951830043,5.75734483140545
方式2对齐后,215.721,165.246115,-5.0166164967822,3.2000937053224696
方式2对齐后,215.921,165.446115,-3.4809658050581676,4.28698504062209
方式2对齐后,216.121,165.646115,-4.54551948719071,5.23201402882599
方式2对齐后,216.321,165.846115,-3.6094049857920267,4.49980008928339
方式2对齐后,216.521,166.046115,-4.59248116461941,4.73985775090778
方式2对齐后,216.721,166.246115,-3.0865873227332,3.2083212541342903
方式2对齐后,216.921,166.446115,-3.5617026042787234,4.565900135402281
方式2对齐后,217.121,166.646115,-2.8347452453745947,5.27520897350785
方式2对齐后,217.321,166.846115,-2.4196371520992197,4.88436342072173
方式2对齐后,217.521,167.046115,-3.0943287061728957,4.86790562890133
方式2对齐后,217.721,167.246115,-3.7892403506841488,2.95627772640038
方式2对齐后,217.921,167.446115,-3.4312147596689053,4.62621410715136
方式2对齐后,218.121,167.646115,-3.7265878439419358,3.89939222360946
方式2对齐后,218.321,167.846115,-4.217390173082183,4.6675631349854
方式2对齐后,218.521,168.046115,-5.28635280274547,3.23787150199981
方式2对齐后,218.721,168.246115,-5.0181389488304795,4.3907616724362
方式2对齐后,218.921,168.446115,-5.0439491099745,3.38526407235489
方式2对齐后,219.121,168.646115,-4.410954734878283,3.77635214246574
方式2对齐后,219.321,168.846115,-5.11105792110419,5.72107764318742
方式2对齐后,219.521,169.046115,-3.4492604807824065,2.96949350513367
方式2对齐后,219.721,169.246115,-3.7550023773675227,3.99374345482449
方式2对齐后,219.921,169.446115,-5.37788070040604,3.22264452140746
方式2对齐后,220.121,169.646115,-5.61314077790743,5.32304659715708
方式2对齐后,220.321,169.846115,-4.274050620831767,4.32855760726708
方式2对齐后,220.521,170.046115,-3.414190603727299,2.351983031255134
方式2对齐后,220.721,170.246115,-4.355885021241125,5.19276885088499
方式2对齐后,220.921,170.446115,-5.21624792498049,2.9702098630175797
方式2对齐后,221.121,170.646115,-5.21423747823254,2.88557296436327
方式2对齐后,221.321,170.846115,-3.20780302043559,4.33619907874739
方式2对齐后,221.521,171.046115,-3.95406955780964,4.814803253339
方式2对齐后,221.721,171.246115,-3.643293517565312,3.8517802289831797
方式2对齐后,221.921,171.446115,-4.5760354352545,2.581538851372139
方式2对齐后,222.121,171.646115,-4.1619785910214055,2.92077853729351
方式2对齐后,222.321,171.846115,-2.971041622756535,3.2488241522661
方式2对齐后,222.521,172.046115,-4.268590434194138,2.651593041347875
方式2对齐后,222.721,172.246115,-4.056007119643137,4.8327102740236
方式2对齐后,222.921,172.446115,-5.13272497085386,4.41952060795638
方式2对齐后,223.121,172.646115,-4.320753378424839,2.55411251371822
方式2对齐后,223.321,172.846115,-2.739088195295851,3.086586352151
方式2对齐后,223.521,173.046115,-4.7448122373862,1.21536657904754
方式2对齐后,223.721,173.246115,-3.508707980001352,3.16178929080638
方式2对齐后,223.921,173.446115,-4.262282284272375,3.8981688220185498
方式2对齐后,224.121,173.646115,-3.557622044736308,4.29662556405097
方式2对齐后,224.321,173.846115,-2.907203847415662,1.24208258047636
方式2对齐后,224.521,174.046115,-3.7904988905143737,3.87414375715663
方式2对齐后,224.721,174.246115,-4.394112256390536,1.994643375026089
方式2对齐后,224.921,174.446115,-5.13888884649602,2.252219520837095
方式2对齐后,225.121,174.646115,-4.068995808171069,4.1688035484723205
方式2对齐后,225.321,174.846115,-3.554647928320584,4.21118663304072
方式2对齐后,225.521,175.046115,-3.7103673503925596,2.86685414120618
方式2对齐后,225.721,175.246115,-3.993097348095101,3.8311377926379
方式2对齐后,225.921,175.446115,-4.366731482788145,3.34716328817224
方式2对齐后,226.121,175.646115,-3.8279567753500277,2.4870104403635898
方式2对齐后,226.321,175.846115,-3.8786335047700518,4.23957655482349
方式2对齐后,226.521,176.046115,-3.6102756841022408,2.451080966436363
方式2对齐后,226.721,176.246115,-4.70559813662711,3.0943198771796903
方式2对齐后,226.921,176.446115,-3.8013953027349228,3.41724264236747
方式2对齐后,227.121,176.646115,-2.508951490368646,3.4469499453022
方式2对齐后,227.321,176.846115,-4.59074384163218,2.96828385692671
方式2对齐后,227.521,177.046115,-2.6535284169932556,2.88228714028713
方式2对齐后,227.721,177.246115,-4.004425207878547,2.3069349179031757
方式2对齐后,227.921,177.446115,-5.17835424013019,1.82284760448636
方式2对齐后,228.121,177.646115,-2.8227034622793585,3.3402182738095503
方式2对齐后,228.321,177.846115,-2.954949453853606,2.526399935891531
方式2对齐后,228.521,178.046115,-4.48701486915711,1.6949957469898829
方式2对齐后,228.721,178.246115,-4.229494244158223,3.54756435952289
方式2对齐后,228.921,178.446115,-3.0410431355897627,1.803713645331256
方式2对齐后,229.121,178.646115,-4.105009224663223,3.83863026494666
方式2对齐后,229.321,178.846115,-3.7815570383656327,2.749089836295602
方式2对齐后,229.521,179.046115,-4.75858692574712,1.4942540719850919
方式2对齐后,229.721,179.246115,-3.902438909600608,3.20454561618619
方式2对齐后,229.921,179.446115,-3.0528077535594926,2.317289724280698
方式2对齐后,230.121,179.646115,-2.971113813006753,1.592518195587618
方式2对齐后,230.321,179.846115,-3.96105690597599,0.71186796452596
方式2对齐后,230.521,180.046115,-3.9219561738355337,3.59479439603267
方式2对齐后,230.721,180.246115,-3.9507895298553866,3.04718376270919
方式2对齐后,230.921,180.446115,-3.964149606370314,1.529956151923748
方式2对齐后,231.121,180.646115,-4.366330665636894,1.687091784254618
方式2对齐后,231.321,180.846115,-2.3761020809583,2.742585559482322
方式2对齐后,231.521,181.046115,-3.9790417837854197,0.7094476675188699
方式2对齐后,231.721,181.246115,-4.196242821459469,3.61750894695986
方式2对齐后,231.921,181.446115,-4.044797562437399,4.92605664670272
方式2对齐后,232.121,181.646115,-4.70071110475094,2.737061640730765
方式2对齐后,232.321,181.846115,-4.14601915427747,2.87327352272137
方式2对齐后,232.521,182.046115,-3.783502501610555,1.438606164540662
方式2对齐后,232.721,182.246115,-4.718349925576939,3.28695385393526
方式2对齐后,232.921,182.446115,-3.738667420736487,3.67769492370015
方式2对齐后,233.121,182.646115,-3.15820901690235,2.387189182871167
方式2对齐后,233.321,182.846115,-4.63459167956628,2.96829501601147
方式2对齐后,233.521,183.046115,-3.7786847964572456,3.90115239190753
方式2对齐后,233.721,183.246115,-4.202794023680535,1.637844205204253
方式2对齐后,233.921,183.446115,-3.236283134851454,1.922295716527328
方式2对齐后,234.121,183.646115,-2.903390444192068,2.254449940635026
方式2对齐后,234.321,183.846115,-2.865585448209807,2.235595653469762
方式2对齐后,234.521,184.046115,-3.95698335763076,1.9130406422330475
方式2对齐后,234.721,184.246115,-3.8650741078127298,1.8684320470648397
方式2对齐后,234.921,184.446115,-3.566257363275955,1.409313483186137
方式2对齐后,235.121,184.646115,-3.567586461455837,0.4980761960117899
方式2对齐后,235.321,184.846115,-2.574434424541234,1.543670176305961
方式2对齐后,235.521,185.046115,-3.9771282402798,1.079581174242533
方式2对齐后,235.721,185.246115,-2.9837421888949667,0.7940784718838099
方式2对齐后,235.921,185.446115,-3.9445830816166096,1.412403435777971
方式2对齐后,236.121,185.646115,-5.05791642678304,3.56280961248428
方式2对齐后,236.321,185.846115,-4.665775395301679,2.556930745177351
方式2对齐后,236.521,186.046115,-4.91737241470336,-0.6119159791161399
方式2对齐后,236.721,186.246115,-4.330444822438062,1.2567703432872528
方式2对齐后,236.921,186.446115,-2.5646293082351908,0.8459018882194349
方式2对齐后,237.121,186.646115,-3.684829485912654,1.7971798058334738
方式2对齐后,237.321,186.846115,-4.194783545267649,0.7665281969745099
方式2对齐后,237.521,187.046115,-3.866392752586906,1.298557438870489
方式2对齐后,237.721,187.246115,-4.88203582463119,1.565039044356714
方式2对齐后,237.921,187.446115,-2.8789402854800077,0.67042374298303
方式2对齐后,238.121,187.646115,-3.5806558077229056,1.55042117777964
方式2对齐后,238.321,187.846115,-4.86024555198868,2.609804829481523
方式2对齐后,238.521,188.046115,-2.7855716805111927,0.6588440408682099
方式2对齐后,238.721,188.246115,-1.9691663351258397,1.8815306849726166
方式2对齐后,238.921,188.446115,-4.058831975202592,1.3547265183058799
方式2对齐后,239.121,188.646115,-2.82701691578219,2.6869407278971167
方式2对齐后,239.321,188.846115,-2.7859442931317897,1.483855999089649
方式2对齐后,239.521,189.046115,-2.949286394839466,0.80144329403007
方式2对齐后,239.721,189.246115,-3.4718105510020227,2.6137338909070618
方式2对齐后,239.921,189.446115,-2.5415172202002787,1.7629818402701278
方式2对齐后,240.121,189.646115,-3.9171856935034466,1.042206013302159
方式2对齐后,240.321,189.846115,-3.243220350244887,2.374521780560152
方式2对齐后,240.521,190.046115,-3.627992214635699,2.607685154546147
方式2对齐后,240.721,190.246115,-3.170502506671277,0.71422495827694
方式2对齐后,240.921,190.446115,-2.9686912592515617,0.44919903911867
方式2对齐后,241.121,190.646115,-3.484905138890098,1.408593825749227
方式2对齐后,241.321,190.846115,-4.23873298081976,0.08162689465201
方式2对齐后,241.521,191.046115,-2.732020817131597,0.5329181922419999
方式2对齐后,241.721,191.246115,-3.57289225286709,-0.6385042115462602
方式2对齐后,241.921,191.446115,-3.0821096034096627,1.0102122891026748
方式2对齐后,242.121,191.646115,-2.787812047127877,1.457639145622631
方式2对齐后,242.321,191.846115,-2.9810372964508938,0.67041790877971
方式2对齐后,242.521,192.046115,-0.8548743025900798,-0.61635640891275
方式2对齐后,242.721,192.246115,-4.67140440928124,0.3233903348779599
方式2对齐后,242.921,192.446115,-3.0235834737200498,0.9362987250423189
方式2对齐后,243.121,192.646115,-2.816380599741911,2.354893042137302
方式2对齐后,243.321,192.846115,-2.1949832367959097,0.25094913010361
方式2对齐后,243.521,193.046115,-3.30990591473062,1.179090986722511
方式2对齐后,243.721,193.246115,-2.769256691391429,0.887572289107642
方式2对齐后,243.921,193.446115,-2.4519030664904795,1.6215477999535128
方式2对齐后,244.121,193.646115,-4.497904527103859,0.65926351400314
方式2对齐后,244.321,193.846115,-2.40996341700256,-0.5241914776589702
方式2对齐后,244.521,194.046115,-3.202741265392422,0.24684161308913
方式2对齐后,244.721,194.246115,-2.07818406915489,1.546841948678971
方式2对齐后,244.921,194.446115,-2.3247444149821597,2.2006517048622958
方式2对齐后,245.121,194.646115,-2.887062498617131,-0.8097174935649099
方式2对齐后,245.321,194.846115,-3.395395461609991,0.56170909109335
方式2对齐后,245.521,195.046115,-3.733575164929084,0.13856312460615006
方式2对齐后,245.721,195.246115,-3.5698930673290135,1.7665017642036687
方式2对齐后,245.921,195.446115,-3.1248722974437797,0.940803659659241
方式2对齐后,246.121,195.646115,-3.0863416785828908,-0.5349195665664999
方式2对齐后,246.321,195.846115,-3.153137613937485,0.894634803435299
方式2对齐后,246.521,196.046115,-2.7504928328008487,0.6957487994218698
方式2对齐后,246.721,196.246115,-1.4832735236004697,0.2795112910964199
方式2对齐后,246.921,196.446115,-2.44330467619705,1.542060087594817
方式2对齐后,247.121,196.646115,-2.563488679230317,-1.47192042169159
方式2对齐后,247.321,196.846115,-3.153253088974649,0.71727770628838
方式2对齐后,247.521,197.046115,-2.3406468426544,-1.10453156061666
方式2对齐后,247.721,197.246115,-2.9770632887150397,-0.10889653694382995
方式2对齐后,247.921,197.446115,-4.83016043894811,0.05396184014692995
方式2对齐后,248.121,197.646115,-2.600092500805667,0.51169687074416
方式2对齐后,248.321,197.846115,-1.7486570922880798,0.0450410348210899
方式2对齐后,248.521,198.046115,-1.55032488092357,0.02054201994618987
方式2对齐后,248.721,198.246115,-2.20407576278909,0.6343130733161899
方式2对齐后,248.921,198.446115,-2.593725423044441,-1.1805218086889102
方式2对齐后,249.121,198.646115,-3.4919711193119496,1.055079285057066
方式2对齐后,249.321,198.846115,-2.2099721069770997,-0.94744806562107
方式2对齐后,249.521,199.046115,-2.849541658533609,0.6154439765886399
方式2对齐后,249.721,199.246115,-3.1033834584419706,0.764300569172
方式2对齐后,249.921,199.446115,-2.1697735653235295,-0.13649596838502998
方式2对齐后,250.121,199.646115,-2.632028615063386,0.6653411807893499
方式2对齐后,250.321,199.846115,-1.4978679147007998,-0.7312519172600003
方式2对齐后,250.521,200.046115,-1.2520326665533297,-0.7288578522448699
方式2对齐后,250.721,200.246115,-3.0469931928971987,0.73872905759064
方式2对齐后,250.921,200.446115,-2.16751491611335,-0.5045919137273702
方式2对齐后,251.121,200.646115,-3.319647329745649,0.23824292835308003
方式2对齐后,251.321,200.846115,-2.03673466167345,1.167112506477355
方式2对齐后,251.521,201.046115,-2.28520594492214,1.058214923576687
方式2对齐后,251.721,201.246115,-0.97840624315864,-0.23843361904387983
方式2对齐后,251.921,201.446115,-0.6858756672215396,1.230606580194799
方式2对齐后,252.121,201.646115,-1.3325452529512098,-0.20662273894137018
方式2对齐后,252.321,201.846115,-1.9166875563763799,0.058047663165190055
方式2对齐后,252.521,202.046115,-2.0055407677804196,-0.4190862002902902
方式2对齐后,252.721,202.246115,-0.86488975440672,-0.21596156020579027
方式2对齐后,252.921,202.446115,-1.5761415170541597,0.22512902236384003
方式2对齐后,253.121,202.646115,-1.4828634394431197,-0.06149530526529001
方式2对齐后,253.321,202.846115,-2.32415131579356,-0.16745870293184995
方式2对齐后,253.521,203.046115,-0.8563175481572998,-1.2134420717862002
方式2对齐后,253.721,203.246115,-1.1299259682592098,-1.80363681327148
方式2对齐后,253.921,203.446115,-1.1482398586582496,-1.1367116498483298
方式2对齐后,254.121,203.646115,-0.6018051593457097,0.06673430372434996
方式2对齐后,254.321,203.846115,-1.5002479750540498,-1.1020702061400098
方式2对齐后,254.521,204.046115,-2.553078520906489,-0.9093758340222502
方式2对齐后,254.721,204.246115,-1.5725986166357098,-1.24352171360084
方式2对齐后,254.921,204.446115,-1.3119899900539198,-0.88612102813229
方式2对齐后,255.121,204.646115,-0.3163469318233898,-2.00219588673941
方式2对齐后,255.321,204.846115,-1.4507700616746297,-0.09471387568661016
方式2对齐后,255.521,205.046115,-2.18270455705619,0.2319533621849199
方式2对齐后,255.721,205.246115,-0.8488887775805498,-2.77833964299663
方式2对齐后,255.921,205.446115,-0.09854524650062979,0.991327351122454
方式2对齐后,256.121,205.64611499999998,-0.7710907902272299,-1.48894165066298
方式2对齐后,256.321,205.84611500000003,-2.3682306172948797,0.18693166903008995
方式2对齐后,256.521,206.04611500000001,-0.5772263487051799,-2.47830126639324
方式2对齐后,256.721,206.246115,-0.5890342156171098,0.73167404403228
方式2对齐后,256.921,206.446115,-2.34350168179784,-2.17700750606073
方式2对齐后,257.121,206.64611499999998,-1.0311237687031198,-0.60712631417752
方式2对齐后,257.321,206.84611500000003,-0.43616910362929984,0.06833925845986988
方式2对齐后,257.521,207.04611500000001,-1.4308634306185999,-1.3900434121793999
方式2对齐后,257.721,207.246115,-0.4275021899159599,0.05771612203554999
方式2对齐后,257.921,207.446115,-0.29760406222585,0.26562127767968
方式2对齐后,258.121,207.64611499999998,-0.23816012204238968,-0.4386303201783299
方式2对齐后,258.321,207.84611500000003,0.34808135597194,-0.44978954779911007
方式2对齐后,258.521,208.04611500000001,-2.52814670369873,-0.6971741352097403
方式2对齐后,258.721,208.246115,-2.504646721887144,-0.41784840098722986
方式2对齐后,258.921,208.446115,-0.9687424480003997,-0.29022642421909994
方式2对齐后,259.121,208.64611499999998,-1.1959599848659996,1.069391931567381
方式2对齐后,259.321,208.84611500000003,-0.6903200607488698,-1.2396543382876102
方式2对齐后,259.521,209.04611500000001,-1.8200209352524699,-0.4155252075143099
方式2对齐后,259.721,209.246115,1.12084422458575,-0.5362031658345199
方式2对齐后,259.921,209.446115,-0.6175665579822196,-1.4211061224602801
方式2对齐后,260.121,209.64611499999998,-1.3202591625282198,-2.4202147934456004
方式2对齐后,260.321,209.84611500000003,-0.22916634703702998,-0.5367434175630201
方式2对齐后,260.521,210.04611500000001,-1.5674004107029698,-1.0968658404147402
方式2对齐后,260.721,210.246115,-0.03347532308410983,-1.78372938890194
方式2对齐后,260.921,210.446115,-0.69824955337943,-2.5982292419678004
方式2对齐后,261.121,210.64611499999998,-1.1917062820258097,-0.7867437057680302
方式2对齐后,261.321,210.84611500000003,-0.5320368898545897,-3.0375249109107303
方式2对齐后,261.521,211.04611500000001,-0.5306924249216496,-0.28036821897390984
方式2对齐后,261.721,211.246115,0.22008650896088033,-2.9694830020852496
方式2对齐后,261.921,211.446115,-0.42927959417959993,-2.03446035583016
方式2对齐后,262.121,211.64611499999998,-0.20680594257257967,-1.89307672043003
方式2对齐后,262.321,211.84611500000003,0.7789805737110198,-0.14048304929575006
方式2对齐后,262.521,212.04611500000001,-0.33263492095807967,-3.4094203004922203
方式2对齐后,262.721,212.246115,-0.44606678140605993,-2.8489702473866503
方式2对齐后,262.921,212.446115,-0.06457661427764982,-0.22015523791002023
方式2对齐后,263.121,212.64611499999998,1.2069555445443303,-2.4633165685435
方式2对齐后,263.321,212.84611500000003,1.4585276655744606,-2.07125551034116
方式2对齐后,263.521,213.04611500000001,-0.11449805144884984,-2.32390242876094
方式2对齐后,263.721,213.246115,0.4768706350840102,-0.7665040548061
方式2对齐后,263.921,213.446115,1.12985110884172,-2.39102870789755
方式2对齐后,264.121,213.64611499999998,-0.27344455810199,-1.68949321713548
方式2对齐后,264.321,213.84611500000003,0.5921759859393898,-1.2830643651091203
方式2对齐后,264.521,214.04611500000001,-0.3021372084762497,-1.6608464751674599
方式2对齐后,264.721,214.246115,0.09130702863870033,-1.0745472707567
方式2对齐后,264.921,214.446115,-0.7657078197682998,-1.2008631651950399
方式2对齐后,265.121,214.64611499999998,0.13547248123401,-1.5938814490274402
方式2对齐后,265.321,214.84611500000003,-0.007741239460169691,-2.5331974999767803
方式2对齐后,265.521,215.04611500000001,0.25228160635978014,-0.7748039638773903
方式2对齐后,265.721,215.246115,0.8852286882423002,-1.5731536996805002
方式2对齐后,265.921,215.446115,0.015039400868310349,-0.19335587511337993
方式2对齐后,266.121,215.64611499999998,-0.5615148933991496,-1.57228769894204
方式2对齐后,266.321,215.84611500000003,-1.0090405350767497,-1.16876560913567
方式2对齐后,266.521,216.04611500000001,-0.1146614402143098,-0.6790056230350201
方式2对齐后,266.721,216.246115,1.8245317942937502,-2.85594390877546
方式2对齐后,266.921,216.446115,1.9722954424329098,-0.7832679057513299
方式2对齐后,267.121,216.64611499999998,0.3428531834327404,-2.7284821709702998
方式2对齐后,267.321,216.84611500000003,0.5459106214705898,0.01551190414450998
方式2对齐后,267.521,217.04611500000001,0.8228752604469101,-2.7176637430244
方式2对齐后,267.721,217.246115,1.5914194305596405,-2.64284978899743
方式2对齐后,267.921,217.446115,1.0638573551178503,-2.3636937421173903
方式2对齐后,268.121,217.64611499999998,0.9782814540486902,-2.74408337557192
方式2对齐后,268.321,217.84611500000003,1.82092033691272,-2.33875854904766
方式2对齐后,268.521,218.04611500000001,1.0545034532758306,-1.9892085266249802
方式2对齐后,268.721,218.246115,-0.3536894843854199,-2.7576288566407303
方式2对齐后,268.921,218.446115,1.2806855153313998,-0.7294288147575099
方式2对齐后,269.121,218.64611499999998,1.1888324492105005,-3.60763908737644
方式2对齐后,269.321,218.84611500000003,2.77610744203875,-1.8220625237301702
方式2对齐后,269.521,219.04611500000001,0.09656883941901029,-1.3815435605991202
方式2对齐后,269.721,219.246115,2.5807066984351303,-3.85225028329673
方式2对齐后,269.921,219.446115,2.0318785256249203,-1.84406577606967
方式2对齐后,270.121,219.64611499999998,2.3340491382379405,-2.8657566496910603
方式2对齐后,270.321,219.84611500000003,1.6634840898568903,-1.69493314684677
方式2对齐后,270.521,220.04611500000001,0.5979052479307798,-2.20680016257909
方式2对齐后,270.721,220.246115,1.10686367597674,-1.7987489047420202
方式2对齐后,270.921,220.446115,3.4526578341057306,-2.4241380431923396
方式2对齐后,271.121,220.64611499999998,1.2893422522464606,-2.7560401976427604
方式2对齐后,271.321,220.84611500000003,2.6125106560911906,-0.38800156805364017
方式2对齐后,271.521,221.04611500000001,1.70827932287395,-1.7733373629194502
方式2对齐后,271.721,221.246115,0.6275132928004199,-4.54094278239544
方式2对齐后,271.921,221.446115,1.9379366231030204,-2.4864537566480998
方式2对齐后,272.121,221.64611499999998,2.06310794948799,-2.32415850690914
方式2对齐后,272.321,221.84611500000003,2.2754292802401803,-3.4498351163133902
方式2对齐后,272.521,222.04611500000001,2.4850841327497806,-2.2952855528916905
方式2对齐后,272.721,222.246115,2.99991017474023,-2.8647865488037
方式2对齐后,272.921,222.446115,2.0342667041113005,-1.20697015138557
方式2对齐后,273.121,222.64611499999998,1.24286111304228,-2.13337737141839
方式2对齐后,273.321,222.84611500000003,3.7579959148615103,-2.1795015643267
方式2对齐后,273.521,223.04611500000001,2.67105948227528,-2.51110758022409
方式2对齐后,273.721,223.246115,2.6871429969187606,-2.7395329032728
方式2对齐后,273.921,223.446115,2.2918814210011504,-2.51125708442299
方式2对齐后,274.121,223.64611499999998,3.26365171714507,-4.03542944734023
方式2对齐后,274.321,223.84611500000003,1.73194019311594,-2.7018963961977702
方式2对齐后,274.521,224.04611500000001,1.31257096858704,-1.7574347049976802
方式2对齐后,274.721,224.246115,2.8916186716980503,-3.50888047473521
方式2对齐后,274.921,224.446115,1.67760334090368,-1.4103445173379
方式2对齐后,275.121,224.64611499999998,2.8133175049832904,-2.05912967026934
方式2对齐后,275.321,224.84611500000003,2.53737614258511,-2.71743543780513
方式2对齐后,275.521,225.04611500000001,2.6114295584880898,-2.32388265310872
方式2对齐后,275.721,225.246115,2.5366354609443302,-2.26842700487963
方式2对齐后,275.921,225.446115,2.88988277611264,-1.4022647161525899
方式2对齐后,276.121,225.64611499999998,3.26300489417938,-3.4761021078059198
方式2对齐后,276.321,225.84611500000003,1.3764985255548599,-3.0120446288597797
方式2对齐后,276.521,226.04611500000001,2.83669108764893,-2.6297856750793605
方式2对齐后,276.721,226.246115,1.6782226936224003,-3.16720788997657
方式2对齐后,276.921,226.446115,1.87189897621632,-2.3244938719432504
方式2对齐后,277.121,226.64611499999998,2.6683417282335204,-2.51626864494317
方式2对齐后,277.321,226.84611500000003,2.76680665485327,-0.6758770940810601
方式2对齐后,277.521,227.04611500000001,5.0859571673886705,-2.6722255354517204
方式2对齐后,277.721,227.246115,3.50642194601512,-2.73622976038959
方式2对齐后,277.921,227.446115,3.40759611298071,-2.4312685569803003
方式2对齐后,278.121,227.64611499999998,2.73275795429665,-2.0605508799009002
方式2对齐后,278.321,227.84611500000003,3.5638187493828903,-1.6984770342834898
方式2对齐后,278.521,228.04611500000001,3.59783672286298,-3.39480728240229
方式2对齐后,278.721,228.246115,2.9708221856357104,-2.03532705684002
方式2对齐后,278.921,228.446115,2.09867233564683,-2.4899137998032304
方式2对齐后,279.121,228.64611499999998,3.5835825984516703,-3.45192781525712
方式2对齐后,279.321,228.84611500000003,2.73126024076568,-1.8826163450545699
方式2对齐后,279.521,229.04611500000001,2.96610493534042,-2.36270202412506
方式2对齐后,279.721,229.246115,2.4136459343005,-1.0844293703637002
方式2对齐后,279.921,229.446115,2.74838360224088,-1.9065186256302002
方式2对齐后,280.121,229.64611499999998,3.70993704377135,-3.38943490979117
方式2对齐后,280.321,229.84611500000003,3.85912673908501,-2.3176250936037004
方式2对齐后,280.521,230.04611500000001,4.768960924459741,-2.9220719871065004
方式2对齐后,280.721,230.246115,3.34625387592364,-3.60465230276038
方式2对齐后,280.921,230.446115,2.45890617547596,-2.13290367586144
方式2对齐后,281.121,230.64611499999998,4.15212715764498,-2.75195354494754
方式2对齐后,281.321,230.84611500000003,4.45504178991171,-1.54073396056094
方式2对齐后,281.521,231.04611500000001,3.81630062881357,-3.74282304159894
方式2对齐后,281.721,231.246115,4.07985225959096,-3.68532731496774
方式2对齐后,281.921,231.446115,5.572526490325041,-2.5941998860174103
方式2对齐后,282.121,231.64611499999998,3.8376608765586306,-3.02519972255383
方式2对齐后,282.321,231.84611500000003,2.8810084511899703,-3.7630960653054197
方式2对齐后,282.521,232.04611500000001,5.572931793335311,-1.8122334683461498
方式2对齐后,282.721,232.246115,3.6308724484042205,-2.81018672983636
方式2对齐后,282.921,232.446115,3.6006248870747504,-2.7836469628699403
方式2对齐后,283.121,232.64611499999998,4.242776591578401,-4.13184071264303
方式2对齐后,283.321,232.84611500000003,3.15192706524462,-3.36656871574378
方式2对齐后,283.521,233.04611500000001,4.31214310267836,-2.8001348245682403
方式2对齐后,283.721,233.246115,5.3885754870451095,-1.0967940929142799
方式2对齐后,283.921,233.446115,5.68862351301923,-4.12128369635326
方式2对齐后,284.121,233.64611499999998,4.37849180249658,-3.74817757303168
方式2对齐后,284.321,233.84611500000003,5.48488590046793,-3.1422325104497304
方式2对齐后,284.521,234.04611500000001,4.822015727335669,-3.12741125657168
方式2对齐后,284.721,234.246115,4.55218222204514,-2.9356719032632004
方式2对齐后,284.921,234.446115,5.997941706402861,-4.42369999814152
方式2对齐后,285.121,234.64611499999998,4.5234071319149,-1.39959189087653
方式2对齐后,285.321,234.84611500000003,3.48733528286309,-3.9287654137783203
方式2对齐后,285.521,235.04611500000001,4.814665377704211,-1.84525826461542
方式2对齐后,285.721,235.246115,5.02391094158895,-3.1681652214081
方式2对齐后,285.921,235.446115,5.186347190675301,-1.3158101652402903
方式2对齐后,286.121,235.64611499999998,4.44566267107379,-4.58751515848368
方式2对齐后,286.321,235.84611500000003,5.2791055823607,-3.84451833478981
方式2对齐后,286.521,236.04611500000001,5.236683754613571,-4.0350856996193905
方式2对齐后,286.721,236.246115,6.9985810039967,-3.36008591505409
方式2对齐后,286.921,236.446115,5.68643552028974,-3.2023749261878702
方式2对齐后,287.121,236.64611499999998,5.5142908704900595,-2.06441243747921
方式2对齐后,287.321,236.84611500000003,4.949167469702219,-3.0126525714448498
方式2对齐后,287.521,237.04611500000001,6.44840333044697,-3.2279346047902804
方式2对齐后,287.721,237.246115,5.20567731412728,-3.1453074498022504
方式2对齐后,287.921,237.446115,6.05770418688204,-4.65315285361574
方式2对齐后,288.121,237.64611499999998,6.907977423071701,-3.29261297130474
方式2对齐后,288.321,237.84611500000003,5.284959975066821,-1.78810633436213
方式2对齐后,288.521,238.04611500000001,5.514809290010341,-2.78602784697473
方式2对齐后,288.721,238.246115,4.76905419191457,-0.7452401736755099
方式2对齐后,288.921,238.446115,5.13504692984394,-2.5556347396884798
方式2对齐后,289.121,238.64611499999998,6.371730592508751,-4.01112650847954
方式2对齐后,289.321,238.84611500000003,5.88924734467717,-4.09603204010903
方式2对齐后,289.521,239.04611500000001,5.356423813203831,-1.5058655353172
方式2对齐后,289.721,239.246115,6.40956980771997,-2.24098921251555
方式2对齐后,289.921,239.446115,7.0124334140695,-4.53540336715981
方式2对齐后,290.121,239.64611499999998,7.9757644997482,-5.45917141481222
方式2对齐后,290.321,239.84611500000003,6.683542539351301,-4.18631549638579
方式2对齐后,290.521,240.04611500000001,7.303679232813801,-2.03835403614825
方式2对齐后,290.721,240.246115,6.389058076256161,-3.49528575356131
方式2对齐后,290.921,240.446115,5.687825974607721,-3.7258608127498904
方式2对齐后,291.121,240.64611499999998,6.7072051296162005,-3.0246241450025497
方式2对齐后,291.321,240.84611500000003,8.6561125188773,-4.22982198722061
方式2对齐后,291.521,241.04611500000001,6.38409827097818,-2.1461604201943802
方式2对齐后,291.721,241.246115,6.836389609023101,-3.55252760747765
方式2对齐后,291.921,241.446115,6.42249148293693,-3.1771773344155196
方式2对齐后,292.121,241.64611499999998,4.884937050688951,-3.98608519559905
方式2对齐后,292.321,241.84611500000003,6.6244119524476,-2.8689328930348204
方式2对齐后,292.521,242.04611500000001,6.50799709524752,-2.3805278620086696
方式2对齐后,292.721,242.246115,7.2125121339418,-3.43662313180159
方式2对齐后,292.921,242.446115,6.9005078907807995,-4.7065369565548805
方式2对齐后,293.121,242.64611499999998,7.9040208435311,-4.23023589379425
方式2对齐后,293.321,242.84611500000003,7.023158001875,-3.14132104738845
方式2对齐后,293.521,243.04611500000001,7.0920316811484,-3.63951336134752
方式2对齐后,293.721,243.246115,5.60962877053827,-2.2929517782074704
方式2对齐后,293.921,243.446115,7.328604504831301,-4.45936316310273
方式2对齐后,294.121,243.64611499999998,7.3433615318345,-2.7506902597055305
方式2对齐后,294.321,243.84611500000003,8.5807702310093,-3.16490305049538
方式2对齐后,294.521,244.04611500000001,6.608227303303501,-2.62959012843959
方式2对齐后,294.721,244.246115,7.6430514865877,-4.7768821998946605
方式2对齐后,294.921,244.446115,8.3458155744717,-4.14981609673737
方式2对齐后,295.121,244.64611499999998,7.261650862759,-2.60348885757715
方式2对齐后,295.321,244.84611500000003,7.2343502465162,-4.12225393895658
方式2对齐后,295.521,245.04611500000001,9.0711892812113,-2.29575759112135
方式2对齐后,295.721,245.246115,7.3514437723576,-3.34831258155229
方式2对齐后,295.921,245.446115,6.4952069640993795,-2.6331621060023105
方式2对齐后,296.121,245.64611499999998,9.246859929881,-2.0439681824730003
方式2对齐后,296.321,245.84611500000003,8.3673272265395,-3.0679922214029904
方式2对齐后,296.521,246.04611500000001,7.786339530465101,-4.27073686140728
方式2对齐后,296.721,246.246115,7.95495867721,-4.2615678991548505
方式2对齐后,296.921,246.446115,8.1269442300767,-2.5283665528346297
方式2对齐后,297.121,246.64611499999998,7.8502356075884006,-3.04924932058542
方式2对齐后,297.321,246.84611500000003,8.7013731276832,-3.99825044381873
方式2对齐后,297.521,247.04611500000001,9.1423807517454,-3.2670628457831103
方式2对齐后,297.721,247.246115,8.364571892338,-4.4982321325645
方式2对齐后,297.921,247.446115,8.1674428787084,-2.88139599540417
方式2对齐后,298.121,247.64611499999998,8.7478700337178,-4.69695293676245
方式2对齐后,298.321,247.84611500000003,8.119905073103,-4.73665937267249
方式2对齐后,298.521,248.04611500000001,8.6507542898173,-1.4378019719630002
方式2对齐后,298.721,248.246115,7.5198371921611,-2.5278040520210396
方式2对齐后,298.921,248.446115,9.0127026337245,-1.7020798094191902
方式2对齐后,299.121,248.64611499999998,9.3737147782998,-3.56264417882136
方式2对齐后,299.321,248.84611500000003,9.8482012825233,-3.50127941705225
方式2对齐后,299.521,249.04611500000001,10.0961947644834,-2.35862955230889
方式2对齐后,299.721,249.246115,9.4612709712968,-3.84762779987358
方式2对齐后,299.921,249.446115,10.2165699831451,-4.57759459831962
方式2对齐后,300.121,249.64611499999998,9.666762199741001,-4.46069820048291
方式2对齐后,300.321,249.84611500000003,9.5516534020133,-3.5621249368971704
方式2对齐后,300.521,250.04611500000001,9.0170831287178,-2.6419877058668497
方式2对齐后,300.721,250.246115,9.2510302148059,-3.71873017385548
方式2对齐后,300.921,250.446115,8.6584994453371,-3.6792172474020797
方式2对齐后,301.121,250.64611499999998,8.2131761363674,-2.94346904605802
方式2对齐后,301.321,250.84611500000003,9.502334589544601,-5.11764907872068
方式2对齐后,301.521,251.04611500000001,10.3420626511769,-2.69421574601279
方式2对齐后,301.721,251.246115,9.1479151447184,-2.1783819172187897
方式2对齐后,301.921,251.446115,10.809819793525401,-3.26997236428746
方式2对齐后,302.121,251.64611499999998,9.4735342952908,-3.9254783807548
方式2对齐后,302.321,251.84611500000003,9.4545340473996,-1.60173081104859
方式2对齐后,302.521,252.04611500000001,10.7370989095346,-2.2362769274964904
方式2对齐后,302.721,252.246115,9.897153462565,-2.9025561547202203
方式2对齐后,302.921,252.446115,10.3442183150299,-3.4975395945566
方式2对齐后,303.121,252.64611499999998,9.5393667025087,-3.3737593579059597
方式2对齐后,303.321,252.84611500000003,9.9883474944307,-4.15164359917089
方式2对齐后,303.521,253.04611500000001,10.5142875478157,-3.4635063652835
方式2对齐后,303.721,253.246115,10.9315508967826,-4.67806953918668
方式2对齐后,303.921,253.446115,9.8193736307356,-4.12258508607736
方式2对齐后,304.121,253.64611499999998,9.3067263697587,-4.72957827134067
方式2对齐后,304.321,253.84611500000003,11.6444372606366,-3.5477394822607797
方式2对齐后,304.521,254.04611500000001,11.2385780179896,-3.4906040399640696
方式2对齐后,304.721,254.246115,10.8203797579858,-2.13125202591463
方式2对齐后,304.921,254.446115,11.3552730507578,-3.82633394207269
方式2对齐后,305.121,254.64611499999998,10.1208824976725,-5.16307756438696
方式2对齐后,305.321,254.84611500000003,9.5514570504856,-3.0567516058348403
方式2对齐后,305.521,255.04611500000001,10.7850469755839,-3.0843149884733805
方式2对齐后,305.721,255.246115,11.0682614680996,-2.7811936991994797
方式2对齐后,305.921,255.446115,9.4885803039065,-4.85872673078735
方式2对齐后,306.121,255.64611499999998,10.764705376079,-4.76902503009327
方式2对齐后,306.321,255.84611500000003,10.63958798439,-2.7151940213129704
方式2对齐后,306.521,256.046115,10.3923567619528,-2.8092565068659203
方式2对齐后,306.721,256.24611500000003,11.7427757665104,-2.1956328693139904
方式2对齐后,306.921,256.44611499999996,10.4300296710055,-5.05072491025871
方式2对齐后,307.121,256.646115,10.351777266603,-2.88138957179678
方式2对齐后,307.321,256.84611500000005,10.1863372432323,-4.89079409309838
方式2对齐后,307.521,257.046115,11.0559525163423,-3.56768781894304
方式2对齐后,307.721,257.24611500000003,10.8962032394658,-3.65538703085306
方式2对齐后,307.921,257.44611499999996,11.025365521586501,-3.670179304255
方式2对齐后,308.121,257.646115,12.5326098774718,-2.11600669679223
方式2对齐后,308.321,257.84611500000005,12.2588209713383,-2.91785140661184
方式2对齐后,308.521,258.046115,11.4296178506275,-3.29132341904063
方式2对齐后,308.721,258.24611500000003,12.7230936010076,-2.9830089303417804
方式2对齐后,308.921,258.44611499999996,11.144720051035101,-4.04964864474828
方式2对齐后,309.121,258.646115,9.542686086558101,-5.53893411431358
方式2对齐后,309.321,258.84611500000005,12.6407240358468,-4.06341181581094
方式2对齐后,309.521,259.046115,11.3319089573018,-4.50243489666646
方式2对齐后,309.721,259.24611500000003,11.3704379385222,-2.5601167878945503
方式2对齐后,309.921,259.44611499999996,12.7035692973593,-3.91482390267773
方式2对齐后,310.121,259.646115,13.1457373632714,-4.73870785625179
方式2对齐后,310.321,259.84611500000005,10.54958332808,-4.88595111958029
方式2对齐后,310.521,260.046115,12.5015160379184,-3.2060263874686203
方式2对齐后,310.721,260.24611500000003,10.7895651528129,-3.8058178794159803
方式2对齐后,310.921,260.44611499999996,11.6980223166616,-3.03623142967652
方式2对齐后,311.121,260.646115,12.559398131676,-4.20811576291819
方式2对齐后,311.321,260.84611500000005,12.339048222741301,-3.05447546115869
方式2对齐后,311.521,261.046115,12.498383339363,-2.55708064290425
方式2对齐后,311.721,261.24611500000003,13.2790360993501,-3.86844444087842
方式2对齐后,311.921,261.44611499999996,11.7070233179606,-1.8694506431578701
方式2对齐后,312.121,261.646115,12.0470572511873,-4.7546464381148
方式2对齐后,312.321,261.84611500000005,12.604134489502899,-2.00837654934184
方式2对齐后,312.521,262.046115,12.5155365484678,-2.44070982882395
方式2对齐后,312.721,262.24611500000003,13.284753837574199,-3.0599746119569904
方式2对齐后,312.921,262.44611499999996,12.627751799770701,-2.3092287714393898
方式2对齐后,313.121,262.646115,13.2706811034283,-3.5749434960665
方式2对齐后,313.321,262.84611500000005,12.2091299118864,-4.80874739915966
方式2对齐后,313.521,263.046115,13.5282048062059,-2.8946924738781403
方式2对齐后,313.721,263.24611500000003,12.8108708138346,-4.2969890313232
方式2对齐后,313.921,263.44611499999996,12.9266055343061,-3.8950515263913497
方式2对齐后,314.121,263.646115,12.238334744921401,-3.10720772318259
方式2对齐后,314.321,263.84611500000005,12.9804208322418,-3.29069297185221
方式2对齐后,314.521,264.046115,12.5311615722558,-2.8684334711821204
方式2对齐后,314.721,264.24611500000003,12.4707354392734,-2.30682897166879
方式2对齐后,314.921,264.44611499999996,12.9097079114711,-1.9670307434836403
方式2对齐后,315.121,264.646115,13.5720613081309,-3.50345015066753
方式2对齐后,315.321,264.84611500000005,12.3652751482221,-4.12364953215551
方式2对齐后,315.521,265.046115,13.420913252689799,-2.69310113303609
方式2对齐后,315.721,265.24611500000003,14.2092071229282,-3.1842069848565204
方式2对齐后,315.921,265.44611499999996,13.2647409407154,-3.9796172175594604
方式2对齐后,316.121,265.646115,14.2125352834893,-2.8954812163164503
方式2对齐后,316.321,265.84611500000005,13.285032712760701,-3.9654775889360296
方式2对齐后,316.521,266.046115,13.5874734300665,-3.5892157143780397
方式2对齐后,316.721,266.24611500000003,12.0569114259293,-2.87048993095652
方式2对齐后,316.921,266.44611499999996,12.5710208145333,-1.38782617362572
方式2对齐后,317.121,266.646115,13.086840967109,-3.6570343433404604
方式2对齐后,317.321,266.84611500000005,13.122398437321001,-0.7462790644253401
方式2对齐后,317.521,267.046115,12.745603450181202,-4.38368814817901
方式2对齐后,317.721,267.24611500000003,12.2655260904082,-2.3089501535574097
方式2对齐后,317.921,267.44611499999996,11.807454487657001,-5.3101267544076
方式2对齐后,318.121,267.646115,14.588873523223901,-1.35889869918122
方式2对齐后,318.321,267.84611500000005,14.276859516517499,-2.02900916537024
方式2对齐后,318.521,268.046115,14.9285075845091,-1.58299415287346
方式2对齐后,318.721,268.24611500000003,14.9026626663248,-3.5325198862537803
方式2对齐后,318.921,268.44611499999996,13.2956015281838,-2.2236872813727704
方式2对齐后,319.121,268.646115,14.9715005942517,-2.86937156452355
方式2对齐后,319.321,268.84611500000005,13.3333673272425,-3.6785407434262405
方式2对齐后,319.521,269.046115,14.873360267874402,-2.2070489111486804
方式2对齐后,319.721,269.24611500000003,13.955755526367001,-3.46091360885257
方式2对齐后,319.921,269.44611499999996,14.7077876931415,-3.6305135414837704
方式2对齐后,320.121,269.646115,14.445106781523,-3.23670072237553
方式2对齐后,320.321,269.84611500000005,15.223469749671201,-2.9039678477088398
方式2对齐后,320.521,270.046115,14.4273213279925,-4.24240848389255
方式2对齐后,320.721,270.24611500000003,13.2865197079894,-3.98175324418205
方式2对齐后,320.921,270.44611499999996,15.1499639246061,-2.13499963645087
方式2对齐后,321.121,270.646115,15.213039259820901,-4.00110203007278
方式2对齐后,321.321,270.84611500000005,14.9751020966513,-3.47846997321668
方式2对齐后,321.521,271.046115,14.189321099514599,-3.54646825661377
方式2对齐后,321.721,271.24611500000003,14.7877363771904,-1.9349556540528399
方式2对齐后,321.921,271.44611499999996,14.369414633687901,-2.51880929687177
方式2对齐后,322.121,271.646115,14.771988770477,-3.4832929235130896
方式2对齐后,322.321,271.84611500000005,15.343385718142502,-3.38670886350938
方式2对齐后,322.521,272.046115,15.233816023819001,-3.8744618739341803
方式2对齐后,322.721,272.24611500000003,13.8889477112594,-3.22358932388644
方式2对齐后,322.921,272.44611499999996,15.355479216043202,-3.28711693944123
方式2对齐后,323.121,272.646115,15.8885604749572,-1.8643641858900102
方式2对齐后,323.321,272.84611500000005,14.880832952106301,-3.59168702849687
方式2对齐后,323.521,273.046115,15.6917951980616,-3.9714562030460296
方式2对齐后,323.721,273.24611500000003,14.846669719151299,-3.4894240255094804
方式2对齐后,323.921,273.44611499999996,13.9572331442974,-5.00603535825806
方式2对齐后,324.121,273.646115,15.877000281811002,-2.62873699116202
方式2对齐后,324.321,273.84611500000005,14.7302840322003,-1.83476130371788
方式2对齐后,324.521,274.046115,14.3186218293008,-3.46580071119757
方式2对齐后,324.721,274.24611500000003,13.341061482921601,-4.61384082614403
方式2对齐后,324.921,274.44611499999996,15.789068237519599,-2.9818812519893605
方式2对齐后,325.121,274.646115,16.392663293757202,-2.11699646480409
方式2对齐后,325.321,274.84611500000005,14.957566921306102,-3.61664275731155
方式2对齐后,325.521,275.046115,14.759380350765701,-3.05014985567935
方式2对齐后,325.721,275.24611500000003,16.1207329962657,-3.91001078800691
方式2对齐后,325.921,275.44611499999996,15.3661402803963,-3.40346938084802
方式2对齐后,326.121,275.646115,15.206715745577702,-2.59563609760312
方式2对齐后,326.321,275.84611500000005,14.9708483010599,-2.9066128112730505
方式2对齐后,326.521,276.046115,16.5340709486388,-2.94557485683041
方式2对齐后,326.721,276.24611500000003,15.674087920300101,-2.58423288151839
方式2对齐后,326.921,276.44611499999996,15.925403813829101,-3.13064948210721
方式2对齐后,327.121,276.646115,15.597793226397199,-2.5234908862219
方式2对齐后,327.321,276.84611500000005,18.010503143303097,-3.1676984229298
方式2对齐后,327.521,277.046115,16.763417779879,-2.4766384926048204
方式2对齐后,327.721,277.24611500000003,15.617288444027901,-3.6384932763982203
方式2对齐后,327.921,277.44611499999996,15.711200783262699,-0.7423259758713199
方式2对齐后,328.121,277.646115,16.9297489649352,-3.6743532356838298
方式2对齐后,328.321,277.84611500000005,16.408026078995903,-1.6821145756406701
方式2对齐后,328.521,278.046115,15.968996258242099,-3.2258231141534397
方式2对齐后,328.721,278.24611500000003,15.575597396914299,-4.03385574043463
方式2对齐后,328.921,278.44611499999996,16.9271306908743,-3.41904953810782
方式2对齐后,329.121,278.646115,17.084114229881003,-2.7978624051242598
方式2对齐后,329.321,278.84611500000005,16.101756490288103,-2.63308660296145
方式2对齐后,329.521,279.046115,16.351435171478002,-3.36197835693779
方式2对齐后,329.721,279.24611500000003,14.8631147369834,-3.65127906318982
方式2对齐后,329.921,279.44611499999996,16.0597798397639,-0.8886451420107
方式2对齐后,330.121,279.646115,16.386004122501802,-2.2864540807877303
方式2对齐后,330.321,279.84611500000005,17.3753401032613,-1.90098953366356
方式2对齐后,330.521,280.046115,16.933628904634197,-3.68275824718964
方式2对齐后,330.721,280.24611500000003,17.087763489288903,-3.1462639271872996
方式2对齐后,330.921,280.44611499999996,17.312195330123004,-3.17597689142755
方式2对齐后,331.121,280.646115,16.9758862143079,-1.32718627371358
方式2对齐后,331.321,280.84611500000005,16.141359900225602,-2.87881254249971
方式2对齐后,331.521,281.046115,16.293883717068603,-0.9107830498462501
方式2对齐后,331.721,281.24611500000003,17.029580765404702,-3.1949690803336503
方式2对齐后,331.921,281.44611499999996,17.411789668550703,-2.05975301764075
方式2对齐后,332.121,281.646115,17.1522157876503,-1.63317971355887
方式2对齐后,332.321,281.84611500000005,17.195227262207,-0.49573419684389997
方式2对齐后,332.521,282.046115,17.909507163871304,-2.99136463925137
方式2对齐后,332.721,282.24611500000003,17.265863255580598,-2.0791453284077
方式2对齐后,332.921,282.44611499999996,17.0045395820081,-2.78464577251475
方式2对齐后,333.121,282.646115,17.078609600453497,-1.9893271519182298
方式2对齐后,333.321,282.84611500000005,15.8120483880887,-2.8751652795266702
方式2对齐后,333.521,283.046115,17.9943426733603,-2.0000433781288502
方式2对齐后,333.721,283.24611500000003,19.955692490771398,-2.9150327187367697
方式2对齐后,333.921,283.44611499999996,17.6664399179569,-2.5210395504564804
方式2对齐后,334.121,283.646115,18.1127141251595,-1.73356013969742
方式2对齐后,334.321,283.84611500000005,17.019938330342,-2.7025284679265003
方式2对齐后,334.521,284.046115,16.6973372747168,-3.1472910666955602
方式2对齐后,334.721,284.24611500000003,17.414624026999704,-1.6846775843559199
方式2对齐后,334.921,284.44611499999996,18.0239405693397,-1.9289662361755902
方式2对齐后,335.121,284.646115,18.027753041647003,-4.17875063302651
方式2对齐后,335.321,284.84611500000005,17.216797744479003,-1.39929915593715
方式2对齐后,335.521,285.046115,17.893716820919202,-1.6602275266256301
方式2对齐后,335.721,285.24611500000003,18.256415274653598,-1.3092301989303299
方式2对齐后,335.921,285.44611499999996,17.4600718980737,-1.88100811254303
方式2对齐后,336.121,285.646115,17.6202320723472,-2.5207547387836904
方式2对齐后,336.321,285.84611500000005,17.8262842867856,-2.40004503322675
方式2对齐后,336.521,286.046115,17.3816671654036,-1.7369570133091798
方式2对齐后,336.721,286.24611500000003,18.2180780371866,-2.71907941156055
方式2对齐后,336.921,286.44611499999996,17.8783222930823,-1.1724929387885301
方式2对齐后,337.121,286.646115,18.9970156427458,-1.1344743711056702
方式2对齐后,337.321,286.84611500000005,17.871721316076,-1.8539293399202
方式2对齐后,337.521,287.046115,18.8861674900135,-1.5183753457261702
方式2对齐后,337.721,287.24611500000003,18.4284489379177,-0.8395647051571102
方式2对齐后,337.921,287.44611499999996,18.7404547164709,-2.54049592720298
方式2对齐后,338.121,287.646115,18.0939880507378,-2.18674483142098
方式2对齐后,338.321,287.84611500000005,18.1410740239875,-1.9253650958331399
方式2对齐后,338.521,288.046115,17.6898160699987,-2.6473042936618096
方式2对齐后,338.721,288.24611500000003,19.0961115967633,-2.5373207841146197
方式2对齐后,338.921,288.44611499999996,18.0158217779451,-0.31745241437333993
方式2对齐后,339.121,288.646115,16.9014568070519,-0.24876010027991002
方式2对齐后,339.321,288.84611500000005,19.452148703343504,-1.42038150700193
方式2对齐后,339.521,289.046115,17.504824858744897,-2.6568719840146002
方式2对齐后,339.721,289.24611500000003,18.670419243629098,-3.02097807574817
方式2对齐后,339.921,289.44611499999996,19.079817943428303,-0.4763638014831302
方式2对齐后,340.121,289.646115,17.477400345241797,-0.40971643847348993
方式2对齐后,340.321,289.84611500000005,19.1315992440733,-1.43784565613135
方式2对齐后,340.521,290.046115,19.104517007823702,0.23471349683402987
方式2对齐后,340.721,290.24611500000003,19.3167841743294,-1.26451077746585
方式2对齐后,340.921,290.44611499999996,18.3892081639045,-0.7199458959281801
方式2对齐后,341.121,290.646115,17.910777910457803,-1.0549089553928601
方式2对齐后,341.321,290.84611500000005,20.0794835578657,-2.4524917186420296
方式2对齐后,341.521,291.046115,19.112270034480403,-2.6087601112886505
方式2对齐后,341.721,291.24611500000003,18.250836032083804,-2.0773144610125
方式2对齐后,341.921,291.44611499999996,18.422124957155,-1.92885492479029
方式2对齐后,342.121,291.646115,19.584995681329303,-2.7846309057847503
方式2对齐后,342.321,291.84611500000005,19.412047345739197,-1.7596891040959601
方式2对齐后,342.521,292.046115,18.7598268859483,-2.70931903614421
方式2对齐后,342.721,292.24611500000003,19.2849136958733,-1.67007144924907
方式2对齐后,342.921,292.44611499999996,20.1027859700594,-1.9574578877754902
方式2对齐后,343.121,292.646115,19.827114070213398,-1.2399527021611298
方式2对齐后,343.321,292.84611500000005,19.5283290961358,-3.06250512046042
方式2对齐后,343.521,293.046115,18.2848034979353,-2.89177814296374
方式2对齐后,343.721,293.24611500000003,19.1942060807741,-1.61756273538013
方式2对齐后,343.921,293.44611499999996,20.1561627761959,-1.54795341109701
方式2对齐后,344.121,293.646115,19.7488725477564,-3.9666894270095803
方式2对齐后,344.321,293.84611500000005,19.4017078287025,-2.0190090535172303
方式2对齐后,344.521,294.046115,20.9858833994263,-1.5425920102240203
方式2对齐后,344.721,294.24611500000003,19.454110565294897,-0.6791590340889799
方式2对齐后,344.921,294.44611499999996,19.285067158403102,-1.44102745680589
方式2对齐后,345.121,294.646115,19.9100322749402,-0.5752116179162101
方式2对齐后,345.321,294.84611500000005,21.4959027050611,-1.6018057540884603
方式2对齐后,345.521,295.046115,20.8918475985122,-1.5741150786332803
方式2对齐后,345.721,295.24611500000003,19.032470925751397,-0.82189815453044
方式2对齐后,345.921,295.44611499999996,20.4005475861519,-0.87665734824663
方式2对齐后,346.121,295.646115,20.805480182668802,-1.2679787372159699
方式2对齐后,346.321,295.84611500000005,19.6231374062909,-0.5525281196651499
方式2对齐后,346.521,296.046115,19.586986037351203,0.2349172275220699
方式2对齐后,346.721,296.24611500000003,19.369542950442003,-0.5607293514872302
方式2对齐后,346.921,296.44611499999996,19.5186713191625,-1.32817174062499
方式2对齐后,347.121,296.646115,18.5821171218492,-1.9721537870850199
方式2对齐后,347.321,296.84611500000005,19.677177980227697,-2.05527380159677
方式2对齐后,347.521,297.046115,20.862245042509997,-0.6372366225348101
方式2对齐后,347.721,297.24611500000003,19.9100975893248,-1.11224003960112
方式2对齐后,347.921,297.44611499999996,21.6040987565519,-0.10732746153987005
方式2对齐后,348.121,297.646115,19.306096338608803,-0.8436328042468202
方式2对齐后,348.321,297.84611500000005,20.5009345942035,-1.1687904948961498
方式2对齐后,348.521,298.046115,20.008100777060697,-1.8512526515463401
方式2对齐后,348.721,298.24611500000003,20.51722354706,-0.016193165723120018
方式2对齐后,348.921,298.44611499999996,20.3809592397998,0.9883000205674629
方式2对齐后,349.121,298.646115,19.8579659453575,0.6884765443099699
方式2对齐后,349.321,298.84611500000005,20.4969279847271,-1.22919026194926
方式2对齐后,349.521,299.046115,21.6476807545154,-1.14344762003098
方式2对齐后,349.721,299.24611500000003,20.145867541170297,-1.7120110297753999
方式2对齐后,349.921,299.44611499999996,20.594070783644398,-0.8429543101653802
方式2对齐后,350.121,299.646115,21.096329458764203,-2.03368354544991
方式2对齐后,350.321,299.84611500000005,21.183052323854803,-1.78015439222732
方式2对齐后,350.521,300.046115,20.6836312779392,-0.06925005557489006
方式2对齐后,350.721,300.24611500000003,21.387393980150797,0.20867325235422984
方式2对齐后,350.921,300.44611499999996,21.1805696282182,-0.6058245267473699
方式2对齐后,351.121,300.646115,21.6285690895238,-0.19101586243604007
方式2对齐后,351.321,300.84611500000005,21.576872971098403,0.486886687011
方式2对齐后,351.521,301.046115,21.471632065608297,-0.50600581511718
方式2对齐后,351.721,301.24611500000003,22.3700942832375,-0.3156455891644101
方式2对齐后,351.921,301.44611499999996,20.960352858332797,0.44317185703976003
方式2对齐后,352.121,301.646115,21.282067677781903,0.12570526285909
方式2对齐后,352.321,301.84611500000005,20.775143166846902,-0.23799336507547997
方式2对齐后,352.521,302.046115,21.393876096084803,-0.47165284651871
方式2对齐后,352.721,302.24611500000003,20.951505259246503,-0.7419507033674702
方式2对齐后,352.921,302.44611499999996,20.3373520458402,-1.8600963155374002
方式2对齐后,353.121,302.646115,19.9194173229995,0.20788088838262997
方式2对齐后,353.321,302.84611500000005,21.710062509573497,0.49776476701889005
方式2对齐后,353.521,303.046115,21.5963656106184,0.00810260169966992
方式2对齐后,353.721,303.24611500000003,21.103517578971,-0.16927863257612996
方式2对齐后,353.921,303.44611499999996,21.078779223354097,-0.8697346614305101
方式2对齐后,354.121,303.646115,22.413432920507397,-0.9216173978450999
方式2对齐后,354.321,303.84611500000005,21.641811671734402,-0.01652429633089003
方式2对齐后,354.521,304.046115,20.946383209952202,-1.28916450331146
方式2对齐后,354.721,304.24611500000003,21.2210800506708,-0.92290701155689
方式2对齐后,354.921,304.44611499999996,21.4181693414196,0.8550204416684379
方式2对齐后,355.121,304.646115,20.7705088805057,0.39941830446857995
方式2对齐后,355.321,304.84611500000005,21.4181881742819,0.37904251170812
方式2对齐后,355.521,305.046115,23.237104444904602,-0.11773974827133005
方式2对齐后,355.721,305.24611500000003,21.626589347357204,-1.00285751363884
方式2对齐后,355.921,305.44611499999996,21.7992006408209,-1.5801305260459602
方式2对齐后,356.121,305.646115,22.719985525546,-0.79228290432907
方式2对齐后,356.321,305.84611500000005,21.523458198146898,-1.5852739246355498
方式2对齐后,356.521,306.046115,21.218324275936098,0.31137918475758
方式2对齐后,356.721,306.24611500000003,21.873031347423897,-1.05319055121964
方式2对齐后,356.921,306.44611499999996,22.352765308290202,0.7401926389231299
方式2对齐后,357.121,306.646115,22.128150365806903,-1.08135001136404
方式2对齐后,357.321,306.84611500000005,22.2985187983733,0.09942408588646989
方式2对齐后,357.521,307.046115,21.694729920895703,-0.46977501359407015
方式2对齐后,357.721,307.24611500000003,20.7022501199163,0.78011400526549
方式2对齐后,357.921,307.44611499999996,21.7921052156605,0.9829724602893489
方式2对齐后,358.121,307.646115,22.036268168641797,-0.4191287523593399
方式2对齐后,358.321,307.84611500000005,22.007541668398403,0.14316388822819004
方式2对齐后,358.521,308.046115,22.085597039580897,1.3422769421174179
方式2对齐后,358.721,308.24611500000003,21.2386797352937,0.01353679639994998
方式2对齐后,358.921,308.44611499999996,21.636571023857,1.079592867234779
方式2对齐后,359.121,308.646115,21.697583972398597,0.6620692890633799
方式2对齐后,359.321,308.84611500000005,21.7604141516966,-0.8834991004917301
方式2对齐后,359.521,309.046115,21.556122579039,0.18097013317417998
方式2对齐后,359.721,309.24611500000003,21.4869914956922,-0.24343941248551015
方式2对齐后,359.921,309.44611499999996,23.038006696995097,1.2992834807514928
方式2对齐后,360.121,309.646115,23.1216333875619,0.21049366154311988
方式2对齐后,360.321,309.84611500000005,21.678909673445098,1.561415495713898
方式2对齐后,360.521,310.046115,21.8393378933251,-0.029370623206480095
方式2对齐后,360.721,310.24611500000003,21.2814303011631,0.862241066722507
方式2对齐后,360.921,310.44611499999996,22.0559702164931,0.5628061836119
方式2对齐后,361.121,310.646115,23.2062271137114,-0.9451991379116702
方式2对齐后,361.321,310.84611500000005,23.5081373843583,0.9321514990680609
方式2对齐后,361.521,311.046115,22.190260442465004,-0.5768396213205103
方式2对齐后,361.721,311.24611500000003,22.7113822233173,1.295821836443247
方式2对齐后,361.921,311.44611499999996,21.106049989397,0.870272085265716
方式2对齐后,362.121,311.646115,23.317616189491304,2.247424669833292
方式2对齐后,362.321,311.84611500000005,23.2826243742102,-0.5029849527942702
方式2对齐后,362.521,312.046115,20.788308240399303,0.66901441911452
方式2对齐后,362.721,312.24611500000003,22.081482705951004,-0.27149276900999997
方式2对齐后,362.921,312.44611499999996,23.087058211337002,2.058758784791036
方式2对齐后,363.121,312.646115,21.1676849140719,0.67205911791271
方式2对齐后,363.321,312.84611500000005,22.168881841421502,0.38617258564017987
方式2对齐后,363.521,313.046115,21.8834658439781,1.068496124391521
方式2对齐后,363.721,313.24611500000003,22.9988963205964,0.57286440384189
方式2对齐后,363.921,313.44611499999996,22.7818631655148,2.072282005137314
方式2对齐后,364.121,313.646115,21.9981381849811,0.5166876917788599
方式2对齐后,364.321,313.84611500000005,22.499764678526397,0.979254482143624
方式2对齐后,364.521,314.046115,23.343485440365697,1.343457253368402
方式2对齐后,364.721,314.24611500000003,22.197951407734898,1.264389816590011
方式2对齐后,364.921,314.44611499999996,22.0967309215615,0.54925250146667
方式2对齐后,365.121,314.646115,23.3585751785914,1.135405539166062
方式2对齐后,365.321,314.84611500000005,22.799245259990798,1.487924979222782
方式2对齐后,365.521,315.046115,21.9926285177038,0.14585070870563
方式2对齐后,365.721,315.24611500000003,21.5612293570412,0.37003119300886
方式2对齐后,365.921,315.44611499999996,22.6278135950895,1.181602729644038
方式2对齐后,366.121,315.646115,23.247220728650603,1.9830185634791389
方式2对齐后,366.321,315.84611500000005,22.504631114843804,1.094379466327599
方式2对齐后,366.521,316.046115,23.081625829635,2.63865674408771
方式2对齐后,366.721,316.24611500000003,24.1991715926885,3.1372265786710196
方式2对齐后,366.921,316.44611499999996,21.6225212662129,0.35041182784628
方式2对齐后,367.121,316.646115,21.663977066135402,2.94928452836594
方式2对齐后,367.321,316.84611500000005,23.7762714557784,0.40912765670712004
方式2对齐后,367.521,317.046115,22.951749631965903,1.238923910836231
方式2对齐后,367.721,317.24611500000003,23.334445041500302,0.16739576318883986
方式2对齐后,367.921,317.44611499999996,23.8774680675374,2.5234140549842987
方式2对齐后,368.121,317.646115,23.158040053891902,2.196667322724842
方式2对齐后,368.321,317.84611500000005,22.032672349588204,2.67968962834711
方式2对齐后,368.521,318.046115,22.392846700019803,1.534779814741785
方式2对齐后,368.721,318.24611500000003,23.6896187384816,0.38402231411982
方式2对齐后,368.921,318.44611499999996,21.763561491510103,0.7521543885470199
方式2对齐后,369.121,318.646115,22.8810601046087,1.551668660256
方式2对齐后,369.321,318.84611500000005,23.4106123247807,1.355490193827355
方式2对齐后,369.521,319.046115,23.410173725876902,3.05264651935421
方式2对齐后,369.721,319.24611500000003,22.5246085041533,1.8902922393512944
方式2对齐后,369.921,319.44611499999996,23.133589460416303,0.985323258376962
方式2对齐后,370.121,319.646115,23.073569647038504,1.7944306485628239
方式2对齐后,370.321,319.84611500000005,22.267467314549698,0.61936300479593
方式2对齐后,370.521,320.046115,21.2402876016655,0.82356932326424
方式2对齐后,370.721,320.24611500000003,23.139641625485197,1.494088421998329
方式2对齐后,370.921,320.44611499999996,22.4275188253514,2.13773527075227
方式2对齐后,371.121,320.646115,23.840086558603197,1.8532940358522487
方式2对齐后,371.321,320.84611500000005,22.380539195228998,2.802433676827115
方式2对齐后,371.521,321.046115,23.0991040161219,2.819991997863636
方式2对齐后,371.721,321.24611500000003,23.4258863705586,1.13496819598556
方式2对齐后,371.921,321.44611499999996,23.438152573222297,2.199942084744106
方式2对齐后,372.121,321.646115,23.841906236057397,1.484393284933973
方式2对齐后,372.321,321.84611500000005,23.1289282529061,2.738704010997195
方式2对齐后,372.521,322.046115,24.567132307743,0.5076534348283899
方式2对齐后,372.721,322.24611500000003,22.1653375023294,1.982678801166375
方式2对齐后,372.921,322.44611499999996,24.7401759665209,1.1242167789640818
方式2对齐后,373.121,322.646115,23.7186021064312,3.07790418045875
方式2对齐后,373.321,322.84611500000005,22.0151792679097,3.1541699624655397
方式2对齐后,373.521,323.046115,23.4373041529294,1.281207738653017
方式2对齐后,373.721,323.24611500000003,23.6569028011845,2.495549612036918
方式2对齐后,373.921,323.44611499999996,22.617250072658003,2.6463498753186
方式2对齐后,374.121,323.646115,21.9432348999582,1.8484797472449228
方式2对齐后,374.321,323.84611500000005,23.6194226488426,2.254620410822445
方式2对齐后,374.521,324.046115,21.820108863455502,1.41547598004774
方式2对齐后,374.721,324.24611500000003,22.7666475337955,2.309894076583732
方式2对齐后,374.921,324.44611499999996,25.0485059593642,3.51821068376599
方式2对齐后,375.121,324.646115,22.836396770463402,1.508958914160964
方式2对齐后,375.321,324.84611500000005,23.308396286632203,3.94264376123357
方式2对齐后,375.521,325.046115,24.264216501835904,2.088624870587597
方式2对齐后,375.721,325.24611500000003,23.055865719893802,3.3790034997244502
方式2对齐后,375.921,325.44611499999996,23.0272094381872,1.334598049830035
方式2对齐后,376.121,325.646115,23.7568352448464,2.220500453295498
方式2对齐后,376.321,325.84611500000005,22.7970280762813,2.454489797626655
方式2对齐后,376.521,326.046115,22.6300630930888,2.508756908469589
方式2对齐后,376.721,326.24611500000003,23.100597252363897,0.865106992451681
方式2对齐后,376.921,326.44611499999996,24.621858154644897,2.753303181880313
方式2对齐后,377.121,326.646115,25.140823889784798,4.395502408475339
方式2对齐后,377.321,326.84611500000005,22.337499080791602,3.35297517325918
方式2对齐后,377.521,327.046115,22.375831644364098,4.1639871604805805
方式2对齐后,377.721,327.24611500000003,23.3023592107751,2.666548052756104
方式2对齐后,377.921,327.44611499999996,23.634890209560197,2.081198754271356
方式2对齐后,378.121,327.646115,23.139109126415697,2.490766481468337
方式2对齐后,378.321,327.84611500000005,23.699780489321704,2.135878474187023
方式2对齐后,378.521,328.046115,23.4787659138931,2.4100853892852587
方式2对齐后,378.721,328.24611500000003,23.7067203552888,1.156723460552992
方式2对齐后,378.921,328.44611499999996,22.221183311045003,3.57437466438644
方式2对齐后,379.121,328.646115,23.039268467528203,4.8733113429700605
方式2对齐后,379.321,328.84611500000005,24.5903508418708,2.830934222290744
方式2对齐后,379.521,329.046115,22.922344357527003,2.8569718895237797
方式2对齐后,379.721,329.24611500000003,22.7963531835684,3.84532589939122
方式2对齐后,379.921,329.44611499999996,23.7278290291854,3.01959990490616
方式2对齐后,380.121,329.646115,24.423144960166503,3.30646418061625
方式2对齐后,380.321,329.84611500000005,23.6403644747721,2.270660717254832
方式2对齐后,380.521,330.046115,23.537189656719903,2.86030750544619
方式2对齐后,380.721,330.24611500000003,22.825752914881498,2.548944818373618
方式2对齐后,380.921,330.44611499999996,23.621898711902702,2.0061066469906867
方式2对齐后,381.121,330.646115,24.213085134477602,4.4845246530762
方式2对齐后,381.321,330.84611500000005,24.772387455329998,4.05211753869101
方式2对齐后,381.521,331.046115,22.9934692304531,1.465513169504686
方式2对齐后,381.721,331.24611500000003,22.717087841962197,3.18049649841543
方式2对齐后,381.921,331.44611499999996,23.9771776834216,2.3272414701249278
方式2对齐后,382.121,331.646115,22.928749475730598,3.33120084384325
方式2对齐后,382.321,331.84611500000005,23.6527895479774,3.40533953315528
方式2对齐后,382.521,332.046115,23.736394155623103,4.81931607499404
方式2对齐后,382.721,332.24611500000003,22.762871355906704,2.741827460564741
方式2对齐后,382.921,332.44611499999996,23.363574496142398,3.8211877249229502
方式2对齐后,383.121,332.646115,23.4762080030198,4.2188728275877
方式2对齐后,383.321,332.84611500000005,24.6460457606957,3.67092019766022
方式2对齐后,383.521,333.046115,22.7246320890687,3.09949404965867
方式2对齐后,383.721,333.24611500000003,23.400356834416797,3.95459957611269
方式2对齐后,383.921,333.44611499999996,22.6674083051226,4.61531870117432
方式2对齐后,384.121,333.646115,22.909516310362,2.87522470095233
方式2对齐后,384.321,333.84611500000005,24.430926816855,3.87372523395418
方式2对齐后,384.521,334.046115,23.438745890676998,4.76430257952987
方式2对齐后,384.721,334.24611500000003,22.094002085127002,2.555634759712241
方式2对齐后,384.921,334.44611499999996,24.006545759311898,3.51762690723496
方式2对齐后,385.121,334.646115,22.117551025771903,4.2029267715332495
方式2对齐后,385.321,334.84611500000005,22.642493960774303,4.00196480247244
方式2对齐后,385.521,335.046115,22.591482314067598,3.37215252971152
方式2对齐后,385.721,335.24611500000003,22.8083894409991,3.1288450783145096
方式2对齐后,385.921,335.44611499999996,22.270788099654602,3.49458103779368
方式2对齐后,386.121,335.646115,23.7614520421359,5.37412959636727
方式2对齐后,386.321,335.84611500000005,22.471799882890302,3.85680852346149
方式2对齐后,386.521,336.046115,21.939195447852,2.775506337230558
方式2对齐后,386.721,336.24611500000003,21.577725925078703,4.1737185756408195
方式2对齐后,386.921,336.44611499999996,23.7683454449864,5.34779163979582
方式2对齐后,387.121,336.646115,23.477007615353102,4.64795683098147
方式2对齐后,387.321,336.84611500000005,22.443245718308297,4.3417711852661895
方式2对齐后,387.521,337.046115,23.477399097053997,3.86621307837652
方式2对齐后,387.721,337.24611500000003,24.165857424628,3.4359530467726502
方式2对齐后,387.921,337.44611499999996,22.879326808077003,5.5460893912827895
方式2对齐后,388.121,337.646115,22.8220427671015,4.00478342862084
方式2对齐后,388.321,337.84611500000005,22.295206549350404,3.7655182573828903
方式2对齐后,388.521,338.046115,24.0772915274418,4.4546757512109
方式2对齐后,388.721,338.24611500000003,22.2271663557883,4.17324768029989
方式2对齐后,388.921,338.44611499999996,22.9959648600245,3.67547682524925
方式2对齐后,389.121,338.646115,22.421480212781503,5.23497742648488
方式2对齐后,389.321,338.84611500000005,22.833442193883798,4.568767554195929
方式2对齐后,389.521,339.046115,21.877443060070497,5.18560324426169
方式2对齐后,389.721,339.24611500000003,23.285161005433203,3.42811108922764
方式2对齐后,389.921,339.44611499999996,23.200775757493602,4.598694109256989
方式2对齐后,390.121,339.646115,21.6034132491121,5.33711069409296
方式2对齐后,390.321,339.84611500000005,23.988679060336402,4.07436115808521
方式2对齐后,390.521,340.046115,24.026528827258602,5.74676171079345
方式2对齐后,390.721,340.24611500000003,21.829989787934302,4.07540608906681
方式2对齐后,390.921,340.44611499999996,21.346233630777704,3.97590902570554
方式2对齐后,391.121,340.646115,23.131401701492102,4.1008759839953
方式2对齐后,391.321,340.84611500000005,22.4472828449386,4.23611967904833
方式2对齐后,391.521,341.046115,22.9375357497537,4.66588053649033
方式2对齐后,391.721,341.24611500000003,22.041044312850303,4.36187002456178
方式2对齐后,391.921,341.44611499999996,24.089953781222,6.96724470220341
方式2对齐后,392.121,341.646115,23.4540344886547,4.1056169159537195
方式2对齐后,392.321,341.84611500000005,23.9186912870436,5.05691413970192
方式2对齐后,392.521,342.046115,23.219076718800203,5.42405799744383
方式2对齐后,392.721,342.24611500000003,23.3382719234244,3.88719907301528
方式2对齐后,392.921,342.44611499999996,22.4485788370975,3.66742546331708
方式2对齐后,393.121,342.646115,23.278202482184398,2.538598020654179
方式2对齐后,393.321,342.84611500000005,21.8926599593688,4.53130483648539
方式2对齐后,393.521,343.046115,24.0434150745266,5.35202514934491
方式2对齐后,393.721,343.24611500000003,22.5708989934988,6.25776772620382
方式2对齐后,393.921,343.44611499999996,21.0514510643291,4.45018106826908
方式2对齐后,394.121,343.646115,22.036190562273802,5.02862413875536
方式2对齐后,394.321,343.84611500000005,22.0235701048709,4.147645946652149
方式2对齐后,394.521,344.046115,22.7656183245264,4.82910851383597
方式2对齐后,394.721,344.24611500000003,22.281529416846602,5.49206144215983
方式2对齐后,394.921,344.44611499999996,21.8810456693896,4.2920872579784906
方式2对齐后,395.121,344.646115,21.988176483105,4.31108829069451
方式2对齐后,395.321,344.84611500000005,23.5092859596598,3.3842027510186297
方式2对齐后,395.521,345.046115,23.555765995924503,5.05740921078865
方式2对齐后,395.721,345.24611500000003,22.4190143794562,6.22297853963726
方式2对齐后,395.921,345.44611499999996,22.257417044818098,3.7904557880478498
方式2对齐后,396.121,345.646115,23.17256742291,5.92955477820736
方式2对齐后,396.321,345.84611500000005,21.7504094454275,6.02377664170133
方式2对齐后,396.521,346.046115,23.402029733006103,5.28910727690992
方式2对齐后,396.721,346.24611500000003,22.2703156969474,5.24329795542541
方式2对齐后,396.921,346.44611499999996,22.1683855750506,5.461486713879729
方式2对齐后,397.121,346.646115,23.970291786249,4.9431887338186
方式2对齐后,397.321,346.84611500000005,22.777257530735,5.63645219686733
方式2对齐后,397.521,347.046115,22.1870156367171,7.28888585251772
方式2对齐后,397.721,347.24611500000003,22.595477977871,5.43534803612509
方式2对齐后,397.921,347.44611499999996,22.110429663903,5.8316320221760005
方式2对齐后,398.121,347.646115,22.5142452170781,5.2424367533676
方式2对齐后,398.321,347.84611500000005,22.4160858028948,6.10780931359657
方式2对齐后,398.521,348.046115,23.1386813846742,7.59688858840121
方式2对齐后,398.721,348.24611500000003,22.6605633583062,6.26255576202971
方式2对齐后,398.921,348.44611499999996,22.218030412656397,4.60620424082396
方式2对齐后,399.121,348.646115,21.4102511235714,5.74879559422013
方式2对齐后,399.321,348.84611500000005,21.727027868226898,5.06619798844339
方式2对齐后,399.521,349.046115,23.5148863017984,5.40757287849846
方式2对齐后,399.721,349.24611500000003,23.711446167225297,7.19310679205212
方式2对齐后,399.921,349.44611499999996,21.504704853073697,4.69166268023953
方式2对齐后,400.121,349.646115,23.370210815164597,7.04110177703009
方式2对齐后,400.321,349.84611500000005,21.2458785771588,6.11219649578486
方式2对齐后,400.521,350.046115,21.1016408846571,5.48034599195266
方式2对齐后,400.721,350.24611500000003,22.834717237384304,6.14617017792604
方式2对齐后,400.921,350.44611499999996,21.6780662673847,6.75919192511658
方式2对齐后,401.121,350.646115,22.389429672975503,6.5867296652087
方式2对齐后,401.321,350.84611500000005,22.6388983544349,5.63255055631571
方式2对齐后,401.521,351.046115,21.3018007582941,6.23596993985956
方式2对齐后,401.721,351.24611500000003,21.5690065676105,6.30562376359019
方式2对齐后,401.921,351.44611499999996,21.9065028451988,5.22966629482317
方式2对齐后,402.121,351.646115,21.2244066700269,5.173372648028559
方式2对齐后,402.321,351.84611500000005,22.0480262262813,7.20859042111714
方式2对齐后,402.521,352.046115,22.2697634908754,5.58481242205285
方式2对齐后,402.721,352.24611500000003,21.3075219604971,5.37177488923363
方式2对齐后,402.921,352.44611499999996,22.152728550200003,6.14579942689773
方式2对齐后,403.121,352.646115,22.2655510430044,5.79260249134268
方式2对齐后,403.321,352.84611500000005,21.7202213112422,6.63292712552204
方式2对齐后,403.521,353.046115,20.270620536034798,7.18226418401283
方式2对齐后,403.721,353.24611500000003,22.662152725329,8.19856419659343
方式2对齐后,403.921,353.44611499999996,22.2145304293129,5.86478093679323
方式2对齐后,404.121,353.646115,21.476940315868504,6.35122943976829
方式2对齐后,404.321,353.84611500000005,22.4524025323049,6.55098911519725
方式2对齐后,404.521,354.046115,22.307511915661898,7.87780007206627
方式2对齐后,404.721,354.24611500000003,22.032664806524302,5.7963833171111805
方式2对齐后,404.921,354.44611499999996,21.395444784197302,5.50078702125591
方式2对齐后,405.121,354.646115,21.8670643184998,6.1797741489565
方式2对齐后,405.321,354.84611500000005,21.181017935623302,6.69451554347811
方式2对齐后,405.521,355.046115,20.5734422411294,6.81371770458682
方式2对齐后,405.721,355.24611500000003,21.7859518179258,6.06410484844718
方式2对齐后,405.921,355.44611499999996,20.854133316514798,7.13350776891368
方式2对齐后,406.121,355.646115,22.021947206157897,6.00358180536427
方式2对齐后,406.321,355.84611500000005,21.5762817094743,4.80111535483266
方式2对齐后,406.521,356.046115,21.743647354955,5.77786666091139
方式2对齐后,406.721,356.24611500000003,20.872476652225004,6.75615159534765
方式2对齐后,406.921,356.44611499999996,21.4713949253172,5.91142336174485
方式2对齐后,407.121,356.646115,21.3555047413899,5.9437972841006
方式2对齐后,407.321,356.84611500000005,21.308343339119297,6.50729836415528
方式2对齐后,407.521,357.046115,21.9264184877091,5.55543648425339
方式2对齐后,407.721,357.24611500000003,20.824847159171398,6.0467075605673095
方式2对齐后,407.921,357.44611499999996,20.7228961709785,6.45633998917623
方式2对齐后,408.121,357.646115,19.906238976344603,9.22151182409077
方式2对齐后,408.321,357.84611500000005,21.529829628352097,7.12026780754569
方式2对齐后,408.521,358.046115,21.5059649308266,6.64593402559666
方式2对齐后,408.721,358.24611500000003,20.856285883171402,5.95687895948381
方式2对齐后,408.921,358.44611499999996,20.858965080711002,7.7723177585326395
方式2对齐后,409.121,358.646115,20.186563718977503,6.6519828649714
方式2对齐后,409.321,358.84611500000005,22.031785276269197,6.36391034094431
方式2对齐后,409.521,359.046115,20.959737405057602,6.45495702847588
方式2对齐后,409.721,359.24611500000003,21.2269104191533,6.97165960851665
方式2对齐后,409.921,359.44611499999996,20.7451176588501,7.98289532484854
方式2对齐后,410.121,359.646115,21.7408593577035,8.402631491104
方式2对齐后,410.321,359.84611500000005,19.6686761395274,7.35357092603637
方式2对齐后,410.521,360.046115,21.5750645058408,8.81174521972526
方式2对齐后,410.721,360.24611500000003,19.8215495057768,5.91470209394484
方式2对齐后,410.921,360.44611499999996,19.9036895878084,6.5009505743714096
方式2对齐后,411.121,360.646115,20.693483527709,7.9852122358369
方式2对齐后,411.321,360.84611500000005,19.8356968207433,7.80007186028826
方式2对齐后,411.521,361.046115,21.788222959559903,7.49076770805485
方式2对齐后,411.721,361.24611500000003,19.612385426454303,6.59907752641754
方式2对齐后,411.921,361.44611499999996,21.380809146214403,7.32819399789844
方式2对齐后,412.121,361.646115,21.3840960465537,7.54712171154123
方式2对齐后,412.321,361.84611500000005,19.534768564379398,8.74799950219483
方式2对齐后,412.521,362.046115,21.9845774670379,8.95276598757982
方式2对齐后,412.721,362.24611500000003,19.5786244759285,6.9053584003624
方式2对齐后,412.921,362.44611499999996,20.160523762820404,7.04850602414655
方式2对齐后,413.121,362.646115,22.4137594969133,7.3540594538942
方式2对齐后,413.321,362.84611500000005,21.914940852879297,7.32094413041576
方式2对齐后,413.521,363.046115,19.4098365308204,5.037701520032989
方式2对齐后,413.721,363.24611500000003,20.8245416998002,6.27020849102335
方式2对齐后,413.921,363.44611499999996,20.0012971059587,6.95747594464759
方式2对齐后,414.121,363.646115,20.8016091140557,5.67586452271171
方式2对齐后,414.321,363.84611500000005,21.4994437976352,7.6954730993808695
方式2对齐后,414.521,364.046115,20.989740532577997,7.11818244869614
方式2对齐后,414.721,364.24611500000003,20.1716748838462,7.6106024706637
方式2对齐后,414.921,364.44611499999996,20.275676902481102,7.12518930043576
方式2对齐后,415.121,364.646115,20.7328214596439,8.46379674356863
方式2对齐后,415.321,364.84611500000005,21.0572547093129,7.72596675605365
方式2对齐后,415.521,365.046115,20.8562830421983,7.91573747624017
方式2对齐后,415.721,365.24611500000003,20.956560585651204,6.04274021111628
方式2对齐后,415.921,365.44611499999996,19.897431084379903,7.57363401700589
方式2对齐后,416.121,365.646115,21.0413368461614,7.22149236950084
方式2对齐后,416.321,365.84611500000005,19.9833970214734,7.76639515306483
方式2对齐后,416.521,366.046115,20.201281319956202,6.73798532378801
方式2对齐后,416.721,366.24611500000003,19.031052726151103,6.18372224017042
方式2对齐后,416.921,366.44611499999996,21.177922006877303,7.80103858279862
方式2对齐后,417.121,366.646115,20.6941932325514,7.48361889599977
方式2对齐后,417.321,366.84611500000005,19.068928957515098,8.066653662816169
方式2对齐后,417.521,367.046115,18.814742025750903,9.54956219379878
方式2对齐后,417.721,367.24611500000003,20.9966969070451,7.39478937493004
方式2对齐后,417.921,367.44611499999996,19.949131618093702,7.36635618585341
方式2对齐后,418.121,367.646115,18.7398520351775,8.45782157422048
方式2对齐后,418.321,367.84611500000005,20.668496601304298,8.452813273563521
方式2对齐后,418.521,368.046115,19.855664316262,8.483781753384129
方式2对齐后,418.721,368.24611500000003,20.1501980559404,7.79336400869616
方式2对齐后,418.921,368.44611499999996,19.3776849706193,7.94416174691367
方式2对齐后,419.121,368.646115,19.0144621013008,10.532769635217921
方式2对齐后,419.321,368.84611500000005,20.1096105448784,7.08895717663867
方式2对齐后,419.521,369.046115,19.8260411577552,6.92337762841261
方式2对齐后,419.721,369.24611500000003,20.501149753596998,8.92162603186773
方式2对齐后,419.921,369.44611499999996,18.669556400607398,7.66347150280552
方式2对齐后,420.121,369.646115,20.8197560743222,7.8891500708408095
方式2对齐后,420.321,369.84611500000005,20.061679754166697,8.18861996387769
方式2对齐后,420.521,370.046115,20.0430472551815,7.92924604502762
方式2对齐后,420.721,370.24611500000003,17.9698539905109,7.65424974175722
方式2对齐后,420.921,370.44611499999996,20.080616577454997,6.76040593643462
方式2对齐后,421.121,370.646115,20.4449944509432,5.9481289253828
方式2对齐后,421.321,370.84611500000005,18.238867248622803,7.25189768822371
方式2对齐后,421.521,371.046115,20.8094871262684,7.3470861962975
方式2对齐后,421.721,371.24611500000003,19.382306740377302,8.1507851649418
方式2对齐后,421.921,371.44611499999996,17.9769100423428,7.85919202646448
方式2对齐后,422.121,371.646115,19.810436764971698,7.91731798280076
方式2对齐后,422.321,371.84611500000005,19.6311322238141,9.28170586224364
方式2对齐后,422.521,372.046115,19.738737250541703,9.954543060063749
方式2对齐后,422.721,372.24611500000003,17.207738123361203,8.85641061057574
方式2对齐后,422.921,372.44611499999996,18.447744709717902,6.57663434935584
方式2对齐后,423.121,372.646115,19.285618239617904,9.0827887849878
方式2对齐后,423.321,372.84611500000005,19.397861518830602,7.91884081191315
方式2对齐后,423.521,373.046115,17.659061422658098,7.17696559791139
方式2对齐后,423.721,373.24611500000003,19.0329378054154,8.60774646386912
方式2对齐后,423.921,373.44611499999996,18.461668099532098,8.68040984385052
方式2对齐后,424.121,373.646115,18.786566611302703,8.61042491536422
方式2对齐后,424.321,373.84611500000005,18.246195256409003,7.04556701424558
方式2对齐后,424.521,374.046115,17.526504368958797,9.24420148644867
方式2对齐后,424.721,374.24611500000003,19.1637551755596,8.31925198330061
方式2对齐后,424.921,374.44611499999996,17.107876628086004,7.60935560120933
方式2对齐后,425.121,374.646115,18.6761100768652,9.10548030964871
方式2对齐后,425.321,374.84611500000005,17.933977270598298,7.52899020203648
方式2对齐后,425.521,375.046115,18.669142852936304,8.74573243596139
方式2对齐后,425.721,375.24611500000003,18.7466264454331,8.8810693381274
方式2对齐后,425.921,375.44611499999996,18.243167429779803,6.68745513243464
方式2对齐后,426.121,375.646115,18.9170542261145,6.60427109860062
方式2对齐后,426.321,375.84611500000005,18.146173487932103,7.77441361427982
方式2对齐后,426.521,376.046115,18.973606250467903,9.16119994218259
方式2对齐后,426.721,376.24611500000003,17.827812612002504,9.85667515797179
方式2对齐后,426.921,376.44611499999996,16.4908270355754,8.53839650222848
方式2对齐后,427.121,376.646115,17.7556106320161,8.59459469369161
方式2对齐后,427.321,376.84611500000005,16.531919438158,8.65916209082029
方式2对齐后,427.521,377.046115,19.9122141681151,8.336996064441191
方式2对齐后,427.721,377.24611500000003,17.5016051949506,8.38497596036079
方式2对齐后,427.921,377.44611499999996,18.0436663787779,8.31330345099408
方式2对齐后,428.121,377.646115,16.1737408527448,10.02497980513759
方式2对齐后,428.321,377.84611500000005,18.038480803563502,7.3019896134654
方式2对齐后,428.521,378.046115,19.6004209693277,9.136047353919011
方式2对齐后,428.721,378.24611500000003,18.065404898261498,8.940207546308521
方式2对齐后,428.921,378.44611499999996,16.1018793213985,9.10713912382341
方式2对齐后,429.121,378.646115,17.098262113406903,8.27293616179076
方式2对齐后,429.321,378.84611500000005,18.159219850125503,8.858894161731751
方式2对齐后,429.521,379.046115,18.2325364135567,9.68930052903126
方式2对齐后,429.721,379.24611500000003,17.127664546937197,8.83508117025119
方式2对齐后,429.921,379.44611499999996,18.6184669457066,8.08196145358062
方式2对齐后,430.121,379.646115,16.931072497945898,7.0104911228357
方式2对齐后,430.321,379.84611500000005,16.573649461421503,9.28119657636935
方式2对齐后,430.521,380.046115,16.5663596617048,9.986519107416001
方式2对齐后,430.721,380.24611500000003,17.868629361392898,8.93843765014258
方式2对齐后,430.921,380.44611499999996,16.507465980536402,8.736180131156111
方式2对齐后,431.121,380.646115,17.0188413232639,9.60480210249202
方式2对齐后,431.321,380.84611500000005,16.707261619422503,10.253255002716429
方式2对齐后,431.521,381.046115,17.7636905271427,9.16054362124368
方式2对齐后,431.721,381.24611500000003,16.270118419072503,7.14726986226416
方式2对齐后,431.921,381.44611499999996,17.0465730928117,9.637868186862761
方式2对齐后,432.121,381.646115,16.5798269389079,9.34878811898181
方式2对齐后,432.321,381.84611500000005,19.0545035793115,8.956509812373419
方式2对齐后,432.521,382.046115,17.9626764650096,8.54578197591446
方式2对齐后,432.721,382.24611500000003,17.9896327113482,8.99009609221402
方式2对齐后,432.921,382.44611499999996,16.6514337316233,9.74229276426982
方式2对齐后,433.121,382.646115,16.330126768849503,8.62897578284705
方式2对齐后,433.321,382.84611500000005,17.1805501353205,10.12664694463085
方式2对齐后,433.521,383.046115,15.442733524277399,10.02868299681506
方式2对齐后,433.721,383.24611500000003,16.2857401883524,9.12732992129866
方式2对齐后,433.921,383.44611499999996,15.356392041316399,9.40026540394234
方式2对齐后,434.121,383.646115,16.496173774355398,9.321726210022529
方式2对齐后,434.321,383.84611500000005,17.3421054050115,9.59062133527612
方式2对齐后,434.521,384.046115,16.544204526204297,8.072103070900269
方式2对齐后,434.721,384.24611500000003,16.3455176211394,8.83601220901712
方式2对齐后,434.921,384.44611499999996,15.312838787167498,9.833313701506029
方式2对齐后,435.121,384.646115,15.2135947061356,7.9890467243118
方式2对齐后,435.321,384.84611500000005,16.060013781025297,8.88442867572406
方式2对齐后,435.521,385.046115,16.532661453193498,10.083609753846119
方式2对齐后,435.721,385.24611500000003,16.8616788846454,9.337915118511031
方式2对齐后,435.921,385.44611499999996,16.3719588737681,9.14726812449679
方式2对齐后,436.121,385.646115,17.260304804235297,10.205330191803569
方式2对齐后,436.321,385.84611500000005,16.221144858504303,7.72533254883817
方式2对齐后,436.521,386.046115,15.6398407927733,10.185362416065711
方式2对齐后,436.721,386.24611500000003,17.123516869675,8.479834285390911
方式2对齐后,436.921,386.44611499999996,16.059211422402598,10.112351430137899
方式2对齐后,437.121,386.646115,17.476091641522103,9.155573510341409
方式2对齐后,437.321,386.84611500000005,17.139200448801,9.8756313299195
方式2对齐后,437.521,387.046115,13.8979435430668,9.14365183307879
方式2对齐后,437.721,387.24611500000003,15.205442333343099,10.48814949141713
方式2对齐后,437.921,387.44611499999996,13.711407178430099,8.96705768853343
方式2对齐后,438.121,387.646115,14.6402278378866,8.468073823625101
方式2对齐后,438.321,387.84611500000005,16.0742983672844,9.58193092138856
方式2对齐后,438.521,388.046115,15.2091869829947,9.01588682217217
方式2对齐后,438.721,388.24611500000003,16.047208861798303,8.396808795701759
方式2对齐后,438.921,388.44611499999996,14.6198189797404,8.554025882592189
方式2对齐后,439.121,388.646115,15.6910588196741,8.83771291982813
方式2对齐后,439.321,388.84611500000005,15.0279297339888,9.115896863329759
方式2对齐后,439.521,389.046115,14.938260030300802,9.646943324778999
方式2对齐后,439.721,389.24611500000003,15.986044596050201,9.630264194612291
方式2对齐后,439.921,389.44611499999996,14.2887252103901,9.409077166114951
方式2对齐后,440.121,389.646115,14.6238557241275,7.8046721206454
方式2对齐后,440.321,389.84611500000005,16.358358809014902,10.09418289126392
方式2对齐后,440.521,390.046115,16.609648096112203,9.05136490319269
方式2对齐后,440.721,390.24611500000003,15.741009398026799,9.28661683285563
方式2对齐后,440.921,390.44611499999996,14.474918389582,8.312330985777841
方式2对齐后,441.121,390.646115,12.6734098818434,10.336115733280838
方式2对齐后,441.321,390.84611500000005,13.770466546183199,9.64084103262785
方式2对齐后,441.521,391.046115,14.1897499502553,10.093749624834231
方式2对齐后,441.721,391.24611500000003,14.5878982458625,8.792920882211181
方式2对齐后,441.921,391.44611499999996,14.353427875324302,8.986683304787029
方式2对齐后,442.121,391.646115,13.672149915409902,9.59283848293849
方式2对齐后,442.321,391.84611500000005,16.5232087542225,9.37044331265152
方式2对齐后,442.521,392.046115,13.146511400932999,8.07627508580154
方式2对齐后,442.721,392.24611500000003,15.560402220287502,8.88239267315876
方式2对齐后,442.921,392.44611499999996,15.5733157788596,8.80367840694616
方式2对齐后,443.121,392.646115,14.9942353647226,11.645269803888041
方式2对齐后,443.321,392.84611500000005,12.766088231471299,9.329145174472721
方式2对齐后,443.521,393.046115,13.956061973153199,8.66982259881516
方式2对齐后,443.721,393.24611500000003,13.77999184381,9.412222750454571
方式2对齐后,443.921,393.44611499999996,14.471907352159201,10.53202600065508
方式2对齐后,444.121,393.646115,15.0019412502623,8.926036371038421
方式2对齐后,444.321,393.84611500000005,13.042632027338302,8.74593487967223
方式2对齐后,444.521,394.046115,15.1828382639782,10.1114041751411
方式2对齐后,444.721,394.24611500000003,15.0349834326539,8.85841515606339
方式2对齐后,444.921,394.44611499999996,12.5575168848053,9.76895748489004
方式2对齐后,445.121,394.646115,14.1389885483008,10.62023254550693
方式2对齐后,445.321,394.84611500000005,12.695181631041399,9.36105609787462
方式2对齐后,445.521,395.046115,14.51439591124,10.73567987332137
方式2对齐后,445.721,395.24611500000003,14.060502927095,9.38388742862426
方式2对齐后,445.921,395.44611499999996,13.2455004867308,8.47440091108989
方式2对齐后,446.121,395.646115,13.296406738105299,9.37298524594155
方式2对齐后,446.321,395.84611500000005,12.8632858183503,10.173819843314728
方式2对齐后,446.521,396.046115,12.2037940565644,8.19449907155022
方式2对齐后,446.721,396.24611500000003,12.4867186903254,9.124878931075589
方式2对齐后,446.921,396.44611499999996,12.943696382335999,9.63811610909992
方式2对齐后,447.121,396.646115,15.105851136907399,9.70888781826202
方式2对齐后,447.321,396.84611500000005,12.0591622529816,9.56560163634111
方式2对齐后,447.521,397.046115,13.9121748522553,9.64853650667891
方式2对齐后,447.721,397.24611500000003,12.1303538834112,8.50626282541362
方式2对齐后,447.921,397.44611499999996,12.940469293479302,8.17888598012803
方式2对齐后,448.121,397.646115,13.0023553508842,10.058910713846881
方式2对齐后,448.321,397.84611500000005,11.981779195041,11.213537853825901
方式2对齐后,448.521,398.046115,11.6591938391693,9.848397554983372
方式2对齐后,448.721,398.24611500000003,13.180134993142902,10.13285582127303
方式2对齐后,448.921,398.44611499999996,13.9156552192353,9.02395460261297
方式2对齐后,449.121,398.646115,12.449800207104,8.70360132565108
方式2对齐后,449.321,398.84611500000005,13.679398738572099,9.39877913773362
方式2对齐后,449.521,399.046115,12.691011727404499,9.459526674248519
方式2对齐后,449.721,399.24611500000003,12.9072420212042,8.51653866016596
方式2对齐后,449.921,399.44611499999996,12.1042831993972,9.01542837173849
方式2对齐后,450.121,399.646115,10.4806154257263,10.079825692249688
方式2对齐后,450.321,399.84611500000005,12.2963298465066,9.422345149670189
方式2对齐后,450.521,400.046115,11.802707311050801,9.30074617777895
方式2对齐后,450.721,400.24611500000003,12.430538832088,10.232961236056589
方式2对齐后,450.921,400.44611499999996,12.501368384162,9.62807794884803
方式2对齐后,451.121,400.646115,11.915197368879701,9.86864248887063
方式2对齐后,451.321,400.84611500000005,11.7058156587012,9.12388331168506
方式2对齐后,451.521,401.046115,12.4885251069995,7.84487315882732
方式2对齐后,451.721,401.24611500000003,11.5259267436044,8.3262406300395
方式2对齐后,451.921,401.44611499999996,12.1062193458274,10.44675667634187
方式2对齐后,452.121,401.646115,12.4401094954303,10.65312932000258
方式2对齐后,452.321,401.84611500000005,11.6387146712577,10.443309705216581
方式2对齐后,452.521,402.046115,12.3843779229624,8.50336241400116
方式2对齐后,452.721,402.24611500000003,11.5950705768095,8.17288358308683
方式2对齐后,452.921,402.44611499999996,11.5366147719568,11.810877693417371
方式2对齐后,453.121,402.646115,12.548132945847199,9.48957196529468
方式2对齐后,453.321,402.84611500000005,12.0221990965463,12.591265917785599
方式2对齐后,453.521,403.046115,11.071284759783,10.365707183377921
方式2对齐后,453.721,403.24611500000003,11.888311026525301,11.665098567926961
方式2对齐后,453.921,403.44611499999996,11.4856329404532,9.71689075479941
方式2对齐后,454.121,403.646115,11.0957487747026,10.113269418546981
方式2对齐后,454.321,403.84611500000005,10.695526835076,9.974619857720821
方式2对齐后,454.521,404.046115,10.9863345903339,9.7253738654639
方式2对齐后,454.721,404.24611500000003,11.6201910374702,10.9196790922214
方式2对齐后,454.921,404.44611499999996,10.2272437943293,9.76019499129865
方式2对齐后,455.121,404.646115,11.4315341220408,9.69182367647797
方式2对齐后,455.321,404.84611500000005,11.3977987192624,10.58147246833136
方式2对齐后,455.521,405.046115,11.367789989912,9.73727948305539
方式2对齐后,455.721,405.24611500000003,11.510752176704301,8.18902961971823
方式2对齐后,455.921,405.44611499999996,11.1900515510792,9.06648110504742
方式2对齐后,456.121,405.646115,9.0431155329412,10.07580010771072
方式2对齐后,456.321,405.84611500000005,11.3036034228485,8.981080354550791
方式2对齐后,456.521,406.046115,11.5211058535699,10.359755870413991
方式2对齐后,456.721,406.24611500000003,12.331716882009001,8.74913778872035
方式2对齐后,456.921,406.44611499999996,9.4237299832035,10.967684268060768
方式2对齐后,457.121,406.646115,11.8400393235972,10.30229469920991
方式2对齐后,457.321,406.84611500000005,10.0799845321993,10.65365313617675
方式2对齐后,457.521,407.046115,10.5258120663007,9.188143383150951
方式2对齐后,457.721,407.24611500000003,9.4181396507337,9.68461360810357
方式2对齐后,457.921,407.44611499999996,9.793450990498,10.58472383750497
方式2对齐后,458.121,407.646115,10.6071671202986,10.238673070088211
方式2对齐后,458.321,407.84611500000005,9.6816743393138,9.57691878432168
方式2对齐后,458.521,408.046115,8.80296489951,10.691944956543129
方式2对齐后,458.721,408.24611500000003,10.9354302619167,10.440817452496749
方式2对齐后,458.921,408.44611499999996,9.7130726138848,10.21780415776615
方式2对齐后,459.121,408.646115,10.7083009814848,8.7222964081942
方式2对齐后,459.321,408.84611500000005,8.9927962379119,10.232987364153711
方式2对齐后,459.521,409.046115,10.0536048023955,10.899040922044481
方式2对齐后,459.721,409.24611500000003,10.6270514271975,10.623585159167881
方式2对齐后,459.921,409.44611499999996,8.8056171803712,9.39818404156502
方式2对齐后,460.121,409.646115,10.0564877650881,10.47902892858653
方式2对齐后,460.321,409.84611500000005,9.433355743426901,11.406546091819951
方式2对齐后,460.521,410.046115,8.649502127934,9.44197474489909
方式2对齐后,460.721,410.24611500000003,10.3824454576423,9.06507564721272
方式2对齐后,460.921,410.44611499999996,11.9276185645113,9.82677682398906
方式2对齐后,461.121,410.646115,8.952040944239501,9.600441054465911
方式2对齐后,461.321,410.84611500000005,10.4358896451239,9.36908236780973
方式2对齐后,461.521,411.046115,9.3042709813984,9.61222973771132
方式2对齐后,461.721,411.24611500000003,9.5013530309225,10.119167900396231
方式2对齐后,461.921,411.44611499999996,9.6412395293203,9.81969512228272
方式2对齐后,462.121,411.646115,9.1488438175433,10.461260086911992
方式2对齐后,462.321,411.84611500000005,8.1736128416615,9.80337219582009
方式2对齐后,462.521,412.046115,9.6680378111012,11.9890853570095
方式2对齐后,462.721,412.24611500000003,9.4946539131652,9.92852797782022
方式2对齐后,462.921,412.44611499999996,9.1650912002696,10.679673738133701
方式2对齐后,463.121,412.646115,9.384681268022,8.951152725563059
方式2对齐后,463.321,412.84611500000005,8.4021713374303,9.29127075461782
方式2对齐后,463.521,413.046115,9.2680006943053,10.567351893701161
方式2对齐后,463.721,413.24611500000003,10.2984119521829,10.572735346298948
方式2对齐后,463.921,413.44611499999996,10.1924906957176,10.13063150886687
方式2对齐后,464.121,413.646115,8.4238577274337,11.199910896969328
方式2对齐后,464.321,413.84611500000005,8.9149582614083,10.15296580451913
方式2对齐后,464.521,414.046115,8.4625927497241,9.72987399193689
方式2对齐后,464.721,414.24611500000003,8.840894230163,10.412256605397928
方式2对齐后,464.921,414.44611499999996,9.2050048063552,9.51078985434445
方式2对齐后,465.121,414.646115,8.5646065148533,9.22229587812923
方式2对齐后,465.321,414.84611500000005,8.213452242492,10.266475239414081
方式2对齐后,465.521,415.046115,9.7476131145408,10.373390940241318
方式2对齐后,465.721,415.24611500000003,7.078418463279601,9.420017910323299
方式2对齐后,465.921,415.44611499999996,7.464979145247101,9.69411987616419
方式2对齐后,466.121,415.646115,8.4136379752157,10.07023801860651
方式2对齐后,466.321,415.84611500000005,9.0176194859189,11.366265768157302
方式2对齐后,466.521,416.046115,7.820669975199101,11.082228722165869
方式2对齐后,466.721,416.24611500000003,8.0701180836759,10.125198215525941
方式2对齐后,466.921,416.44611499999996,7.2771497996633006,8.925649102448059
方式2对齐后,467.121,416.646115,7.352255486882401,10.02086806519901
方式2对齐后,467.321,416.84611500000005,8.261664130471,9.442365294591049
方式2对齐后,467.521,417.046115,8.4174971293155,10.16012968233986
方式2对齐后,467.721,417.24611500000003,7.623340764269301,10.62425254270288
方式2对齐后,467.921,417.44611499999996,7.7783402930049,9.917754287751851
方式2对齐后,468.121,417.646115,8.2886756915395,9.8250396881281
方式2对齐后,468.321,417.84611500000005,8.3878327690386,8.973307453474419
方式2对齐后,468.521,418.046115,7.6879940821426,10.566610833141048
方式2对齐后,468.721,418.24611500000003,7.905482435625601,10.403955039846728
方式2对齐后,468.921,418.44611499999996,6.3495240924563205,9.63691749209655
方式2对齐后,469.121,418.646115,6.366951246964881,8.78409090835165
方式2对齐后,469.321,418.84611500000005,7.364587341164901,10.63754215725669
方式2对齐后,469.521,419.046115,8.0694383947878,9.10858189685141
方式2对齐后,469.721,419.24611500000003,8.9850273233754,9.00125923171706
方式2对齐后,469.921,419.44611499999996,6.682652548397801,10.540292759293688
方式2对齐后,470.121,419.646115,7.5751242437276005,10.342810386986269
方式2对齐后,470.321,419.84611500000005,7.171194461005701,9.80991023651624
方式2对齐后,470.521,420.046115,7.9273482151295,9.4032758392572
方式2对齐后,470.721,420.24611500000003,7.173275474439,9.78130282123395
方式2对齐后,470.921,420.44611499999996,8.6736001323685,10.338773249484522
方式2对齐后,471.121,420.646115,7.7783085390135,9.800947958709951
方式2对齐后,471.321,420.84611500000005,6.6198414187143,10.655422839852651
方式2对齐后,471.521,421.046115,6.6502861425554,9.43609312011896
方式2对齐后,471.721,421.24611500000003,6.301252302818421,9.35044575292793
方式2对齐后,471.921,421.44611499999996,6.706257997261801,7.25340642028626
方式2对齐后,472.121,421.646115,7.674305259403701,10.37095455678261
方式2对齐后,472.321,421.84611500000005,5.848818289772991,11.16479294899581
方式2对齐后,472.521,422.046115,7.4174571126711,9.10704626939671
方式2对齐后,472.721,422.24611500000003,7.1726612364497,10.398917023165879
方式2对齐后,472.921,422.44611499999996,5.818396461690121,10.409485341267839
方式2对齐后,473.121,422.646115,7.132629089314101,9.969585003963989
方式2对齐后,473.321,422.84611500000005,7.0902850439199,8.2441446177782
方式2对齐后,473.521,423.046115,7.901414486436501,10.51331063730019
方式2对齐后,473.721,423.24611500000003,5.816776333610131,10.92059798160017
方式2对齐后,473.921,423.44611499999996,4.969040442160381,9.47332832388939
方式2对齐后,474.121,423.646115,5.27109476530992,8.74912084602345
方式2对齐后,474.321,423.84611500000005,6.571518329803,11.03059842233737
方式2对齐后,474.521,424.046115,6.9693290104917995,10.726055400788091
方式2对齐后,474.721,424.24611500000003,7.496583686504399,10.064088086749589
方式2对齐后,474.921,424.44611499999996,4.91688084729279,9.08731084339593
方式2对齐后,475.121,424.646115,6.8373456451669,9.92889723719001
方式2对齐后,475.321,424.84611500000005,6.604932776885001,9.828016814573509
方式2对齐后,475.521,425.046115,5.388133671576121,8.546333905533551
方式2对齐后,475.721,425.24611500000003,5.68999180768251,8.77879474111613
方式2对齐后,475.921,425.44611499999996,7.726583808633901,6.82359968669569
方式2对齐后,476.121,425.646115,5.04708769385363,9.49628457004291
方式2对齐后,476.321,425.84611500000005,6.0917327349293,10.284380732914151
方式2对齐后,476.521,426.046115,5.183360023595,9.868816288166428
方式2对齐后,476.721,426.24611500000003,5.01743498563726,8.82901412427236
方式2对齐后,476.921,426.44611499999996,6.976101551031601,8.901422898726189
方式2对齐后,477.121,426.646115,5.461301180783611,10.686059143032178
方式2对齐后,477.321,426.84611500000005,5.67351673019531,10.445991017109389
方式2对齐后,477.521,427.046115,4.52215141775703,10.70005380080314
方式2对齐后,477.721,427.24611500000003,5.555149794660231,8.96634071025801
方式2对齐后,477.921,427.44611499999996,4.026576925748031,9.84264062454444
方式2对齐后,478.121,427.646115,4.04345243222794,10.25956322686957
方式2对齐后,478.321,427.84611500000005,5.26829733092503,9.98189010119751
方式2对齐后,478.521,428.046115,4.58378823677786,8.36722508967028
方式2对齐后,478.721,428.24611500000003,5.788673220994671,9.40011558029474
方式2对齐后,478.921,428.44611499999996,4.31327510428975,12.340952958640699
方式2对齐后,479.121,428.646115,5.76823039146549,9.80061190829473
方式2对齐后,479.321,428.84611500000005,4.706910786600881,9.25381923163398
方式2对齐后,479.521,429.046115,4.27036429462886,11.42346529129447
方式2对齐后,479.721,429.24611500000003,4.45415406903255,8.8127641450318
方式2对齐后,479.921,429.44611499999996,6.13826987040553,8.74528256221201
方式2对齐后,480.121,429.646115,5.26797385850953,9.312572230068689
方式2对齐后,480.321,429.84611500000005,5.544322684218141,9.93376602244265
方式2对齐后,480.521,430.046115,5.77193835019704,8.15555161859579
方式2对齐后,480.721,430.24611500000003,6.253762856559501,8.39732442067721
方式2对齐后,480.921,430.44611499999996,5.440346639086421,9.44440312034359
方式2对齐后,481.121,430.646115,4.724393525923929,9.87609059256592
方式2对齐后,481.321,430.84611500000005,4.08001860846014,8.1910823842533
方式2对齐后,481.521,431.046115,5.352912988429111,10.081603074985669
方式2对齐后,481.721,431.24611500000003,3.05000625083746,9.99961725201291
方式2对齐后,481.921,431.44611499999996,4.94565515342134,7.81072138061395
方式2对齐后,482.121,431.646115,5.2612205938791,8.79441487401078
方式2对齐后,482.321,431.84611500000005,4.12813617106229,7.93385440396742
方式2对齐后,482.521,432.046115,3.7579187177596305,9.4770277937294
方式2对齐后,482.721,432.24611500000003,3.09950143213859,9.25415394074501
方式2对齐后,482.921,432.44611499999996,3.6289050627631,9.70652198887176
方式2对齐后,483.121,432.646115,2.66583974910914,9.300295407413401
方式2对齐后,483.321,432.84611500000005,3.96425566228723,9.067496542293899
方式2对齐后,483.521,433.046115,3.17059055572999,9.82676174445563
方式2对齐后,483.721,433.24611500000003,4.5686184686110405,9.480599454052179
方式2对齐后,483.921,433.44611499999996,2.9378010738268703,9.691693464537611
方式2对齐后,484.121,433.646115,3.5321769803761205,9.375167119116579
方式2对齐后,484.321,433.84611500000005,4.42818792399718,10.255354574707958
方式2对齐后,484.521,434.046115,3.12956680805405,8.73032788698502
方式2对齐后,484.721,434.24611500000003,3.0759933669810504,9.92332178533282
方式2对齐后,484.921,434.44611499999996,4.64390521741031,9.73340882723988
方式2对齐后,485.121,434.646115,3.52074655443701,8.22468676340539
方式2对齐后,485.321,434.84611500000005,6.1707008371866205,8.747868285695429
方式2对齐后,485.521,435.046115,3.34385530049176,9.62048371145532
方式2对齐后,485.721,435.24611500000003,3.0215128548313004,9.66700992512394
方式2对齐后,485.921,435.44611499999996,3.8359448118232704,8.99599312915894
方式2对齐后,486.121,435.646115,3.8141469831055304,9.41367486110802
方式2对齐后,486.321,435.84611500000005,3.55296780475254,8.54112741194161
方式2对齐后,486.521,436.046115,3.3240386218999403,10.47715510766215
方式2对齐后,486.721,436.24611500000003,3.37952497980645,8.488779176277891
方式2对齐后,486.921,436.44611499999996,3.4595656259283105,10.669156135596161
方式2对齐后,487.121,436.646115,3.6548579355802,10.05130971241417
方式2对齐后,487.321,436.84611500000005,3.5245526445672404,9.069678606955751
方式2对齐后,487.521,437.046115,4.1731469364001805,9.665180287321139
方式2对齐后,487.721,437.24611500000003,2.91047211198197,8.0626398408856
方式2对齐后,487.921,437.44611499999996,2.18831916022502,8.49308586615292
方式2对齐后,488.121,437.646115,2.4943098021042704,7.90158143429575
方式2对齐后,488.321,437.84611500000005,2.5952246985677903,9.47767700930814
方式2对齐后,488.521,438.046115,1.39367029739729,9.3816293146164
方式2对齐后,488.721,438.24611500000003,2.35340739954571,8.45302886063996
方式2对齐后,488.921,438.44611499999996,3.32156228046738,8.57618673975836
方式2对齐后,489.121,438.646115,2.00978637015373,9.34505485338928
方式2对齐后,489.321,438.84611500000005,3.8088080137594105,7.97924740714221
方式2对齐后,489.521,439.046115,2.7521209733401806,8.6330314756018
方式2对齐后,489.721,439.24611500000003,0.98342785026139,8.30933295097283
方式2对齐后,489.921,439.44611499999996,2.8617973491203506,8.62893634416937
方式2对齐后,490.121,439.646115,2.22213707397525,8.67553617001317
方式2对齐后,490.321,439.84611500000005,2.84729336872829,8.14002177590589
方式2对齐后,490.521,440.046115,1.35094419138382,8.30754150546229
方式2对齐后,490.721,440.24611500000003,2.9328877875132005,8.25914677720575
方式2对齐后,490.921,440.44611499999996,2.23323261478808,8.47612215559668
方式2对齐后,491.121,440.646115,2.1130788814199306,8.41818251803133
方式2对齐后,491.321,440.84611500000005,1.6569839477685901,8.39414468329917
方式2对齐后,491.521,441.046115,2.92358923384673,8.097496121479601
方式2对齐后,491.721,441.24611500000003,1.20308959344748,7.28320039509891
方式2对齐后,491.921,441.44611499999996,1.4062687406187706,8.70575124007112
方式2对齐后,492.121,441.646115,1.95593694956351,9.30361101581196
方式2对齐后,492.321,441.84611500000005,3.48040005599759,7.60233282566128
方式2对齐后,492.521,442.046115,1.34407970743427,8.8392282638919
方式2对齐后,492.721,442.24611500000003,0.9113548630618906,8.682527345913119
方式2对齐后,492.921,442.44611499999996,1.2939830973032906,8.08405419437482
方式2对齐后,493.121,442.646115,2.3872599643074803,7.14448557945721
方式2对齐后,493.321,442.84611500000005,1.8987216842013401,9.183958735767071
方式2对齐后,493.521,443.046115,0.7724159101554706,7.78663570274151
方式2对齐后,493.721,443.24611500000003,0.9498282023588498,7.5242844633773895
方式2对齐后,493.921,443.44611499999996,3.33024833810887,8.870215948974469
方式2对齐后,494.121,443.646115,2.1518001744993605,8.428373390977239
方式2对齐后,494.321,443.84611500000005,1.7418491066442305,7.55292960726751
方式2对齐后,494.521,444.046115,1.1328131450857999,8.65396918643099
方式2对齐后,494.721,444.24611500000003,1.6600470006797403,6.83773298953369
方式2对齐后,494.921,444.44611499999996,0.9321048906188603,9.03555352417921
方式2对齐后,495.121,444.646115,2.0092943745239404,8.61217132473387
方式2对齐后,495.321,444.84611500000005,1.3480801557999698,8.254464468278659
方式2对齐后,495.521,445.046115,0.20271380787891013,7.68163046784526
方式2对齐后,495.721,445.24611500000003,-0.5590636085330396,8.50362967256983
方式2对齐后,495.921,445.44611499999996,2.21913575931793,9.01179895736524
方式2对齐后,496.121,445.646115,1.1671814470172999,7.51459633072979
方式2对齐后,496.321,445.84611500000005,1.1024663789118403,9.10455775400111
方式2对齐后,496.521,446.046115,0.6330764525847004,7.69945673163816
方式2对齐后,496.721,446.24611500000003,0.97419329704619,8.61675831328642
方式2对齐后,496.921,446.44611499999996,0.9538289187483802,8.85890257444218
方式2对齐后,497.121,446.646115,0.22294197792422032,7.57860682335541
方式2对齐后,497.321,446.84611500000005,1.3431792082199703,8.22567706874447
方式2对齐后,497.521,447.046115,2.2558371889102204,8.13261845090817
方式2对齐后,497.721,447.24611500000003,0.030252141686060163,8.31114345993019
方式2对齐后,497.921,447.44611499999996,0.7101385267068103,7.48360972472987
方式2对齐后,498.121,447.646115,1.0739436291932005,9.12062285921645
方式2对齐后,498.321,447.84611500000005,-0.26829535983309993,7.35163154079736
方式2对齐后,498.521,448.046115,-0.7119171103740798,7.80367797639207
方式2对齐后,498.721,448.24611500000003,-0.14086371445285994,8.29465561184451
方式2对齐后,498.921,448.44611499999996,0.30892741762524034,7.49001008021663
方式2对齐后,499.121,448.646115,0.9041042346766206,8.73035073901468
方式2对齐后,499.321,448.84611500000005,-1.5234562458093899,9.2266351139023
方式2对齐后,499.521,449.046115,1.1171569849936303,8.57217491412889
方式2对齐后,499.721,449.24611500000003,-0.8191049899784897,8.05005362649701
方式2对齐后,499.921,449.44611499999996,0.006599356201760109,8.852722958207
方式2对齐后,500.121,449.646115,0.06684555707343032,8.67273543182654
方式2对齐后,500.321,449.84611500000005,-0.36777748861285,7.8986860772407
方式2对齐后,500.521,450.046115,-0.9087650387409396,8.029394496818991
方式2对齐后,500.721,450.24611500000003,1.2372642869691406,9.338852436045201
方式2对齐后,500.921,450.44611499999996,0.29048183602833033,6.26357170589237
方式2对齐后,501.121,450.646115,1.0348119983874398,6.67134336453583
方式2对齐后,501.321,450.84611500000005,0.5368982751815903,7.42337284011571
方式2对齐后,501.521,451.046115,-0.025289868216979983,7.73398784163505
方式2对齐后,501.721,451.24611500000003,-1.6738893518428297,8.37432139870177
方式2对齐后,501.921,451.44611499999996,-0.18321070376780968,8.73094583477077
方式2对齐后,502.121,451.646115,-0.8574866159527197,8.05826988459342
方式2对齐后,502.321,451.84611500000005,0.6535599002071102,6.80522103816278
方式2对齐后,502.521,452.046115,-0.3158908071062796,7.22693013030565
方式2对齐后,502.721,452.24611500000003,-0.5476744220538596,8.59243858947077
方式2对齐后,502.921,452.44611499999996,-0.038227305292819924,6.90193031716671
方式2对齐后,503.121,452.646115,-1.0853899972304997,8.30398922979016
方式2对齐后,503.321,452.84611500000005,-0.95608358302312,8.68991124589288
方式2对齐后,503.521,453.046115,-0.8301862804391198,6.89546774506389
方式2对齐后,503.721,453.24611500000003,-0.6615021196670896,8.75365646140005
方式2对齐后,503.921,453.44611499999996,0.12923145283016035,7.98277130308501
方式2对齐后,504.121,453.646115,-0.64200854146954,7.4231993794096
方式2对齐后,504.321,453.84611500000005,-0.08825051862966982,8.737627582084919
方式2对齐后,504.521,454.046115,-0.9787425701434898,7.23532616514272
方式2对齐后,504.721,454.24611500000003,0.7106687111824002,6.56931508741318
方式2对齐后,504.921,454.44611499999996,-1.0011034298290498,7.05030718646708
方式2对齐后,505.121,454.646115,1.5609160995467803,7.72813436343649
方式2对齐后,505.321,454.84611500000005,-0.9995477072034298,7.78284866232515
方式2对齐后,505.521,455.046115,-0.6302580226139196,6.50567757129636
方式2对齐后,505.721,455.24611500000003,-0.2912329126226796,6.54080633431803
方式2对齐后,505.921,455.44611499999996,0.05153162186129023,7.83717323897263
方式2对齐后,506.121,455.646115,-1.0123999917591697,7.50712072424934
方式2对齐后,506.321,455.84611500000005,-2.5337785921476765,5.6313306514656105
方式2对齐后,506.521,456.046115,0.8592587636541902,7.90992887226163
方式2对齐后,506.721,456.24611500000003,-0.023824399498369786,7.70194985889362
方式2对齐后,506.921,456.44611499999996,-1.3245704629842296,5.75142102694906
方式2对齐后,507.121,456.646115,-1.2090815066546297,8.14661869323656
方式2对齐后,507.321,456.84611500000005,-2.0184837336806796,7.93980485115742
方式2对齐后,507.521,457.046115,-0.7846906117574899,6.62266815367324
方式2对齐后,507.721,457.24611500000003,-1.02601481678045,7.18300238596209
方式2对齐后,507.921,457.44611499999996,-0.7419913888010599,8.233817724238769
方式2对齐后,508.121,457.646115,-1.5648113627205897,7.9147442206478
方式2对齐后,508.321,457.84611500000005,-2.46865073285253,8.03377523797678
方式2对齐后,508.521,458.046115,-0.48651829569275984,6.61651115758075
方式2对齐后,508.721,458.24611500000003,-1.37489126337181,7.08038977578254
方式2对齐后,508.921,458.44611499999996,-0.8986303896341399,7.10545559351645
方式2对齐后,509.121,458.646115,-1.1815767456831296,7.92588965412517
方式2对齐后,509.321,458.84611500000005,-0.8610604922307399,8.02748565391577
方式2对齐后,509.521,459.046115,-0.52849818578974,7.84807345197585
方式2对齐后,509.721,459.24611500000003,-2.12287867254663,6.69878110818333
方式2对齐后,509.921,459.44611499999996,0.11202457418115008,6.82167683053658
方式2对齐后,510.121,459.646115,-1.2950599615792497,5.64651922216233
方式2对齐后,510.321,459.84611500000005,-2.59742510099855,6.68018419975844
方式2对齐后,510.521,460.046115,-0.13367889821240997,6.1103250065362
方式2对齐后,510.721,460.24611500000003,-0.6284548843220699,7.41838179543916
方式2对齐后,510.921,460.44611499999996,-1.1215697754810496,6.13981056499043
方式2对齐后,511.121,460.646115,-1.54252608912693,6.66397695502356
方式2对齐后,511.321,460.84611500000005,-1.30752724613567,5.75500883850522
方式2对齐后,511.521,461.046115,-2.5533328817399537,5.424405724806849
方式2对齐后,511.721,461.24611500000003,-2.1658654489462696,7.07216830950891
方式2对齐后,511.921,461.44611499999996,-0.6779010525549798,5.93271159075674
方式2对齐后,512.121,461.646115,-1.0134636283623197,7.14393760295966
方式2对齐后,512.321,461.84611500000005,-3.1100448444494546,5.64933013762437
方式2对齐后,512.521,462.046115,-1.44401015680551,6.09381608456612
方式2对齐后,512.721,462.24611500000003,-1.8626815185734598,6.63608753920392
方式2对齐后,512.921,462.4461150000001,-1.3850715353616199,6.87889162744497
方式2对齐后,513.121,462.646115,-1.5280168982943998,6.6677413117149795
方式2对齐后,513.321,462.84611500000005,-1.42128993375057,4.98982179417359
方式2对齐后,513.521,463.046115,0.03597222851086013,4.47640945341725
方式2对齐后,513.721,463.24611500000003,-2.967693860152084,7.45757197077395
方式2对齐后,513.921,463.4461150000001,-0.8595070220684398,5.5011168963243
方式2对齐后,514.121,463.646115,-0.7227945654177299,5.508127643268
方式2对齐后,514.321,463.84611500000005,-1.8676415769048698,5.46845468913431
方式2对齐后,514.521,464.046115,-3.243962678438789,5.99297307700195
方式2对齐后,514.721,464.24611500000003,-2.776214070098361,6.78361092602668
方式2对齐后,514.921,464.4461150000001,-1.3613992578082397,6.4262877982062
方式2对齐后,515.121,464.646115,-3.147254432863286,7.01474441073251
方式2对齐后,515.321,464.84611500000005,-1.6589299332395997,6.22068298041715
方式2对齐后,515.521,465.046115,-1.8260115829265497,7.45172351498715
方式2对齐后,515.721,465.24611500000003,-1.7139464452696098,7.28337656671691
方式2对齐后,515.921,465.4461150000001,-0.5353443710111998,6.18286976610722
方式2对齐后,516.121,465.646115,-2.09919417377614,5.64248847658294
方式2对齐后,516.321,465.84611500000005,-1.4058164914867297,5.8963259072916
方式2对齐后,516.521,466.046115,-1.9915149832345698,5.74649650822104
方式2对齐后,516.721,466.24611500000003,0.6314291896966004,6.38373884445028
方式2对齐后,516.921,466.4461150000001,-1.1724609902543999,6.53156360250522
方式2对齐后,517.121,466.646115,-2.919858385346303,6.62676648711031
方式2对齐后,517.321,466.84611500000005,-3.084966549950695,6.30152976913756
方式2对齐后,517.521,467.046115,-1.30236192849181,7.64312412452564
方式2对齐后,517.721,467.24611500000003,-0.57920881497324,6.16832273998409
方式2对齐后,517.921,467.4461150000001,-1.7266359176247499,6.48668347884431
方式2对齐后,518.121,467.646115,-2.1375520157537595,5.2082052199127595
方式2对齐后,518.321,467.84611500000005,-3.4398695189261193,7.62262183515648
方式2对齐后,518.521,468.046115,-1.7005663308790697,6.30262359200936
方式2对齐后,518.721,468.24611500000003,-2.6243540970899377,5.89695287415946
方式2对齐后,518.921,468.4461150000001,-2.24544558690308,5.69606014438072
方式2对齐后,519.121,468.646115,-1.6414531683039397,5.49184488278288
方式2对齐后,519.321,468.84611500000005,-3.94432032730722,6.95716503595151
方式2对齐后,519.521,469.046115,-2.2827536236532096,4.952776818661739
方式2对齐后,519.721,469.24611500000003,-3.8288223186676418,6.46229769327595
方式2对齐后,519.921,469.4461150000001,-1.7988503230738597,4.8624310940717805
方式2对齐后,520.121,469.646115,-2.8147069135012277,4.281070125032651
方式2对齐后,520.321,469.84611500000005,-2.672166259789731,4.10703835289089
方式2对齐后,520.521,470.046115,-3.320100337752015,6.51926440793809
方式2对齐后,520.721,470.24611500000003,-2.829394488540158,6.18042430800729
方式2对齐后,520.921,470.4461150000001,-3.22308863385739,5.6629810842960495
方式2对齐后,521.121,470.646115,-2.524455064117798,5.97827519082538
方式2对齐后,521.321,470.84611500000005,-3.0678508672356757,5.6734640409281205
方式2对齐后,521.521,471.046115,-3.3014946597683656,7.01952640416535
方式2对齐后,521.721,471.24611500000003,-1.8733490749528698,5.7809949387628805
方式2对齐后,521.921,471.4461150000001,-3.265046097186832,6.01271147203868
方式2对齐后,522.121,471.646115,-2.3743927339974498,4.52051697458406
方式2对齐后,522.321,471.84611500000005,-2.696065435034088,5.96872472484982
方式2对齐后,522.521,472.046115,-4.103156622093586,3.90629834099417
方式2对齐后,522.721,472.24611500000003,-2.551804913562016,6.22078011668233
方式2对齐后,522.921,472.4461150000001,-2.1635972890382997,5.90381190933338
方式2对齐后,523.121,472.646115,-2.2180037409028097,4.79163275565138
方式2对齐后,523.321,472.84611500000005,-3.302344506602223,5.7315563830763505
方式2对齐后,523.521,473.046115,-2.766217081175841,4.0186587287634
方式2对齐后,523.721,473.24611500000003,-2.629184353548352,6.5663376500068695
方式2对齐后,523.921,473.4461150000001,-2.9661485121584468,3.87086600896182
方式2对齐后,524.121,473.646115,-2.33417416938466,5.49693066425336
方式2对齐后,524.321,473.84611500000005,-1.7700734687474697,3.87385521177492
方式2对齐后,524.521,474.046115,-1.8761973384110897,5.81508899016065
方式2对齐后,524.721,474.24611500000003,-4.072793728259656,4.67064705023806
方式2对齐后,524.921,474.4461150000001,-3.4214467636655916,5.4002620442146405
方式2对齐后,525.121,474.646115,-3.0219644995584276,6.65897304230699
方式2对齐后,525.321,474.84611500000005,-3.771256249459174,5.3259319896425
方式2对齐后,525.521,475.046115,-2.703413636028074,3.27539692205157
方式2对齐后,525.721,475.24611500000003,-1.8512968091415498,4.1508412505639605
方式2对齐后,525.921,475.4461150000001,-3.297164658988972,4.13744185853564
方式2对齐后,526.121,475.646115,-2.688763393277438,4.14641358440704
方式2对齐后,526.321,475.84611500000005,-3.507359807697722,5.01200517482343
方式2对齐后,526.521,476.046115,-2.25480476285644,6.05682474264946
方式2对齐后,526.721,476.24611500000003,-3.9559564311599607,5.83893225840879
方式2对齐后,526.921,476.4461150000001,-3.0192702327212757,4.73820450686313
方式2对齐后,527.121,476.646115,-2.667019166547053,2.98215692404272
方式2对齐后,527.321,476.84611500000005,-2.17235435292379,4.64749281833084
方式2对齐后,527.521,477.046115,-3.194450465630578,4.3010732206097195
方式2对齐后,527.721,477.24611500000003,-3.793536582881385,5.64947063282704
方式2对齐后,527.921,477.4461150000001,-3.544162131911004,4.986943792163689
方式2对齐后,528.121,477.646115,-2.541914108391551,4.028834299432139
方式2对齐后,528.321,477.84611500000005,-1.3400007636274998,5.03339409900192
方式2对齐后,528.521,478.046115,-3.653489005966955,3.9700656194939
方式2对齐后,528.721,478.24611500000003,-3.363854480307203,5.74080883012827
方式2对齐后,528.921,478.4461150000001,-3.624779555477439,5.42252039230677
方式2对齐后,529.121,478.646115,-3.2776661222413046,5.02205680667483
方式2对齐后,529.321,478.84611500000005,-3.440787534247493,4.71407746380896
方式2对齐后,529.521,479.046115,-2.9135648018748177,4.69100886878472
方式2对齐后,529.721,479.24611500000003,-1.6600495410662899,2.809944984006947
方式2对齐后,529.921,479.4461150000001,-3.191219769795565,4.09474216025014
方式2对齐后,530.121,479.646115,-2.4399084791367898,5.03984887701879
方式2对齐后,530.321,479.84611500000005,-2.1497438163850395,3.84683356145475
方式2对齐后,530.521,480.046115,-2.37881395635985,3.12096191235159
方式2对齐后,530.721,480.24611500000003,-1.7845538541890498,4.76960040329101
方式2对齐后,530.921,480.4461150000001,-2.8469299084723536,4.45655458127652
方式2对齐后,531.121,480.646115,-4.262093700573439,3.0780522140747797
方式2对齐后,531.321,480.84611500000005,-2.2741969899898,4.91951035464534
方式2对齐后,531.521,481.046115,-4.1344343961168235,3.67078530385592
方式2对齐后,531.721,481.24611500000003,-3.4487755355861727,5.23783750701025
方式2对齐后,531.921,481.4461150000001,-3.4005641838432314,4.55881656500124
方式2对齐后,532.121,481.646115,-2.0335532909031397,4.346203446328969
方式2对齐后,532.321,481.84611500000005,-3.833622910403027,4.0089617496902
方式2对齐后,532.521,482.046115,-2.8164153283012787,4.62551716671857
方式2对齐后,532.721,482.24611500000003,-2.0397967220091697,3.7624662197951197
方式2对齐后,532.921,482.4461150000001,-3.724958326793498,4.64971838977561
方式2对齐后,533.121,482.646115,-3.7580561132181267,3.24418875593714
方式2对齐后,533.321,482.84611500000005,-3.141600730896364,2.9507515319997397
方式2对齐后,533.521,483.046115,-3.4382722739528795,3.6306151500588797
方式2对齐后,533.721,483.24611500000003,-3.919064841269079,3.7925836681789002
方式2对齐后,533.921,483.4461150000001,-2.9006559380026427,4.72539256204896
方式2对齐后,534.121,483.646115,-2.90991951103383,4.62864916986932
方式2对齐后,534.321,483.84611500000005,-2.3615902301976197,3.93743030378804
方式2对齐后,534.521,484.046115,-2.10393323115,2.4372823462863797
方式2对齐后,534.721,484.24611500000003,-3.4053048829205044,4.16184555605407
方式2对齐后,534.921,484.4461150000001,-2.608385808830284,3.97547448461922
方式2对齐后,535.121,484.646115,-4.55528710801023,2.8993309326227497
方式2对齐后,535.321,484.84611500000005,-4.040774224300818,3.8241687978456
方式2对齐后,535.521,485.046115,-4.527548561583069,3.4429132863743597
方式2对齐后,535.721,485.24611500000003,-3.675727907468478,3.58199454074524
方式2对齐后,535.921,485.4461150000001,-2.5866245977526057,2.89195886623419
方式2对齐后,536.121,485.646115,-2.45422178819687,3.86582860386401
方式2对齐后,536.321,485.84611500000005,-2.500091766117179,4.1406243568962005
方式2对齐后,536.521,486.046115,-1.7809950647337598,3.16148528745257
方式2对齐后,536.721,486.24611500000003,-3.6687529928943636,4.04506857279977
方式2对齐后,536.921,486.4461150000001,-4.242674318961706,3.00103903344269
方式2对齐后,537.121,486.646115,-5.41104241791762,3.31246148187154
方式2对齐后,537.321,486.84611500000005,-3.113940595452554,7.10670339222309
方式2对齐后,537.521,487.046115,-2.977428017972489,5.353216125461319
方式2对齐后,537.721,487.24611500000003,-3.146622226608558,3.12602708872058
方式2对齐后,537.921,487.4461150000001,-3.7155183338472657,4.06596680826371
方式2对齐后,538.121,487.646115,-2.0940779097618796,3.7912848566025
方式2对齐后,538.321,487.84611500000005,-4.161184299904015,2.558160287150804
方式2对齐后,538.521,488.046115,-1.14049535928195,3.62220842038516
方式2对齐后,538.721,488.24611500000003,-3.21452491908696,3.5610251045498
方式2对齐后,538.921,488.4461150000001,-3.535964179191895,2.732441767972022
方式2对齐后,539.121,488.646115,-2.41519666723707,3.58316297676212
方式2对齐后,539.321,488.84611500000005,-3.2920990360149998,2.585100095485553
方式2对齐后,539.521,489.046115,-2.2265071702701995,5.700118377302649
方式2对齐后,539.721,489.24611500000003,-1.9307618597309697,3.9746288200746798
方式2对齐后,539.921,489.4461150000001,-4.382745921796329,3.14444080239681
方式2对齐后,540.121,489.646115,-2.646695688314932,2.833356860678626
方式2对齐后,540.321,489.84611500000005,-3.0792077414808627,4.360716380778721
方式2对齐后,540.521,490.046115,-2.3666082548866,2.37957495703504
方式2对齐后,540.721,490.24611500000003,-4.7489237852873,4.44028249231514
方式2对齐后,540.921,490.4461150000001,-2.3345911543719997,3.03944694462032
方式2对齐后,541.121,490.646115,-2.944933905347246,3.6400558780614096
方式2对齐后,541.321,490.84611500000005,-1.8675888117612198,2.574917601152338
方式2对齐后,541.521,491.046115,-5.018907490683,2.497364997152154
方式2对齐后,541.721,491.24611500000003,-3.2865217413002417,2.96905661427183
方式2对齐后,541.921,491.4461150000001,-3.34602491642795,2.175443642877375
方式2对齐后,542.121,491.646115,-3.0816929163117677,2.91304611468518
方式2对齐后,542.321,491.84611500000005,-1.1353772174805496,2.653238921913509
方式2对齐后,542.521,492.046115,-2.918181778367914,3.31012527923036
方式2对齐后,542.721,492.24611500000003,-1.8854121643384698,4.15424286153739
方式2对齐后,542.921,492.4461150000001,-3.986686182255865,2.6359932395450087
方式2对齐后,543.121,492.646115,-4.344913655198327,3.4935633402043997
方式2对齐后,543.321,492.84611500000005,-3.557673168165192,2.732484112756878
方式2对齐后,543.521,493.046115,-3.951962521479064,1.745236865380744
方式2对齐后,543.721,493.24611500000003,-3.5836280119474377,2.71206833259213
方式2对齐后,543.921,493.4461150000001,-2.7701578464621797,1.512714597503093
方式2对齐后,544.121,493.646115,-3.236786723667808,3.55818408727802
方式2对齐后,544.321,493.84611500000005,-4.007405650693163,1.258049355725355
方式2对齐后,544.521,494.046115,-2.0345582371685698,2.797954101464821
方式2对齐后,544.721,494.24611500000003,-3.8852611434813156,2.3915709565029637
方式2对齐后,544.921,494.4461150000001,-2.14379319281074,2.322684258898543
方式2对齐后,545.121,494.646115,-2.674139639610838,3.4195660064869
方式2对齐后,545.321,494.84611500000005,-4.292318598372771,2.83846368001461
方式2对齐后,545.521,495.046115,-2.4047859038590396,3.44281966526051
方式2对齐后,545.721,495.24611500000003,-2.21567670963633,2.506588614187718
方式2对齐后,545.921,495.4461150000001,-2.726601202889504,1.8797509254473912
方式2对齐后,546.121,495.646115,-3.326667243062699,1.296811777668925
方式2对齐后,546.321,495.84611500000005,-2.7456957004895837,2.34424658468807
方式2对齐后,546.521,496.046115,-1.7835161270571198,1.388326689533365
方式2对齐后,546.721,496.24611500000003,-2.4933710611072417,2.044454059484739
方式2对齐后,546.921,496.4461150000001,-2.8651793934997927,1.50690117868861
方式2对齐后,547.121,496.646115,-3.9085205136745746,2.606412178538469
方式2对齐后,547.321,496.84611500000005,-3.687605036814715,1.498757814424401
方式2对齐后,547.521,497.046115,-3.8022010516586566,3.5983136499384303
方式2对齐后,547.721,497.24611500000003,-3.1597769652033008,3.2029322588169
方式2对齐后,547.921,497.4461150000001,-2.8795991807790235,2.0502037929077828
方式2对齐后,548.121,497.646115,-2.633804327246757,1.9329300655989003
方式2对齐后,548.321,497.84611500000005,-2.3698084041588396,2.21396141675626
方式2对齐后,548.521,498.046115,-2.811323214110511,2.413473650406616
方式2对齐后,548.721,498.24611500000003,-1.93122826544921,2.5582278594793957
方式2对齐后,548.921,498.4461150000001,-2.747772160715086,1.265758599653011
方式2对齐后,549.121,498.646115,-4.70394680832911,2.651652316498146
方式2对齐后,549.321,498.84611500000005,-4.332916069933583,1.633228455546948
方式2对齐后,549.521,499.046115,-2.3149738106317095,1.304129743385242
方式2对齐后,549.721,499.24611500000003,-2.1032886178820895,2.182416880734359
方式2对齐后,549.921,499.4461150000001,-3.1112716050434828,2.055430284661347
方式2对齐后,550.121,499.646115,-1.4935791747119997,1.958248441820816
方式2对齐后,550.321,499.84611500000005,-4.10277198108643,1.438970879547372
方式2对齐后,550.521,500.046115,-3.3527211695592096,2.628573721304476
方式2对齐后,550.721,500.24611500000003,-3.1664406973858057,1.576552294680474
方式2对齐后,550.921,500.4461150000001,-3.3996767247206634,0.7927231662021998
方式2对齐后,551.121,500.646115,-3.2563512908407026,0.65679688306191
方式2对齐后,551.321,500.84611500000005,-3.5087432821782123,0.03364553891724986
方式2对齐后,551.521,501.046115,-2.1665714116985098,1.989402591078288
方式2对齐后,551.721,501.24611500000003,-2.8591339562133267,2.154671007925473
方式2对齐后,551.921,501.4461150000001,-4.543268794977,0.21321458787003
方式2对齐后,552.121,501.646115,-2.3373113524843996,0.7939032844663299
方式2对齐后,552.321,501.84611500000005,-2.46823501895264,2.2962036852085097
方式2对齐后,552.521,502.046115,-1.44718753597851,1.218163212574701
方式2对齐后,552.721,502.24611500000003,-2.559747203939038,1.1513193444013599
方式2对齐后,552.921,502.4461150000001,-3.239281937170075,3.06481768177618
方式2对齐后,553.121,502.646115,-1.6247449145387898,2.229961951443746
方式2对齐后,553.321,502.84611500000005,-3.3625273521428767,1.241905478391483
方式2对齐后,553.521,503.046115,-3.0968706314501957,0.9696058608196779
方式2对齐后,553.721,503.24611500000003,-3.127213026667671,0.24645529016213996
方式2对齐后,553.921,503.4461150000001,-3.2461475693305646,1.003478893534092
方式2对齐后,554.121,503.646115,-2.3480959325465,1.3769921710684638
方式2对齐后,554.321,503.84611500000005,-2.5435611738030026,1.622071472009008
方式2对齐后,554.521,504.046115,-4.15329721514115,0.8124025780997799
方式2对齐后,554.721,504.24611500000003,-2.23602060699735,2.735529783642212
方式2对齐后,554.921,504.4461150000001,-3.2748365487930418,0.62839695891171
方式2对齐后,555.121,504.646115,-2.567079601538068,1.237858169470313
方式2对齐后,555.321,504.84611500000005,-2.946470599126907,0.69734732124431
方式2对齐后,555.521,505.046115,-2.3275972377852,1.8253796360396886
方式2对齐后,555.721,505.24611500000003,-2.12105707968922,1.556341329893411
方式2对齐后,555.921,505.4461150000001,-3.131775265015869,-0.47761267104052996
方式2对齐后,556.121,505.646115,-2.0960373301849997,2.3194572260712247
方式2对齐后,556.321,505.84611500000005,-2.4958751582697998,1.8084092235405402
方式2对齐后,556.521,506.046115,-2.931359100062058,1.494615565198206
方式2对齐后,556.721,506.24611500000003,-2.47534800036348,-0.3229742880239401
方式2对齐后,556.921,506.4461150000001,-1.6240811311229797,1.636904700738473
方式2对齐后,557.121,506.646115,-1.6869394143162697,-0.013733378384910067
方式2对齐后,557.321,506.84611500000005,-2.85837033119588,-0.3207531555824499
方式2对齐后,557.521,507.046115,-2.708910023027432,0.78308132252332
方式2对齐后,557.721,507.24611500000003,-1.6127858910177797,0.28648874579996986
方式2对齐后,557.921,507.4461150000001,-2.4717172555038,1.88064856146391
方式2对齐后,558.121,507.646115,-1.2725807614520397,1.7092308036374089
方式2对齐后,558.321,507.84611500000005,-3.355937913003468,0.73563148286462
方式2对齐后,558.521,508.046115,-1.8244388688903197,2.264780106694842
方式2对齐后,558.721,508.24611500000003,-1.9801296751834199,1.4098395695276549
方式2对齐后,558.921,508.4461150000001,-1.5243799792822097,0.8580426641156259
方式2对齐后,559.121,508.646115,-1.7869933008076198,0.17787147384841995
方式2对齐后,559.321,508.84611500000005,-1.46393101642831,0.80133677690999
方式2对齐后,559.521,509.046115,-2.760304999270729,-0.73949064263034
方式2对齐后,559.721,509.24611500000003,-0.8757343241982496,1.445350603688504
方式2对齐后,559.921,509.4461150000001,-1.8892780824119197,1.482170995866084
方式2对齐后,560.121,509.646115,-1.3532651026588196,0.5176803278261499
方式2对齐后,560.321,509.84611500000005,-2.632824936685391,0.6477790986099399
方式2对齐后,560.521,510.046115,-1.0021298483073897,0.002282959448040023
方式2对齐后,560.721,510.24611500000003,-2.01666349979463,-0.75964129774444
方式2对齐后,560.921,510.4461150000001,-3.222289423526858,1.166506897116798
方式2对齐后,561.121,510.646115,-1.9449579009528999,1.195547166400933
方式2对齐后,561.321,510.84611500000005,-2.8237244599032216,0.8874582118297919
方式2对齐后,561.521,511.046115,-3.25500972399708,-0.62806817404367
方式2对齐后,561.721,511.24611500000003,-1.8861619494941697,0.8134044211089799
方式2对齐后,561.921,511.4461150000001,-1.4825162098693099,0.60339547934951
方式2对齐后,562.121,511.646115,-3.5237378413328457,-1.06866428155829
方式2对齐后,562.321,511.84611500000005,-0.5288116563669196,1.8372637470632895
方式2对齐后,562.521,512.046115,-1.2265435266158198,2.536605685596723
方式2对齐后,562.721,512.246115,-1.3613183013847796,0.937215182737831
方式2对齐后,562.921,512.4461150000001,-1.6139420576487498,0.5825499820401498
方式2对齐后,563.121,512.646115,0.13655744185407004,0.31044897424404994
方式2对齐后,563.321,512.846115,-1.8426724447148097,-0.6953508409157703
方式2对齐后,563.521,513.046115,-1.6472881793923797,0.9120010518420539
方式2对齐后,563.721,513.246115,-1.6721284147360198,-0.8329733367673202
方式2对齐后,563.921,513.4461150000001,-1.6266931979943298,0.11747373695078989
方式2对齐后,564.121,513.646115,-1.7376942189394198,-0.7063011193776001
方式2对齐后,564.321,513.846115,-1.4081782246627599,-0.8814994881791303
方式2对齐后,564.521,514.046115,-2.653338791623051,0.42439768238353004
方式2对齐后,564.721,514.246115,-1.6182648930734298,-0.2539609388489401
方式2对齐后,564.921,514.4461150000001,-1.3256475491415398,-0.22581095090560988
方式2对齐后,565.121,514.646115,-2.7563838649000147,-0.58978767659092
方式2对齐后,565.321,514.846115,-1.2580136662783596,1.604539341008785
方式2对齐后,565.521,515.046115,-1.7533283321743098,0.77326340298152
方式2对齐后,565.721,515.246115,-0.8014617588976298,-0.5473788047155401
方式2对齐后,565.921,515.4461150000001,-2.869741670068749,1.547502265555218
方式2对齐后,566.121,515.646115,-0.8194624913100697,-0.25909801355812023
方式2对齐后,566.321,515.846115,-1.8084505366087198,-0.7184757593816999
方式2对齐后,566.521,516.046115,-1.6622201528562297,-0.30709611838281026
方式2对齐后,566.721,516.246115,-1.2531672513220098,0.75951960793853
方式2对齐后,566.921,516.4461150000001,-1.03939346279746,-0.09620216483166999
方式2对齐后,567.121,516.646115,-1.4251909422484696,0.10956506203992
方式2对齐后,567.321,516.846115,-2.555449225118324,1.011100915196113
方式2对齐后,567.521,517.046115,-0.4362578461410398,-0.6166935780512199
方式2对齐后,567.721,517.246115,-2.501603399034308,-0.77432800008327
方式2对齐后,567.921,517.4461150000001,-1.1999401505215799,1.218944691094102
方式2对齐后,568.121,517.646115,-1.3025546747824897,0.81884305482068
方式2对齐后,568.321,517.846115,-0.9194089551141698,-1.0994989499709202
方式2对齐后,568.521,518.046115,-1.4148594515325597,0.32261757430022997
方式2对齐后,568.721,518.246115,-1.0751261613330096,0.22858892280105003
方式2对齐后,568.921,518.4461150000001,-1.3274127375373097,0.66655115448813
方式2对齐后,569.121,518.646115,-1.20760194843428,-0.59349775232134
方式2对齐后,569.321,518.846115,-2.19154376341916,-0.5565074364237499
方式2对齐后,569.521,519.046115,-0.7335674101983498,1.941600831352113
方式2对齐后,569.721,519.246115,-0.48070187806208997,0.7712786203909099
方式2对齐后,569.921,519.4461150000001,-1.4822321814205497,-0.48784671427668025
方式2对齐后,570.121,519.646115,0.24934520688046025,-0.7436877309608398
方式2对齐后,570.321,519.846115,-0.9657735725579899,-0.8893879901884802
方式2对齐后,570.521,520.046115,0.7783660000149304,-0.56530201339964
方式2对齐后,570.721,520.246115,-1.5789275238512197,-1.59002316832964
方式2对齐后,570.921,520.4461150000001,-2.5874266783515836,-1.7360814378667202
方式2对齐后,571.121,520.646115,-1.4364722454542598,-0.07326760213974004
方式2对齐后,571.321,520.846115,-1.9884471476575998,-1.81660821239694
方式2对齐后,571.521,521.046115,-0.21242907822253976,-1.6730542845082699
方式2对齐后,571.721,521.246115,0.48626328243089034,-0.08007628063660999
方式2对齐后,571.921,521.4461150000001,-0.7505199858280198,-1.2459129685815502
方式2对齐后,572.121,521.646115,-0.5414282742874699,0.00483542872899001
方式2对齐后,572.321,521.846115,-0.6617592523978697,-0.43905694519582017
方式2对齐后,572.521,522.046115,0.52350916029491,-2.3605800692759704
方式2对齐后,572.721,522.246115,1.170026335867,-0.1551388355530401
方式2对齐后,572.921,522.4461150000001,-1.22884416273443,-0.05338408596333011
方式2对齐后,573.121,522.646115,0.7277173552249598,0.22603853043142985
方式2对齐后,573.321,522.846115,-0.3094550931896096,0.57666079356292
方式2对齐后,573.521,523.046115,-0.11011456775527995,-1.25334967697921
方式2对齐后,573.721,523.246115,1.4828767116379105,-0.9605751587942102
方式2对齐后,573.921,523.4461150000001,-0.9218359638567,-1.5433681738683602
方式2对齐后,574.121,523.646115,0.29565519375793015,-1.7347978619976598
方式2对齐后,574.321,523.846115,-0.6973468353547796,-0.75457300230629
方式2对齐后,574.521,524.046115,-0.7516135095362397,-1.83825658725089
方式2对齐后,574.721,524.246115,-0.4128705982190497,-1.20066331552836
方式2对齐后,574.921,524.4461150000001,0.5390401019085003,-1.42115553542068
方式2对齐后,575.121,524.646115,0.9460837375263198,-0.9989795854285299
方式2对齐后,575.321,524.846115,1.1088555228423003,-0.37487771138383996
方式2对齐后,575.521,525.046115,-1.1299020473041197,-3.4449472413035904
方式2对齐后,575.721,525.246115,0.06633112173713007,-0.5084537052069602
方式2对齐后,575.921,525.4461150000001,2.1447861161852506,-0.43407538898896014
方式2对齐后,576.121,525.646115,0.13837059411355002,-1.4781270657265102
方式2对齐后,576.321,525.846115,-0.4319010430830996,0.17539145825631985
方式2对齐后,576.521,526.046115,-0.4270374977953497,-2.4517046775576503
方式2对齐后,576.721,526.246115,1.0052791301855803,-1.4246829196938302
方式2对齐后,576.921,526.4461150000001,1.32083509864471,-1.7038957487485202
方式2对齐后,577.121,526.646115,-0.1086995961459798,-0.4673556419814999
方式2对齐后,577.321,526.846115,1.0017864748191503,-1.71240680547458
方式2对齐后,577.521,527.046115,-0.2967658678225398,-2.97860384446812
方式2对齐后,577.721,527.246115,2.03359370546345,-1.85371379836393
方式2对齐后,577.921,527.4461150000001,1.1296002028638403,-0.37388284207326006
方式2对齐后,578.121,527.646115,1.0958300762128106,-0.5538742911207
方式2对齐后,578.321,527.846115,0.7998175311919606,-0.5584057981799302
方式2对齐后,578.521,528.046115,1.2374502142986605,-2.07038507987166
方式2对齐后,578.721,528.246115,-0.84591539194387,-1.0094866931224602
方式2对齐后,578.921,528.4461150000001,1.2935496132368298,-2.07053828794929
方式2对齐后,579.121,528.646115,0.4573698198774503,-1.1975423240457799
方式2对齐后,579.321,528.846115,-0.5704164746714397,0.844033710533229
方式2对齐后,579.521,529.046115,1.4535185764128906,-1.94785722927901
方式2对齐后,579.721,529.246115,1.0131373690620098,-0.11109146034767003
方式2对齐后,579.921,529.4461150000001,0.08989768591615022,-0.6347209947594199
方式2对齐后,580.121,529.646115,0.7508239219973598,-2.18768896571554
方式2对齐后,580.321,529.846115,1.85622404044822,-2.76778150752647
方式2对齐后,580.521,530.046115,0.8409788522025305,-0.47773583178004
方式2对齐后,580.721,530.246115,0.7568669083165105,-2.1218058940871902
方式2对齐后,580.921,530.4461150000001,-0.012199108131899727,-1.1543409109661202
方式2对齐后,581.121,530.646115,0.7874341853334998,-0.9333855490506302
方式2对齐后,581.321,530.846115,1.5029647060598705,-1.54016101350107
方式2对齐后,581.521,531.046115,1.0089097343889204,-1.6672812213177601
方式2对齐后,581.721,531.246115,0.8127100676315502,-1.4446668536009302
方式2对齐后,581.921,531.4461150000001,0.87186441235791,-1.94922249930237
方式2对齐后,582.121,531.646115,2.2137397831074406,-1.2725318394233
方式2对齐后,582.321,531.846115,1.5079896063511802,-0.08091348745203009
方式2对齐后,582.521,532.046115,2.07615193628323,-0.36689392270007026
方式2对齐后,582.721,532.246115,1.06434381801665,-1.0559252133829302
方式2对齐后,582.921,532.4461150000001,3.1834977607716004,-1.5597589729597798
方式2对齐后,583.121,532.646115,2.8888728859854806,-1.4579442882549403
方式2对齐后,583.321,532.846115,1.4819039520969302,-1.31574721314905
方式2对齐后,583.521,533.046115,3.0044040072548404,-2.10099520104136
方式2对齐后,583.721,533.246115,2.3960117877955502,-1.5924434143795199
方式2对齐后,583.921,533.4461150000001,0.8609313036475905,-2.70030095707774
方式2对齐后,584.121,533.646115,-0.4895197904026998,-2.17906472721286
方式2对齐后,584.321,533.846115,1.20719827833907,-2.11785251939319
方式2对齐后,584.521,534.046115,1.4083281318188305,-0.8302889219760501
方式2对齐后,584.721,534.246115,2.19649234971867,-2.4781049863594005
方式2对齐后,584.921,534.4461150000001,0.74061524488455,-2.62115090324707
方式2对齐后,585.121,534.646115,2.72178270112013,-1.05034856056528
方式2对齐后,585.321,534.846115,1.59371726588531,-2.09215062690723
方式2对齐后,585.521,535.046115,2.19399955573361,-1.2097994900318398
方式2对齐后,585.721,535.246115,2.75765509326535,-1.7979719342858602
方式2对齐后,585.921,535.4461150000001,3.16725481945155,-1.74909742438081
方式2对齐后,586.121,535.646115,2.5874989727913498,-1.1760961699948402
方式2对齐后,586.321,535.846115,1.45036227395474,-2.30132206506884
方式2对齐后,586.521,536.046115,3.15721489403143,-1.0190543721106802
方式2对齐后,586.721,536.246115,2.20268390980394,-2.4125432080364204
方式2对齐后,586.921,536.4461150000001,1.9745077372425506,-1.4670069764487002
方式2对齐后,587.121,536.646115,2.76337986348973,-0.8886485660478902
方式2对齐后,587.321,536.846115,2.43803198199476,-1.0653437401050199
方式2对齐后,587.521,537.046115,1.7319646095840806,-2.05582771478973
方式2对齐后,587.721,537.246115,3.56482194766732,-2.5500271127582996
方式2对齐后,587.921,537.4461150000001,2.5782616543969903,-1.96786409841343
方式2对齐后,588.121,537.646115,2.8956099412394005,-1.7107886948367201
方式2对齐后,588.321,537.846115,1.2684736760641906,-1.98672091865726
方式2对齐后,588.521,538.046115,2.35075816226815,-1.2351478072859399
方式2对齐后,588.721,538.246115,2.60793938232169,-1.0865593481586102
方式2对齐后,588.921,538.4461150000001,2.5581703410453898,-3.3260380163606804
方式2对齐后,589.121,538.646115,5.206077090188041,-1.89425948110441
方式2对齐后,589.321,538.846115,2.40461718022185,-3.4314776014654003
方式2对齐后,589.521,539.046115,4.324020435551771,-1.2191030043504099
方式2对齐后,589.721,539.246115,5.59935913404116,-3.1883206839462
方式2对齐后,589.921,539.4461150000001,3.1552012309617306,-1.4778152846096502
方式2对齐后,590.121,539.646115,2.3137538554840003,-0.5624294254626401
方式2对齐后,590.321,539.846115,1.8423214448527405,-1.50767726001243
方式2对齐后,590.521,540.046115,3.4816880285086302,-2.9366225260496597
方式2对齐后,590.721,540.246115,2.4260739199029704,-0.5875735476443102
方式2对齐后,590.921,540.4461150000001,4.47685114932783,-1.38823900469201
方式2对齐后,591.121,540.646115,2.7123132564695105,-2.2777563680174904
方式2对齐后,591.321,540.846115,3.2112013558101804,-2.78820581411376
方式2对齐后,591.521,541.046115,3.2836490745980402,-2.7950214679913303
方式2对齐后,591.721,541.246115,3.231274939884,-2.09813889152942
方式2对齐后,591.921,541.4461150000001,4.184146185084661,-0.9899098330999903
方式2对齐后,592.121,541.646115,4.000614798077311,-1.9330115925141902
方式2对齐后,592.321,541.846115,3.36453049754258,-2.8151518473717303
方式2对齐后,592.521,542.046115,2.4879278366941,-2.7722677293459297
方式2对齐后,592.721,542.246115,3.4737504636580505,-0.39541833643741997
方式2对齐后,592.921,542.4461150000001,4.853809398061539,-3.42360322503525
方式2对齐后,593.121,542.646115,3.46894458690904,-3.00143463086719
方式2对齐后,593.321,542.846115,2.7410853040910004,-1.5224581202357501
方式2对齐后,593.521,543.046115,4.29806773093023,-2.5858718248122896
方式2对齐后,593.721,543.246115,4.15837751249582,-1.4285734871453002
方式2对齐后,593.921,543.4461150000001,3.02786494028447,-3.3137864498994
方式2对齐后,594.121,543.646115,5.45757379741198,-3.3088928790947802
方式2对齐后,594.321,543.846115,4.33376762991156,-3.6545332532684798
方式2对齐后,594.521,544.046115,4.371143406507151,-3.95247374229949
方式2对齐后,594.721,544.246115,3.9551438939623402,-2.4531655718678103
方式2对齐后,594.921,544.4461150000001,3.08325055174684,-3.2004512258639304
方式2对齐后,595.121,544.646115,4.55896520149069,-0.6587283375877999
方式2对齐后,595.321,544.846115,5.118746767411361,-4.30272340982312
方式2对齐后,595.521,545.046115,3.8948999525707206,-2.04208858135457
方式2对齐后,595.721,545.246115,5.38045487163993,-2.2308360120844997
方式2对齐后,595.921,545.4461150000001,5.454615049076841,-1.9329272363368601
方式2对齐后,596.121,545.646115,3.7305554340081803,-2.7008603832428904
方式2对齐后,596.321,545.846115,4.868156078780061,-2.5250748194597596
方式2对齐后,596.521,546.046115,3.8438581700981302,-2.8802976889222096
方式2对齐后,596.721,546.246115,4.99351220618807,-3.0857349415532997
方式2对齐后,596.921,546.4461150000001,4.87953983581261,-2.3397504025554596
方式2对齐后,597.121,546.646115,6.31379991878482,-3.2073043958401
方式2对齐后,597.321,546.846115,5.756334388506291,-2.8747019492396904
方式2对齐后,597.521,547.046115,4.32755727063973,-2.38097783563005
方式2对齐后,597.721,547.246115,5.757411198737831,-1.99062830095531
方式2对齐后,597.921,547.4461150000001,5.173355241897561,-2.7984444705657
方式2对齐后,598.121,547.646115,3.97594580118829,-3.2937571611375605
方式2对齐后,598.321,547.846115,5.05573560851043,-2.33573405947398
方式2对齐后,598.521,548.046115,4.48819375823611,-2.82597837241143
方式2对齐后,598.721,548.246115,5.480952356797131,-3.1611429716857504
方式2对齐后,598.921,548.4461150000001,5.1875218808882195,-3.49850026555944
方式2对齐后,599.121,548.646115,4.34003166527137,-3.7757927688532202
方式2对齐后,599.321,548.846115,5.9391955812996,-3.41646257448957
方式2对齐后,599.521,549.046115,5.86700319866531,-3.32129841633966
方式2对齐后,599.721,549.246115,5.4399652812304105,-3.11628535934742
方式2对齐后,599.921,549.4461150000001,6.32763689254408,-1.7517415481161303
方式2对齐后,600.121,549.646115,4.70175288138919,-3.5641831531983303
方式2对齐后,600.321,549.846115,5.008802974734021,-2.6080908396266205
方式2对齐后,600.521,550.046115,5.703963680868471,-2.4760727828012596
方式2对齐后,600.721,550.246115,5.61037090364187,-3.2416232947197097
方式2对齐后,600.921,550.4461150000001,6.066578007000821,-3.9838470769772396
方式2对齐后,601.121,550.646115,5.60820262149571,-1.5920549163657198
方式2对齐后,601.321,550.846115,6.6646920144091,-2.14589973059834
方式2对齐后,601.521,551.046115,7.4591780739083,-2.25890357065881
方式2对齐后,601.721,551.246115,6.38735066910113,-3.3815690904590303
方式2对齐后,601.921,551.4461150000001,5.9649839260844395,-1.7540995654887501
方式2对齐后,602.121,551.646115,7.263339025886999,-2.5624440450642805
方式2对齐后,602.321,551.846115,5.32428306948942,-3.81595382920405
方式2对齐后,602.521,552.046115,7.408871204056,-3.5892678729039202
方式2对齐后,602.721,552.246115,6.690399546215801,-2.04189484989783
方式2对齐后,602.921,552.4461150000001,7.8703642864002,-4.58793076918937
方式2对齐后,603.121,552.646115,5.27555193136009,-3.2921369903599302
方式2对齐后,603.321,552.846115,6.406795236311391,-2.00581276980669
方式2对齐后,603.521,553.046115,7.005122188576701,-3.3570703429786004
方式2对齐后,603.721,553.246115,7.9358013245779,-4.18105354048197
方式2对齐后,603.921,553.4461150000001,5.05087900951189,-3.3317386278716903
方式2对齐后,604.121,553.646115,6.5120515749376295,-2.40411440933173
方式2对齐后,604.321,553.846115,7.713291512353599,-2.5987073478972498
方式2对齐后,604.521,554.046115,7.492476480067101,-3.1801097694181504
方式2对齐后,604.721,554.246115,5.895758617410181,-3.2852683583035205
方式2对齐后,604.921,554.4461150000001,6.252137603039451,-1.0309195576629802
方式2对齐后,605.121,554.646115,4.787171987444379,-2.37546298743531
方式2对齐后,605.321,554.846115,4.816811542093701,-3.6732188383717297
方式2对齐后,605.521,555.046115,6.48711216902856,-3.1286495050153897
方式2对齐后,605.721,555.246115,7.217215042621401,-2.6805675079966704
方式2对齐后,605.921,555.4461150000001,6.8104941140517,-4.70345559536463
方式2对齐后,606.121,555.646115,8.7401530535454,-3.15201026690338
方式2对齐后,606.321,555.846115,7.1393737838512,-3.47197358756278
方式2对齐后,606.521,556.046115,7.5215301765405,-2.9434218606331797
方式2对齐后,606.721,556.246115,7.2219502423123,-3.29809356682569
方式2对齐后,606.921,556.4461150000001,6.322973287110409,-0.9166703329744599
方式2对齐后,607.121,556.646115,6.9810529843636004,-2.46032577367128
方式2对齐后,607.321,556.846115,7.0622636540299,-2.83969128598956
方式2对齐后,607.521,557.046115,5.674408760378361,-2.08367379023159
方式2对齐后,607.721,557.246115,7.559609634910601,-2.2095453566135204
方式2对齐后,607.921,557.4461150000001,7.2211931686792,-2.6884163654039
方式2对齐后,608.121,557.646115,7.9401967119201995,-3.36216600885409
方式2对齐后,608.321,557.846115,5.80586945831819,-4.63837100076618
方式2对齐后,608.521,558.046115,6.429856429354841,-1.8231959415537102
方式2对齐后,608.721,558.246115,8.9538596066213,-4.06001402770876
方式2对齐后,608.921,558.4461150000001,7.5961101713721995,-4.57699000287134
方式2对齐后,609.121,558.646115,6.9918241870415,-3.35145258403963
方式2对齐后,609.321,558.846115,7.209263446211601,-5.02921295232953
方式2对齐后,609.521,559.046115,9.3772789124749,-4.5388007263909405
方式2对齐后,609.721,559.246115,8.1082549471693,-4.63268774236096
方式2对齐后,609.921,559.4461150000001,7.320234219042,-2.8542943038154203
方式2对齐后,610.121,559.646115,8.2987238044919,-3.6722368155178904
方式2对齐后,610.321,559.846115,7.9340747736656,-3.0613796514699203
方式2对齐后,610.521,560.046115,8.5139351441401,-2.90699509013048
方式2对齐后,610.721,560.246115,8.6923036205582,-3.64559555157299
方式2对齐后,610.921,560.4461150000001,7.5036532985436,-3.8748426580466298
方式2对齐后,611.121,560.646115,8.2660210279893,-1.0397006401592201
方式2对齐后,611.321,560.846115,8.4107078302698,-2.52821077190041
方式2对齐后,611.521,561.046115,8.455515921899,-1.9739299466135503
方式2对齐后,611.721,561.246115,8.1325653487209,-2.8508047150274
方式2对齐后,611.921,561.4461150000001,8.6570836967923,-3.1223903115114497
方式2对齐后,612.121,561.646115,8.982803274110001,-3.37692605158227
方式2对齐后,612.321,561.846115,8.592652562045501,-5.07975353036186
方式2对齐后,612.521,562.046115,8.791753359091901,-3.3594723503010204
方式2对齐后,612.721,562.246115,8.2129606484465,-2.7711468643771004
方式2对齐后,612.921,562.4461150000001,8.63102227737,-4.17002383146808
方式2对齐后,613.121,562.646115,7.1253628792252,-3.06718340367743
方式2对齐后,613.321,562.846115,9.4929057621175,-2.7980481287361503
方式2对齐后,613.521,563.046115,10.1140127872474,-3.16008366416861
方式2对齐后,613.721,563.246115,9.8363301221022,-3.8602624707026196
方式2对齐后,613.921,563.4461150000001,8.5820135770687,-2.61645671162929
方式2对齐后,614.121,563.646115,9.9512030302764,-4.27518587658011
方式2对齐后,614.321,563.846115,8.9110942846329,-2.34794740578406
方式2对齐后,614.521,564.046115,9.9812896442278,-2.4657079946010496
方式2对齐后,614.721,564.246115,9.0475021664937,-3.4364538280396797
方式2对齐后,614.921,564.4461150000001,9.7183355056737,-5.15828997570131
方式2对齐后,615.121,564.646115,9.6160925772351,-2.8278750365190604
方式2对齐后,615.321,564.846115,7.4928517408449995,-1.87504097408469
方式2对齐后,615.521,565.046115,9.8438907914987,-3.8406871196066303
方式2对齐后,615.721,565.246115,8.8967123071835,-1.76499780492172
方式2对齐后,615.921,565.4461150000001,9.6223383378522,-2.7486766691342597
方式2对齐后,616.121,565.646115,8.8668279388482,-4.67838031068502
方式2对齐后,616.321,565.846115,11.1115431529168,-2.29631518224343
方式2对齐后,616.521,566.046115,10.0644898361514,-2.35262947422226
方式2对齐后,616.721,566.246115,8.9158572187834,-3.2577544499993802
方式2对齐后,616.921,566.4461150000001,10.2916591257254,-4.44628967500748
方式2对齐后,617.121,566.646115,10.0824073308041,-3.85700777595153
方式2对齐后,617.321,566.846115,10.6372021111137,-2.12016093361864
方式2对齐后,617.521,567.046115,9.1926063595453,-4.36018271722691
方式2对齐后,617.721,567.246115,9.3279843134217,-3.77604133772894
方式2对齐后,617.921,567.4461150000001,9.1120400552217,-2.41703791990846
方式2对齐后,618.121,567.646115,9.5083447257669,-3.86299780902153
方式2对齐后,618.321,567.846115,10.8199461193243,-2.02473840369604
方式2对齐后,618.521,568.046115,11.6653868097045,-3.08936296585789
方式2对齐后,618.721,568.246115,11.3131388542948,-1.13537672723429
方式2对齐后,618.921,568.4461150000001,9.5402636539112,-2.98848975311852
方式2对齐后,619.121,568.646115,9.7511464006796,-2.37122436148554
方式2对齐后,619.321,568.846115,10.1795775049473,-2.9045008502110603
方式2对齐后,619.521,569.046115,9.9855587583561,-2.6024444877923
方式2对齐后,619.721,569.246115,11.410782358766,-2.8527425767235
方式2对齐后,619.921,569.4461150000001,9.9659223366877,-2.8688803662352997
方式2对齐后,620.121,569.646115,10.8976361752072,-2.49578137535389
方式2对齐后,620.321,569.846115,10.4593777961434,-3.2818242778974502
方式2对齐后,620.521,570.046115,11.2232174977399,-3.1184626440250103
方式2对齐后,620.721,570.246115,10.4373708249772,-2.67036084911967
方式2对齐后,620.921,570.4461150000001,11.2625302290478,-3.0056250528582105
方式2对齐后,621.121,570.646115,10.1150799572615,-2.51912505955318
方式2对齐后,621.321,570.846115,10.2269302469411,-2.7799267373124703
方式2对齐后,621.521,571.046115,10.5584744128539,-2.47761591647794
方式2对齐后,621.721,571.246115,10.883510189005,-2.6813018859230304
方式2对齐后,621.921,571.4461150000001,11.9120695718859,-3.05253110795094
方式2对齐后,622.121,571.646115,11.2951802364577,-2.88260029443983
方式2对齐后,622.321,571.846115,11.2888025002163,-2.64292345546274
方式2对齐后,622.521,572.046115,11.487500969566,-2.4933630942744998
方式2对齐后,622.721,572.246115,10.1764350603679,-3.97250053000381
方式2对齐后,622.921,572.4461150000001,11.1848550633398,-3.3779992049946603
方式2对齐后,623.121,572.646115,11.8465326863474,-2.99311749575243
方式2对齐后,623.321,572.846115,11.0221886758775,-3.3203180309886102
方式2对齐后,623.521,573.046115,10.859975919387301,-2.79379027484706
方式2对齐后,623.721,573.246115,11.995100622541301,-4.06570800023153
方式2对齐后,623.921,573.4461150000001,11.130090582321,-4.43927052997341
方式2对齐后,624.121,573.646115,11.5070111823436,-1.97528976279997
方式2对齐后,624.321,573.846115,11.3676854513031,-4.29214317303267
方式2对齐后,624.521,574.046115,12.4886733451245,-3.19560394274221
方式2对齐后,624.721,574.246115,12.5952698732192,-3.7701010254744203
方式2对齐后,624.921,574.4461150000001,11.5800117448512,-3.97844196776665
方式2对齐后,625.121,574.646115,10.8470689362359,-1.8491828710489502
方式2对齐后,625.321,574.846115,12.2792187460778,-3.93097819754665
方式2对齐后,625.521,575.046115,11.6781733880825,-3.1048700163650604
方式2对齐后,625.721,575.246115,13.230111702011301,-2.61641460138463
方式2对齐后,625.921,575.4461150000001,12.6803550393301,-3.2865491549357504
方式2对齐后,626.121,575.646115,11.3963923016555,-2.11996770785765
方式2对齐后,626.321,575.846115,11.7070511196165,-2.9314313974413597
方式2对齐后,626.521,576.046115,11.5467281548048,-1.5142483259953798
方式2对齐后,626.721,576.246115,13.0435314742793,-2.93417720231783
方式2对齐后,626.921,576.4461150000001,11.3507137231975,-3.63811309908745
方式2对齐后,627.121,576.646115,13.032656808953801,-3.0861556625574798
方式2对齐后,627.321,576.846115,11.2287211063252,-3.94930239052759
方式2对齐后,627.521,577.046115,11.7744245390453,-3.6514365176924297
方式2对齐后,627.721,577.246115,12.8161656020622,-2.5345615118775697
方式2对齐后,627.921,577.4461150000001,11.6059162071913,-3.8700418716744602
方式2对齐后,628.121,577.646115,13.579400006276101,-4.60573137654587
方式2对齐后,628.321,577.846115,13.5077328957822,-4.17870916889568
方式2对齐后,628.521,578.046115,12.0323891796978,-2.8400402751980103
方式2对齐后,628.721,578.246115,12.5894208534452,-1.9726955853268202
方式2对齐后,628.921,578.4461150000001,12.93159375927,-3.41536522592615
方式2对齐后,629.121,578.646115,13.044789369272399,-3.4067995961697903
方式2对齐后,629.321,578.846115,11.6527670802873,-2.24824211325544
方式2对齐后,629.521,579.046115,11.6611951053944,-2.93147823933478
方式2对齐后,629.721,579.246115,13.0268813636717,-3.9084055511151403
方式2对齐后,629.921,579.4461150000001,13.020303685751601,-3.3891305848178703
方式2对齐后,630.121,579.646115,11.0794399224112,-4.39329173386554
方式2对齐后,630.321,579.846115,12.8561108737505,-3.50676419454824
方式2对齐后,630.521,580.046115,13.082488338543,-2.10604190061482
方式2对齐后,630.721,580.246115,12.9028572706576,-2.69528382601065
方式2对齐后,630.921,580.4461150000001,13.5886816708518,-4.56836974258836
方式2对齐后,631.121,580.646115,13.624230264192699,-3.8439165549379304
方式2对齐后,631.321,580.846115,14.1688093838117,-3.76005057647249
方式2对齐后,631.521,581.046115,13.466726409971999,-2.8534766136688
方式2对齐后,631.721,581.246115,13.9418211270127,-3.99503786323943
方式2对齐后,631.921,581.4461150000001,13.1647645941139,-2.33004646067908
方式2对齐后,632.121,581.646115,12.2397517140936,-2.52819580999863
方式2对齐后,632.321,581.846115,14.2497986717766,-3.24299230930317
方式2对齐后,632.521,582.046115,12.8635689390825,-3.6791519211373
方式2对齐后,632.721,582.246115,13.8044206197071,-3.507441774269
方式2对齐后,632.921,582.4461150000001,15.6264602518222,-3.4770321574116503
方式2对齐后,633.121,582.646115,15.2299816191049,-3.1481970918458098
方式2对齐后,633.321,582.846115,14.832394865341199,-2.8810957099772905
方式2对齐后,633.521,583.046115,13.1551554567983,-1.76016764922465
方式2对齐后,633.721,583.246115,14.477144437109901,-1.93729966563743
方式2对齐后,633.921,583.4461150000001,14.2881779183168,-2.54096134207301
方式2对齐后,634.121,583.646115,14.715788202116899,-3.20930032519144
方式2对齐后,634.321,583.846115,14.845682689902299,-1.34642891725631
方式2对齐后,634.521,584.046115,12.8689682831722,-2.46327838907579
方式2对齐后,634.721,584.246115,14.248240970916902,-1.9320940855977802
方式2对齐后,634.921,584.4461150000001,14.158455186261799,-1.74523756595974
方式2对齐后,635.121,584.646115,15.8040428598021,-2.2368974084038005
方式2对齐后,635.321,584.846115,13.379405962040599,-3.6850306226072
方式2对齐后,635.521,585.046115,13.618840428204,-2.84336690751843
方式2对齐后,635.721,585.246115,14.1161263371544,-2.60603346319105
方式2对齐后,635.921,585.4461150000001,15.1392780822927,-2.69478207367617
方式2对齐后,636.121,585.646115,14.8261042962899,-2.6744349790089696
方式2对齐后,636.321,585.846115,14.864542700773802,-2.14974523798412
方式2对齐后,636.521,586.046115,15.199234484787402,-3.7936264094173398
方式2对齐后,636.721,586.246115,14.3999408818999,-3.9588387682266903
方式2对齐后,636.921,586.4461150000001,15.4832956452143,-2.2065624521923297
方式2对齐后,637.121,586.646115,14.0462039213874,-2.949084932743
方式2对齐后,637.321,586.846115,15.173669542139399,-0.9499863234903301
方式2对齐后,637.521,587.046115,14.8014214756332,-3.8594301959751505
方式2对齐后,637.721,587.246115,15.218237387260901,-3.66684983831318
方式2对齐后,637.921,587.4461150000001,15.109403193504802,-2.6450015963582
方式2对齐后,638.121,587.646115,14.720705030805801,-3.8036191945886504
方式2对齐后,638.321,587.846115,12.960936120094802,-2.09693082827117
方式2对齐后,638.521,588.046115,14.748826462667099,-3.0755108824797297
方式2对齐后,638.721,588.246115,14.821098020004099,-2.6368752017835098
方式2对齐后,638.921,588.4461150000001,15.2496615252939,-3.5979707862389203
方式2对齐后,639.121,588.646115,14.4783124637987,-1.19643780202445
方式2对齐后,639.321,588.846115,14.7612657127503,-2.06508331153625
方式2对齐后,639.521,589.046115,14.788880580285399,-5.18652779054177
方式2对齐后,639.721,589.246115,15.461466474876902,-2.43603910755907
方式2对齐后,639.921,589.4461150000001,15.6878427472345,-2.85480880939921
方式2对齐后,640.121,589.646115,15.419494644177002,-1.9997847481698399
方式2对齐后,640.321,589.846115,16.361667111075,-3.3810318357147304
方式2对齐后,640.521,590.046115,16.3494726849882,-1.40557479203976
方式2对齐后,640.721,590.246115,14.3974545051989,-2.12459793029206
方式2对齐后,640.921,590.4461150000001,16.8248576831882,-2.03873359531515
方式2对齐后,641.121,590.646115,15.760989733418802,-3.7307642835168
方式2对齐后,641.321,590.846115,16.271184821855698,-1.9761595765281799
方式2对齐后,641.521,591.046115,16.108430583223097,-0.6919312117796999
方式2对齐后,641.721,591.246115,15.002883823615802,-1.20540988441219
方式2对齐后,641.921,591.4461150000001,16.2303391863445,-2.31129505060293
方式2对齐后,642.121,591.646115,16.631128934627597,-2.2227182013921
方式2对齐后,642.321,591.846115,14.953844498990899,-2.4303652938484497
方式2对齐后,642.521,592.046115,16.6854782845068,-1.54603984421334
方式2对齐后,642.721,592.246115,16.381390264727997,-0.9986883852774899
方式2对齐后,642.921,592.4461150000001,16.4638643080172,-1.54268247909696
方式2对齐后,643.121,592.646115,16.681903984594797,-2.9117815080270004
方式2对齐后,643.321,592.846115,16.412928667085097,-1.4143404284699401
方式2对齐后,643.521,593.046115,17.948353199321602,-1.38223500340289
方式2对齐后,643.721,593.246115,17.207744738572202,-2.97646328807411
方式2对齐后,643.921,593.4461150000001,14.854746220044001,-1.0683403566027598
方式2对齐后,644.121,593.646115,17.1743939058994,-2.75211032317197
方式2对齐后,644.321,593.846115,16.471397494025297,-0.85015778393791
方式2对齐后,644.521,594.046115,15.537006865623399,-2.2758980639123
方式2对齐后,644.721,594.246115,15.0626188176587,-2.4289238179520405
方式2对齐后,644.921,594.4461150000001,17.365458767453703,-3.4157991750278702
方式2对齐后,645.121,594.646115,15.941501741025201,-3.7466349288994003
方式2对齐后,645.321,594.846115,17.1552899109995,-1.6010860181350202
方式2对齐后,645.521,595.046115,17.224211278679803,-2.3135727977642198
方式2对齐后,645.721,595.246115,16.985859145090302,-3.2326738904666
方式2对齐后,645.921,595.4461150000001,17.5647494560358,-0.9118323872198202
方式2对齐后,646.121,595.646115,17.4357617645569,-1.51561793098913
方式2对齐后,646.321,595.846115,15.7149192398499,-3.0959094989454696
方式2对齐后,646.521,596.046115,17.5719012723971,-2.11220411199483
方式2对齐后,646.721,596.246115,17.901732185289,-3.2812095268436403
方式2对齐后,646.921,596.4461150000001,16.1068332226016,-2.2614014047795097
方式2对齐后,647.121,596.646115,17.374181212920703,-1.7385995330844901
方式2对齐后,647.321,596.846115,16.262058465088202,0.63854394088032
方式2对齐后,647.521,597.046115,16.557112798759803,-1.04667533825475
方式2对齐后,647.721,597.246115,17.363154091541404,-1.8550706751906803
方式2对齐后,647.921,597.4461150000001,17.8269598545223,-1.1698594477580402
方式2对齐后,648.121,597.646115,17.3871180262381,-1.3603689601384699
方式2对齐后,648.321,597.846115,17.031166375792303,-2.24300614500744
方式2对齐后,648.521,598.046115,16.959269609946098,-2.74141094233795
方式2对齐后,648.721,598.246115,17.7294984178437,-3.8368328597016603
方式2对齐后,648.921,598.4461150000001,17.577339623958302,-1.55129620868572
方式2对齐后,649.121,598.646115,17.591060077272402,-1.9057257289097902
方式2对齐后,649.321,598.846115,16.6661569534838,-0.55280621816047
方式2对齐后,649.521,599.046115,18.2342412887349,-3.00648276700281
方式2对齐后,649.721,599.246115,19.2437286360029,-2.89737232667808
方式2对齐后,649.921,599.4461150000001,18.652193480959703,-2.16930483498939
方式2对齐后,650.121,599.646115,17.5293801648793,-2.8233285036845697
方式2对齐后,650.321,599.846115,16.571035316311203,-2.3048425103920804
方式2对齐后,650.521,600.046115,17.2338009701729,-3.79151231425402
方式2对齐后,650.721,600.246115,17.737913113500603,-0.8696649723035201
方式2对齐后,650.921,600.4461150000001,18.604506278089197,-1.87494745010132
方式2对齐后,651.121,600.646115,17.435178994919504,-1.83641762868583
方式2对齐后,651.321,600.846115,18.2682197748373,-2.3874780173565497
方式2对齐后,651.521,601.046115,18.0733463986533,-1.7045481073430402
方式2对齐后,651.721,601.246115,17.940689240422998,-0.96085814562201
方式2对齐后,651.921,601.4461150000001,18.4743859809035,-2.42657072871517
方式2对齐后,652.121,601.646115,17.1947561237518,-1.59165472883904
方式2对齐后,652.321,601.846115,18.098668277943702,-0.47778323393358013
方式2对齐后,652.521,602.046115,17.8657099513997,-2.05213286625492
方式2对齐后,652.721,602.246115,17.3029441397886,-2.07280816407361
方式2对齐后,652.921,602.4461150000001,19.0399962660558,-2.20153208481468
方式2对齐后,653.121,602.646115,18.848233368462303,-2.18887229641281
方式2对齐后,653.321,602.846115,18.5428300340568,-1.62572475578924
方式2对齐后,653.521,603.046115,19.342445667625498,-1.3790485732795998
方式2对齐后,653.721,603.246115,20.2126567198964,-2.55963879304812
方式2对齐后,653.921,603.4461150000001,19.4895448259568,-0.9599988810491702
方式2对齐后,654.121,603.646115,19.212305108464697,-1.3759180607544401
方式2对齐后,654.321,603.846115,18.8160553651798,-2.7918167221071
方式2对齐后,654.521,604.046115,17.2627062509818,-0.7466394015155
方式2对齐后,654.721,604.246115,18.416791969586,-0.83545130261624
方式2对齐后,654.921,604.4461150000001,17.512416762381,-1.1187731353861001
方式2对齐后,655.121,604.646115,18.145410478814597,-0.8735683579892402
方式2对齐后,655.321,604.846115,19.228896383970003,-2.20193944667464
方式2对齐后,655.521,605.046115,20.1911412474401,-1.6469989439610702
方式2对齐后,655.721,605.246115,16.661022826917602,-1.62800147664657
方式2对齐后,655.921,605.4461150000001,17.814549747220298,-0.5484621660427003
方式2对齐后,656.121,605.646115,19.072985475922998,-0.9715403666635503
方式2对齐后,656.321,605.846115,20.901284860354203,-1.74519327213287
方式2对齐后,656.521,606.046115,17.128506524414902,-1.54093739855614
方式2对齐后,656.721,606.246115,18.9356621465907,-0.83905904780773
方式2对齐后,656.921,606.4461150000001,18.9007036921913,-3.29232520324494
方式2对齐后,657.121,606.646115,20.288818942603598,-0.8204145062467902
方式2对齐后,657.321,606.846115,19.309255627327197,-0.8880201914884203
方式2对齐后,657.521,607.046115,18.572367772268798,-0.5095286120112501
方式2对齐后,657.721,607.246115,17.9254736610064,0.79668424107519
方式2对齐后,657.921,607.4461150000001,18.5471320738338,-0.9563909395687702
方式2对齐后,658.121,607.646115,20.3026166786874,-1.64817450748239
方式2对齐后,658.321,607.846115,19.834556218052697,-0.6228646129738102
方式2对齐后,658.521,608.046115,18.9992542114122,-0.4922815223197401
方式2对齐后,658.721,608.246115,17.9547212670276,-1.4736615781692102
方式2对齐后,658.921,608.4461150000001,20.4632563925824,0.58905585829835
方式2对齐后,659.121,608.646115,18.9666650791998,-2.7037290715613604
方式2对齐后,659.321,608.846115,19.9064469780759,-1.76010617049972
方式2对齐后,659.521,609.046115,19.9764393676411,-1.52150165108218
方式2对齐后,659.721,609.246115,20.288762646749,-1.09045016536599
方式2对齐后,659.921,609.4461150000001,19.472568365481003,-0.30371173173036015
方式2对齐后,660.121,609.646115,21.267808054605197,0.6702216766856899
方式2对齐后,660.321,609.846115,19.639885600100797,0.028070430270920044
方式2对齐后,660.521,610.046115,20.3469961783656,-0.7157599357441402
方式2对齐后,660.721,610.246115,19.650193237173802,1.487038713725759
方式2对齐后,660.921,610.4461150000001,18.3864340598495,-1.64210114235736
方式2对齐后,661.121,610.646115,19.073128372412803,-0.6576893941378099
方式2对齐后,661.321,610.846115,19.424070481622003,-0.39705944672879
方式2对齐后,661.521,611.046115,20.2285556663835,-0.31260152315938017
方式2对齐后,661.721,611.246115,19.0259664797886,-0.31637733943412005
方式2对齐后,661.921,611.4461150000001,19.8725394539333,-1.4810865858096203
方式2对齐后,662.121,611.646115,20.9625536274103,-1.58234980958976
方式2对齐后,662.321,611.846115,19.5292071799405,-2.12220555783255
方式2对齐后,662.521,612.046115,19.745366014967303,-0.41889533508479015
方式2对齐后,662.721,612.246115,19.940594179425297,-0.47780460384174006
方式2对齐后,662.921,612.4461150000001,21.244034188059103,0.2099640867569399
方式2对齐后,663.121,612.646115,21.2505443600158,-1.18457338695727
方式2对齐后,663.321,612.846115,19.979723626661197,-1.2044009447714101
方式2对齐后,663.521,613.046115,19.0013687412929,-0.1202096873049101
方式2对齐后,663.721,613.246115,20.638960421258,-1.3598845922914302
方式2对齐后,663.921,613.4461150000001,21.171703250818503,0.5629169844086099
方式2对齐后,664.121,613.646115,19.314235496502498,-0.93980101015616
方式2对齐后,664.321,613.846115,19.195390651509598,-0.4482572533073501
方式2对齐后,664.521,614.046115,20.3293393434099,-0.98162908671519
方式2对齐后,664.721,614.246115,20.283622087112,-1.29691843686954
方式2对齐后,664.921,614.4461150000001,20.473903476651003,-0.68769992582145
方式2对齐后,665.121,614.646115,19.5931695694498,-1.2264430655719702
方式2对齐后,665.321,614.846115,20.785141185723703,-0.86026573041815
方式2对齐后,665.521,615.046115,20.293798823406597,-0.6839188812447898
方式2对齐后,665.721,615.246115,20.0883998788901,-0.7858327321029002
方式2对齐后,665.921,615.4461150000001,21.690829842358198,-0.6902917505903199
方式2对齐后,666.121,615.646115,22.642060555518597,-0.32832305693771024
方式2对齐后,666.321,615.846115,20.670585583617502,0.18977964969242
方式2对齐后,666.521,616.046115,20.542322070686303,-0.5815357424687302
方式2对齐后,666.721,616.246115,20.178909813477,-0.47585295248022996
方式2对齐后,666.921,616.4461150000001,20.002169774768902,-0.48487911674958983
方式2对齐后,667.121,616.646115,19.1853221754036,-0.6336442330965499
方式2对齐后,667.321,616.846115,20.506342443857697,0.22826639769400003
方式2对齐后,667.521,617.046115,20.984799886940202,-0.10915497922755013
方式2对齐后,667.721,617.246115,20.128084169359802,0.028942303606089848
方式2对齐后,667.921,617.4461150000001,20.7068811114016,-0.5651004574746699
方式2对齐后,668.121,617.646115,20.5165692432262,1.6231009841483799
方式2对齐后,668.321,617.846115,20.366956072766598,0.76215678963269
方式2对齐后,668.521,618.046115,21.304826734177702,0.5961027951528799
方式2对齐后,668.721,618.246115,18.618226838001597,-0.07066616496122013
方式2对齐后,668.921,618.4461150000001,21.668861829056098,0.3619752279771
方式2对齐后,669.121,618.646115,22.1052544863813,0.015412503056589921
方式2对齐后,669.321,618.846115,20.5426799951557,0.5877253800734199
方式2对齐后,669.521,619.046115,21.730477782793898,-0.5641601361412802
方式2对齐后,669.721,619.246115,20.4440587014668,-1.0196516660828903
方式2对齐后,669.921,619.4461150000001,20.5586531678138,1.134764179479568
方式2对齐后,670.121,619.646115,20.369131502722404,-1.33086423926206
方式2对齐后,670.321,619.846115,20.477708323455197,1.183198961410385
方式2对齐后,670.521,620.046115,19.5010201255839,0.13448918755248984
方式2对齐后,670.721,620.246115,21.2275985591164,-0.05579368729412004
方式2对齐后,670.921,620.4461150000001,22.8108360139786,1.100939584555174
方式2对齐后,671.121,620.646115,21.009788802344403,-0.3317082165911902
方式2对齐后,671.321,620.846115,21.182595379772003,0.9736413284478449
方式2对齐后,671.521,621.046115,21.996157996442598,1.158714965894087
方式2对齐后,671.721,621.246115,22.066392436636598,0.41323709144541
方式2对齐后,671.921,621.4461150000001,20.7162444647197,-0.3626908415752301
方式2对齐后,672.121,621.646115,20.6926323127501,0.62544014978546
方式2对齐后,672.321,621.846115,22.509300153457097,0.9249867165303279
方式2对齐后,672.521,622.046115,21.4964551524248,-0.17870296123374008
方式2对齐后,672.721,622.246115,20.844925915039198,-1.0858605365280298
方式2对齐后,672.921,622.4461150000001,22.7695932731625,0.3556655122649999
方式2对齐后,673.121,622.646115,22.188269184887098,0.66703736043215
方式2对齐后,673.321,622.846115,21.884667513855298,0.3750390960574699
方式2对齐后,673.521,623.046115,21.748594505283798,1.2364728490060148
方式2对齐后,673.721,623.246115,20.8058754789353,0.883234195236687
方式2对齐后,673.921,623.4461150000001,21.5391478163516,-0.8862851356373103
方式2对齐后,674.121,623.646115,21.6897743443851,-0.20382641913196986
方式2对齐后,674.321,623.846115,21.6293544951943,0.7328908661414
方式2对齐后,674.521,624.046115,21.297100518636803,1.618276940663
方式2对齐后,674.721,624.246115,22.0798387142189,-0.2070312436294901
方式2对齐后,674.921,624.4461150000001,22.0696612886643,0.8287602902045599
方式2对齐后,675.121,624.646115,21.308386056555598,0.6114810677718399
方式2对齐后,675.321,624.846115,22.4048292739987,1.294525700736716
方式2对齐后,675.521,625.046115,20.6854608561895,1.226658402912729
方式2对齐后,675.721,625.246115,21.1827592165387,1.534755013142969
方式2对齐后,675.921,625.4461150000001,21.447595192064703,1.1530999823647048
方式2对齐后,676.121,625.646115,22.107173164283303,0.11667362114327995
方式2对齐后,676.321,625.846115,21.4196549780471,-0.4902687713470799
方式2对齐后,676.521,626.046115,22.211075036781303,0.5051905489118
方式2对齐后,676.721,626.246115,22.037845563606197,1.551623492832362
方式2对齐后,676.921,626.4461150000001,21.543029425324498,2.2321735490508408
方式2对齐后,677.121,626.646115,21.647170362310597,2.20809883765569
方式2对齐后,677.321,626.846115,22.3248672569364,1.479123170129441
方式2对齐后,677.521,627.046115,21.460836730044903,1.1274502705424019
方式2对齐后,677.721,627.246115,22.3076288499567,0.2769491402258599
方式2对齐后,677.921,627.4461150000001,21.456459892911504,1.203074682707833
方式2对齐后,678.121,627.646115,23.633318224302897,1.000159394778081
方式2对齐后,678.321,627.846115,21.370764756329102,3.19515656798224
方式2对齐后,678.521,628.046115,21.747864940926497,0.08085220346013
方式2对齐后,678.721,628.246115,21.4629880224607,0.57383161856204
方式2对齐后,678.921,628.4461150000001,22.7450755501526,-0.41764431550087
方式2对齐后,679.121,628.646115,20.976730928169303,0.65807239189356
方式2对齐后,679.321,628.846115,22.456378235587998,2.202386635745195
方式2对齐后,679.521,629.046115,20.5379719419511,0.4373956799607699
方式2对齐后,679.721,629.246115,22.2466693484415,3.1090847170185
方式2对齐后,679.921,629.4461150000001,21.437264306539497,1.006353684017157
方式2对齐后,680.121,629.646115,23.475181654226603,0.32913440326473986
方式2对齐后,680.321,629.846115,21.652756423112997,0.5600735996647599
方式2对齐后,680.521,630.046115,22.236087578264502,0.36976047177652993
方式2对齐后,680.721,630.246115,21.9332360943623,0.15855554071687994
方式2对齐后,680.921,630.4461150000001,21.5384641934626,0.8767735342347379
方式2对齐后,681.121,630.646115,21.3300161433392,2.009185216631741
方式2对齐后,681.321,630.846115,21.5109700123135,1.9226025297485394
方式2对齐后,681.521,631.046115,23.018438768054203,1.3583291307838379
方式2对齐后,681.721,631.246115,21.873875429213697,-0.3199144525855302
方式2对齐后,681.921,631.4461150000001,22.5219838026119,1.607524099103667
方式2对齐后,682.121,631.646115,22.2781467453281,1.7876647859741468
方式2对齐后,682.321,631.846115,22.4706106271341,2.475926464025997
方式2对齐后,682.521,632.046115,21.8575670754866,2.2430341269845737
方式2对齐后,682.721,632.246115,22.1693965582421,-0.0820572498883001
方式2对齐后,682.921,632.4461150000001,22.467013177058497,0.9853428042792389
方式2对齐后,683.121,632.646115,22.253371995685598,2.5316316265379077
方式2对齐后,683.321,632.846115,22.231395351824,-0.35360319247009997
方式2对齐后,683.521,633.046115,21.3267113428954,1.441866673235616
方式2对齐后,683.721,633.246115,23.0062251768193,1.435534190354392
方式2对齐后,683.921,633.4461150000001,22.920624666536597,0.9843827149114439
方式2对齐后,684.121,633.646115,20.7397749689736,1.295961190902643
方式2对齐后,684.321,633.846115,23.1022776210064,0.8138357145222599
方式2对齐后,684.521,634.046115,22.642363831987197,0.9804779662921199
方式2对齐后,684.721,634.246115,22.8410713358354,0.72961079581498
方式2对齐后,684.921,634.4461150000001,21.007489730958604,1.9030018792532948
方式2对齐后,685.121,634.646115,22.3426297680413,2.031519984888963
方式2对齐后,685.321,634.846115,22.9263270188993,1.446018662077582
方式2对齐后,685.521,635.046115,20.758297795183097,2.206765709001736
方式2对齐后,685.721,635.246115,21.3951425333479,1.5808207800608378
方式2对齐后,685.921,635.4461150000001,22.7899586328748,3.55584366862402
方式2对齐后,686.121,635.646115,22.084248950750798,3.53754200232004
方式2对齐后,686.321,635.846115,22.590182310497504,1.7863775361359844
方式2对齐后,686.521,636.046115,21.7188305526578,1.690090100135755
方式2对齐后,686.721,636.246115,23.071430929435998,1.8046684478565571
方式2对齐后,686.921,636.4461150000001,21.285547639051998,2.10118868441884
方式2对齐后,687.121,636.646115,21.985164844339202,1.643432355061698
方式2对齐后,687.321,636.846115,22.379792323550497,3.14959732084147
方式2对齐后,687.521,637.046115,23.0666514938031,1.2703208009194529
方式2对齐后,687.721,637.246115,22.600482994506997,1.401180511436638
方式2对齐后,687.921,637.4461150000001,22.8955029137417,2.54781157302398
方式2对齐后,688.121,637.646115,22.3723184589363,2.048910495027239
方式2对齐后,688.321,637.846115,25.017594905493603,2.583102399331235
方式2对齐后,688.521,638.046115,21.739052771436498,2.313436309633394
方式2对齐后,688.721,638.246115,21.9621540042774,1.543731050301626
方式2对齐后,688.921,638.4461150000001,22.9615978503832,2.721109382693164
方式2对齐后,689.121,638.646115,22.3747493409903,2.368349596828529
方式2对齐后,689.321,638.846115,22.8729998329828,2.99563292189452
方式2对齐后,689.521,639.046115,23.6325209927316,1.8838671978768975
方式2对齐后,689.721,639.246115,23.672269455831398,3.11615386945059
方式2对齐后,689.921,639.4461150000001,21.9702194276788,3.73141022895356
方式2对齐后,690.121,639.646115,22.1860979096925,1.9534907176889948
方式2对齐后,690.321,639.846115,22.839981348516197,3.90189133404825
方式2对齐后,690.521,640.046115,23.324281524827597,2.89646674612304
方式2对齐后,690.721,640.246115,22.940000554534898,3.71782552587747
方式2对齐后,690.921,640.4461150000001,23.545834364597397,2.38997699599641
方式2对齐后,691.121,640.646115,24.097582656471204,4.42339162587821
方式2对齐后,691.321,640.846115,21.9310759420867,3.12266452312181
方式2对齐后,691.521,641.046115,23.3941563493932,3.05857304418248
方式2对齐后,691.721,641.246115,22.631106532354003,1.6671173600916749
方式2对齐后,691.921,641.4461150000001,23.696942259706702,3.6549457732020603
方式2对齐后,692.121,641.646115,23.038514531967003,3.9121954222642
方式2对齐后,692.321,641.846115,22.8318854388057,2.286998670782082
方式2对齐后,692.521,642.046115,22.1578633526832,2.245392035477551
方式2对齐后,692.721,642.246115,23.3466745630858,3.03067101876686
方式2对齐后,692.921,642.4461150000001,22.706035772173202,4.21099950109385
方式2对齐后,693.121,642.646115,22.474097247966,3.54777764927355
方式2对齐后,693.321,642.846115,23.176567007565403,2.226473006351508
方式2对齐后,693.521,643.046115,24.0455139280417,3.93245873880335
方式2对齐后,693.721,643.246115,21.941545048680602,3.22936955423859
方式2对齐后,693.921,643.4461150000001,23.7647741460066,2.641819858851958
方式2对齐后,694.121,643.646115,21.739941759375,4.49565009852021
方式2对齐后,694.321,643.846115,22.2266547114367,3.2979411914201
方式2对齐后,694.521,644.046115,21.9296112788292,3.32256934869555
方式2对齐后,694.721,644.246115,22.764345238625303,2.681893468598373
方式2对齐后,694.921,644.4461150000001,22.391463190580197,4.35048083037982
方式2对齐后,695.121,644.646115,23.5207802923143,2.831222754102254
方式2对齐后,695.321,644.846115,22.662841776094602,1.717371157081226
方式2对齐后,695.521,645.046115,22.3908508573558,2.808476873521812
方式2对齐后,695.721,645.246115,22.244869360862097,1.975507464658603
方式2对齐后,695.921,645.4461150000001,22.715383614115304,3.0805642190370097
方式2对齐后,696.121,645.646115,21.0560993204708,4.823162073314689
方式2对齐后,696.321,645.846115,23.0456248541297,3.16971470265491
方式2对齐后,696.521,646.046115,21.6260199487889,3.9148909127682
方式2对齐后,696.721,646.246115,21.6297261604562,4.70064083583647
方式2对齐后,696.921,646.4461150000001,22.6316037777555,3.4998101696285797
方式2对齐后,697.121,646.646115,22.608606137402703,3.28218238086703
方式2对齐后,697.321,646.846115,22.079612628061803,3.24458411254377
方式2对齐后,697.521,647.046115,22.994567839410898,3.3874028113123
方式2对齐后,697.721,647.246115,23.3627941166147,5.58130757716562
方式2对齐后,697.921,647.4461150000001,22.934109415092998,2.93181672733171
方式2对齐后,698.121,647.646115,23.0728767544662,1.8489487936751203
方式2对齐后,698.321,647.846115,22.342229459242297,3.67284376770107
方式2对齐后,698.521,648.046115,22.467688033249203,4.5358757776241205
方式2对齐后,698.721,648.246115,22.6464148148478,3.30820357953204
方式2对齐后,698.921,648.4461150000001,21.552769618319502,2.8865376022360296
方式2对齐后,699.121,648.646115,22.9208060474945,4.2671416392924
方式2对齐后,699.321,648.846115,21.611116901331897,4.2706362899024
方式2对齐后,699.521,649.046115,22.7316657631032,2.190451057052752
方式2对齐后,699.721,649.246115,22.7042377090483,4.21152054895126
方式2对齐后,699.921,649.4461150000001,23.4583577140466,3.21718904190522
方式2对齐后,700.121,649.646115,21.6222503812033,5.40961723956927
方式2对齐后,700.321,649.846115,22.1157475307312,4.48662457328262
方式2对齐后,700.521,650.046115,23.345913184291298,3.97752839334256
方式2对齐后,700.721,650.246115,23.2765984477885,3.35618794893748
方式2对齐后,700.921,650.4461150000001,21.391415159208897,3.8599342937421
方式2对齐后,701.121,650.646115,23.0011801541759,2.737407475816913
方式2对齐后,701.321,650.846115,23.402729810078498,3.63821714426466
方式2对齐后,701.521,651.046115,23.268943285074002,4.172610690963809
方式2对齐后,701.721,651.246115,23.081137896305002,5.24540670586482
方式2对齐后,701.921,651.4461150000001,22.2542283757234,3.62181625095515
方式2对齐后,702.121,651.646115,21.537053576333598,4.92045124844255
方式2对齐后,702.321,651.846115,22.238549152300898,3.53495626620451
方式2对齐后,702.521,652.046115,22.765338185205202,4.87179686226101
方式2对齐后,702.721,652.246115,21.2075474124512,5.28869196480156
方式2对齐后,702.921,652.4461150000001,22.823902612645902,3.8513680723562698
方式2对齐后,703.121,652.646115,22.2505335751193,4.5079483006699
方式2对齐后,703.321,652.846115,22.8621657529717,3.94434287721911
方式2对齐后,703.521,653.046115,21.3277959571029,3.86809019129893
方式2对齐后,703.721,653.246115,22.1171289539501,4.62311853053852
方式2对齐后,703.921,653.4461150000001,21.350272091332002,6.6919537529360795
方式2对齐后,704.121,653.646115,21.805260092870498,4.9798096627077
方式2对齐后,704.321,653.846115,20.863309130233404,4.88910179786301
方式2对齐后,704.521,654.046115,23.795345070622503,4.63432181369444
方式2对齐后,704.721,654.246115,21.3341588264704,4.08878255011081
方式2对齐后,704.921,654.4461150000001,20.977410521702602,3.18475545023083
方式2对齐后,705.121,654.646115,22.622593850489103,4.64027724482015
方式2对齐后,705.321,654.846115,22.1222278065423,5.670544322939421
方式2对齐后,705.521,655.046115,23.7888928940435,3.9731235871815898
方式2对齐后,705.721,655.246115,22.4092849402818,4.825888330020209
方式2对齐后,705.921,655.4461150000001,23.5056105840008,4.554720535006799
方式2对齐后,706.121,655.646115,24.936197889223003,5.8252261712159505
方式2对齐后,706.321,655.846115,22.3508749251137,4.30346449288295
方式2对齐后,706.521,656.046115,21.9049235003244,5.81422742560897
方式2对齐后,706.721,656.246115,23.4813749525389,4.76384861238159
方式2对齐后,706.921,656.4461150000001,22.6952988863205,5.53238744414741
方式2对齐后,707.121,656.646115,21.4365207499053,4.00333618629195
方式2对齐后,707.321,656.846115,23.647739269492497,4.30810851449683
方式2对齐后,707.521,657.046115,23.0677567293108,3.83313201873601
方式2对齐后,707.721,657.246115,21.9756155841876,4.2357255825396
方式2对齐后,707.921,657.4461150000001,22.848047018559,5.00299008812879
方式2对齐后,708.121,657.646115,21.8016993128102,4.75534565028946
方式2对齐后,708.321,657.846115,22.267449319269197,4.2086335861470605
方式2对齐后,708.521,658.046115,20.8104591994638,6.05720019669892
方式2对齐后,708.721,658.246115,22.8786660415442,4.6579149052281394
方式2对齐后,708.921,658.4461150000001,22.064098296676597,5.08336086915801
方式2对齐后,709.121,658.646115,23.1514511471863,3.9261678673544997
方式2对齐后,709.321,658.846115,22.47829822368,4.9092175599047305
方式2对齐后,709.521,659.046115,21.9271496152109,5.50086769796436
方式2对齐后,709.721,659.246115,21.5134013230878,4.319404399700931
方式2对齐后,709.921,659.4461150000001,22.9590533915895,5.305485351615889
方式2对齐后,710.121,659.646115,21.140111009384597,5.02181862803341
方式2对齐后,710.321,659.846115,21.447378884541102,4.3919502487091595
方式2对齐后,710.521,660.046115,22.361240407192803,5.94984760474728
方式2对齐后,710.721,660.246115,22.687893512889097,5.38874091570011
方式2对齐后,710.921,660.4461150000001,21.589695974962403,4.494669374652689
方式2对齐后,711.121,660.646115,21.5709423891805,4.93453267551571
方式2对齐后,711.321,660.846115,21.9538558329184,5.55177961458513
方式2对齐后,711.521,661.046115,22.014048593270203,3.72453103584725
方式2对齐后,711.721,661.246115,22.3937660993815,4.695078226518159
方式2对齐后,711.921,661.4461150000001,22.269636814974604,5.53176474667582
方式2对齐后,712.121,661.646115,22.5831716273466,5.53952886020031
方式2对齐后,712.321,661.846115,22.728558655258098,5.673130672568091
方式2对齐后,712.521,662.046115,22.298656693098998,5.06556087648468
方式2对齐后,712.721,662.246115,21.3171690816012,5.8587460192239895
方式2对齐后,712.921,662.4461150000001,22.748613607757903,5.09705186200498
方式2对齐后,713.121,662.646115,22.662693380236497,5.95421008092529
方式2对齐后,713.321,662.846115,22.686168465300703,4.421728825451201
方式2对齐后,713.521,663.046115,21.402332211886602,7.129852707407
方式2对齐后,713.721,663.246115,21.130188926292497,5.070130446995369
方式2对齐后,713.921,663.4461150000001,21.520972756239097,5.16420411334017
方式2对齐后,714.121,663.646115,22.677146679825,5.017792293787259
方式2对齐后,714.321,663.846115,21.7222956512365,4.75860055985848
方式2对齐后,714.521,664.046115,22.354019785352797,6.62399437986547
方式2对齐后,714.721,664.246115,21.369690087192502,4.89061231788946
方式2对齐后,714.921,664.4461150000001,22.2196090425835,5.5008053065524205
方式2对齐后,715.121,664.646115,21.6555473606384,5.8666037028080895
方式2对齐后,715.321,664.846115,22.430679183985802,6.35796591678525
方式2对齐后,715.521,665.046115,20.6009418522493,7.52185121046786
方式2对齐后,715.721,665.246115,22.883650832254403,5.87322919786013
方式2对齐后,715.921,665.4461150000001,21.898444454179902,4.76794372247365
方式2对齐后,716.121,665.646115,21.2580766160682,8.08789234220529
方式2对齐后,716.321,665.846115,20.234580987714203,5.46781164316474
方式2对齐后,716.521,666.046115,21.818213108841903,5.39160438041219
方式2对齐后,716.721,666.246115,22.0273238782068,4.990108045943639
方式2对齐后,716.921,666.4461150000001,21.1326901727559,4.26707165475819
方式2对齐后,717.121,666.646115,21.355755592029297,6.0893267338361
方式2对齐后,717.321,666.846115,22.137490670141297,5.96083170529635
方式2对齐后,717.521,667.046115,21.2669176933805,7.40765522595249
方式2对齐后,717.721,667.246115,21.774894231700898,5.50478312886087
方式2对齐后,717.921,667.4461150000001,22.161901896066503,6.46132997156894
方式2对齐后,718.121,667.646115,22.675402960519698,7.52687633437122
方式2对齐后,718.321,667.846115,21.9760337362327,6.53662021867764
方式2对齐后,718.521,668.046115,21.559768295030104,6.33427684863499
方式2对齐后,718.721,668.246115,20.5452689266992,6.3619785624515
方式2对齐后,718.921,668.4461150000001,19.891356371921802,6.14819735029042
方式2对齐后,719.121,668.646115,21.520749877912202,6.66659603657151
方式2对齐后,719.321,668.846115,22.0212087241798,6.06915084950349
方式2对齐后,719.521,669.046115,21.714830599928902,5.6100190364899305
方式2对齐后,719.721,669.246115,21.528467167609897,6.33936789718438
方式2对齐后,719.921,669.4461150000001,21.042533136634503,6.24653652041894
方式2对齐后,720.121,669.646115,21.021298993518798,7.3710887616673295
方式2对齐后,720.321,669.846115,22.3385698847989,4.7798601572897095
方式2对齐后,720.521,670.046115,21.717063359170098,5.65347134743431
方式2对齐后,720.721,670.246115,21.2285087405751,5.44442459622012
方式2对齐后,720.921,670.4461150000001,21.1659260686424,6.78128335266141
方式2对齐后,721.121,670.646115,20.956506090099097,5.99630146341633
方式2对齐后,721.321,670.846115,22.8883571392861,6.66312239927052
方式2对齐后,721.521,671.046115,21.781966562981303,7.8533807798210296
方式2对齐后,721.721,671.246115,20.377156354766,7.07796609178933
方式2对齐后,721.921,671.4461150000001,22.1633590308223,6.4223161751166495
方式2对齐后,722.121,671.646115,19.783689655160302,5.6712932412447
方式2对齐后,722.321,671.846115,20.891785339259698,8.2843468399445
方式2对齐后,722.521,672.046115,20.7828698989212,6.25452035413202
方式2对齐后,722.721,672.246115,20.7118549811239,5.90830761662874
方式2对齐后,722.921,672.4461150000001,21.649886037279998,7.97679212540665
方式2对齐后,723.121,672.646115,22.097608764996203,5.8130267254937
方式2对齐后,723.321,672.846115,21.7809351752979,6.04931170893885
方式2对齐后,723.521,673.046115,20.4632727628793,6.25656821529642
方式2对齐后,723.721,673.246115,20.0158750197941,6.85309207453675
方式2对齐后,723.921,673.4461150000001,18.820932777811997,7.25279010771417
方式2对齐后,724.121,673.646115,21.174729852849197,6.15829747304814
方式2对齐后,724.321,673.846115,21.1622282667957,7.07190047497136
方式2对齐后,724.521,674.046115,19.5063555079032,6.12301355628464
方式2对齐后,724.721,674.246115,20.222705033950604,5.1079882861698405
方式2对齐后,724.921,674.4461150000001,20.714950160823598,7.01026638467474
方式2对齐后,725.121,674.646115,20.6157375519428,7.09454729455915
方式2对齐后,725.321,674.846115,20.5741424177952,8.2876168317681
方式2对齐后,725.521,675.046115,19.844982282698098,6.71854738853206
方式2对齐后,725.721,675.246115,20.0529859395468,7.98352677183321
方式2对齐后,725.921,675.4461150000001,21.887676904478198,8.305222818788309
方式2对齐后,726.121,675.646115,21.857371091854603,6.33056259144672
方式2对齐后,726.321,675.846115,20.4730357287199,7.62934061174518
方式2对齐后,726.521,676.046115,20.3715491880565,7.58567766100647
方式2对齐后,726.721,676.246115,19.704725727169503,6.52665405449877
方式2对齐后,726.921,676.4461150000001,20.2099807436063,7.29510718498984
方式2对齐后,727.121,676.646115,20.387439524530997,6.06959758593825
方式2对齐后,727.321,676.846115,20.6204887116603,7.21499383459878
方式2对齐后,727.521,677.046115,20.629666578515298,7.13174755412424
方式2对齐后,727.721,677.246115,20.845371079695802,8.10793360810961
方式2对齐后,727.921,677.4461150000001,18.967941581436698,7.24127442831452
方式2对齐后,728.121,677.646115,19.701068389653898,8.364792005583439
方式2对齐后,728.321,677.846115,19.687992206122402,6.39714050708065
方式2对齐后,728.521,678.046115,21.5455705495321,4.53486121998192
方式2对齐后,728.721,678.246115,20.156670878782002,8.64888390941997
方式2对齐后,728.921,678.4461150000001,20.572226292577703,8.04334759557217
方式2对齐后,729.121,678.646115,19.5295136439456,8.215383899327449
方式2对齐后,729.321,678.846115,20.260355958545198,6.7060099338665395
方式2对齐后,729.521,679.046115,20.474429304325298,6.30963774012424
方式2对齐后,729.721,679.246115,21.284169252434097,6.70071801648968
方式2对齐后,729.921,679.4461150000001,20.679485919143197,7.20751460316322
方式2对齐后,730.121,679.646115,18.9507556111083,7.50439776126595
方式2对齐后,730.321,679.846115,20.336158480820202,7.05503450289882
方式2对齐后,730.521,680.046115,18.8967731328233,8.320346286823359
方式2对齐后,730.721,680.246115,18.867505165948202,7.12671198642238
方式2对齐后,730.921,680.4461150000001,19.554722259688297,7.59494496331656
方式2对齐后,731.121,680.646115,19.404659195656997,5.71269013044122
方式2对齐后,731.321,680.846115,18.5817653826127,7.82606155330339
方式2对齐后,731.521,681.046115,18.546212592127404,7.77495318428055
方式2对齐后,731.721,681.246115,17.710747518629802,7.14980753504472
方式2对齐后,731.921,681.4461150000001,19.180908941751802,6.98951259321025
方式2对齐后,732.121,681.646115,19.864730202946703,7.28819008184064
方式2对齐后,732.321,681.846115,18.932674707611298,6.41301427831143
方式2对齐后,732.521,682.046115,19.269973175225303,7.78841435511321
方式2对齐后,732.721,682.246115,20.125787075924002,5.1670969799755095
方式2对齐后,732.921,682.4461150000001,18.623960136696503,8.268293857669331
方式2对齐后,733.121,682.646115,18.860658885287698,8.054593544275669
方式2对齐后,733.321,682.846115,17.352937709912,7.56653723279152
方式2对齐后,733.521,683.046115,19.4735352981728,8.07276045483123
方式2对齐后,733.721,683.246115,17.989455484005298,7.20556170871231
方式2对齐后,733.921,683.4461150000001,19.134178945583898,7.44163204684632
方式2对齐后,734.121,683.646115,18.3322944436376,8.638696948956909
方式2对齐后,734.321,683.846115,18.5121459117739,7.28624246519165
方式2对齐后,734.521,684.046115,19.6612417772075,8.20334673177246
方式2对齐后,734.721,684.246115,18.0767753713475,7.31682813678228
方式2对齐后,734.921,684.4461150000001,19.271154318269197,7.12402184321995
方式2对齐后,735.121,684.646115,18.665947307710198,8.35918802862179
方式2对齐后,735.321,684.846115,19.032414968423303,8.83870174826669
方式2对齐后,735.521,685.046115,17.8003708206521,8.769636158932279
方式2对齐后,735.721,685.246115,16.669285778908403,7.17761668212902
方式2对齐后,735.921,685.4461150000001,18.2488845906515,9.71057151244314
方式2对齐后,736.121,685.646115,18.968261262285402,8.35669718107523
方式2对齐后,736.321,685.846115,18.552220963410903,8.53250548479717
方式2对齐后,736.521,686.046115,20.7369887707612,8.28024875024214
方式2对齐后,736.721,686.246115,18.0028115000187,7.58297881724039
方式2对齐后,736.921,686.4461150000001,17.965788113642198,7.05544937700763
方式2对齐后,737.121,686.646115,18.4930780265502,8.950371458421241
方式2对齐后,737.321,686.846115,18.7833829817532,8.33356893832933
方式2对齐后,737.521,687.046115,18.366509155771297,7.68613023592296
方式2对齐后,737.721,687.246115,16.997644853774602,8.05278060578039
方式2对齐后,737.921,687.4461150000001,19.033021853685902,6.70240590562151
方式2对齐后,738.121,687.646115,18.147658487653104,7.8125179875818995
方式2对齐后,738.321,687.846115,17.7710229899236,7.84065610122673
方式2对齐后,738.521,688.046115,16.837567315399703,7.60175139849947
方式2对齐后,738.721,688.246115,18.1545586058728,8.48008165860524
方式2对齐后,738.921,688.4461150000001,19.4396561961373,7.50293107682248
方式2对齐后,739.121,688.646115,19.316407781560002,8.79300801159853
方式2对齐后,739.321,688.846115,17.9508957797201,8.700176312787509
方式2对齐后,739.521,689.046115,17.903852230426104,7.7894982795559695
方式2对齐后,739.721,689.246115,19.2377754690608,7.61128026300415
方式2对齐后,739.921,689.4461150000001,16.8625320669478,7.96477631720509
方式2对齐后,740.121,689.646115,16.694963569095798,9.17153974301888
方式2对齐后,740.321,689.846115,18.033318078449604,8.86364975199064
方式2对齐后,740.521,690.046115,18.9973688791449,8.97343366594559
方式2对齐后,740.721,690.246115,18.631463120169798,7.71953767159444
方式2对齐后,740.921,690.4461150000001,17.909625789439303,8.16817328011664
方式2对齐后,741.121,690.646115,17.3728930867373,5.36467492406618
方式2对齐后,741.321,690.846115,17.3545539595927,9.01121132468677
方式2对齐后,741.521,691.046115,16.4861571708729,9.65886758647148
方式2对齐后,741.721,691.246115,17.0852295125703,7.88682013699383
方式2对齐后,741.921,691.4461150000001,17.766141697407697,7.56748483019252
方式2对齐后,742.121,691.646115,18.857560634547703,8.878200905528239
方式2对齐后,742.321,691.846115,17.720278864837802,7.41709187219141
方式2对齐后,742.521,692.046115,16.938068525629397,8.40113952040228
方式2对齐后,742.721,692.246115,17.465561404140203,9.08062682816541
方式2对齐后,742.921,692.4461150000001,18.007623517506197,7.22009356941195
方式2对齐后,743.121,692.646115,16.800563982390102,9.51437087797676
方式2对齐后,743.321,692.846115,17.4428501985618,8.308440265368631
方式2对齐后,743.521,693.046115,17.1588884140334,8.46424243375871
方式2对齐后,743.721,693.246115,16.794541010624002,9.22944584336227
方式2对齐后,743.921,693.4461150000001,16.191606581882198,7.594122727591
方式2对齐后,744.121,693.646115,17.740576160783398,8.17260162627715
方式2对齐后,744.321,693.846115,16.5216535035146,9.21026376882698
方式2对齐后,744.521,694.046115,16.556680877190402,9.10630672996651
方式2对齐后,744.721,694.246115,16.6794550832783,9.20833661109048
方式2对齐后,744.921,694.4461150000001,16.0446162221723,8.81615984560651
方式2对齐后,745.121,694.646115,17.2620320817877,8.72479383350737
方式2对齐后,745.321,694.846115,15.399943347646401,7.55823080434839
方式2对齐后,745.521,695.046115,16.7169926961703,9.995483148994769
方式2对齐后,745.721,695.246115,17.1901899852898,8.13948109339595
方式2对齐后,745.921,695.4461150000001,16.741844880574,8.1417401333097
方式2对齐后,746.121,695.646115,17.3137790078966,10.32316271821465
方式2对齐后,746.321,695.846115,16.863653932968802,9.891053577623609
方式2对齐后,746.521,696.046115,17.275180126134003,7.4282700114723
方式2对齐后,746.721,696.246115,16.333056093307697,10.535389902266061
方式2对齐后,746.921,696.4461150000001,17.2779720117629,9.9457480919734
方式2对齐后,747.121,696.646115,16.5576652592057,7.68160564613573
方式2对齐后,747.321,696.846115,16.110952695265,8.65715201074755
方式2对齐后,747.521,697.046115,16.655590621788903,8.27032811095979
方式2对齐后,747.721,697.246115,16.812831075458803,9.39580007732811
方式2对齐后,747.921,697.4461150000001,16.024871409970203,8.10943242461084
方式2对齐后,748.121,697.646115,16.415918741993103,9.43906326352558
方式2对齐后,748.321,697.846115,15.015602116666999,9.23357407559713
方式2对齐后,748.521,698.046115,16.734314948400197,8.12680842479787
方式2对齐后,748.721,698.246115,15.2294421271106,8.98086474476778
方式2对齐后,748.921,698.4461150000001,16.196467842942,8.146494639585711
方式2对齐后,749.121,698.646115,17.216872289487398,7.76699318347783
方式2对齐后,749.321,698.846115,17.641088381884003,7.88749988241388
方式2对齐后,749.521,699.046115,16.200239900651603,10.17200377245802
方式2对齐后,749.721,699.246115,16.497639291312197,8.16279669653874
方式2对齐后,749.921,699.4461150000001,15.7568849765689,9.54611126811853
方式2对齐后,750.121,699.646115,14.4213066706512,8.15235224703971
方式2对齐后,750.321,699.846115,16.2486876869741,8.67982552742997
方式2对齐后,750.521,700.046115,16.4004989374354,8.316010705563109
方式2对齐后,750.721,700.246115,14.949153404352701,9.15463510291585
方式2对齐后,750.921,700.4461150000001,15.234536132365799,8.93411596262239
方式2对齐后,751.121,700.646115,14.943958721127002,9.03407700406748
方式2对齐后,751.321,700.846115,15.715048629987,10.902103543821369
方式2对齐后,751.521,701.046115,14.712517186740198,7.1616103910624
方式2对齐后,751.721,701.246115,16.726941171512998,8.72954084662345
方式2对齐后,751.921,701.4461150000001,16.5467437006251,8.81665692076057
方式2对齐后,752.121,701.646115,15.5803206205877,8.09732527640385
方式2对齐后,752.321,701.846115,15.0489016748816,8.15279303823046
方式2对齐后,752.521,702.046115,15.8366547793833,8.97781499713923
方式2对齐后,752.721,702.246115,14.396768503903202,8.84787022351848
方式2对齐后,752.921,702.4461150000001,14.5519763763635,9.65058952109472
方式2对齐后,753.121,702.646115,16.622349851105,9.938394511414991
方式2对齐后,753.321,702.846115,14.9285907225176,9.3701897664291
方式2对齐后,753.521,703.046115,14.5741043652587,8.34023730530434
方式2对齐后,753.721,703.246115,14.964351972103499,9.54609736509516
方式2对齐后,753.921,703.4461150000001,15.914361272005399,7.85166659388734
方式2对齐后,754.121,703.646115,14.9178508817448,8.64179516880148
方式2对齐后,754.321,703.846115,14.307399738902001,9.93833825020931
方式2对齐后,754.521,704.046115,15.287344555647499,9.23196380094888
方式2对齐后,754.721,704.246115,14.139841470689499,7.46055241190576
方式2对齐后,754.921,704.4461150000001,15.5967413098211,8.81524412231305
方式2对齐后,755.121,704.646115,16.1414896792592,9.16363345412411
方式2对齐后,755.321,704.846115,15.4380159998621,9.422176628691709
方式2对齐后,755.521,705.046115,15.141611311325102,9.2487952067293
方式2对齐后,755.721,705.246115,13.0224552527687,9.93645928093806
方式2对齐后,755.921,705.4461150000001,14.7546502579323,9.32108658010307
方式2对齐后,756.121,705.646115,14.980912479516599,9.69439017404008
方式2对齐后,756.321,705.846115,14.9624442315656,11.28946359444819
方式2对齐后,756.521,706.046115,15.684813934216399,10.201008842441318
方式2对齐后,756.721,706.246115,14.687577008502702,8.852282268756241
方式2对齐后,756.921,706.4461150000001,13.487539364846599,8.996275761970221
方式2对齐后,757.121,706.646115,13.6181973048253,8.88020637487553
方式2对齐后,757.321,706.846115,12.995595312104301,9.3922558243609
方式2对齐后,757.521,707.046115,12.4159961121622,10.08584785667599
方式2对齐后,757.721,707.246115,12.8031317097065,10.46331557213081
方式2对齐后,757.921,707.4461150000001,13.858704067774601,8.64588700013916
方式2对齐后,758.121,707.646115,13.715869821745,8.861334465351689
方式2对齐后,758.321,707.846115,13.739628001795799,8.69096516897229
方式2对齐后,758.521,708.046115,14.0972389540996,10.618070824271499
方式2对齐后,758.721,708.246115,13.4147106426233,10.519012765682401
方式2对齐后,758.921,708.4461150000001,12.972606121791001,9.56405597610945
方式2对齐后,759.121,708.646115,13.7267867664897,9.135032886185819
方式2对齐后,759.321,708.846115,14.840006278200901,8.54928616961463
方式2对齐后,759.521,709.046115,13.978693870232002,7.6057773459949
方式2对齐后,759.721,709.246115,14.7326692046132,9.67784773278865
方式2对齐后,759.921,709.4461150000001,12.9565529474219,10.10359079505897
方式2对齐后,760.121,709.646115,12.581663146361501,10.18182876699089
方式2对齐后,760.321,709.846115,13.868140107047099,9.48026551819284
方式2对齐后,760.521,710.046115,12.936841038509302,9.694964828624471
方式2对齐后,760.721,710.246115,12.9829749640134,10.42821923831934
方式2对齐后,760.921,710.4461150000001,12.6127143408988,8.9633601092903
方式2对齐后,761.121,710.646115,12.737699618026399,10.26571864077994
方式2对齐后,761.321,710.846115,13.876041420529502,9.885492139803642
方式2对齐后,761.521,711.046115,13.4327485204323,8.86975112939804
方式2对齐后,761.721,711.246115,13.2164381286966,8.62693059697451
方式2对齐后,761.921,711.4461150000001,13.781562270823,8.1864505673314
方式2对齐后,762.121,711.646115,12.2852269965603,9.5750085226901
方式2对齐后,762.321,711.846115,13.8829196382539,9.34564116438488
方式2对齐后,762.521,712.046115,13.331289589088898,8.845336557959591
方式2对齐后,762.721,712.246115,12.2368422423889,10.47711813185622
方式2对齐后,762.921,712.4461150000001,13.585793722313499,9.57686566686196
方式2对齐后,763.121,712.646115,11.6207687906075,10.009154543824579
方式2对齐后,763.321,712.846115,13.001033183528902,9.11806803430709
方式2对齐后,763.521,713.046115,12.139129506560801,10.585228043363799
方式2对齐后,763.721,713.246115,12.855754300933901,11.5899597465006
方式2对齐后,763.921,713.4461150000001,12.6751665288636,9.018906428628249
方式2对齐后,764.121,713.646115,12.0652692066184,9.399820490192809
方式2对齐后,764.321,713.846115,13.1873036591173,10.158872810908989
方式2对齐后,764.521,714.046115,12.9186392341761,10.02896239893575
方式2对齐后,764.721,714.246115,11.7666100976346,7.46240944254901
方式2对齐后,764.921,714.4461150000001,13.2263656819224,8.82255622471186
方式2对齐后,765.121,714.646115,10.9733284259021,9.61817927194253
方式2对齐后,765.321,714.846115,13.173145185513699,9.61784991067098
方式2对齐后,765.521,715.046115,12.714440005110399,8.549673648633899
方式2对齐后,765.721,715.246115,13.1637090835908,9.29898523512911
方式2对齐后,765.921,715.4461150000001,11.7842490279128,9.753775678482281
方式2对齐后,766.121,715.646115,11.962929159999101,7.89008267565509
方式2对齐后,766.321,715.846115,11.4519653848176,9.53783608757012
方式2对齐后,766.521,716.046115,12.061105782410701,8.04400260815132
方式2对齐后,766.721,716.246115,13.3501490642626,7.66307537342537
方式2对齐后,766.921,716.4461150000001,10.406633003687,8.353996013367379
方式2对齐后,767.121,716.646115,11.711769277083,9.813393775956989
方式2对齐后,767.321,716.846115,11.4010185183255,9.938925162884502
方式2对齐后,767.521,717.046115,11.373508836831201,9.78308175650617
方式2对齐后,767.721,717.246115,11.3711192646188,6.98497877854711
方式2对齐后,767.921,717.4461150000001,12.2303856667414,9.745912743726251
方式2对齐后,768.121,717.646115,10.573025947886201,9.771223317678409
方式2对齐后,768.321,717.846115,11.5270347805962,9.71157409189677
方式2对齐后,768.521,718.046115,11.0348498086697,10.547824141516468
方式2对齐后,768.721,718.246115,10.9163048653626,9.99276380541486
方式2对齐后,768.921,718.4461150000001,11.3546479617894,11.327860882784002
方式2对齐后,769.121,718.646115,10.957386864126,10.146851519772241
方式2对齐后,769.321,718.846115,9.7453770473165,8.91934552845174
方式2对齐后,769.521,719.046115,11.349305669759,10.486151950589129
方式2对齐后,769.721,719.246115,8.7188763261319,10.739917738715441
方式2对齐后,769.921,719.4461150000001,10.1461830230556,9.20634283988078
方式2对齐后,770.121,719.646115,10.8235194520795,10.708160237768212
方式2对齐后,770.321,719.846115,9.8122036699034,10.8533162415847
方式2对齐后,770.521,720.046115,10.425898974777,9.06596715746605
方式2对齐后,770.721,720.246115,10.9259941391664,10.85298260715863
方式2对齐后,770.921,720.4461150000001,10.3881252071475,9.649354977080801
方式2对齐后,771.121,720.646115,9.9544969418451,9.41892274309566
方式2对齐后,771.321,720.846115,10.6313262579173,8.46239389979592
方式2对齐后,771.521,721.046115,10.2058982776883,9.00868530433103
方式2对齐后,771.721,721.246115,10.9264403386424,8.13435803655981
方式2对齐后,771.921,721.4461150000001,9.9458777014544,9.45434522955644
方式2对齐后,772.121,721.646115,10.2342011927358,11.209120062409351
方式2对齐后,772.321,721.846115,10.1841208963703,9.73720346370036
方式2对齐后,772.521,722.046115,9.777508551027701,9.18303002774147
方式2对齐后,772.721,722.246115,10.2911487566549,9.93554681391273
方式2对齐后,772.921,722.4461150000001,8.432035211683,10.001209182966669
方式2对齐后,773.121,722.646115,10.3718075233996,9.76724355035898
方式2对齐后,773.321,722.846115,11.2024570234838,9.67010247432429
方式2对齐后,773.521,723.046115,10.7085737947384,8.70984563005549
方式2对齐后,773.721,723.246115,10.9446767218373,9.11558449021005
方式2对齐后,773.921,723.4461150000001,9.8067662971555,10.694211612975689
方式2对齐后,774.121,723.646115,8.4775072513959,9.62756002653793
方式2对齐后,774.321,723.846115,9.7720158445844,9.949721960513351
方式2对齐后,774.521,724.046115,10.4406791043009,9.64487079803234
方式2对齐后,774.721,724.246115,9.1269734231829,9.24188273714516
方式2对齐后,774.921,724.4461150000001,11.8989541872565,9.96668358113875
方式2对齐后,775.121,724.646115,9.8162513977746,8.94465106370934
方式2对齐后,775.321,724.846115,8.3661286012561,8.562334938950851
方式2对齐后,775.521,725.046115,8.9854275416803,10.20813676797857
方式2对齐后,775.721,725.246115,8.4788947793023,9.39892140240727
方式2对齐后,775.921,725.4461150000001,10.1346255878134,9.18279014341239
方式2对齐后,776.121,725.646115,8.8415965526795,10.555025522311759
方式2对齐后,776.321,725.846115,9.5810793091736,10.61750518963607
方式2对齐后,776.521,726.046115,7.720489305128,9.15119322707804
方式2对齐后,776.721,726.246115,8.8183452375771,9.58044453192699
方式2对齐后,776.921,726.4461150000001,8.7534589680118,8.708479033837879
方式2对齐后,777.121,726.646115,7.8120786923932,8.54449523622174
方式2对齐后,777.321,726.846115,9.3869195200077,9.30420836558932
方式2对齐后,777.521,727.046115,10.016909475451,8.60285477358566
方式2对齐后,777.721,727.246115,10.4820529319001,10.54754932501556
方式2对齐后,777.921,727.4461150000001,9.2325196822803,7.07699543797488
方式2对齐后,778.121,727.646115,10.097125143265501,10.40948127975496
方式2对齐后,778.321,727.846115,8.003189315375101,9.70818912178719
方式2对齐后,778.521,728.046115,7.3207910144721,10.33193541542574
方式2对齐后,778.721,728.246115,8.6606511780365,10.545123282318539
方式2对齐后,778.921,728.4461150000001,8.3152827314279,11.45380552064567
方式2对齐后,779.121,728.646115,8.9091713037718,9.75899027368369
方式2对齐后,779.321,728.846115,9.4979660053988,8.35442986576186
方式2对齐后,779.521,729.046115,8.873044171581,9.61887586165735
方式2对齐后,779.721,729.246115,5.83068606444286,9.66043216397293
方式2对齐后,779.921,729.4461150000001,8.5184798630114,9.663974114270989
方式2对齐后,780.121,729.646115,8.8922107374006,9.396638104055391
方式2对齐后,780.321,729.846115,8.368107055158701,9.89364185687274
方式2对齐后,780.521,730.046115,9.8934325834619,8.85845071381966
方式2对齐后,780.721,730.246115,8.3198213395397,9.61340900848875
方式2对齐后,780.921,730.4461150000001,9.7176080274373,9.263031747153999
方式2对齐后,781.121,730.646115,8.7500406994087,9.573642317442381
方式2对齐后,781.321,730.846115,8.7607877431999,8.52776310006881
方式2对齐后,781.521,731.046115,8.1511300886405,9.37058570991556
方式2对齐后,781.721,731.246115,9.0937286697984,8.87641824030216
方式2对齐后,781.921,731.4461150000001,7.8154963917509,8.501669873489199
方式2对齐后,782.121,731.646115,7.294046795124,8.12993556995313
方式2对齐后,782.321,731.846115,7.1269600088269005,9.26329847659645
方式2对齐后,782.521,732.046115,8.2283511890968,8.47231294254423
方式2对齐后,782.721,732.246115,8.1329706805562,10.427336938011159
方式2对齐后,782.921,732.4461150000001,6.814618902472301,8.21831607426231
方式2对齐后,783.121,732.646115,8.1394646079285,10.38550899977474
方式2对齐后,783.321,732.846115,8.7067051550299,9.79285799641252
方式2对齐后,783.521,733.046115,8.5844120850695,9.4398211448446
方式2对齐后,783.721,733.246115,7.168745085415301,9.318307751026559
方式2对齐后,783.921,733.4461150000001,6.647841447356301,11.893186324750499
方式2对齐后,784.121,733.646115,6.41598423350626,9.08371740664302
方式2对齐后,784.321,733.846115,8.0374039149845,9.42852627875571
方式2对齐后,784.521,734.046115,7.2006885992772,10.477405432968531
方式2对齐后,784.721,734.246115,7.1772152464619,8.52299591419101
方式2对齐后,784.921,734.4461150000001,6.452643146541179,9.37540832645374
方式2对齐后,785.121,734.646115,7.4768079956603,8.94475030469524
方式2对齐后,785.321,734.846115,7.1164646287185,10.6976325996845
方式2对齐后,785.521,735.046115,7.313450231652901,8.37206027661242
方式2对齐后,785.721,735.246115,6.9362468754719,9.550851095916059
方式2对齐后,785.921,735.4461150000001,6.689714167206899,9.48942188612821
方式2对齐后,786.121,735.646115,7.813921601461301,9.65586579596819
方式2对齐后,786.321,735.846115,6.6782154565875,9.43924176745535
方式2对齐后,786.521,736.046115,6.888029631424899,9.620629666793139
方式2对齐后,786.721,736.246115,6.09408632977998,8.54234587295141
方式2对齐后,786.921,736.4461150000001,7.7346804718215,9.19600133906562
方式2对齐后,787.121,736.646115,7.244317299312501,7.92981708208999
方式2对齐后,787.321,736.846115,5.715107106665091,9.09582371696371
方式2对齐后,787.521,737.046115,6.5856344638298,9.84954018321828
方式2对齐后,787.721,737.246115,5.192003754120179,9.4766782745586
方式2对齐后,787.921,737.4461150000001,6.20100586723709,8.5948308821123
方式2对齐后,788.121,737.646115,5.81714657465513,10.057400138585368
方式2对齐后,788.321,737.846115,5.84977819704357,8.47350263735478
方式2对齐后,788.521,738.046115,4.87617059783982,7.92836960556567
方式2对齐后,788.721,738.246115,5.8477625665851605,10.164803485204398
方式2对齐后,788.921,738.4461150000001,5.5068457908457304,8.33806468317352
方式2对齐后,789.121,738.646115,5.1592137182450095,8.83694835406874
方式2对齐后,789.321,738.846115,6.8607223629225,9.92099889294892
方式2对齐后,789.521,739.046115,5.2038355409942305,7.90091381579689
方式2对齐后,789.721,739.246115,5.53816886542929,8.90839737231825
方式2对齐后,789.921,739.4461150000001,5.6070925217153995,8.8040014317384
方式2对齐后,790.121,739.646115,5.992515686959701,8.90997832301238
方式2对齐后,790.321,739.846115,6.05358489845556,9.112200333028401
方式2对齐后,790.521,740.046115,5.37346965030245,5.73563604465443
方式2对齐后,790.721,740.246115,5.26549478177917,8.59463934507936
方式2对齐后,790.921,740.4461150000001,6.366932012841291,9.67591604837636
方式2对齐后,791.121,740.646115,5.152982120064729,10.0660980883783
方式2对齐后,791.321,740.846115,5.7695978787397895,10.835452245851371
方式2对齐后,791.521,741.046115,5.969553413088359,8.040908962394209
方式2对齐后,791.721,741.246115,6.362734350653501,8.038521132704119
方式2对齐后,791.921,741.4461150000001,6.16368857039717,8.141700148857819
方式2对齐后,792.121,741.646115,5.86033047723628,8.75193314323046
方式2对齐后,792.321,741.846115,6.16477030023656,10.259709815286339
方式2对齐后,792.521,742.046115,5.803317683208011,9.48914489490606
方式2对齐后,792.721,742.246115,6.0114983765808105,9.54920203733747
方式2对齐后,792.921,742.4461150000001,5.70189330732571,9.20189690498499
方式2对齐后,793.121,742.646115,5.25001766492476,9.18719061678086
方式2对齐后,793.321,742.846115,5.3825947943814505,8.43497047595637
方式2对齐后,793.521,743.046115,4.28861933709328,9.440465304074419
方式2对齐后,793.721,743.246115,5.423989256756551,8.02156503049267
方式2对齐后,793.921,743.4461150000001,4.41138493075463,9.93187850916565
方式2对齐后,794.121,743.646115,5.5473976312293605,8.212750172409919
方式2对齐后,794.321,743.846115,4.82265441326955,8.01923777861941
方式2对齐后,794.521,744.046115,5.49283536629922,7.9089906206685
方式2对齐后,794.721,744.246115,5.290998394700651,8.12526996987371
方式2对齐后,794.921,744.4461150000001,5.47194453060364,8.608420882289309
方式2对齐后,795.121,744.646115,5.395470471711361,8.79600364702777
方式2对齐后,795.321,744.846115,4.87277664152181,8.25944432189665
方式2对齐后,795.521,745.046115,2.9415449846905206,7.50631422144066
方式2对齐后,795.721,745.246115,5.13234479093912,7.95597361513655
方式2对齐后,795.921,745.4461150000001,5.152082120834381,7.76729789644945
方式2对齐后,796.121,745.646115,4.79775069833779,9.70527547259222
方式2对齐后,796.321,745.846115,3.0225719502162898,8.0799804037471
方式2对齐后,796.521,746.046115,4.20654533353643,10.040367721212121
方式2对齐后,796.721,746.246115,4.2265200371296805,8.84244913166144
方式2对齐后,796.921,746.4461150000001,4.00374806048608,8.753707967924779
方式2对齐后,797.121,746.646115,4.60649396896434,9.49796088225806
方式2对齐后,797.321,746.846115,3.8817826040995005,8.462537888114749
方式2对齐后,797.521,747.046115,5.087160480684069,8.70856132980435
方式2对齐后,797.721,747.246115,2.9578690661663405,9.96051243640905
方式2对齐后,797.921,747.4461150000001,3.2957071836282106,8.25120685583158
方式2对齐后,798.121,747.646115,3.5720209469808406,9.80667311007091
方式2对齐后,798.321,747.846115,4.51686877525281,9.90554151647116
方式2对齐后,798.521,748.046115,3.58357779697421,7.79184261965135
方式2对齐后,798.721,748.246115,3.5031228285911498,10.38330469384568
方式2对齐后,798.921,748.4461150000001,3.9801548289884305,9.83562413300246
方式2对齐后,799.121,748.646115,2.8558954245704102,9.49092009922895
方式2对齐后,799.321,748.846115,4.3514009795109905,8.6491330323153
方式2对齐后,799.521,749.046115,5.11112060727222,8.76576781364879
方式2对齐后,799.721,749.246115,3.4265999388604698,9.21682317085847
方式2对齐后,799.921,749.4461150000001,2.89705977294111,9.19195626108771
方式2对齐后,800.121,749.646115,3.47272000418553,10.764297041160091
方式2对齐后,800.321,749.846115,4.260013833464741,8.1467543865585
方式2对齐后,800.521,750.046115,4.687756550181751,8.521184135493751
方式2对齐后,800.721,750.246115,2.78558268988305,9.40678144767044
方式2对齐后,800.921,750.4461150000001,3.1370295385571403,9.18715047107112
方式2对齐后,801.121,750.646115,3.7473719666885,7.84735263488149
方式2对齐后,801.321,750.846115,2.96791277796071,8.218980703475939
方式2对齐后,801.521,751.046115,3.8324643321925604,8.79719270177501
方式2对齐后,801.721,751.246115,3.29187393769808,9.687742657853239
方式2对齐后,801.921,751.4461150000001,3.15265134034894,8.86315440896019
方式2对齐后,802.121,751.646115,3.94414039326979,10.55037740698205
方式2对齐后,802.321,751.846115,3.0337512905866904,8.396352578919359
方式2对齐后,802.521,752.046115,3.4062404069790606,8.73828578281306
方式2对齐后,802.721,752.246115,3.1910808908819206,8.30575946746257
方式2对齐后,802.921,752.4461150000001,3.9249016245710804,8.20982115816229
方式2对齐后,803.121,752.646115,3.8759124826637006,9.22731765393824
方式2对齐后,803.321,752.846115,3.9131016101309006,8.63943486684448
方式2对齐后,803.521,753.046115,4.9727312738841505,7.66486846709247
方式2对齐后,803.721,753.246115,0.2454125988215301,9.34860391952866
方式2对齐后,803.921,753.4461150000001,2.49465639653768,8.24697681374934
方式2对齐后,804.121,753.646115,3.1614720926653606,7.5403295580495495
方式2对齐后,804.321,753.846115,2.6810848562389404,9.09397657112688
方式2对齐后,804.521,754.046115,3.07684747505001,7.26078698813819
方式2对齐后,804.721,754.246115,2.4476384994915,7.51217439412031
方式2对齐后,804.921,754.4461150000001,1.3796863050762704,8.39784305546838
方式2对齐后,805.121,754.646115,2.1861535791961604,7.91454714904479
方式2对齐后,805.321,754.846115,2.0633586491551306,8.88023030024541
方式2对齐后,805.521,755.046115,2.0141804984732303,6.3801527266814295
方式2对齐后,805.721,755.246115,2.84269368437492,8.53196167103794
方式2对齐后,805.921,755.4461150000001,2.43953010543518,7.75765136336951
方式2对齐后,806.121,755.646115,1.5028016845829404,10.436449836529441
方式2对齐后,806.321,755.846115,4.15086464556564,8.92037315557616
方式2对齐后,806.521,756.046115,2.3434417437152506,7.6556743218427
方式2对齐后,806.721,756.246115,1.8060323800733,8.00061157242996
方式2对齐后,806.921,756.4461150000001,2.1801937626053105,8.17651107790485
方式2对齐后,807.121,756.646115,3.0870350422701502,9.72393715822802
方式2对齐后,807.321,756.846115,0.6493116225916102,7.78512422665362
方式2对齐后,807.521,757.046115,1.19973741425496,8.82469358051748
方式2对齐后,807.721,757.246115,0.8471175416337902,8.28473534069916
方式2对齐后,807.921,757.4461150000001,2.81151567544421,8.34129192713389
方式2对齐后,808.121,757.646115,2.02709970534346,7.4603170054482195
方式2对齐后,808.321,757.846115,2.7359573747592805,8.2301542951977
方式2对齐后,808.521,758.046115,1.1742136297668102,8.20525168454116
方式2对齐后,808.721,758.246115,3.4184841846480705,8.89330817458244
方式2对齐后,808.921,758.4461150000001,2.3585258651438403,9.43219935825326
方式2对齐后,809.121,758.646115,2.0887585229548202,9.2130195811994
方式2对齐后,809.321,758.846115,1.9154579262113902,8.48992609057418
方式2对齐后,809.521,759.046115,1.2076306748816306,8.54476819056946
方式2对齐后,809.721,759.246115,1.6192421275419502,7.92389735524394
方式2对齐后,809.921,759.4461150000001,1.2464542415292303,7.96198526277748
方式2对齐后,810.121,759.646115,0.6661491046709802,8.0346098933733
方式2对齐后,810.321,759.846115,0.4084956754714901,7.94276690626464
方式2对齐后,810.521,760.046115,1.89689414865148,8.32522764565164
方式2对齐后,810.721,760.246115,1.4124129387633406,8.623808300632529
方式2对齐后,810.921,760.4461150000001,1.3689637204686003,8.416441854943791
方式2对齐后,811.121,760.646115,0.7276156959460405,8.97805155208454
方式2对齐后,811.321,760.846115,0.17895884315854005,8.33095629838326
方式2对齐后,811.521,761.046115,1.8457851043029105,7.0014598710994695
方式2对齐后,811.721,761.246115,0.2652200791726802,7.92141590011704
方式2对齐后,811.921,761.4461150000001,0.2607367041391102,7.58240544703932
方式2对齐后,812.121,761.646115,1.6120414178106302,8.89775895424902
方式2对齐后,812.321,761.846115,-1.0298879954629596,8.6182164998469
方式2对齐后,812.521,762.046115,1.57976500042796,6.376953746611
方式2对齐后,812.721,762.246115,1.1631809443483503,7.07500249788344
方式2对齐后,812.921,762.4461150000001,-0.20796574064777973,6.91830304991857
方式2对齐后,813.121,762.646115,-0.5614596556266798,7.9439682110827
方式2对齐后,813.321,762.846115,-0.2267800159488096,7.9818053385617596
方式2对齐后,813.521,763.046115,0.06561960645415033,8.40598099012592
方式2对齐后,813.721,763.246115,1.7094767545030898,8.747925446676309
方式2对齐后,813.921,763.4461150000001,-0.35869624488986984,7.82184942614828
方式2对齐后,814.121,763.646115,0.7316045973217706,7.99831460246048
方式2对齐后,814.321,763.846115,1.60949111096686,6.39450711287621
方式2对齐后,814.521,764.046115,1.2317866681293301,7.23841790369006
方式2对齐后,814.721,764.246115,1.83079577142738,7.56537721999475
方式2对齐后,814.921,764.4461150000001,0.4060248891230702,8.23978610340045
方式2对齐后,815.121,764.646115,1.35770781382329,8.240671073737609
方式2对齐后,815.321,764.846115,1.9038210088452399,7.14126214639923
方式2对齐后,815.521,765.046115,-0.19551905837466999,6.12043638341227
方式2对齐后,815.721,765.246115,-0.9633288586929698,7.26648419021463
方式2对齐后,815.921,765.4461150000001,1.3110221479000606,7.47649253719068
方式2对齐后,816.121,765.646115,1.8917284239374599,6.98153453942993
方式2对齐后,816.321,765.846115,-0.3795712854371298,7.88528031896997
方式2对齐后,816.521,766.046115,1.09351081283641,7.27079914567293
方式2对齐后,816.721,766.246115,0.9616312251309198,6.7597277251823495
方式2对齐后,816.921,766.4461150000001,0.1932614683586502,7.99385982017935
方式2对齐后,817.121,766.646115,0.8994308697842106,7.16113774233145
方式2对齐后,817.321,766.846115,-0.03401155499302,9.44143383113462
方式2对齐后,817.521,767.046115,0.16936675354379016,8.798228322666649
方式2对齐后,817.721,767.246115,0.9532969575208998,6.72078039774539
方式2对齐后,817.921,767.4461150000001,0.7640813464045602,7.92165997227468
方式2对齐后,818.121,767.646115,-0.3985625914914097,7.58621480502507
方式2对齐后,818.321,767.846115,-0.6342701913287296,6.3327227873039496
方式2对齐后,818.521,768.046115,-0.5215515703049998,7.49068449663505
方式2对齐后,818.721,768.246115,1.53718665582611,7.18320854354745
方式2对齐后,818.921,768.4461150000001,1.41762525350887,7.24969648382046
方式2对齐后,819.121,768.646115,1.9143144267373806,6.88529718992709
方式2对齐后,819.321,768.846115,-0.13705381611145961,7.84034786550753
方式2对齐后,819.521,769.046115,-0.7183014917592496,7.36720794351256
方式2对齐后,819.721,769.246115,-0.3283121139072098,6.93851293866426
方式2对齐后,819.921,769.4461150000001,-0.32493382357327993,6.75057755007651
方式2对齐后,820.121,769.646115,-0.29015582638885995,8.031821442159
方式2对齐后,820.321,769.846115,1.1776953903018406,7.40003631717608
方式2对齐后,820.521,770.046115,-0.4521103064123797,6.73927158740822
方式2对齐后,820.721,770.246115,-0.3451699532102599,9.53351180729277
方式2对齐后,820.921,770.4461150000001,-1.0797584074034097,9.105059964119391
方式2对齐后,821.121,770.646115,-1.2331049673193597,7.73772276325886
方式2对齐后,821.321,770.846115,-1.1332504060628596,6.96751689966557
方式2对齐后,821.521,771.046115,0.5046931389835501,5.3524226103127805
方式2对齐后,821.721,771.246115,-0.2202539006320996,8.3993470241874
方式2对齐后,821.921,771.4461150000001,-1.4025700868353796,6.92142630723722
方式2对齐后,822.121,771.646115,-0.02051798589409959,7.20396933577306
方式2对齐后,822.321,771.846115,-1.60899897315659,5.93954715693314
方式2对齐后,822.521,772.046115,-1.04636391936064,7.55637560378656
方式2对齐后,822.721,772.246115,-0.25576923468032,7.41777144287384
方式2对齐后,822.921,772.4461150000001,-0.04038806563903963,6.84117615599168
方式2对齐后,823.121,772.646115,-0.1647157796114498,7.50850943730354
方式2对齐后,823.321,772.846115,0.19177314398354017,6.42358994866307
方式2对齐后,823.521,773.046115,0.40481840403586,6.85957278968356
方式2对齐后,823.721,773.246115,-1.1276355473197097,6.77551394555322
方式2对齐后,823.921,773.4461150000001,-0.6473963239734197,8.28549648771696
方式2对齐后,824.121,773.646115,-0.8855755230380997,7.06319485775932
方式2对齐后,824.321,773.846115,0.44041976079118017,7.46165798999454
方式2对齐后,824.521,774.046115,0.47677449679463013,7.8515341642812295
方式2对齐后,824.721,774.246115,-0.4549372337421098,5.5987037661373105
方式2对齐后,824.921,774.4461150000001,-0.28384864574077984,7.55281643696054
方式2对齐后,825.121,774.646115,-1.5740057157770198,6.97056460913206
方式2对齐后,825.321,774.846115,-1.9973913618868497,7.22480419307401
方式2对齐后,825.521,775.046115,-0.29435233671758976,6.07037852561087
方式2对齐后,825.721,775.246115,0.055443580549340066,7.30998443253699
方式2对齐后,825.921,775.4461150000001,-1.39477080797628,7.5559274487879
方式2对齐后,826.121,775.646115,0.0969725711631102,6.74996371080501
方式2对齐后,826.321,775.846115,-1.9776366624160897,7.25399470665402
方式2对齐后,826.521,776.046115,-0.8972140148911998,5.6861352329743
方式2对齐后,826.721,776.246115,0.6718769780146605,6.91079612240115
方式2对齐后,826.921,776.4461150000001,0.2068545966534603,6.91752459756317
方式2对齐后,827.121,776.646115,-0.8138481255792298,4.51392473069125
方式2对齐后,827.321,776.846115,-0.8153486924121998,8.262567026737681
方式2对齐后,827.521,777.046115,-2.487416633729049,7.19801288948962
方式2对齐后,827.721,777.246115,-0.43329764265369963,6.26027633111804
方式2对齐后,827.921,777.4461150000001,-2.0060126744224,6.53681950861387
方式2对齐后,828.121,777.646115,-1.5443593136050997,5.77830489456609
方式2对齐后,828.321,777.846115,-0.42303028379153984,6.92498258518396
方式2对齐后,828.521,778.046115,-1.2141722295939497,5.594885222193939
方式2对齐后,828.721,778.246115,0.03978330400516006,5.743036709767139
方式2对齐后,828.921,778.4461150000001,-2.43046633778921,5.9262203467036
方式2对齐后,829.121,778.646115,-0.21603395785833968,4.54750807410312
方式2对齐后,829.321,778.846115,-2.07027377501715,6.35892604491346
方式2对齐后,829.521,779.046115,0.3931842141112001,5.39101374626661
方式2对齐后,829.721,779.246115,-1.0969188636713096,5.2878494747803995
方式2对齐后,829.921,779.4461150000001,-1.48048409176174,6.50002255874826
方式2对齐后,830.121,779.646115,-0.8706742227562696,6.85604597551363
方式2对齐后,830.321,779.846115,-2.920472673019294,7.01518899649988
方式2对齐后,830.521,780.046115,-1.8124245630874798,5.53991966205514
方式2对齐后,830.721,780.246115,-0.6895915118744598,7.20610134783544
方式2对齐后,830.921,780.4461150000001,-1.3669778881856196,5.79936248763955
方式2对齐后,831.121,780.646115,-1.3352436101206098,6.15794012037061
方式2对齐后,831.321,780.846115,-1.5166594527215698,4.8424053274227
方式2对齐后,831.521,781.046115,-2.5479047636387717,7.92976743341765
方式2对齐后,831.721,781.246115,-1.4321488702491596,7.9432822135235
方式2对齐后,831.921,781.4461150000001,-2.05261916323974,5.27158285144282
方式2对齐后,832.121,781.646115,-0.8430823829504499,6.51237959834939
方式2对齐后,832.321,781.846115,-1.7095674958578497,3.7828742603167003
方式2对齐后,832.521,782.046115,-1.1178763237171898,5.97836477027309
方式2对齐后,832.721,782.246115,-2.843534701517729,6.57552837125559
方式2对齐后,832.921,782.4461150000001,-2.44090062316652,5.81916518372016
方式2对齐后,833.121,782.646115,-1.3943484711354799,5.69437908885853
方式2对齐后,833.321,782.846115,-2.16935300760033,4.89926407369847
方式2对齐后,833.521,783.046115,-2.18347799316319,5.26404942776705
方式2对齐后,833.721,783.246115,-1.7301051467550699,5.22213010350182
方式2对齐后,833.921,783.4461150000001,-0.016034201170950002,5.787655095351051
方式2对齐后,834.121,783.646115,-1.7984730303876697,8.03468288528302
方式2对齐后,834.321,783.846115,-2.31346300157372,4.6233572627246495
方式2对齐后,834.521,784.046115,-2.726670977807113,3.96141756373839
方式2对齐后,834.721,784.246115,-1.9247765215520298,6.19937779193014
方式2对齐后,834.921,784.4461150000001,-1.3852945037898796,5.41237247405953
方式2对齐后,835.121,784.646115,-1.8946472152902798,6.84489680692463
方式2对齐后,835.321,784.846115,-1.24586625387647,6.02189618451424
方式2对齐后,835.521,785.046115,-1.4434193576822598,4.64227649797505
方式2对齐后,835.721,785.246115,-1.28790930111639,4.280028419679519
方式2对齐后,835.921,785.4461150000001,-0.4538809452165098,6.0113530498108
方式2对齐后,836.121,785.646115,-1.31454831166133,6.20748617216439
方式2对齐后,836.321,785.846115,-2.43303325397114,4.80927230372732
方式2对齐后,836.521,786.046115,-2.1929161833835398,5.763540676849789
方式2对齐后,836.721,786.246115,-4.03758610716825,6.05756264832986
方式2对齐后,836.921,786.4461150000001,-1.7382345502757899,4.55353556708591
方式2对齐后,837.121,786.646115,-1.3552518526254098,4.97048377206104
方式2对齐后,837.321,786.846115,-1.01236035926242,5.87211531409863
方式2对齐后,837.521,787.046115,-2.0528926837967996,5.57814070412117
方式2对齐后,837.721,787.246115,-2.5845049384126377,4.46104115808016
方式2对齐后,837.921,787.4461150000001,-2.51300105039829,5.69583481348875
方式2对齐后,838.121,787.646115,-0.5086592271947197,5.94547175580817
方式2对齐后,838.321,787.846115,-1.8895709246447798,5.793363704240409
方式2对齐后,838.521,788.046115,-1.4230941231380396,3.98994152332559
方式2对齐后,838.721,788.246115,-1.29618438362525,4.734377762630579
方式2对齐后,838.921,788.4461150000001,-2.3727072554568895,5.00477097896842
方式2对齐后,839.121,788.646115,-2.801068045750533,5.61826209266039
方式2对齐后,839.321,788.846115,-0.29460507879293996,5.55054241872449
方式2对齐后,839.521,789.046115,-2.5768532496524896,4.92735913736174
方式2对齐后,839.721,789.246115,-3.342348072554446,4.98376686156863
方式2对齐后,839.921,789.4461150000001,-2.934253747918885,5.10028469463645
方式2对齐后,840.121,789.646115,-1.8052618030282699,5.323382617859879
方式2对齐后,840.321,789.846115,-1.6350701608136098,5.4279173297335905
方式2对齐后,840.521,790.046115,-3.0273553146515457,3.59457900531863
方式2对齐后,840.721,790.246115,-1.7174697330314599,3.74285485472052
方式2对齐后,840.921,790.4461150000001,-2.0303313122420796,5.18915943636147
方式2对齐后,841.121,790.646115,-1.7383651305056398,4.8083883345439
方式2对齐后,841.321,790.846115,-1.2646638057588797,6.08254795345605
方式2对齐后,841.521,791.046115,-2.23015813594323,4.84829062906406
方式2对齐后,841.721,791.246115,-1.17861667909161,3.87888254187969
方式2对齐后,841.921,791.4461150000001,-2.1825035929082395,4.77759666558433
方式2对齐后,842.121,791.646115,-3.076959121200044,4.163127081626611
方式2对齐后,842.321,791.846115,-2.19203624078491,3.87315205801274
方式2对齐后,842.521,792.046115,-4.732148741186849,2.94377977658143
方式2对齐后,842.721,792.246115,-3.4644600678715207,4.94588044165289
方式2对齐后,842.921,792.4461150000001,-2.2135245543130497,4.67504952047804
方式2对齐后,843.121,792.646115,-2.31114814519944,4.68649679468476
方式2对齐后,843.321,792.846115,-1.3012875592942397,3.77993472458428
方式2对齐后,843.521,793.046115,-3.500087202446478,4.39847238386972
方式2对齐后,843.721,793.246115,-1.9555138443838298,3.68800242728686
方式2对齐后,843.921,793.4461150000001,-1.4726518809677196,4.34491331635968
方式2对齐后,844.121,793.646115,-3.4612250108572287,5.228699958694881
方式2对齐后,844.321,793.846115,-1.36024739174026,3.4596255274083196
方式2对齐后,844.521,794.046115,-3.0542074771606287,4.61151191678929
方式2对齐后,844.721,794.246115,-2.43545780010551,4.85258565612348
方式2对齐后,844.921,794.4461150000001,-2.5622612042787116,6.0162897148755
方式2对齐后,845.121,794.646115,-1.8539564959532198,2.778528032180144
方式2对齐后,845.321,794.846115,-2.682969279579634,5.403494480035921
方式2对齐后,845.521,795.046115,-2.4000635181184595,5.41999716938416
方式2对齐后,845.721,795.246115,-3.8618616525258447,3.6172656548994597
方式2对齐后,845.921,795.4461150000001,-2.893741485435157,5.55451944659184
方式2对齐后,846.121,795.646115,-1.9526124162949299,4.18434370560737
方式2对齐后,846.321,795.846115,-2.4881478508573838,3.3473415189888
方式2对齐后,846.521,796.046115,-1.6156480294425297,3.50155740001146
方式2对齐后,846.721,796.246115,-2.14659019266825,3.97655472257906
方式2对齐后,846.921,796.4461150000001,-2.34609419542036,6.00909234158585
方式2对齐后,847.121,796.646115,-2.977044397416489,2.793410510006238
方式2对齐后,847.321,796.846115,-2.7294859099721016,3.27171193082674
方式2对齐后,847.521,797.046115,-2.725828626116469,3.3473537643251197
方式2对齐后,847.721,797.246115,-1.1488170178931298,5.04182057818372
方式2对齐后,847.921,797.4461150000001,-4.438627381945942,3.59471123976002
方式2对齐后,848.121,797.646115,-1.8678064035359199,3.28388566712009
方式2对齐后,848.321,797.846115,-3.491438562735998,3.54833782886913
方式2对齐后,848.521,798.046115,-1.8206599075379297,2.1438086355173267
方式2对齐后,848.721,798.246115,-1.8075808183101698,4.06285323121562
方式2对齐后,848.921,798.4461150000001,-3.208668320189959,3.00269131901899
方式2对齐后,849.121,798.646115,0.08388351766947011,3.6805976753031597
方式2对齐后,849.321,798.846115,-2.958685092506519,3.7687174699201
方式2对齐后,849.521,799.046115,-2.3242165845682896,1.9234208659088634
方式2对齐后,849.721,799.246115,-1.9409265519572299,3.827903340883
方式2对齐后,849.921,799.4461150000001,-3.1381462098211177,3.4906200483649297
方式2对齐后,850.121,799.646115,-1.0694411563431196,3.7946460582730897
方式2对齐后,850.321,799.846115,-1.6556903008484598,3.79575688666771
方式2对齐后,850.521,800.046115,-0.7078230522022899,2.778405140273207
方式2对齐后,850.721,800.246115,-2.831255791724718,4.398396938840509
方式2对齐后,850.921,800.4461150000001,-3.213788818159796,2.646304461536218
方式2对齐后,851.121,800.646115,-2.1550374940638095,3.17869117643665
方式2对齐后,851.321,800.846115,-1.4412664298941698,4.26191386012291
方式2对齐后,851.521,801.046115,-1.7241449600250098,3.7252378759256297
方式2对齐后,851.721,801.246115,-2.3434602712401995,2.765964353175475
方式2对齐后,851.921,801.4461150000001,-2.5956459433170336,3.12608308599203
方式2对齐后,852.121,801.646115,-2.956941972771301,4.7254695367025406
方式2对齐后,852.321,801.846115,-2.612178435562048,3.50503087692173
方式2对齐后,852.521,802.046115,-1.9957284554398997,2.178463158839519
方式2对齐后,852.721,802.246115,-2.5331251481607238,3.9345078874090498
方式2对齐后,852.921,802.4461150000001,-2.1875377718006597,2.336304647009828
方式2对齐后,853.121,802.646115,-3.28483206293103,3.4503761836658997
方式2对齐后,853.321,802.846115,-3.9374948228697018,2.90487275613956
方式2对齐后,853.521,803.046115,-2.918847042424341,2.92661276272169
方式2对齐后,853.721,803.246115,-1.4648707791257496,3.27619762333816
方式2对齐后,853.921,803.4461150000001,-1.6912401379564297,3.09805734624176
方式2对齐后,854.121,803.646115,-2.4848607581105147,4.533424486272811
方式2对齐后,854.321,803.846115,-2.2551269646357,1.238016134258172
方式2对齐后,854.521,804.046115,-1.9409392976741597,2.7735682865870057
方式2对齐后,854.721,804.246115,-2.702701778638896,2.337949396707174
方式2对齐后,854.921,804.4461150000001,-3.0710586086047957,1.681051070010678
方式2对齐后,855.121,804.646115,-2.6426314435543987,2.329899374191386
方式2对齐后,855.321,804.846115,-1.48595449063729,2.380085960997258
方式2对齐后,855.521,805.046115,-1.9977886135015197,2.630594063690576
方式2对齐后,855.721,805.246115,-1.9399686747115898,3.34845367919635
方式2对齐后,855.921,805.4461150000001,-3.028764271468239,1.9181000655790459
方式2对齐后,856.121,805.646115,-1.50411072724632,2.742174147914419
方式2对齐后,856.321,805.846115,-3.233612427369581,2.32904378729875
方式2对齐后,856.521,806.046115,-3.3429132759697726,3.3668845053628997
方式2对齐后,856.721,806.246115,-2.7248927788089667,4.2357742290557905
方式2对齐后,856.921,806.4461150000001,-3.8250838659686757,1.7534576289587387
方式2对齐后,857.121,806.646115,-2.748336476600748,2.616101600065349
方式2对齐后,857.321,806.846115,-2.7692371203264456,3.5576144818067297
方式2对齐后,857.521,807.046115,-4.171416187554862,1.415858468905785
方式2对齐后,857.721,807.246115,-2.905859588067883,4.304441529538019
方式2对齐后,857.921,807.4461150000001,-1.5533566178247697,2.89155372639203
方式2对齐后,858.121,807.646115,-3.232382877945209,3.05072056197902
方式2对齐后,858.321,807.846115,-1.19279257891113,2.274414833387346
方式2对齐后,858.521,808.046115,-3.2988520558042587,2.819541376208371
方式2对齐后,858.721,808.246115,-2.7756074206587997,2.6938479132518527
方式2对齐后,858.921,808.4461150000001,-2.7163862801744467,2.138998315681993
方式2对齐后,859.121,808.646115,-2.19845655800611,2.602787194714051
方式2对齐后,859.321,808.846115,-3.22951400697829,4.1110903268374095
方式2对齐后,859.521,809.046115,-2.7241366228554167,3.44630184288877
方式2对齐后,859.721,809.246115,-2.621436408825371,3.41824635403964
方式2对齐后,859.921,809.4461150000001,-1.6914251982829998,2.082586332030625
方式2对齐后,860.121,809.646115,-3.934469813552945,1.5396146223835898
方式2对齐后,860.321,809.846115,-1.76912669565405,3.1993118664419002
方式2对齐后,860.521,810.046115,-2.6171989733813916,2.2162196986814338
方式2对齐后,860.721,810.246115,-1.6705402189179999,2.056372447784929
方式2对齐后,860.921,810.4461150000001,-2.6701463063500777,2.5203600341361287
方式2对齐后,861.121,810.646115,-2.806456129065842,2.83695087058873
方式2对齐后,861.321,810.846115,-3.919649333657044,1.953281448358808
方式2对齐后,861.521,811.046115,-0.38025425402058977,2.154334433604491
方式2对齐后,861.721,811.246115,-3.001798923595264,1.277394833169989
方式2对齐后,861.921,811.4461150000001,-0.8276113384985799,2.99588865559307
方式2对齐后,862.121,811.646115,-2.3171465057883,3.65688428491918
方式2对齐后,862.321,811.846115,-2.4659578164143596,2.050088547756907
方式2对齐后,862.521,812.046115,-1.6876086272880897,1.2146828545925819
方式2对齐后,862.721,812.246115,-2.486868608727538,1.948499927695995
方式2对齐后,862.921,812.4461150000001,-2.6042606875536687,2.319178919743072
方式2对齐后,863.121,812.646115,-2.9307183485813186,2.671731753085865
方式2对齐后,863.321,812.846115,-1.1268170029042999,0.73549453185073
方式2对齐后,863.521,813.046115,-2.5885528421831436,1.8879046999048719
方式2对齐后,863.721,813.246115,-4.270733249156372,0.2563273005565099
方式2对齐后,863.921,813.4461150000001,-1.8147811755058998,1.678283560466679
方式2对齐后,864.121,813.646115,-2.3182005392362797,3.04930390379801
方式2对齐后,864.321,813.846115,-3.0686673223370518,0.9032863672888539
方式2对齐后,864.521,814.046115,-1.8432739690413997,1.7651020738718872
方式2对齐后,864.721,814.246115,-2.38953367333077,1.59346032038532
方式2对齐后,864.921,814.4461150000001,-3.639966728626951,1.6603063097311659
方式2对齐后,865.121,814.646115,-2.43686520361781,1.7510427822870307
方式2对齐后,865.321,814.846115,-2.4633336574992497,2.576779671537769
方式2对齐后,865.521,815.046115,-2.4366937595394,0.4884386034030599
方式2对齐后,865.721,815.246115,-2.935893240801268,0.8859946207148249
方式2对齐后,865.921,815.4461150000001,-1.5479751760723197,2.375253328880972
方式2对齐后,866.121,815.646115,-1.9252603615226598,0.9016557943187069
方式2对齐后,866.321,815.846115,-2.5854063317504465,1.108239419259358
方式2对齐后,866.521,816.046115,-1.4235490159045097,1.147120678853185
方式2对齐后,866.721,816.246115,-2.511038078458812,1.3831544196519279
方式2对齐后,866.921,816.4461150000001,-2.6129709066215256,3.15213499686972
方式2对齐后,867.121,816.646115,-1.8046391942566797,0.4091602207371199
方式2对齐后,867.321,816.846115,-3.910046223914225,-0.18553879472362
方式2对齐后,867.521,817.046115,-2.738551055721187,3.12123492579272
方式2对齐后,867.721,817.246115,-3.110685496943043,2.104553668254708
方式2对齐后,867.921,817.4461150000001,-2.15226562427548,0.6601553219871799
方式2对齐后,868.121,817.646115,-1.6031675266408698,1.96268869868657
方式2对齐后,868.321,817.846115,-2.34908708673668,-1.41295176269267
方式2对齐后,868.521,818.046115,-3.2942563399608247,2.1952079308030368
方式2对齐后,868.721,818.246115,-1.8364556974657897,2.98206378723557
方式2对齐后,868.921,818.4461150000001,-1.8018369084840897,2.08548501908223
方式2对齐后,869.121,818.646115,-2.619780627731471,2.524283909215103
方式2对齐后,869.321,818.846115,-3.0765705661376286,2.778893517932495
方式2对齐后,869.521,819.046115,-0.9216587714954896,0.58740338766115
方式2对齐后,869.721,819.246115,-2.3999855949352398,0.010209635750499935
方式2对齐后,869.921,819.4461150000001,-1.7964923601944398,1.3334599485279308
方式2对齐后,870.121,819.646115,-2.07091519826662,2.825678352788082
方式2对齐后,870.321,819.846115,-1.7130936567288597,1.444336393500661
方式2对齐后,870.521,820.046115,-1.4701445327300098,0.7588649528167699
方式2对齐后,870.721,820.246115,-2.1839344176189197,1.210584132003101
方式2对齐后,870.921,820.4461150000001,-2.677205554774465,1.3392523063579609
方式2对齐后,871.121,820.646115,-1.41700051156614,0.41921379834157
方式2对齐后,871.321,820.846115,-0.15723801952914984,0.9662638776141269
方式2对齐后,871.521,821.046115,-1.9879939388786998,1.7860688211932516
方式2对齐后,871.721,821.246115,-2.0884372705018697,0.5900005006450499
方式2对齐后,871.921,821.4461150000001,-1.1451707945835197,0.64901313965708
方式2对齐后,872.121,821.646115,-1.2982591853729897,-0.09958947793550998
方式2对齐后,872.321,821.846115,-3.277574956684358,1.992429738267274
方式2对齐后,872.521,822.046115,-1.44500829718505,1.475499607999989
方式2对齐后,872.721,822.246115,-2.0514270447469496,-0.82534670756836
方式2对齐后,872.921,822.4461150000001,-1.7888067042525697,1.938857347157039
方式2对齐后,873.121,822.646115,-2.1203716625814297,-0.13827372157167006
方式2对齐后,873.321,822.846115,-1.3056569084073697,1.7501998795607656
方式2对齐后,873.521,823.046115,-2.806745756687227,1.141883942528911
方式2对齐后,873.721,823.246115,-1.23398351057915,1.7877305265215118
方式2对齐后,873.921,823.4461150000001,-1.3875254411627598,-0.13195116801729
方式2对齐后,874.121,823.646115,-0.9569763238320799,0.8169265617211199
方式2对齐后,874.321,823.846115,-1.6695385584237898,0.39695155784872993
方式2对齐后,874.521,824.046115,-0.38886853252320996,0.61010716310957
方式2对齐后,874.721,824.246115,-1.7907838141399097,-0.3010524178280902
方式2对齐后,874.921,824.4461150000001,-2.5086315214144985,0.6780689829286299
方式2对齐后,875.121,824.646115,-0.7417992238728099,1.534961109537142
方式2对齐后,875.321,824.846115,-1.66721518196717,0.5021582924266199
方式2对齐后,875.521,825.046115,-3.4581172868059804,1.2758129670050629
方式2对齐后,875.721,825.246115,-0.1511997821717399,0.46319611274789985
方式2对齐后,875.921,825.4461150000001,-1.6597138738459098,0.36398130971865994
方式2对齐后,876.121,825.646115,-2.3191039148268398,0.5549823595251
方式2对齐后,876.321,825.846115,-0.1953873166530098,0.4421835582248599
方式2对齐后,876.521,826.046115,-2.1520821179771596,1.010515652963407
方式2对齐后,876.721,826.246115,-1.6594334236593997,0.45107383088604003
方式2对齐后,876.921,826.4461150000001,0.1320779326922401,0.4750600577341699
方式2对齐后,877.121,826.646115,-1.3320223464877996,0.6020416376845898
方式2对齐后,877.321,826.846115,-0.97339337089109,0.56307431663615
方式2对齐后,877.521,827.046115,-1.3913825317303896,0.3681371161468199
方式2对齐后,877.721,827.246115,-2.47482475786912,1.3519836696995808
方式2对齐后,877.921,827.4461150000001,-1.8588930625684899,0.44231507499830003
方式2对齐后,878.121,827.646115,0.45266488315578,1.717208105657816
方式2对齐后,878.321,827.846115,-1.1308676649591498,0.60613886329252
方式2对齐后,878.521,828.046115,-0.7209204390150399,0.3655522428509499
方式2对齐后,878.721,828.246115,-0.24370771489760967,1.325293734551718
方式2对齐后,878.921,828.4461150000001,-2.02153024969696,-0.013037952893079963
方式2对齐后,879.121,828.646115,-0.9886346384096698,-1.4486021111515202
方式2对齐后,879.321,828.846115,-0.9282867561061696,2.069322249332876
方式2对齐后,879.521,829.046115,-0.5809980142352997,1.8489182155580737
方式2对齐后,879.721,829.246115,-0.31287952410476993,1.945017490082512
方式2对齐后,879.921,829.4461150000001,-1.1539210215868598,0.4484404014815
方式2对齐后,880.121,829.646115,-1.13450498628298,-1.05231452058286
方式2对齐后,880.321,829.846115,-1.9290157826745797,-0.6863067166658499
方式2对齐后,880.521,830.046115,-1.3855277033679796,-1.4103413332555599
方式2对齐后,880.721,830.246115,0.6352878091537599,-1.69354318075833
方式2对齐后,880.921,830.4461150000001,-0.23273053594919002,0.792249018006
方式2对齐后,881.121,830.646115,-0.09834728779283974,-0.7639823333097899
方式2对齐后,881.321,830.846115,-1.8806841200123,0.919744833368907
方式2对齐后,881.521,831.046115,-1.25300660725049,-0.4973801659090902
方式2对齐后,881.721,831.246115,-1.6674278513349199,0.4500684415776799
方式2对齐后,881.921,831.4461150000001,0.21552369025643037,0.83453509993516
方式2对齐后,882.121,831.646115,-0.8513741521465699,0.15952320083116
方式2对齐后,882.321,831.846115,-0.48064310679992994,0.7178093457685699
方式2对齐后,882.521,832.046115,-0.43771937467308986,0.30171363570518994
方式2对齐后,882.721,832.246115,-1.39991509267298,-1.3422179158979302
方式2对齐后,882.921,832.4461150000001,0.04567379865809018,0.6937829740805599
方式2对齐后,883.121,832.646115,-0.35571932081964963,0.27141929876220994
方式2对齐后,883.321,832.846115,-0.038597857464279794,-0.37354852879871014
方式2对齐后,883.521,833.046115,0.6603436292935401,-0.3782738750974901
方式2对齐后,883.721,833.246115,-0.5485959298198799,0.6687498774381799
方式2对齐后,883.921,833.4461150000001,0.9575146090238498,-0.54264055279106
方式2对齐后,884.121,833.646115,-2.24154262404393,-1.2958701671477502
方式2对齐后,884.321,833.846115,0.1734235604015204,0.8321401116879499
方式2对齐后,884.521,834.046115,-1.6649219023764799,-1.30078135800577
方式2对齐后,884.721,834.246115,-1.04111843818044,0.60440788568664
方式2对齐后,884.921,834.4461150000001,-1.8513021489941899,-0.27001908379794015
方式2对齐后,885.121,834.646115,0.22106541335533025,0.2057899823868199
方式2对齐后,885.321,834.846115,-0.9519352330479798,0.9012625144219379
方式2对齐后,885.521,835.046115,-0.19994740549269974,1.282834364727691
方式2对齐后,885.721,835.246115,-0.01917298058782979,-0.83205214394237
方式2对齐后,885.921,835.4461150000001,-1.1612936186441698,-0.36961129311302
方式2对齐后,886.121,835.646115,-0.38589778017350973,-0.2211864380324302
方式2对齐后,886.321,835.846115,1.8440081728129298,-1.12480895780203
方式2对齐后,886.521,836.046115,-0.9582245911144196,-0.86204059552243
方式2对齐后,886.721,836.246115,0.8296983466950101,-1.1821591572866001
方式2对齐后,886.921,836.4461150000001,-0.31386486068082986,-0.6818714082527602
方式2对齐后,887.121,836.646115,1.0389342803518602,-1.16496812866687
方式2对齐后,887.321,836.846115,0.7917629928318304,1.1446903606645629
方式2对齐后,887.521,837.046115,1.1042003502267006,-1.8871136252309402
方式2对齐后,887.721,837.246115,0.8252235634001002,-0.73094625458931
方式2对齐后,887.921,837.4461150000001,-0.9027318378894198,-1.0395711869836002
方式2对齐后,888.121,837.646115,0.029607583588560082,-0.7477461658997
方式2对齐后,888.321,837.846115,0.36848830804704,-1.1925033474365399
方式2对齐后,888.521,838.046115,0.6823153966252304,0.2997396692760199
方式2对齐后,888.721,838.246115,0.1581258088544204,0.010205650112939946
方式2对齐后,888.921,838.4461150000001,-0.01618575405687972,-0.50503215157672
方式2对齐后,889.121,838.646115,0.15868589807017042,-0.8374809477740901
方式2对齐后,889.321,838.846115,-0.24334884830036962,1.194099001435734
方式2对齐后,889.521,839.046115,0.41211639945466016,-1.46309505628349
方式2对齐后,889.721,839.246115,-1.3498244329746099,-0.67940007207807
方式2对齐后,889.921,839.4461150000001,1.3825299650243306,-1.0087265492521
方式2对齐后,890.121,839.646115,0.21557897722842023,-1.2225924168222
方式2对齐后,890.321,839.846115,-0.46752596375797983,-1.15017251439196
方式2对齐后,890.521,840.046115,2.38543954406474,-1.4704496720599
方式2对齐后,890.721,840.246115,1.2810043093948202,-0.7357354442999902
方式2对齐后,890.921,840.4461150000001,2.1285810697724203,-1.10532784185787
方式2对齐后,891.121,840.646115,1.68140042395214,-1.5046353939180999
方式2对齐后,891.321,840.846115,0.10173096844388008,0.020657580377949847
方式2对齐后,891.521,841.046115,0.8029381981472206,-0.20957310714106026
方式2对齐后,891.721,841.246115,0.8306826877498406,0.74816411207448
方式2对齐后,891.921,841.4461150000001,1.0318300584777402,-0.8383250212506801
方式2对齐后,892.121,841.646115,1.5100569510483899,-1.29339820184995
方式2对齐后,892.321,841.846115,1.7599356597385203,-2.6359767322555703
方式2对齐后,892.521,842.046115,1.28037943124931,-1.8924232206896199
方式2对齐后,892.721,842.246115,2.2333442437321,-0.9465093617835301
方式2对齐后,892.921,842.4461150000001,1.6148608847079702,-1.95092897207706
方式2对齐后,893.121,842.646115,0.96379251866062,0.6663222034617999
方式2对齐后,893.321,842.846115,0.3824962114414103,-1.3774409080420602
方式2对齐后,893.521,843.046115,0.6483350023766903,0.38772164556544997
方式2对齐后,893.721,843.246115,-0.5001762777750396,-1.98575518920853
方式2对齐后,893.921,843.4461150000001,1.40655266357654,0.43756978604985997
方式2对齐后,894.121,843.646115,1.41389499526925,-0.2157311206416601
方式2对齐后,894.321,843.846115,1.1524852366671805,-1.59280808249195
方式2对齐后,894.521,844.046115,2.32179772807707,-1.1627039603371099
方式2对齐后,894.721,844.246115,2.67513470908652,-1.80033455460077
方式2对齐后,894.921,844.4461150000001,0.7870240093924004,-2.09477306932143
方式2对齐后,895.121,844.646115,1.5899211797341302,-2.3919816573547497
方式2对齐后,895.321,844.846115,1.2855076186579302,-0.4120577671135899
方式2对齐后,895.521,845.046115,1.6095332227109402,-0.14789459174305009
方式2对齐后,895.721,845.246115,1.78343358310667,-1.8500927180467
方式2对齐后,895.921,845.4461150000001,2.17049004598843,-2.10260607493472
方式2对齐后,896.121,845.646115,1.6296018183652405,0.0668864702148999
方式2对齐后,896.321,845.846115,2.2277471534518805,-1.33467512677537
方式2对齐后,896.521,846.046115,1.6459297087835,-1.80488020132444
方式2对齐后,896.721,846.246115,1.7517722476480406,-0.8485181212805899
方式2对齐后,896.921,846.4461150000001,0.8658163706942803,-1.80139601397862
方式2对齐后,897.121,846.646115,2.5341525028277605,-0.4038165137521301
方式2对齐后,897.321,846.846115,2.08380390106833,-1.3542048014029802
方式2对齐后,897.521,847.046115,1.6063350660141502,-1.5972325338681
方式2对齐后,897.721,847.246115,2.14287964263315,-1.8332161001038703
方式2对齐后,897.921,847.4461150000001,1.0584905898960901,-2.3539181101276396
方式2对齐后,898.121,847.646115,2.47199174700134,-0.60505133415593
方式2对齐后,898.321,847.846115,2.43099721560671,0.10268850799137996
方式2对齐后,898.521,848.046115,1.9242016946492004,-1.5586276772758803
方式2对齐后,898.721,848.246115,1.5168833737842604,-1.58480436819546
方式2对齐后,898.921,848.4461150000001,1.9891294915488604,-2.77729459031917
方式2对齐后,899.121,848.646115,0.8344010987894004,-3.61225322663513
方式2对齐后,899.321,848.846115,1.0833081758218004,-2.36213293158519
方式2对齐后,899.521,849.046115,1.5999242633592106,-1.72967824361095
方式2对齐后,899.721,849.246115,2.7134095959451106,-0.14291824631275007
方式2对齐后,899.921,849.4461150000001,3.0530085892940804,-1.3190956546403703
方式2对齐后,900.121,849.646115,3.35345356466389,-3.13418033004314
方式2对齐后,900.321,849.846115,2.85627685670931,-1.90422838567985
方式2对齐后,900.521,850.046115,1.8864403234874603,-1.4051248533745202
方式2对齐后,900.721,850.246115,1.7123613445199801,-2.34216089102579
方式2对齐后,900.921,850.4461150000001,2.55719247210292,-0.73125899336299
方式2对齐后,901.121,850.646115,1.5297965734477899,-2.03181682874452
方式2对齐后,901.321,850.846115,2.69975609661,-1.08330746626255
方式2对齐后,901.521,851.046115,2.3663271894495104,-0.22950579519012004
方式2对齐后,901.721,851.246115,3.42031022056403,-1.4361213540362598
方式2对齐后,901.921,851.4461150000001,2.80526533847981,-1.4152296295188402
方式2对齐后,902.121,851.646115,2.71184539167458,-2.20424720349531
