time_s,method1_time_s,method2_time_s,x_method1_m,y_method1_m,x_method2_corrected_m,y_method2_corrected_m,x_fused_m,y_fused_m,x_smooth_m,y_smooth_m
0.0,469.05,101.10600000000824,49.6771293276998,-5.51230635336737,53.59856794017537,-0.15091027768672172,51.63784863393759,-2.8316083155270455,42.868233778801,-1.1842100065539487
0.10000000000002274,469.15000000000003,101.20600000000826,51.25585930387832,-3.538317572711434,52.76904287556655,-0.15943613702994058,52.01245108972243,-1.8488768548706873,42.75018282187673,-1.1809916873470747
0.20000000000004547,469.25000000000006,101.30600000000828,52.83458928005684,-1.5643287920554982,51.001361840703424,-0.010463238099255256,51.91797556038013,-0.7873960150773768,42.622585876973325,-1.1771570932299784
0.3000000000000682,469.3500000000001,101.4060000000083,52.784868025913056,-0.8961898243319555,50.68232215496069,-1.413800632521345,51.73359509043687,-1.1549952284266503,42.4883828251285,-1.1718421560227605
0.40000000000009095,469.4500000000001,101.50600000000833,51.10669554145068,-1.5339006695378352,50.82074815820597,-3.307341277253109,50.963721849828325,-2.420620973395472,42.36036368174574,-1.1757824734094837
0.5000000000001137,469.5500000000001,101.60600000000835,49.428523056989924,-2.1716115147450425,49.518412922982705,-3.0005844327928517,49.47346798998632,-2.586097973768947,42.240899955884224,-1.1924499700306188
0.6000000000001364,469.65000000000015,101.70600000000837,49.18435948458923,-3.9772543401098654,47.76110045476668,-1.9989968025893583,48.47272996967796,-2.9881255713496118,42.11388117820536,-1.1958295209346423
0.7000000000001592,469.75000000000017,101.8060000000084,48.940195912188535,-5.782897165474688,48.8373412348926,0.6301485355923802,48.88876857354057,-2.576374314941154,41.97871023676822,-1.1815435428199517
0.8000000000001819,469.8500000000002,101.90600000000842,47.93875316800574,-4.137316989283358,50.80838830355777,3.7732594655312655,49.373570735781755,-0.1820287618760461,41.845638318772274,-1.1652592776690096
0.9000000000002046,469.9500000000002,102.00600000000844,46.18003125204602,0.959486188440585,51.511926541358164,2.985148292483144,48.84597889670209,1.9723172404618645,41.723837654847,-1.157425985379184
1.0000000000002274,470.05000000000024,102.10600000000846,44.42130933609489,6.056289366151031,51.815198832754405,0.9555985611699191,48.11825408442465,3.5059439636604752,41.60881704892885,-1.1554208772220496
1.1000000000002501,470.15000000000026,102.20600000000849,46.44027960059219,5.216909562139152,51.51147182188378,-0.43944155235809695,48.97587571123799,2.388734004890528,41.48531031727441,-1.1473228032896083
1.2000000000002728,470.2500000000003,102.30600000000851,48.45924986508949,4.377529758127274,51.01606082091267,-1.6341102077312433,49.73765534300108,1.3717097751980152,41.3572916144115,-1.130338382481104
1.3000000000002956,470.3500000000003,102.40600000000853,48.18353220991288,3.978818547796196,50.185142224035715,-0.957137035525969,49.1843372169743,1.5108407561351136,41.22780589998378,-1.1061417982088562
1.4000000000003183,470.45000000000033,102.50600000000856,45.613126635088456,4.02077593114091,49.24827386008006,0.31088092405967016,47.430700247584255,2.1658284276002897,41.0966669461263,-1.0844805692747743
1.500000000000341,470.55000000000035,102.60600000000858,43.042721060274246,4.062733314480553,50.69701603177869,1.2937413019108548,46.86986854602647,2.678237308195704,40.963250692415485,-1.067625605690993
1.6000000000003638,470.6500000000004,102.7060000000086,43.46702295514134,2.618104795062946,52.89910889859355,2.186551917151311,48.18306592686744,2.4023283561071285,40.828952792892515,-1.0540458908791515
1.7000000000003865,470.7500000000004,102.80600000000862,43.89132485000844,1.1734762756453394,51.279209386193045,0.8921752227768671,47.585267118100745,1.0328257492111033,40.69417371043182,-1.0430757334574552
1.8000000000004093,470.8500000000004,102.90600000000865,44.235507571578694,2.283624214418989,48.452364912504244,-1.0928922006239161,46.343936242041465,0.5953660068975364,40.555857253935706,-1.0295001769212284
1.900000000000432,470.95000000000044,103.00600000000867,44.4995711198534,5.948548611343233,49.90588292493932,-0.722487386623056,47.20272702239636,2.613030612360088,40.41239177355924,-1.0118907618391626
2.0000000000004547,471.05000000000047,103.10600000000869,44.7636346681373,9.613473008232088,52.71109435340446,0.39175076515210305,48.73736451077088,5.002611886692096,40.265793406016435,-0.9979154039988485
2.1000000000004775,471.1500000000005,103.20600000000871,47.05082703575446,5.496377100951464,50.85179098770705,1.2214124727619082,48.95130901173076,3.358894786856686,40.125973784658285,-0.9801839303795994
2.2000000000005002,471.2500000000005,103.30600000000874,49.33801940337162,1.37928119367084,47.519482950871534,1.9612079348886833,48.428751177121576,1.6702445642797616,39.99206542200515,-0.955674378162399
2.300000000000523,471.35000000000053,103.40600000000876,49.31054703668565,-1.4058862283093079,45.91944207717565,0.3145189357122853,47.614994556930654,-0.5456836462985113,39.857783683419335,-0.9314642286196836
2.4000000000005457,471.45000000000056,103.50600000000878,46.96840993574392,-2.8591251650162346,44.866432938945835,-2.0857967350933015,45.91742143734488,-2.472460950054768,39.71650421671424,-0.9103547676585756
2.5000000000005684,471.5500000000006,103.6060000000088,44.62627283482295,-4.312364101699158,44.13611265115823,-0.6577504620655978,44.38119274299059,-2.485057281882378,39.56803323421739,-0.8906942586235653
2.600000000000591,471.6500000000006,103.70600000000883,45.9356617723156,-1.5430042969496642,43.50769410556644,1.9792522136954847,44.72167793894102,0.2181239583729102,39.421331262282145,-0.8730582167888079
2.700000000000614,471.7500000000006,103.80600000000885,47.245050709808254,1.2263555077998296,42.62517818458472,0.7731042423414922,44.93511444719648,0.9997298750706609,39.276331488796,-0.8596662917904161
2.8000000000006366,471.85000000000065,103.90600000000887,45.26893640311036,2.005029727318881,41.662420987202914,-1.6466702485666183,43.46567869515664,0.1791797393761314,39.13294785407043,-0.8466918285476802
2.9000000000006594,471.95000000000067,104.0060000000089,40.00731885230408,0.7930183616572797,43.08231489713277,-1.8217958645778902,41.54481687471842,-0.5143887514603053,38.98985776285964,-0.8315526790050841
3.000000000000682,472.0500000000007,104.10600000000892,34.74570130155856,-0.4189930039863043,45.25462494584768,-1.2880849941244183,40.00016312370312,-0.8535389990553613,38.84435373813962,-0.8166360858963895
3.100000000000705,472.1500000000007,104.20600000000894,38.39072908988583,1.0103283022492944,43.689997480426264,-1.141630618058447,41.04036328515605,-0.06565115790457632,38.693577952438915,-0.80758988160968
3.2000000000007276,472.25000000000074,104.30600000000896,42.0357568782131,2.439649608484893,40.94528448480263,-1.117467766476032,41.49052068150786,0.6610909210044305,38.54381147587288,-0.7986408231672594
3.3000000000007503,472.35000000000076,104.40600000000899,43.78966554195175,1.5565889599383496,39.06353474218971,-0.30384992924235554,41.426600142070725,0.626369515347997,38.398500299501514,-0.7876723676470327
3.400000000000773,472.4500000000008,104.50600000000901,43.652455081157676,-1.6388536433219851,37.45429971091981,0.759069482284886,40.55337739603874,-0.43989208051854956,38.25091756629524,-0.7758001449785141
3.500000000000796,472.5500000000008,104.60600000000903,43.515244620362765,-4.834296246538061,38.600986728553785,1.1799424698121423,41.05811567445828,-1.8271768883629593,38.09847716501412,-0.7634691162638899
3.6000000000008185,472.65000000000083,104.70600000000906,43.27204667015827,-2.4683772228572676,40.61796491909571,1.3980639551238139,41.945005794626994,-0.5351566338667268,37.93819437625442,-0.7519889108708567
3.7000000000008413,472.75000000000085,104.80600000000908,43.02884871995377,-0.10245819917647392,41.07536545684352,0.5027531394133612,42.05210708839864,0.20014747011844364,37.77012765704849,-0.7423138989759436
3.800000000000864,472.8500000000009,104.9060000000091,42.26934427928958,2.063464478420992,41.040267788690365,-0.7441678764452795,41.65480603398997,0.6596483009878562,37.60072467589297,-0.7345337714186848
3.9000000000008868,472.9500000000009,105.00600000000912,40.99353334818329,4.029390809941951,40.86069903670644,-2.740327588756667,40.92711619244487,0.644531610592642,37.43312369567486,-0.729478652788099
4.0000000000009095,473.0500000000009,105.10600000000915,39.717722417114466,5.995317141423932,40.63550783721978,-4.973088994566677,40.176615127167125,0.5111140734286277,37.26687838251981,-0.7266862612916658
4.100000000000932,473.15000000000094,105.20600000000917,42.56133625422187,3.6755670055257275,41.14106366263934,-5.056924382012653,41.851199958430605,-0.6906786882434628,37.10020313552069,-0.7157616999317687
4.200000000000955,473.25000000000097,105.30600000000919,45.404950091329276,1.3558168696275228,41.877381706334496,-4.462151553473801,43.641165898831886,-1.5531673419231393,36.937666252610775,-0.6972720842176258
4.300000000000978,473.350000000001,105.40600000000921,45.53747746641017,0.6795273961395965,38.99052602908335,-1.2606013741978321,42.26400174774676,-0.29053698902911784,36.78302365008608,-0.6740516331534966
4.4000000000010004,473.450000000001,105.50600000000924,42.95891837956935,1.6466985849984213,34.95951023000514,2.764141652264171,38.95921430478724,2.205420118631296,36.62806612268183,-0.6500267724272762
4.500000000001023,473.55000000000103,105.60600000000926,40.3803592927391,2.613869773824554,35.54343729830815,1.8746885047036321,37.961898295523625,2.2442791392640933,36.469470775296394,-0.6255989638684121
4.600000000001046,473.65000000000106,105.70600000000928,38.83604648857903,0.38592977429565556,37.58471474504579,-0.5666160654461727,38.21038061681241,-0.09034314557525858,36.30767597664992,-0.611768558878344
4.700000000001069,473.7500000000011,105.8060000000093,37.29173368441896,-1.8420102252332429,37.85051953696246,1.0856058956156829,37.57112661069071,-0.37820216480878,36.14475216488394,-0.6068642831311185
4.800000000001091,473.8500000000011,105.90600000000933,36.976581725765996,-2.071773151206152,37.5556487539579,4.030520444823236,37.266115239861946,0.9793736468085421,35.97561765543951,-0.6077967471622895
4.900000000001114,473.9500000000011,106.00600000000935,37.890590612567046,-0.3033590037093936,36.8782939466043,1.4196515677195038,37.38444227958567,0.5581462820050551,35.79700563686386,-0.6070890072784915
5.000000000001137,474.05000000000115,106.10600000000937,38.80459949934536,1.4650551437437398,36.08015471057068,-2.945675232585402,37.44237710495802,-0.7403100444208311,35.61093920482958,-0.5996587924607698
5.10000000000116,474.15000000000117,106.2060000000094,37.71900506634435,-0.6038035820829946,37.27695858401149,-1.965956903227665,37.49798182517792,-1.2848802426553299,35.43334990061192,-0.5863918015609544
5.200000000001182,474.2500000000012,106.30600000000942,36.633410633343345,-2.6726623079097287,39.10374449169908,0.7016704135762337,37.86857756252121,-0.9854959471667475,35.26429664635302,-0.5682751920101468
5.300000000001205,474.3500000000012,106.40600000000944,34.391580375104134,-4.049944643214785,39.189624509193315,0.9854785525060477,36.790602442148725,-1.5322330453543689,35.09670906630005,-0.5503995966723478
5.400000000001228,474.45000000000124,106.50600000000946,30.99351429168192,-4.735650588031185,38.72574477217377,0.5165016882857121,34.859629531927844,-2.1095744498727367,34.91981602733975,-0.5398056995626623
5.5000000000012506,474.55000000000126,106.60600000000949,27.595448208306873,-5.4213565328337765,36.874523711365036,0.0670089822452905,32.23498595983595,-2.677173775294243,34.73245474514572,-0.5372077485991731
5.600000000001273,474.6500000000013,106.70600000000951,27.969150806886038,-5.002905554263098,34.585194864323995,-0.3763308317415105,31.277172835605015,-2.689618193002304,34.534376970974314,-0.5274653847563017
5.700000000001296,474.7500000000013,106.80600000000953,28.342853405465203,-4.584454575692419,34.4632467264768,-0.8813176713342658,31.403050065971,-2.7328861235133424,34.32552529163096,-0.5102461707831619
5.800000000001319,474.85000000000133,106.90600000000956,30.18126969317806,-4.1709585499292485,35.02573460170232,-1.4057719926871706,32.60350214744019,-2.7883652713082094,34.12159184243217,-0.48843831419680583
5.9000000000013415,474.95000000000135,107.00600000000958,33.48439966994801,-3.7624174769733276,34.9772573769223,-1.4706634366877935,34.23082852343516,-2.6165404568305606,33.93186231617072,-0.46579251195967086
6.000000000001364,475.0500000000014,107.1060000000096,36.7875296466644,-3.3538764040016447,34.735843804873184,-1.3904297616005556,35.7616867257688,-2.3721530828011,33.745274694378466,-0.4430715698886403
6.100000000001387,475.1500000000014,107.20600000000962,36.16456483497126,-1.7899654337210091,32.24264730085391,0.43100391769559665,34.20360606791259,-0.6794807580127062,33.54515297779982,-0.42041713797174945
6.20000000000141,475.2500000000014,107.30600000000965,35.541600023278114,-0.22605446344037405,29.038361450271374,2.8022902296100973,32.289980736774744,1.2881178830848616,33.341042571297216,-0.39758123206574986
6.3000000000014325,475.35000000000144,107.40600000000967,33.04327124937357,0.036446162021021244,29.678901398807213,1.0750642186048318,31.36108632409039,0.5557551903129265,33.143644867132686,-0.37426512846661314
6.400000000001455,475.45000000000147,107.50600000000969,28.669578513364215,-1.0024635572628466,31.533596862211507,-1.9464288410585127,30.101587687787863,-1.4744461991606796,32.954322792151046,-0.3547683907986015
6.500000000001478,475.5500000000015,107.60600000000971,24.295885777409538,-2.041373276490951,30.818277980362353,0.11326001635507588,27.557081878885946,-0.9640566300679376,32.771079253603354,-0.34051838007549906
6.600000000001501,475.6500000000015,107.70600000000974,23.621829787191466,0.6928033434859784,29.29137562149618,3.777532636203122,26.456602704343823,2.23516798984455,32.58241302420545,-0.32971827046299734
6.700000000001523,475.75000000000153,107.80600000000976,22.94777379697339,3.4269799634629083,28.584047550219974,4.3025582321109885,25.765910673596682,3.864769097786948,32.389795918164964,-0.32059623697302203
6.800000000001546,475.85000000000156,107.90600000000978,24.180980531038355,4.804178422205613,28.135532411728725,3.8362426630933744,26.158256471383538,4.320210542649494,32.182923602883896,-0.31082915587598847
6.900000000001569,475.9500000000016,108.0060000000098,27.32144998926927,4.824398719797397,28.9123897061129,2.9429988665650324,28.116919847691086,3.883698793181215,31.96099179609379,-0.2976874446493305
7.000000000001592,476.0500000000016,108.10600000000983,30.461919447404103,4.844619017336598,30.076206715934433,1.9149356298424454,30.269063081669266,3.3797773235895217,31.74307441436563,-0.2839950148861468
7.100000000001614,476.1500000000016,108.20600000000985,27.565788640759525,1.5610051365508588,31.056156156567525,1.1095552789357066,29.310972398663523,1.3352802077432826,31.53759613788923,-0.2710833544799833
7.200000000001637,476.25000000000165,108.30600000000987,24.669657834114947,-1.72260874423488,31.97804215433032,0.37449583930130537,28.323849994222634,-0.6740564524667874,31.33486345845621,-0.25844198352858433
7.30000000000166,476.35000000000167,108.4060000000099,24.973762346654265,-2.112288250452374,32.33712947615089,1.3086356267976498,28.65544591140258,-0.40182631182736206,31.13019072428912,-0.24648725676778482
7.400000000001683,476.4500000000017,108.50600000000992,28.478102178166463,0.3919666177075558,32.51849090040178,2.769890959418151,30.49829653928412,1.5809287885628533,30.922813773756747,-0.23492348210145966
7.500000000001705,476.5500000000017,108.60600000000994,31.982442009609503,2.896221485803473,29.957497463188574,2.005732600769037,30.969969736399037,2.450977043286255,30.713004306530287,-0.22347489605285306
7.600000000001728,476.65000000000174,108.70600000000996,31.431409408738418,1.6467606915639792,26.530497228089445,0.5388120242066026,28.98095331841393,1.092786357885291,30.50262493560179,-0.21181202136533314
7.700000000001751,476.75000000000176,108.80600000000999,30.880376807867332,0.39729989732448523,28.167636689698,3.4147859255654156,29.524006748782668,1.9060429114449504,30.29253570187489,-0.19748687634890544
7.8000000000017735,476.8500000000018,108.90600000001001,29.444914802603876,-0.40265790033865256,31.40397815991939,7.662200187623687,30.424446481261633,3.6297711436425173,30.08190750576109,-0.18656221800507392
7.900000000001796,476.9500000000018,109.00600000001003,27.125023393010387,-0.7531127014571186,28.87590436391278,5.461210746536193,28.000463878461584,2.354049022539537,29.87089877723332,-0.17667956834994158
8.000000000001819,477.05000000000183,109.10600000001006,24.805131983492473,-1.103567502537326,24.527488905885697,1.2238832950463996,24.666310444689085,0.060157896254536825,29.658660987130702,-0.15873005589688288
8.100000000001842,477.15000000000185,109.20600000001008,26.639949390045732,0.6492819814557367,24.931169032444167,-0.15798307091651367,25.78555921124495,0.24564945526961152,29.44876377642939,-0.13176065133649376
8.200000000001864,477.2500000000019,109.3060000000101,28.474766796598992,2.4021314654487993,26.83551092172782,-0.6381248840527695,27.655138859163408,0.8820032906980149,29.24329541618546,-0.10069180629186443
8.300000000001887,477.3500000000019,109.40600000001012,29.155223031189376,2.818492515212022,25.666120362633652,-1.7507459044392273,27.410671696911514,0.5338733053863973,29.04378131701233,-0.0708454437453984
8.40000000000191,477.4500000000019,109.50600000001015,28.68131809390351,1.8983651308456864,23.5260774519581,-3.063097200688744,26.103697772930804,-0.5823660349215287,28.846947742117976,-0.04503307024172437
8.500000000001933,477.55000000000194,109.60600000001017,28.207413156655363,0.9782377465441423,22.531979271620834,-1.2624642574818101,25.3696962141381,-0.1421132554688339,28.651487419906903,-0.0229526048513637
8.600000000001955,477.65000000000197,109.70600000001019,29.68530176260686,3.4105293369325294,21.8997583743469,1.5212163397432232,25.79253006847688,2.4658728383378765,28.45585833619721,-0.0020324681024219346
8.700000000001978,477.750000000002,109.80600000001021,31.163190368558354,5.8428209273209175,24.811035536822423,2.461352876084235,27.98711295269039,4.152086901702576,28.26108544679898,0.016711547981781222
8.800000000002001,477.850000000002,109.90600000001024,32.31410699148581,6.733746251464035,28.841312085961885,2.8193176040503864,30.577709538723845,4.776531927757211,28.064571050946576,0.03681859731185735
8.900000000002024,477.95000000000203,110.00600000001026,33.13805163141523,6.0833053094845475,27.945613058115256,1.6249614662908949,30.541832344765243,3.854133387887721,27.865534722245858,0.059186623416002865
9.000000000002046,478.05000000000206,110.10600000001028,33.96199627134711,5.432864367424661,25.494342796303908,-0.059601260370009346,29.728169533825508,2.6866315535273255,27.66571012523228,0.08565590557739189
9.100000000002069,478.1500000000021,110.2060000000103,34.905644681942604,0.8535589271619317,26.1508916907435,-0.218271629562786,30.528268186343052,0.31764364879957285,27.465645017455266,0.12352579777661397
9.200000000002092,478.2500000000021,110.30600000001033,35.849293092538105,-3.7257465131007965,27.78885716028745,0.10491874543613283,31.819075126412777,-1.8104138838323318,27.26552947755071,0.16675697936115563
9.300000000002115,478.3500000000021,110.40600000001035,34.48215358797049,-5.003563021910284,28.567757541514883,1.8305250806660134,31.524955564742683,-1.5865189706221354,27.06566773365679,0.20645114115223243
9.400000000002137,478.45000000000215,110.50600000001037,30.804226168434173,-2.979890599544277,29.07537421079609,3.998999613612611,29.939800189615134,0.5095545070341669,26.86864488367624,0.23832762758834353
9.50000000000216,478.55000000000217,110.6060000000104,27.126298748931333,-0.9562181772082352,28.276531328253867,2.626811882000434,27.7014150385926,0.8352968523960994,26.675200157481182,0.26324238595151317
9.600000000002183,478.6500000000022,110.70600000001042,24.998095807895965,-0.31976165144531643,27.06512227168636,0.13652027800589206,26.031609039791164,-0.09162068671971219,26.477006389052367,0.29296387834497983
9.700000000002206,478.7500000000022,110.80600000001044,22.869892866860603,0.31669487431760224,24.03420797030492,-2.256343002383806,23.45205041858276,-0.9698240640331017,26.27178526117676,0.32849339805054606
9.800000000002228,478.85000000000224,110.90600000001047,22.946511496272855,-0.017656396739094804,20.4287130656263,-4.618439443757974,21.68761228094958,-2.3180479202485342,26.067818385037988,0.37294858736581027
9.900000000002251,478.95000000000226,111.00600000001049,25.227951695937215,-1.3228154645293204,21.67726048709956,-2.50555377536097,23.452606091518387,-1.914184619945145,25.86630598010537,0.42787300567931064
10.000000000002274,479.0500000000023,111.10600000001051,27.509391895437613,-2.627974532202546,24.45866337910985,1.020484137416247,25.984027637273734,-0.8037451973931495,25.657295354384946,0.4884423605657505
10.100000000002296,479.1500000000023,111.20600000001053,22.579770960931373,1.2125756608750033,24.28016740527505,2.5981299735516816,23.42996918310321,1.9053528172133425,25.440957423835382,0.5462554719551103
10.20000000000232,479.25000000000233,111.30600000001056,17.65015002642513,5.053125853952553,23.166966526975663,3.560494101628807,20.408558276700397,4.30680997779068,25.22079091855454,0.5989206820242224
10.300000000002342,479.35000000000235,111.40600000001058,16.734795772549116,5.259757809129215,23.463303831902113,2.653418209761881,20.099049802225615,3.956588009445548,24.99936736140061,0.6494767731657315
10.400000000002365,479.4500000000024,111.5060000000106,19.8337081989291,1.8324715267437552,24.204758457589474,1.155992838254508,22.019233328259286,1.4942321824991316,24.77676904201064,0.7055268933337095
10.500000000002387,479.5500000000024,111.60600000001062,22.932620625274488,-1.5948147555467205,23.9006869992744,1.4822576263128515,23.416653812274443,-0.05627856461693448,24.552558790568586,0.7682739178524632
10.60000000000241,479.6500000000024,111.70600000001065,24.582432516468142,-1.0436169531189672,23.266449409361062,2.3844245696886626,23.924440962914602,0.6704038082848477,24.338443153313637,0.8265442584545062
10.700000000002433,479.75000000000244,111.80600000001067,26.2322444076618,-0.4924191506912139,23.900536705502528,1.7430868429172326,25.066390556582164,0.6253338461130094,24.13757875941458,0.8789390433186781
10.800000000002456,479.85000000000247,111.90600000001069,25.5442843778977,0.5574727889309576,24.935147649637997,0.6143265890154408,25.239716013767847,0.5858996889731992,23.939975346698546,0.9318352837381765
10.900000000002478,479.9500000000025,112.00600000001072,22.518552427404412,2.10605886569879,24.55892708826667,1.9473366534852499,23.538739757835543,2.02669775959202,23.740305547298043,0.9895596008099747
11.000000000002501,480.0500000000025,112.10600000001074,19.492820476992613,3.6546449424999192,23.737180788575387,4.057747870669376,21.615000632784,3.8561964065846475,23.53345204020041,1.051823671872043
11.100000000002524,480.15000000000254,112.20600000001076,19.725144450935822,6.534533395823939,23.720948512238646,1.7332966648569674,21.723046481587232,4.133915030340453,23.322071941465328,1.1106728795625025
11.200000000002547,480.25000000000256,112.30600000001078,19.957468424879035,9.414421849147956,23.959089085232396,-1.9916374105501617,21.958278755055716,3.7113922192988973,23.109916200015032,1.165294674198276
11.30000000000257,480.3500000000026,112.4060000000108,20.354763675597987,9.132638598445602,24.566901742203658,-1.237997914169366,22.460832708900824,3.947320342138118,22.894685125625696,1.215700153091163
11.400000000002592,480.4500000000026,112.50600000001083,20.917030203075793,5.689183644040371,25.291452951940865,0.9299279724656766,23.10424157750833,3.309555808253024,22.675026859173474,1.2699175492305814
11.500000000002615,480.5500000000026,112.60600000001085,21.479296730476662,2.2457286896026476,23.395170402930567,1.1566515465946923,22.437233566703615,1.70119011809867,22.45161477159038,1.330397559785942
11.600000000002638,480.65000000000265,112.70600000001087,19.09908458781108,-2.4403776542621936,20.671256141123134,0.7703638645069419,19.885170364467108,-0.8350068948776258,22.231932166756017,1.3931032323321118
11.70000000000266,480.7500000000027,112.8060000000109,16.7188724451455,-7.126483998127036,20.187050970620707,1.305787436152651,18.452961707883105,-2.9103482809871926,22.014758477754153,1.45462489918136
11.800000000002683,480.8500000000027,112.90600000001092,16.406005142015314,-8.158344737066773,20.4101223548455,2.13227771933011,18.408063748430408,-3.0130335088683315,21.80390877311353,1.5190195750934539
11.900000000002706,480.9500000000027,113.00600000001094,18.160482678199592,-5.5359598714719205,21.236329351140046,2.9937996507129783,19.69840601466982,-1.271080110379471,21.598857413898074,1.5848084404690326
12.000000000002728,481.05000000000274,113.10600000001097,19.91496021433967,-2.913575005912975,22.253000224816287,3.8663842078383013,21.083980219577978,0.47640460096266324,21.3920863799205,1.6427036742951384
12.100000000002751,481.15000000000276,113.20600000001099,20.04948602125918,-1.6071561205337024,21.30726854671731,2.451826042260109,20.678377283988247,0.4223349608632032,21.181488376155244,1.6945781941283469
12.200000000002774,481.2500000000028,113.30600000001101,20.184011828178694,-0.3007372351544304,19.741830800009577,0.31501228047329466,19.962921314094135,0.007137522659432127,20.97477526646498,1.7460400913731629
12.300000000002797,481.3500000000028,113.40600000001103,20.416501403167004,-0.25031848502151,20.771748440024552,-0.6086882822995732,20.59412492159578,-0.4295033836605416,20.775195935901575,1.7994392347948565
12.40000000000282,481.45000000000283,113.50600000001106,20.7469547462132,-1.4558998699950074,22.621251991141094,-1.1493004666678648,21.684103368677146,-1.302600168331436,20.578317937243202,1.8568683334191682
12.500000000002842,481.55000000000285,113.60600000001108,21.077408089184264,-2.6614812549731988,24.008409364184914,-0.7333827381339258,22.542908726684587,-1.6974319965535623,20.38248463675027,1.918805434558618
12.600000000002865,481.6500000000029,113.7060000000111,18.764554210806818,-4.032217457178771,25.24956268108378,-0.015402932024555893,22.007058445945297,-2.0238101946016633,20.178498108811254,1.9741680675603839
12.700000000002888,481.7500000000029,113.80600000001112,16.451700332429372,-5.402953659384342,22.770330593939754,1.664703275112685,19.611015463184565,-1.8691251921358285,19.963667242747583,2.018105597558308
12.80000000000291,481.8500000000029,113.90600000001115,16.789525282901756,-6.643757024894143,19.116239958865776,3.648638871863251,17.952882620883766,-1.4975590765154458,19.748646289890917,2.0589135316231033
12.900000000002933,481.95000000000294,114.00600000001117,19.778029061916598,-7.754627553723239,19.232058227813948,0.1133715945341418,19.505043644865275,-3.8206279795945486,19.539073997241527,2.1097844881511114
13.000000000002956,482.05000000000297,114.10600000001119,22.76653284072044,-8.865498082372007,20.53837404467322,-5.164801852491938,21.65245344269683,-7.015149967431972,19.341238304115794,2.1751073723779686
13.100000000002979,482.150000000003,114.20600000001122,18.616789960928376,-3.875674144743553,20.895480912160007,-3.484077040130263,19.75613543654419,-3.6798755924369084,19.146410098515364,2.237953585705676
13.200000000003001,482.250000000003,114.30600000001124,14.467047081136313,1.1141497928849002,20.95283758529222,0.3941945896357435,17.709942333214265,0.7541721912603219,18.945238392098574,2.2970882762888287
13.300000000003024,482.35000000000304,114.40600000001126,14.671778040732534,2.067411571027103,21.801816393177486,0.44407290369172336,18.23679721695501,1.2557422373594131,18.73739372487424,2.3528188136451478
13.400000000003047,482.45000000000306,114.50600000001128,19.23098283919229,-1.01588880983051,22.90078113819907,-0.7150150917311628,21.06588198869568,-0.8654519507808365,18.538520546685742,2.4039883897908405
13.50000000000307,482.5500000000031,114.6060000000113,23.790187637438663,-4.099189190517191,21.745165459521647,-0.5574631456552787,22.767676548480154,-2.328326168086235,18.355262700337924,2.45234419745576
13.600000000003092,482.6500000000031,114.70600000001133,21.3977409614406,-1.6138533512894502,19.877577015906198,0.015869834320802467,20.6376589886734,-0.7989917584843238,18.16557617491391,2.4924810466596035
13.700000000003115,482.7500000000031,114.80600000001135,19.005294285442535,0.871482487938291,20.00501414525082,1.991480126876669,19.50515421534668,1.4314813074074801,17.960603189592604,2.5334880206465673
13.800000000003138,482.85000000000315,114.90600000001137,17.51140927528642,2.07355383995807,20.762459349875677,4.409914833656335,19.136934312581047,3.2417343368072027,17.74934877071248,2.5725522775755763
13.90000000000316,482.9500000000032,115.0060000000114,16.916085930859886,1.9923607049303678,20.527856500558375,3.2183595889245904,18.721971215709132,2.605360146927479,17.54464200697834,2.601142076301216
14.000000000003183,483.0500000000032,115.10600000001142,16.320762586435386,1.911167569893445,19.97997531861257,0.8868075181105937,18.150368952523976,1.3989875440020194,17.353080602961466,2.6211123342450136
14.100000000003206,483.1500000000032,115.20600000001144,15.789455087560468,1.5403173566059798,20.068696619783395,-0.38651715211553794,17.929075853671932,0.5769001022452209,17.1656059537499,2.6442343416843443
14.200000000003229,483.25000000000324,115.30600000001147,15.258147588685546,1.1694671433185149,20.35845028391771,-1.3256647486812296,17.808298936301625,-0.07809880268135738,16.975553254150075,2.6735123651189063
14.300000000003251,483.35000000000326,115.40600000001149,14.252480963663158,0.6384013203250221,19.588355143162964,0.513311429806719,16.920418053413062,0.5758563750658705,16.789298150168953,2.7167061006187336
14.400000000003274,483.4500000000033,115.50600000001151,12.772455212554782,-0.05288011235373402,18.483570906337977,3.2295898524966375,15.62801305944638,1.5883548700714518,16.605412230428254,2.772408084184
14.500000000003297,483.5500000000033,115.60600000001153,11.29242946159991,-0.7441615448701024,18.390887299782072,2.0965745496536714,14.84165838069099,0.6762065023917845,16.41473858860596,2.8304769495960973
14.60000000000332,483.65000000000333,115.70600000001156,14.468432927713632,3.4899903178730005,18.61781441837252,-0.2520071920638429,16.543123673043077,1.6189915629045788,16.217810243383962,2.8817742885036077
14.700000000003342,483.75000000000335,115.80600000001158,17.644436393827355,7.724142180616103,18.409262822176043,-1.0835635986356031,18.026849608001697,3.32028929099025,16.019658749775434,2.941302033758137
14.800000000003365,483.8500000000034,115.9060000000116,17.80307286587702,7.926337812748624,18.06319163192347,-1.436059373359634,17.933132248900243,3.245139219694495,15.821966329220983,3.007065736451313
14.900000000003388,483.9500000000034,116.00600000001162,14.944342344267412,4.096577214811455,17.40906263764864,0.8371555566107594,16.176702490958025,2.466866385711107,15.62399735651983,3.0784684514782055
15.00000000000341,484.0500000000034,116.10600000001165,12.085611822814839,0.26681661698477377,16.657652231639176,3.9395422875362507,14.371632027227008,2.103179452260512,15.432362006503187,3.15427182047791
15.100000000003433,484.15000000000344,116.20600000001167,13.831274518987795,-0.3233496080052092,15.800032837390761,3.513425977999309,14.815653678189278,1.5950381849970499,15.253751479162517,3.2242916064942255
15.200000000003456,484.25000000000347,116.3060000000117,15.576937215160752,-0.9135158329951922,14.908873762667271,1.9730455511337408,15.242905488914012,0.5297648590692743,15.07986831990381,3.281859099145141
15.300000000003479,484.3500000000035,116.40600000001172,16.372161321196042,-0.4957864382477911,14.92495131444652,1.345750355047077,15.648556317821281,0.424981958399643,14.91044451254043,3.3421179399336594
15.400000000003502,484.4500000000035,116.50600000001174,16.216946837225485,0.929838576097201,15.227524642832336,1.0067978632319519,15.72223574002891,0.9683182196645764,14.75086622871607,3.414704146932685
15.500000000003524,484.55000000000354,116.60600000001176,16.061732353219494,2.355463590355609,14.17094450520273,-0.5305504808449667,15.116338429211112,0.9124565547553212,14.602678267122764,3.498188399330039
15.600000000003547,484.65000000000356,116.70600000001178,14.901094835964832,1.324317541003382,12.685158010160363,-2.4463396201293417,13.793126423062597,-0.5610110395629798,14.45035202347215,3.5780669083320857
15.70000000000357,484.7500000000036,116.8060000000118,13.740457318710169,0.29317149165115497,14.352468713014874,-1.463960784610104,14.046463015862521,-0.5853946464794745,14.282967176206105,3.649387639375079
15.800000000003593,484.8500000000036,116.90600000001183,13.313992409623934,-0.5906809496297305,17.01549431982504,0.43362898972945985,15.164743364724487,-0.07852597995013533,14.110066442896708,3.7140836444754077
15.900000000003615,484.9500000000036,117.00600000001185,13.621700108600965,-1.327239782860373,15.56746508972478,1.623878931402626,14.594582599162873,0.14831957427112652,13.939627546468182,3.777254417386995
16.000000000003638,485.05000000000365,117.10600000001187,13.929407807520105,-2.0637986160597404,12.8212080172315,2.590758399747042,13.375307912375803,0.2634798918436507,13.775924361566956,3.84367186616093
16.10000000000366,485.1500000000037,117.2060000000119,12.645859169981254,-1.9406609335659242,10.167878140527622,2.040507409814478,11.406868655254438,0.049923238124277014,13.612348102346095,3.9118616124910406
16.200000000003683,485.2500000000037,117.30600000001192,11.362310532442402,-1.8175232510721082,7.543893694053907,1.0111625912645097,9.453102113248155,-0.40318032990379926,13.446738606619153,3.9768831385909844
16.300000000003706,485.3500000000037,117.40600000001194,10.88740604229689,-2.282660916339635,7.34799468550531,0.5250683190294282,9.1177003639011,-0.8787962986551034,13.27997375710763,4.049694816019823
16.40000000000373,485.45000000000374,117.50600000001197,11.221145699425206,-3.3360739292815627,7.918859498957982,0.21052685078160316,9.570002599191593,-1.5627735392499797,13.109830436033205,4.135774282979824
16.50000000000375,485.55000000000376,117.60600000001199,11.554885356522547,-4.3894869420304685,8.265664707521504,0.12805084218585824,9.910275032022025,-2.1307180499223053,12.936928552934976,4.236206923722794
16.600000000003774,485.6500000000038,117.70600000001201,11.063009022883515,-0.29794549129164327,8.541714251429623,0.11885866290583527,9.802361637156569,-0.089543414192904,12.767442804208184,4.32932366138394
16.700000000003797,485.7500000000038,117.80600000001203,10.571132689244482,3.793595959447183,11.111049357856972,-0.17502550200145472,10.841091023550728,1.809285228722864,12.591042697293183,4.416800973017047
16.80000000000382,485.85000000000383,117.90600000001206,11.240530895873789,6.5522622022916375,14.404579904602919,-0.558812399152883,12.822555400238354,2.9967249015693773,12.40796391323224,4.506079484377204
16.900000000003843,485.95000000000385,118.00600000001208,13.071203642594526,7.978053237444769,12.415814868344977,-1.5807897839362814,12.743509255469752,3.1986317267542437,12.228455269544792,4.591794684748041
17.000000000003865,486.0500000000039,118.1060000000121,14.901876389196547,9.403844272281756,8.758956491188297,-2.8043010067860497,11.830416440192423,3.299771632747853,12.062842519677744,4.664535466988516
17.100000000003888,486.1500000000039,118.20600000001212,13.661303732165546,2.6506898150074614,8.393404615183218,-1.3710431410474153,11.027354173674382,0.639823336980023,11.906443456645947,4.7332821000567105
17.20000000000391,486.2500000000039,118.30600000001215,12.420731075134544,-4.102464642266835,9.067212686220042,0.9011944363199094,10.743971880677293,-1.6006351029734627,11.75104154323125,4.809392420002826
17.300000000003934,486.35000000000394,118.40600000001217,9.960711206274912,-6.085630800944522,8.409462320493361,-0.04568277375740393,9.185086763384136,-3.0656567873509633,11.601011913171753,4.884937191825263
17.400000000003956,486.45000000000397,118.5060000000122,6.281244125777967,-3.2988086617739576,7.331219817121571,-2.0091225476134977,6.806231971449769,-2.6539656046937274,11.456148109852434,4.951702990813261
17.50000000000398,486.550000000004,118.60600000001222,2.6017770455864904,-0.511986522653142,7.2685713410774095,-1.4212622699046293,4.9351741933319495,-0.9666243962788856,11.314529692254043,5.0163716633252795
17.600000000004002,486.650000000004,118.70600000001224,6.599229782430667,1.0245410928936038,7.5266367681854,-0.027728292240333463,7.062933275308033,0.4984064003266352,11.168503751257111,5.095170838734671
17.700000000004025,486.75000000000404,118.80600000001226,10.596682519274843,2.5610687084403496,7.814281110629949,0.8702526550110203,9.205481814952396,1.715660681725685,11.016694867886448,5.187441424296564
17.800000000004047,486.85000000000406,118.90600000001228,11.035465918112251,1.6985890568102815,8.111266163174513,1.6117431717106694,9.573366040643382,1.6551661142604754,10.861668824060336,5.284483533805542
17.90000000000407,486.9500000000041,119.0060000000123,7.9155799795173865,-1.5628978616093163,6.559811730287594,1.2178175796172581,7.237695854902491,-0.1725401409960291,10.709439129940659,5.388395099398578
18.000000000004093,487.0500000000041,119.10600000001233,4.795694040921156,-4.824384779739477,4.424639565552227,0.46533953235695935,4.610166803236692,-2.1795226236912586,10.57155530064793,5.5014232436420905
18.100000000004115,487.1500000000041,119.20600000001235,1.6424550747157514,-1.01387588387855,2.1981995591137853,0.24132590194596307,1.9203273169147683,-0.3862749909662935,10.453968530151318,5.617841156698181
18.200000000004138,487.25000000000415,119.30600000001238,-1.5107838914896536,2.796633011982377,-0.05706187100086613,0.18419577147974286,-0.7839228812452599,1.49041439173106,10.333110057622338,5.732671484408723
18.30000000000416,487.3500000000042,119.4060000000124,-1.4869285258937066,4.52445986243136,2.3880342959733576,0.7598675128652438,0.4505528850398255,2.642163687648302,10.20162932195153,5.846268412664018
18.400000000004184,487.4500000000042,119.50600000001242,1.714021170976249,4.169604667814092,6.317453913652226,1.535371424173527,4.015737542314238,2.8524880459938093,10.065692821709423,5.959342037717747
18.500000000004206,487.5500000000042,119.60600000001244,4.914970867567836,3.814749473198919,4.6937402605937155,1.9279468154043216,4.804355564080776,2.87134814430162,9.926168828200105,6.0708467833703015
18.60000000000423,487.65000000000424,119.70600000001247,1.4981899695318028,3.5097107803215737,1.3164055758653124,2.1995974109035443,1.4072977726985576,2.854654095612559,9.777113454380366,6.185022394682815
18.700000000004252,487.75000000000426,119.80600000001249,-1.91859092850423,3.2046720874442283,2.730864132070082,2.5957360463135104,0.406136601782926,2.900204066878869,9.631530276117408,6.29824308417977
18.800000000004275,487.8500000000043,119.90600000001251,-1.4764707755132092,3.0102806814125462,5.658520552798389,3.0311866942999983,2.0910248886425897,3.0207336878562723,9.494576079246313,6.403769854252922
18.900000000004297,487.9500000000043,120.00600000001253,2.824550427846805,2.926536562207659,5.411465199244049,1.197609116080083,4.118007813545427,2.062072839143871,9.36592986817686,6.51230351522197
19.00000000000432,488.05000000000433,120.10600000001256,7.1255716308563155,2.8427924429200595,4.161869286077529,-1.352503690976727,5.643720458466922,0.7451443759716663,9.244276704671297,6.632754891946682
19.100000000004343,488.15000000000435,120.20600000001258,3.313282750215901,0.8444437678059091,5.251967359912768,-1.0860053733841442,4.282625055064335,-0.12078080278911751,9.133149603919742,6.751815230445049
19.200000000004366,488.2500000000044,120.3060000000126,-0.49900613042451347,-1.1539049073082408,7.080916165976353,0.0699490882217475,3.2909550177759197,-0.5419779095432466,9.027292412964371,6.855125243802368
19.30000000000439,488.3500000000044,120.40600000001263,-2.5139561275499256,-1.687829780086893,1.9397511243274819,0.9276878597436451,-0.28710250161122186,-0.380070960171624,8.92380549429601,6.946992805610864
19.40000000000441,488.4500000000044,120.50600000001265,-2.731567241475007,-0.7573308507864345,-5.402502499287888,1.6912532555146473,-4.067034870381447,0.46696120236410643,8.81428194127554,7.040450810890506
19.500000000004434,488.55000000000445,120.60600000001267,-2.9491783553466404,0.17316807850423707,-3.1696500043130733,1.0372150315598894,-3.059414179829857,0.6051915550320632,8.691638897451876,7.1419420015838355
19.600000000004457,488.65000000000447,120.7060000000127,-1.9613177335026486,0.8829243858903633,2.0869202102243927,-0.06448749305037516,0.06280123836087204,0.40921844641999405,8.563197349581095,7.2449691947015875
19.70000000000448,488.7500000000045,120.80600000001272,-0.9734571116586566,1.5926806932764896,2.477349304156578,-0.9099291067282662,0.7519460962489607,0.3413757932741117,8.442876810031143,7.352210577461712
19.800000000004502,488.8500000000045,120.90600000001274,-0.8011175398149297,2.0125024251405454,1.3311022558092387,-1.6744462222733096,0.2649923579971545,0.1690281014336179,8.32881263790226,7.4670700881166905
19.900000000004525,488.95000000000454,121.00600000001276,-1.444299017824979,2.1423895815346112,0.6167671184514298,-2.0005913300934153,-0.4137659496867746,0.07089912572059798,8.215892418261857,7.583425805736894
20.000000000004547,489.05000000000456,121.10600000001278,-2.0874804958546807,2.2722767377592343,0.038825216047699396,-2.1883031724128434,-1.0243276399034906,0.041986782673195444,8.099946036313828,7.700134812543114
20.10000000000457,489.1500000000046,121.2060000000128,-3.162808609293797,-1.3239134191110158,0.8280616710651834,1.5154598811919113,-1.1673734691143067,0.09577323104044777,7.97875831136361,7.819631289819495
20.200000000004593,489.2500000000046,121.30600000001283,-4.238136722732913,-4.9201035759812655,2.049038659702315,6.448109743173887,-1.0945490315152993,0.764003083596311,7.859780416543855,7.952873963509702
20.300000000004616,489.3500000000046,121.40600000001285,-5.005129986924296,-5.381202418711539,2.545472805673432,5.202164276260883,-1.229828590625432,-0.08951907122532798,7.733014206475971,8.085878825212252
20.40000000000464,489.45000000000465,121.50600000001288,-5.463788401924733,-2.7072099478792353,2.813103948858414,2.005083443701582,-1.3253422265331594,-0.3510632520888266,7.6043438253499,8.20097018851737
20.50000000000466,489.5500000000047,121.6060000000129,-5.9224468168353726,-0.03321747709193823,2.6547734531967384,3.3806560974733,-1.633836681819317,1.6737193101906809,7.489058833446708,8.307553347871854
20.600000000004684,489.6500000000047,121.70600000001292,-4.454631260071751,1.6751998702471222,2.361928755888996,6.200224588014132,-1.0463512520913774,3.9377122291306272,7.380420174407984,8.429104295206702
20.700000000004707,489.7500000000047,121.80600000001294,-2.986815703308129,3.3836172175861825,3.117396128733242,6.54972636376365,0.06529021271255653,4.9666717906749165,7.2573765155274055,8.558647834273923
20.80000000000473,489.85000000000474,121.90600000001297,-1.0842899352706474,3.20045029503492,4.203909418233059,6.119207072236944,1.5598097414812058,4.659828683635932,7.129249202693181,8.687440629163643
20.900000000004752,489.95000000000476,122.00600000001299,1.252946043958656,1.125699102950314,3.2122966269540116,6.168895764839977,2.232621335456334,3.6472974338951456,7.011939859675294,8.817353527802764
21.000000000004775,490.0500000000048,122.10600000001301,3.5901820230731993,-0.9490520889955483,1.5644334948428336,6.37022908390251,2.5773077589580167,2.7105884974534806,6.9084147967057135,8.951180904385193
21.100000000004798,490.1500000000048,122.20600000001303,3.523988795614608,-0.11809966516026138,1.5459084499937608,4.956791682074945,2.534948622804184,2.419346008457342,6.8066133487943805,9.080946203544542
21.20000000000482,490.25000000000483,122.30600000001306,3.4577955681560173,0.7128527586750255,2.0419112218075015,3.0334266845408644,2.749853394981759,1.873139721607945,6.700530522364468,9.205008550207161
21.300000000004843,490.35000000000485,122.40600000001308,3.4208767832446716,1.3826247056573553,1.204593766724558,3.047897426986763,2.3127352749846146,2.2152610663220593,6.581971542040733,9.329645600591027
21.400000000004866,490.4500000000049,122.5060000000131,3.4132324408749137,1.891216175817879,-0.053772180761026966,3.674316297409087,1.6797301300569434,2.782766236613483,6.450734289803753,9.450818713685724
21.50000000000489,490.5500000000049,122.60600000001313,3.405588098505163,2.3998076461432705,-0.44183853144591934,5.22455536781992,1.4818747835296218,3.812181506981595,6.317936732100232,9.571954314450004
21.60000000000491,490.6500000000049,122.70600000001315,3.3980865945222574,6.280942120201058,-0.5550734307070295,7.066527132754333,1.421506581907614,6.673734626477695,6.197830359785628,9.69986039337622
21.700000000004934,490.75000000000495,122.80600000001317,3.390585090539352,10.162076594258844,-0.5728888547512951,5.87675993012699,1.4088481178940286,8.019418262192918,6.083979265252806,9.841200689331705
21.800000000004957,490.85000000000497,122.9060000000132,3.505673646086011,10.53365111279083,-0.560571812959333,3.729601475275613,1.472550916563339,7.131626294033222,5.965861112336865,9.995452152507283
21.90000000000498,490.950000000005,123.00600000001322,3.7433522611379852,7.3956656764912605,0.62687431649949,2.9431138833824306,2.1851132888187377,5.169389779936846,5.8443458704696765,10.15432911149518
22.000000000005002,491.050000000005,123.10600000001324,3.9810308761620234,4.257680240407589,2.1854138417952416,2.5863118268494842,3.0832223589786327,3.4219960336285364,5.73396266750639,10.310403991730341
22.100000000005025,491.15000000000504,123.20600000001326,3.6602370817760304,5.435740225354521,0.12218843483137753,3.821232325111639,1.891212758303704,4.6284862752330795,5.63374011349469,10.469243825870858
22.200000000005048,491.25000000000506,123.30600000001328,3.3394432873900373,6.613800210301452,-3.0847522130679157,5.558802050838715,0.12734553716106078,6.086301130570083,5.531634913445222,10.631235724161732
22.30000000000507,491.3500000000051,123.40600000001331,1.9804556800862707,8.202024107105082,-1.0961302338745411,8.451264298103474,0.4421627231058648,8.326644202604278,5.4340359429971405,10.790314934744638
22.400000000005093,491.4500000000051,123.50600000001333,-0.4167257399251785,10.200411915682409,2.533195731626183,11.70842944664069,1.0582349958505022,10.95442068116155,5.351760660018222,10.950190029984576
22.500000000005116,491.5500000000051,123.60600000001335,-2.8139071598515213,12.198799724083102,1.1662703160749044,12.543799797855627,-0.8238184218883084,12.371299760969364,5.273341093605145,11.105855181218578
22.60000000000514,491.65000000000515,123.70600000001338,-3.5475251756673,10.744572441192384,-1.7784186923393728,12.614392845212091,-2.6629719340033366,11.679482643202238,5.1793313014522875,11.260069253561891
22.70000000000516,491.7500000000052,123.8060000000134,-4.281143191483079,9.290345158301665,-2.96674519162631,11.48437366533858,-3.6239441915546946,10.387359411820123,5.0879258479599745,11.405295697867526
22.800000000005184,491.8500000000052,123.90600000001342,-4.278497524433782,9.740727339576111,-3.60043089896401,9.975213782407343,-3.9394642116988963,9.857970560991728,5.006421873528592,11.542599676067152
22.900000000005207,491.9500000000052,124.00600000001344,-3.53958817467175,12.095718984621634,-4.929070891214602,10.378224708649293,-4.2343295329431765,11.236971846635463,4.92710767748361,11.681257430051051
23.00000000000523,492.05000000000524,124.10600000001347,-2.8006788248648116,14.450710629490114,-6.477170131170963,11.385079047870097,-4.638924478017888,12.917894838680105,4.838971029101113,11.823513737017763
23.100000000005252,492.15000000000526,124.20600000001349,-1.2030714353233602,13.42030087076176,-3.007281198784126,10.168193480409727,-2.105176317053743,11.794247175585744,4.745227396330687,11.973024958322341
23.200000000005275,492.2500000000053,124.30600000001351,0.39453595421809107,12.389891112033405,2.0472355763297765,8.249074258726772,1.2208857652739338,10.319482685380088,4.653026933816416,12.126308495359675
23.300000000005298,492.3500000000053,124.40600000001353,0.39816141476101397,13.056385508792069,3.680622669661769,7.834310550741972,2.0393920422113916,10.44534802976702,4.560996508890747,12.281165868053524
23.40000000000532,492.45000000000533,124.50600000001356,-1.1921950533575316,15.419784060678925,4.2336530221791575,7.8946064783097505,1.520728984410813,11.657195269494338,4.469481629958343,12.431742668536518
23.500000000005343,492.55000000000535,124.60600000001358,-2.7825515213614582,17.783182612354857,2.2177882262258546,7.810164429749376,-0.2823816475678018,12.796673521052117,4.3848354378238135,12.572522545451726
23.600000000005366,492.6500000000054,124.7060000000136,-2.2278056811257683,16.199069977637137,-0.6093066160097678,7.6800156519193585,-1.418556148567768,11.939542814778248,4.3084410248821285,12.7143446734273
23.70000000000539,492.7500000000054,124.80600000001363,-1.673059840890078,14.614957342919416,-1.553425099280082,7.141966933184851,-1.61324247008508,10.878462138052134,4.231923735689957,12.863991600586546
23.80000000000541,492.8500000000054,124.90600000001365,-2.867382605935844,13.165226066282921,-1.9029194696364315,6.475107706892369,-2.385151037786138,9.820166886587645,4.149420515269537,13.017964056370694
23.900000000005434,492.95000000000545,125.00600000001367,-5.810773975885256,11.849876147698621,-1.181978515255349,9.704040083235302,-3.4963762455703025,10.776958115466961,4.055612731157655,13.172628835018587
24.000000000005457,493.05000000000547,125.1060000000137,-8.754165345523791,10.534526229299514,-0.12300535331535811,14.163222438437378,-4.438585349419575,12.348874333868446,3.9544560515862157,13.334039328565979
24.10000000000548,493.1500000000055,125.20600000001372,-6.000643624967741,12.612861265150787,-1.0043267340066775,13.202169721972236,-3.502485179487209,12.907515493561512,3.8598722163662185,13.49741415447018
24.200000000005502,493.2500000000055,125.30600000001374,-3.2471219044116912,14.691196301002059,-2.498372706647541,10.529463826266577,-2.872747305529616,12.610330063634319,3.7794769545039633,13.671803479111405
24.300000000005525,493.35000000000554,125.40600000001376,-1.7631794586098102,14.744553661065844,-0.807675003106183,11.918357015751166,-1.2854272308579966,13.331455338408505,3.707995099765973,13.859379442394754
24.400000000005548,493.45000000000556,125.50600000001378,-1.5488162872820894,12.772933345788756,1.888731228997932,14.589860441697624,0.16995747085792134,13.681396893743191,3.636613923887484,14.050557678467447
24.50000000000557,493.5500000000056,125.60600000001381,-1.334453115946907,10.801313030646064,0.8110913270787037,12.59887771900504,-0.2616808944341017,11.700095374825551,3.5592436388766324,14.23671236305322
24.600000000005593,493.6500000000056,125.70600000001383,-0.9861480060204808,11.242261374729644,-1.4583526162627054,9.135530950486887,-1.2222503111415932,10.188896162608266,3.475027574104132,14.407314018407167
24.700000000005616,493.7500000000056,125.80600000001385,-0.6378428960940544,11.683209718813224,0.14355909945659073,8.487446067030255,-0.24714189831873185,10.08532789292174,3.391982057610145,14.569110452993606
24.80000000000564,493.85000000000565,125.90600000001388,0.11886914477756988,12.414762114769777,2.9680041802679886,8.72839125186625,1.5434366625227793,10.571576683318014,3.316255191534589,14.736658762399067
24.90000000000566,493.9500000000057,126.0060000000139,1.2839881165024594,13.43691856253389,3.158953824867993,9.729272315816482,2.221470970685226,11.583095439175185,3.2472592239396256,14.92098798049094
25.000000000005684,494.0500000000057,126.10600000001392,2.4491070880731973,14.459075010066282,2.518273332349616,10.970133130883406,2.4836902102114067,12.714604070474845,3.1775841227719317,15.119966740772096
25.100000000005707,494.1500000000057,126.20600000001394,0.9023541261983294,11.40475783242956,-0.027893883707714284,10.724067303402753,0.4372301212453076,11.064412567916158,3.091893576072008,15.317292485124014
25.20000000000573,494.25000000000574,126.30600000001397,-0.6443988356765384,8.350440654792838,-3.1757937488440753,10.008445694423605,-1.9100962922603069,9.17944317460822,2.9997438235181955,15.51162277715604
25.300000000005753,494.35000000000576,126.40600000001399,-0.3523585686151587,8.803438278486963,-3.7522086446729594,10.107352591885562,-2.052283606644059,9.455395435186261,2.9174700695405607,15.699718439594223
25.400000000005775,494.4500000000058,126.50600000001401,1.7784749269601938,12.763750702706492,-3.5165756560794943,10.463479017500283,-0.8690503645596502,11.613614860103388,2.850858657561072,15.884029693083562
25.500000000005798,494.5500000000058,126.60600000001403,3.909308422161585,16.724063126553414,-1.2953826716238828,11.226782808537948,1.3069628752688511,13.975422967545681,2.787455968351003,16.076649738131387
25.60000000000582,494.65000000000583,126.70600000001406,-0.40965248985231284,14.257934217571734,1.5528292584116299,12.118668925399838,0.5715883842796585,13.188301571485786,2.7094116161120536,16.279482246208065
25.700000000005844,494.75000000000585,126.80600000001408,-4.728613401866211,11.791805308590053,0.6858767199922005,11.917558221453444,-2.021368340937005,11.854681765021748,2.6326134864208255,16.466860491347273
25.800000000005866,494.8500000000059,126.9060000000141,-5.206200149867034,11.452690495998263,-1.3542856496666045,11.371290626991527,-3.2802428997668196,11.411990561494896,2.559689970042161,16.63674819014182
25.90000000000589,494.9500000000059,127.00600000001413,-1.8424127347544133,13.24058977929823,0.7552187556912993,12.082479922087517,-0.543596989531557,12.661534850692874,2.4844904666616068,16.810375340801855
26.00000000000591,495.0500000000059,127.10600000001415,1.5213746799192054,15.028489062502732,4.175144246883471,13.190760866210582,2.8482594634013383,14.109624964356657,2.401240947597592,17.00368227928817
26.100000000005934,495.15000000000595,127.20600000001417,-2.540805864614814,15.201564074412012,3.5546782706063342,11.959022153238546,0.50693620299576,13.58029311382528,2.309347998270951,17.204798554791804
26.200000000005957,495.25000000000597,127.3060000000142,-6.602986409148834,15.37463908632129,1.6582992003292998,9.988329864915347,-2.472343604409767,12.68148447561832,2.2256302900626053,17.398848842112418
26.30000000000598,495.350000000006,127.40600000001422,-7.09462096142756,13.226806546691403,0.520213369607239,9.126869982067216,-3.2872037959101603,11.17683826437931,2.1494368109784623,17.581494524731877
26.400000000006003,495.450000000006,127.50600000001424,-4.015709522303432,8.758066456076445,-0.3784114382839001,8.615694016464808,-2.1970604802936657,8.686880236270627,2.0784181071682224,17.749970039855658
26.500000000006025,495.55000000000604,127.60600000001426,-0.9367980833269027,4.289326365763012,-0.3656262379761286,10.06739997722385,-0.6512121606515157,7.178363171493431,2.012085445186466,17.912814251050722
26.600000000006048,495.65000000000606,127.70600000001428,-0.3075094610595305,4.824758963006674,-0.06502735109345814,12.138963387928772,-0.1862684060764943,8.481861175467722,1.953823506527424,18.08651658567843
26.70000000000607,495.7500000000061,127.80600000001431,0.3217791612078418,5.360191560250335,0.6378974934145123,14.142032916113989,0.47983832731117704,9.751112238182163,1.9020321531786832,18.271815184299033
26.800000000006094,495.8500000000061,127.90600000001433,0.20259939744885935,7.625433922130963,1.46787264023096,16.12347279720466,0.8352360188399097,11.874453359667811,1.8487130635522928,18.46104710168759
26.900000000006116,495.9500000000061,128.00600000001435,-0.665048752154383,11.620486048227711,1.0421895264058123,17.532641715331117,0.18857038712571467,14.576563881779414,1.7906062297212526,18.64538937263101
27.00000000000614,496.05000000000615,128.10600000001438,-1.5326969016357548,15.615538174192622,0.21998275163692704,18.761093487400316,-0.6563570749994139,17.18831583079647,1.7343915643876606,18.825125670617762
27.100000000006162,496.1500000000062,128.2060000000144,-0.41518262213504475,17.463093093446563,-0.9681176577672126,18.29339481150787,-0.6916501399511287,17.878243952477217,1.6821285611289107,19.01603160366845
27.200000000006185,496.2500000000062,128.30600000001442,0.7023316573656653,19.310648012700504,-2.271763425386091,17.29006967878683,-0.784715884010213,18.300358845743666,1.620076194035137,19.206921508046026
27.300000000006207,496.3500000000062,128.40600000001444,0.719017477446176,19.682529980024764,-3.1031102415354876,16.671337900509226,-1.1920463820446559,18.176933940266995,1.5486723959486581,19.390890604554215
27.40000000000623,496.45000000000624,128.50600000001447,-0.36512516162068653,18.578738995785073,-3.7853100204965964,16.174056655117784,-2.0752175910586415,17.376397825451427,1.471360092558672,19.57917487562605
27.500000000006253,496.55000000000626,128.6060000000145,-1.4492678004879613,17.474948011465948,-2.9168350331772768,15.633421326276272,-2.183051416832619,16.55418466887111,1.393620024630941,19.776736472909562
27.600000000006276,496.6500000000063,128.7060000000145,0.6585740389124937,15.100722782174765,-1.5586732779473809,15.079095234250865,-0.4500496195174436,15.089909008212814,1.3252171532052914,19.968188813453022
27.7000000000063,496.7500000000063,128.80600000001454,2.766415878312949,12.726497552883586,-0.6124059483017136,16.60863167462171,1.0770049650056177,14.667564613752647,1.2591785430914302,20.15307111270464
27.80000000000632,496.85000000000633,128.90600000001456,4.615688140396502,13.45316785917356,0.20378945757885147,18.79622996680407,2.409738798987677,16.124698912988816,1.1953228636913331,20.33766205250063
27.900000000006344,496.95000000000636,129.00600000001458,6.206390825228413,17.28073370026207,0.6166680852571853,19.51590169200085,3.411529455242799,18.398317696131457,1.1335746443032673,20.521056587604043
28.000000000006366,497.0500000000064,129.1060000000146,7.7970935096748955,21.108299540978912,0.9021835199206675,19.77201765957212,4.349638514797782,20.440158600275517,1.071584204791317,20.695961117351903
28.10000000000639,497.1500000000064,129.20600000001463,3.333782705604988,19.097976277139416,0.19876922919254825,19.293957243777324,1.766275967398768,19.19596676045837,1.0021820143917466,20.87711100640667
28.200000000006412,497.2500000000064,129.30600000001465,-1.1295280984649194,17.08765301329992,-0.8169386587774561,18.584051654473722,-0.9732333786211878,17.83585233388682,0.9350698332306185,21.0727247807876
28.300000000006435,497.35000000000645,129.40600000001467,-2.9086537053784602,16.20154171016432,-0.9064730529245729,17.59803469220922,-1.9075633791515165,16.899788201186773,0.868389544114754,21.26984416918111
28.400000000006457,497.45000000000647,129.5060000000147,-2.0035941158252903,16.439642367443778,-0.7035316071518718,16.52482466486917,-1.353562861488581,16.482233516156473,0.7970634422088496,21.461266306231902
28.50000000000648,497.5500000000065,129.60600000001472,-1.098534526319301,16.67774302462686,0.02629049798020966,15.784032098851416,-0.5361220141695456,16.230887561739138,0.7265888819742681,21.64902592836024
28.600000000006503,497.6500000000065,129.70600000001474,-0.9215467490462534,15.428685413086257,0.9224959690917007,15.148213467903485,0.0004746100227236427,15.28844944049487,0.6716110465644971,21.836774401522856
28.700000000006526,497.75000000000654,129.80600000001476,-0.744558971773206,14.179627801545651,1.4986037061026574,17.390865032892464,0.3770223671647257,15.785246417219057,0.6339283852853489,22.024213254901166
28.80000000000655,497.85000000000656,129.90600000001479,-1.585368226204686,16.40924982417734,1.97362794821627,20.542507185336714,0.194129861005792,18.475878504757027,0.605365014001561,22.21850174608764
28.90000000000657,497.9500000000066,130.0060000000148,-3.4439745120745604,22.117551480071718,1.3416394006931758,22.413637535824144,-1.0511675556906923,22.26559450794793,0.5711248264016744,22.422529452337116
29.000000000006594,498.0500000000066,130.10600000001483,-5.30258079767295,27.82585313550366,0.36006786725236006,23.88039573865296,-2.4712564652102946,25.85312443707831,0.5302565730817278,22.62962395879796
29.100000000006617,498.1500000000066,130.20600000001485,-3.043949611904619,26.521013246656246,-1.6846659946099338,21.24581720609616,-2.3643078032572764,23.8834152263762,0.4843490757245913,22.83079369407843
29.20000000000664,498.25000000000665,130.30600000001488,-0.7853184261362882,25.216173357808827,-4.065135328332159,17.316079705524,-2.425226877234224,21.266126531666416,0.43761473259036726,23.021177450176694
29.300000000006662,498.3500000000067,130.4060000000149,-0.42608466987556015,24.150180006536576,-4.197133131054917,17.56129801241555,-2.3116089004652385,20.85573900947606,0.3887840347338066,23.202324585752724
29.400000000006685,498.4500000000067,130.50600000001492,-1.9662483426171433,23.32303319277595,-3.619087292988243,19.12492341532614,-2.792667817802693,21.223978304051045,0.3362012323242912,23.373899120477862
29.500000000006708,498.5500000000067,130.60600000001494,-3.506412015234972,22.495886379035902,-1.7127598084491942,18.43082654294535,-2.609585911842083,20.463356460990624,0.2879390257436232,23.53906801843601
29.60000000000673,498.65000000000674,130.70600000001497,-3.2015580887050907,21.975603336653222,0.6130250377905169,17.023764742108604,-1.294266525457287,19.499684039380913,0.24236287568930745,23.707892609263133
29.700000000006753,498.75000000000676,130.806000000015,-2.896704162175209,21.455320294270546,1.3057048616208857,16.571374027529032,-0.7954996502771616,19.01334716089979,0.19694438459670452,23.892516590136758
29.800000000006776,498.8500000000068,130.906000000015,-1.655288378862244,20.746612732673633,1.4826673103771908,16.42045839257251,-0.08631053424252655,18.58353556262307,0.1552712732602757,24.096311388846345
29.9000000000068,498.9500000000068,131.00600000001504,0.5226892609803953,19.849480651913467,1.2879119524448686,15.62569773367855,0.9053006067126319,17.73758919279601,0.12140772779830314,24.317812124557364
30.00000000000682,499.05000000000683,131.10600000001506,2.7006669007028905,18.952348571335087,0.9757720240759008,14.627617593708516,1.8382194623893957,16.7899830825218,0.09569080188185927,24.542400752050284
30.100000000006844,499.15000000000686,131.20600000001508,3.1173147657618854,20.720154131407728,-1.5375829363059381,17.356411835265256,0.7898659147279736,19.038282983336494,0.07368120811512423,24.75777596614893
30.200000000006867,499.2500000000069,131.3060000000151,3.53396263082088,22.48795969148037,-4.746058432538655,21.26211377527926,-0.6060479008588877,21.875036733379815,0.03406023807870994,24.961093226255183
30.30000000000689,499.3500000000069,131.40600000001513,3.243159726405262,24.55838579582727,-5.329078602071158,22.185761283346338,-1.042959437832948,23.372073539586804,-0.02233117774772079,25.15579343186627
30.400000000006912,499.4500000000069,131.50600000001515,2.244906052709667,26.931432444365168,-5.083007616489799,22.167707392630636,-1.419050781890066,24.5495699184979,-0.07974204440080193,25.35589528933395
30.500000000006935,499.55000000000695,131.60600000001517,1.246652379035431,29.30447909268169,-0.745075620129855,23.2165004178155,0.250788379452788,26.260489755248592,-0.1254813690054444,25.57011201774534
30.600000000006958,499.65000000000697,131.7060000000152,0.556390120233572,28.48525233477422,4.8850230101393,24.602192468794346,2.720706565186436,26.543722401784283,-0.1481859805434761,25.782977037007814
30.70000000000698,499.750000000007,131.80600000001522,-0.13387213856828684,27.666025576866755,2.0172646002298524,24.599562547820312,0.9416962308307828,26.132794062343535,-0.14848050148888034,25.979306188096643
30.800000000007003,499.850000000007,131.90600000001524,0.3367984348003929,27.401370574746682,-3.534027609603486,24.15851516238465,-1.5986145874015465,25.779942868565666,-0.1327135461155839,26.1631468501854
30.900000000007026,499.95000000000704,132.00600000001526,1.968401840014934,27.69128732825891,-5.001520666671981,23.494941906096813,-1.5165594133285234,25.59311461717786,-0.1241465408414698,26.345181218895892
31.00000000000705,500.05000000000706,132.10600000001529,3.600005244927454,27.98120408169112,-5.179392939734251,22.761097322230153,-0.7896938474033985,25.371150701960637,-0.13839015786268782,26.53373661281417
31.10000000000707,500.1500000000071,132.2060000000153,0.9467693502038035,27.135920107503008,-4.249193556175154,25.435930605776818,-1.6512121029856752,26.285925356639915,-0.15983398103148683,26.723027577850225
31.200000000007094,500.2500000000071,132.30600000001533,-1.7064665445198473,26.290636133314894,-2.9690768076606324,29.1871884781303,-2.33777167609024,27.738912305722597,-0.1693940033002931,26.915615297362315
31.300000000007117,500.3500000000071,132.40600000001535,-2.5833627380227573,26.71185547672039,-1.5876826177172412,28.8388188661718,-2.0855226778699993,27.775337171446097,-0.18087632468375317,27.110600447512905
31.40000000000714,500.45000000000715,132.50600000001538,-1.6839192308097901,28.399578137359534,-0.17430607787581298,27.195830049728734,-0.9291126543428015,27.797704093544134,-0.20414351485777077,27.301649317124316
31.500000000007162,500.5500000000072,132.6060000000154,-0.7844757236239817,30.08730079784163,-0.08223698059249507,27.430397919642,-0.43335635210823836,28.758849358741813,-0.23870799290494052,27.49160265363077
31.600000000007185,500.6500000000072,132.70600000001542,-0.26421795469029186,29.582298239192593,-0.40742286481778756,28.257878426852034,-0.3358204097540397,28.920088333022314,-0.2725776912750913,27.700407097359285
31.700000000007208,500.7500000000072,132.80600000001544,0.25603981424339806,29.07729568054356,-0.4831442651516682,27.254667004519046,-0.11355222545413507,28.165981342531303,-0.29495154444790417,27.927366775810423
31.80000000000723,500.85000000000724,132.90600000001547,0.061475583157504954,28.173711881672126,-0.4800874074812513,25.673342341767018,-0.20930591216187316,26.923527111719572,-0.3092398723345845,28.159698738788308
31.900000000007253,500.95000000000726,133.0060000000155,-0.8479106477415559,26.87154684269339,-1.8164000257671504,28.684792892986472,-1.332155336754353,27.77816986783993,-0.3060580379178403,28.384842248044542
32.000000000007276,501.0500000000073,133.1060000000155,-1.7572968785218106,25.569381803867678,-3.5756714255753583,33.14659351054609,-2.6664841520485845,29.357987657206884,-0.2871144584883485,28.597918005687674
32.1000000000073,501.1500000000073,133.20600000001554,-1.0338247311558657,26.370365614347623,-2.9057061366374692,32.10883997794335,-1.9697654338966675,29.239602796145483,-0.2823644906790144,28.813271578357547
32.20000000000732,501.25000000000733,133.30600000001556,-0.3103525837899208,27.171349424827564,-1.4686134729589249,29.334385136241004,-0.8894830283744228,28.252867280534282,-0.2989447948530228,29.027715268328432
32.300000000007344,501.35000000000736,133.40600000001558,0.9757166125762099,29.32880009154207,-1.5882310328296438,26.9825613523244,-0.30625721012671697,28.155680721933237,-0.3195343924811118,29.235269908999104
32.40000000000737,501.4500000000074,133.5060000000156,2.8243828577775103,32.84271761409327,-2.1994412944546875,24.764200007594766,0.3124707816614114,28.803458810844017,-0.32794766480120396,29.441096082005572
32.50000000000739,501.5500000000074,133.60600000001563,4.673049102672304,36.356635136503876,-1.881539762014499,25.393143857343702,1.3957546703289028,30.87488949692379,-0.3220691113099502,29.64767255914963
32.60000000000741,501.6500000000074,133.70600000001565,2.373936053171521,37.96794896420984,-1.2702345053837252,26.921236715105938,0.5518507738938979,32.444592839657886,-0.30950676026131774,29.85950381033541
32.700000000007435,501.75000000000745,133.80600000001567,0.07482300367073869,39.5792627919158,-1.839819566360323,29.494132116338605,-0.8824982813447921,34.53669745412721,-0.2912715473359421,30.07631765720463
32.80000000000746,501.85000000000747,133.9060000000157,-1.8063065976197754,38.18356123497527,-2.7823173588926666,32.39696516259437,-2.294311978256221,35.29026319878482,-0.2751941729721382,30.290157774334446
32.90000000000748,501.9500000000075,134.00600000001572,-3.26945275082452,33.78084429428391,-0.47418561193984443,31.254562372170433,-1.8718191813821823,32.517703333227175,-0.2635350401246963,30.50473394620557
33.0000000000075,502.0500000000075,134.10600000001574,-4.732598904025035,29.378127353977778,2.8604607255461536,28.834716687051994,-0.9360690892394405,29.106422020514884,-0.2615892414152795,30.7178235906017
33.100000000007526,502.15000000000754,134.20600000001576,-6.139371716480823,30.109500310673102,0.9353857684195992,31.02939104392933,-2.601992974030612,30.569445677301218,-0.26733151102476654,30.924566443577366
33.20000000000755,502.25000000000756,134.30600000001579,-7.54614452893661,30.84087326736843,-2.65065380662405,34.681282254915445,-5.09839916778033,32.761077761141934,-0.28137093271438784,31.130783439966724
33.30000000000757,502.3500000000076,134.4060000000158,-6.31783700496838,31.67673412900312,-2.69179631948516,34.74125548703215,-4.50481666222677,33.208994808017636,-0.29936945162087275,31.340494844047473
33.400000000007594,502.4500000000076,134.50600000001583,-2.4544491453729975,32.61708289554557,-1.6134976557833187,33.666938832066045,-2.0339734005781582,33.14201086380581,-0.3095029327286153,31.547352621770607
33.50000000000762,502.5500000000076,134.60600000001585,1.4089387138637992,33.55743166202335,-1.1711247787318566,32.4591793125123,0.1189069675659713,33.00830548726782,-0.30601612371770726,31.75144281975233
33.60000000000764,502.65000000000765,134.70600000001588,0.5646361477617022,33.64867372603529,-0.9295705709745904,31.209279941020093,-0.18246721160644408,32.42897683352769,-0.30376623866114166,31.962759049788435
33.70000000000766,502.7500000000077,134.8060000000159,-0.27966641834039496,33.73991579004723,-1.3888523125218688,33.47112791126304,-0.8342593654311319,33.60552185065514,-0.3038760024314179,32.17969121106819
33.800000000007685,502.8500000000077,134.90600000001592,-1.4729315476875502,34.03002437080828,-2.069450669446173,36.84194872529821,-1.7711911085668617,35.43598654805324,-0.3077695030470285,32.40045547694872
33.90000000000771,502.9500000000077,135.00600000001594,-3.0151592401726477,34.518999468257384,-1.7105223053433962,35.862967160795,-2.362840772758022,35.19098331452619,-0.31552027570765817,32.618611786617585
34.00000000000773,503.05000000000774,135.10600000001597,-4.557386932224119,35.00797456570214,-1.0233223454133349,33.51036379374178,-2.790354638818727,34.259169179721965,-0.32381010169487023,32.83438670862036
34.10000000000775,503.15000000000776,135.206000000016,-0.4904789245432193,35.440642524934326,-0.3465809097372794,34.141472203081044,-0.41852991714024934,34.791057364007685,-0.32641822344703464,33.045961023913996
34.200000000007776,503.2500000000078,135.306000000016,3.576429083137681,35.8733104841665,0.32685783407198343,35.71480538308732,1.9516434586048321,35.79405793362691,-0.3314664295948328,33.242655354877776
34.3000000000078,503.3500000000078,135.40600000001604,5.633747739217578,37.0005723369651,-1.2909102501945882,36.81283440951058,2.171418744511495,36.90670337323784,-0.34543613245355087,33.42960543964272
34.40000000000782,503.45000000000783,135.50600000001606,5.681477044322461,38.822428083113756,-3.6322173321659763,37.76076738756565,1.0246298560782425,38.29159773533971,-0.36582513678158923,33.619324316013255
34.500000000007844,503.55000000000786,135.60600000001608,5.729206349169894,40.64428382920351,-1.261973857509758,38.72441506291601,2.233616245830068,39.684349446059755,-0.3931008696070617,33.81718240858062
34.60000000000787,503.6500000000079,135.7060000000161,2.4949802769621314,41.71516516908235,2.5961276863501785,39.69302527424998,2.545553981656155,40.704095221666165,-0.41402182344880434,34.02854939054013
34.70000000000789,503.7500000000079,135.80600000001613,-0.7392457952456324,42.78604650896119,1.5456534499947623,38.35064505961737,0.40320382737456495,40.56834578428928,-0.42082439098767654,34.241385445334544
34.80000000000791,503.8500000000079,135.90600000001615,-1.0356849806076625,41.639637189228345,-1.054897347164037,36.27847839532448,-1.0452911638858498,38.95905779227641,-0.41797826872814947,34.45073804049723
34.900000000007935,503.95000000000795,136.00600000001617,1.6056627199475542,38.27593721058458,0.46736978653480477,37.345264759366565,1.0365162532411794,37.81060098497557,-0.42127828522226507,34.647999057326324
35.00000000000796,504.05000000000797,136.1060000000162,4.247010420109302,34.91223723231117,3.291579423562382,39.40329944726845,3.7692949218358422,37.15776833978981,-0.4308966028152733,34.823158195715195
35.10000000000798,504.150000000008,136.20600000001622,1.944098013955211,36.202402999016705,2.8310415998577265,39.605570922540004,2.387569806906469,37.903986960778354,-0.426458278171816,34.98664029566664
35.200000000008004,504.250000000008,136.30600000001624,-0.3588143921988802,37.49256876572224,1.3332151052644479,39.22181191013315,0.4872003565327838,38.35719033792769,-0.41401871440611215,35.15977844757669
35.300000000008026,504.35000000000804,136.40600000001626,-1.6519318802170764,37.58245843699253,1.5540532690639488,39.957758574800245,-0.048939305576563785,38.77010850589639,-0.4012470082208292,35.34588885132379
35.40000000000805,504.45000000000806,136.5060000000163,-1.9352544504231126,36.472072013212404,2.3176276402939315,41.04729650559705,0.19118659493540946,38.75968425940473,-0.38910329802238686,35.53177955317964
35.50000000000807,504.5500000000081,136.6060000000163,-2.218577020556008,35.361685589806584,2.012446189060544,39.0394448724807,-0.10306541574773198,37.20056523114364,-0.37643087598928765,35.70763878869677
35.600000000008095,504.6500000000081,136.70600000001633,-1.595758925660574,38.888605745608864,1.3697628994559363,36.0534702200548,-0.11299801310231883,37.47103798283183,-0.36146617740853343,35.883752077917755
35.70000000000812,504.75000000000813,136.80600000001635,-0.9729408307651404,42.415525901411144,2.5371905744303134,35.87361730790011,0.7821248718325865,39.144571604655624,-0.3558654788519571,36.070700850769725
35.80000000000814,504.85000000000815,136.90600000001638,-0.34272443722881785,42.40916068213275,4.276232237706815,36.579908102405305,1.9667539002389987,39.49453439226903,-0.3602515556922557,36.27069187776721
35.90000000000816,504.9500000000082,137.0060000000164,0.294890254945988,38.86951008892251,4.244072548523153,37.8918431314875,2.269481401734571,38.380676610205,-0.3626345062997896,36.47647629976086
36.000000000008185,505.0500000000082,137.10600000001642,0.9325049471775783,35.3298594961432,3.652586116959485,39.39503423447493,2.2925455320685315,37.36244686530907,-0.3625201028933885,36.68330417643531
36.10000000000821,505.1500000000082,137.20600000001645,2.263845385852376,37.054825199076745,2.616160582990201,41.852275857830946,2.4400029844212883,39.453550528453846,-0.3532101365591403,36.87218184323304
36.20000000000823,505.25000000000824,137.30600000001647,3.5951858245271744,38.7797909020103,1.439227964177304,44.61079659261088,2.517206894352239,41.695293747310586,-0.3326054523393172,37.04720189975794
36.300000000008254,505.35000000000827,137.4060000000165,3.0467102555914014,41.22093499429527,-0.5467693965308043,43.49602224794544,1.2499704295302987,42.358478621120355,-0.30825619405671223,37.21996660917913
36.400000000008276,505.4500000000083,137.5060000000165,0.618418679664817,44.37825747569555,-2.7882608860278815,41.15810208982213,-1.0849211031815322,42.768179782758835,-0.284376042425091,37.40755384102762
36.5000000000083,505.5500000000083,137.60600000001654,-1.8098728959586958,47.53557995670168,-2.7622970938878004,40.11159942059484,-2.286084994923248,43.82358968864826,-0.2599959369682397,37.603539468250055
36.60000000000832,505.65000000000833,137.70600000001656,-0.5863233546259896,45.94363003998232,-2.0202947924054593,39.47291280012331,-1.3033090735157244,42.70827142005281,-0.23264779913984082,37.7862167517367
36.700000000008345,505.75000000000836,137.80600000001658,0.6372261867067166,44.35168012326296,-1.225306912624677,41.5217470568779,-0.2940403629589802,42.936713590070426,-0.20967226636749087,37.95818332311768
36.80000000000837,505.8500000000084,137.9060000000166,1.435619082270908,43.92316489007043,-0.4135867449753807,44.41927211619586,0.5110161686477637,44.17121850313315,-0.1929887874072782,38.13524890301785
36.90000000000839,505.9500000000084,138.00600000001663,1.8088553322086889,44.65808434001588,-0.8260781263497133,45.28732315073857,0.49138860292948777,44.97270374537723,-0.18772150323760842,38.32070724754877
37.00000000000841,506.0500000000084,138.10600000001665,2.1820915820086046,45.39300378957504,-1.6251626281164564,45.514487651725084,0.2784644769460741,45.45374572065006,-0.1887262501010113,38.50848328219464
37.100000000008436,506.15000000000845,138.20600000001667,0.9165754672756679,41.53626607453232,-1.0250795439148264,45.05857411507418,-0.054252038319579254,43.29742009480325,-0.1901123662621884,38.69836419475126
37.20000000000846,506.25000000000847,138.3060000000167,-0.3489406474572685,37.6795283594896,0.016845935452203253,44.38695172462953,-0.16604735600253262,41.03324004205957,-0.19128541449888542,38.89535795820626
37.30000000000848,506.3500000000085,138.40600000001672,0.7522539101127728,38.81260871754596,1.158701948146323,45.31091764931415,0.9554779291295479,42.06176318343006,-0.19668974614543025,39.09634412293248
37.400000000008504,506.4500000000085,138.50600000001674,4.220159139183982,44.93550714701092,2.332114971335915,46.738753567789104,3.276137055259949,45.837130357400014,-0.207412443261966,39.290900461019035
37.50000000000853,506.55000000000854,138.60600000001676,7.688064367634782,51.05840557591194,0.7032415835371282,46.22373174856612,4.195652975585955,48.64106866223903,-0.21952109676396866,39.474285709299025
37.60000000000855,506.65000000000856,138.7060000000168,3.879727364295456,50.56748376408003,-1.810564354287696,45.09517590747544,1.03458150500388,47.83132983577774,-0.23030731946412486,39.65057774251344
37.70000000000857,506.7500000000086,138.8060000000168,0.07139036095613083,50.07656195224812,-2.3164492510796593,43.42962425862535,-1.1225294450617642,46.75309310543673,-0.23086801464159074,39.83309462629988
37.800000000008595,506.8500000000086,138.90600000001683,0.10886024930509497,49.09127717326773,-2.188253819708486,41.594494986428494,-1.0396967852016954,45.342886079848114,-0.22092422999760217,40.027855225963854
37.90000000000862,506.95000000000863,139.00600000001685,3.992137028021954,47.61162942730859,-1.5253005999577565,41.917501671308536,1.2334182140320988,44.764565549308564,-0.21066163021695297,40.2307922871409
38.00000000000864,507.05000000000865,139.10600000001688,7.875413806098007,46.13198168123358,-0.6934764998219332,42.922024973584016,3.590968653138037,44.5270033274088,-0.20208178049206504,40.430582055473835
38.10000000000866,507.1500000000087,139.2060000000169,4.342128448420247,43.3112325897977,-0.21548638697872452,44.48038652983256,2.0633210307207612,43.89580955981513,-0.19572234583952006,40.621344625487446
38.200000000008686,507.2500000000087,139.30600000001692,0.8088430907424868,40.49048349836182,0.15076667734921256,46.2136443766475,0.4798048840458497,43.35206393750466,-0.18325278447635773,40.81686253120228
38.30000000000871,507.3500000000087,139.40600000001695,-0.18650488999912584,41.2086246860072,-1.0012156656618192,45.58334449137402,-0.5938602778304725,43.39598458869061,-0.1617575406813647,41.01682993841784
38.40000000000873,507.45000000000874,139.50600000001697,1.3560845053125052,45.46565615150273,-2.6326407684405297,44.20665795455428,-0.6382781315640123,44.8361570530285,-0.14046602506758013,41.21495527949625
38.500000000008754,507.55000000000877,139.606000000017,2.898673900353538,49.72268761651567,-2.5581684930975537,45.586491602053776,0.17025270362799216,47.65458960928473,-0.1354423401951131,41.40453816933387
38.60000000000878,507.6500000000088,139.706000000017,1.350084318045994,48.46691265970378,-1.9449917830595194,47.836805306949366,-0.29745373250676266,48.151858983326576,-0.14325499853275117,41.591432674567365
38.7000000000088,507.7500000000088,139.80600000001704,-0.1985052642615499,47.2111377028919,-0.5524662789809456,48.60412301508656,-0.37548577162124774,47.90763035898922,-0.14016959028039108,41.78345243558004
38.80000000000882,507.85000000000883,139.90600000001706,-0.32498743990073864,45.64796909141508,1.086169370354342,48.90312619836885,0.3805909652268017,47.275547644891965,-0.1273991390401146,41.98348183065946
38.900000000008845,507.95000000000886,140.00600000001708,0.9706377906272359,43.77740682538165,1.651841521794465,47.2807704403717,1.3112396562108506,45.52908863287667,-0.11428999832054369,42.19691677959436
39.00000000000887,508.0500000000089,140.1060000000171,2.2662630213069255,41.906844559661295,1.8786830952687696,45.05166975411686,2.0724730582878474,43.479257156889076,-0.10526362855116614,42.4305649318716
39.10000000000889,508.1500000000089,140.20600000001713,5.272781382732097,43.566774535187314,1.7804633154770573,46.429772535925856,3.526622349104577,44.998273535556585,-0.10756157720875988,42.65813876462656
39.20000000000891,508.2500000000089,140.30600000001715,8.279299744157267,45.226704510713326,1.5795925821187087,48.94699220131776,4.929446163137988,47.086848356015544,-0.11622929494497033,42.8671089538836
39.300000000008936,508.35000000000895,140.40600000001717,8.412036884268133,45.86067613959623,0.43837799588705484,48.97754878409672,4.425207440077594,47.419112461846474,-0.12800245539877908,43.06524265807031
39.40000000000896,508.45000000000897,140.5060000000172,5.67099280409056,45.46868942220226,-0.999787280446554,48.222843341525405,2.3356027618220034,46.84576638186383,-0.1370107702052981,43.25752293383645
39.50000000000898,508.550000000009,140.60600000001722,2.929948724024583,45.07670270514946,0.10631539740492135,48.327628624343475,1.5181320607147522,46.70216566474647,-0.13901838290487578,43.44175013596486
39.600000000009004,508.650000000009,140.70600000001724,1.4314180128270226,48.4833593655156,2.015871112662479,48.70383203071278,1.723644562744751,48.593595698114186,-0.13934581661475057,43.618592869392366
39.70000000000903,508.75000000000904,140.80600000001726,-0.06711269837053768,51.89001602588173,2.0030717633823203,47.174699097470715,0.9679795325058913,49.53235756167622,-0.14203961087415165,43.79643300862784
39.80000000000905,508.85000000000906,140.9060000000173,-1.174220344020903,53.949184024170904,1.3832129206119472,45.043881004920614,0.10449628829552216,49.49653251454576,-0.14471277837745455,43.9737454691701
39.90000000000907,508.9500000000091,141.0060000000173,-1.8899049242655819,54.660863360870266,-1.0546068797068286,46.348119156581845,-1.4722559019862054,50.504491258726055,-0.14418277736328372,44.15142248291848
40.000000000009095,509.0500000000091,141.10600000001733,-2.605589504360638,55.37254269709236,-4.066519613444225,48.73711191065027,-3.3360545589024313,52.05482730387132,-0.13703149163737907,44.32973607346487
40.10000000000912,509.15000000000913,141.20600000001735,-1.6761524759337152,50.83670048416433,-3.9188249252884386,49.47873337317421,-2.797488700611077,50.157716928669274,-0.1286193893074634,44.51188068017682
40.20000000000914,509.25000000000915,141.30600000001738,-0.7467154475067923,46.3008582712363,-2.773359473272916,49.70013232307344,-1.7600374603898543,48.00049529715487,-0.12716257393401728,44.70369902403679
40.30000000000916,509.3500000000092,141.4060000000174,0.12170073331422815,42.9681321903374,-1.6914408143349497,50.75604930538672,-0.7848700405103608,46.862090747862055,-0.13310129411561328,44.902923601882286
40.400000000009186,509.4500000000092,141.50600000001742,0.9290960665516843,40.8385222410272,-0.6295895637181546,52.075498297685044,0.14975325141676488,46.45701026935612,-0.1472503408068096,45.1037133351314
40.50000000000921,509.5500000000092,141.60600000001745,1.7364913993861604,38.708912292356594,-1.4112205543273706,51.029798080399004,0.1626354225293949,44.8693551863778,-0.1684828296373853,45.30306810015188
40.60000000000923,509.65000000000924,141.70600000001747,-1.832218891078867,43.52494877525613,-2.775003831083332,49.237208639747294,-2.3036113610810993,46.381078707501715,-0.18705792340229727,45.49491680738272
40.700000000009254,509.75000000000927,141.8060000000175,-5.400929181543894,48.34098525815566,-0.703132915217334,48.7351074019455,-3.052031048380614,48.53804633005058,-0.18925283189787298,45.69118076964606
40.80000000000928,509.8500000000093,141.9060000000175,-7.834260533296709,49.142614926457036,2.453681428857735,48.640528754126734,-2.690289552219487,48.89157184029189,-0.17784466022622,45.88763140040691
40.9000000000093,509.9500000000093,142.00600000001754,-9.132212946758104,45.92983778164807,3.6559965194430166,50.007023057948075,-2.7381082136575436,47.96843041979807,-0.16449378642687484,46.0765649041763
41.00000000000932,510.05000000000933,142.10600000001756,-10.430165359479359,42.71706063722746,4.241101320045162,51.8349088197391,-3.0945320197170982,47.27598472848328,-0.1570632004560238,46.251800407769466
41.100000000009345,510.15000000000936,142.20600000001758,-3.788689637472758,43.67024199506024,2.9404320865194,51.106451316262074,-0.42412877547667893,47.38834665566115,-0.15755071313123922,46.43430605981166
41.20000000000937,510.2500000000094,142.3060000000176,2.852786084533843,44.62342335289301,1.0442552638426408,49.57072751926746,1.948520674188242,47.09707543608023,-0.1619706904221196,46.6311510971695
41.30000000000939,510.3500000000094,142.40600000001763,5.249822616318121,46.19323515312864,-0.6824307742833098,50.53322676267311,2.2836959210174057,48.363230957900875,-0.16821581160440793,46.830629841704386
41.40000000000941,510.4500000000094,142.50600000001765,3.402419959472445,48.37967739553577,-2.3555934068132753,52.28463854439141,0.5234132763295849,50.33215796996359,-0.17247520793013713,47.016508977467986
41.500000000009436,510.55000000000945,142.60600000001767,1.5550173026481726,50.56611963765111,-2.9308752708782255,50.26977552719136,-0.6879289841150265,50.417947582421235,-0.17019483327161491,47.1843596777813
41.60000000000946,510.65000000000947,142.7060000000177,-0.06555566400130397,49.66020843630915,-3.1594579452371607,47.06556257464195,-1.6125068046192323,48.362885505475546,-0.16306551571481406,47.331332861813465
41.70000000000948,510.7500000000095,142.80600000001772,-1.6861286306507803,48.75429723496718,-2.1697883484165534,46.63926149797552,-1.9279584895336668,47.69677936647135,-0.1574175485684908,47.47893592608838
41.800000000009504,510.8500000000095,142.90600000001774,-2.0354207684528713,47.46423676693028,-0.7954075084391237,47.09019574968348,-1.4154141384459975,47.27721625830688,-0.1561076528499539,47.63268552724096
41.90000000000953,510.95000000000954,143.00600000001776,-1.1134320778903006,45.7900270323443,0.36197606879029426,46.333839202813564,-0.3757280045500032,46.06193311757893,-0.1615042813244975,47.78561550029588
42.00000000000955,511.05000000000956,143.1060000000178,-0.1914433872481029,44.11581729804784,1.4508341946922496,45.19623293044774,0.6296954037220733,44.65602511424779,-0.16944814960031615,47.94009971646466
42.10000000000957,511.1500000000096,143.2060000000178,1.5643624222125792,45.473322532148345,-0.7827568690942068,45.87616532856357,0.39080277655918616,45.67474393035596,-0.16597070457034477,48.110499191980644
42.200000000009595,511.2500000000096,143.30600000001783,3.3201682316732612,46.83082776624885,-4.065542412811213,47.1300573062715,-0.3726870905689761,46.98044253626018,-0.15590567288880755,48.29092034469701
42.30000000000962,511.35000000000963,143.40600000001785,3.018491362014736,48.21186719691819,-2.4504494915474058,50.89185154934774,0.2840209352336651,49.55185937313297,-0.14543866718447132,48.47343729314824
42.40000000000964,511.45000000000965,143.50600000001788,0.6593318140276159,49.61644082414731,0.7113418908304183,55.445614928082136,0.6853368524290171,52.53102787611472,-0.14648059331928745,48.65229590873257
42.50000000000966,511.5500000000097,143.6060000000179,-1.6998277340318335,51.02101445113563,2.4023948668765636,56.414545340924406,0.351283566422365,53.71777989603002,-0.16070475557765312,48.82864208532602
42.600000000009686,511.6500000000097,143.70600000001792,-4.807471820352488,49.933685445629266,3.6290041361153973,56.25142323933161,-0.5892338421185452,53.09255434248044,-0.17433639536607345,49.00861107390497
42.70000000000971,511.7500000000097,143.80600000001795,-7.915115906673142,48.8463564401229,2.151255499009236,54.215720933869825,-2.8819302038319528,51.53103868699636,-0.1793144500896477,49.18013958098156
42.80000000000973,511.85000000000974,143.90600000001797,-9.717026217807982,49.58214706823882,-0.1805008971554467,51.588677511978354,-4.948763557481715,50.585412290108586,-0.1795495753242125,49.343372475516105
42.900000000009754,511.95000000000977,144.006000000018,-10.213202754264689,52.14105732926818,0.5396797757047143,51.62040734802676,-4.836761489279987,51.88073233864747,-0.18547252455616006,49.504434898000525
43.00000000000972,512.0500000000097,144.10600000001796,-10.709379290084804,54.699967589508724,2.2236300483592566,52.491749791018115,-4.242874620862774,53.59585869026342,-0.19930700079884217,49.66176970445208
43.10000000000986,512.1500000000099,144.2060000000181,-4.697387426344306,49.20572958710583,2.5200060407257783,53.29346483527234,-1.0886906928092637,51.249597211189084,-0.2158902142039281,49.80415580827769
43.200000000009766,512.2500000000098,144.306000000018,1.314604437382524,43.711491584715425,2.378200681854094,54.073192279944806,1.8464025596183091,48.89234193233011,-0.23250871411828258,49.94319441429688
43.3000000000099,512.3500000000099,144.40600000001814,3.2572929307209373,42.92087292795203,3.0898729041833564,52.34796822406447,3.173582917452147,47.63442057600825,-0.23479974708753631,50.090689831575155
43.40000000000981,512.4500000000098,144.50600000001805,1.1306780552720443,46.83387361495836,4.0710643624128995,49.83170685300687,2.600871208842472,48.332790233982614,-0.23204424631600443,50.24543477018372
43.50000000000995,512.55000000001,144.60600000001818,-0.9959368198529419,50.74687430157213,1.8771161598299444,49.61290953739038,0.44058966998850124,50.17989191948125,-0.23717997203249616,50.40419495083278
43.60000000000986,512.6500000000099,144.7060000000181,0.16341962153890732,50.64713355077053,-1.3195077241144304,50.11962718593155,-0.5780440512877616,50.38338036835104,-0.2582443303237695,50.55835107056048
43.70000000000999,512.75000000001,144.80600000001823,1.3227760629333924,50.54739279996872,-3.307311696477031,51.840950586325214,-0.9922678167718193,51.19417169314697,-0.28898570280476576,50.7039567929839
43.8000000000099,512.8500000000099,144.90600000001814,-0.038469065375263956,49.7371198119118,-4.913383065555848,53.945833697443675,-2.475926065465556,51.84147675467774,-0.3160808256811802,50.84365702276232
43.90000000001004,512.95000000001,145.00600000001828,-3.920315762384564,48.21631458688045,-3.577763927687089,53.73168533376035,-3.7490398450358264,50.9739999603204,-0.332177364137478,50.987016611719675
44.00000000000995,513.05000000001,145.10600000001818,-7.802162458771715,46.69550936260754,-1.3131898938166402,52.785211241922205,-4.557676176294177,49.740360302264875,-0.3412452260644607,51.13540081764859
44.100000000010084,513.1500000000101,145.20600000001832,-5.553507986598511,52.7212335337668,-0.1616396782833348,53.58888596989063,-2.857573832440923,53.155059751828716,-0.35485453427186187,51.27619876340135
44.20000000000999,513.25000000001,145.30600000001823,-3.3048535144304205,58.74695770491236,0.6384293318069771,54.945239271980284,-1.3332120913117218,56.84609848844632,-0.3687944766688841,51.409318483319865
44.30000000001013,513.3500000000101,145.40600000001837,-1.281835755776617,59.81261586097976,0.6910051922149203,55.73407373483297,-0.2954152817808483,57.77334479790636,-0.38160538223599616,51.53857697251956
44.40000000001004,513.45000000001,145.50600000001828,0.5155452894450203,55.91820800397163,0.5075305845381397,56.3436917223141,0.51153793699158,56.13094986314286,-0.39679725763286633,51.66855923125026
44.500000000010175,513.5500000000102,145.6060000000184,2.31292633415259,52.0238001475813,-0.9373192013105991,55.87415259399889,0.6878035664209955,53.94897637079009,-0.41214279932373826,51.79136306124944
44.600000000010084,513.6500000000101,145.70600000001832,-0.9538465289855074,54.254049581931866,-2.780497990388473,55.06382700840724,-1.8671722596869902,54.65893829516955,-0.4228334656873003,51.919846653064866
44.70000000001022,513.7500000000102,145.80600000001846,-4.220619392131032,56.48429901628751,-3.9770908264994267,51.98487024193758,-4.098855109315229,54.23458462911255,-0.4359468462490026,52.06128804617987
44.80000000001013,513.8500000000101,145.90600000001837,-3.862587191769446,56.68567757362025,-4.969498625033345,48.189503629605355,-4.416042908401396,52.4375906016128,-0.45294177619845283,52.21872399245659
44.900000000010266,513.9500000000103,146.0060000000185,0.12025007061734261,54.85818525476135,-3.8137280593092857,48.804609797353514,-1.8467389943459716,51.83139752605743,-0.47000000050753965,52.38377372356238
45.000000000010175,514.0500000000102,146.1060000000184,4.103087332479729,53.03069293614283,-1.979585379243884,50.812496841615555,1.0617509766179223,51.92159488887919,-0.485625048514815,52.54044751942735
45.10000000001031,514.1500000000103,146.20600000001855,3.0492046116727103,53.51179162586104,1.2084403349338155,52.91147003474568,2.128822473303263,53.21163083030336,-0.5051585302160316,52.67374887904617
45.20000000001022,514.2500000000102,146.30600000001846,1.9953218908680892,53.992890315578165,4.824008059441839,55.039207274851414,3.409664975154964,54.516048795214786,-0.5120858683431361,52.79050624183254
45.30000000001036,514.3500000000104,146.4060000000186,0.28974311146440623,54.02387203625196,5.592000756134575,54.851872930107604,2.9408719337994906,54.43787248317978,-0.5043009514275474,52.89564293553111
45.400000000010266,514.4500000000103,146.5060000000185,-2.0675317262608974,53.604736788068536,5.460759234425867,53.93346334878403,1.6966137540824846,53.76910006842628,-0.49684498966233653,53.0017657732739
45.5000000000104,514.5500000000104,146.60600000001864,-4.424806563844609,53.18560154010498,2.7509130629055254,53.08327344257269,-0.8369467504695416,53.134437491338836,-0.500788508338093,53.12348974677395
45.60000000001031,514.6500000000103,146.70600000001855,-5.377063394618198,54.877724222527604,-0.7732293129829451,52.2546265916406,-3.0751463538005717,53.5661754070841,-0.5110244909396293,53.25199107308805
45.70000000001045,514.7500000000105,146.80600000001868,-6.329320225393953,56.56984690495407,-2.8111719669786916,54.82650974076237,-4.570246096186322,55.69817832285822,-0.5158118794121843,53.36614912333099
45.80000000001036,514.8500000000104,146.9060000000186,-4.524887672149735,56.73622396214256,-4.379788393480582,58.47224446774629,-4.452338032815158,57.60423421494443,-0.5133223932651523,53.471904992221106
45.90000000001049,514.9500000000105,147.00600000001873,0.03623426396935603,55.37685539473215,-2.003622297093734,57.78540638955161,-0.983694016562189,56.58113089214188,-0.5163662153051389,53.580281862156404
46.0000000000104,515.0500000000104,147.10600000001864,4.597356199672414,54.01748682770554,1.618264594716063,55.730387426909765,3.1078103971942386,54.873937127307656,-0.5359015406084614,53.69247627133824
46.10000000001054,515.1500000000106,147.20600000001878,5.279953184259137,56.29812542882317,1.004104632052816,55.20379904420824,3.1420289081559765,55.750962236515704,-0.5629804439043874,53.809910692939894
46.20000000001045,515.2500000000105,147.30600000001868,5.962550168844308,58.57876402993561,-0.9477543359145826,55.15987294941628,2.5073979164648623,56.86931848967595,-0.5838213891247459,53.93180969010799
46.300000000010584,515.3500000000106,147.40600000001882,4.777757735708272,59.379679660405706,-1.2325882547812597,55.19026125483595,1.7725847404635062,57.28497045762083,-0.6036077595403152,54.05033597092909
46.40000000001049,515.4500000000105,147.50600000001873,1.7255758856461645,58.7008723208556,-0.9909932113130191,55.24411726556146,0.3672913371665727,56.972494793208526,-0.6251157038967436,54.16309174114832
46.50000000001063,515.5500000000106,147.60600000001887,-1.326605964039149,58.02206498128604,0.5245735785725539,55.862478337335084,-0.4010161927332975,56.94227165931056,-0.6484792863783946,54.27842276086927
46.60000000001054,515.6500000000106,147.70600000001878,-0.787974787856763,57.17556512632105,2.442447235329462,56.65910416504395,0.8272362237363495,56.9173346456825,-0.6667773775991582,54.39952144534449
46.700000000010675,515.7500000000107,147.8060000000189,-0.24934361167315244,56.32906527135413,0.558157289293721,55.75895812542165,0.15440683881028427,56.04401169838789,-0.6925439410529407,54.52135598709794
46.800000000010584,515.8500000000106,147.90600000001882,-1.6682787008036248,55.56478968497954,-2.5268158984847653,54.32298939140818,-2.0975472996441953,54.94388953819386,-0.7290420926789661,54.641585039951906
46.90000000001072,515.9500000000107,148.00600000001896,-5.0447800544178465,54.88273836715865,-2.2453982851307615,54.61939015891747,-3.645089169774304,54.75106426303806,-0.7696483555852317,54.75906582044669
47.00000000001063,516.0500000000106,148.10600000001887,-8.421281407178636,54.2006870497194,-0.9009098935710513,55.46285497897305,-4.661095650374843,54.831771014346224,-0.8074872182750181,54.864818565355996
47.100000000010766,516.1500000000108,148.206000000019,-3.883582127401377,57.07526034268196,-0.45229198319616437,55.8749566682471,-2.1679370552987707,56.47510850546453,-0.8558163310227531,54.95694734482822
47.200000000010675,516.2500000000107,148.3060000000189,0.6541171523655649,59.94983363563798,-0.28658054027199265,56.150838421624826,0.18376830604678612,58.050336028631406,-0.9048346078974445,55.04345913564377
47.30000000001081,516.3500000000108,148.40600000001905,1.2428895112248788,59.71155834878768,0.44055493737984774,57.55604668401867,0.8417222243023632,58.63380251640318,-0.9402762114729261,55.13087505520785
47.40000000001072,516.4500000000107,148.50600000001896,-2.1172650491201335,56.360434483476936,1.3449822152858086,59.317884369937964,-0.3861414169171624,57.839159426707454,-0.9713609724187633,55.22639107772222
47.50000000001086,516.5500000000109,148.6060000000191,-5.477419608919559,53.00931061861189,2.765494168930413,56.82941821492244,-1.3559627199945727,54.919364416767166,-1.0149886149077556,55.328634480031766
47.600000000010766,516.6500000000108,148.706000000019,-3.7685781032901122,53.81186284917788,4.348980230529093,52.998750848384915,0.2902010636194903,53.40530684878139,-1.0635979814917125,55.43857727688563
47.7000000000109,516.7500000000109,148.80600000001914,-2.059736597656781,54.6144150797457,2.9784537400334212,55.659902465504175,0.45935857118832013,55.137158772624936,-1.098361826092699,55.55046683439186
47.80000000001081,516.8500000000108,148.90600000001905,-1.5115730595308188,53.83103932410721,0.6750811814334874,60.37110218057698,-0.4182459390486657,57.101070752342096,-1.1274506324404183,55.65666438421077
47.90000000001095,516.950000000011,149.00600000001918,-2.1240874884030303,51.46173558295122,0.34130158462328997,61.571337870666824,-0.8913929518898702,56.51653672680902,-1.1596615603707907,55.75230350725976
48.00000000001086,517.0500000000109,149.1060000000191,-2.7366019172099003,49.092431842532775,0.6294987119393677,61.66284808033895,-1.0535516026352663,55.37763996143586,-1.1898094960995542,55.84638472461492
48.10000000001099,517.150000000011,149.20600000001923,-2.7631781223958045,53.43163695225762,0.9976078538986117,60.81302391403173,-0.8827851342485964,57.122330433144676,-1.218726514761838,55.952717296303284
48.2000000000109,517.2500000000109,149.30600000001914,-2.7897543275816483,57.770842061972594,1.3909523688754963,59.66593626088747,-0.699400979353076,58.71838916143003,-1.2497062685687155,56.05653864608134
48.30000000001104,517.350000000011,149.40600000001928,-1.9362848777798938,61.28319519359424,2.176245834497887,59.75126572990367,0.11998047835899661,60.51723046174895,-1.2865479374809463,56.14761571018351
48.40000000001095,517.450000000011,149.50600000001918,-0.20276977338261437,63.968696347471315,3.0853126528233368,60.22577955287726,1.4412714397203612,62.09723795017429,-1.3290202269725935,56.23338535987419
48.500000000011084,517.5500000000111,149.60600000001932,1.5307453311923869,66.65419750028354,1.568143147642588,60.48778712927479,1.5494442394174874,63.57099231477917,-1.3733267339469923,56.32108381810011
48.60000000001099,517.650000000011,149.70600000001923,4.824046053016976,59.72724830458484,-0.7152062483599604,60.68268746998138,2.0544199023285077,60.20496788728311,-1.4261069679104506,56.418221767057695
48.70000000001113,517.7500000000111,149.80600000001937,8.117346774849052,52.80029910887039,-0.6109075936333984,58.93885489618544,3.7532195906078267,55.86957700252792,-1.4887634229458047,56.51278052034369
48.80000000001104,517.850000000011,149.90600000001928,8.74945753611855,51.90201752918872,0.24738518157901845,56.58279087635663,4.498421358848784,54.242404202772676,-1.5557562175586295,56.6008844595197
48.900000000011175,517.9500000000112,150.0060000000194,6.72037833801431,57.03240356284904,0.49715570548726473,56.77672059826613,3.6087670217507872,56.90456208055758,-1.6167668527079415,56.68649342573688
49.000000000011084,518.0500000000111,150.10600000001932,4.691299140065115,62.16278959567563,0.5547613081336401,57.77591150092448,2.6230302240993777,59.969350548300056,-1.6640292674784762,56.76606768091422
49.10000000001122,518.1500000000112,150.20600000001946,4.0124354767841295,59.914682867381444,0.8391590142329655,56.48706211065475,2.4257972455085475,58.200872489018096,-1.7056858167950388,56.83756187845911
49.20000000001113,518.2500000000111,150.30600000001937,3.333571813504687,57.66657613909237,1.1951752792405712,54.4756736812837,2.264373546372629,56.07112491018803,-1.7539809842366585,56.92056762341918
49.300000000011266,518.3500000000113,150.4060000000195,2.4217692401821784,57.9386765776539,0.20784258678537104,56.16890465950608,1.3148059134837746,57.053790618579995,-1.8112287066822397,57.01144273339477
49.400000000011175,518.4500000000112,150.5060000000194,1.2770277569256185,60.730984181930204,-1.2037055654673956,59.03201544940419,0.03666109572911147,59.8814998156672,-1.8734925005509304,57.09548228626931
49.50000000001131,518.5500000000113,150.60600000001955,0.1322862734903446,63.523291785806784,-0.2967542572027484,58.10307139390635,-0.0822339918562019,60.81318158985657,-1.9361565818493462,57.171584394398906
49.60000000001122,518.6500000000112,150.70600000001946,-2.561546876431717,62.74377251719885,1.342354774652624,55.97663633587856,-0.6095960508895464,59.3602044265387,-1.991979667269243,57.24309373381822
49.70000000001136,518.7500000000114,150.8060000000196,-5.255380026359902,61.964253248589145,2.222009189254808,57.30440833103784,-1.5166854185525471,59.63433078981349,-2.04066066462436,57.32126886173962
49.800000000011266,518.8500000000113,150.9060000000195,-6.069094113444309,61.342727926059275,2.8618358302413363,59.72298255234919,-1.6036291416014863,60.53285523920423,-2.0873775131591343,57.41071789122789
49.9000000000114,518.9500000000114,151.00600000001964,-5.002689138543614,60.87919654953456,2.7067685110882427,57.93123853655149,-1.1479603137276857,59.40521754304302,-2.1376870976207867,57.50298086972122
50.00000000001131,519.0500000000113,151.10600000001955,-3.9362841635320365,60.41566517286689,2.300682046897124,54.809920342043,-0.8178010583174562,57.61279275745494,-2.1906338341314098,57.590138883262064
50.10000000001145,519.1500000000115,151.20600000001969,-1.873219297381858,58.6853558357444,1.425915922326257,55.24245297883941,-0.2236516875278005,56.963904407291906,-2.2472307956812534,57.66103156717817
50.20000000001136,519.2500000000114,151.3060000000196,0.18984556876362957,56.95504649862586,0.40314569463911765,56.797254297999416,0.2964956317013736,56.87615039831264,-2.299669983996372,57.72481355578432
50.300000000011494,519.3500000000115,151.40600000001973,1.4386494786708584,57.37935740227478,-0.2670621719091986,58.749349978251445,0.5857936533808299,58.06435369026311,-2.354093546280827,57.78348097090143
50.4000000000114,519.4500000000114,151.50600000001964,1.873192432708135,59.95828854569964,-0.8259345561103426,60.826907035549674,0.5236289382988962,60.392597790624656,-2.4085777112422604,57.84455962178958
50.50000000001154,519.5500000000116,151.60600000001978,2.3077353868850707,62.537219688905594,0.2612484458893688,60.984473734435994,1.2844919163872197,61.760846711670794,-2.4685891411437506,57.905878784122805
50.60000000001145,519.6500000000115,151.70600000001969,3.9381235347266124,63.17792839271222,1.8682384113886612,60.53572768921408,2.903180973057637,61.85682804096315,-2.5288251269822606,57.97334705943197
50.700000000011585,519.7500000000116,151.80600000001982,5.56851168257186,63.81863709652029,1.8343848902949418,60.707954715296886,3.701448286433401,62.26329590590859,-2.573854013918266,58.04769846573242
50.800000000011494,519.8500000000115,151.90600000001973,5.465505434480109,63.01672345172513,1.282370268732386,61.07627850052647,3.3739378516062475,62.0465009761258,-2.6172531545451325,58.126803422134806
50.90000000001163,519.9500000000116,152.00600000001987,3.6291047912549117,60.77218745899222,0.49875024733130924,61.51071488536206,2.0639275192931104,61.14145117217714,-2.6700135708431008,58.20483357939035
51.00000000001154,520.0500000000116,152.10600000001978,1.7927041482209767,58.527651466663144,-0.3580083213056311,61.96602893320723,0.7173479134576728,60.246840199935185,-2.7331056655072525,58.27630890734039
51.100000000011676,520.1500000000117,152.2060000000199,1.5696694019511404,59.721537352199256,0.20489503935720543,62.318754203725,0.8872822206541728,61.02014577796213,-2.792949558674,58.32990263412373
51.200000000011585,520.2500000000116,152.30600000001982,1.3466346556818112,60.91542323773265,1.2161126929944608,62.639083018278775,1.2813736743381359,61.77725312800571,-2.8444225825267857,58.3702922347545
51.30000000001172,520.3500000000117,152.40600000001996,1.4629484694949157,63.97011137163879,0.003130844304351843,61.807613909468344,0.7330396568996338,62.88886264055357,-2.8938045089464226,58.40613865438232
51.40000000001163,520.4500000000116,152.50600000001987,1.9186108432309772,68.88560175303219,-1.91222979382671,60.61241914104631,0.003190524702133546,64.74901044703925,-2.949737915206693,58.456678630087055
51.50000000001177,520.5500000000118,152.60600000002,2.3742732165866407,73.80109213305458,-2.237156552946445,60.86404078265805,0.06855833182009774,67.33256645785632,-3.013101506819268,58.5296808074939
51.600000000011676,520.6500000000117,152.7060000000199,-0.3961535123844997,67.02623856956602,-2.0598410350305967,61.57255181641285,-1.2279972737075482,64.29939519298944,-3.0792637848850077,58.60465701525204
51.70000000001181,520.7500000000118,152.80600000002005,-3.166580241361939,60.25138500606206,-1.55715087436867,61.61537235191218,-2.3618655578653045,60.93337867898712,-3.1515474998812523,58.663843330354105
51.80000000001172,520.8500000000117,152.90600000001996,-3.9987390665519564,57.5173691425289,-0.9517108266376886,61.44797483556069,-2.4752249465948224,59.482671989044796,-3.2281900754348847,58.71401653915457
51.90000000001186,520.9500000000119,153.0060000000201,-2.892629988875016,58.82419097704304,0.04092799368229283,61.44941417688985,-1.4258509975963616,60.136802576966446,-3.3015901641635113,58.768099318484815
52.00000000001177,521.0500000000118,153.10600000002,-1.7865209114089735,60.13101281143622,1.1558401104723934,61.50417042058606,-0.31534040046829004,60.81759161601114,-3.36448459747587,58.825698013019085
52.1000000000119,521.1500000000119,153.20600000002014,-2.4428735927482808,60.439921572128284,0.9657877203923253,62.7117622700696,-0.7385429361779777,61.57584192109894,-3.4271771029439653,58.8796002231447
52.20000000001181,521.2500000000118,153.30600000002005,-3.099226274086096,60.748830332819644,0.3636412759644969,64.28340746834553,-1.3677924990607995,62.51611890058258,-3.4981876625335486,58.92906674511081
52.30000000001195,521.350000000012,153.40600000002019,-2.8389105659551057,60.718270536037814,-0.07245128872338424,64.89330234766406,-1.455680927339245,62.80578644185094,-3.568561704827571,58.979585834362055
52.40000000001186,521.4500000000119,153.5060000000201,-1.6619264687941888,60.34824218194503,-0.4561057861813581,65.19948660027575,-1.0590161274877734,62.77386439111039,-3.626037031082212,59.033259534970924
52.500000000011994,521.550000000012,153.60600000002023,-0.48494237179709115,59.97821382808577,-0.0755473759160768,64.28800427711042,-0.280244873856584,62.133109052598094,-3.6660969894755886,59.08556724705974
52.6000000000119,521.6500000000119,153.70600000002014,-0.6895688900419426,61.5529662398547,0.5463414259943894,62.99199566728463,-0.07161373202377658,62.27248095356966,-3.704168702522632,59.12734061351284
52.70000000001204,521.750000000012,153.80600000002028,-0.8941954082872594,63.127718651627205,0.7254174867223102,63.34490798249864,-0.0843889607824746,63.23631331706292,-3.7514814118149022,59.17147059571809
52.80000000001195,521.850000000012,153.90600000002019,-1.5918855462756767,65.12733513774741,0.7646579451257267,64.21853216820062,-0.413613800574975,64.67293365297402,-3.80206303749108,59.22619943155192
52.900000000012085,521.9500000000121,154.00600000002032,-2.7826393037726946,67.5518156980196,0.4992954627674978,65.49402821901418,-1.1416719205025985,66.52292195851689,-3.8551230326198964,59.29301271992577
53.000000000011994,522.050000000012,154.10600000002023,-3.9733930606342747,69.97629625808734,0.1377425781708661,66.89643117445539,-1.9178252412317043,68.43636371627136,-3.920171097459846,59.363629936477494
53.10000000001213,522.1500000000121,154.20600000002037,0.08638161682737211,70.75016119807657,-0.7118016572175979,66.43820703235363,-0.3127100201951129,68.5941841152151,-3.9823738353473903,59.427585777535455
53.20000000001204,522.250000000012,154.30600000002028,4.146156294279788,71.52402613806403,-1.7154484242612833,65.39241643905048,1.2153539350092522,68.45822128855725,-4.030523088982193,59.47289730072766
53.300000000012176,522.3500000000122,154.4060000000204,5.715048781027406,68.97194365139012,-1.9346133590999872,65.3179776583282,1.8902177109637093,67.14496065485916,-4.072028711456494,59.50505292559247
53.400000000012085,522.4500000000121,154.50600000002032,4.793059078275104,63.09391373968479,-1.9060471893068616,65.55028155492195,1.4435059444841212,64.32209764730337,-4.10990449489981,59.54762509101693
53.50000000001222,522.5500000000122,154.60600000002046,3.8710693754998915,57.2158838293794,-2.84804094110983,63.71680600670309,0.5115142171950307,60.466344918041244,-4.141762269466097,59.60836652487624
53.60000000001213,522.6500000000121,154.70600000002037,2.779551908090548,62.84863339306831,-4.096527299387796,61.230979055592606,-0.6584876956486241,62.03980622433046,-4.182218024725333,59.67514843927776
53.70000000001227,522.7500000000123,154.8060000000205,1.6880344406787233,68.48138295677003,-3.9059138206552206,60.91172467785801,-1.1089396899882487,64.69655381731403,-4.244368481120619,59.74289217048667
53.800000000012176,522.8500000000122,154.9060000000204,0.8798416631438539,70.43217147894495,-3.260847762323147,61.2766511120038,-1.1905030495896465,65.85441129547438,-4.321007861582708,59.81206039313462
53.90000000001231,522.9500000000123,155.00600000002055,0.3549735753431166,68.70099896141024,-2.1049308088475867,61.56208420143342,-0.8749786167522351,65.13154158142183,-4.397157648628145,59.875516378643376
54.00000000001222,523.0500000000122,155.10600000002046,-0.16989451255545815,66.96982644377775,-0.787692520247782,61.822414129401,-0.4787935164016201,64.39612028658937,-4.457329502097267,59.92614553056275
54.10000000001236,523.1500000000124,155.2060000000206,-1.5013229743246095,64.41029974686505,0.13772745741804604,61.07648751143802,-0.6817977584532817,62.743393629151534,-4.509728819255967,59.96613790066439
54.20000000001227,523.2500000000123,155.3060000000205,-2.832751436090733,61.85077304995818,0.9394153370304605,60.012795668803626,-0.9466680495301362,60.9317843593809,-4.561728242575176,60.01319082109981
54.3000000000124,523.3500000000124,155.40600000002064,-4.574875130546264,59.9507653574213,0.38198902678334634,59.76378748450046,-2.096443051881459,59.85727642096088,-4.616580321856627,60.070788716472
54.40000000001231,523.4500000000123,155.50600000002055,-6.72769405747971,58.710276668936146,-0.6046312376716483,59.772047823592104,-3.6661626475756792,59.241162246264125,-4.679276941674171,60.14152568976263
54.50000000001245,523.5500000000125,155.60600000002069,-8.880512983410513,57.46978798095883,-0.692644526655825,62.52924514387093,-4.786578755033169,59.99951656241488,-4.75281345598571,60.227767752050966
54.60000000001236,523.6500000000124,155.7060000000206,-2.976607226511515,60.312721805362116,-0.49688719212703486,66.15452782564219,-1.7367472093192748,63.233624815502154,-4.829163792716457,60.31314011142019
54.700000000012494,523.7500000000125,155.80600000002073,2.9272985304009076,63.15565562977187,-0.4631856771837929,66.41513111260169,1.2320564266085574,64.78539337118679,-4.900167457488753,60.38630727680303
54.8000000000124,523.8500000000124,155.90600000002064,4.144097247179609,64.03699837875922,-0.480659684157133,65.61320406555889,1.831718781511238,64.82510122215905,-4.963792551379069,60.44718676949544
54.90000000001254,523.9500000000126,156.00600000002078,0.6737889261747183,62.956750053309385,-1.369456914337479,63.99734609527043,-0.3478339940813804,63.47704807428991,-5.023814146618239,60.49012806697567
55.00000000001245,524.0500000000125,156.10600000002069,-2.796519394005519,61.87650172808867,-2.533408846268785,62.12445730741098,-2.664964120137152,62.000479517749824,-5.084203747987647,60.51959420763268
55.100000000012585,524.1500000000126,156.20600000002082,0.26437257832358485,62.608707388651304,-3.4310168273318116,61.315691043034995,-1.5833221245041134,61.96219921584315,-5.147855717617996,60.552976258224845
55.200000000012494,524.2500000000125,156.30600000002073,3.3252645506457292,63.340913049212276,-4.244516192424042,60.84296346990602,-0.4596258208891564,62.09193825955914,-5.210521979389341,60.58753070824274
55.30000000001263,524.3500000000126,156.40600000002087,2.7633240318450047,64.07423829865814,-4.093452701314318,61.61874822444206,-0.6650643347346565,62.8464932615501,-5.268234953182318,60.61958990202094
55.40000000001254,524.4500000000126,156.50600000002078,-1.421448976247337,64.808683136985,-3.637790413856226,62.78880002936881,-2.5296196950517817,63.798741583176906,-5.326007859216474,60.64970131184276
55.500000000012676,524.5500000000127,156.6060000000209,-5.606221983458184,65.54312797478924,-4.176786654148366,62.53808470088258,-4.891504318803275,64.04060633783591,-5.393189303257884,60.67122729876573
55.600000000012585,524.6500000000126,156.70600000002082,-2.7933107833932342,62.160097563334716,-5.0298855870543235,61.83870606762062,-3.911598185223779,61.99940181547767,-5.460698693913574,60.693441478300215
55.70000000001272,524.7500000000127,156.80600000002096,0.019600416678111188,58.7770671518725,-2.9206742433111894,64.10775787333142,-1.4505369133165391,61.44241251260196,-5.5375842404009425,60.73170109709754
55.80000000001263,524.8500000000126,156.90600000002087,0.6092904085883045,58.994078834422744,0.12400350250788872,67.31420876395454,0.3666469555480966,63.154143799188645,-5.625788591709129,60.77900027844242
55.90000000001277,524.9500000000128,157.006000000021,-1.0242408065276483,62.81113260915287,-0.7897269809664349,66.43071230948097,-0.9069838937470416,64.62092245931692,-5.721241703186048,60.82410091011527
56.000000000012676,525.0500000000127,157.1060000000209,-2.6577720219739196,66.62818638319652,-2.9534811143619715,64.25565353698528,-2.8056265681679458,65.4419199600909,-5.815346970615438,60.86232980617213
56.10000000001281,525.1500000000128,157.20600000002105,-6.914685465644331,65.12209386904904,-5.239010091381678,63.00657963817534,-6.076847778513004,64.0643367536122,-5.900153822512222,60.89887242856653
56.20000000001272,525.2500000000127,157.30600000002096,-11.171598909305064,63.61600135490497,-7.56299428212643,62.04992201493404,-9.367296595715747,62.8329616849195,-5.982452381307037,60.936060645190935
56.30000000001286,525.3500000000129,157.4060000000211,-10.538349237169966,63.87723170108814,-7.738945798970535,61.730108259121494,-9.13864751807025,62.803669980104814,-6.067619218270366,60.96844987283139
56.40000000001277,525.4500000000128,157.506000000021,-5.014936451754798,65.90578490668922,-7.236571209046715,61.61140309279294,-6.125753830400756,63.75859399974108,-6.153303955508197,60.997828180978665
56.5000000000129,525.5500000000129,157.60600000002114,0.5084763327564771,67.93433811169086,-6.918768328787403,62.149941451712365,-3.2051459980154626,65.04213978170162,-6.240234784086591,61.03112433208253
56.60000000001281,525.6500000000128,157.70600000002105,-1.0393341728180823,65.3022370880599,-6.6592512515137745,62.896030397311236,-3.849292712165928,64.09913374268557,-6.314976332910428,61.071542949857125
56.70000000001295,525.750000000013,157.80600000002119,-2.5871446783961614,62.67013606442295,-5.0823472244170835,61.996140000716565,-3.8347459514066227,62.33313803256976,-6.387052778125423,61.09969010598629
56.80000000001286,525.8500000000129,157.9060000000211,-3.5687527793154348,60.64325760875357,-3.089426266283111,60.576466654559276,-3.329089522799273,60.60986213165643,-6.459369204857617,61.11264153162874
56.900000000012994,525.950000000013,158.00600000002123,-3.9841584758738935,59.2216017207288,-4.060774797678668,59.876546385527284,-4.022466636776281,59.54907405312804,-6.533793486488172,61.118781307487694
57.0000000000129,526.0500000000129,158.10600000002114,-4.399564172382335,57.79994583362624,-5.968208429944087,59.40391656164219,-5.183886301163211,58.601931197634215,-6.605733885383531,61.12583071291585
57.10000000001304,526.150000000013,158.20600000002128,-4.436333654466293,63.46907835439217,-6.263349164139015,59.74566005136599,-5.349841409302654,61.60736920287908,-6.678743643898744,61.139586022418726
57.20000000001295,526.250000000013,158.30600000002119,-4.473103136550168,69.1382108751452,-6.049344773217732,60.344574060877186,-5.26122395488395,64.7413924680112,-6.751922657990823,61.15590886809284
57.300000000013085,526.3500000000131,158.40600000002132,-3.1774408118197646,71.35662056852014,-7.132980079553108,64.18195902346378,-5.1552104456864365,67.76928979599197,-6.8259134245527004,61.18050833416582
57.400000000012994,526.450000000013,158.50600000002123,-0.5493466809777829,70.12430743631147,-8.626396342437245,69.04201902266318,-4.5878715117075135,69.58316322948733,-6.900702123193511,61.21278930606917
57.50000000001313,526.5500000000131,158.60600000002137,2.0787474496048346,68.89199430375491,-9.297579985934211,67.36516884214768,-3.609416268164688,68.1285815729513,-6.986574899761665,61.24645319831974
57.60000000001304,526.650000000013,158.70600000002128,2.6948127502566543,65.04303028361949,-9.709111223609591,63.62403123887047,-3.5071492366764687,64.33353076124499,-7.081522502460568,61.28053784449723
57.700000000013176,526.7500000000132,158.8060000000214,3.3108780509098747,61.19406626347532,-5.684700242928511,62.307315534600185,-1.1869110960093183,61.75069089903775,-7.1770361753265455,61.311223387571104
57.800000000013085,526.8500000000131,158.90600000002132,2.4024971344044133,60.09580840002199,-0.25946540546845753,61.756206744914834,1.0715158644679779,60.92600757246841,-7.277094446364068,61.33712981146615
57.90000000001322,526.9500000000132,159.00600000002146,-0.03032999845970563,61.74825669180348,-0.815401151916838,62.10593425265067,-0.42286557518827184,61.92709547222708,-7.374962955940253,61.36493918147099
58.00000000001313,527.0500000000131,159.10600000002137,-2.463157131133252,63.400704983185214,-3.2601276068608387,62.74013638029078,-2.861642368997045,63.070420681738,-7.461901742727268,61.40260500963567
58.10000000001327,527.1500000000133,159.2060000000215,-3.492847485672349,62.05033292367485,-3.5177539587777362,60.67017692703135,-3.5053007222250425,61.360254925353104,-7.536666003843031,61.44121431212306
58.200000000013176,527.2500000000132,159.3060000000214,-4.522537840209104,60.699960864167565,-3.084717121074757,57.74627171239091,-3.8036274806419303,59.223116288279236,-7.604504108571278,61.464883308971544
58.30000000001331,527.3500000000133,159.40600000002155,-5.5756855925536195,60.291132183550246,-3.371390697196994,58.32046952156726,-4.473538144875307,59.305800852558754,-7.667590464090943,61.46828101590637
58.40000000001322,527.4500000000132,159.50600000002146,-6.652290742688624,60.823846881323796,-3.8853412458382155,59.99933144222808,-5.26881599426342,60.411589161775936,-7.734918109425515,61.46481849504387
58.50000000001336,527.5500000000134,159.6060000000216,-7.7288958922348145,61.35656157919464,-6.145784211189364,61.249053557702545,-6.93734005171209,61.30280756844859,-7.821301424474312,61.4685005339174
58.60000000001327,527.6500000000133,159.7060000000215,-4.398044422472756,62.6054327784481,-8.95775109695024,62.36325784011619,-6.677897759711498,62.48434530928215,-7.926911419333259,61.48236361713787
58.700000000013404,527.7500000000134,159.80600000002164,-1.0671929527031248,63.8543039777044,-9.759895971129726,62.19694626773399,-5.413544461916425,63.02562512271919,-8.034053969974893,61.49798940149552
58.80000000001331,527.8500000000133,159.90600000002155,-1.6739164686577181,65.08497540549953,-9.927360210820334,61.62626126799971,-5.8006383397390255,63.35561833674962,-8.136723563445713,61.5095981578245
58.90000000001345,527.9500000000135,160.0060000000217,-6.218214968226386,66.29744706184887,-8.1211553158344,61.17792268431217,-7.169685142030393,63.737684873080525,-8.234582237183226,61.51967431620755
59.00000000001336,528.0500000000134,160.1060000000216,-10.762513466980037,67.50991871805563,-5.691686484324832,60.76821981091082,-8.227099975652434,64.13906926448323,-8.332457239959941,61.531902285873265
59.100000000013495,528.1500000000135,160.20600000002173,-9.308453836589566,67.68014295720118,-5.457897233871246,61.62973500880813,-7.383175535230405,64.65493898300466,-8.429348086281081,61.544926847713164
59.200000000013404,528.2500000000134,160.30600000002164,-7.8543942062024,67.85036719634635,-5.9174804818768685,62.89268749190002,-6.885937344039634,65.3715273441232,-8.527002111511726,61.55633835158267
59.30000000001354,528.3500000000136,160.40600000002178,-7.068956381323648,67.6102393186813,-7.349828817731494,64.33286108126417,-7.209392599527571,65.97155019997274,-8.614827399502747,61.57026386033358
59.40000000001345,528.4500000000135,160.5060000000217,-6.952140361595059,66.95975932442917,-9.089366128327246,65.82899923043298,-8.020753244961153,66.39437927743109,-8.689385894764701,61.593709988026426
59.500000000013586,528.5500000000136,160.60600000002182,-6.835324342162332,66.30927933021862,-10.110525015953957,63.3617940849315,-8.472924679058146,64.83553670757506,-8.75471908297382,61.62451517469949
59.600000000013495,528.6500000000135,160.70600000002173,-8.889154547950609,65.97433933929875,-10.904827559752235,59.64300684787382,-9.896991053851423,62.808673093586286,-8.818841210134428,61.64408889902412
59.70000000001363,528.7500000000136,160.80600000002187,-10.942984753743556,65.63939934837813,-8.573082274039209,59.197710084366435,-9.758033513891382,62.418554716372284,-8.89571457304564,61.64381036519852
59.80000000001354,528.8500000000136,160.90600000002178,-11.731113349424044,65.23333603636668,-5.254163990718574,59.78614715337905,-8.492638670071308,62.509741594872864,-8.98647738109248,61.63483560950473
59.90000000001368,528.9500000000137,161.0060000000219,-11.253540335686353,64.75614940330135,-6.441591986895623,61.11100948346436,-8.847566161290988,62.933579443382854,-9.085487711885943,61.62644612561162
60.000000000013586,529.0500000000136,161.10600000002182,-10.775967321782337,64.27896277047766,-9.052076701209467,62.66842715886963,-9.914022011495902,63.47369496467365,-9.187744459785787,61.62370797855822
60.10000000001372,529.1500000000137,161.20600000002196,-9.071272323518665,65.56508819071198,-7.792039857955925,63.94173250950555,-8.431656090737295,64.75341035010877,-9.2861980290445,61.630914336902315
60.20000000001363,529.2500000000136,161.30600000002187,-7.366577325258866,66.85121361094336,-5.309733050623384,65.12531817873906,-6.338155187941125,65.98826589484122,-9.38789896953334,61.63907242888653
60.30000000001377,529.3500000000138,161.406000000022,-5.7567553715437905,66.48944749034476,-7.8714247019457115,63.5361031946025,-6.814090036744751,65.01277534247363,-9.488371781548937,61.64371263723882
60.40000000001368,529.4500000000137,161.5060000000219,-4.241806462328553,64.47978982982454,-12.025957969871545,61.07126695256245,-8.133882216100048,62.7755283911935,-9.58593721473226,61.652598107611595
60.50000000001381,529.5500000000138,161.60600000002205,-2.7268575534980446,62.47013216967084,-12.0250329924705,62.27800746142647,-7.375945272984272,62.37406981554865,-9.682212142261093,61.675614905855504
60.60000000001372,529.6500000000137,161.70600000002196,-4.010616155522105,63.135888191199314,-10.711858044439769,64.6441932586511,-7.3612370999809364,63.89004072492521,-9.775462769741615,61.693966251651766
60.70000000001386,529.7500000000139,161.8060000000221,-5.294374757549084,63.80164421272931,-10.48345767970811,63.25874934151908,-7.888916218628597,63.53019677712419,-9.865037133611642,61.69555329161917
60.80000000001377,529.8500000000138,161.906000000022,-6.33265034098474,63.321249135731385,-10.597617709289947,60.688580252865535,-8.465134025137344,62.00491469429846,-9.958512064010824,61.689991134162916
60.900000000013904,529.9500000000139,162.00600000002214,-7.125442905969986,61.694702960839244,-10.262138618358907,60.3507299684204,-8.693790762164447,61.02271646462982,-10.059972361939097,61.68121768081147
61.00000000001381,530.0500000000138,162.10600000002205,-7.918235471293334,60.06815678641889,-9.784668226385774,60.71782246340119,-8.851451848839554,60.392989624910044,-10.171403038280827,61.66940019246137
61.10000000001395,530.150000000014,162.2060000000222,-11.16171482843025,61.81648938301336,-10.74887155708862,61.671654724314,-10.955293192759434,61.744072053663686,-10.277539517790556,61.65278793294441
61.20000000001386,530.2500000000139,162.3060000000221,-14.405194185559793,63.56482197960385,-12.168340273345498,62.81077322687287,-13.286767229452646,63.18779760323836,-10.374109524364798,61.645941058014266
61.300000000013995,530.350000000014,162.40600000002223,-15.226671305202439,64.36311117931572,-13.36929780173117,63.255653781666034,-14.297984553466804,63.80938248049088,-10.472412597672959,61.65186756492005
61.400000000013904,530.4500000000139,162.50600000002214,-13.626146188709175,64.21135698267673,-14.501251797184956,63.48130130058715,-14.063698992947065,63.84632914163194,-10.582122504950126,61.658744611915075
61.50000000001404,530.550000000014,162.60600000002228,-12.025621072547336,64.0596027861764,-13.869953348624215,61.42303287836856,-12.947787210585776,62.74131783227248,-10.698330504489745,61.648955796656836
61.60000000001395,530.650000000014,162.7060000000222,-12.80191940728635,64.89373870079231,-12.681838339474478,58.64352784404138,-12.741878873380415,61.76863327241685,-10.812214271659888,61.63861831567455
61.700000000014086,530.7500000000141,162.80600000002232,-13.578217742027128,65.72787461541013,-13.272574460697477,61.35755219464871,-13.425396101362303,63.54271340502942,-10.927811230295907,61.649840847378634
61.800000000013995,530.850000000014,162.90600000002223,-14.90138435014267,65.68635709161508,-14.425053043457082,65.80637529627094,-14.663218696799877,65.746366193943,-11.039468945814383,61.67308239402725
61.90000000001413,530.9500000000141,163.00600000002237,-16.771419231330622,64.76918612990075,-13.46297295345671,65.761106419384,-15.117196092393666,65.26514627464238,-11.145626458797027,61.68718543473072
62.00000000001404,531.050000000014,163.10600000002228,-18.64145411201689,63.85201516816653,-11.833137493928799,64.29665060364717,-15.237295802972845,64.07433288590684,-11.255108614580822,61.6812944904603
62.10000000001418,531.1500000000142,163.2060000000224,-16.98290897214863,62.77896006561615,-10.483350954747335,64.02621976418116,-13.733129963447983,63.402589914898655,-11.36896295365365,61.67247194099018
62.200000000014086,531.2500000000141,163.30600000002232,-15.324363832284137,61.7059049630682,-9.222000916623754,64.13284944307705,-12.273182374453945,62.91937720307263,-11.475888827621166,61.675851142381575
62.30000000001422,531.3500000000142,163.40600000002246,-13.142009861090045,63.08256604799893,-10.64194281537171,63.88732683923121,-11.891976338230878,63.48494644361507,-11.570245840636163,61.68299625513246
62.40000000001413,531.4500000000141,163.50600000002237,-10.435847058874026,66.90894331900958,-12.908608482616613,63.53059825149861,-11.67222777074532,65.2197707852541,-11.662334639646188,61.68036756936248
62.50000000001427,531.5500000000143,163.6060000000225,-7.729684257256304,70.73532058887939,-12.297303360556535,64.69226292342707,-10.01349380890642,67.71379175615323,-11.75687680111139,61.67360006593785
62.60000000001418,531.6500000000142,163.7060000000224,-9.243203388068368,66.53684444728445,-10.777165358781232,66.33342020307721,-10.0101843734248,66.43513232518083,-11.85437984017174,61.68334278000044
62.70000000001431,531.7500000000143,163.80600000002255,-10.756722518883873,62.33836830567996,-13.498587005297981,65.34284964616361,-12.127654762090927,63.84060897592178,-11.955660928454042,61.707620549665045
62.80000000001422,531.8500000000142,163.90600000002246,-12.006238617827682,59.436021457774125,-17.55944853909184,63.52120714188763,-14.782843578459762,61.47861429983088,-12.055697626915446,61.73002456168456
62.90000000001436,531.9500000000144,164.0060000000226,-12.991751685056746,57.82980390281109,-16.43869269598607,63.5174510027328,-14.71522219052141,60.673627452771946,-12.15382048883606,61.73602411379775
63.00000000001427,532.0500000000143,164.1060000000225,-13.977264751867313,56.22358634856419,-13.68163663061667,64.08776424132962,-13.829450691241991,60.1556752949469,-12.258478099912256,61.72160150321252
63.100000000014404,532.1500000000144,164.20600000002264,-12.056879939603121,59.59115919939846,-10.999647645052615,63.33192166061935,-11.528263792327868,61.46154043000891,-12.377608850875626,61.70275786184788
63.20000000001431,532.2500000000143,164.30600000002255,-10.136495127343297,62.95873205022508,-8.34136405309003,62.15729303222667,-9.238929590216664,62.55801254122588,-12.507214544795351,61.689103267571
63.30000000001445,532.3500000000145,164.4060000000227,-11.592465852503935,64.18056975789162,-9.234292974091485,62.234246231119464,-10.41337941329771,63.207407994505544,-12.635773420016106,61.67487575051407
63.40000000001436,532.4500000000144,164.5060000000226,-16.424792113128472,63.25667232363173,-11.248657424112297,62.70643579603416,-13.836724768620385,62.981554059832945,-12.760409054120291,61.654977241013185
63.500000000014495,532.5500000000145,164.60600000002273,-21.257118372595944,62.33277488894154,-11.691669411936125,63.22015384803019,-16.474393892266036,62.77646436848587,-12.879581859332262,61.63163753960796
63.600000000014404,532.6500000000144,164.70600000002264,-18.06266412908689,58.466243904716386,-11.63846483336462,63.746986159086745,-14.850564481225756,61.10661503190157,-12.994668787119014,61.61350857908826
63.70000000001454,532.7500000000146,164.80600000002278,-14.868209885570572,54.599712920482425,-11.56615555354125,61.97958456282059,-13.217182719555911,58.289648741651504,-13.108868842123217,61.59359632846337
63.80000000001445,532.8500000000145,164.9060000000227,-14.052885395727753,54.322475321789085,-11.487813210172378,59.487688049358816,-12.770349302950066,56.90508168557395,-13.225053285548073,61.56969897699022
63.900000000014586,532.9500000000146,165.00600000002282,-15.616690658169885,57.63453110654584,-11.700697354032291,62.28763198701464,-13.658694006101088,59.96108154678024,-13.337971845174737,61.53899537335578
64.0000000000145,533.0500000000145,165.10600000002273,-17.1804959201894,60.94658689053025,-12.005547756901931,66.75868343346048,-14.593021838545667,63.852635161995366,-13.452201192905965,61.50438208280373
64.10000000001463,533.1500000000146,165.20600000002287,-15.864520931404885,59.00284893010432,-13.203996541020304,65.59372167826459,-14.534258736212594,62.29828530418445,-13.573337882834322,61.468461878130455
64.20000000001454,533.2500000000146,165.30600000002278,-14.548545942623361,57.059110969682806,-14.684634287282432,62.64896628267022,-14.616590114952896,59.85403862617652,-13.684780455223292,61.44621165884923
64.30000000001468,533.3500000000147,165.4060000000229,-13.59100936815811,57.36693475563865,-15.02467123348935,61.99371277422699,-14.307840300823731,59.68032376493282,-13.786895134203878,61.432956969368384
64.40000000001459,533.4500000000146,165.50600000002282,-12.991911207803215,59.92632028664965,-15.004518453812217,62.061459860824534,-13.998214830807715,60.99389007373709,-13.890379955549474,61.42117513222252
64.50000000001472,533.5500000000147,165.60600000002296,-12.392813047857572,62.48570581735214,-14.508986951302774,60.12037160257786,-13.450899999580173,61.303038709965,-14.00093630194449,61.403671364023836
64.60000000001463,533.6500000000146,165.70600000002287,-14.572037771255271,62.91832652368787,-13.863335852299025,57.54491428886526,-14.217686811777149,60.23162040627656,-14.114757843676,61.391619471011964
64.70000000001477,533.7500000000148,165.806000000023,-16.751262494657922,63.35094723002457,-15.448749293823356,58.668438193191136,-16.10000589424064,61.009692711607855,-14.227290905231012,61.38510912276848
64.80000000001468,533.8500000000147,165.9060000000229,-15.653100735120548,63.46523649942332,-17.73870943146683,60.96006142805856,-16.695905083293688,62.21264896374094,-14.336169320422641,61.36854406069042
64.90000000001481,533.9500000000148,166.00600000002305,-11.277552494575648,63.2611943320728,-17.36606870866335,62.67606840266839,-14.321810601619498,62.96863136737059,-14.446460698340552,61.33387394342719
65.00000000001472,534.0500000000147,166.10600000002296,-6.902004254880562,63.05715216440111,-16.152606662566782,64.21030182163089,-11.527305458723673,63.633726993016,-14.563745393474548,61.28963521655631
65.10000000001486,534.1500000000149,166.2060000000231,-8.209188660535597,60.67684503763542,-17.574920406885067,64.40303952956425,-12.892054533710333,62.539942283599835,-14.685718272021985,61.25441944332629
65.20000000001477,534.2500000000148,166.306000000023,-9.516373066187661,58.296537910875145,-19.82958439975437,64.17214701349563,-14.672978732971016,61.23434246218539,-14.810195451387857,61.22389843039374
65.3000000000149,534.3500000000149,166.40600000002314,-12.269794213624818,58.314723566437586,-16.64225679659622,65.16014261645121,-14.45602550511052,61.7374330914444,-14.932422793392027,61.190075481851004
65.40000000001481,534.4500000000148,166.50600000002305,-16.469452101973,60.73140200289382,-11.736405533713556,66.53305025650454,-14.102928817843278,63.63222612969918,-15.048061524641543,61.14312376842831
65.50000000001495,534.550000000015,166.6060000000232,-20.66910998925985,63.14808043833973,-11.685512057560924,65.2157828093426,-16.17731102341039,64.18193162384117,-15.155782146998526,61.08025434715977
65.60000000001486,534.6500000000149,166.7060000000231,-17.732740430789562,58.79555619550157,-13.16776314369886,63.04898638834955,-15.45025178724421,60.922271291925554,-15.262893845049849,61.01846453265387
65.700000000015,534.750000000015,166.80600000002323,-14.796370872312593,54.44303195265351,-13.981777174520742,61.06551010483634,-14.389074023416669,57.754271028744924,-15.378461940887451,60.9662328356338
65.8000000000149,534.8500000000149,166.90600000002314,-12.355115601246924,54.078291951249014,-14.584768977613344,59.13992439098611,-13.469942289430133,56.60910817111756,-15.499349874751816,60.91996283491033
65.90000000001504,534.950000000015,167.00600000002328,-10.40897461728425,57.701336188892675,-13.985247775699095,61.45303453476984,-12.197111196491672,59.577185361831255,-15.619104024612476,60.87990522409657
66.00000000001495,535.050000000015,167.1060000000232,-8.462833634272158,61.324380426130276,-13.00598562531943,65.10468021083622,-10.734409629795795,63.21453031848325,-15.737134086899703,60.85151822496825
66.10000000001509,535.1500000000151,167.20600000002332,-12.821614423340606,62.29643213676888,-13.676238756229715,65.7800583497652,-13.24892658978516,64.03824524326704,-15.863328399759899,60.84300389528333
66.200000000015,535.250000000015,167.30600000002323,-17.18039521239914,63.26848384740528,-14.86739144898738,65.5155625307928,-16.023893330693262,64.39202318909904,-15.99209730496929,60.828862469779295
66.30000000001513,535.3500000000151,167.40600000002337,-17.899920225403314,63.82223715485901,-16.676007418188803,65.09436148657446,-17.28796382179606,64.45829932071673,-16.1185553374678,60.79961887082553
66.40000000001504,535.450000000015,167.50600000002328,-14.98018946455093,63.95769205938057,-18.679611790223746,64.62367458181646,-16.82990062738734,64.29068332059852,-16.236887067752516,60.75661175554183
66.50000000001518,535.5500000000152,167.6060000000234,-12.06045870432459,64.09314696360036,-17.098985184515325,61.98700323985119,-14.579721944419958,63.040075101725776,-16.348359166447352,60.70711435167359
66.60000000001509,535.6500000000151,167.70600000002332,-13.293819015663589,62.24572814253088,-14.386496166233837,58.66633681333403,-13.840157590948714,60.45603247793245,-16.462044758445405,60.662879795055545
66.70000000001522,535.7500000000152,167.80600000002346,-14.527179327005392,60.398309321457205,-14.801544788475745,59.94802774807496,-14.664362057740568,60.173168534766084,-16.576219911120763,60.62915255752615
66.80000000001513,535.8500000000151,167.90600000002337,-15.187423903475393,61.62460752001145,-16.20423687487965,62.683094689768595,-15.695830389177523,62.15385110489002,-16.69318566670736,60.606666089724015
66.90000000001527,535.9500000000153,168.0060000000235,-15.274552745425833,65.9246227363262,-19.029978679874187,64.13977037218224,-17.15226571265001,65.03219655425423,-16.813006619667973,60.59335795470511
67.00000000001518,536.0500000000152,168.1060000000234,-15.361681587548405,70.22463795172662,-22.305104605944095,65.1927435521788,-18.83339309674625,67.7086907519527,-16.934129196649362,60.58517805860424
67.10000000001531,536.1500000000153,168.20600000002355,-16.580045377196708,68.58694034662591,-20.48843285419426,63.582034285222484,-18.534239115695485,66.08448731592419,-17.039098120246187,60.57381880256274
67.20000000001522,536.2500000000152,168.30600000002346,-17.79840916684224,66.9492427415289,-17.06382499573202,61.13016214136737,-17.43111708128713,64.03970244144814,-17.14733763277584,60.55138492824348
67.30000000001536,536.3500000000154,168.4060000000236,-17.621698470257137,64.61979723987294,-15.063472843819616,59.902593164233416,-16.342585657038377,62.26119520205317,-17.267658621144346,60.52213511502116
67.40000000001527,536.4500000000153,168.5060000000235,-16.049913288298644,61.59860384209324,-13.512885651297339,59.06164623925423,-14.781399469797991,60.330125040673735,-17.39304225778882,60.48569703407492
67.5000000000154,536.5500000000154,168.60600000002364,-14.478128106666343,58.57741044495303,-14.466778075918494,61.276647917093065,-14.472453091292419,59.927029181023045,-17.510576041475574,60.446547707453156
67.60000000001531,536.6500000000153,168.70600000002355,-15.039162821923394,59.7366631947567,-16.211558799666804,64.45668599456991,-15.6253608107951,62.096674594663305,-17.619323028333163,60.41547479732713
67.70000000001545,536.7500000000155,168.8060000000237,-15.60019753718172,60.89591594456301,-17.036733556270853,62.635526649381475,-16.318465546726287,61.765721296972245,-17.735153435299523,60.387288582804786
67.80000000001536,536.8500000000154,168.9060000000236,-17.16426682285106,59.92075084630187,-17.571506428886725,59.23504180434706,-17.36788662586889,59.57789632532447,-17.855290671765122,60.36204934802114
67.9000000000155,536.9500000000155,169.00600000002373,-19.731370678318203,56.81116790128891,-19.16815526579208,59.47558440948443,-19.44976297205514,58.143376155386676,-17.975452081126143,60.335169549492356
68.0000000000154,537.0500000000154,169.10600000002364,-22.298474533208882,53.701584957335044,-21.10013335413928,60.86592515529155,-21.69930394367408,57.2837550563133,-18.09459555708377,60.30083570929469
68.10000000001554,537.1500000000156,169.20600000002378,-21.174930035885872,57.39618944176516,-21.200533314996143,60.94704606507751,-21.187731675441007,59.17161775342133,-18.212986744445104,60.26101074629368
68.20000000001545,537.2500000000155,169.3060000000237,-20.051385538565413,61.090793926186876,-20.722540183711867,60.61472913244589,-20.38696286113864,60.85276152931638,-18.337274438157362,60.226631707077665
68.30000000001559,537.3500000000156,169.40600000002382,-19.989399291665087,61.38687540511273,-20.596379945807747,60.14199749467423,-20.292889618736417,60.76443644989348,-18.467325175565275,60.1931409088847
68.4000000000155,537.4500000000155,169.50600000002373,-20.988971294523814,58.284433880658675,-20.58132483198491,59.62492437112792,-20.78514806325436,58.95467912589329,-18.602756776996046,60.158087442496026
68.50000000001563,537.5500000000156,169.60600000002387,-21.98854329728234,55.181992356888784,-20.050558534586713,60.67449393161756,-21.019550915934527,57.92824314425317,-18.733185589818042,60.12428312311373
68.60000000001554,537.6500000000156,169.70600000002378,-22.334924238040585,56.4853875208466,-19.356936074167955,62.21879276010245,-20.84593015610427,59.35209014047453,-18.856047785042637,60.085039491705395
68.70000000001568,537.7500000000157,169.80600000002391,-22.68130517879962,57.78878268480738,-19.788659438773095,61.646462797347255,-21.234982308786357,59.71762274107732,-18.96501859253767,60.04549253816796
68.80000000001559,537.8500000000156,169.90600000002382,-24.162532620424738,58.24201191830455,-20.575755168709865,60.40572374349614,-22.3691438945673,59.32386783090034,-19.062505170980828,60.01209258666698
68.90000000001572,537.9500000000157,170.00600000002396,-26.77860656221051,57.845075221873685,-21.18698366211213,60.585788977410964,-23.98279511216132,59.21543209964233,-19.163342211700908,59.98061336616748
69.00000000001563,538.0500000000156,170.10600000002387,-29.394680502903864,57.44813852579936,-21.742675133521654,61.21452924898048,-25.56867781821276,59.33133388738992,-19.27408280314366,59.9413156852976
69.10000000001577,538.1500000000158,170.206000000024,-25.085656187637866,59.31799757365267,-21.549953674516658,60.45286915372521,-23.317804931077262,59.88543336368894,-19.397458597355417,59.89180900930922
69.20000000001568,538.2500000000157,170.30600000002391,-20.776631872381667,61.18785662150173,-21.120891290427934,59.252135258997754,-20.948761581404803,60.219995940249746,-19.52080404590156,59.844689258065415
69.30000000001581,538.3500000000158,170.40600000002405,-18.425010641746297,61.55272150069185,-20.54425976043839,58.641091148708156,-19.484635201092345,60.0969063247,-19.643452598555307,59.80740769342511
69.40000000001572,538.4500000000157,170.50600000002396,-18.030792494505175,60.41259221217269,-19.92102744759567,58.21626486484062,-18.97590997105042,59.314428538506654,-19.76364188663858,59.78128265546985
69.50000000001586,538.5500000000159,170.6060000000241,-17.63657434784047,59.27246292400578,-17.45443002364617,56.52823832721472,-17.54550218574332,57.90035062561025,-19.876612918020857,59.76319869706245
69.60000000001577,538.6500000000158,170.706000000024,-20.86957433956941,60.36181166519787,-14.405717302225472,54.44130644682645,-17.63764582089744,57.40155905601216,-19.997229352437287,59.74857890449329
69.7000000000159,538.7500000000159,170.80600000002414,-24.1025743313057,61.45116040639244,-16.36763526229262,56.06078471235229,-20.23510479679916,58.75597255937237,-20.13145262727334,59.722018119996214
69.80000000001581,538.8500000000158,170.90600000002405,-25.429217386691818,61.967392941294754,-19.911857646000744,58.850708285566164,-22.67053751634628,60.40905061343046,-20.262395340197806,59.6829055180741
69.90000000001595,538.950000000016,171.0060000000242,-24.849503506947464,61.91050927027204,-21.526509027542183,59.16971982843397,-23.188006267244823,60.54011454935301,-20.38063164357456,59.634333883855454
70.00000000001586,539.0500000000159,171.1060000000241,-24.269789627232562,61.85362559915126,-22.531822198672575,58.70844336274781,-23.40080591295257,60.28103448094953,-20.499820269936418,59.58510815256634
70.100000000016,539.150000000016,171.20600000002423,-23.866827960780135,61.17983698813558,-21.67336664083352,59.7738451707189,-22.770097300806828,60.47684107942724,-20.628665208385932,59.540111906572115
70.2000000000159,539.2500000000159,171.30600000002414,-23.46386629432862,60.50604837712143,-20.22635253778541,61.32135590657226,-21.845109416057014,60.91370214184684,-20.75392247375484,59.509905646230436
70.30000000001604,539.350000000016,171.40600000002428,-22.50980879603538,60.99987363806162,-20.90011331449105,61.03724874768114,-21.704961055263215,61.01856119287138,-20.88042351675531,59.488961327100036
70.40000000001595,539.450000000016,171.5060000000242,-21.004655466258107,62.66131277020523,-22.243592473387654,60.17473593858512,-21.624123969822882,61.41802435439517,-21.01223754203057,59.46316943952317
70.50000000001609,539.5500000000161,171.60600000002432,-19.499502136937416,64.322751901498,-20.750541321978528,62.12369397402526,-20.12502172945797,63.223222937761626,-21.136068046564112,59.423356176019524
70.600000000016,539.650000000016,171.70600000002423,-20.843808823069995,60.69025992478969,-18.361743757982467,64.9604849065553,-19.60277629052623,62.82537241567249,-21.256771693719994,59.38125080334115
70.70000000001613,539.7500000000161,171.80600000002437,-22.18811550920563,57.057767948073135,-18.016905771975537,61.956419284031185,-20.102510640590584,59.50709361605216,-21.382276089538383,59.34975228175999
70.80000000001604,539.850000000016,171.90600000002428,-22.492313958769493,55.99413288041737,-18.31752870447559,57.107872646585356,-20.40492133162254,56.55100276350136,-21.509676472949458,59.3239403376182
70.90000000001618,539.9500000000162,172.00600000002441,-21.75640417243461,57.49935472015874,-20.946749851150294,55.97092823675845,-21.35157701179245,56.7351414784586,-21.636836662928943,59.29071737395356
71.00000000001609,540.0500000000161,172.10600000002432,-21.0204943863067,59.00457655944012,-24.311317801313525,56.00606873935812,-22.665906093810115,57.50532264939912,-21.765432221369064,59.25436751185318
71.10000000001622,540.1500000000162,172.20600000002446,-21.556325987851594,57.681572838857996,-25.24427063695127,59.02556919243493,-23.400298312401432,58.353571015646466,-21.88334943780275,59.22460024646108
71.20000000001613,540.2500000000161,172.30600000002437,-22.092157589395267,56.35856911827888,-25.409345016393207,62.98749910228944,-23.750751302894237,59.67303411028416,-22.000397150772883,59.18835641796327
71.30000000001627,540.3500000000163,172.4060000000245,-23.44690050300948,55.92066553580569,-23.07843958641239,63.64556712069356,-23.262670044710937,59.783116328249626,-22.123456331960032,59.140090287239644
71.40000000001618,540.4500000000162,172.50600000002441,-25.620554728155543,56.36786209086484,-19.95933000714845,63.260310332664346,-22.789942367651996,59.81408621176459,-22.243256980668257,59.0861890964328
71.50000000001631,540.5500000000163,172.60600000002455,-27.79420895282116,56.81505864588571,-20.604459766757287,63.26837171272118,-24.199334359789226,60.04171517930345,-22.354340838850465,59.02956643788462
71.60000000001622,540.6500000000162,172.70600000002446,-27.002940554263322,57.02223453234801,-22.43829668441507,63.40063882990187,-24.7206186193392,60.21143668112494,-22.461491859443523,58.97575119624527
71.70000000001636,540.7500000000164,172.8060000000246,-26.21167215570368,57.22941041881077,-21.156176062607237,62.33383381504678,-23.68392410915546,59.78162211692877,-22.57329745517295,58.92228492814711
71.80000000001627,540.8500000000163,172.9060000000245,-24.88941204315695,58.19025434651614,-18.890068850714894,60.88837444321857,-21.88974044693592,59.539314394867354,-22.690250207553227,58.871182494820715
71.9000000000164,540.9500000000164,173.00600000002464,-23.03616021696482,59.90476631497496,-18.58729900382477,61.752968863220495,-20.811729610394796,60.828867589097726,-22.810467988575002,58.82373974411845
72.00000000001631,541.0500000000163,173.10600000002455,-21.182908391266295,61.619278282614964,-18.9045304292603,63.34705395334299,-20.0437194102633,62.48316611797898,-22.92901969565061,58.781699794798925
72.10000000001645,541.1500000000165,173.2060000000247,-22.319051614994326,58.35594297548119,-19.19244752038008,61.133608664174126,-20.755749567687204,59.74477581982766,-23.045240839785546,58.74611310070528
72.20000000001636,541.2500000000164,173.3060000000246,-23.455194838719773,55.092607668354844,-19.471107453306505,57.71778536211967,-21.46315114601314,56.40519651523726,-23.151933665799376,58.711564189598796
72.3000000000165,541.3500000000165,173.40600000002473,-25.008582187645274,53.218142026826186,-20.186810839774658,58.377202672155875,-22.597696513709966,55.79767234949103,-23.25498058512387,58.672300128582606
72.4000000000164,541.4500000000164,173.50600000002464,-26.979213661488643,52.732546049987945,-21.040527948225478,60.323538068481916,-24.00987080485706,56.528042059234934,-23.368299433068575,58.633986894814406
72.50000000001654,541.5500000000166,173.60600000002478,-28.949845134597336,52.24695007281201,-23.155325144958567,62.056818959796296,-26.052585139777953,57.15188451630415,-23.488189879994604,58.59672547569545
72.60000000001645,541.6500000000165,173.7060000000247,-26.46725904936411,49.73350124107537,-25.668358158498926,63.72281948119283,-26.067808603931518,56.7281603611341,-23.595784327603123,58.55738118439037
72.70000000001659,541.7500000000166,173.80600000002482,-23.984672964125245,47.22005240933303,-26.488797034033215,63.68592346430193,-25.236734999079232,55.45298793681748,-23.699410171944454,58.514073539567946
72.8000000000165,541.8500000000165,173.90600000002473,-22.743901991165274,49.49243149152455,-26.77473249828783,63.111270646575804,-24.759317244726553,56.30185106905017,-23.819001188329484,58.46321204104329
72.90000000001663,541.9500000000166,174.00600000002487,-22.744946129654075,56.55063848448282,-27.069393206471215,62.112009147334916,-24.907169668062643,59.33132381590887,-23.955294685758002,58.41305400308567
73.00000000001654,542.0500000000166,174.10600000002478,-22.745990268417177,63.60884547583587,-27.36680925483801,60.97866069622174,-25.056399761627596,62.2937530860288,-24.091889688254764,58.37090760626869
73.10000000001668,542.1500000000167,174.20600000002491,-24.399623398760312,61.09276802564104,-24.519294801731746,58.874887486953554,-24.45945910024603,59.9838277562973,-24.209406551310725,58.32280207344061
73.20000000001659,542.2500000000166,174.30600000002482,-26.053256529099684,58.57669057545193,-20.67864440215157,56.4646643544807,-23.365950465625627,57.52067746496631,-24.31485212229871,58.260274934137676
73.30000000001672,542.3500000000167,174.40600000002496,-27.10096152990889,57.452022122495556,-21.222255489186566,57.192553157322834,-24.161608509547726,57.32228763990919,-24.420405004362237,58.19460484014693
73.40000000001663,542.4500000000166,174.50600000002487,-27.54273840158821,57.71876266584692,-23.15037020168632,58.91142467522827,-25.346554301637266,58.31509367053759,-24.52870468396592,58.138979680096824
73.50000000001677,542.5500000000168,174.606000000025,-27.984515272387835,57.98550320903404,-25.071141371719893,60.2765935395608,-26.527828322053864,59.13104837429742,-24.638496221087212,58.092650330332866
73.60000000001668,542.6500000000167,174.70600000002491,-23.192030706708636,57.27256352281853,-26.989593528340507,61.530066829229234,-25.09081211752457,59.401315176023886,-24.75425302149437,58.04859929226905
73.70000000001681,542.7500000000168,174.80600000002505,-18.399546141018533,56.559623836601396,-25.969757354592343,60.41318072302924,-22.18465174780544,58.48640227981532,-24.870344272183885,57.99763602079856
73.80000000001672,542.8500000000167,174.90600000002496,-17.819662962744736,56.16650039996934,-24.022040656737232,58.5477600717931,-20.920851809740984,57.357130235881215,-24.983816153492736,57.942368703443776
73.90000000001686,542.9500000000169,175.0060000000251,-21.452381169049414,56.093193212705316,-24.625149566390768,55.843892784344966,-23.03876536772009,55.96854299852514,-25.098770967442025,57.887738172648
74.00000000001677,543.0500000000168,175.106000000025,-25.085099374393337,56.01988602617529,-26.033782350994418,52.875252875305954,-25.559440862693876,54.44756945074062,-25.219669304662585,57.83338255543143
74.1000000000169,543.1500000000169,175.20600000002514,-23.056874964096252,60.307931562340904,-28.866715707116374,54.44135408115133,-25.96179533560631,57.37464282174612,-25.345496080709427,57.77938022443487
74.20000000001681,543.2500000000168,175.30600000002505,-21.02865055380378,64.59597709849677,-32.149428190460206,57.4394787949894,-26.589039372131992,61.017727946743086,-25.474564579751455,57.72698277130288
74.30000000001695,543.350000000017,175.4060000000252,-21.501647901757522,65.00279109916485,-30.02177819577187,58.806715138811235,-25.761713048764697,61.90475311898804,-25.602696996755782,57.66722972083035
74.40000000001686,543.4500000000169,175.5060000000251,-24.47586700626058,61.52837356697313,-26.18559268405974,59.65893410333176,-25.330729845160157,60.593653835152445,-25.716811785590078,57.598460528412964
74.500000000017,543.550000000017,175.60600000002523,-27.45008611019074,58.05395603568223,-27.436633901817025,58.751789571898385,-27.443360006003882,58.40287280379031,-25.816991847082345,57.53093920741492
74.6000000000169,543.6500000000169,175.70600000002514,-27.025178429502127,59.90838677688575,-30.294167768768787,57.28905656882663,-28.659673099135457,58.598721672856186,-25.91202937773625,57.47419890519434
74.70000000001704,543.750000000017,175.80600000002528,-26.600270748812548,61.76281751809348,-28.29571008465966,58.653950433464,-27.447990416736104,60.20838397577874,-26.010771965667313,57.4276215738771
74.80000000001695,543.850000000017,175.9060000000252,-25.636809984083843,61.9437290833766,-24.763781386549375,60.91177909719355,-25.20029568531661,61.42775409028508,-26.11681996970345,57.38266690376571
74.90000000001709,543.9500000000171,176.00600000002532,-24.134796135678997,60.45112147387749,-25.301039250556382,59.294988748003504,-24.71791769311769,59.8730551109405,-26.23149380056646,57.3311422759108
75.000000000017,544.050000000017,176.10600000002523,-22.632782287427407,58.95851386522311,-27.123303395559375,56.45463450169292,-24.87804284149339,57.70657418345802,-26.361497068222693,57.2676589441314
75.10000000001713,544.1500000000171,176.20600000002537,-22.009467086206236,62.399599299105645,-28.572660638724752,57.716828675228676,-25.291063862465492,60.058213987167164,-26.500251423155778,57.18837659692038
75.20000000001704,544.250000000017,176.30600000002528,-21.386151884986482,65.84068473298035,-29.904257807784425,60.27456445323303,-25.645204846385454,63.057624593106695,-26.636120423620245,57.10715810114724
75.30000000001718,544.3500000000172,176.40600000002541,-22.04180993431201,65.63425267432952,-27.58362142991039,59.36486215609363,-24.8127156821112,62.49955741521157,-26.765308160116966,57.02987592386455
75.40000000001709,544.4500000000171,176.50600000002532,-23.97644123330161,61.780303125658705,-24.109648144084954,57.36017941569344,-24.043044688693282,59.57024127067607,-26.889980825345322,56.96172463033092
75.50000000001722,544.5500000000172,176.60600000002546,-25.911072532430005,57.92635357802104,-25.57979035122361,55.618691489441645,-25.74543144182681,56.77252253373135,-27.020374632041523,56.89811855012705
75.60000000001713,544.6500000000171,176.70600000002537,-28.623420965292176,60.10186774337794,-28.611232185544576,53.96031771491586,-28.617326575418375,57.0310927291469,-27.145953118007334,56.842452778053875
75.70000000001727,544.7500000000173,176.8060000000255,-31.335769398160515,62.277381908739784,-27.919927003426373,54.581667846194264,-29.627848200793444,58.429524877467024,-27.272570521750232,56.78809603383058
75.80000000001718,544.8500000000172,176.90600000002541,-31.080641285985564,61.46144746040822,-26.053017501967332,55.92293078882703,-28.566829393976448,58.69218912461763,-27.409542857115355,56.728230330393224
75.90000000001731,544.9500000000173,177.00600000002555,-27.85803663081733,57.65406440044727,-27.961175986271787,56.44988578235818,-27.90960630854456,57.051975091402724,-27.548256075024007,56.6603029551322
76.00000000001722,545.0500000000172,177.10600000002546,-24.63543197656945,53.84668134134497,-31.061461201254144,56.71969089758275,-27.8484465889118,55.28318611946386,-27.675252598267807,56.58816473833134
76.10000000001736,545.1500000000174,177.2060000000256,-26.6964325810079,54.958152653513004,-29.642509341024894,56.434789565469906,-28.169470961016398,55.696471109491455,-27.79621589111883,56.51271596498189
76.20000000001727,545.2500000000173,177.3060000000255,-28.757433185441666,56.06962396567852,-26.796429985359623,55.974717776548864,-27.776931585400646,56.02217087111369,-27.925977763172238,56.44294743840306
76.3000000000174,545.3500000000174,177.40600000002564,-29.262796750946478,56.67257017272365,-26.49904649965596,54.8854656437645,-27.88092162530122,55.77901790824407,-28.061863474770455,56.38721753446077
76.40000000001731,545.4500000000173,177.50600000002555,-28.212523278602394,56.766991274999484,-27.00651434018313,53.597524981620396,-27.60951880939276,55.18225812830994,-28.198292622334332,56.337599693922975
76.50000000001745,545.5500000000175,177.6060000000257,-27.16224980632225,56.86141237759443,-30.174501705349996,55.26073665935682,-28.668375755836124,56.06107451847562,-28.3303190050148,56.27481979562327
76.60000000001736,545.6500000000174,177.7060000000256,-26.490848550652263,58.77729898977537,-34.18265312974153,57.85589117995396,-30.3367508401969,58.31659508486466,-28.461110025238142,56.186329942202285
76.7000000000175,545.7500000000175,177.80600000002573,-25.819447294980748,60.693185601960664,-32.580718591697895,56.735994704845496,-29.20008294333932,58.71459015340308,-28.594697833315553,56.09430431244282
76.8000000000174,545.8500000000174,177.90600000002564,-26.778122001235758,60.76997900584132,-29.207177962748798,54.44292423274563,-27.99264998199228,57.60645161929348,-28.73350362989475,56.01331191875263
76.90000000001754,545.9500000000176,178.00600000002578,-29.366872668280088,59.00767920270564,-27.5329575403988,54.04318252816091,-28.449915104339446,56.52543086543328,-28.881011112606004,55.94332675096422
77.00000000001745,546.0500000000175,178.1060000000257,-31.955623334529328,57.2453794004545,-26.395364550961524,54.2413341177408,-29.175493942745426,55.74335675909765,-29.035267120910788,55.87380411061308
77.10000000001759,546.1500000000176,178.20600000002582,-30.03663285099683,60.51251446871228,-27.732461899158587,55.072618471353906,-28.88454737507771,57.792566470033094,-29.18951420423198,55.79897555156918
77.2000000000175,546.2500000000175,178.30600000002573,-28.117642367468694,63.77964953696263,-29.85104040550243,56.10383948700883,-28.98434138648556,59.94174451198573,-29.341091447015405,55.72917273987018
77.30000000001763,546.3500000000176,178.40600000002587,-28.692302700607755,62.68403816525243,-28.7002467237131,54.03253847272453,-28.696274712160427,58.358288318988485,-29.485435814706584,55.657881624568056
77.40000000001754,546.4500000000176,178.50600000002578,-31.760613848653723,57.2256803566618,-26.517019720816563,50.98149366090159,-29.13881678473514,54.103587008781695,-29.620711527270956,55.57706816528923
77.50000000001768,546.5500000000177,178.60600000002592,-34.82892499626329,51.767322549294036,-26.166024215979025,51.572565343741616,-30.49747460612116,51.669943946517826,-29.756847251821902,55.486722605458915
77.60000000001759,546.6500000000176,178.70600000002582,-35.39724664776202,53.27412086782506,-26.39362813076348,53.31377907589858,-30.89543738926275,53.29394997186182,-29.905600748251075,55.389941362866
77.70000000001772,546.7500000000177,178.80600000002596,-35.96556829926203,54.78091918635952,-26.665203206453423,54.442494228635205,-31.31538575285773,54.61170670749736,-30.052339072639153,55.29537101860284
77.80000000001763,546.8500000000176,178.90600000002587,-34.57623969577535,54.11571768805519,-26.95066391188249,55.37778877761528,-30.76345180382892,54.74675323283523,-30.19042057568298,55.20670066002024
77.90000000001777,546.9500000000178,179.006000000026,-31.229260838684425,51.27851637444988,-27.648609849723027,54.49759079330968,-29.438935344203728,52.88805358387978,-30.32590532290299,55.11950214012696
78.00000000001768,547.0500000000177,179.10600000002592,-27.882281982387827,48.441315061968425,-28.47681428182227,53.04407937825677,-28.179548132105047,50.742697220112596,-30.460578593093334,55.02814568011485
78.10000000001781,547.1500000000178,179.20600000002605,-28.97123127028223,51.904601976824665,-28.634491633945085,53.94963857375509,-28.80286145211366,52.92712027528988,-30.592049262755804,54.92737916517824
78.20000000001772,547.2500000000177,179.30600000002596,-30.06018055817416,55.36788889167303,-28.580423592691936,55.6001674346806,-29.320302075433048,55.484028163176816,-30.736912920236453,54.831888187401404
78.30000000001786,547.3500000000179,179.4060000000261,-29.56371928225205,56.67822336901381,-28.691315647640764,57.01067884491894,-29.127517464946408,56.844451106966375,-30.894369271440663,54.75033399071777
78.40000000001777,547.4500000000178,179.506000000026,-27.481847443650064,55.835605410378136,-28.854300364473573,58.34539527083351,-28.16807390406182,57.09050034060582,-31.055396048569857,54.67848071065831
78.5000000000179,547.5500000000179,179.60600000002614,-25.3999756059989,54.99298745212491,-30.964103773220483,59.40093428006455,-28.18203968960969,57.19696086609473,-31.219947015702495,54.59824884848257
78.60000000001781,547.6500000000178,179.70600000002605,-28.637824590266312,56.29018433431057,-33.68869203116161,60.36831199993927,-31.16325831071396,58.329248167124916,-31.38282349027717,54.49659676440536
78.70000000001795,547.750000000018,179.8060000000262,-31.87567357454109,57.58738121649918,-34.08329223187009,59.39323562913826,-32.97948290320559,58.49030842281872,-31.52779131740871,54.38638031775612
78.80000000001786,547.8500000000179,179.9060000000261,-31.957704962883486,56.90806825557538,-33.74210673134603,57.80475270426749,-32.849905847114755,57.356410479921436,-31.660540378291547,54.27264917892929
78.900000000018,547.950000000018,180.00600000002623,-28.883918757561332,54.252245452956195,-32.89961594454569,55.86700526557178,-30.89176735105351,55.05962535926399,-31.79380741223436,54.16131372984636
79.0000000000179,548.0500000000179,180.10600000002614,-25.81013255284594,51.59642265094436,-31.898818225466293,53.81896377004248,-28.854475389156114,52.70769321049342,-31.937910245907403,54.057251131839415
79.10000000001804,548.150000000018,180.20600000002628,-26.075346103699943,52.288209436765385,-31.952408112125557,54.2982837141582,-29.013877107912748,53.293246575461794,-32.09698589653757,53.957322736336096
79.20000000001795,548.250000000018,180.3060000000262,-26.340559654553342,52.97999622258484,-32.33896250538212,55.57571779596223,-29.33976107996773,54.27785700927353,-32.26570802475525,53.85741846770137
79.30000000001809,548.3500000000181,180.40600000002632,-28.64956930072229,54.28991878127921,-31.96057610281042,56.28544310080987,-30.305072701766356,55.28768094104454,-32.431769817078845,53.74535767507013
79.400000000018,548.450000000018,180.50600000002623,-33.00237504071853,56.21797711239562,-31.340629449272747,56.81589195003202,-32.17150224499564,56.51693453121382,-32.58269990258586,53.628265524023746
79.50000000001813,548.5500000000181,180.60600000002637,-37.35518077896387,58.14603544332197,-30.780678160843983,56.22998120656923,-34.06792946990393,57.1880083249456,-32.715115579595555,53.50767524985217
79.60000000001804,548.650000000018,180.70600000002628,-32.02788437851116,59.00515073660279,-30.239672777160845,55.29153585539952,-31.133778577836004,57.14834329600116,-32.84739194137216,53.37885446676986
79.70000000001818,548.7500000000182,180.80600000002642,-26.70058797804633,59.86426602988556,-31.109141730480243,55.3411786928484,-28.904864854263288,57.602722361366986,-32.98877788677103,53.25452299968888
79.80000000001809,548.8500000000181,180.90600000002632,-25.512999676090487,59.18453112587993,-32.424023631681386,55.70284937888429,-28.968511653885937,57.44369025238211,-33.140281239588866,53.143426212253125
79.90000000001822,548.9500000000182,181.00600000002646,-28.46511946962619,56.965946025702465,-30.814028562879013,54.392339783602466,-29.639574016252602,55.679142904652466,-33.30030478958948,53.04585669502302
80.00000000001813,549.0500000000181,181.10600000002637,-31.417239262446145,54.74736092631205,-28.280388136467323,52.553773258144986,-29.848813699456734,53.65056709222851,-33.463195622538336,52.95641952825888
80.10000000001827,549.1500000000183,181.2060000000265,-30.471369839049377,56.82791878369801,-29.449545803734065,51.574439368538314,-29.96045782139172,54.201179076118166,-33.61437518451187,52.85821017144597
80.20000000001818,549.2500000000182,181.30600000002642,-29.525500415654758,58.90847664107924,-31.78800813046604,50.86644210038937,-30.6567542730604,54.887459370734305,-33.762255552949554,52.74302592288018
80.30000000001831,549.3500000000183,181.40600000002655,-30.004776144768694,59.280512090603104,-31.223368202739856,52.23326856712499,-30.614072173754273,55.756890328864046,-33.913514749923976,52.62670506163956
80.40000000001822,549.4500000000182,181.50600000002646,-31.909197025345605,57.9440251335188,-29.741959143357267,54.25530252813361,-30.825578084351434,56.0996638308262,-34.056140445314945,52.52467970966368
80.50000000001836,549.5500000000184,181.6060000000266,-33.81361790597203,56.607538176498004,-31.0556464148595,53.75435721062841,-32.43463216041577,55.18094769356321,-34.182563511686574,52.43483444102736
80.60000000001827,549.6500000000183,181.7060000000265,-35.963389008693035,55.632399653358014,-33.25199568430258,52.45668159580387,-34.60769234649781,54.04454062458095,-34.302418623126115,52.338686187338006
80.7000000000184,549.7500000000184,181.80600000002664,-38.11316011141893,54.65726113021581,-32.102458502581435,52.08326481430016,-35.10780930700018,53.37026297225798,-34.42792467364176,52.22337875819561
80.80000000001831,549.8500000000183,181.90600000002655,-38.29021840442227,54.07072508944736,-29.896325600981378,52.00171924289509,-34.09327200270182,53.03622216617123,-34.56567115529957,52.103934980631074
80.90000000001845,549.9500000000185,182.0060000000267,-36.494563889157135,53.87279153076373,-30.758806117993988,54.838655940498,-33.62668500357556,54.35572373563086,-34.716468024348245,51.99452914737956
81.00000000001836,550.0500000000184,182.1060000000266,-34.69890937413998,53.6748579722851,-32.59032244999602,58.597218616436244,-33.644615912068005,56.136038294360674,-34.87325641847217,51.89067014012548
81.1000000000185,550.1500000000185,182.20600000002673,-34.22751521830786,54.58758820901122,-33.06055992077454,56.595948744185115,-33.6440375695412,55.59176847659817,-35.02336836380072,51.787359578121844
81.2000000000184,550.2500000000184,182.30600000002664,-33.75612106247681,55.500318445735275,-33.10091985705615,52.77578438569407,-33.428520459766474,54.13805141571467,-35.168590822698164,51.68026016535063
81.30000000001854,550.3500000000186,182.40600000002678,-33.30676326676226,55.1965964270947,-34.366092303133264,53.70255128925045,-33.83642778494776,54.44957385817257,-35.30896324470687,51.57104440676245
81.40000000001845,550.4500000000185,182.5060000000267,-32.879441831149926,53.67642215399256,-36.01804764647136,56.12834911546988,-34.448744738810646,54.90238563473122,-35.44509972491546,51.45817987937238
81.50000000001859,550.5500000000186,182.60600000002682,-32.45212039596088,52.15624788095773,-35.39116416910442,55.63350432184472,-33.92164228253265,53.89487610140122,-35.57551703342611,51.3404349602404
81.6000000000185,550.6500000000185,182.70600000002673,-34.3002933093394,51.01557688340236,-34.04464738099197,54.216351333831724,-34.172470345165685,52.61596410861704,-35.69817577413107,51.225825336313946
81.70000000001863,550.7500000000186,182.80600000002687,-36.14846622272213,49.874905885844406,-33.46953437177164,54.66924647514039,-34.80900029724688,52.2720761804924,-35.828646283850425,51.111684597976875
81.80000000001854,550.8500000000186,182.90600000002678,-36.10104277946426,50.23824748560475,-33.13802255552977,55.7126831301034,-34.61953266749701,52.97546530785408,-35.96846863052157,51.00209685237095
81.90000000001868,550.9500000000187,183.00600000002692,-34.15802298097928,52.10560168156338,-32.835178682424576,55.9993535282085,-33.496600831701926,54.05247760488594,-36.11509101505275,50.898121197984324
82.00000000001859,551.0500000000186,183.10600000002682,-32.215003183473016,53.972955877030344,-32.54138784398173,56.04704510870881,-32.37819551372738,55.01000049286958,-36.262110054176866,50.79517894045622
82.10000000001872,551.1500000000187,183.20600000002696,-35.49753622823593,53.226043513172165,-35.419686451137096,56.63868301238216,-35.45861133968651,54.93236326277716,-36.41054354868055,50.695170892918746
82.20000000001863,551.2500000000186,183.30600000002687,-38.78006927299138,52.479131149315684,-39.29969751331333,57.402093438908054,-39.03988339315236,54.94061229411187,-36.556028134017744,50.603136945353754
82.30000000001877,551.3500000000188,183.406000000027,-39.24375167486412,53.71398664951406,-37.011938122986265,56.134272121609214,-38.12784489892519,54.92412938556164,-36.68996585533388,50.507435177703755
82.40000000001868,551.4500000000187,183.50600000002692,-36.88858343596711,56.9306100122747,-32.77646175053643,54.22500920194674,-34.83252259325177,55.57780960711072,-36.813909306372494,50.39471380942842
82.50000000001882,551.5500000000188,183.60600000002705,-34.53341519738051,60.14723337415294,-34.47501825968531,54.307775977685246,-34.50421672853291,57.22750467591909,-36.93551915015912,50.26940711764217
82.60000000001872,551.6500000000187,183.70600000002696,-33.85151175141817,58.64944289523182,-38.04747988656551,55.01960476156814,-35.94949581899184,56.83452382839998,-37.061664510724164,50.14068740424798
82.70000000001886,551.7500000000189,183.8060000000271,-33.16960830545428,57.1516524163073,-36.72383738309155,56.35186641466466,-34.94672284427291,56.75175941548598,-37.1956069657977,50.00618053401426
82.80000000001877,551.8500000000188,183.906000000027,-32.023289042774195,55.10727935792169,-33.854056735482956,57.880054236692494,-32.938672889128576,56.49366679730709,-37.335536945738134,49.865554970774255
82.9000000000189,551.9500000000189,184.00600000002714,-30.41255396372328,52.51632372047832,-33.61505499552181,56.38816386086852,-32.01380447962254,54.45224379067342,-37.473519475261675,49.72270951253414
83.00000000001882,552.0500000000188,184.10600000002705,-28.80181888525986,49.92536808374658,-34.206825540955656,53.94256458187765,-31.504322213107756,51.93396633281211,-37.61233937273205,49.585890723211214
83.10000000001895,552.150000000019,184.2060000000272,-30.284751910493164,51.07404124412126,-36.03176369975414,53.92990303480879,-33.158257805123654,52.501972139465025,-37.77348243179587,49.44786246598106
83.20000000001886,552.2500000000189,184.3060000000271,-31.767684935723093,52.22271440449334,-38.24612320955764,54.685537612469034,-35.00690407264037,53.45412600848118,-37.93677202324346,49.31996075489409
83.300000000019,552.350000000019,184.40600000002723,-33.76126513597389,51.784613765866084,-37.80098229766975,53.70402285151178,-35.781123716821824,52.74431830868893,-38.08588630065123,49.21436521532435
83.4000000000189,552.4500000000189,184.50600000002714,-36.265492510848695,49.759739329446525,-36.515999148602944,52.173934616020134,-36.390745829725816,50.96683697273333,-38.23097829611854,49.11520163963224
83.50000000001904,552.550000000019,184.60600000002728,-38.76971988483546,47.73486489361821,-36.32288244063441,54.84068265554636,-37.546301162734935,51.287773774582284,-38.37468378193053,49.00548517447411
83.60000000001895,552.650000000019,184.7060000000272,-36.59455709221444,48.82970049853997,-36.474565660920625,58.83274741151681,-36.53456137656753,53.83122395502839,-38.5070486294958,48.89241308915648
83.70000000001909,552.7500000000191,184.80600000002732,-34.41939429958847,49.92453610346423,-37.694353130841385,56.84975260920128,-36.05687371521493,53.387144356332755,-38.62731526899969,48.77851036221968
83.800000000019,552.850000000019,184.90600000002723,-33.35136120069399,48.84175572561715,-39.251436679086886,52.97989689656573,-36.30139893989043,50.91082631109144,-38.74707325642856,48.65975318684558
83.90000000001913,552.9500000000191,185.00600000002737,-33.39045779468032,45.58135936665746,-38.350744536325564,54.07147952180262,-35.87060116550295,49.82641944423004,-38.87510177118661,48.53886136616379
84.00000000001904,553.050000000019,185.10600000002728,-33.42955438869884,42.320963008850605,-36.673912702829995,56.7298321461281,-35.05173354576442,49.52539757748936,-39.01239873947541,48.414346781053716
84.10000000001918,553.1500000000192,185.20600000002742,-33.637623056881324,45.0577341953281,-36.60638923213699,56.2051530306869,-35.12200614450916,50.631443613007505,-39.15184001994084,48.29479923066541
84.20000000001909,553.2500000000191,185.30600000002732,-33.84569172506334,47.794505381799375,-37.0470684015681,54.67530599893157,-35.446380063315715,51.23490569036547,-39.287282492712606,48.174884085297535
84.30000000001922,553.3500000000192,185.40600000002746,-34.637662202463005,50.48919363675298,-37.844494180518865,54.60043952164937,-36.241078191490935,52.544816579201175,-39.41866942052916,48.04879503131825
84.40000000001913,553.4500000000191,185.50600000002737,-36.013534488628,53.141798960209,-38.75457678335718,54.985040587196394,-37.38405563599259,54.0634197737027,-39.5589003170166,47.91943792351727
84.50000000001927,553.5500000000193,185.6060000000275,-37.389406774684325,55.794404282975215,-38.16505666719278,55.89029971348881,-37.77723172093855,55.84235199823201,-39.7092550100028,47.7838961480715
84.60000000001918,553.6500000000192,185.70600000002742,-38.186885915481206,54.8465758056364,-37.10197779837229,56.95997717450375,-37.644431856926744,55.90327649007007,-39.86468053773204,47.649826855859004
84.70000000001932,553.7500000000193,185.80600000002755,-38.98436505627989,53.89874732829542,-34.369415710367406,54.375045483420834,-36.67689038332365,54.136896405858124,-40.01578252692326,47.5341818852195
84.80000000001922,553.8500000000192,185.90600000002746,-40.1359721326243,54.49052410919596,-31.109648396053498,50.636026693420554,-35.6228102643389,52.56327540130826,-40.16280706047857,47.42707837267174
84.90000000001936,553.9500000000194,186.0060000000276,-41.64170714424592,56.62190614715047,-32.22963186413927,49.16433369095766,-36.935669504192596,52.893119919054065,-40.30014855826727,47.30997502544661
85.00000000001927,554.0500000000193,186.1060000000275,-43.14744215487,58.753288184513394,-34.73269452457944,48.40863830453726,-38.94006833972472,53.58096324452533,-40.42012534318002,47.18141005805994
85.1000000000194,554.1500000000194,186.20600000002764,-39.50945350332415,57.84881879008636,-34.331003219146616,49.347736904105716,-36.92022836123539,53.59827784709604,-40.53548269720791,47.04861133689194
85.20000000001932,554.2500000000193,186.30600000002755,-35.871464851786584,56.94434939566138,-33.012021189035025,50.82203360370175,-34.441743020410804,53.883191499681566,-40.66395616812932,46.915094100809945
85.30000000001945,554.3500000000195,186.4060000000277,-36.23071469650751,56.510496650581835,-36.480285904661415,49.93356287971944,-36.35550030058447,53.22202976515064,-40.806968486336004,46.78730112526573
85.40000000001936,554.4500000000194,186.5060000000276,-40.58720303437699,56.54726055448372,-41.46031274822521,48.29895507573769,-41.0237578913011,52.423107815110704,-40.95574552621422,46.66322242869862
85.5000000000195,554.5500000000195,186.60600000002773,-44.943691369945654,56.58402445766152,-39.8947643156286,47.80954112259949,-42.41922784278712,52.196782790130506,-41.107048917137284,46.53517891250268
85.6000000000194,554.6500000000194,186.70600000002764,-37.483163685313805,52.9173948190663,-36.26219211474865,47.68176733233925,-36.87267790003123,50.299581075702775,-41.254803247075124,46.38616218785622
85.70000000001954,554.7500000000196,186.80600000002778,-30.022636000664985,49.250765180462736,-37.633514835264926,47.1406923393134,-33.82807541796495,48.19572875988807,-41.40016025674643,46.23452407706509
85.80000000001945,554.8500000000195,186.9060000000277,-28.180364336170523,47.62490519370337,-40.58501489697739,46.46910117719286,-34.382689616573956,47.04700318544812,-41.5455544634434,46.09172952414614
85.90000000001959,554.9500000000196,187.00600000002783,-31.956348687427635,48.039814857184574,-39.340358523895176,48.04618418625427,-35.648353605661406,48.04299952171942,-41.68297360427411,45.951621829090044
86.0000000000195,555.0500000000195,187.10600000002773,-35.73233303842762,48.45472452051758,-36.770600120789666,50.333374827236824,-36.251466579608646,49.394049673877205,-41.81153969383481,45.80390938291304
86.10000000001963,555.1500000000196,187.20600000002787,-38.23728322126316,48.11657051452936,-37.575534280809705,50.555787627258475,-37.90640875103644,49.33617907089392,-41.929895230751015,45.65828608057491
86.20000000001954,555.2500000000196,187.30600000002778,-40.742233404093,47.7784165085419,-39.44616082756019,50.12616532060035,-40.094197115826596,48.95229091457112,-42.055088537154866,45.514049172405805
86.30000000001968,555.3500000000197,187.40600000002792,-42.872053901983406,47.97231912142927,-40.66436497396607,50.659082772948295,-41.76820943797474,49.31570094718879,-42.20044457931125,45.371726607071466
86.40000000001959,555.4500000000196,187.50600000002783,-44.626744715219814,48.698278352772014,-41.676540994257714,51.49596014872803,-43.15164285473877,50.097119250750026,-42.35771424273809,45.23990653240475
86.50000000001972,555.5500000000197,187.60600000002796,-46.38143552802634,49.424237583756785,-42.436927742587756,50.98190085678625,-44.40918163530705,50.203069220271516,-42.5111862164061,45.12310193309345
86.60000000001963,555.6500000000196,187.70600000002787,-45.942813907321096,48.33223551805842,-43.11780208936488,50.04122998621705,-44.53030799834299,49.18673275213773,-42.65081858849837,45.009260438143095
86.70000000001977,555.7500000000198,187.806000000028,-45.50419228661485,47.24023345235757,-44.77195197924315,49.993511620223096,-45.138072132929,48.61687253629033,-42.785698292249094,44.87527906033197
86.80000000001968,555.8500000000197,187.90600000002792,-44.439813498745295,46.86161721760329,-46.73345204015175,50.22777825524256,-45.58663276944852,48.544697736422926,-42.91725386560538,44.72966595596655
86.90000000001982,555.9500000000198,188.00600000002805,-42.749677544202704,47.19638681322939,-43.86238384421311,49.774210981127744,-43.306030694207905,48.485298897178566,-43.056691891227246,44.5849445826561
87.00000000001972,556.0500000000197,188.10600000002796,-41.05954158965768,47.5311564090647,-39.46524146424806,49.10343299919937,-40.26239152695287,48.31729470413204,-43.21187357522156,44.44010177310042
87.10000000001986,556.1500000000199,188.2060000000281,-39.33763214715801,48.92742316124465,-38.845799847048006,50.73761089583988,-39.09171599710301,49.83251702854226,-43.351836730078446,44.29629849631553
87.20000000001977,556.2500000000198,188.306000000028,-37.61572270466226,50.32368991342142,-39.41931636362859,53.09966959511677,-38.51751953414542,51.7116797542691,-43.47423242396312,44.15009652938667
87.3000000000199,556.3500000000199,188.40600000002814,-39.140840701433305,50.5794616122606,-38.64162207361627,52.69204839796774,-38.89123138752478,51.63575500511417,-43.598100116429755,43.99809748424677
87.40000000001982,556.4500000000198,188.50600000002805,-43.91298613488021,49.69473825866864,-37.43722963481155,51.40979144539778,-40.67510788484588,50.55226485203321,-43.734189814034195,43.83919454485405
87.50000000001995,556.55000000002,188.6060000000282,-48.68513156686831,48.81001490501592,-39.920964338051895,49.760894112233494,-44.303047952460105,49.28545450862471,-43.87401159868508,43.68349898730074
87.60000000001986,556.6500000000199,188.7060000000281,-46.11230302566225,47.63162960594111,-43.569370768558436,47.996215606433154,-44.84083689711034,47.813922606187134,-44.01404526645927,43.53117627036742
87.70000000002,556.75000000002,188.80600000002823,-43.53947448445034,46.453244306863624,-44.68713249556125,45.64533546538399,-44.11330349000579,46.0492898861238,-44.15539959858736,43.3650593738891
87.8000000000199,556.8500000000199,188.90600000002814,-44.101809980743205,45.77622593717077,-45.005743264792486,43.109339018759414,-44.55377662276784,44.442782477965096,-44.29858817777044,43.184404222624174
87.90000000002004,556.95000000002,189.00600000002828,-47.79930951203417,45.600574496458215,-44.35205558952115,43.1447047493165,-46.07568255077766,44.37263962288736,-44.448329693379634,43.008929664001954
88.00000000001995,557.05000000002,189.1060000000282,-51.49680904186256,45.42492305599998,-43.391326300672524,43.99207958720313,-47.44406767126755,44.70850132160156,-44.601716936979756,42.85244662601183
88.10000000002009,557.1500000000201,189.20600000002833,-47.92671404196133,46.5183609472654,-42.772587295359145,45.84877206189461,-45.34965066866024,46.18356650458,-44.741439973122304,42.70232186752672
88.20000000002,557.25000000002,189.30600000002823,-44.35661904206822,47.61179883852832,-42.2618452215232,48.024196421394095,-43.30923213179571,47.81799762996121,-44.86178875110427,42.551434033748315
88.30000000002013,557.3500000000201,189.40600000002837,-42.42197995256551,47.29845268412729,-44.8159915811578,47.764989272773555,-43.618985766861655,47.53172097845042,-44.97661205808669,42.39868970303624
88.40000000002004,557.45000000002,189.50600000002828,-42.12279677214563,45.578322485196054,-48.337997444592,46.73695112278053,-45.23039710836881,46.1576368039883,-45.10319805098296,42.24209728119015
88.50000000002018,557.5500000000202,189.60600000002842,-41.82361359212872,43.858192286349095,-49.6020906135005,45.891530999285266,-45.71285210281461,44.87486164281718,-45.240654907880135,42.08659540464769
88.60000000002009,557.6500000000201,189.70600000002833,-43.5192020736635,42.573864789372585,-50.15315872208278,45.103779726175986,-46.836180397873136,43.83882225777428,-45.37219658035176,41.94174941040018
88.70000000002022,557.7500000000202,189.80600000002846,-45.214790555202136,41.289537292393156,-49.62679817806148,45.899892428832246,-47.42079436663181,43.5947148606127,-45.49664740641902,41.80101090565228
88.80000000002013,557.8500000000201,189.90600000002837,-45.88879565398612,41.40671300226821,-48.760197007432936,47.196172702002606,-47.32449633070953,44.30144285213541,-45.61876396815482,41.65694453180319
88.90000000002027,557.9500000000203,190.0060000000285,-45.541217370845445,42.92539191786385,-48.48691331212063,45.976615503312075,-47.01406534148303,44.45100371058796,-45.741359696087414,41.508776845151324
89.00000000002018,558.0500000000202,190.10600000002842,-45.19363908802161,44.444070832365945,-48.4009930297752,43.96258331474809,-46.7973160588984,44.20332707355702,-45.86568784509619,41.35828576551147
89.10000000002032,558.1500000000203,190.20600000002855,-46.40786405715235,40.57598190337503,-48.43527177205719,42.707382003278376,-47.42156791460477,41.6416819533267,-45.98260617653089,41.20165076884091
89.20000000002022,558.2500000000202,190.30600000002846,-47.62208902628033,36.707892974392905,-48.50750810100432,41.69181149473154,-48.06479856364233,39.19985223456222,-46.0943010164978,41.03904672075201
89.30000000002036,558.3500000000204,190.4060000000286,-49.557901115661714,36.90357486131298,-49.35578899700076,42.146320758560776,-49.45684505633123,39.524947809936876,-46.21663656934158,40.87947272959038
89.40000000002027,558.4500000000203,190.5060000000285,-52.21530032470034,41.16302756082647,-50.449136597995974,43.0650657392562,-51.332218461348155,42.11404665004133,-46.35312464347583,40.71997016696936
89.5000000000204,558.5500000000204,190.60600000002864,-54.87269953301702,45.42248025949583,-50.560246297602106,41.66493443170855,-52.716472915309566,43.543707345602186,-46.49713247370205,40.55766136808952
89.60000000002032,558.6500000000203,190.70600000002855,-53.972660218616035,45.50961437718579,-50.36117560778088,39.532526402707774,-52.16691791319846,42.521070389946786,-46.637485722917944,40.39716451387564
89.70000000002045,558.7500000000205,190.8060000000287,-53.07262090421301,45.596748494875946,-51.45452859662182,39.82548084477974,-52.26357475041742,42.71111466982784,-46.77800392598797,40.22942522242842
89.80000000002036,558.8500000000204,190.9060000000286,-51.70486899137125,45.34690631766402,-52.956015378081375,40.884339223883586,-52.33044218472631,43.115622770773804,-46.91400295953916,40.04967142393806
89.9000000000205,558.9500000000205,191.00600000002873,-49.86940448046739,44.7600878458247,-51.43081339343522,39.09685352369032,-50.650108936951305,41.928470684757514,-47.04659567787209,39.86818244518455
90.0000000000204,559.0500000000204,191.10600000002864,-48.033939969973105,44.173269373734406,-48.94981495783914,36.41052232618757,-48.49187746390612,40.29189584996099,-47.172523503667364,39.69060704809921
90.10000000002054,559.1500000000206,191.20600000002878,-48.17960940163699,42.3534727838392,-49.549256723255894,36.32979742054756,-48.86443306244644,39.34163510219338,-47.28973621754758,39.52562473661692
90.20000000002045,559.2500000000205,191.3060000000287,-48.32527883330053,40.53367619394814,-51.12146907693478,37.07189555314957,-49.72337395511765,38.802785873548856,-47.40758463557087,39.36349061176433
90.30000000002059,559.3500000000206,191.40600000002883,-48.231879717886535,40.09271201858615,-50.43099227605569,37.86345289731544,-49.33143599697111,38.97808245795079,-47.527436278143604,39.202658319775075
90.4000000000205,559.4500000000205,191.50600000002873,-47.8994120555922,41.03058025662033,-49.02598205907449,38.670628939842956,-48.462697057333344,39.85060459823164,-47.65364951146634,39.03834207304471
90.50000000002063,559.5500000000206,191.60600000002887,-47.566944394012516,41.96844849355729,-48.24489487722879,39.43506083976084,-47.90591963562065,40.70175466665906,-47.789547225258794,38.87699973126141
90.60000000002054,559.6500000000206,191.70600000002878,-50.692062195420476,37.59307816010107,-47.66083602195958,40.18599458939995,-49.17644910869003,38.889536374750506,-47.9260084089529,38.72185654126824
90.70000000002068,559.7500000000207,191.80600000002892,-53.81717999683554,33.21770782663491,-49.80487963293909,40.69036391324549,-51.81102981488732,36.9540358699402,-48.053763882813314,38.55574039255277
90.80000000002059,559.8500000000206,191.90600000002883,-55.010807066824945,33.4514645353447,-52.810429284524105,41.11687078696197,-53.91061817567453,37.28416766115333,-48.17649160718025,38.3798169895077
90.90000000002073,559.9500000000207,192.00600000002896,-54.2729434069927,38.29434828241683,-53.50238329072058,38.85352146997048,-53.88766334885664,38.573934876193654,-48.29977744254933,38.200843770491524
91.00000000002063,560.0500000000206,192.10600000002887,-53.535079746671414,43.13723202785882,-53.46372814689531,35.74074388357948,-53.49940394678336,39.438987955719156,-48.43325226089496,38.024512004977325
91.10000000002077,560.1500000000208,192.206000000029,-50.42558070745218,40.15487395000855,-52.80722878862387,35.244840480195506,-51.61640474803802,37.69985721510203,-48.57338391756121,37.84731801432038
91.20000000002068,560.2500000000207,192.30600000002892,-47.31608166824,37.172515872165064,-51.95562073136481,35.57531839645288,-49.6358511998024,36.37391713430897,-48.69592411376654,37.66520224387608
91.30000000002082,560.3500000000208,192.40600000002905,-47.57624744120423,36.949987823468646,-51.11156778336677,34.74102686366198,-49.343907612285506,35.845507343565316,-48.80287156313825,37.481021521448035
91.40000000002073,560.4500000000207,192.50600000002896,-51.20607802353949,39.48728980162362,-50.26990065934464,33.53891340017871,-50.737989341442066,36.513101600901166,-48.91265771890364,37.29573715580262
91.50000000002086,560.5500000000209,192.6060000000291,-54.835908605453035,42.02459177887085,-51.16351515318797,34.317350662836304,-52.9997118793205,38.17097122085357,-49.035535403524705,37.112979017112444
91.60000000002077,560.6500000000208,192.706000000029,-56.410307190224366,40.19487066487771,-52.605113314957194,35.721224995910305,-54.50771025259078,37.95804783039401,-49.17036487561049,36.936395202917275
91.7000000000209,560.7500000000209,192.80600000002914,-57.98470577499927,38.36514955088042,-54.394117772173814,32.39497255035395,-56.18941177358654,35.380061050617186,-49.30815118820979,36.75600144295282
91.80000000002082,560.8500000000208,192.90600000002905,-56.3989143815248,36.51682330734594,-56.29282948040427,27.574995861303293,-56.345871930964535,32.04590958432462,-49.448525234401515,36.570633789928934
91.90000000002095,560.950000000021,193.0060000000292,-51.65293301243796,34.649891934281435,-55.505630690437016,30.87755045021061,-53.579281851437486,32.763721192246024,-49.58647726365996,36.38432439148509
92.00000000002086,561.0500000000209,193.1060000000291,-46.90695164493347,32.78296056210771,-53.87024963923556,36.745114912268704,-50.38860064208451,34.764037737188204,-49.718273126701106,36.20003532104765
92.100000000021,561.150000000021,193.20600000002923,-49.673766979343284,35.15413904519759,-54.39575282600325,35.59520935138982,-52.03475990267327,35.374674198293704,-49.848594804539786,36.00931557787697
92.2000000000209,561.2500000000209,193.30600000002914,-52.440582313746816,37.525317528282066,-55.60364050788015,32.229260628916165,-54.02211141081348,34.87728907859912,-49.98354297144709,35.81257172518852
92.30000000002104,561.350000000021,193.40600000002928,-54.586805594594054,39.25151300324354,-56.330111682532454,33.057304586907165,-55.45845863856326,36.154408795075355,-50.117868421551606,35.610335857941394
92.40000000002095,561.450000000021,193.5060000000292,-56.11243682239734,40.33272547061675,-56.904556591986314,35.20976728397743,-56.508496707191824,37.77124637729709,-50.25395314448738,35.4032878236558
92.50000000002109,561.5500000000211,193.60600000002933,-57.63806804943877,41.41393793704541,-53.69592903048315,34.34885442869948,-55.66699853996096,37.88139618287245,-50.39247323645201,35.19623560370317
92.600000000021,561.650000000021,193.70600000002923,-55.54439928690824,38.0166119467077,-49.2926470063907,32.53634929525968,-52.41852314664947,35.27648062098369,-50.523034922751826,34.98860193506226
92.70000000002113,561.7500000000211,193.80600000002937,-53.45073052437294,34.61928595636227,-52.035936052933714,31.751570452940445,-52.74333328865333,33.18542820465136,-50.64487088457634,34.77364169109796
92.80000000002104,561.850000000021,193.90600000002928,-51.53301096172112,33.84703349648715,-57.03603701288879,31.291336754667,-54.28452398730495,32.56918512557708,-50.76392357368274,34.55595424122238
92.90000000002118,561.9500000000212,194.00600000002942,-49.79124059879523,35.69985456485848,-56.54263173920806,32.23921139389532,-53.166936169001644,33.96953297937689,-50.88906091166482,34.34260465386662
93.00000000002109,562.0500000000211,194.10600000002933,-48.04947023655736,37.55267563214877,-54.314435026115305,33.631751823196375,-51.18195263133633,35.59221372767257,-51.01545389991991,34.13060821799389
93.10000000002123,562.1500000000212,194.20600000002946,-49.54271752450456,34.31312114303339,-54.023156305489664,31.987965617534986,-51.78293691499711,33.15054338028419,-51.13683606466313,33.915678856464595
93.20000000002113,562.2500000000211,194.30600000002937,-51.035964812448356,31.07356665392538,-54.34353589729089,29.385339423433926,-52.68975035486962,30.22945303867965,-51.25763407607324,33.70349802191609
93.30000000002127,562.3500000000213,194.4060000000295,-53.929412324872914,29.771432143644333,-55.99324718962294,31.973314577594753,-54.961329757247924,30.87237336061954,-51.38422105175821,33.49738200958758
93.40000000002118,562.4500000000212,194.50600000002942,-58.22306006057437,30.406717610548636,-58.06274743933597,36.20042699697875,-58.14290374995517,33.303572303763694,-51.514974587889554,33.29865221139541
93.50000000002132,562.5500000000213,194.60600000002955,-62.5167077949762,31.04200307763747,-57.76136218174231,34.73013353260273,-60.139034988359256,32.8860683051201,-51.64605138335245,33.10041756574705
93.60000000002123,562.6500000000212,194.70600000002946,-60.68402214796251,32.53392489694343,-56.7112762388404,31.460659265737963,-58.69764919340145,31.997292081340696,-51.77120997202283,32.89227817554676
93.70000000002136,562.7500000000214,194.8060000000296,-58.85133650094465,34.025846716252794,-55.74219817778153,30.914428353547112,-57.296767339363086,32.470137534899955,-51.89037160938094,32.684258122300754
93.80000000002127,562.8500000000213,194.9060000000295,-58.13821891288403,33.38076564522889,-54.79870155305567,31.2281690256533,-56.468460232969846,32.304467335441096,-52.007962966365056,32.47704307469455
93.90000000002141,562.9500000000214,195.00600000002964,-58.54466938282026,30.598681685695773,-54.534131471026264,31.39106122629074,-56.539400426923265,30.994871455993255,-52.12493112688201,32.26374355058686
94.00000000002132,563.0500000000213,195.10600000002955,-58.951119852428235,27.816597727437692,-54.483959244238854,31.506317067593645,-56.71753954833355,29.66145739751567,-52.23860669640698,32.043262302464655
94.10000000002145,563.1500000000215,195.2060000000297,-57.82606311066434,30.970514116078352,-54.885980359650524,30.158122447616027,-56.356021735157434,30.56431828184719,-52.34516286531313,31.822214029776557
94.20000000002136,563.2500000000214,195.3060000000296,-56.70100636890301,34.124430504711846,-55.43079937236588,28.347785577461476,-56.065902870634446,31.23610804108666,-52.449926469545666,31.604099768377818
94.3000000000215,563.3500000000215,195.40600000002974,-56.101114706381836,35.97403998360796,-55.987226485342504,29.45290360271364,-56.04417059586217,32.7134717931608,-52.560224678875585,31.387947801099482
94.40000000002141,563.4500000000214,195.50600000002964,-56.02638812265218,36.519342553879305,-56.547319314183476,31.47869159343801,-56.28685371841783,33.999017073658656,-52.67600942416755,31.173616894321267
94.50000000002154,563.5500000000216,195.60600000002978,-55.95166153872348,37.06464512433189,-55.80371604368549,29.887198673574158,-55.877688791204484,33.475921898953025,-52.79798647559379,30.96026330064209
94.60000000002145,563.6500000000215,195.7060000000297,-54.95619934352978,38.44325486675671,-54.64841926880512,27.15340652065094,-54.80230930616745,32.798330693703825,-52.91730693300998,30.742235633841606
94.70000000002159,563.7500000000216,195.80600000002983,-53.96073714833383,39.82186460918467,-54.34781633273268,28.780211825212994,-54.15427674053325,34.30103821719884,-53.01898241774122,30.522905691562777
94.8000000000215,563.8500000000215,195.90600000002974,-53.38982898056088,37.685609854873135,-54.31711671373946,31.78404790357351,-53.85347284715017,34.73482887922332,-53.10800755533509,30.301223933669753
94.90000000002163,563.9500000000216,196.00600000002987,-53.24347483984151,32.03449060684931,-54.31721261423471,32.197483745794834,-53.780343727038115,32.11598717632207,-53.20663194278982,30.077506766198617
95.00000000002154,564.0500000000216,196.10600000002978,-53.09712069976971,26.3833713598573,-54.32703341560521,31.792898462147775,-53.71207705768746,29.088134911002538,-53.32449403361841,29.853155635079634
95.10000000002168,564.1500000000217,196.20600000002992,-55.947126181031805,25.449594410569027,-54.17945664853159,30.495178427446756,-55.0632914147817,27.97238641900789,-53.45208941305787,29.625790724761945
95.20000000002159,564.2500000000216,196.30600000002983,-58.79713166228741,24.515817461282875,-53.982175386241536,28.915415840246276,-56.389653524264475,26.715616650764574,-53.567594742303676,29.399454786942723
95.30000000002173,564.3500000000217,196.40600000002996,-58.81035888598063,25.326393768271004,-55.124709876231364,25.906977768939388,-56.96753438110599,25.616685768605194,-53.67690103784119,29.16954921022037
95.40000000002163,564.4500000000216,196.50600000002987,-55.98680785457531,27.88132333001464,-56.69034407677173,22.447379019188237,-56.33857596567352,25.16435117460144,-53.79643503237813,28.93351014081348
95.50000000002177,564.5500000000218,196.60600000003,-53.16325682479422,30.436252891258896,-59.772579644979984,23.716763577424096,-56.4679182348871,27.076508234341496,-53.92555188339257,28.698065754190825
95.60000000002168,564.6500000000217,196.70600000002992,-57.81011714887575,30.676749462890836,-63.333741960078456,26.479511283098542,-60.5719295544771,28.57813037299469,-54.06264329207022,28.479509807749558
95.70000000002182,564.7500000000218,196.80600000003005,-62.45697747296784,30.917246034523323,-58.71995001477447,30.52683983115807,-60.58846374387116,30.722042932840697,-54.199635627629625,28.267947136583714
95.80000000002173,564.8500000000217,196.90600000002996,-63.535794969443465,31.025400881429693,-51.52459357043962,34.97982548666079,-57.530194269941546,33.002613184045245,-54.323017724626006,28.04781250042055
95.90000000002186,564.9500000000219,197.0060000000301,-61.04656964142283,31.00121400372598,-52.599454746411574,32.32067652583733,-56.8230121939172,31.660945264781652,-54.43112214701683,27.81892242342958
96.00000000002177,565.0500000000218,197.10600000003,-58.557344313542224,30.977027126082742,-56.28596358765708,27.415590321453465,-57.42165395059965,29.196308723768105,-54.533844483177226,27.594496418893307
96.10000000002191,565.1500000000219,197.20600000003014,-56.683710194995506,31.229654554952248,-55.09525547039315,27.01880391439403,-55.88948283269433,29.124229234673138,-54.643285155934755,27.374242836477674
96.20000000002182,565.2500000000218,197.30600000003005,-54.81007607645305,31.482281983821178,-52.36437357929836,28.04569112519841,-53.5872248278757,29.763986554509792,-54.761381658587474,27.144546234400735
96.30000000002195,565.350000000022,197.4060000000302,-54.595752717514955,30.692612359963867,-53.024259577566745,29.037353822806644,-53.81000614754085,29.864983091385255,-54.875535728867945,26.914226278142856
96.40000000002186,565.4500000000219,197.5060000000301,-56.040740116725885,28.860645684298696,-54.754914381235025,30.01789298994726,-55.397827248980455,29.43926933712298,-54.982293397819824,26.691300373461175
96.500000000022,565.550000000022,197.60600000003024,-57.48572751594451,27.02867900973019,-57.01723530033607,30.093171688541286,-57.25148140814029,28.560925349135736,-55.08680173702592,26.470696826703335
96.60000000002191,565.6500000000219,197.70600000003014,-58.95074073130754,30.18798140298048,-59.44745078192125,29.882578660697863,-59.1990957566144,30.03528003183917,-55.201226800802324,26.25591665763473
96.70000000002204,565.750000000022,197.80600000003028,-60.415753946673895,33.34728379623795,-57.017604623430266,26.878186591332636,-58.71667928505208,30.112735193785294,-55.3208269213113,26.043128861668237
96.80000000002195,565.850000000022,197.9060000000302,-60.27108382212523,33.274996941722826,-53.05300216009411,22.9915421945349,-56.66204299110967,28.133269568128863,-55.43581343925545,25.82387510851622
96.90000000002209,565.9500000000221,198.00600000003033,-58.51673035908095,29.971120842285718,-55.65866057148224,24.170239831360533,-57.0876954652816,27.070680336823123,-55.5391888341902,25.591170146202618
97.000000000022,566.050000000022,198.10600000003024,-56.76237689684431,26.667244744057243,-60.33913820302264,26.948519160361265,-58.55075754993348,26.807881952209254,-55.637954492875316,25.34955264585569
97.10000000002213,566.1500000000221,198.20600000003037,-58.6517710431696,28.809339281176886,-59.45928269743379,28.85420826410903,-59.0555268703017,28.831773772642958,-55.737192516332705,25.1080332777404
97.20000000002204,566.250000000022,198.30600000003028,-60.541165189490606,30.951433818291658,-56.82353251987886,30.484342560333808,-58.68234885468473,30.71788818931273,-55.83511727869602,24.874924396294272
97.30000000002218,566.3500000000222,198.40600000003042,-59.51361948493272,30.320658943591425,-57.218998651858804,28.72377078790858,-58.366309068395765,29.52221486575,-55.939958419018446,24.65158013700447
97.40000000002209,566.4500000000221,198.50600000003033,-55.569133932087226,26.917014659537923,-58.5716909852584,25.89244973243055,-57.07041245867281,26.404732195984238,-56.05642172012018,24.422481592070667
97.50000000002223,566.5500000000222,198.60600000003046,-51.62464838117172,23.513370376101054,-56.6234392547469,25.00310011425646,-54.124043817959304,24.258235245178756,-56.17451864151252,24.177404761088972
97.60000000002213,566.6500000000221,198.70600000003037,-56.38177786418367,22.911806373111922,-53.63278413737265,24.727004633160345,-55.007281000778164,23.81940550313613,-56.28046797978967,23.932398948307274
97.70000000002227,566.7500000000223,198.8060000000305,-61.13890734720644,22.310242370121422,-55.49039226320114,24.120425838981138,-58.314649805203786,23.21533410455128,-56.38941847177157,23.6917883320625
97.80000000002218,566.8500000000222,198.90600000003042,-63.38662285359061,23.344418256965376,-58.87903088432462,23.409483893477844,-61.132826868957615,23.376951075221612,-56.509148999504,23.452246020462532
97.90000000002232,566.9500000000223,199.00600000003055,-63.12492438558305,26.014334032190536,-61.07978412273508,24.301862429220613,-62.10235425415907,25.158098230705576,-56.621116515692165,23.213212473233078
98.00000000002223,567.0500000000222,199.10600000003046,-62.86322591754217,28.68424980641716,-62.90541566196092,25.70055269503547,-62.88432078975154,27.192401250726313,-56.70999835421095,22.968843585497943
98.10000000002236,567.1500000000224,199.2060000000306,-62.44929024122644,26.900166386024047,-61.8361829108235,22.880944013515183,-62.14273657602497,24.890555199769615,-56.79225231665733,22.718659905976274
98.20000000002227,567.2500000000223,199.3060000000305,-62.03535456491166,25.116082965634988,-59.85278249057688,18.729240929809166,-60.944068527744264,21.922661947722077,-56.8938353800502,22.474304319805423
98.30000000002241,567.3500000000224,199.40600000003064,-61.15937426670164,22.920044256162008,-58.560418426424505,20.438445108451383,-59.859896346563076,21.679244682306695,-57.0087385416756,22.243883383646327
98.40000000002232,567.4500000000223,199.50600000003055,-59.8213493470143,20.31205025798414,-57.48627636909842,23.9984621036797,-58.653812858056355,22.15525618083192,-57.12805025586392,22.03020160184394
98.50000000002245,567.5500000000225,199.6060000000307,-58.483324427144844,17.70405626101403,-56.749961135603144,24.774483099205103,-57.616642781374,21.239269680109565,-57.24923198844954,21.82499881427678
98.60000000002236,567.6500000000224,199.7060000000306,-56.349808119214465,20.4878515101411,-56.12032805682514,24.67134746471724,-56.2350680880198,22.57959948742917,-57.369680879959766,21.605443238329833
98.7000000000225,567.7500000000225,199.80600000003074,-54.216291811279234,23.271646759274496,-58.8123722385051,23.12405569188334,-56.51433202489217,23.197851225578916,-57.485215408863944,21.376205106154355
98.80000000002241,567.8500000000224,199.90600000003064,-54.784669525874534,24.406162148815998,-62.55336713224368,21.12071461297408,-58.66901832905911,22.76343838089504,-57.58812367303723,21.141260590492383
98.90000000002254,567.9500000000226,200.00600000003078,-58.05494126057015,23.89139768025578,-62.73613339918303,24.649185308815223,-60.39553732987659,24.2702914945355,-57.676266125747986,20.900174451190612
99.00000000002245,568.0500000000225,200.1060000000307,-61.325212994073254,23.376633212200954,-61.79524852270624,29.924543930576974,-61.56023075838975,26.650588571388965,-57.75428960955641,20.655065756447247
99.10000000002259,568.1500000000226,200.20600000003083,-59.330807142862334,25.10189076629015,-61.88352537284627,26.64481767011438,-60.6071662578543,25.873354218202266,-57.826187596814954,20.42133914837951
99.2000000000225,568.2500000000225,200.30600000003074,-57.33640129165595,26.82714832037542,-62.29680066242281,20.663485661931382,-59.816600977039386,23.745316991153402,-57.892746632474505,20.19457407764219
99.30000000002264,568.3500000000226,200.40600000003087,-58.773786264399426,27.05238684959907,-60.44519030472242,21.885290652445626,-59.609488284560925,24.468838751022346,-57.95363224128649,19.96380842369025
99.40000000002254,568.4500000000226,200.50600000003078,-63.64296205798064,25.77760635531751,-57.878352901725066,25.381770480814595,-60.76065747985285,25.579688418066052,-58.020408450625204,19.73127732858782
99.50000000002268,568.5500000000227,200.60600000003092,-68.51213784885529,24.50282586111771,-60.05052720660854,23.973391412235586,-64.28133252773192,24.23810863667665,-58.10652022811161,19.50027515835062
99.60000000002259,568.6500000000226,200.70600000003083,-61.42899222819048,23.60039112484545,-63.71923152197247,21.016109536714808,-62.57411187508147,22.30825033078013,-58.20238246772527,19.269796604129404
99.70000000002273,568.7500000000227,200.80600000003096,-54.34584660750958,22.69795638857114,-64.4161379208711,21.106099558855284,-59.38099226419034,21.90202797371321,-58.296742345463315,19.031181141967608
99.80000000002264,568.8500000000226,200.90600000003087,-52.90298063030161,21.954861323222634,-64.17458182141948,22.15838596810204,-58.538781225860546,22.056623645662334,-58.391763092363064,18.788385681855576
99.90000000002277,568.9500000000228,201.006000000031,-57.10039429143022,21.371105928651637,-61.617225276633945,21.715126676774663,-59.35880978403208,21.543116302713152,-58.4836310058518,18.552042158749313
100.00000000002268,569.0500000000227,201.10600000003092,-61.297807951674706,20.787350533521394,-58.3285633293052,20.799589796593644,-59.81318564048995,20.79347016505752,-58.56677947476184,18.321212960797798
100.10000000002282,569.1500000000228,201.20600000003105,-61.64881909527735,17.738166639185437,-58.40416781035466,21.208977827207715,-60.026493452816,19.473572233196577,-58.63805882563252,18.09477778185095
100.20000000002273,569.2500000000227,201.30600000003096,-61.99983023887919,14.68898274485641,-59.54217221435192,22.036763197361594,-60.77100122661555,18.362872971109002,-58.70755405677648,17.877498471724923
100.30000000002286,569.3500000000229,201.4060000000311,-62.27965391635964,15.283038545261778,-60.8914225263158,20.143324705958403,-61.58553822133772,17.71318162561009,-58.7812290595852,17.668511926796175
100.40000000002277,569.4500000000228,201.506000000031,-62.488290127782484,19.520334037068764,-62.30738207225704,17.39055236500255,-62.39783610001976,18.455443201035656,-58.855562282501396,17.456812666553603
100.50000000002291,569.5500000000229,201.60600000003114,-62.696926338442395,23.757629527330565,-62.389559326205635,16.8283679429842,-62.54324283232401,20.292998735157383,-58.926089238809595,17.234038089347827
100.60000000002282,569.6500000000228,201.70600000003105,-59.581284854340474,21.22446818216803,-62.05054217287308,16.95794812577059,-60.81591351360677,19.091208153969312,-58.988654855677524,17.005537092217676
100.70000000002295,569.750000000023,201.8060000000312,-56.46564337023146,18.691306836999736,-61.18409632755383,19.62518606453651,-58.82486984889265,19.158246450768125,-59.05873769159464,16.767972759356358
100.80000000002286,569.8500000000229,201.9060000000311,-56.74590245328483,17.08760612839315,-60.15109405347271,23.09378960907966,-58.44849825337877,20.090697868736406,-59.13361856297139,16.527377741846312
100.900000000023,569.950000000023,202.00600000003124,-60.422062100382405,16.413366055487188,-60.2577651214988,22.361616427010638,-60.3399136109406,19.387491241248913,-59.20636994586298,16.29257917165698
101.00000000002291,570.0500000000229,202.10600000003114,-64.09822174568357,15.739125982843323,-60.7243330337864,20.302882175645742,-62.41127738973499,18.021004079244534,-59.27456349256511,16.058374847226283
101.10000000002304,570.150000000023,202.20600000003128,-59.988323222935406,16.19949518442731,-61.74248953564656,21.654187942249067,-60.86540637929099,18.926841563338186,-59.33794602801092,15.82413260216646
101.20000000002295,570.250000000023,202.3060000000312,-55.87842470019659,16.659864386010252,-62.93483190759723,24.082348449523703,-59.40662830389691,20.371106417766978,-59.39844840873226,15.592843961930068
101.30000000002309,570.3500000000231,202.40600000003133,-54.8407229443136,16.693526914237324,-62.01565421785821,23.02949515575286,-58.428188581085905,19.86151103499509,-59.45992025536918,15.365158030489438
101.400000000023,570.450000000023,202.50600000003124,-56.8752179524551,16.30048276950228,-60.42968072030826,20.877374347746493,-58.65244933638168,18.58892855862439,-59.521692640683675,15.134852902305482
101.50000000002314,570.5500000000231,202.60600000003137,-58.9097129601628,15.907438624992405,-58.72205546102729,18.910555652420033,-58.815884210595044,17.40899713870622,-59.58346004316648,14.902574847352632
101.60000000002304,570.650000000023,202.70600000003128,-59.05374003588439,16.489127294695397,-56.97601385600748,17.00225341363491,-58.01487694594593,16.745690354165156,-59.65098289242709,14.668996336802552
101.70000000002318,570.7500000000232,202.80600000003142,-59.197767111606304,17.07081596439971,-57.54654423217771,17.935142064697857,-58.372155671892,17.502979014548785,-59.721142879492895,14.444699416924967
101.80000000002309,570.8500000000231,202.90600000003133,-60.963989760475904,17.557787853707453,-58.84862365378151,19.765248889958688,-59.90630670712871,18.66151837183307,-59.79081097287796,14.232283725270587
101.90000000002323,570.9500000000232,203.00600000003146,-64.35240798099633,17.950042962708707,-60.14990519838292,17.19257384013092,-62.25115658968963,17.571308401419813,-59.85471316416695,14.022480725343506
102.00000000002314,571.0500000000231,203.10600000003137,-67.74082620041747,18.342298071564866,-61.450934781822205,13.229546621620099,-64.59588049111984,15.785922346592482,-59.91339453537566,13.801648775597847
102.10000000002327,571.1500000000233,203.2060000000315,-66.42256160947476,18.11275821016495,-62.38575738239051,12.804534492660617,-64.40415949593263,15.458646351412785,-59.96713611643335,13.569764905169263
102.20000000002318,571.2500000000232,203.30600000003142,-65.10429701853502,17.88321834876556,-63.204935672774845,13.496790284794677,-64.15461634565493,15.690004316780119,-60.01503484974892,13.33917004402143
102.30000000002332,571.3500000000233,203.40600000003155,-64.19337018897915,15.29813788383796,-62.04682742669461,14.348944297972642,-63.12009880783688,14.823541090905302,-60.05166376501534,13.106381549401735
102.40000000002323,571.4500000000232,203.50600000003146,-63.689781120431526,10.357516817589818,-60.264312907021036,15.251592486127521,-61.97704701372628,12.80455465185867,-60.09135220022683,12.87506867530879
102.50000000002336,571.5500000000234,203.6060000000316,-63.18619205208373,5.416895753389214,-58.30721006661124,13.647428927331768,-60.74670105934749,9.532162340360491,-60.145591090710674,12.652831678259735
102.60000000002327,571.6500000000233,203.7060000000315,-63.54075750772478,9.267126921212949,-56.294974072385806,11.251640607712762,-59.91786579005529,10.259383764462855,-60.2049527937684,12.430649861154963
102.70000000002341,571.7500000000234,203.80600000003164,-63.89532296336662,13.117358089045439,-57.05545766285245,12.079211178679175,-60.47539031310953,12.598284633862306,-60.25527661606109,12.20336065597949
102.80000000002332,571.8500000000233,203.90600000003155,-64.10475916709811,14.560918280952823,-58.69153691012602,13.92468455543564,-61.398148038612064,14.242801418194231,-60.300794736625875,11.977378347702558
102.90000000002345,571.9500000000235,204.0060000000317,-64.16906611905615,13.597807499196188,-60.716880616615555,13.408943107832513,-62.442973367835855,13.50337530351435,-60.349247144610565,11.754898585792743
103.00000000002336,572.0500000000234,204.1060000000316,-64.23337307063059,12.634696717657615,-62.86514994158597,12.14755487488204,-63.54926150610828,12.391125796269828,-60.40400681336514,11.535401925265695
103.1000000000235,572.1500000000235,204.20600000003174,-62.660327232960455,12.593341779477678,-62.20228324569252,11.010171284177243,-62.43130523932649,11.801756531827461,-60.46458488524476,11.318303240428405
103.20000000002341,572.2500000000234,204.30600000003164,-61.087281395293886,12.551986841297836,-60.65168938685746,9.91194705411709,-60.86948539107567,11.231966947707463,-60.52589602901547,11.109430369156664
103.30000000002354,572.3500000000236,204.40600000003178,-60.782068970269655,13.357178024988253,-59.4678528128004,9.297329972744324,-60.124960891535025,11.327253998866288,-60.57622387870158,10.904390650119884
103.40000000002345,572.4500000000235,204.5060000000317,-61.744689956695694,15.00891532974839,-58.39983432847571,8.835430938062183,-60.0722621425857,11.922173133905286,-60.60277856705812,10.68757590368261
103.50000000002359,572.5500000000236,204.60600000003183,-62.70731094291847,16.66065263398344,-60.63319567471292,9.001801759098166,-61.670253308815695,12.831227196540802,-60.61150707572458,10.454149698368553
103.6000000000235,572.6500000000235,204.70600000003174,-62.80107300742155,16.075964835540972,-63.90909801825513,9.366573586857486,-63.35508551283834,12.721269211199228,-60.63267400229782,10.214810207476033
103.70000000002364,572.7500000000236,204.80600000003187,-62.89483507192484,15.491277037097174,-60.946860044580596,9.745102534119834,-61.92084755825272,12.618189785608504,-60.6744894257845,9.982351219376921
103.80000000002354,572.8500000000236,204.90600000003178,-63.63190236420441,14.39391835185499,-56.01468302680495,10.127975834900752,-59.823292695504676,12.260947093377872,-60.733035576611755,9.759009530937332
103.90000000002368,572.9500000000237,205.00600000003192,-65.01227488365514,12.783888780294355,-55.800187004800215,8.916180625548256,-60.40623094422767,10.850034702921306,-60.79612275375028,9.54628768448391
104.00000000002359,573.0500000000236,205.10600000003183,-66.3926474030214,11.173859208498223,-57.075484978862676,7.2008058875617245,-61.73406619094204,9.187332548029975,-60.843735702487386,9.334707409849777
104.10000000002373,573.1500000000237,205.20600000003196,-67.42913683907658,8.552467250477628,-57.96420892630293,8.217844444536611,-62.696672882689754,8.38515584750712,-60.86584421691093,9.103488462179376
104.20000000002364,573.2500000000236,205.30600000003187,-68.46562627512938,5.9310752924629915,-58.73085686554676,10.097750356304685,-63.598241570338075,8.014412824383838,-60.877140959434115,8.866763037059522
104.30000000002377,573.3500000000238,205.406000000032,-67.62743980121635,6.2430572993606885,-61.51985354696364,9.258094901196694,-64.57364667409,7.750576100278691,-60.886031227907914,8.640767953510355
104.40000000002368,573.4500000000237,205.50600000003192,-64.91457741912302,9.488413268381358,-64.94748667215227,7.559630594895133,-64.93103204563764,8.524021931638245,-60.90427019995433,8.42996206739038
104.50000000002382,573.5500000000238,205.60600000003205,-62.20171503760443,12.733769235984848,-68.30281269904403,7.786986466848179,-65.25226386832423,10.260377851416514,-60.943589605146364,8.217172972652552
104.60000000002373,573.6500000000237,205.70600000003196,-61.922036309372245,10.01220949997394,-71.63530490545092,8.62249607823675,-66.77867060741158,9.317352789105346,-60.98869927292611,8.00540785886212
104.70000000002386,573.7500000000239,205.8060000000321,-61.64235758113942,7.290649763956843,-68.36917936199785,8.240622778442747,-65.00576847156864,7.765636271199795,-61.01818429208696,7.801494346461983
104.80000000002377,573.8500000000238,205.906000000032,-62.22182586504686,6.208726594149025,-63.01927979593942,7.47431277052997,-62.62055283049314,6.841519682339497,-61.03423414707151,7.597956420384527
104.90000000002391,573.9500000000239,206.00600000003215,-63.66044116027675,6.766439988979761,-62.59111306125645,4.182827304417859,-63.1257771107666,5.474633646698811,-61.04014576461321,7.38016763197192
105.00000000002382,574.0500000000238,206.10600000003205,-65.09905645447594,7.32415338227407,-63.71717774427944,0.09391801081104934,-64.40811709937769,3.7090356965425597,-61.03760231346912,7.14129253399227
105.10000000002395,574.150000000024,206.2060000000322,-62.23423785444176,1.4516707306173862,-63.00535606697478,1.6173617961013829,-62.61979696070827,1.5345162633593845,-61.03792960370107,6.886135221753607
105.20000000002386,574.2500000000239,206.3060000000321,-59.36941925441408,-4.420811921025946,-61.71314922427411,4.913127603183816,-60.541284239344094,0.24615784107893512,-61.051938004520125,6.634338870472042
105.300000000024,574.350000000024,206.40600000003224,-58.934335934194294,-5.76521552855626,-62.14362254333981,6.261034432481426,-60.538979238767055,0.2479094519625833,-61.07031730478722,6.392668307851688
105.40000000002391,574.4500000000239,206.50600000003215,-60.928987891453005,-2.5815400963122137,-63.11810012305668,6.993827901452462,-62.02354400725484,2.206143902570124,-61.08818849548312,6.159575993343813
105.50000000002404,574.550000000024,206.60600000003228,-62.92363984877754,0.6021353350066267,-62.176796423978914,5.174981518535066,-62.55021813637823,2.8885584267708464,-61.11470010836063,5.9264919057796615
105.60000000002395,574.650000000024,206.7060000000322,-65.17260185768058,-0.08299823176982413,-60.63050916424658,2.5503541311850695,-62.901555510963576,1.2336779497076227,-61.143366430286314,5.687084433023962
105.70000000002409,574.7500000000241,206.80600000003233,-67.42156386658873,-0.768131798547833,-62.4344225542821,2.3424341043639108,-64.92799321043542,0.7871511529080388,-61.164296333961545,5.45803317429871
105.800000000024,574.850000000024,206.90600000003224,-68.46598636548815,0.37260293397980404,-65.2962940423693,2.8976848216248636,-66.88114020392872,1.6351438778023337,-61.184384175710385,5.236219737565584
105.90000000002414,574.9500000000241,207.00600000003237,-68.30586935554484,3.339205964058019,-65.51894978779679,2.9708796758140097,-66.91240957167082,3.155042819936014,-61.200012724303384,5.005201911398782
106.00000000002404,575.050000000024,207.10600000003228,-68.14575234513873,6.30580899280108,-64.90816898438416,2.891846362986357,-66.52696066476145,4.598827677893719,-61.20162651499113,4.764857406216346
106.10000000002418,575.1500000000242,207.20600000003242,-66.06385795082353,3.7607091392006122,-64.05498538584123,4.025393568967312,-65.05942166833239,3.893051354083962,-61.20441212191933,4.533906099453125
106.20000000002409,575.2500000000241,207.30600000003233,-63.981963556513065,1.2156092856059306,-63.12525353634271,5.5418609381006885,-63.55360854642789,3.3787351118533095,-61.218313398302875,4.308972762477916
106.30000000002423,575.3500000000242,207.40600000003246,-63.59003433179683,-0.5436941610237249,-62.297867793763956,4.797843094137535,-62.94395106278039,2.1270744665569055,-61.23328106655598,4.080649866765547
106.40000000002414,575.4500000000241,207.50600000003237,-64.88807027503968,-1.517201201441488,-61.50280187436819,3.339987815727853,-63.195436074703935,0.9113933071431826,-61.239920989231656,3.8468382093532254
106.50000000002427,575.5500000000243,207.6060000000325,-66.18610621733525,-2.4907082417435555,-59.7765191618221,1.6138929538594196,-62.98131268957867,-0.438407643942068,-61.23515270171649,3.611362906137793
106.60000000002418,575.6500000000242,207.70600000003242,-63.5783133671379,-2.979571541887003,-57.75616798880878,-0.19690914473507526,-60.66724067797334,-1.588240343311039,-61.22315630867605,3.3758855323992116
106.70000000002432,575.7500000000243,207.80600000003255,-60.97052051693463,-3.468434842031562,-59.965749498127906,-0.7929961629016292,-60.46813500753127,-2.130715502466596,-61.20387472510973,3.1327833632824644
106.80000000002423,575.8500000000242,207.90600000003246,-61.476602457580356,-2.958646266913602,-63.51109922053663,-1.0054889458244538,-62.493850839058496,-1.9820676063690281,-61.19407880199418,2.8885815129107337
106.90000000002436,575.9500000000244,208.0060000000326,-65.09655918604709,-1.4502058175026526,-62.26644828551001,-0.19297876945431958,-63.68150373577855,-0.8215922934784861,-61.19578362985426,2.643732874683688
107.00000000002427,576.0500000000243,208.1060000000325,-68.71651591275413,0.05823463144748367,-59.50916556662292,0.9432165513767117,-64.11284073968852,0.5007255914120977,-61.187754332581086,2.397909271933331
107.10000000002441,576.1500000000244,208.20600000003265,-65.13736985303701,-0.31331985679441604,-59.51789079734535,0.8834321086892114,-62.32763032519118,0.2850561259473977,-61.16854228336795,2.160297549210582
107.20000000002432,576.2500000000243,208.30600000003255,-61.558223793328025,-0.684874345035471,-60.40009222112272,0.44596984661731,-60.97915800722537,-0.11945224920908049,-61.151619622905464,1.9234161051243972
107.30000000002445,576.3500000000245,208.4060000000327,-59.549598389552976,-0.7326867711779015,-63.22078746887394,-0.6703311028961236,-61.38519292921346,-0.7015089370370126,-61.14534813957638,1.6736700545465897
107.40000000002436,576.4500000000244,208.5060000000326,-59.11149364018549,-0.4567571355380148,-66.65363865993626,-2.0010021638470175,-62.88256615006088,-1.228879649692516,-61.15171989566916,1.4219140268443844
107.5000000000245,576.5500000000245,208.60600000003274,-58.673388891096984,-0.18082749986019095,-70.15842589135892,-1.2878211076467347,-64.41590739122795,-0.7343243037534628,-61.16879432241505,1.183135413245114
107.60000000002441,576.6500000000244,208.70600000003265,-59.375384168622865,0.24703744059826832,-73.68592976705474,0.0707869317602694,-66.53065696783881,0.15891218617926886,-61.183242013787876,0.9526800155088192
107.70000000002454,576.7500000000246,208.80600000003278,-60.077379446150346,0.6749023810577004,-69.80528747322685,-0.626495509508711,-64.9413334596886,0.024203435774494686,-61.189200637591696,0.7212986458796093
107.80000000002445,576.8500000000245,208.9060000000327,-61.179975444626926,0.06392583880642477,-63.5852306037535,-1.9730065224571542,-62.38260302419022,-0.9545403418253647,-61.1856126932993,0.48998270111838993
107.90000000002459,576.9500000000246,209.00600000003283,-62.68317216366413,-1.5858921851379306,-63.20023887213349,-3.918387062507069,-62.94170551789881,-2.7521396238225,-61.17459123177447,0.2585442440475093
108.0000000000245,577.0500000000245,209.10600000003274,-64.1863688824907,-3.2357102082413327,-64.65789928600529,-6.052884294980835,-64.422134084248,-4.644297251611084,-61.16553241412557,0.026914241131379687
108.10000000002464,577.1500000000246,209.20600000003287,-64.84570717582825,-1.4762177904158125,-66.98282440656786,-4.3709346574762264,-65.91426579119806,-2.9235762239460197,-61.1638629887448,-0.2093396274223428
108.20000000002454,577.2500000000246,209.30600000003278,-65.50504546916429,0.2832746274057074,-69.58162259190212,-1.4837912737279204,-67.5433340305332,-0.6002583231611065,-61.14811544537862,-0.4488915963784643
108.30000000002468,577.3500000000247,209.40600000003292,-64.75106726041649,0.30185895116461925,-67.20055357704507,-3.901194288109844,-65.97581041873079,-1.7996676684726123,-61.130313614129825,-0.6984217295716069
108.40000000002459,577.4500000000246,209.50600000003283,-62.58377255098294,-1.4204648174212304,-63.246894922857535,-7.993717214671086,-62.91533373692024,-4.707091016046158,-61.12121475737322,-0.9590225625069595
108.50000000002473,577.5500000000247,209.60600000003296,-60.41647784295751,-3.1427885853594053,-63.931626569017986,-7.585391746385425,-62.17405220598775,-5.364090165872415,-61.11176443711272,-1.2151654315420202
108.60000000002464,577.6500000000246,209.70600000003287,-63.95070700551974,-2.236005088561696,-66.0811130442265,-5.755745734920329,-65.01591002487312,-3.9958754117410127,-61.09803562611429,-1.4632614551121477
108.70000000002477,577.7500000000248,209.806000000033,-67.48493616809,-1.3292215917619248,-64.86863091671059,-6.3160247408052825,-66.1767835424003,-3.822623166283604,-61.08892099429741,-1.7151974106690977
108.80000000002468,577.8500000000247,209.90600000003292,-66.82461621571022,-1.215312420089754,-62.594474495517,-7.6310169087003095,-64.70954535561361,-4.423164664395031,-61.086588276019384,-1.970219946002978
108.90000000002482,577.9500000000248,210.00600000003305,-61.96974715253569,-1.8942775727586505,-64.22540054108798,-8.192873955262348,-63.097573846811834,-5.043575764010499,-61.08129787409927,-2.225313154444426
109.00000000002473,578.0500000000247,210.10600000003296,-57.11487809116595,-2.5732427253013723,-67.08951052129979,-8.516898858673427,-62.10219430623287,-5.545070791987399,-61.074772128792304,-2.4792060039748747
109.10000000002486,578.1500000000249,210.2060000000331,-59.49767853151372,-2.7493357161314846,-68.04717057576991,-6.019514001328149,-63.77242455364181,-4.384424858729817,-61.066633512583124,-2.734210944624237
109.20000000002477,578.2500000000248,210.306000000033,-61.88047897185607,-2.9254287069611964,-68.40279381267116,-2.631157642205605,-65.14163639226362,-2.7782931745834007,-61.04557451418234,-3.0016376901513033
109.30000000002491,578.3500000000249,210.40600000003315,-62.537448324284135,-3.7378894092992754,-66.0785438103071,-3.8576832922829736,-64.30799606729562,-3.7977863507911245,-61.019362735331974,-3.2728330038601956
109.40000000002482,578.4500000000248,210.50600000003305,-61.46858659051367,-5.186717822508269,-62.90801804971446,-6.541540100517675,-62.18830232011406,-5.864128961512972,-61.00444516448905,-3.5284088226953734
109.50000000002495,578.550000000025,210.6060000000332,-60.39972485667117,-6.635546234671915,-63.94874707524097,-6.5295993920786595,-62.17423596595607,-6.582572813375288,-60.99366997764054,-3.7696515898389453
109.60000000002486,578.6500000000249,210.7060000000331,-59.052605186673475,-3.8916645911767467,-66.31934603081075,-5.666354206234301,-62.68597560874211,-4.779009398705524,-60.97307760856515,-4.010295118268359
109.700000000025,578.750000000025,210.80600000003324,-57.70548551667272,-1.1477829476753385,-66.74160890356642,-4.066322558140357,-62.22354721011956,-2.6070527529078475,-60.94477099742969,-4.260304273887058
109.80000000002491,578.8500000000249,210.90600000003315,-59.43542545722076,-1.6114038504233263,-66.54860775128695,-2.2336215013425247,-62.992016604253855,-1.9225126758829254,-60.91799438295789,-4.518837260394471
109.90000000002505,578.950000000025,211.00600000003328,-64.24242500524704,-5.282527296213892,-65.46777267649914,-4.598391457939016,-64.8550988408731,-4.940459377076454,-60.89566278980199,-4.7706023713544
110.00000000002495,579.050000000025,211.1060000000332,-69.04942455222951,-8.95365074045907,-64.10656899511656,-8.288678574242349,-66.57799677367304,-8.62116465735071,-60.88171281712929,-5.009450440914797
110.10000000002509,579.1500000000251,211.20600000003333,-69.72674304074116,-6.479346092852718,-61.339961453834675,-9.351645434510024,-65.53335224728792,-7.9154957636813705,-60.88025993515631,-5.251442928523871
110.200000000025,579.250000000025,211.30600000003324,-70.40406152925125,-4.005041445251992,-58.12954216813822,-9.584932215432607,-64.26680184869474,-6.7949868303422996,-60.87088672291801,-5.498717121519611
110.30000000002514,579.3500000000251,211.40600000003337,-68.9364097209618,-4.182917574702435,-60.05180124154065,-8.300939849119118,-64.49410548125122,-6.241928711910776,-60.84576223855963,-5.744287707318782
110.40000000002505,579.450000000025,211.50600000003328,-65.32378761803518,-7.012974478537816,-63.59490610959223,-6.537806700345376,-64.4593468638137,-6.775390589441596,-60.81643670706143,-5.987837961805659
110.50000000002518,579.5500000000252,211.60600000003342,-61.71116551570747,-9.84303138189557,-64.95503320332678,-7.983934630921327,-63.33309935951712,-8.913483006408448,-60.792215735601914,-6.236289515610938
110.60000000002509,579.6500000000251,211.70600000003333,-60.50414593775989,-10.75512811281435,-65.6257988959004,-10.44351342680504,-63.064972416830145,-10.599320769809696,-60.76889744823235,-6.49652483178003
110.70000000002523,579.7500000000252,211.80600000003346,-59.29712635980956,-11.667224843735209,-65.44292726347109,-10.400117262622958,-62.37002681164033,-11.033671053179084,-60.752000444921364,-6.75091670369472
110.80000000002514,579.8500000000251,211.90600000003337,-60.34705202192284,-9.713544477488783,-64.99048594995564,-9.566307954603147,-62.66876898593924,-9.639926216045964,-60.74016736451023,-6.998657208947675
110.90000000002527,579.9500000000253,212.0060000000335,-63.65392292182604,-4.894087016959308,-65.00593683385631,-8.280161076941436,-64.32992987784118,-6.587124046950372,-60.729710759133695,-7.248651772187163
111.00000000002518,580.0500000000252,212.10600000003342,-66.96079382105387,-0.07462955877595293,-65.16914314824938,-6.851170756500318,-66.06496848465162,-3.4629001576381357,-60.71978719247619,-7.49355508330775
111.10000000002532,580.1500000000253,212.20600000003355,-67.62156771053249,-4.507566932656822,-65.34670898681848,-6.921232844956179,-66.48413834867549,-5.714399888806501,-60.70357235752015,-7.723478857669436
111.20000000002523,580.2500000000252,212.30600000003346,-68.28234160000962,-8.940504306527611,-65.52880941196065,-7.464679903774173,-66.90557550598513,-8.202592105150892,-60.67786915233064,-7.956469230071907
111.30000000002536,580.3500000000254,212.4060000000336,-67.16646998850065,-12.128673298593279,-64.68187285814128,-7.908891734575947,-65.92417142332096,-10.018782516584613,-60.640716206622905,-8.195695912413829
111.40000000002527,580.4500000000253,212.5060000000335,-64.27395287781236,-14.072073910101633,-63.50997725893313,-8.321766125007747,-63.89196506837274,-11.196920017554689,-60.60349760849862,-8.43541357612565
111.50000000002541,580.5500000000254,212.60600000003365,-61.381435767423035,-16.015474520141904,-64.08963881388327,-6.8348517395285535,-62.735537290653156,-11.425163129835228,-60.57194787483812,-8.681860165746397
111.60000000002532,580.6500000000253,212.70600000003355,-59.688729194748134,-12.176614751960674,-65.222423679654,-4.748004057500907,-62.45557643720107,-8.46230940473079,-60.53818822739526,-8.934471531442423
111.70000000002545,580.7500000000255,212.8060000000337,-57.99602262206939,-8.337754983770715,-64.47722927570885,-7.124845022086369,-61.23662594888912,-7.731300002928542,-60.507798515771206,-9.180623186724674
111.80000000002536,580.8500000000254,212.9060000000336,-57.701731101790635,-7.699341338823778,-63.13898878768488,-10.911271872472415,-60.420359944737754,-9.305306605648097,-60.479335619579494,-9.416181713445857
111.9000000000255,580.9500000000255,213.00600000003374,-58.80585463248606,-10.261373813856874,-65.88906799444794,-9.379840454716385,-62.347461313467,-9.820607134286629,-60.44947037101212,-9.653448027391414
112.00000000002541,581.0500000000254,213.10600000003365,-59.90997816309961,-12.823406288276773,-69.93019552349224,-6.1690853764370335,-64.92008684329593,-9.496245832356903,-60.41568212933775,-9.899557453880195
112.10000000002555,581.1500000000256,213.20600000003378,-60.70244048493377,-13.000402867838575,-67.94518685503182,-6.065241942947185,-64.3238136699828,-9.53282240539288,-60.367741081926596,-10.147100490366336
112.20000000002545,581.2500000000255,213.3060000000337,-61.49490280676613,-13.177399447399974,-64.05718781193214,-6.942528500737252,-62.77604530934913,-10.059963974068612,-60.32515115032928,-10.384748381909949
112.30000000002559,581.3500000000256,213.40600000003383,-61.208289760207194,-12.521428804247913,-63.527164251762066,-5.9385326634530555,-62.367727005984634,-9.229980733850484,-60.294710681685274,-10.6137432724768
112.4000000000255,581.4500000000255,213.50600000003374,-59.84260134636235,-11.03249093923765,-64.05755400003251,-4.340447649877998,-61.95007767319743,-7.686469294557824,-60.26290348103196,-10.840086848697624
112.50000000002564,581.5500000000256,213.60600000003387,-58.47691293305366,-9.543553074261013,-64.61383422947674,-5.2281745933330654,-61.545373581265196,-7.385863833797039,-60.22138707832526,-11.062935692064492
112.60000000002555,581.6500000000256,213.70600000003378,-59.210039641677234,-8.198656029147688,-65.17829040032744,-6.9008947849206494,-62.194165021002334,-7.5497754070341685,-60.18454951478369,-11.290393828888677
112.70000000002568,581.7500000000257,213.80600000003392,-59.94316635030248,-6.853758984031305,-64.62511347818393,-6.5926094868612894,-62.284139914243205,-6.723184235446297,-60.15650587169115,-11.519767466473665
112.80000000002559,581.8500000000256,213.90600000003383,-61.492458599503664,-7.153922272961758,-63.71899979048789,-5.658743509021823,-62.605729194995774,-6.4063328909917905,-60.12566634925836,-11.746792762430495
112.90000000002573,581.9500000000257,214.00600000003396,-63.857916388449055,-9.099145894249736,-62.56491476101563,-8.288317791589357,-63.21141557473234,-8.693731842919547,-60.08722499200132,-11.968194363167356
113.00000000002564,582.0500000000256,214.10600000003387,-66.22337417608705,-11.044369515125595,-61.33252299218388,-12.04318899639951,-63.777948584135466,-11.543779255762551,-60.04314344495709,-12.190998745821304
113.10000000002577,582.1500000000258,214.206000000034,-63.521275416135964,-11.402809291266644,-62.77479959410006,-13.88768862486666,-63.14803750511801,-12.645248958066652,-59.99896476936076,-12.423286065180866
113.20000000002568,582.2500000000257,214.30600000003392,-60.81917665619102,-11.761249067406878,-65.06170831151994,-15.128913019815226,-62.94044248385548,-13.44508104361105,-59.96545401923029,-12.648006105122636
113.30000000002582,582.3500000000258,214.40600000003406,-60.48431009135608,-12.80249246931178,-63.72435160336594,-12.340211060807775,-62.10433084736101,-12.571351765059777,-59.944937880908356,-12.870880690579705
113.40000000002573,582.4500000000257,214.50600000003396,-62.51667571918903,-14.526539496271772,-61.24249002611165,-8.278900781874691,-61.879582872650346,-11.402720139073232,-59.9237298744757,-13.104433128700766
113.50000000002586,582.5500000000259,214.6060000000341,-64.54904134629508,-16.25058652287876,-60.14491331491126,-9.004710733354447,-62.34697733060317,-12.627648628116603,-59.89043092865424,-13.344309479689104
113.60000000002577,582.6500000000258,214.706000000034,-63.75925780724837,-16.59764087435808,-59.48447919217957,-11.242242860039585,-61.62186849971397,-13.919941867198833,-59.84407600092734,-13.590092859247031
113.70000000002591,582.7500000000259,214.80600000003415,-62.969474268199846,-16.944695225838196,-61.07508164965746,-11.484557657279828,-62.022277958928655,-14.214626441559012,-59.79997362358133,-13.850703964648059
113.80000000002582,582.8500000000258,214.90600000003406,-62.32391798228734,-16.01210403662762,-63.37653776271177,-11.096803825344612,-62.85022787249956,-13.554453930986115,-59.76307923284404,-14.111916074569251
113.90000000002595,582.950000000026,215.0060000000342,-61.82258894935838,-13.799867308048881,-63.83614113993891,-13.210421336026167,-62.82936504464864,-13.505144322037523,-59.73464476466905,-14.355266183544181
114.00000000002586,583.0500000000259,215.1060000000341,-61.321259917132956,-11.58763058015525,-63.71410681220076,-16.113945584999193,-62.51768336466686,-13.850788082577221,-59.70997994796163,-14.584367409777176
114.100000000026,583.150000000026,215.20600000003424,-63.52976124904997,-11.999080812272773,-63.961341197571834,-16.85067733675312,-63.7455512233109,-14.424879074512946,-59.68523923059691,-14.810897993117827
114.20000000002591,583.2500000000259,215.30600000003415,-65.73826258096196,-12.410531044389359,-64.32518675528472,-16.903158827505766,-65.03172466812333,-14.656844935947563,-59.66451495956729,-15.033230479070491
114.30000000002605,583.3500000000261,215.40600000003428,-66.97356445775911,-12.247214585637442,-64.12941554882914,-15.98575815573624,-65.55149000329413,-14.116486370686841,-59.64384505262255,-15.255165004388411
114.40000000002595,583.450000000026,215.5060000000342,-67.23566688044927,-11.509131436616315,-63.75692325928357,-14.762078906904584,-65.49629506986642,-13.13560517176045,-59.6140239390923,-15.481741449761797
114.50000000002609,583.5500000000261,215.60600000003433,-67.49776930281767,-10.771048288011285,-64.62471596664928,-15.858497184227565,-66.06124263473347,-13.314772736119425,-59.570214214130914,-15.705307065095194
114.600000000026,583.650000000026,215.70600000003424,-66.52704190190975,-11.630710427091783,-65.88417761967055,-17.687577836853002,-66.20560976079015,-14.659144131972393,-59.51403374837013,-15.924667280744568
114.70000000002614,583.7500000000261,215.80600000003437,-65.55631450099963,-12.490372566174235,-62.82268544981363,-18.226106950144402,-64.18949997540663,-15.358239758159318,-59.45600638655372,-16.146076222604037
114.80000000002605,583.8500000000261,215.90600000003428,-64.51818341559249,-13.080501486599264,-58.39668154898983,-18.357093472831473,-61.45743248229116,-15.718797479715368,-59.399147703171245,-16.36752171876497
114.90000000002618,583.9500000000262,216.00600000003442,-63.412648645754096,-13.40109718865146,-61.17183019985965,-16.486720064458883,-62.29223942280687,-14.94390862655517,-59.34642265392523,-16.58415803215963
115.00000000002609,584.0500000000261,216.10600000003433,-62.30711387612584,-13.721692891112701,-66.22102702066285,-13.984338257998667,-64.26407044839434,-13.853015574555684,-59.29641103386074,-16.790379752017152
115.10000000002623,584.1500000000262,216.20600000003446,-61.995570091294056,-15.609417624517716,-64.78775977149928,-15.342062862154622,-63.39166493139667,-15.475740243336169,-59.251811751716055,-16.984081757876243
115.20000000002614,584.2500000000261,216.30600000003437,-61.684026306462975,-17.49714235791844,-61.307398609365244,-17.91876843578341,-61.49571245791411,-17.707955396850927,-59.20761115145886,-17.187487837336082
115.30000000002627,584.3500000000263,216.4060000000345,-61.96530355331461,-17.552337781189472,-60.331540880439015,-18.28520922673192,-61.14842221687681,-17.918773503960693,-59.15726941653633,-17.403782925980927
115.40000000002618,584.4500000000262,216.50600000003442,-62.83940183122493,-15.775003896255567,-60.14657897103738,-17.9536716665701,-61.49299040113115,-16.864337781412832,-59.102453817130886,-17.62365688434714
115.50000000002632,584.5500000000263,216.60600000003456,-63.71350010917548,-13.997670011500796,-60.70124772028808,-16.48844437661409,-62.207373914731775,-15.243057194057442,-59.04364457895573,-17.837194600902215
115.60000000002623,584.6500000000262,216.70600000003446,-64.73254730929538,-12.9148206507559,-61.489484045512505,-14.665209804245748,-63.11101567740394,-13.790015227500824,-58.977185524611265,-18.05145818707113
115.70000000002636,584.7500000000264,216.8060000000346,-65.75159450941761,-11.831971290008543,-63.379497880856206,-15.243137338904392,-64.5655461951369,-13.537554314456468,-58.91316678233172,-18.26669027662158
115.80000000002627,584.8500000000263,216.9060000000345,-63.26919871662834,-12.442540626446837,-65.61744145557368,-16.579326590135313,-64.44332008610101,-14.510933608291076,-58.85116452846506,-18.48096423142099
115.90000000002641,584.9500000000264,217.00600000003465,-57.28535993461034,-14.74652865828698,-63.86632997171589,-19.52613873091858,-60.57584495316311,-17.13633369460278,-58.79103485049658,-18.69281078788975
116.00000000002632,585.0500000000263,217.10600000003456,-51.30152115547495,-17.050516689943493,-60.855516892803664,-22.981568625325483,-56.07851902413931,-20.016042657634486,-58.73288646382002,-18.910531691993842
116.10000000002645,585.1500000000265,217.2060000000347,-56.19529766392171,-18.678144725071075,-61.42930736941186,-22.59230379153544,-58.81230251666678,-20.635224258303257,-58.66963685404566,-19.13811200219872
116.20000000002636,585.2500000000264,217.3060000000346,-61.08907417235734,-20.305772760194955,-63.13507791403587,-20.988924835355384,-62.11207604319661,-20.64734879777517,-58.60426968865045,-19.365421113849017
116.3000000000265,585.3500000000265,217.40600000003474,-62.97306484901568,-19.399410049219497,-65.68880526586702,-19.970283278836774,-64.33093505744135,-19.684846664028136,-58.54818938293428,-19.591772274583782
116.40000000002641,585.4500000000264,217.50600000003465,-61.84726969707722,-15.959056594833747,-68.51030845103718,-19.136295637653284,-65.17878907405719,-17.547676116243515,-58.497262473363584,-19.819764972985205
116.50000000002655,585.5500000000266,217.60600000003478,-60.72147454481915,-12.518703142489633,-64.65620440409255,-20.668391522044008,-62.68883947445585,-16.59354733226682,-58.439324693891386,-20.045962107547084
116.60000000002645,585.6500000000265,217.7060000000347,-58.403884132441505,-16.782297612589595,-58.69401386681533,-22.947671676243566,-58.54894899962842,-19.86498464441658,-58.3740596309661,-20.261917908102415
116.70000000002659,585.7500000000266,217.80600000003483,-56.086293720058585,-21.045892082699254,-58.60009153176101,-21.874175666680006,-57.34319262590979,-21.46003387468963,-58.30349373526533,-20.470438493040493
116.8000000000265,585.8500000000265,217.90600000003474,-56.482431800827435,-22.947501601446877,-60.35930652019576,-19.74190823900018,-58.4208691605116,-21.344704920223528,-58.22810712249056,-20.677128990852317
116.90000000002664,585.9500000000266,218.00600000003487,-59.59229837186216,-22.48712617135453,-62.25540945737046,-19.245609492224172,-60.92385391461631,-20.86636783178935,-58.14721907073651,-20.884622025280454
117.00000000002655,586.0500000000266,218.10600000003478,-62.70216494152919,-22.026750740725245,-64.19474016774342,-19.265932433171503,-63.448452554636305,-20.646341586948374,-58.06464922788812,-21.09179207556733
117.10000000002668,586.1500000000267,218.20600000003492,-60.69743117655777,-19.54408971135602,-62.724823333047695,-17.233921937064622,-61.71112725480273,-18.389005824210322,-57.98318545843416,-21.30858948572545
117.20000000002659,586.2500000000266,218.30600000003483,-58.69269741159092,-17.061428681992435,-60.17830201249517,-14.553806146289189,-59.43549971204305,-15.807617414140811,-57.89483188050357,-21.527665676099584
117.30000000002673,586.3500000000267,218.40600000003496,-56.674032141775676,-17.368142057538474,-59.42721788209485,-15.053318676145624,-58.05062501193527,-16.21073036684205,-57.81259178618623,-21.743680456545945
117.40000000002664,586.4500000000266,218.50600000003487,-54.641435367136125,-20.46422983501186,-59.24311391592476,-16.55692435796594,-56.942274641530446,-18.510577096488902,-57.7377286142522,-21.954484640835272
117.50000000002677,586.5500000000268,218.606000000035,-52.60883859299626,-23.56031761242056,-59.131342347053156,-20.81248881877018,-55.87009047002471,-22.18640321559537,-57.65808136886448,-22.158098186230056
117.60000000002668,586.6500000000267,218.70600000003492,-52.45588418855204,-26.38908548574979,-59.042412587811384,-25.93709289231461,-55.74914838818171,-26.1630891890322,-57.57272156204127,-22.362866120977568
117.70000000002682,586.7500000000268,218.80600000003506,-52.30292978410748,-29.217853359085446,-59.566333720358145,-26.63095374229263,-55.93463175223281,-27.924403550689036,-57.495123753681504,-22.567878989691025
117.80000000002673,586.8500000000267,218.90600000003496,-54.42928859829508,-29.02213350176422,-60.28378671309718,-25.92563252435058,-57.35653765569613,-27.4738830130574,-57.421784300750495,-22.769031602218835
117.90000000002686,586.9500000000269,219.0060000000351,-58.834960628678374,-25.801925917031106,-58.70542507527137,-26.072045714767977,-58.77019285197487,-25.93698581589954,-57.341978135889796,-22.96413951129147
118.00000000002677,587.0500000000268,219.106000000035,-63.240632657537134,-22.581718333246492,-56.402069344978486,-26.487427665203523,-59.82135100125781,-24.534572999225006,-57.255485885971865,-23.156563180133414
118.10000000002691,587.1500000000269,219.20600000003515,-62.00148441411892,-22.869426877766564,-54.752914455249346,-26.128696990249544,-58.37719943468413,-24.499061934008054,-57.173980402406336,-23.347527781687763
118.20000000002682,587.2500000000268,219.30600000003506,-60.76233617070353,-23.157135422285986,-53.31034930425358,-25.525509697222294,-57.03634273747855,-24.34132255975414,-57.097162325039825,-23.534849821992275
118.30000000002696,587.350000000027,219.4060000000352,-58.97889592943851,-23.925441708972315,-56.48470133822303,-26.965997453697806,-57.73179863383077,-25.445719581335062,-57.011405153776565,-23.72712274371858
118.40000000002686,587.4500000000269,219.5060000000351,-56.65116369091859,-25.174345737304098,-61.11702721726303,-29.051856277191977,-58.88409545409081,-27.113101007248037,-56.90115174802099,-23.920148238520444
118.500000000027,587.550000000027,219.60600000003524,-54.323431454068995,-26.423249764937953,-62.772498971090336,-27.62254722911702,-58.54796521257967,-27.022898497027487,-56.77115010478755,-24.113166185043905
118.60000000002691,587.6500000000269,219.70600000003515,-58.18853312538756,-25.082234213786496,-63.48791152928777,-25.083185171109985,-60.83822232733766,-25.08270969244824,-56.655869763404326,-24.318218667624503
118.70000000002705,587.7500000000271,219.80600000003528,-62.05363479671492,-23.741218662631987,-62.32010433462268,-25.180732336240887,-62.1868695656688,-24.460975499436437,-56.56388289030129,-24.531179663574104
118.80000000002696,587.850000000027,219.9060000000352,-61.54970797526666,-23.566830902316724,-60.55759616652023,-26.11098767549276,-61.05365207089344,-24.83890928890474,-56.48286743344262,-24.74386400523376
118.90000000002709,587.9500000000271,220.00600000003533,-56.67675266576909,-24.559070931577278,-59.593408983356426,-28.20544641852607,-58.135080824562756,-26.382258675051673,-56.403423971081075,-24.950416084841756
119.000000000027,588.050000000027,220.10600000003524,-51.80379735785772,-25.55131096117623,-58.88132316337358,-30.66754834098477,-55.34256026061565,-28.1094296510805,-56.326255379879115,-25.153299943163994
119.10000000002714,588.1500000000271,220.20600000003537,-52.75222582885945,-27.802559588833862,-54.660663961511084,-31.084167232903493,-53.70644489518527,-29.443363410868677,-56.2432521284732,-25.354316364350193
119.20000000002705,588.2500000000271,220.30600000003528,-53.70065429985903,-30.053808216486374,-49.33203422015774,-30.854844116425973,-51.51634426000838,-30.454326166456173,-56.162805740488494,-25.553726453301504
119.30000000002718,588.3500000000272,220.40600000003542,-52.96046995510207,-30.91654001482532,-54.25378238216224,-29.200572789609787,-53.607126168632156,-30.058556402217555,-56.08047890568591,-25.75126489294157
119.40000000002709,588.4500000000271,220.50600000003533,-50.5316727964272,-30.390754985355876,-62.41249198105258,-27.09631781829938,-56.47208238873989,-28.743536401827626,-55.98811855202423,-25.94741957917438
119.50000000002723,588.5500000000272,220.60600000003546,-48.1028756380656,-29.864969955566636,-60.44012456764065,-25.540444477795603,-54.271500102853125,-27.70270721668112,-55.888030901230366,-26.146300756360066
119.60000000002714,588.6500000000271,220.70600000003537,-46.84245919454902,-28.171496725382216,-55.26846968286761,-24.157744283531283,-51.05546443870831,-26.16462050445675,-55.78797167288231,-26.349107141476928
119.70000000002727,588.7500000000273,220.8060000000355,-45.58204275102958,-26.47802349519395,-55.5274003091355,-26.839800048663285,-50.554721530082546,-26.658911771928615,-55.697690352293456,-26.549711306895844
119.80000000002718,588.8500000000272,220.90600000003542,-47.6590161774607,-25.96497799929403,-57.501252672401435,-30.805462956367393,-52.58013442493107,-28.385220477830714,-55.612663084950135,-26.749959785085753
119.90000000002732,588.9500000000273,221.00600000003556,-53.0733794702094,-26.632360236391822,-57.83218778266577,-30.27950791166878,-55.452783626437586,-28.455934074030303,-55.52283709622063,-26.952039388237207
120.00000000002723,589.0500000000272,221.10600000003546,-58.48774276121252,-27.299742473641242,-57.64430691930523,-28.335147200548292,-58.066024840258876,-27.81744483709477,-55.41992851490827,-27.149981561371245
120.10000000002736,589.1500000000274,221.2060000000356,-57.549576709265125,-28.52841844223804,-57.127318475273015,-28.983921399377174,-57.33844759226907,-28.756169920807608,-55.30634868051927,-27.340174163421498
120.20000000002727,589.2500000000273,221.3060000000355,-56.61141065731986,-29.757094410832043,-56.50640132175883,-30.451580305015312,-56.55890598953934,-30.104337357923676,-55.18381644164699,-27.53781432426825
120.30000000002741,589.3500000000274,221.40600000003565,-55.30366076592817,-30.76180875278827,-55.67449824781886,-31.927562215814774,-55.489079506873516,-31.34468548430152,-55.065473032799346,-27.746782157850095
120.40000000002732,589.4500000000273,221.50600000003556,-53.626327035501056,-31.5425614683476,-54.77596804124512,-33.406172444024065,-54.20114753837309,-32.47436695618583,-54.946570290211156,-27.96120780277093
120.50000000002746,589.5500000000275,221.6060000000357,-51.948993306036776,-32.32331418332915,-56.18063216556417,-33.62624493136488,-54.06481273580047,-32.97477955734702,-54.812880241879824,-28.175875670954035
120.60000000002736,589.6500000000274,221.7060000000356,-53.78516411462042,-30.99754109660588,-58.31262081400505,-33.44888444867988,-56.048892464312736,-32.22321277264288,-54.686772565252085,-28.378291634045045
120.7000000000275,589.7500000000275,221.80600000003574,-55.621334923208245,-29.671768009879585,-57.61725741592317,-33.42705966010407,-56.61929616956571,-31.549413834991828,-54.57154009603692,-28.582020866922516
120.80000000002741,589.8500000000274,221.90600000003565,-56.21136219595291,-30.3656895908619,-56.02904600489675,-33.45435140641419,-56.12020410042483,-31.910020498638048,-54.45305898506342,-28.791072827734705
120.90000000002755,589.9500000000276,222.00600000003578,-55.55524593422845,-33.07930583733332,-54.937516513834225,-31.737085928123253,-55.24638122403134,-32.408195882728286,-54.335090255639706,-28.993940512199025
121.00000000002746,590.0500000000275,222.1060000000357,-54.899129672505225,-35.79292208289099,-54.00283394456207,-29.468907643146135,-54.45098180853365,-32.63091486301856,-54.221643638543966,-29.190619628909886
121.10000000002759,590.1500000000276,222.20600000003583,-54.24206066049521,-35.207704458833234,-53.70938411949149,-30.943881925834525,-53.97572238999335,-33.075793192333876,-54.10649662029236,-29.38879515162027
121.2000000000275,590.2500000000275,222.30600000003574,-53.584991648486685,-34.62248683477681,-53.61842884482564,-33.60090438546583,-53.60171024665616,-34.111695610121316,-53.983544723571114,-29.589743552183428
121.30000000002764,590.3500000000276,222.40600000003587,-53.37154134232294,-34.23098694026778,-52.63188373785977,-34.26235268832063,-53.00171254009136,-34.24666981429421,-53.86004553469344,-29.78746245118336
121.40000000002755,590.4500000000276,222.50600000003578,-53.60170974151473,-34.033204775093886,-51.36252078967235,-34.293619679742605,-52.48211526559354,-34.16341222741825,-53.73442607907133,-29.98099106727007
121.50000000002768,590.5500000000277,222.60600000003592,-53.83187814048706,-33.835422610456284,-53.687852213372935,-34.74024917958288,-53.75986517693,-34.28783589501958,-53.604097614675986,-30.170635109695688
121.60000000002759,590.6500000000276,222.70600000003583,-53.26902720068074,-35.572583720622625,-57.148350278591735,-35.31804578708584,-55.20868873963624,-35.445314753854234,-53.48580892676567,-30.365613483811213
121.70000000002773,590.7500000000277,222.80600000003597,-52.70617626087313,-37.309744830792916,-55.12039805516071,-36.86792136011604,-53.91328715801692,-37.088833095454476,-53.37071694855896,-30.57375658122189
121.80000000002764,590.8500000000276,222.90600000003587,-52.9157945800715,-37.18980785685188,-51.35925100714965,-38.724769237441244,-52.13752279361057,-37.95728854714656,-53.255335118488006,-30.7914862754357
121.90000000002777,590.9500000000278,223.006000000036,-53.89788215741968,-35.21277280085958,-51.93758326165305,-36.81974911814211,-52.91773270953637,-36.01626095950085,-53.14338880982819,-31.00390935050068
122.00000000002768,591.0500000000277,223.10600000003592,-54.879969734153505,-33.23573774596371,-53.88627739846214,-33.726770686463354,-54.38312356630782,-33.48125421621353,-53.03651227349619,-31.205752940974033
122.10000000002782,591.1500000000278,223.20600000003606,-53.655387916090476,-35.19505124381314,-53.108757907931654,-31.992236123333896,-53.38207291201107,-33.59364368357352,-52.92232690487043,-31.404692207433605
122.20000000002773,591.2500000000277,223.30600000003597,-52.43080609803023,-37.154364741658114,-51.47032885257234,-30.686683833642697,-51.950567475301284,-33.92052428765041,-52.7991487454167,-31.608337703854005
122.30000000002786,591.3500000000279,223.4060000000361,-52.18056880970704,-36.97043206495046,-51.74226843482035,-31.377350783145452,-51.96141862226369,-34.17389142404795,-52.67301258572033,-31.817836318011146
122.40000000002777,591.4500000000278,223.506000000036,-52.90467605003651,-34.643253216078854,-52.617482322490204,-32.698402754305825,-52.76107918626336,-33.67082798519234,-52.54430859027064,-32.03122991439353
122.50000000002791,591.5500000000279,223.60600000003615,-53.62878329002078,-32.31607436884695,-53.50915534563082,-34.776192158503896,-53.568969317825804,-33.54613326367542,-52.40970846232942,-32.23487880419688
122.60000000002782,591.6500000000278,223.70600000003606,-53.11271489500068,-35.87080701147792,-54.40602599048611,-37.092951277919674,-53.75937044274339,-36.481879144698794,-52.26317266426977,-32.42242397328599
122.70000000002796,591.750000000028,223.8060000000362,-52.596646499979414,-39.42553965411697,-52.712562957949075,-37.06729422347277,-52.654604728964244,-38.246416938794866,-52.113961795284894,-32.61149091433944
122.80000000002786,591.8500000000279,223.9060000000361,-53.815708644116874,-40.54383906228474,-50.20109981838583,-36.30192679979643,-52.00840423125135,-38.42288293104059,-51.967255943310384,-32.80506862587292
122.900000000028,591.950000000028,224.00600000003624,-56.76990132547755,-39.2257052387119,-50.77433560033763,-36.28262036325722,-53.772118462907585,-37.75416280098456,-51.817239812016616,-33.00271579820856
123.00000000002791,592.0500000000279,224.10600000003615,-59.724094006381776,-37.90757141612308,-52.32168682925781,-36.49891213271579,-56.022890417819795,-37.20324177441944,-51.663233600619826,-33.19922095167136
123.10000000002805,592.1500000000281,224.20600000003628,-61.070243592445614,-40.09722765224931,-52.99261772753848,-36.156098563181885,-57.03143065999205,-38.1266631077156,-51.51525136191145,-33.39173647912401
123.20000000002796,592.250000000028,224.3060000000362,-62.41639317850639,-42.286883888370554,-53.386784311427384,-35.636725413264806,-57.90158874496689,-38.96180465081768,-51.369971043293006,-33.58488209231673
123.30000000002809,592.3500000000281,224.40600000003633,-62.128184533906165,-42.61890540715792,-53.81974615519127,-37.90150433438113,-57.973965344548716,-40.26020487076953,-51.23167649319042,-33.78327805543868
123.400000000028,592.450000000028,224.50600000003624,-60.20561766048199,-41.093292210696426,-54.26495913362689,-41.045489170913605,-57.23528839705444,-41.069390690805015,-51.09252806762222,-33.98922729500494
123.50000000002814,592.5500000000281,224.60600000003637,-58.283050786242214,-39.567679014073256,-54.042944467803785,-39.06327080679693,-56.162997627023,-39.31547491043509,-50.94506615615246,-34.20816337507927
123.60000000002805,592.6500000000281,224.70600000003628,-53.48321207902358,-37.480943934174114,-53.610226335792305,-35.4622514351738,-53.546719207407946,-36.47159768467395,-50.793244674130676,-34.43335764460908
123.70000000002818,592.7500000000282,224.80600000003642,-48.68337337179403,-35.394208854270225,-50.88375379911174,-36.40775911691098,-49.78356358545288,-35.9009839855906,-50.64611030222774,-34.64356387937586
123.80000000002809,592.8500000000281,224.90600000003633,-46.94494753682712,-34.90707990342895,-47.432937767670616,-38.78901218105761,-47.18894265224887,-36.84804604224328,-50.49344185556976,-34.84083419543578
123.90000000002823,592.9500000000282,225.00600000003647,-48.26793457066237,-36.01955707984406,-50.38636582906464,-38.79183334170067,-49.3271501998635,-37.405695210772365,-50.337658831179134,-35.031271618127754
124.00000000002814,593.0500000000281,225.10600000003637,-49.590921604343364,-37.132034255704305,-55.36218675784055,-38.04357074483961,-52.476554181091956,-37.58780250027196,-50.193501191413525,-35.22081825891517
124.10000000002827,593.1500000000283,225.2060000000365,-50.37747679089288,-36.28544658731531,-55.795641709571115,-37.224281849311595,-53.086559250232,-36.75486421831346,-50.059647855885785,-35.40869348965424
124.20000000002818,593.2500000000282,225.30600000003642,-51.1640319774406,-35.43885891892825,-54.79466530299166,-36.38256359635704,-52.97934864021613,-35.910711257642646,-49.92563473101761,-35.60404966592314
124.30000000002832,593.3500000000283,225.40600000003656,-51.397839761015234,-34.992818500021556,-53.946988304823286,-35.766927931705354,-52.672414032919264,-35.379873215863455,-49.795716813066655,-35.801264139365244
124.40000000002823,593.4500000000282,225.50600000003647,-51.07890014224161,-34.94732533014371,-53.14772164605896,-35.22268676848222,-52.11331089415029,-35.085006049312966,-49.666072356300795,-36.00056781875633
124.50000000002836,593.5500000000284,225.6060000000366,-50.75996052322435,-34.901832160350686,-53.79965711594636,-37.48572310088496,-52.279808819585355,-36.193777630617824,-49.52421376641855,-36.20776407616661
124.60000000002827,593.6500000000283,225.7060000000365,-49.58639231373074,-35.15511892835298,-54.90986694133117,-40.63526811433633,-52.24812962753096,-37.89519352134465,-49.36749253454066,-36.40621821771286
124.70000000002841,593.7500000000284,225.80600000003665,-48.41282410423446,-35.40840569635584,-55.355253984075716,-39.27433519697845,-51.88403904415509,-37.34137044666714,-49.210167544255526,-36.59161993147278
124.80000000002832,593.8500000000283,225.90600000003656,-47.89017227847098,-34.66233828648699,-55.59069699061643,-36.48904083064462,-51.7404346345437,-35.575689558565806,-49.05800859771923,-36.7674983216333
124.90000000002846,593.9500000000285,226.0060000000367,-48.01843683569791,-32.916916699879174,-53.09191088806376,-36.59431127165057,-50.55517386188083,-34.75561398576487,-48.90844152504088,-36.94298142267013
125.00000000002836,594.0500000000284,226.1060000000366,-48.146701393344244,-31.171495114756414,-49.72968401595762,-37.6123916499854,-48.93819270465093,-34.391943382370904,-48.76305959705721,-37.12400667100667
125.1000000000285,594.1500000000285,226.20600000003674,-49.75161396101783,-34.63721008854714,-51.3823004220934,-37.959834267078676,-50.566957191555616,-36.29852217781291,-48.61549318043255,-37.30951363172032
125.20000000002841,594.2500000000284,226.30600000003665,-51.35652652868777,-38.102925062329994,-54.618551544487985,-38.09549653894109,-52.987539036587876,-38.09921080063555,-48.45967605910261,-37.5024479658466
125.30000000002855,594.3500000000286,226.40600000003678,-51.8349763539113,-38.99898264136405,-54.22558583805781,-38.24196998674701,-53.030281095984556,-38.62047631405553,-48.29889073447486,-37.70945504112704
125.40000000002846,594.4500000000285,226.5060000000367,-51.18696343797201,-37.32538282857829,-52.68655166167227,-38.39185749010673,-51.93675754982214,-37.85862015934251,-48.1353829127717,-37.9248928950171
125.50000000002859,594.5500000000286,226.60600000003683,-50.538950522357645,-35.65178301625596,-52.12778506148308,-39.28513067395491,-51.33336779192037,-37.468456845105436,-47.968501400731256,-38.136871616068944
125.6000000000285,594.6500000000285,226.70600000003674,-51.03021387265608,-35.609079618070965,-51.87857664262904,-40.4131572301136,-51.45439525764256,-38.01111842409228,-47.80720065736618,-38.33174902388611
125.70000000002864,594.7500000000286,226.80600000003687,-51.521477222955625,-35.56637621988586,-53.287953238764885,-39.060667522944016,-52.404715230860255,-37.313521871414935,-47.656314904311145,-38.51496575948671
125.80000000002855,594.8500000000286,226.90600000003678,-52.12954473739166,-36.64169210581509,-55.221093522784514,-36.924856892096486,-53.675319130088084,-36.78327449895579,-47.50864615715717,-38.691464463888536
125.90000000002868,594.9500000000287,227.00600000003692,-52.854416415833086,-38.83502727458232,-53.39616086172821,-38.22690092471743,-53.125288638780646,-38.53096409964988,-47.363465760760015,-38.86796875720545
126.00000000002859,595.0500000000286,227.10600000003683,-53.57928809382856,-41.02836244372496,-50.38446832567993,-40.61458326992309,-51.98187820975424,-40.82147285682402,-47.2191208447928,-39.047168717853765
126.10000000002873,595.1500000000287,227.20600000003697,-52.75329544206947,-44.54943709099972,-48.79908561849581,-42.791811288590125,-50.77619053028264,-43.67062418979492,-47.06631587562319,-39.223504989676215
126.20000000002864,595.2500000000286,227.30600000003687,-51.92730279031226,-48.070511738266475,-47.66411654057368,-44.902580046372776,-49.79570966544297,-46.486545892319626,-46.910036385819765,-39.39635510808899
126.30000000002877,595.3500000000288,227.406000000037,-52.19538194067132,-47.5499368320175,-48.09689051700363,-42.836329512887545,-50.14613622883748,-45.19313317245252,-46.74834880741391,-39.57363085323863
126.40000000002868,595.4500000000287,227.50600000003692,-53.55753289188668,-42.98771237690514,-49.02474124643679,-39.451020258518334,-51.291137069161735,-41.21936631771173,-46.583258777136116,-39.759539422843694
126.50000000002882,595.5500000000288,227.60600000003706,-54.91968384250792,-38.42548792311721,-50.003476843131885,-39.4054705285967,-52.4615803428199,-38.915479225856956,-46.41853722217701,-39.950495709049406
126.60000000002873,595.6500000000287,227.70600000003697,-54.21364695885956,-38.485776860599636,-50.99828134524264,-40.41458169899574,-52.6059641520511,-39.45017927979769,-46.26791939586313,-40.13760880024032
126.70000000002887,595.7500000000289,227.8060000000371,-53.5076100752096,-38.546065798082196,-52.11855975981111,-39.57346144182469,-52.81308491751035,-39.05976361995344,-46.127803805321086,-40.320358504406364
126.80000000002877,595.8500000000288,227.906000000037,-53.0895565424526,-38.25711610336288,-53.27846151507195,-38.148057577135305,-53.184009028762276,-38.2025868402491,-45.98009621502184,-40.50078594713847
126.90000000002891,595.9500000000289,228.00600000003715,-52.95948636025402,-37.618927776843776,-51.882928061813516,-38.79941105692978,-52.42120721103377,-38.20916941688678,-45.819070737902,-40.6820403713586
127.00000000002882,596.0500000000288,228.10600000003706,-52.829416178098086,-36.98073945035019,-49.68041507066545,-40.106582644175006,-51.254915624381766,-38.5436610472626,-45.65101107481059,-40.85979498780341
127.10000000002896,596.150000000029,228.2060000000372,-52.84601090706591,-36.4259509113578,-48.143156263261474,-42.12103265144383,-50.494583585163696,-39.273491781400814,-45.47836485367586,-41.030250703484576
127.20000000002887,596.2500000000289,228.3060000000371,-52.8626056360337,-35.87116237236667,-46.81597772398565,-44.358833738259854,-49.83929168000967,-40.114998055313265,-45.30493047150094,-41.19945263843366
127.300000000029,596.350000000029,228.40600000003724,-52.11471392435955,-35.95197648035576,-47.65145970895271,-43.83365395887104,-49.88308681665613,-39.8928152196134,-45.1368255655189,-41.37304337269527
127.40000000002891,596.4500000000289,228.50600000003715,-50.602335772933365,-36.66839323458767,-49.16988712123561,-42.43595390772118,-49.88611144708449,-39.55217357115443,-44.97291108470808,-41.54626286771606
127.50000000002905,596.5500000000291,228.60600000003728,-49.08995762193272,-37.38480998928999,-49.758303133151045,-40.52938407546948,-49.424130377541886,-38.957097032379735,-44.798713864230095,-41.72180146842238
127.60000000002896,596.650000000029,228.7060000000372,-49.051531147039235,-39.711963737339595,-50.05303133502099,-38.462118523203095,-49.552281241030116,-39.087041130271345,-44.62477019154338,-41.89958504005264
127.70000000002909,596.7500000000291,228.80600000003733,-49.01310467214566,-42.03911748539449,-48.63392557886005,-39.551966874516836,-48.82351512550285,-40.79554217995566,-44.46225693670565,-42.06929032971287
127.800000000029,596.850000000029,228.90600000003724,-49.0056205948898,-41.74476667022386,-46.67360910021951,-41.638798561764716,-47.83961484755466,-41.691782615994285,-44.30887449992264,-42.23252636628446
127.90000000002914,596.9500000000291,229.00600000003737,-49.02907891523559,-38.8289112948782,-46.24978626045087,-43.062212968571906,-47.63943258784323,-40.945562131725055,-44.15076743029039,-42.40040296619987
128.00000000002905,597.0500000000291,229.10600000003728,-49.05253723451452,-35.913055921639504,-46.31117193723072,-44.27612718197947,-47.681854585872614,-40.094591551809486,-43.982497850610685,-42.575383866674244
128.10000000002918,597.1500000000292,229.20600000003742,-45.41046082892711,-40.21389533321066,-48.32561690236661,-42.56417333104626,-46.86803886564686,-41.38903433212846,-43.81005339830436,-42.76104549204193
128.2000000000291,597.2500000000291,229.30600000003733,-41.76838442334798,-44.51473474477203,-50.95681743097854,-39.92826114590108,-46.36260092716326,-42.22149794533655,-43.62853148789542,-42.9564857653459
128.30000000002923,597.3500000000292,229.40600000003747,-40.91765459602725,-46.257977388533114,-49.69618474506248,-38.84361402535678,-45.306919670544865,-42.550795706944946,-43.430440009328656,-43.15319253796332
128.40000000002914,597.4500000000291,229.50600000003737,-42.85827134370652,-45.443623267475054,-47.20655209918425,-38.248840082107634,-45.032411721445385,-41.84623167479134,-43.22899383067169,-43.342437732167014
128.50000000002927,597.5500000000293,229.6060000000375,-44.79888809118248,-44.62926914652418,-46.15514608236085,-40.82227844591927,-45.47701708677167,-42.72577379622172,-43.04256275614781,-43.517580066711695
128.60000000002918,597.6500000000292,229.70600000003742,-46.03128561606272,-44.186656425131304,-45.55791689483701,-44.39620490463797,-45.79460125544986,-44.291430664884636,-42.88053750645424,-43.68037577854457
128.70000000002932,597.7500000000293,229.80600000003756,-47.26368314094576,-43.74404370373742,-46.632170856332124,-44.92259192231231,-46.94792699863894,-44.33331781302486,-42.71069866237342,-43.838226826286714
128.80000000002923,597.8500000000292,229.90600000003747,-47.45512004634811,-43.905305051793896,-48.234261600640636,-44.48659806584244,-47.844690823494375,-44.195951558818166,-42.52751078314038,-44.0002875150594
128.90000000002937,597.9500000000294,230.0060000000376,-46.60559633349195,-44.670440468592986,-47.47568045302506,-45.25999994216567,-47.040638393258504,-44.965220205379325,-42.329552191733285,-44.168315141035244
129.00000000002927,598.0500000000293,230.1060000000375,-45.7560726207617,-45.4355758845846,-45.971623972652246,-46.41531625963624,-45.863848296706976,-45.92544607211042,-42.12759669636023,-44.33979152176402
129.1000000000294,598.1500000000294,230.20600000003765,-45.32923638686256,-43.45371588580913,-45.37583440652741,-46.58143089690708,-45.35253539669499,-45.017573391358106,-41.94033098102082,-44.51559257649454
129.20000000002932,598.2500000000293,230.30600000003756,-44.90240015296439,-41.471855887038174,-45.066865970629074,-46.43516605686267,-44.98463306179673,-43.95351097195042,-41.76821563184235,-44.67932664642863
129.30000000002946,598.3500000000295,230.4060000000377,-44.13705667550164,-40.2086176605001,-45.21534685224157,-47.52118659226905,-44.6762017638716,-43.86490212638458,-41.59390592075026,-44.838665533806946
129.40000000002937,598.4500000000294,230.5060000000376,-43.033205954876486,-39.66400120535428,-45.50828541276997,-48.99634987701285,-44.27074568382323,-44.330175541183564,-41.40084368441521,-44.99830682590389
129.5000000000295,598.5500000000295,230.60600000003774,-41.929355234577514,-39.11938475136083,-46.482647746805405,-47.83193662937449,-44.20600149069146,-43.47566069036766,-41.18217053418493,-45.15875898447492
129.6000000000294,598.6500000000294,230.70600000003765,-41.937518935572946,-42.47757129699182,-47.67219653518564,-45.833972899549295,-44.804857735379294,-44.15577209827056,-40.961461865032916,-45.3138293056885
129.70000000002955,598.7500000000296,230.80600000003778,-41.9456826365684,-45.83575784263044,-47.2581624570995,-45.50578414697404,-44.60192254683395,-45.67077099480224,-40.75815869661169,-45.47256161041669
129.80000000002946,598.8500000000295,230.9060000000377,-42.38927580518393,-47.20325448712938,-46.33773379065057,-45.70489275454699,-44.363504797917244,-46.45407362083819,-40.56627235530812,-45.646081590139026
129.9000000000296,598.9500000000296,231.00600000003783,-43.268298440906726,-46.58006123284853,-44.391494909198634,-45.56059991571301,-43.82989667505268,-46.070330574280774,-40.3743664065978,-45.83245427694053
130.0000000000295,599.0500000000295,231.10600000003774,-44.14732107636611,-45.95686797970489,-42.12131596052672,-45.307864515080475,-43.13431851844642,-45.63236624739268,-40.18040381971602,-46.02528087464905
130.10000000002964,599.1500000000296,231.20600000003787,-44.14192957768754,-49.17619758731436,-41.82368159581849,-46.19923426284975,-42.98280558675302,-47.68771592508206,-39.988560159143,-46.20135715888777
130.20000000002955,599.2500000000296,231.30600000003778,-44.136538079008986,-52.39552719491651,-42.14895604580962,-47.4519003725213,-43.1427470624093,-49.92371378371891,-39.79390167443192,-46.356656694859474
130.30000000002968,599.3500000000297,231.40600000003792,-43.41079924969659,-52.010189530709155,-40.855363857620574,-48.47610627609227,-42.133081553658585,-50.24314790340071,-39.59743848750303,-46.50315898593702
130.4000000000296,599.4500000000296,231.50600000003783,-41.964713090608626,-48.020184598972385,-39.05055062685911,-49.428166851567404,-40.50763185873387,-48.724175725269895,-39.39602092743066,-46.6567836539686
130.50000000002973,599.5500000000297,231.60600000003797,-40.51862693242277,-44.03017966837915,-40.10935162328506,-48.15421428513376,-40.31398927785391,-46.092196976756455,-39.189424222471146,-46.8228255947056
130.60000000002964,599.6500000000296,231.70600000003787,-42.11223167539064,-43.909802925074814,-42.072451847468884,-46.17731020166555,-42.092341761429765,-45.04355656337018,-38.9714266482871,-46.985583877976374
130.70000000002977,599.7500000000298,231.806000000038,-43.70583641836214,-43.78942618177021,-43.53459976557805,-47.77888215167779,-43.620218091970095,-45.784154166724,-38.75268661629594,-47.138906147997936
130.80000000002968,599.8500000000297,231.90600000003792,-41.9673342277738,-44.43620523825033,-44.838552218935504,-50.51049916254043,-43.402943223354654,-47.47335220039538,-38.542917382175126,-47.294634816038794
130.90000000002982,599.9500000000298,232.00600000003806,-36.89672510758772,-45.8501400936041,-41.518345610974166,-47.77837054132492,-39.20753535928094,-46.81425531746451,-38.3415001392859,-47.45672265856341
131.00000000002973,600.0500000000297,232.10600000003797,-31.826115990301403,-47.264074948699225,-36.73787824985474,-43.32084856620872,-34.281997120078074,-45.29246175745397,-38.13679190768905,-47.6190663077752
131.10000000002987,600.1500000000299,232.2060000000381,-36.452129051041595,-47.82047754254483,-38.73106090410434,-45.91821335712656,-37.59159497757297,-46.86934544983569,-37.921068741406714,-47.770947007829015
131.20000000002977,600.2500000000298,232.306000000038,-41.07814211177127,-48.37688013638916,-42.86329092716568,-50.74343712214246,-41.970716519468475,-49.560158629265814,-37.691561749943325,-47.91644873885789
131.3000000000299,600.3500000000299,232.40600000003815,-44.31765823200978,-48.86555552994061,-42.11979951779583,-51.14451375949932,-43.21872887490281,-50.00503464471996,-37.45553810776542,-48.05953903203649
131.40000000002982,600.4500000000298,232.50600000003806,-46.17067741340061,-49.286503723277946,-39.83660660666033,-50.14849130682307,-43.003642010030475,-49.71749751505051,-37.22048428690875,-48.2135043248843
131.50000000002996,600.55000000003,232.6060000000382,-48.02369659309765,-49.70745191685765,-39.62854277292768,-50.3174583466197,-43.826119683012664,-50.012455131738676,-36.99241201753716,-48.37591552841006
131.60000000002987,600.6500000000299,232.7060000000381,-44.21921031638219,-50.93274191903301,-40.0757828570071,-50.85431680432324,-42.14749658669464,-50.89352936167813,-36.77260908943184,-48.524140266581945
131.70000000003,600.75000000003,232.80600000003824,-40.414724039658076,-52.15803192121117,-40.535670547965374,-51.122313418969256,-40.475197293811725,-51.64017267009021,-36.55529551067336,-48.65820929280559
131.8000000000299,600.8500000000299,232.90600000003815,-38.6086467241338,-52.120321410367524,-40.999552220033564,-51.30540629387912,-39.80409947208368,-51.71286385212332,-36.34209906057649,-48.78707527597574
131.90000000003005,600.9500000000301,233.00600000003828,-38.80097836740198,-50.81961038801819,-39.821825772551605,-51.61417731359034,-39.31140206997679,-51.21689385080427,-36.11508092940118,-48.92045939359649
132.00000000002996,601.05000000003,233.1060000000382,-38.99331001094598,-49.51889936575527,-38.12569676208965,-51.962636168417994,-38.55950338651782,-50.74076776708663,-35.881370118593225,-49.05477451239528
132.1000000000301,601.1500000000301,233.20600000003833,-40.10608292400302,-48.49624002476019,-37.88986592464761,-52.311114121079235,-38.997974424325314,-50.40367707291971,-35.66027873423021,-49.18810874337981
132.20000000003,601.25000000003,233.30600000003824,-41.218855837057525,-47.47358068376744,-38.115181877719685,-52.65959810463424,-39.667018857388605,-50.06658939420084,-35.44994970821882,-49.32701437611169
132.30000000003014,601.3500000000301,233.40600000003838,-40.72954438731042,-47.972215794649344,-38.54508342079315,-52.791424755103684,-39.63731390405178,-50.38182027487652,-35.238576072281866,-49.46636993663953
132.40000000003005,601.4500000000301,233.50600000003828,-38.63814857669456,-49.992145355570344,-39.03959093951973,-52.854833300531325,-38.838869758107144,-51.423489328050835,-35.014063847611794,-49.60383066008433
132.50000000003018,601.5500000000302,233.60600000003842,-36.54675276665044,-52.01207491562609,-37.558271714670795,-49.81265529704616,-37.05251224066062,-50.912365106336125,-34.772120363042205,-49.74631829660333
132.6000000000301,601.6500000000301,233.70600000003833,-36.361730715486615,-51.15556908286462,-35.453007203692096,-45.789765753868295,-35.907368959589355,-48.472667418366456,-34.514252937819045,-49.887772266701056
132.70000000003023,601.7500000000302,233.80600000003847,-36.17670866432236,-50.29906325010121,-35.37342135747101,-48.59847312261174,-35.77506501089668,-49.448768186356475,-34.25325953587517,-50.02121423011095
132.80000000003014,601.8500000000301,233.90600000003838,-34.540752168562,-51.2889187064891,-35.93352350930155,-53.56452688004656,-35.23713783893177,-52.42672279326783,-33.9926481559754,-50.14939406744869
132.90000000003027,601.9500000000303,234.0060000000385,-31.453861229953194,-54.12513544979937,-33.62216803915369,-55.4256189841096,-32.53801463455344,-54.77537721695448,-33.73238791573473,-50.27723141453597
133.00000000003018,602.0500000000302,234.10600000003842,-28.36697029369917,-56.96135219166208,-30.40403647977074,-56.306196883903446,-29.385503386734953,-56.63377453778276,-33.4704110501762,-50.407943027965594
133.10000000003032,602.1500000000303,234.20600000003856,-33.04367851386479,-55.032091679926445,-32.4945359875036,-55.86931629498226,-32.7691072506842,-55.450703987454354,-33.211204994471714,-50.537608209618675
133.20000000003023,602.2500000000302,234.30600000003847,-37.720386734019776,-53.1028311681952,-36.261445302363754,-55.01639618418746,-36.99091601819177,-54.05961367619133,-32.95120721937703,-50.66837626382175
133.30000000003037,602.3500000000304,234.4060000000386,-38.958629197386934,-52.655455507597864,-36.65052115498316,-53.48914546644387,-37.80457517618505,-53.07230048702087,-32.696664868039754,-50.79765910732064
133.40000000003027,602.4500000000303,234.5060000000385,-36.758405908135536,-53.6899646963372,-35.972912758618186,-51.74894824169665,-36.36565933337686,-52.719456469016926,-32.444371023425596,-50.92573590739196
133.5000000000304,602.5500000000304,234.60600000003865,-34.55818261943425,-54.72447388455452,-34.32228307234885,-53.422624736388975,-34.44023284589155,-54.07354931047175,-32.19375334664265,-51.053884519464404
133.60000000003032,602.6500000000303,234.70600000003856,-34.17991774395675,-54.03792611847375,-32.364383505711324,-56.17436661388438,-33.27215062483404,-55.10614636617906,-31.937326483849944,-51.170775299769936
133.70000000003046,602.7500000000305,234.8060000000387,-33.8016528684784,-53.35137835239141,-34.50831502720388,-55.516469553797904,-34.15498394784114,-54.433923953094656,-31.67400110691312,-51.27133788078099
133.80000000003037,602.8500000000304,234.9060000000386,-32.409412641793125,-53.11828922009178,-37.94756162641095,-53.78184441043983,-35.17848713410204,-53.45006681526581,-31.405125818536813,-51.363321833247724
133.9000000000305,602.9500000000305,235.00600000003874,-30.003197065130365,-53.33865872102116,-36.35492692379695,-52.65903588329868,-33.17906199446366,-52.998847302159916,-31.133231568480678,-51.45313501309549
134.0000000000304,603.0500000000304,235.10600000003865,-27.5969814905499,-53.559028222702366,-33.173277076609416,-51.72943260297812,-30.38512928357966,-52.644230412840244,-30.86460635401066,-51.538439701965245
134.10000000003055,603.1500000000306,235.20600000003878,-32.00717321567528,-56.2486362958768,-32.816294065814006,-52.720649094089744,-32.41173364074464,-54.48464269498327,-30.598579347400026,-51.63075690126044
134.20000000003046,603.2500000000305,235.3060000000387,-36.41736494079063,-58.93824436904511,-33.35131110672532,-54.3184402485747,-34.88433802375798,-56.628342308809906,-30.328689392299417,-51.7310034387511
134.3000000000306,603.3500000000306,235.40600000003883,-38.20740069472123,-59.61595989552103,-34.154193394189406,-55.240932948978646,-36.18079704445532,-57.428446422249834,-30.06443525410274,-51.83417391437812
134.4000000000305,603.4500000000305,235.50600000003874,-37.377280480664105,-58.281782877762566,-35.041664706698754,-55.95017350643844,-36.209472593681426,-57.1159781921005,-29.805009816086272,-51.93761517481218
134.50000000003064,603.5500000000306,235.60600000003888,-36.54716026616012,-56.94760586040989,-34.17742313540757,-56.1061344802381,-35.36229170078384,-56.52687017032399,-29.539247289615044,-52.05217843388976
134.60000000003055,603.6500000000306,235.70600000003878,-34.26740780610487,-56.94528180357072,-32.76000907567358,-56.08737558588441,-33.513708440889225,-56.51632869472756,-29.26786789281324,-52.169209824409954
134.70000000003068,603.7500000000307,235.80600000003892,-31.98765534604444,-56.942957746731565,-31.548859825667087,-54.845100253720545,-31.768257585855764,-55.894029000226055,-29.003023171237892,-52.275823236469165
134.8000000000306,603.8500000000306,235.90600000003883,-30.72389542143504,-57.16595850225835,-30.402846831228977,-53.21645131044282,-30.563371126332008,-55.191204906350585,-28.736916990127526,-52.37814646434015
134.90000000003073,603.9500000000307,236.00600000003897,-30.47612803102346,-57.614284069875445,-30.898499461733593,-53.35432666584618,-30.68731374637853,-55.48430536786081,-28.459788167942754,-52.480767511258854
135.00000000003064,604.0500000000306,236.10600000003888,-30.228360640457215,-58.06260963684538,-31.912572814798477,-54.05005179859163,-31.070466727627846,-56.05633071771851,-28.17621285101082,-52.58689846786938
135.10000000003078,604.1500000000308,236.206000000039,-29.47487981691051,-56.40593883917116,-30.120143104491213,-54.98406535826375,-29.79751146070086,-55.69500209871745,-27.894248964750798,-52.686595042640306
135.20000000003068,604.2500000000307,236.30600000003892,-28.721398993365515,-54.749268041500706,-27.44144927080463,-55.99332789469675,-28.081424132085072,-55.37129796809873,-27.614511233006986,-52.77081363041916
135.30000000003082,604.3500000000308,236.40600000003906,-27.072579893995393,-54.11791541502294,-27.814686112189136,-56.648069435464734,-27.443633003092266,-55.38299242524384,-27.34154568248786,-52.848267285269756
135.40000000003073,604.4500000000307,236.50600000003897,-24.528422519911025,-54.511880958477185,-29.151690533116344,-57.19085697783873,-26.840056526513685,-55.851368968157956,-27.068767975846427,-52.92554827654467
135.50000000003087,604.5500000000309,236.6060000000391,-21.98426514678485,-54.905846502525954,-29.62331045965959,-57.290521714680814,-25.80378780322222,-56.098184108603384,-26.785084394225688,-53.00514375744842
135.60000000003078,604.6500000000308,236.706000000039,-22.557463814661368,-57.21950785976445,-29.821651072769722,-57.2502529342854,-26.189557443715543,-57.234880397024924,-26.49355949072534,-53.093999997561845
135.7000000000309,604.7500000000309,236.80600000003915,-23.13066248253919,-59.5331692170082,-30.0685624046641,-58.62457014535533,-26.599612443601643,-59.078869681181764,-26.200448088482208,-53.18522893633059
135.80000000003082,604.8500000000308,236.90600000003906,-24.985377613539026,-61.216516872383245,-30.33081185824624,-60.445598721190564,-27.658094735892632,-60.83105779678691,-25.902707936837704,-53.2766269944448
135.90000000003096,604.950000000031,237.0060000000392,-28.121609206084184,-62.269550826676884,-27.36341913055627,-60.39681986767628,-27.742514168320227,-61.33318534717658,-25.599827504937718,-53.36103650207685
136.00000000003087,605.0500000000309,237.1060000000391,-31.25784079741166,-63.32258477979539,-23.37613940044827,-59.757575511422225,-27.316990098929963,-61.54008014560881,-25.295445559996967,-53.43975039308461
136.100000000031,605.150000000031,237.20600000003924,-30.479321975590437,-60.5831572997815,-25.436231018780706,-59.39016631945447,-27.95777649718557,-59.986661809617985,-24.992102624365334,-53.525871748493465
136.2000000000309,605.2500000000309,237.30600000003915,-29.700803153770984,-57.84372981977383,-29.406018848306054,-59.108599810762456,-29.55341100103852,-58.47616481526814,-24.6900493739108,-53.62440388591129
136.30000000003105,605.3500000000311,237.40600000003928,-28.962914850062518,-56.923787243709775,-28.20867593960397,-58.51109562867399,-28.585795394833244,-57.71744143619188,-24.395052101999163,-53.72693449209895
136.40000000003096,605.450000000031,237.5060000000392,-28.265657064417955,-57.82332956933472,-25.379607538127082,-57.81382165520269,-26.82263230127252,-57.8185756122687,-24.10994738561488,-53.827642459725666
136.5000000000311,605.5500000000311,237.60600000003933,-27.568399278589688,-58.72287189407995,-27.84839569582041,-58.823381816315084,-27.708397487205048,-58.77312685519752,-23.81727880689301,-53.92801278706379
136.600000000031,605.650000000031,237.70600000003924,-26.286508961995892,-56.79174986139174,-31.99019118438333,-60.37194222929176,-29.138350073189613,-58.58184604534175,-23.503619047529156,-54.02365878223325
136.70000000003114,605.7500000000312,237.80600000003938,-25.004618645399187,-54.86062782869915,-32.63194554517654,-60.1327914677465,-28.818282095287863,-57.496709648222826,-23.17963283606431,-54.11697163413489
136.80000000003105,605.8500000000311,237.90600000003928,-25.086033323664356,-55.13516533727816,-32.1684237627367,-59.3291003365161,-28.62722854320053,-57.23213283689713,-22.856598959743273,-54.21082952414241
136.90000000003118,605.9500000000312,238.00600000003942,-26.53075299509309,-57.61536238438174,-29.228449597913567,-61.04569788124093,-27.879601296503328,-59.33053013281133,-22.545712096987184,-54.30463176133947
137.0000000000311,606.0500000000311,238.10600000003933,-27.975472665697513,-60.095559429777666,-25.506437840347843,-63.55817605875754,-26.740955253022676,-61.8268677442676,-22.24830741739428,-54.40250863602158
137.10000000003123,606.1500000000312,238.20600000003947,-26.78450903775745,-57.11183580563311,-24.381606246137707,-61.50463491530416,-25.583057641947576,-59.308235360468636,-21.94140112820068,-54.49607419754834
137.20000000003114,606.2500000000312,238.30600000003938,-25.59354540982009,-54.12811218149535,-24.07693680700991,-58.00919293676794,-24.835241108415,-56.06865255913164,-21.62413399557032,-54.57554543779314
137.30000000003128,606.3500000000313,238.4060000000395,-25.386117776823074,-52.604081509955364,-23.78218168065276,-55.80679829876154,-24.584149728737916,-54.20543990435846,-21.29815645756323,-54.65190133087478
137.40000000003118,606.4500000000312,238.50600000003942,-26.162226137537367,-52.53974378919466,-23.490557389901507,-54.01273439899447,-24.826391763719435,-53.276239094094564,-20.965632171235946,-54.733647535765975
137.50000000003132,606.5500000000313,238.60600000003956,-26.93833449718083,-52.47540606889283,-23.98009300141034,-53.77220718516639,-25.459213749295586,-53.12380662702961,-20.631404423879772,-54.81680822642896
137.60000000003123,606.6500000000312,238.70600000003947,-24.296095330170555,-53.873951443168075,-24.716310686782062,-54.022270502679675,-24.50620300847631,-53.94811097292387,-20.307113633439123,-54.90786645656168
137.70000000003137,606.7500000000314,238.8060000000396,-21.65385616315427,-55.27249681744651,-24.51427897121701,-56.68008972801126,-23.08406756718564,-55.97629327272888,-19.9813998123187,-55.00138209160709
137.80000000003128,606.8500000000313,238.9060000000395,-19.838088893567733,-57.26566733909807,-24.01595797178801,-60.09825292257791,-21.92702343267787,-58.68196013083799,-19.645319536614537,-55.08496049941497
137.9000000000314,606.9500000000314,239.00600000003965,-18.848793520365383,-59.85346300738552,-24.28173837464204,-61.109005427408604,-21.56526594750371,-60.48123421739706,-19.306273983261967,-55.157244575304986
138.00000000003132,607.0500000000313,239.10600000003956,-17.859498148517503,-62.441258674632394,-24.788813956640556,-61.35952297923074,-21.324156052579028,-61.90039082693157,-18.96807084315264,-55.22660503521723
138.10000000003146,607.1500000000315,239.2060000000397,-21.179712694879992,-61.73149653834754,-25.403211304125346,-59.184520697402135,-23.29146199950267,-60.45800861787484,-18.63249627672353,-55.298231899226174
138.20000000003137,607.2500000000314,239.3060000000396,-24.499927241234932,-61.02173440206431,-26.051499735372502,-56.243564785563564,-25.275713488303715,-58.63264959381394,-18.300399406147893,-55.3676248791953
138.3000000000315,607.3500000000315,239.40600000003974,-26.72621810713745,-59.48635484124044,-25.02495578928136,-56.00615685569959,-25.875586948209403,-57.746255848470014,-17.968521314031253,-55.44021157582284
138.4000000000314,607.4500000000314,239.50600000003965,-27.85858529395538,-57.12535785692291,-23.469517409393287,-56.62250091828946,-25.66405135167433,-56.87392938760618,-17.627208405031677,-55.51418512358779
138.50000000003155,607.5500000000316,239.60600000003978,-28.990952479699363,-54.76436087315503,-22.30706545005611,-57.999459650440514,-25.649008964877737,-56.38191026179777,-17.281426923977353,-55.579878286312486
138.60000000003146,607.6500000000315,239.7060000000397,-26.717145672699232,-54.15949322286234,-21.268714465363246,-59.61661248824214,-23.99293006903124,-56.88805285555224,-16.936339284715288,-55.640822630665475
138.7000000000316,607.7500000000316,239.80600000003983,-24.44333886569393,-53.55462557256828,-20.348094252416136,-61.05601760504542,-22.395716559055032,-57.30532158880685,-16.594575285505044,-55.69521368097828
138.8000000000315,607.8500000000315,239.90600000003974,-23.412739380283377,-54.9823850855381,-19.464652177836815,-62.43929186270404,-21.438695779060097,-58.71083847412107,-16.254448692861505,-55.734585415424505
138.90000000003164,607.9500000000317,240.00600000003988,-23.625347214891228,-58.442771759208654,-19.19991333065622,-61.99223804450549,-21.412630272773725,-60.21750490185707,-15.91027975213824,-55.76774096580562
139.00000000003155,608.0500000000316,240.10600000003978,-23.837955050221765,-61.90315843151448,-19.130554449597426,-60.967185887824016,-21.484254749909596,-61.43517215966925,-15.554111759615061,-55.80506919722984
139.10000000003168,608.1500000000317,240.20600000003992,-26.338715102244297,-61.07031364374274,-23.086502817529098,-60.56203429925502,-24.712608959886698,-60.816173971498884,-15.193277725314363,-55.84644544997122
139.2000000000316,608.2500000000316,240.30600000003983,-28.83947515426114,-60.2374688559729,-28.31360084024965,-60.35264078440063,-28.576537997255393,-60.29505482018676,-14.832328543092752,-55.88406380114418
139.30000000003173,608.3500000000317,240.40600000003997,-29.037400687774475,-59.300530380863904,-26.876838318248826,-60.5877357425469,-27.95711950301165,-59.9441330617054,-14.467886336165828,-55.92358204208598
139.40000000003164,608.4500000000317,240.50600000003988,-26.93249170570511,-58.259498218552096,-23.335698786727395,-60.96319548133337,-25.134095246216255,-59.611346849942734,-14.10134745684998,-55.96513596162708
139.50000000003178,608.5500000000318,240.60600000004,-24.827582724215397,-57.21846605667627,-21.799056543630655,-58.285561742135805,-23.313319633923026,-57.75201389940604,-13.738909719493947,-56.00446651323213
139.60000000003168,608.6500000000317,240.70600000003992,-24.558668816966243,-57.55452152165249,-20.895413442866623,-54.64379322253441,-22.727041129916433,-56.09915737209345,-13.381734986169947,-56.03983473499822
139.70000000003182,608.7500000000318,240.80600000004006,-24.289754909716475,-57.89057698662947,-21.0574047600506,-56.36708262175657,-22.673579834883537,-57.12882980419302,-13.027886645695633,-56.070954446016955
139.80000000003173,608.8500000000317,240.90600000003997,-22.434424939346897,-58.07442728191586,-21.555912208480354,-59.78460083373207,-21.995168573913624,-58.929514057823965,-12.67188539073868,-56.09773238856845
139.90000000003187,608.9500000000319,241.0060000000401,-18.992678907869042,-58.10607240770631,-21.637116689680727,-60.28770905215879,-20.314897798774886,-59.19689072993255,-12.309675611906298,-56.128695224663915
140.00000000003178,609.0500000000318,241.10600000004,-15.55093287888488,-58.137717533036714,-21.58654128678157,-59.87047727463914,-18.568737082833227,-59.00409740383793,-11.94610299238696,-56.16802114144504
140.1000000000319,609.1500000000319,241.20600000004015,-19.91845165931744,-56.72442406087631,-21.289965548742316,-60.22896004662622,-20.60420860402988,-58.476692053751265,-11.586443923254008,-56.20691735158245
140.20000000003182,609.2500000000318,241.30600000004006,-24.28597043974007,-55.31113058871912,-20.915705494514487,-60.832405307392264,-22.600837967127276,-58.071767948055694,-11.230938639498035,-56.238938534777475
140.30000000003196,609.350000000032,241.4060000000402,-24.492322457147218,-55.20491870141787,-21.501119193610336,-62.15548245122464,-22.996720825378777,-58.680200576321255,-10.88348317262457,-56.25979947910417
140.40000000003187,609.4500000000319,241.5060000000401,-20.537507716855256,-56.40578839730282,-22.38958776150918,-63.705811768153616,-21.463547739182218,-60.05580008272822,-10.542449058793338,-56.279023407402214
140.500000000032,609.550000000032,241.60600000004024,-16.58269297789135,-57.6066580935336,-21.931958825161963,-63.962429507425526,-19.257325901526656,-60.78454380047957,-10.203984874222167,-56.304151904808585
140.6000000000319,609.6500000000319,241.70600000004015,-16.798386304332595,-59.8777435733043,-21.049246467357964,-63.810506749388104,-18.923816385845278,-61.8441251613462,-9.857758617350617,-56.331080943508475
140.70000000003205,609.7500000000321,241.80600000004029,-17.01407963077433,-62.148829053080156,-18.083952698743357,-63.542218600514346,-17.549016164758843,-62.84552382679725,-9.50481445005893,-56.34982718073517
140.80000000003196,609.850000000032,241.9060000000402,-15.228168505791702,-62.584724996659006,-14.461001643962362,-63.2371834861951,-14.844585074877031,-62.91095424142705,-9.152335865710375,-56.368538999154275
140.9000000000321,609.9500000000321,242.00600000004033,-11.440652931943427,-61.18543140639626,-16.320005554462803,-62.83752330043703,-13.880329243203114,-62.011477353416645,-8.803111078878397,-56.389081088551436
141.000000000032,610.050000000032,242.10600000004024,-7.653137360949238,-59.78613781739993,-19.91015313438719,-62.407981513239044,-13.781645247668214,-61.09705966531949,-8.442585287924322,-56.412935349971214
141.10000000003214,610.1500000000322,242.20600000004038,-12.741172412792686,-62.327119342014036,-18.079190289315466,-59.42841331336487,-15.410181351054076,-60.87776632768946,-8.0670363767799,-56.43492523800565
141.20000000003205,610.2500000000321,242.30600000004029,-17.829207464624567,-64.86810086662237,-14.536297840135942,-55.643573616537935,-16.182752652380255,-60.25583724158015,-7.686126753059629,-56.44285968944309
141.30000000003218,610.3500000000322,242.40600000004042,-19.474639456033902,-64.28886662439419,-12.789197255374551,-58.36029673504267,-16.131918355704226,-61.32458167971843,-7.306349456139796,-56.44211127568075
141.4000000000321,610.4500000000321,242.50600000004033,-17.677468391443618,-60.58941661934768,-11.609188837076257,-63.130144948580856,-14.643328614259937,-61.85978078396427,-6.932291455903648,-56.44535190244707
141.50000000003223,610.5500000000322,242.60600000004047,-15.880297327450778,-56.88996661556709,-13.095622143390573,-64.2865287427646,-14.487959735420675,-60.588247679165846,-6.569665839608376,-56.45202296754917
141.60000000003214,610.6500000000322,242.70600000004038,-15.946200171866117,-57.13740562695622,-15.424089676662188,-64.30181851230539,-15.685144924264153,-60.719612069630806,-6.21073598189979,-56.44501278439648
141.70000000003228,610.7500000000323,242.8060000000405,-16.012103016281607,-57.38484463834592,-14.68388969538545,-64.53962775739873,-15.347996355833528,-60.96223619787233,-5.853935551265845,-56.42965776087479
141.80000000003218,610.8500000000322,242.90600000004042,-14.208273466662881,-58.060482902889554,-12.97463681692725,-64.84770631040486,-13.591455141795066,-61.4540946066472,-5.495157854495954,-56.416601244493805
141.90000000003232,610.9500000000323,243.00600000004056,-10.534711525416462,-59.16432042003718,-9.389784155410219,-63.66501805307591,-9.96224784041334,-61.41466923655655,-5.134786792074485,-56.40862241062491
142.00000000003223,611.0500000000322,243.10600000004047,-6.861149586750227,-60.26815793586957,-5.212636826882965,-62.01156133037283,-6.036893206816596,-61.1398596331212,-4.769791836955836,-56.401572139178896
142.10000000003237,611.1500000000324,243.2060000000406,-11.15310773267289,-57.30617951253628,-4.948045462288972,-61.831804910573155,-8.05057659748093,-59.568992211554715,-4.389241502445381,-56.39197243537096
142.20000000003228,611.2500000000323,243.3060000000405,-15.445065878585796,-54.34420108920974,-5.918998083562586,-62.11742753276272,-10.682031981074191,-58.23081431098623,-4.001440700305721,-56.373864297208065
142.3000000000324,611.3500000000324,243.40600000004065,-15.834363044979412,-56.40786704793075,-6.70969304471694,-62.31439760096375,-11.272028044848176,-59.361132324447254,-3.6166358599400388,-56.347378383717654
142.40000000003232,611.4500000000323,243.50600000004056,-12.320999236909934,-63.49717738217654,-7.443464534378815,-62.48337212586161,-9.882231885644375,-62.99027475401907,-3.2367103144644083,-56.31651895778227
142.50000000003246,611.5500000000325,243.6060000000407,-8.807635429585744,-70.5864877134861,-7.707695238821109,-63.233618529167224,-8.257665334203427,-66.91005312132665,-2.862255096953871,-56.2852033500062
142.60000000003237,611.6500000000324,243.7060000000406,-7.611013426236961,-68.59567664641283,-7.8236499061548095,-64.16742447261193,-7.717331666195886,-66.38155055951238,-2.4976513445854622,-56.2551662082629
142.7000000000325,611.7500000000325,243.80600000004074,-6.414391422885457,-66.60486557933504,-7.36534602851515,-63.68167985653067,-6.889868725700303,-65.14327271793286,-2.140556278686444,-56.21880151520792
142.8000000000324,611.8500000000324,243.90600000004065,-6.519046318552654,-66.64530110491577,-6.725697347605177,-62.747656117389,-6.622371833078915,-64.69647861115239,-1.7789266398580754,-56.173795600341755
142.90000000003255,611.9500000000326,244.00600000004079,-7.924978111546616,-68.71698322051344,-5.676482043521771,-63.350366157457096,-6.800730077534194,-66.03367468898527,-1.4108225162762227,-56.12895186189218
143.00000000003246,612.0500000000325,244.1060000000407,-9.330909902915565,-70.78866533399629,-4.497929911359366,-64.43836054777061,-6.914419907137465,-67.61351294088345,-1.0443045076650137,-56.08877014836755
143.1000000000326,612.1500000000326,244.20600000004083,-5.748848830941199,-66.37059974863367,-4.459070931182535,-64.40320445174372,-5.103959881061867,-65.38690210018869,-0.6769493997665312,-56.052804222572625
143.2000000000325,612.2500000000325,244.30600000004074,-2.166787758974979,-61.95253416328108,-4.780115050829147,-64.01336925555937,-3.473451404902063,-62.98295170942022,-0.3021175071380652,-56.01812109796169
143.30000000003264,612.3500000000327,244.40600000004088,-1.7371756413080028,-61.492942581699666,-7.031354304999761,-65.36549389431764,-4.384264973153882,-63.42921823800865,0.07531427818942517,-55.97921598541966
143.40000000003255,612.4500000000326,244.50600000004079,-4.4600124738278835,-64.9918249987252,-9.892128863440696,-67.26771111129817,-7.17607066863429,-66.12976805501168,0.4520116715619439,-55.92530550221881
143.50000000003268,612.5500000000327,244.60600000004092,-7.182849304619594,-68.49070741304637,-7.821809341945366,-67.23200650576725,-7.5023293232824795,-67.8613569594068,0.81437181555797,-55.86335743170186
143.6000000000326,612.6500000000326,244.70600000004083,-4.608598731676375,-63.70558183183491,-4.194302219750465,-66.58432658923384,-4.40145047571342,-65.14495421053438,1.152108982915015,-55.80515696880046
143.70000000003273,612.7500000000327,244.80600000004097,-2.034348158727303,-58.92045625061259,-4.429586781326796,-64.28683211077937,-3.2319674700270493,-61.60364418069598,1.4951177436396796,-55.74151324797082
143.80000000003264,612.8500000000327,244.90600000004088,-0.00517046508936414,-59.28493461321562,-5.884700292938783,-61.46834356131368,-2.9449353790140735,-60.37663908726465,1.8624217825849319,-55.66635359166726
143.90000000003278,612.9500000000328,245.006000000041,1.4789343499605365,-64.79901691290138,-5.589220421698394,-62.16937867450961,-2.0551430358689284,-63.48419779370549,2.2486677432357522,-55.59138013500806
144.00000000003268,613.0500000000327,245.10600000004092,2.9630391641024287,-70.31309920977446,-4.740921588692542,-63.98184231026217,-0.8889412122950566,-67.14747076001831,2.6425191400209793,-55.52497767398455
144.10000000003282,613.1500000000328,245.20600000004106,1.6842112418116613,-67.27498662964088,-2.028261854172561,-63.35269123480714,-0.17202530618044998,-65.313838932224,3.0443123058734174,-55.459967986008714
144.20000000003273,613.2500000000327,245.30600000004097,0.40538331952380124,-64.2368740495142,1.2731434268638049,-61.95250393649353,0.8392633731938031,-63.094688993003864,3.4368258857038083,-55.39178142995677
144.30000000003287,613.3500000000329,245.4060000000411,-0.35945393312628515,-62.44298982985335,4.35138336173703,-63.15638605447722,1.9959647143053725,-62.799687942165285,3.8160404513076736,-55.319629301807936
144.40000000003278,613.4500000000328,245.506000000041,-0.6103005168106174,-61.89333396903129,7.359150029549996,-65.1826058810191,3.3744247563696894,-63.537969925025195,4.196420061758757,-55.24443511347382
144.5000000000329,613.5500000000329,245.60600000004115,-0.861147099817843,-61.34367810845124,5.239809347933479,-63.569584332194765,2.189331124057818,-62.456631220323004,4.5825370147341875,-55.16810352926138
144.60000000003282,613.6500000000328,245.70600000004106,0.9434926059577229,-61.53186972017431,1.5013821385678492,-60.80732866742463,1.2224373722627861,-61.16959919379947,4.964433279796923,-55.091772865263
144.70000000003296,613.750000000033,245.8060000000412,2.748132311737392,-61.72006133189781,0.7261098685679153,-60.33980730842503,1.7371210901526535,-61.029934320161416,5.3427837774657565,-55.01520908332062
144.80000000003287,613.8500000000329,245.9060000000411,4.113551444973805,-62.67737604237303,0.8865707352088226,-60.596938886458325,2.5000610900913136,-61.63715746441568,5.724979578724653,-54.933716727602906
144.900000000033,613.950000000033,246.00600000004124,5.039750006252401,-64.40381385059003,2.505117928262002,-61.37191027436032,3.772433967257202,-62.88786206247517,6.109427543505942,-54.84378007324621
145.0000000000329,614.0500000000329,246.10600000004115,5.965948567182095,-66.13025165769645,4.584113433875944,-62.31041002290242,5.27503100052902,-64.22033084029943,6.494599455475494,-54.75238968101383
145.10000000003305,614.1500000000331,246.20600000004129,5.8402685806112915,-64.5000837739685,7.477129200896807,-62.1446988892823,6.658698890754049,-63.3223913316254,6.873441963188206,-54.66709220240016
145.20000000003296,614.250000000033,246.3060000000412,5.714588594040774,-62.869915890244265,10.627203997246543,-61.630289583135664,8.170896295643658,-62.25010273668997,7.245760610082766,-54.59022766209642
145.3000000000331,614.3500000000331,246.40600000004133,7.224901041706475,-63.51900985732552,10.48419968890109,-61.03594320206244,8.854550365303782,-62.277476529693985,7.617127543900436,-54.506001645972546
145.400000000033,614.450000000033,246.50600000004124,10.371205921436594,-66.44736567219314,9.301275665633689,-60.41635353422912,9.836240793535142,-63.43185960321113,7.991800089907532,-54.40022679217027
145.50000000003314,614.5500000000332,246.60600000004138,13.517510799506923,-69.37572148585018,9.592580634127494,-61.190242368194816,11.555045716817208,-65.28298192702249,8.36226315403637,-54.27360597001669
145.60000000003305,614.6500000000331,246.70600000004129,11.642382893084552,-68.63730326070728,10.349431598965307,-62.40417704383589,10.99590724602493,-65.52074015227159,8.730188882163676,-54.14903989962912
145.70000000003319,614.7500000000332,246.80600000004142,9.767254986657917,-67.89888503556271,8.653843182243785,-62.19310371966089,9.21054908445085,-65.0459943776118,9.121084502396974,-54.04261858045856
145.8000000000331,614.8500000000331,246.90600000004133,8.357867806441686,-66.46678723618086,6.183800225737057,-61.53202787024844,7.270834016089371,-63.99940755321465,9.523506384489389,-53.940475274562495
145.90000000003323,614.9500000000332,247.00600000004147,7.414221351811006,-64.34100986347632,6.996880443649076,-63.77358476960369,7.20555089773004,-64.05729731654,9.914088807582752,-53.83067145903147
146.00000000003314,615.0500000000332,247.10600000004138,6.470574898476038,-62.21523249091431,8.846736398498027,-66.93176253490579,7.6586556484870325,-64.57349751291005,10.293620159427595,-53.71041233001816
146.10000000003328,615.1500000000333,247.2060000000415,9.423613841963094,-60.504246190190614,10.40070766290813,-63.43675524922312,9.912160752435613,-61.97050071970686,10.673711565777099,-53.58831580426877
146.20000000003319,615.2500000000332,247.30600000004142,12.376652785443436,-58.79325988947081,11.861241656860834,-57.84074216274709,12.118947221152135,-58.317001026108954,11.053699006344553,-53.46085164756765
146.30000000003332,615.3500000000333,247.40600000004156,14.539246438380681,-56.809109096700226,13.232727833216154,-57.59022626184255,13.885987135798418,-57.199667679271386,11.441437335273621,-53.332334355585125
146.40000000003323,615.4500000000332,247.50600000004147,15.911394801818194,-54.55179381225184,14.576093646179459,-59.02776209991548,15.243744223998826,-56.789777956083654,11.840174643001026,-53.21346913836856
146.50000000003337,615.5500000000334,247.6060000000416,17.28354316452004,-52.294478530040166,12.602083968243099,-58.855299737417624,14.94281356638157,-55.574889133728895,12.238448838434575,-53.10542507841066
146.60000000003328,615.6500000000333,247.7060000000415,16.445344932266043,-56.7444889445384,9.58048203241199,-58.174416891686256,13.012913482339016,-57.45945291811233,12.619843083259246,-52.98637243947427
146.7000000000334,615.7500000000334,247.80600000004165,15.60714670001014,-61.19449935904675,9.460233281223482,-60.019891968973404,12.53368999061681,-60.60719566401008,13.002173229075998,-52.84479703786094
146.80000000003332,615.8500000000333,247.90600000004156,14.572801735599661,-63.30608067238456,10.256201323098225,-62.663164283285376,12.414501529348943,-62.98462247783497,13.388552589443531,-52.69152850053135
146.90000000003346,615.9500000000335,248.0060000000417,13.342310039292142,-63.07923288768781,12.614214257754087,-64.76285694450651,12.978262148523115,-63.92104491609716,13.774377492357138,-52.54048582856047
147.00000000003337,616.0500000000334,248.1060000000416,12.111818343643932,-62.85238510238513,15.465504525840757,-66.69089287355771,13.788661434742345,-64.77163898797141,14.155723201516818,-52.39520272482947
147.1000000000335,616.1500000000335,248.20600000004174,12.845525960156294,-60.81111438881678,14.620684101736142,-64.9011520847486,13.733105030946218,-62.856133236782696,14.537949224441986,-52.24998355226069
147.2000000000334,616.2500000000334,248.30600000004165,13.579233576666986,-58.76984367525308,12.608670830133043,-61.93737654561661,13.093952203400015,-60.35361011043484,14.913831335811137,-52.09916954638985
147.30000000003355,616.3500000000336,248.4060000000418,15.054878433719237,-58.26211551312332,14.62928953308,-60.9451934534104,14.842083983399618,-59.60365448326686,15.282289463850983,-51.94915735932015
147.40000000003346,616.4500000000335,248.5060000000417,17.27246053031102,-59.28792990037254,17.92337096191694,-60.57561850091926,17.59791574611398,-59.931774200645904,15.648015265831509,-51.81005144605479
147.5000000000336,616.5500000000336,248.60600000004183,19.490042625952853,-60.31374428618828,17.34260810135139,-60.305651902678,18.41632536365212,-60.309698094433145,16.017252627047842,-51.6793887807201
147.6000000000335,616.6500000000335,248.70600000004174,18.86972206205054,-57.07280648822627,15.538210204828129,-60.06714057412871,17.203966133439334,-58.56997353117749,16.38431060861309,-51.541601695532826
147.70000000003364,616.7500000000337,248.80600000004188,18.249401498146813,-53.83186869025689,14.660198951758822,-61.40962066412413,16.45480022495282,-57.62074467719051,16.742443914482298,-51.40032405156934
147.80000000003355,616.8500000000336,248.9060000000418,17.6447660540846,-52.123207411651144,14.074730848586405,-63.251361200933346,15.859748451335502,-57.68728430629224,17.095047340013366,-51.25002798075629
147.90000000003369,616.9500000000337,249.00600000004192,17.055815729840035,-51.94682265033874,15.861784541657478,-63.69400083174675,16.458800135748756,-57.82041174104275,17.45062123860645,-51.09016062724722
148.0000000000336,617.0500000000336,249.10600000004183,16.466865405449788,-51.77043789082199,18.398055642345817,-63.694819124836094,17.432460523897802,-57.73262850782904,17.806276302378205,-50.92876789502025
148.10000000003373,617.1500000000337,249.20600000004197,15.441010315763707,-56.92889732030798,18.8587104057723,-62.083418765470576,17.149860360768002,-59.50615804288928,18.15603328349643,-50.76241797896235
148.20000000003364,617.2500000000337,249.30600000004188,14.41515522607996,-62.08735674978225,18.663907379987695,-59.96289672755593,16.539531303033826,-61.02512673866909,18.50828308459491,-50.584314680186
148.30000000003378,617.3500000000338,249.406000000042,15.263979590904688,-63.94047104165964,18.39839904470161,-59.86496343330756,16.831189317803148,-61.9027172374836,18.865992096999484,-50.39373311404921
148.40000000003369,617.4500000000337,249.50600000004192,17.987483407702094,-62.48824020039592,18.110562716993456,-60.40574237243435,18.049023062347775,-61.446991286415134,19.228206483798033,-50.19591378689533
148.50000000003382,617.5500000000338,249.60600000004206,20.71098722432155,-61.03600935965591,17.61817234182773,-60.61714530784878,19.16457978307464,-60.82657733375234,19.58929408699409,-49.99639128167086
148.60000000003373,617.6500000000337,249.70600000004197,22.890972481208486,-61.139335467473174,17.061185951825454,-60.72453476864529,19.976079216516972,-60.93193511805923,19.950245503619602,-49.792122036518656
148.70000000003387,617.7500000000339,249.8060000000421,25.070957738100383,-61.242661575290676,19.466335575258498,-61.163666777804146,22.26864665667944,-61.20316417654741,20.31777357332205,-49.58746198433652
148.80000000003378,617.8500000000338,249.906000000042,25.714606759541095,-61.56477268591942,22.806896569193675,-61.707559591466406,24.260751664367383,-61.636166138692914,20.691043407846784,-49.392315571211476
148.9000000000339,617.9500000000339,250.00600000004215,24.821919547615515,-62.105668799064404,23.922762772796297,-62.145823034039715,24.372341160205906,-62.12574591655206,21.058344918736545,-49.204603995868446
149.00000000003382,618.0500000000338,250.10600000004206,23.929232337585322,-62.64656491209778,24.336093781067646,-62.55072983318682,24.132663059326482,-62.598647372642304,21.418616391444807,-49.01493320928219
149.10000000003396,618.150000000034,250.2060000000422,28.625169745200207,-62.86168661252671,23.878921093268985,-60.32820796308313,26.252045419234598,-61.59494728780492,21.780851293426608,-48.81099718824179
149.20000000003387,618.2500000000339,250.3060000000421,33.321107152804416,-63.07680831295516,23.146852502084016,-57.27597177829547,28.233979827444216,-60.17639004562531,22.146499086456977,-48.596838877795996
149.300000000034,618.350000000034,250.40600000004224,32.338566715845815,-63.11055084588903,23.865741916883287,-55.82753245316804,28.10215431636455,-59.469041649528535,22.512344996612818,-48.38322402209058
149.4000000000339,618.4500000000339,250.50600000004215,25.677548442049876,-62.96291421157481,25.042828595669885,-54.8855552930838,25.36018851885988,-58.924234752329305,22.879164123328632,-48.17580946413645
149.50000000003405,618.5500000000341,250.6060000000423,19.01653017169682,-62.81527757650778,26.053997195639603,-56.48892561253727,22.535263683668212,-59.65210159452253,23.243563277412978,-47.9656725088718
149.60000000003396,618.650000000034,250.7060000000422,22.49456892307286,-60.461377276632604,27.012770612943186,-58.896089871033766,24.753669768008024,-59.678733573833185,23.609271468488565,-47.743755083011
149.7000000000341,618.7500000000341,250.80600000004233,25.972607674456803,-58.10747697675207,28.799233650923096,-57.57747266882592,27.385920662689948,-57.84247482278899,23.97924266312874,-47.527304293391566
149.800000000034,618.850000000034,250.90600000004224,29.025573633270717,-57.93110631750949,30.84707235797966,-55.082292902808355,29.93632299562519,-56.50669961015892,24.34521172494654,-47.32075791289595
149.90000000003414,618.9500000000342,251.00600000004238,31.653466800108383,-59.93226529593338,31.792855667101374,-52.25570867657765,31.723161233604877,-56.093986986255516,24.705402794839078,-47.11500241244895
150.00000000003405,619.0500000000341,251.1060000000423,34.281359966093476,-61.933424273819654,32.39062148294201,-49.324470410530594,33.33599072451774,-55.628947342175124,25.06602951184658,-46.90834538440741
150.10000000003419,619.1500000000342,251.20600000004242,34.42699956447543,-62.371640508410614,30.490591827429935,-52.12347778295321,32.45879569595268,-57.24755914568191,25.429945643150546,-46.70836039091142
150.2000000000341,619.2500000000341,251.30600000004233,34.57263916285706,-62.80985674300057,27.80178465648451,-56.73203640542223,31.187211909670786,-59.7709465742114,25.7885430111965,-46.51297876693004
150.30000000003423,619.3500000000342,251.40600000004247,34.89748659095855,-61.48200923902852,27.839733739355808,-56.67277308179624,31.36861016515718,-59.077391160412375,26.136443523755773,-46.312472414558655
150.40000000003414,619.4500000000342,251.50600000004238,35.40154184853313,-58.38809799891786,28.73876374248554,-55.139460725984094,32.07015279550933,-56.763779362450975,26.469247994680465,-46.08836607589477
150.50000000003428,619.5500000000343,251.6060000000425,35.9055971054253,-55.29418675977254,29.99886412981189,-55.24200443485992,32.952230617618596,-55.26809559731623,26.78928191160771,-45.84102811433846
150.60000000003419,619.6500000000342,251.70600000004242,34.41871002011557,-55.03246515447474,31.372986743457766,-55.86113426822529,32.895848381786664,-55.44679971135002,27.109450604124085,-45.588770347906596
150.70000000003432,619.7500000000343,251.80600000004256,32.93182293480246,-54.770743549176345,30.87201557888164,-56.08676924350571,31.90191925684205,-55.42875639634103,27.44043263261684,-45.34556845972623
150.80000000003423,619.8500000000342,251.90600000004247,32.014462242481194,-54.87742276491688,29.77890953835233,-56.188142684942655,30.896685890416762,-55.53278272492977,27.787570925018013,-45.111353468577995
150.90000000003437,619.9500000000344,252.0060000000426,31.66662794236544,-55.35250280119089,32.3218141152458,-55.348767174720734,31.99422102880562,-55.350634987955814,28.150706494954246,-44.88087530644188
151.00000000003428,620.0500000000343,252.1060000000425,31.318793643068062,-55.82758283821535,36.0129325686428,-54.2123130488801,33.665863105855436,-55.01994794354772,28.525660133470904,-44.651007510312674
151.1000000000344,620.1500000000344,252.20600000004265,33.35226752396252,-58.49159282853742,35.91797096608642,-53.74541375031473,34.63511924502447,-56.11850328942607,28.89473005161084,-44.418444207028365
151.20000000003432,620.2500000000343,252.30600000004256,35.38574140485235,-61.15560281885344,34.627405138123656,-53.489952817765484,35.006573271488,-57.32277781830946,29.250299879472,-44.17628715494627
151.30000000003446,620.3500000000345,252.4060000000427,37.513258675743884,-60.25868790716548,33.63887150042524,-52.47901456948157,35.57606508808456,-56.36885123832353,29.597262545222865,-43.92723526834291
151.40000000003437,620.4500000000344,252.5060000000426,39.73481933649786,-55.80084809838418,32.7457164489064,-51.229504537841386,36.24026789270213,-53.51517631811278,29.94102145447777,-43.67993994139188
151.5000000000345,620.5500000000345,252.60600000004274,41.956379995704566,-51.34300829074124,34.25767811260974,-49.83449651963853,38.10702905415715,-50.58875240518988,30.284607874240397,-43.43694173201839
151.6000000000344,620.6500000000344,252.70600000004265,39.68637421712855,-50.20829555893863,36.5291503161823,-48.39354176894851,38.10776226665543,-49.30091866394357,30.627959543863486,-43.187752287720485
151.70000000003455,620.7500000000346,252.8060000000428,37.41636843854738,-49.07358282713344,38.56819273259917,-48.71118802128856,37.992280585573276,-48.892385424211,30.983773103899537,-42.93780756455582
151.80000000003446,620.8500000000345,252.9060000000427,36.78998177326862,-48.37350223519376,40.53383626902732,-49.58418195749519,38.66190902114797,-48.97884209634448,31.35380686610933,-42.684269235618025
151.9000000000346,620.9500000000346,253.00600000004283,37.80721421901725,-48.108053782515555,39.827285140013124,-49.157187507612,38.817249679515186,-48.63262064506378,31.7181979054584,-42.42519386624421
152.0000000000345,621.0500000000345,253.10600000004274,38.824446664665494,-47.8426053290548,38.27688306599569,-48.31967041045271,38.55066486533059,-48.08113786975375,32.06378556652774,-42.16466266933013
152.10000000003464,621.1500000000347,253.20600000004288,39.557914777586895,-45.311134029903585,37.233970102296304,-49.53103539120023,38.3959424399416,-47.42108471055191,32.39894438824083,-41.914454448605134
152.20000000003455,621.2500000000346,253.3060000000428,40.291382890506625,-42.77966273075813,36.35131685727198,-51.38941576344988,38.321349873889304,-47.084539247104004,32.733774005339434,-41.66909907993444
152.3000000000347,621.3500000000347,253.40600000004292,40.78438198472444,-43.31341465566672,38.24966464364539,-50.359108615810634,39.51702331418491,-46.83626163573868,33.07265576537481,-41.41292221563353
152.4000000000346,621.4500000000346,253.50600000004283,41.03691206057161,-46.91238980037553,41.02622327997242,-48.41658435877144,41.03156767027201,-47.66448707957348,33.413106615314156,-41.14300328633632
152.50000000003473,621.5500000000347,253.60600000004297,41.28944213607971,-50.51136494317555,41.45178996845966,-48.33459242325657,41.37061605226968,-49.42297868321606,33.750940690508536,-40.86661020438533
152.60000000003464,621.6500000000347,253.70600000004288,40.56565380081169,-48.59995454478769,41.13493814884613,-48.840137008947885,40.85029597482891,-48.72004577686779,34.07777576704253,-40.583880494669636
152.70000000003478,621.7500000000348,253.806000000043,39.84186546554202,-46.688544146395486,39.517224497897196,-47.56017207805427,39.67954498171961,-47.12435811222488,34.408897508318134,-40.29555265687469
152.8000000000347,621.8500000000347,253.90600000004292,39.28690174460647,-46.346916373918674,37.488712374866466,-45.716362037990756,38.38780705973647,-46.03163920595472,34.748372445130144,-40.01294393543476
152.90000000003482,621.9500000000348,254.00600000004306,38.90076263776758,-47.57507122517131,36.61913281040246,-45.45890601243736,37.75994772408502,-46.516988618804334,35.09370495095857,-39.739495427214464
153.00000000003473,622.0500000000347,254.10600000004297,38.51462353125605,-48.80322607642562,36.11553194778459,-45.702403885024154,37.31507773952032,-47.252814980724885,35.430901372052176,-39.460984972087076
153.10000000003487,622.1500000000349,254.2060000000431,39.06697113704013,-50.04422804873572,39.37490064073244,-43.66333248222696,39.22093588888629,-46.85378026548134,35.7523791841718,-39.17109427198005
153.20000000003478,622.2500000000348,254.306000000043,39.61931874282294,-51.28523002104299,43.82257550631061,-40.903449731014106,41.72094712456678,-46.09433987602855,36.06942973780195,-38.87483275148607
153.3000000000349,622.3500000000349,254.40600000004315,41.683394874583186,-50.96207278234333,42.53565261406515,-42.87425595471775,42.109523744324164,-46.91816436853054,36.37908467305886,-38.571039761591315
153.40000000003482,622.4500000000348,254.50600000004306,45.25919953020097,-49.07475633482188,39.437804118362294,-46.3389639564435,42.348501824281634,-47.70686014563269,36.67889309996274,-38.259111287272106
153.50000000003496,622.550000000035,254.6060000000432,48.835004185342385,-47.18743988764197,42.08411943071209,-48.4798626946706,45.45956180802724,-47.833651291156286,36.976696140782316,-37.942593993103706
153.60000000003487,622.6500000000349,254.7060000000431,51.02713801648763,-46.28775498242739,46.54438120446949,-50.202716403300386,48.785759610478564,-48.245235692863886,37.27818979446707,-37.6353189730822
153.700000000035,622.750000000035,254.80600000004324,53.21927184763786,-45.388070077210756,46.40815674903777,-47.177885874159244,49.813714298337814,-46.282977975685,37.589783811085425,-37.335659167690615
153.8000000000349,622.8500000000349,254.90600000004315,51.93193872655077,-45.637145275448084,44.820410329927746,-42.65378664190924,48.37617452823926,-44.14546595867866,37.90605317860068,-37.0332044053303
153.90000000003505,622.9500000000351,255.0060000000433,47.1651386580939,-47.03498057553151,44.92259581346455,-42.98371717879727,46.043867235779224,-45.00934887716439,38.22204482972468,-36.71455767466806
154.00000000003496,623.050000000035,255.1060000000432,42.398338591872765,-48.432815873910016,45.558444001836804,-44.84649921809948,43.97839129685478,-46.63965754600475,38.53117561337715,-36.39225343418816
154.1000000000351,623.1500000000351,255.20600000004333,43.985543707953696,-44.97068001712813,44.46954826834345,-43.361100184444936,44.22754598814858,-44.165890100786534,38.83787745456468,-36.07751184024682
154.200000000035,623.250000000035,255.30600000004324,45.57274882403101,-41.50854416035412,42.83599656081832,-40.81838081447246,44.20437269242467,-41.16346248741329,39.14817224456872,-35.75321771471115
154.30000000003514,623.3500000000352,255.40600000004338,45.885340448999216,-40.6149871317523,44.251797205893375,-40.73766358889791,45.0685688274463,-40.67632536032511,39.45600772272615,-35.41800775179552
154.40000000003505,623.4500000000351,255.5060000000433,44.92331858464793,-42.29000892771746,46.6305512231856,-41.43442072286842,45.77693490391677,-41.86221482529294,39.755295035413695,-35.08342103533179
154.5000000000352,623.5500000000352,255.60600000004342,43.96129672179738,-43.96503072224936,50.72467938011803,-41.15608409421988,47.34298805095771,-42.560557408234615,40.03848034311883,-34.75467286013624
154.6000000000351,623.6500000000351,255.70600000004333,47.26376031038474,-41.562446948937065,55.36050463248023,-40.56982312021322,51.312132471432484,-41.06613503457514,40.30147594267587,-34.429304341609246
154.70000000003523,623.7500000000352,255.80600000004347,50.5662238989796,-39.15986317561931,54.50006330437096,-40.061395663150094,52.53314360167528,-39.6106294193847,40.56727083763865,-34.11006470160599
154.80000000003514,623.8500000000352,255.90600000004338,52.06422592018797,-38.46806620603826,51.90395884971649,-39.577547211380626,51.984092384952234,-39.02280670870944,40.84240272756975,-33.79814950168681
154.90000000003528,623.9500000000353,256.0060000000435,51.75776637656043,-39.48705603777905,50.23784785637168,-37.92965938433053,50.997807116466056,-38.70835771105479,41.12160859344678,-33.48017009416299
155.0000000000352,624.0500000000352,256.1060000000434,51.4513068321745,-40.506045868482225,48.86541900800975,-35.91418017649249,50.15836292009213,-38.21011302248736,41.39794898416547,-33.13633044920896
155.10000000003532,624.1500000000353,256.20600000004356,48.99096575278611,-38.58742990509101,47.771480899262414,-37.59865743455905,48.38122332602426,-38.09304366982503,41.66124220428996,-32.76616253450175
155.20000000003523,624.2500000000352,256.30600000004347,46.5306246734033,-36.66881394170415,46.765487234397625,-40.45154199485912,46.64805595390047,-38.560177968281636,41.91722863244832,-32.394837079177755
155.30000000003537,624.3500000000354,256.4060000000436,46.40959898419968,-35.97622779318633,48.84298558282296,-41.27823051143463,47.62629228351132,-38.62722915231048,42.16798971463379,-32.02884853742246
155.40000000003528,624.4500000000353,256.5060000000435,48.62788868186739,-36.50967145780677,51.89421824890531,-41.46506764730542,50.261053465386354,-38.98736955255609,42.415373978721846,-31.664153222160373
155.5000000000354,624.5500000000354,256.60600000004365,50.84617837927118,-37.0431151217182,52.13059822608797,-40.234016139457765,51.488388302679574,-38.63856563058798,42.660160113800885,-31.292947326921375
155.60000000003532,624.6500000000353,256.70600000004356,52.30620825306325,-35.57428888031746,51.47807735626721,-38.55521032414077,51.89214280466523,-37.064749602229114,42.90966194692743,-30.91249421391714
155.70000000003546,624.7500000000355,256.8060000000437,53.76623812685864,-34.10546263891337,50.21468844977186,-38.570721933135765,51.990463288315254,-36.33809228602457,43.15636024480833,-30.53840969321848
155.80000000003537,624.8500000000354,256.9060000000436,53.47192620251093,-32.91666068881666,48.75839384794915,-39.121281148529995,51.11516002523004,-36.01897091867333,43.4009889812907,-30.17441239832775
155.9000000000355,624.9500000000355,257.00600000004374,51.423272482507855,-32.00788302962463,50.872932543787165,-35.87575880434375,51.148102513147506,-33.941820916984184,43.65212434764285,-29.812310010705712
156.0000000000354,625.0500000000354,257.10600000004365,49.37461876283941,-31.099105370142464,54.11510280460385,-31.431473865272437,51.744860783721634,-31.265289617707452,43.91562374417951,-29.438328620765436
156.10000000003555,625.1500000000356,257.2060000000438,48.25625121070456,-29.366558861155816,52.723812562375855,-32.001732277247754,50.49003188654021,-30.684145569201785,44.17583173453163,-29.054812282651007
156.20000000003546,625.2500000000355,257.3060000000437,47.137883658572264,-27.634012352173112,49.86932427006354,-34.15553069102222,48.503603964317904,-30.89477152159767,44.418121559307174,-28.68273446461446
156.3000000000356,625.3500000000356,257.40600000004383,47.82388381494999,-28.300935340792318,52.62131069662962,-33.08923445335001,50.22259725578981,-30.695084897071162,44.65395813585075,-28.323172502031
156.4000000000355,625.4500000000355,257.50600000004374,50.31425167726636,-31.36732782359509,57.14376281963987,-31.006066222926037,53.729007248453115,-31.186697023260564,44.89135852594773,-27.963520206419595
156.50000000003564,625.5500000000357,257.6060000000439,52.804619539219566,-34.43372030522499,58.9014976269033,-31.66723929107991,55.85305858306143,-33.05047979815245,45.12805518905466,-27.586461146762776
156.60000000003555,625.6500000000356,257.7060000000438,54.26176608166588,-34.19500044816992,59.78616381023274,-33.19504645143842,57.02396494594932,-33.69502344980417,45.35765605004951,-27.20043174704123
156.7000000000357,625.7500000000357,257.8060000000439,55.71891262411551,-33.956280591114314,57.02791127735147,-33.60112699416847,56.37341195073349,-33.778703792641394,45.58277555575007,-26.82824146641842
156.8000000000356,625.8500000000356,257.90600000004383,56.29605398234242,-33.40699892991562,53.119263363174454,-33.65297807954948,54.70765867275844,-33.52998850473255,45.79792813769182,-26.46283164355728
156.90000000003573,625.9500000000357,258.00600000004397,55.99319015760581,-32.54715546501481,55.34917534467098,-33.13108969550359,55.671182751138396,-32.8391225802592,46.00127224944829,-26.09189514468475
157.00000000003564,626.0500000000357,258.1060000000439,55.690326333578696,-31.687312000152584,59.51757992013348,-32.428020426812736,57.603953126856084,-32.05766621348266,46.19908602970882,-25.714343635156254
157.10000000003578,626.1500000000358,258.206000000044,57.373043391757186,-30.93007623908879,57.21987489670069,-32.233465967900074,57.29645914422893,-31.581771103494432,46.40886467723244,-25.328894656741284
157.2000000000357,626.2500000000357,258.3060000000439,59.05576044993185,-30.17284047802672,52.88024053117139,-32.19949513274186,55.96800049055162,-31.18616780538429,46.62196148236791,-24.939954526817687
157.30000000003582,626.3500000000358,258.40600000004406,60.11248379242712,-29.83081996751808,52.41577072476232,-29.39319625059111,56.26412725859472,-29.612008109054596,46.827934126945706,-24.54891239645598
157.40000000003573,626.4500000000357,258.50600000004397,60.54321342013489,-29.904014706969658,53.17503709196882,-25.711425355719552,56.859125256051854,-27.807720031344605,47.02930008485164,-24.15400284176885
157.50000000003587,626.5500000000359,258.6060000000441,60.973943047194034,-29.97720944610376,54.704617245306316,-26.991792309347623,57.839280146250175,-28.484500877725694,47.22579505189343,-23.75151984572485
157.60000000003578,626.6500000000358,258.706000000044,59.59646000731481,-29.166245789893498,56.47745438314605,-29.83915015871559,58.03695719523043,-29.502697974304546,47.41367450470334,-23.347845487273695
157.7000000000359,626.7500000000359,258.80600000004415,58.218976967432454,-28.355282133681392,56.87024585445772,-30.004053470570447,57.54461141094509,-29.17966780212592,47.591930622029224,-22.952343425112332
157.80000000003582,626.8500000000358,258.90600000004406,58.0488373225498,-27.294210400643056,56.82723343212711,-29.32186587788648,57.43803537733845,-28.308038139264767,47.760316458174515,-22.56256334688678
157.90000000003596,626.950000000036,259.0060000000442,59.08604107093114,-25.983030591133065,58.52530134676747,-25.771438386660957,58.805671208849304,-25.87723448889701,47.92150234161848,-22.172427602824552
158.00000000003587,627.0500000000359,259.1060000000441,60.123244820241865,-24.671850783135103,60.77318410332785,-21.315250929674754,60.44821446178486,-22.99355085640493,48.073962476939734,-21.78385885292246
158.100000000036,627.150000000036,259.20600000004424,63.75404731482798,-27.561212309768006,62.17366143160961,-23.17416943124204,62.963854373218794,-25.367690870505022,48.21711179893788,-21.388998585087517
158.2000000000359,627.2500000000359,259.30600000004415,67.38484980940584,-30.450573836394337,63.30653704634154,-27.027331914889153,65.34569342787368,-28.738952875641743,48.36330676871966,-20.980984309402857
158.30000000003605,627.3500000000361,259.4060000000443,67.25981481216351,-29.165839269334363,60.77413796184491,-27.677448523223287,64.0169763870042,-28.421643896278823,48.52091857434399,-20.56117858381323
158.40000000003596,627.450000000036,259.5060000000442,63.378942328515805,-23.707008614611087,57.084283711983154,-27.316076962855046,60.23161302024948,-25.511542788733067,48.68998014485451,-20.14599789103832
158.5000000000361,627.5500000000361,259.60600000004433,59.49806984675877,-18.248177962688924,58.29535011259805,-26.820652210659347,58.896709979678405,-22.534415086674137,48.86206621731877,-19.734647426526763
158.600000000036,627.650000000036,259.70600000004424,60.871344633431605,-20.571747823074652,61.054075662236315,-26.282894871674955,60.96271014783396,-23.427321347374804,49.035383784496375,-19.320024192850227
158.70000000003614,627.7500000000362,259.8060000000444,62.244619420107554,-22.895317683465663,61.96477449508624,-23.32996838492546,62.1046969575969,-23.112643034195564,49.20433351535384,-18.91303871899766
158.80000000003605,627.8500000000361,259.9060000000443,64.04278728160936,-24.737810424955047,62.29188594510046,-19.61435690600423,63.16733661335491,-22.176083665479638,49.35081430681685,-18.519946705679985
158.9000000000362,627.9500000000362,260.0060000000444,66.26584821733076,-26.099226048246862,63.54330599362146,-21.13056853956951,64.90457710547611,-23.614897293908186,49.46846054136521,-18.131773757795273
159.0000000000361,628.0500000000361,260.10600000004433,68.48890915144068,-27.46064166923504,65.08661296727385,-24.29893483621746,66.78776105935727,-25.87978825272625,49.576662634322595,-17.74270104763247
159.10000000003623,628.1500000000362,260.20600000004447,66.26853506860273,-22.45859755759446,64.42111726622231,-23.065438522022802,65.34482616741252,-22.76201803980863,49.70210693328219,-17.350426871276465
159.20000000003614,628.2500000000362,260.3060000000444,64.04816098576983,-17.456553445965245,63.05810493275247,-20.44188033410504,63.55313295926115,-18.949216890035142,49.84570795610585,-16.947453408115578
159.30000000003628,628.3500000000363,260.4060000000445,61.57843306177316,-15.950241564024301,62.615329795212425,-20.36563731413915,62.09688142849279,-18.157939439081726,49.99388336812,-16.531781014077374
159.4000000000362,628.4500000000362,260.5060000000444,58.85935129698567,-17.939661906707414,62.463155876733204,-21.093809608409526,60.66125358685944,-19.51673575755847,50.13560820396218,-16.105418252212154
159.50000000003632,628.5500000000363,260.60600000004456,56.14026953374311,-19.92908224820543,62.876331277053076,-21.370756063036158,59.50830040539809,-20.649919155620793,50.26704098184433,-15.673297249824428
159.60000000003623,628.6500000000362,260.70600000004447,57.684842066099584,-18.648505563523432,63.4680380407676,-21.505210147595655,60.57644005343359,-20.076857855559545,50.399441464265124,-15.23896838808504
159.70000000003637,628.7500000000364,260.8060000000446,59.22941459845958,-17.367928878838526,62.435988427075976,-19.95609756346048,60.83270151276778,-18.662013221149504,50.538745847250745,-14.815090286258068
159.80000000003628,628.8500000000363,260.9060000000445,60.53829146146475,-18.60660774305356,60.89117364282549,-17.875332348407156,60.71473255214512,-18.240970045730357,50.67402194041503,-14.399763360580732
159.9000000000364,628.9500000000364,261.00600000004465,61.611472655464055,-22.364542152508164,60.85613768609583,-18.186699200988222,61.233805170779945,-20.275620676748193,50.79134794180328,-13.986212488246172
160.00000000003632,629.0500000000363,261.10600000004456,62.68465384831816,-26.122476559363076,61.297873989524405,-19.253476178345114,61.991263918921284,-22.687976368854095,50.89612048345539,-13.572736758914303
160.10000000003646,629.1500000000365,261.2060000000447,60.616649705822624,-22.757905494434567,61.505523584678144,-20.18563917699016,61.061086645250384,-21.471772335712366,51.006292997793174,-13.158140041993931
160.20000000003637,629.2500000000364,261.3060000000446,58.54864556333178,-19.393334429513708,61.639251061609436,-21.075292498248402,60.09394831247061,-20.234313463881055,51.12700725009568,-12.748598997716114
160.3000000000365,629.3500000000365,261.40600000004474,58.36974964003386,-17.84956736701645,62.474321712391564,-17.444401021032075,60.422035676212715,-17.646984194024263,51.25086341651036,-12.33993580834033
160.4000000000364,629.4500000000364,261.50600000004465,60.079961933172065,-18.12660430429192,63.530869154371366,-12.385969084645238,61.805415543771716,-15.256286694468578,51.37300410962308,-11.929304332305687
160.50000000003655,629.5500000000366,261.6060000000448,61.79017422570774,-18.403641240202642,63.06855473468676,-12.279945118171817,62.42936448019725,-15.34179317918723,51.488791881585996,-11.516917837733947
160.60000000003646,629.6500000000365,261.7060000000447,61.84382918662173,-14.950870901988363,62.12659972828523,-13.73783945415361,61.98521445745348,-14.344355178070987,51.60235006658106,-11.100861218091255
160.7000000000366,629.7500000000366,261.80600000004483,61.89748414753585,-11.498100563766236,62.55280111646945,-13.56380424455495,62.22514263200265,-12.530952404160594,51.71971181487565,-10.673901530324152
160.8000000000365,629.8500000000365,261.90600000004474,62.95964744853387,-9.61137029776394,63.411051891357275,-12.874422863931487,63.18534966994557,-11.242896580847713,51.83295647328335,-10.243522320651357
160.90000000003664,629.9500000000367,262.0060000000449,65.0303190881439,-9.290680101679763,61.48511361294136,-13.066133260642516,63.25771635054263,-11.178406681161139,51.93492221799213,-9.817830759186549
161.00000000003655,630.0500000000366,262.1060000000448,67.10099072687038,-8.969989906367202,58.679957740909,-13.536083165302017,62.89047423388969,-11.25303653583461,52.03274355756469,-9.398120698878396
161.1000000000367,630.1500000000367,262.2060000000449,66.77095127177893,-10.755134686693353,59.79267967636734,-9.78186453811384,63.281815474073134,-10.268499612403597,52.13114194856959,-8.965907315037908
161.2000000000366,630.2500000000366,262.30600000004483,66.44091181668824,-12.540279467015445,62.14262617956844,-4.693697956789462,64.29176899812833,-8.616988711902454,52.22210849159799,-8.521244068775395
161.30000000003673,630.3500000000367,262.40600000004497,66.08668321792452,-12.66331218253255,62.18795171141507,-6.325518059239095,64.13731746466979,-9.494415120885822,52.293699785416024,-8.072744911446664
161.40000000003664,630.4500000000367,262.5060000000449,65.7082654755249,-11.12423283568548,61.505502201466705,-10.079439214496109,63.606883838495804,-10.601836025090794,52.351183869345874,-7.6292328261408375
161.50000000003678,630.5500000000368,262.606000000045,65.32984773271288,-9.585153487536617,61.881166964289605,-10.83726287070262,63.60550734850124,-10.21120817911962,52.404327165924535,-7.190836939403448
161.6000000000367,630.6500000000367,262.7060000000449,63.83415274486935,-4.521420671205975,62.59097307558435,-10.648950476906135,63.21256291022685,-7.585185574056055,52.46402550864894,-6.745423521293382
161.70000000003682,630.7500000000368,262.80600000004506,62.338457757022425,0.5423121451361812,62.940034197844255,-10.198532392031188,62.63924597743334,-4.8281101234475035,52.51877649262765,-6.297089020911842
161.80000000003673,630.8500000000367,262.90600000004497,62.84290685749493,1.9065823567963107,63.175175850162255,-9.665344089126208,63.00904135382859,-3.8793808661649485,52.57410846760644,-5.8509956176356095
161.90000000003687,630.9500000000369,263.0060000000451,65.3475000433422,-0.42861003076866266,61.54124448159638,-9.91354755005665,63.44437226246929,-5.171078790412657,52.63726033344125,-5.40349828581203
162.00000000003678,631.0500000000368,263.106000000045,67.85209322838675,-2.7638024185467756,59.31707952894913,-10.408506304220413,63.584586378667936,-6.586154361383595,52.709073612238285,-4.952490019521226
162.1000000000369,631.1500000000369,263.20600000004515,68.19293803481297,-5.6920484593746625,61.910663379087865,-6.559139247041888,65.05180070695042,-6.125593853208276,52.781555546214136,-4.49998528848185
162.20000000003682,631.2500000000368,263.30600000004506,68.53378284123843,-8.620294500195891,66.0256415842356,-1.3378798317868679,67.27971221273702,-4.97908716599138,52.83713316788407,-4.047538979750297
162.30000000003696,631.350000000037,263.4060000000452,68.4132325459918,-8.522545026413962,65.63275426971569,0.07152291694943556,67.02299340785375,-4.225511054732263,52.8774186291463,-3.602922320060371
162.40000000003687,631.4500000000369,263.5060000000451,67.83128714975558,-5.398800042501522,63.81633047882239,0.27718145817886053,65.82380881428898,-2.5608092921613306,52.899464368878945,-3.164172627093923
162.500000000037,631.550000000037,263.60600000004524,67.24934175350987,-2.2750550604476225,64.13248665681694,-0.5355950508886314,65.69091420516341,-1.405325055668127,52.90450022170454,-2.727388371263428
162.6000000000369,631.6500000000369,263.70600000004515,66.64538127689241,-4.185163891401373,65.12208913910756,-1.6699826276721408,65.88373520799999,-2.927573259536757,52.906178883314254,-2.2834040529613753
162.70000000003705,631.7500000000371,263.8060000000453,66.04142080027358,-6.095272722359468,64.9620519418423,-3.7193739848356264,65.50173637105794,-4.907323353597548,52.917788071031595,-1.824868024548248
162.80000000003696,631.850000000037,263.9060000000452,64.03895153424071,-5.240683751520447,64.43897063614305,-6.057713903502748,64.23896108519187,-5.649198827511597,52.934143242131185,-1.357100892266831
162.9000000000371,631.9500000000371,264.00600000004533,60.6379734808579,-1.621396982979026,62.57582405798158,-3.2411412694228523,61.60689876941974,-2.431269126200939,52.945841312438986,-0.9045252287410046
163.000000000037,632.050000000037,264.10600000004524,57.236995428686775,1.997889783946162,60.289498973781534,1.2032984825327633,58.76324720123415,1.6005941332394626,52.949078836323714,-0.47597193688704054
163.10000000003714,632.1500000000372,264.2060000000454,57.08447981050901,1.2784772971587461,60.99189172755384,1.5541397977763145,59.03818576903143,1.4163085474675303,52.943686914917414,-0.04451959384268867
163.20000000003705,632.2500000000371,264.3060000000453,56.931964192331584,0.5590648103729661,62.63809011202503,0.6122658204240581,59.78502715217831,0.5856653153985121,52.93931867560404,0.3930376386532964
163.3000000000372,632.3500000000372,264.4060000000454,59.487171706155614,0.5774196307039279,64.22482410262616,-0.26679326191520736,61.85599790439089,0.15531318439436026,52.94081000258277,0.8295509906058093
163.4000000000371,632.4500000000371,264.50600000004533,64.75010234794303,1.3335417570544705,65.79277986362602,-1.1260160616654653,65.27144110578453,0.10376284769450261,52.9455207026674,1.2656319809767247
163.50000000003723,632.5500000000372,264.60600000004547,70.01303298633817,2.0896638835604358,66.88559084567511,-0.4438890019076016,68.44931191600665,0.8228874408264171,52.9444674609204,1.7018444366155272
163.60000000003714,632.6500000000372,264.7060000000454,66.1467248680661,3.257977607591257,67.8283561084257,0.7249801175341948,66.9875404882459,1.991478862562726,52.9320508347355,2.136662521208661
163.70000000003728,632.7500000000373,264.8060000000455,62.280416749785225,4.426291331624736,68.22977669845471,3.3604431024814074,65.25509672411997,3.8933672170530715,52.91016294166436,2.574778559900439
163.8000000000372,632.8500000000372,264.9060000000454,60.92357874919684,3.9543629061084378,68.46024633962746,6.459040991164605,64.69191254441215,5.206701948636521,52.885861844649526,3.0245738395739985
163.90000000003732,632.9500000000373,265.00600000004556,62.07621086255174,1.8421923334867571,67.61337002529193,4.878384847686853,64.84479044392184,3.360288590586805,52.86162329942143,3.4815964147978873
164.00000000003723,633.0500000000372,265.10600000004547,63.22884297574835,-0.26997823806652094,66.42627919954089,1.820069539844975,64.82756108764463,0.7750456508892271,52.8356025044376,3.9370903925984586
164.10000000003737,633.1500000000374,265.2060000000456,63.96403565310983,0.47014613384369996,65.42999299786449,1.752610584367559,64.69701432548716,1.1113783591056294,52.80302958766585,4.381362871240114
164.20000000003728,633.2500000000373,265.3060000000455,64.69922833046964,1.210270505752238,64.49396088785379,2.629632579912231,64.59659460916171,1.9199515428322345,52.77094701910889,4.811841275741247
164.30000000003741,633.3500000000374,265.40600000004565,64.14561255433834,2.311509240056899,64.45826008046527,4.374622246335744,64.30193631740181,3.3430657431963215,52.73706904752276,5.229316857145427
164.40000000003732,633.4500000000373,265.50600000004556,62.303188326646655,3.773862336212405,64.7068744205631,6.393706966031088,63.50503137360488,5.083784651121746,52.6924404406885,5.644240516304239
164.50000000003746,633.5500000000375,265.6060000000457,60.46076410003654,5.236215431545332,62.756051264340385,6.327751719433825,61.608407682188464,5.781983575489578,52.6380989000235,6.057514801367823
164.60000000003737,633.6500000000374,265.7060000000456,61.51242033162507,4.4971362042213405,60.11066890049629,5.603362800917488,60.81154461606069,5.0502495025694145,52.58499866235955,6.470896998894445
164.7000000000375,633.7500000000375,265.80600000004574,62.564076563215984,3.758056976895668,60.066308960454,7.2120233516074475,61.31519276183499,5.485040164251558,52.53480466541655,6.882368042826506
164.80000000003741,633.8500000000374,265.90600000004565,63.92815934738009,4.785689906262935,60.843324520610686,9.557436364409778,62.38574193399539,7.171563135336356,52.48462645067067,7.299717258956603
164.90000000003755,633.9500000000376,266.0060000000458,65.60466868365474,7.580034989676566,61.311320838069236,10.060239401876148,63.457994760861986,8.820137195776358,52.42661632122856,7.723958924243612
165.00000000003746,634.0500000000375,266.1060000000457,67.2811780182655,10.374380073048602,61.681732131760825,9.981165606481545,64.48145507501317,10.177772839765073,52.35272514621948,8.150355810658722
165.1000000000376,634.1500000000376,266.20600000004583,64.5328187419384,13.074786504200006,62.40091551246046,10.847332965406666,63.46686712719943,11.961059734803335,52.27438460304507,8.586859389009836
165.2000000000375,634.2500000000375,266.30600000004574,61.78445946561754,15.77519293534527,63.2302374466738,12.011997530208042,62.507348456145664,13.893595232776656,52.19895805232693,9.029339015331326
165.30000000003764,634.3500000000377,266.4060000000459,60.906145177181564,15.723951463160093,64.30859716819324,10.002090803571345,62.60737117268741,12.86302113336572,52.129209657897555,9.46673751919347
165.40000000003755,634.4500000000376,266.5060000000458,61.897875873819665,12.92106209178652,65.4656004012929,6.989687882161155,63.68173813755628,9.955374986973837,52.06703758359294,9.88921217424385
165.5000000000377,634.5500000000377,266.6060000000459,62.889606569908835,10.118172721423944,63.45590134071693,9.582475587068618,63.172753955312885,9.85032415424628,52.010582394936684,10.302243629287343
165.6000000000376,634.6500000000376,266.70600000004583,62.42101884897266,10.010720367463826,60.44619103202615,13.945323485303668,61.43360494049941,11.978021926383747,51.959006400391814,10.726738185072831
165.70000000003773,634.7500000000377,266.80600000004597,61.95243112803542,9.903268013503462,59.35931402261206,15.131764951785534,60.65587257532374,12.5175164826445,51.90268019618983,11.159186123827377
165.80000000003764,634.8500000000377,266.9060000000459,61.46909764221357,11.497902568075745,58.879647527236024,15.31513070549468,60.17437258472479,13.406516636785213,51.829833200683126,11.58815817539525
165.90000000003778,634.9500000000378,267.006000000046,60.97101839152717,14.794624028618177,59.843641764464,15.971561596767492,60.40733007799558,15.383092812692833,51.74190849427953,12.014184023370339
166.0000000000377,635.0500000000377,267.1060000000459,60.47293914155071,18.09134548722917,61.26352886346934,16.777381478471952,60.86823400251002,17.43436348285056,51.64508864563097,12.439140908502713
166.10000000003782,635.1500000000378,267.20600000004606,61.85280229482083,16.29071130541759,61.93372135958565,15.767229414740811,61.89326182720324,16.0289703600792,51.53809887718603,12.870826329128903
166.20000000003773,635.2500000000377,267.30600000004597,63.23266544808782,14.49007712361011,62.36716819222627,14.183612527583312,62.79991682015705,14.33684482559671,51.41368936797674,13.313459046023711
166.30000000003787,635.3500000000379,267.4060000000461,63.85219133475336,14.793137900088105,62.54952585314394,16.52747832163226,63.20085859394865,15.660308110860182,51.281413882443076,13.750680205352076
166.40000000003778,635.4500000000378,267.506000000046,63.711379955966,17.199893631664555,62.6525921968749,20.111601801347156,63.18198607642045,18.655747716505857,51.15306513301898,14.170142114166143
166.50000000003791,635.5500000000379,267.60600000004615,63.57056857706212,19.60664936310637,62.32642758795849,18.470517789870748,62.948498082510305,19.03858357648856,51.0320670446095,14.58261066273675
166.60000000003782,635.6500000000378,267.70600000004606,63.12368844254,21.644416541187397,61.864716362759964,15.17936825903329,62.49420240264998,18.411892400110343,50.914823748336836,15.004531571760035
166.70000000003796,635.750000000038,267.8060000000462,62.676808308016874,23.682183719273056,61.72088642547691,17.67424316037209,62.19884736674689,20.67821343982257,50.79360990471233,15.420566151268154
166.80000000003787,635.8500000000379,267.9060000000461,62.15997727082054,24.354645320653976,61.6774400525456,21.996283667248854,61.91870866168307,23.175464493951417,50.66773477356666,15.82852385302929
166.900000000038,635.950000000038,268.00600000004624,61.5731953310549,23.661801347406907,61.48612535449972,21.39254110409213,61.529660342777305,22.52717122574952,50.533960857886726,16.239693238465136
167.00000000003791,636.0500000000379,268.10600000004615,60.98641339114225,22.96895737335153,61.24811539601003,19.23328810170287,61.117264393576136,21.1011227375272,50.39946757794732,16.658595477232126
167.10000000003805,636.1500000000381,268.2060000000463,60.008953966793555,20.143222086213434,59.94105059720908,20.91205494809396,59.97500228200131,20.527638517153697,50.260876482712845,17.07707089039641
167.20000000003796,636.250000000038,268.3060000000462,59.03149454244708,17.317486799081763,58.296389533905476,23.802828059446796,58.66394203817627,20.56015742926428,50.09967453507583,17.490928782890744
167.3000000000381,636.3500000000381,268.40600000004633,59.21545754866837,17.591088636551568,57.536687234591646,22.528713100906213,58.376072391630004,20.05990086872889,49.926343793641145,17.89957772822927
167.400000000038,636.450000000038,268.50600000004624,60.560842983687266,20.964027593900063,57.05644559688411,19.939370334158774,58.808644290285685,20.45169896402942,49.75506898811859,18.30190589615275
167.50000000003814,636.5500000000382,268.6060000000464,61.90622841687874,24.336966550528036,57.05218395261413,22.289985708352884,59.47920618474643,23.31347612944046,49.58910046663215,18.698248678107493
167.60000000003805,636.6500000000381,268.7060000000463,58.459634054516435,25.803599080433102,57.19823177957446,26.200587859929886,57.82893291704545,26.002093470181492,49.429113866724315,19.10088427546031
167.7000000000382,636.7500000000382,268.8060000000464,55.01303969214629,27.270231610341504,58.057483910956115,26.372045843279345,56.5352618015512,26.821138726810425,49.27799019546644,19.512203135195755
167.8000000000381,636.8500000000381,268.90600000004633,52.960367352019325,28.076981064580036,59.141958453685994,25.362721460711757,56.05116290285266,26.719851262645896,49.129720080759014,19.92481920797785
167.90000000003823,636.9500000000382,269.00600000004647,52.301617031996344,28.223847444160633,58.64053987405533,25.460243595107265,55.47107845302584,26.84204551963395,48.966473870955866,20.329468466208002
168.00000000003814,637.0500000000382,269.1060000000464,51.642866713337675,28.370713824353963,57.63831294126938,25.907296207655083,54.64058982730353,27.139005016004525,48.78437082513789,20.72558331093509
168.10000000003828,637.1500000000383,269.2060000000465,54.55178651185664,30.122509850785914,56.86929390339314,25.637926995574553,55.71054020762489,27.88021842318023,48.602512411123655,21.125013371580877
168.2000000000382,637.2500000000382,269.3060000000464,57.460706310369,31.87430587721388,56.17391946372433,25.142319313135275,56.81731288704667,28.50831259517458,48.42106860664741,21.526763769813602
168.30000000003832,637.3500000000383,269.40600000004656,59.229484877004076,32.00322042320901,56.627238027343665,24.75751819309518,57.928361452173874,28.380369308152094,48.24043395860455,21.930102911060292
168.40000000003823,637.4500000000382,269.50600000004647,59.858122213501105,30.509253491257766,57.44330174897052,24.40770861898788,58.650711981235816,27.458481055122824,48.068381361368616,22.32917400134248
168.50000000003837,637.5500000000384,269.6060000000466,60.48675954897416,29.01528655930368,57.4377961751597,26.46383508069178,58.96227786206693,27.739560819997727,47.90247138391963,22.7162950474929
168.60000000003828,637.6500000000383,269.7060000000465,58.446904843591774,27.522756999709717,57.17284766660935,29.27973081491808,57.80987625510056,28.401243907313898,47.72853584149351,23.086584614173727
168.70000000003841,637.7500000000384,269.80600000004665,56.40705013820475,26.03022744011236,56.41954094769426,30.462928793168093,56.413295542949506,28.246578116640226,47.55249139567771,23.448913576401775
168.80000000003832,637.8500000000383,269.90600000004656,56.41401063786837,26.162278847818648,55.51201584695438,31.130538007684674,55.96301324241138,28.64640842775166,47.37855470479701,23.811116599734433
168.90000000003846,637.9500000000385,270.0060000000467,58.467786339436614,27.918911220332124,54.81733873121523,31.873263002064185,56.64256253532592,29.896087111198156,47.194537368805584,24.17606840696796
169.00000000003837,638.0500000000384,270.1060000000466,60.52156203947597,29.675543591342677,54.18987676846462,32.639708768969186,57.3557194039703,31.15762618015593,47.00358856316057,24.54017125440066
169.1000000000385,638.1500000000385,270.20600000004674,58.60871350500132,27.53136916220723,54.873036289823006,31.960447977973704,56.74087489741216,29.745908570090467,46.82105820909909,24.91251094970005
169.20000000003841,638.2500000000384,270.30600000004665,56.69586497053101,25.38719473307666,55.970076278786976,30.82464827512652,56.332970624659,28.10592150410159,46.64243427939857,25.29850989401245
169.30000000003855,638.3500000000386,270.4060000000468,54.856175684825295,24.656934070920425,54.82894719631915,32.58941901936264,54.842561440572226,28.623176545141533,46.46359575196179,25.695424642883474
169.40000000003846,638.4500000000385,270.5060000000467,53.08964564777975,25.340587173562163,52.98102788258062,35.2701593761167,53.03533676518018,30.305373274839432,46.282368634165366,26.08733822156346
169.5000000000386,638.5500000000386,270.60600000004683,51.32311561170431,26.024240278046562,54.72825159182004,36.430677655209564,53.025683601762175,31.227458966628063,46.08907830387208,26.46906671567578
169.6000000000385,638.6500000000385,270.70600000004674,52.07675968377983,31.470998917926728,57.61078362118962,37.11112580574184,54.84377165248472,34.291062361834285,45.888281903073334,26.84324741036009
169.70000000003864,638.7500000000387,270.8060000000469,52.83040375585705,36.91775755781928,56.58906716667297,35.990989276229946,54.70973546126501,36.45437341702461,45.68665382423809,27.213902740694294
169.80000000003855,638.8500000000386,270.9060000000468,52.53807961690091,39.94103374151031,54.33443014146109,34.30224705974398,53.436254879181,37.12164040062714,45.49366257012371,27.579875190219436
169.9000000000387,638.9500000000387,271.0060000000469,51.19978726852728,40.540827472760604,54.886045780432696,34.429454051346696,53.04291652447999,37.485140762053646,45.30152690255725,27.938923372046293
170.0000000000386,639.0500000000386,271.10600000004683,49.8614949205185,41.140621203001395,56.323846468975624,35.1301186861368,53.09267069474706,38.13536994456909,45.1039500831294,28.293747103496468
170.10000000003873,639.1500000000387,271.20600000004697,49.459217916597474,39.132259903681295,55.406329395031776,35.071606358199794,52.43277365581463,37.101933130940544,44.89696402088999,28.653574337189855
170.20000000003864,639.2500000000387,271.3060000000469,49.05694091267736,37.12389860436576,53.74502776642719,34.773353937386254,51.40098433955228,35.948626270876005,44.68439548492156,29.02116326880733
170.30000000003878,639.3500000000388,271.406000000047,48.13054025900672,35.63160830308338,52.740942077218754,35.537785492764144,50.43574116811274,35.58469689792376,44.46901818890102,29.39057605796708
170.4000000000387,639.4500000000387,271.5060000000469,46.68001595640252,34.65538899904067,51.944398263078135,36.63780146081051,49.31220710974033,35.64659522992559,44.2541467969596,29.75586093400262
170.50000000003882,639.5500000000388,271.60600000004706,45.22949165427488,33.67916969638304,50.97797786405757,34.51862354804471,48.10373475916623,34.09889662221387,44.03550299973569,30.109943834097347
170.60000000003873,639.6500000000387,271.70600000004697,45.01313884885516,36.27103250250156,49.95791222784758,31.382858096594774,47.48552553835137,33.82694529954817,43.81396385444682,30.456182096776043
170.70000000003887,639.7500000000389,271.8060000000471,44.79678604343494,38.86289530862598,50.58490327907002,34.91879078053097,47.690844661252484,36.890843044578475,43.58542701577852,30.815592920329667
170.80000000003878,639.8500000000388,271.906000000047,45.81020709891019,40.08890998898614,51.73201749340314,40.56157550178306,48.771112296156666,40.3252427453846,43.34832334309198,31.193467177423393
170.90000000003892,639.9500000000389,272.00600000004715,48.05340201337293,39.949076545711826,51.357174415091734,40.47281612086396,49.70528821423233,40.21094633328789,43.1167394925078,31.574250489119013
171.00000000003882,640.0500000000388,272.10600000004706,50.29659692691113,39.80924310253048,50.501713245606915,38.57409544919058,50.39915508625902,39.191669275860534,42.89947162053756,31.94459200061301
171.10000000003896,640.150000000039,272.2060000000472,50.17501226690208,39.907683478187494,52.147717753231724,39.086184801613456,51.1613650100669,39.496934139900475,42.689880198652205,32.302166160054746
171.20000000003887,640.2500000000389,272.3060000000471,50.05342760689331,40.00612385384428,54.583658788425446,40.35958258073097,52.31854319765938,40.18285321728763,42.4765861625706,32.65987612166979
171.300000000039,640.350000000039,272.40600000004724,48.21303655865026,39.75530230802605,49.558215198089606,40.94288632522916,48.885625878369936,40.34909431662761,42.25853523854088,33.01266637415073
171.40000000003892,640.4500000000389,272.50600000004715,44.65383912486225,39.15521884127872,42.1765448900088,41.30826563830396,43.41519200743552,40.23174223979134,42.028855638407045,33.36126277307288
171.50000000003905,640.5500000000391,272.6060000000473,41.094641693906894,38.55513537542553,43.710297418696584,43.17980921413555,42.40246955630174,40.86747229478054,41.784301729511576,33.71596692819535
171.60000000003896,640.650000000039,272.7060000000472,44.7992185850928,40.24487465470659,48.05944662538784,45.526983608548385,46.42933260524032,42.88592913162749,41.53853677546429,34.089569157014246
171.7000000000391,640.7500000000391,272.80600000004733,48.503795476287145,41.9346139339915,49.609744945870034,45.43915873654891,49.056770211078586,43.6868863352702,41.3046479214218,34.46178651011475
171.800000000039,640.850000000039,272.90600000004724,49.175241191977065,42.870763749380416,50.27619562035876,44.58238672977824,49.725718406167914,43.72657523957933,41.078311674173584,34.81247189055047
171.90000000003914,640.9500000000392,273.0060000000474,46.81355573691044,43.053324102056465,49.16131491455992,45.011537398614166,47.98743532573518,44.032430750335315,40.85345672602921,35.142283107053004
172.00000000003905,641.0500000000391,273.1060000000473,44.45187028270703,43.23588445512072,47.483908511184,45.84676891132486,45.96788939694551,44.54132668322279,40.632172155653016,35.465036744977716
172.1000000000392,641.1500000000392,273.2060000000474,44.283676013724836,44.412163077345284,49.75868903099188,44.07764753988284,47.02118252235836,44.244905308614065,40.416903245311076,35.79448511095753
172.2000000000391,641.2500000000391,273.30600000004733,44.11548174474303,45.58844169956718,53.281528575928576,41.486098944005455,48.6985051603358,43.537270321786316,40.19892215837716,36.123056908945976
172.30000000003923,641.3500000000392,273.40600000004747,43.7827938192035,45.630705059061405,50.31370935606509,42.156191410093356,47.0482515876343,43.89344823457738,39.97842712926091,36.44716816994213
172.40000000003914,641.4500000000392,273.5060000000474,43.285612237365825,44.53895315760692,45.296208426334914,43.85627578780846,44.29091033185037,44.197614472707684,39.757468212133844,36.766195437544
172.50000000003928,641.5500000000393,273.6060000000475,42.78843065696114,43.44720125650873,45.00321674463138,44.25406646679745,43.89582370079626,43.85063386165309,39.534654874014734,37.088470718723855
172.6000000000392,641.6500000000392,273.7060000000474,45.937077576973834,43.267549200008894,46.202175347898915,44.24060650515187,46.069626462436375,43.75407785258038,39.30607206186013,37.42828891332168
172.70000000003932,641.7500000000393,273.80600000004756,49.08572449699369,43.087897143508656,45.920762425744385,45.36176002160046,47.50324346136904,44.22482858255456,39.07606148549637,37.774085162178075
172.80000000003923,641.8500000000392,273.90600000004747,49.913532230139545,43.066219182066995,45.17186375993642,46.841212530196195,47.54269799503798,44.953715856131595,38.85120038508164,38.11507201257267
172.90000000003937,641.9500000000394,274.0060000000476,48.42050078006683,43.20251531543526,44.613624065191,47.55991704137119,46.51706242262891,45.38121617840322,38.62689913161959,38.43898096798706
173.00000000003928,642.0500000000393,274.1060000000475,46.92746933046354,43.33881144946938,44.11559246641547,48.03838534345778,45.52153089843951,45.68859839646358,38.39580173814395,38.747080360505514
173.10000000003942,642.1500000000394,274.20600000004765,46.6191879931272,45.16865812525672,45.251941922190504,48.226507919716255,45.935564957658855,46.697583022486484,38.1573745619912,39.051897657322584
173.20000000003932,642.2500000000393,274.30600000004756,46.310906655791555,46.99850480103989,46.90441170963255,48.32294237226747,46.607659182712055,47.66072358665368,37.91091147204197,39.35611224874611
173.30000000003946,642.3500000000395,274.4060000000477,45.52230126376827,46.25388178389964,44.40557986296754,47.746227994505354,44.963940563367906,47.000054889202495,37.66062653346014,39.66029289897787
173.40000000003937,642.4500000000394,274.5060000000476,44.253371817818866,42.934789077901776,40.59581066159274,46.95694030246402,42.424591239705805,44.9458646901829,37.415559651491456,39.95974701228865
173.5000000000395,642.5500000000395,274.60600000004774,42.98444237204447,39.61569637544587,42.21991621807594,48.18477132641723,42.6021792950602,43.90023385093155,37.18032275702028,40.2566977865406
173.60000000003942,642.6500000000394,274.70600000004765,42.165169630687096,45.26837681403593,45.55998221991984,50.04958720638461,43.86257592530347,47.658982010210266,36.9437140447874,40.542987413486564
173.70000000003955,642.7500000000396,274.8060000000478,41.345896889327854,50.921057252638846,44.27146614396543,50.436022135023485,42.808681516646644,50.67853969383117,36.703730204979095,40.81402695208059
173.80000000003946,642.8500000000395,274.9060000000477,38.95483023642717,52.38464870357199,41.52129257358252,50.35559992235645,40.23806140500484,51.37012431296422,36.4521045144641,41.07720473871751
173.9000000000396,642.9500000000396,275.00600000004783,34.991969674461565,49.65915117347135,42.38654378705842,49.7115833726685,38.68925673075999,49.68536727306993,36.19262651973221,41.3506231225608
174.0000000000395,643.0500000000395,275.10600000004774,31.029109115714107,46.933653644676426,44.39350808718416,48.8895896643889,37.71130860144913,47.91162165453267,35.929448686745594,41.6365479067884
174.10000000003964,643.1500000000397,275.2060000000479,35.177695178483965,47.49282401106963,43.05619898781686,50.90741713489907,39.116947083150414,49.200120572984346,35.660004748571026,41.928738095569805
174.20000000003955,643.2500000000396,275.3060000000478,39.32628124124439,48.05199437746156,40.662803554538,53.82203023846134,39.994542397891195,50.93701230796145,35.38616265886024,42.218511089755786
174.3000000000397,643.3500000000397,275.4060000000479,41.453308526284374,50.01966604472676,42.79130256795618,53.56644230869131,42.12230554712028,51.793054176709035,35.11122333639464,42.5021171106656
174.4000000000396,643.4500000000396,275.50600000004783,41.5587770368026,53.39583901062089,46.34776824500095,52.309738265758476,43.95327264090177,52.85278863818968,34.83531427391184,42.777754202786184
174.50000000003973,643.5500000000397,275.60600000004797,41.66424554626138,56.772011975015445,45.106397447575205,51.78566819830963,43.385321496918294,54.27884008666254,34.55861643079661,43.05254573943271
174.60000000003964,643.6500000000397,275.7060000000479,39.10653782417634,56.36021556494546,42.34992039903553,51.49295622777611,40.72822911160594,53.92658589636079,34.28745627480333,43.32023817262195
174.70000000003978,643.7500000000398,275.806000000048,36.548830102085496,55.94841915487454,40.85847551223573,51.82216068069925,38.70365280716061,53.88528991778689,34.01745635214393,43.57502761942268
174.8000000000397,643.8500000000397,275.9060000000479,35.22862841407653,55.1648537256201,39.76651446494086,52.34775979314465,37.4975714395087,53.75630675938237,33.74323601468034,43.826249484109375
174.90000000003982,643.9500000000398,276.00600000004806,35.14593275817382,54.00951927777028,35.79367457885956,53.229427371068006,35.46980366851669,53.61947332441915,33.473292407161914,44.08649728003696
175.00000000003973,644.0500000000397,276.10600000004797,35.06323710272998,52.85418483239627,30.911083482933417,54.223537622001956,32.987160292831696,53.538861227199114,33.20723168108392,44.35171985316984
175.10000000003987,644.1500000000399,276.2060000000481,36.13329116073784,57.914375204720415,31.381378416372705,53.70785789856,33.75733478855527,55.81111655164021,32.93469689059287,44.61207331559743
175.20000000003978,644.2500000000398,276.306000000048,37.203345218743266,62.97456557703305,33.54205840726636,52.715402394992594,35.37270181300481,57.84498398601282,32.65912981918526,44.87435891341062
175.30000000003992,644.3500000000399,276.40600000004815,37.186876849604566,61.5873946924942,33.397842861734176,53.68981256435448,35.292359855669375,57.63860362842434,32.38706322343833,45.14294608389728
175.40000000003982,644.4500000000398,276.50600000004806,36.08388605505609,53.7528625614012,32.52576556977542,55.28533820773862,34.30482581241576,54.51910038456991,32.119629756883675,45.420266255623524
175.50000000003996,644.55000000004,276.6060000000482,34.98089526072549,45.91833043519475,30.7846473204249,55.68786335059359,32.88277129057519,50.80309689289417,31.86066715151533,45.691678675965896
175.60000000003987,644.6500000000399,276.7060000000481,34.42862160401367,50.33923351935821,28.76909508525884,55.71365149427416,31.598858344636255,53.02644250681618,31.60616102998365,45.94584058094594
175.70000000004,644.75000000004,276.80600000004824,33.8763479473006,54.76013660353172,29.722492680959512,53.99999468675291,31.799420314130057,54.38006564514232,31.343956834945303,46.198129609051065
175.80000000003992,644.8500000000399,276.90600000004815,32.93903127833902,56.53515041243623,31.613453378668055,51.73703947504329,32.27624232850354,54.136094943739764,31.077436911749057,46.45199992785966
175.90000000004005,644.9500000000401,277.0060000000483,31.616671597741018,55.664274950315125,32.54147162557664,52.182816766024686,32.07907161165883,53.9235458581699,30.802626418651254,46.70515063933537
176.00000000003996,645.05000000004,277.1060000000482,30.29431191705714,54.7933994886457,33.16540278355936,53.48398326612148,31.72985735030825,54.13869137738359,30.50818409562145,46.95998101025067
176.1000000000401,645.1500000000401,277.20600000004833,28.749854001098715,55.04626841739084,32.34872586578915,53.19251416126702,30.54928993344393,54.11939128932893,30.19850828467024,47.20989906550995
176.20000000004,645.25000000004,277.30600000004824,27.2053960851438,55.29913734613541,31.07712008319718,52.39810749828515,29.141258084170488,53.84862242221028,29.891941832093885,47.44912378002479
176.30000000004014,645.3500000000402,277.4060000000484,26.972779246728724,56.749943259274545,30.841216594800287,54.401731500233204,28.906997920764503,55.57583737975388,29.590840581036414,47.67897714550727
176.40000000004005,645.4500000000401,277.5060000000483,28.052003483748702,59.39868615487866,30.93237698791556,57.28894413086639,29.492190235832133,58.34381514287253,29.2975190487717,47.90580495441185
176.5000000000402,645.5500000000402,277.6060000000484,29.131227720869038,62.047429048664824,30.286868982654912,59.58019517099644,29.709048351761975,60.813812109830636,29.01090882382687,48.1417213274827
176.6000000000401,645.6500000000401,277.70600000004833,30.453725036685718,60.164031653113774,29.40872885220991,61.6832478146175,29.931226944447815,60.92363973386564,28.725061246883993,48.38821776658952
176.70000000004023,645.7500000000402,277.80600000004847,31.7762223525054,58.28063425755845,28.333852765212523,59.21768747412307,30.055037558858963,58.74916086584076,28.438905722770283,48.63584276202362
176.80000000004014,645.8500000000402,277.9060000000484,31.780969900699336,56.478563768736706,27.196849534208592,55.30940724773956,29.488909717453964,55.89398550823813,28.146739683346947,48.87786679513899
176.90000000004028,645.9500000000403,278.0060000000485,30.467967683388864,54.75782018650944,24.452289728108163,55.57617251852523,27.460128705748513,55.16699635251734,27.844779206010056,49.112359825586616
177.0000000000402,646.0500000000402,278.1060000000484,29.154965466604573,53.03707660582132,21.200080478595833,57.16137320596993,25.1775229726002,55.099224905895625,27.540446649874752,49.34148224576482
177.10000000004032,646.1500000000403,278.20600000004856,29.141981394255556,55.13104311038229,21.303029029104977,56.22454430847408,25.222505211680264,55.67779370942819,27.245247961807205,49.564051151506035
177.20000000004023,646.2500000000402,278.30600000004847,29.12899732190657,57.225009614938514,22.465501092594984,54.49128501785271,25.79724920725078,55.858147316395616,26.949897414141063,49.78241457896345
177.30000000004037,646.3500000000404,278.4060000000486,27.667034633606892,58.29902522362648,23.786201311733134,57.041202779473885,25.726617972670013,57.67011400155018,26.649280999744743,49.99365268651426
177.40000000004028,646.4500000000403,278.5060000000485,24.75609333170234,58.35308993808787,25.156868316728563,60.94370276451345,24.95648082421545,59.64839635130066,26.345403212553773,50.2008238107563
177.50000000004042,646.5500000000404,278.60600000004865,21.84515203159718,58.40715465399101,23.124613454387077,60.31510816724769,22.484882742992127,59.36113141061935,26.039093176584352,50.40574022700522
177.60000000004032,646.6500000000403,278.70600000004856,23.39652774154661,62.023197365392114,20.01775168943871,58.255641600434885,21.70713971549266,60.139419482913496,25.722395825456317,50.61560968564379
177.70000000004046,646.7500000000405,278.8060000000487,24.947903451499567,65.63924007680144,18.888560037652812,59.04544078285206,21.91823174457619,62.34234042982675,25.401775267282286,50.82925686974084
177.80000000004037,646.8500000000404,278.9060000000486,25.96150017152746,64.59032462014027,18.383895788363642,60.73500809420642,22.172697979945553,62.66266635717334,25.086836502846,51.03673406907459
177.9000000000405,646.9500000000405,279.00600000004874,26.43731790250551,58.87645100295592,19.12791491605106,61.14254742042488,22.782616409278283,60.0094992116904,24.775544051158263,51.24441864648891
178.00000000004042,647.0500000000404,279.10600000004865,26.913135633630223,53.16257738917851,20.26625510909854,61.14523580504708,23.58969537136438,57.153906597112794,24.45191382584146,51.46138008368078
178.10000000004055,647.1500000000406,279.2060000000488,27.754008258900768,55.834540713207,20.984997958613015,62.756096329658135,24.36950310875689,59.29531852143256,24.12658357624145,51.67292554111984
178.20000000004046,647.2500000000405,279.3060000000487,28.594880884169406,58.506504037229405,21.571236384205463,64.87480068658942,25.083058634187434,61.690652361909414,23.811897747953175,51.86887913768997
178.3000000000406,647.3500000000406,279.40600000004883,26.50134891652054,59.25447890846846,20.371353588249537,63.90081122654706,23.436351252385037,61.57764506750776,23.502510807295337,52.05904061281988
178.4000000000405,647.4500000000405,279.50600000004874,21.473412360727554,58.078465330044246,18.607432513315644,61.95018161638918,20.040422437021597,60.01432347321671,23.196056167962013,52.24681234969874
178.50000000004064,647.5500000000407,279.6060000000489,16.445475806640104,56.90245175361913,19.647963820350313,61.01218429156699,18.04671981349521,58.95731802259306,22.890533497951296,52.42815134689916
178.60000000004055,647.6500000000406,279.7060000000488,15.636148190005201,60.644812989720855,21.574111666686573,60.39396558231379,18.60512992834589,60.51938928601732,22.576955191205954,52.6064328479614
178.7000000000407,647.7500000000407,279.8060000000489,14.826820573368456,64.38717422583107,20.291125024528046,61.32397826963532,17.55897279894825,62.8555762477332,22.250633302049522,52.79638257725457
178.8000000000406,647.8500000000406,279.90600000004883,15.23040736479168,64.17615989795647,17.994727493981255,62.74290613351161,16.612567429386466,63.45953301573404,21.921768077945472,52.99134832727781
178.90000000004073,647.9500000000407,280.00600000004897,16.846908562302083,60.011770012532146,15.474368283281619,62.26717629477263,16.160638422791852,61.13947315365239,21.59838838205907,53.1745824322877
179.00000000004064,648.0500000000407,280.1060000000489,18.463409758323237,55.84738012919861,12.883284331678077,61.1931334989172,15.673347045000657,58.5202568140579,21.28011251118547,53.340942503182625
179.10000000004078,648.1500000000408,280.206000000049,16.429834827484942,56.79681262680615,12.670813037349179,61.728168610873944,14.550323932417061,59.26249061884005,20.96429770698898,53.50687019131192
179.2000000000407,648.2500000000407,280.3060000000489,14.396259896651273,57.74624512441153,13.20948258014582,62.771333587091256,13.802871238398547,60.25878935575139,20.656576937167234,53.68214306059723
179.30000000004082,648.3500000000408,280.40600000004906,12.992626280170041,59.645159901345,12.22680326955021,62.822681407919475,12.609714774860127,61.233920654632236,20.355894601038575,53.85635443697333
179.40000000004073,648.4500000000407,280.50600000004897,12.218933977019224,62.49355695604785,10.763698006544658,62.5608238120972,11.491315991781942,62.527190384072526,20.055024688570104,54.02006380109429
179.50000000004087,648.5500000000409,280.6060000000491,11.445241673449061,65.34195400961893,12.59300160480239,61.22254020082202,12.019121639125725,63.28224710522048,19.752745737966574,54.18333303038343
179.60000000004078,648.6500000000408,280.706000000049,9.65123303249515,65.4092100064159,15.462013261711379,59.544332585584726,12.556623147103263,62.476771296000315,19.445727670642306,54.34869626121141
179.70000000004092,648.7500000000409,280.80600000004915,7.857224391537158,65.47646600321303,13.843662837550664,60.1479259597928,10.850443614543911,62.81219598150292,19.13646045673351,54.51293532069271
179.80000000004082,648.8500000000408,280.90600000004906,7.246004295741826,64.44842365559995,10.8082507073925,61.47208806557117,9.027127501567163,62.96025586058556,18.82697138469,54.676969106905226
179.90000000004096,648.950000000041,281.0060000000492,7.817572743170041,62.3250829653651,10.170659654406798,61.59804391480264,8.994116198788419,61.961563440083864,18.514758786340376,54.84356640506275
180.00000000004087,649.0500000000409,281.1060000000491,8.389141191412126,60.20174227724092,10.290275255334395,61.34561884193195,9.339708223373261,60.77368055958644,18.201363689767927,55.004540686734735
180.100000000041,649.150000000041,281.20600000004924,10.952458444801811,63.22374662424769,9.050994241650393,62.47909720188989,10.001726343226103,62.85142191306879,17.896017853344834,55.14976867988407
180.20000000004092,649.2500000000409,281.30600000004915,13.515775698185667,66.24575097124759,7.382587982406852,64.05022927629535,10.449181840296259,65.14799012377148,17.605456140396537,55.285420631007405
180.30000000004105,649.3500000000411,281.4060000000493,12.274991817749603,65.89083896414417,6.589522506925306,64.12207363590345,9.432257162337454,65.00645630002381,17.314867602547256,55.41791648294869
180.40000000004096,649.450000000041,281.5060000000492,7.230106809744215,62.15901060848272,6.072880436099021,63.72045871843139,6.651493622921619,62.93973466345705,17.009687590449484,55.544618363327025
180.5000000000411,649.5500000000411,281.60600000004933,2.185221804337818,58.42718225595761,6.921156125807811,62.4477306919282,4.553188965072815,60.4374564739429,16.690695734954076,55.66351632473353
180.600000000041,649.650000000041,281.70600000004924,3.4833942946435936,62.3368448670581,8.20045847557165,60.89991431595136,5.841926385107622,61.61837959150473,16.37818250040719,55.78473336740499
180.70000000004114,649.7500000000412,281.8060000000494,4.78156678495232,66.24650747816747,7.917928977306039,61.30269323020378,6.349747881129179,63.77460035418562,16.064271922637488,55.90651586622421
180.80000000004105,649.8500000000411,281.9060000000493,6.160143836009967,67.47861473092624,7.1421894231007546,62.321449602863915,6.651166629555361,64.90003216689507,15.748208063455133,56.026073017078744
180.9000000000412,649.9500000000412,282.0060000000494,7.6191254476904415,66.03316662974774,8.240790790331863,62.2625788545639,7.929958119011152,64.14787274215581,15.428830755006038,56.14378425959401
181.0000000000411,650.0500000000411,282.10600000004933,9.078107057859857,64.58771852771542,9.93128928904456,61.86340480582829,9.504698173452208,63.22556166677185,15.102226950201572,56.267125037551374
181.10000000004123,650.1500000000412,282.20600000004947,6.873490513660155,61.05960408218937,9.300588755869033,62.29517915617114,8.087039634764594,61.677391619180256,14.76899779907262,56.39373270067239
181.20000000004114,650.2500000000412,282.3060000000494,4.668873969465464,57.53148963667133,7.936878004083216,62.98935826340614,6.30287598677434,60.260423950038735,14.444451522531516,56.517413712613084
181.30000000004128,650.3500000000413,282.4060000000495,4.051308190176943,56.22754529710909,5.639680916351187,63.80882937269105,4.845494553264065,60.01818733490007,14.130526215563133,56.640063314528355
181.4000000000412,650.4500000000412,282.5060000000494,5.020793173177606,57.147771059837055,3.0476986707050173,64.66786637725048,4.034245921941311,60.907818718543766,13.81238159372882,56.76023260858243
181.50000000004133,650.5500000000413,282.60600000004956,5.990278157551384,58.067996823735605,5.611435905554778,62.33823854096027,5.800857031553081,60.20311768234794,13.482660613601684,56.87473797245078
181.60000000004123,650.6500000000412,282.70600000004947,10.272584350069458,61.811903528425916,9.803295077188974,59.001663915561664,10.037939713629216,60.40678372199379,13.14852978495498,56.989246021400874
181.70000000004137,650.7500000000414,282.8060000000496,14.554890542597267,65.55581023312475,9.823826639639668,60.82561291209314,12.189358591118467,63.19071157260895,12.816049420461221,57.11564667424871
181.80000000004128,650.8500000000413,282.9060000000495,14.442786272802945,67.41459540526661,8.527096855395595,64.27920094270215,11.48494156409927,65.84689817398439,12.485307627603953,57.251363910225464
181.90000000004142,650.9500000000414,283.00600000004965,9.936271547959961,67.38825904798037,8.503032663756626,62.29238043990658,9.219652105858295,64.84031974394347,12.160112434951078,57.38458119870817
182.00000000004133,651.0500000000413,283.10600000004956,5.429756826356866,67.36192268947177,8.8808628686909,58.58753619439244,7.155309847523883,62.974729441932105,11.845042066682614,57.504268171209276
182.10000000004146,651.1500000000415,283.2060000000497,8.727701696900361,64.38157467440959,5.680411355844551,59.34180163015053,7.204056526372456,61.86168815228006,11.537767555594375,57.61640807316336
182.20000000004137,651.2500000000414,283.3060000000496,12.025646567436358,61.40122665935417,1.3499761457287205,61.504206961426384,6.6878113565825394,61.45271681039028,11.226028766119825,57.71957741490581
182.3000000000415,651.3500000000415,283.40600000004974,13.111994675678142,60.56370451508067,1.9423967400032878,60.782129535772235,7.527195707840715,60.67291702542646,10.91133533328762,57.81696464470301
182.40000000004142,651.4500000000414,283.50600000004965,11.986746025291646,61.869008238036166,4.089403373535619,59.14916282093793,8.038074699413633,60.50908552948705,10.593995421203015,57.90493401713871
182.50000000004155,651.5500000000416,283.6060000000498,10.861497374731064,63.17431196061887,3.673189784593255,59.331761164678795,7.2673435796621595,61.25303656264883,10.270649077639494,57.98250009512682
182.60000000004146,651.6500000000415,283.7060000000497,9.324018815454743,63.57657371748495,2.4475382328662434,60.087695841143386,5.885778524160493,61.83213477931417,9.951168278709558,58.05695197964052
182.7000000000416,651.7500000000416,283.80600000004983,7.786540256174925,63.97883547435194,1.577969078133572,61.545412249010674,4.682254667154249,62.7621238616813,9.639825300929374,58.137230283300106
182.8000000000415,651.8500000000415,283.90600000004974,6.148973223747952,63.86114061407302,0.8208469958320832,63.224743939870436,3.4849101097900177,63.54294227697173,9.330609742091024,58.22004954752416
182.90000000004164,651.9500000000417,284.0060000000499,4.4113177183329615,63.22348913751308,2.5993142817501287,63.533442353799465,3.505316000041545,63.37846574565627,9.018918220949377,58.30173516308232
183.00000000004155,652.0500000000416,284.1060000000498,2.6736622137465567,62.58583766198664,5.178493997547349,63.40930920777257,3.926078105646953,62.997573434879605,8.708750177138949,58.38159710809317
183.1000000000417,652.1500000000417,284.2060000000499,2.9178537090010814,64.4285403017235,6.765924279558234,63.3959658501723,4.841888994279658,63.9122530759479,8.406304034777357,58.46869173045858
183.2000000000416,652.2500000000416,284.30600000004983,3.1620452042550515,66.2712429414562,8.040170530697903,63.417608741453336,5.601107867476477,64.84442584145476,8.102473729489244,58.56148108078294
183.30000000004173,652.3500000000417,284.40600000004997,3.3823333392334898,67.17835992888051,8.283009827868018,65.03661138088636,5.832671583550754,66.10748565488343,7.794504688066091,58.648961291623905
183.40000000004164,652.4500000000417,284.5060000000499,3.5787181139752873,67.14989126555378,8.200141666779883,67.16004341308825,5.889429890377585,67.15496733932102,7.4881078997694015,58.72099155346247
183.50000000004178,652.5500000000418,284.60600000005,3.775102889439224,67.12142260199501,7.6196514219961005,67.76693059052485,5.697377155717662,67.44417659625992,7.185929861028902,58.788605352933914
183.6000000000417,652.6500000000417,284.7060000000499,5.696508811164916,66.5384889986379,6.882017361740419,67.89490886776605,6.289263086452667,67.21669893320197,6.885165319919077,58.8620959648989
183.70000000004183,652.7500000000418,284.80600000005006,7.6179147328949774,65.95555539527948,7.233899449805129,66.76020264071954,7.425907091350053,66.35787901799951,6.586143356715876,58.93994137986038
183.80000000004173,652.8500000000417,284.90600000004997,6.817990784299201,65.64866673731505,7.929839267975315,65.22675393972995,7.373915026137258,65.43771033852249,6.284594969333333,59.014123862955515
183.90000000004187,652.9500000000419,285.0060000000501,3.2967369699280127,65.6178230242813,7.738776989597522,65.02540190367928,5.517756979762767,65.32161246398029,5.999377011708146,59.083907831077575
184.00000000004178,653.0500000000418,285.10600000005,-0.2245168413341993,65.58697931246988,7.267608786762414,65.2447119711937,3.5215459727141076,65.4158456418318,5.738747844499209,59.150945092472945
184.10000000004192,653.1500000000419,285.20600000005015,3.6662955433022604,68.47766148327197,6.535219643669233,67.31108087836454,5.1007575934857465,67.89437118081825,5.469044183937228,59.213605222409996
184.20000000004183,653.2500000000418,285.30600000005006,7.5571079279298745,71.3683436540675,5.7203396775652235,69.96073152276743,6.638723802747549,70.66453758841746,5.174439964610033,59.2647312976525
184.30000000004196,653.350000000042,285.4060000000502,9.297621255132471,69.93586918458048,4.187848544786975,68.20975801408241,6.742734899959723,69.07281359933145,4.870230387798103,59.30996612296323
184.40000000004187,653.4500000000419,285.5060000000501,8.88783552851038,64.18023808207175,2.42874336000192,65.06911372403484,5.65828944425615,64.62467590305329,4.565985623762439,59.355140915549946
184.500000000042,653.550000000042,285.60600000005024,8.478049802496733,58.4246069822936,1.7596030423751627,64.56424774079329,5.118826422435948,61.494427361543444,4.269208976869998,59.39966439694349
184.60000000004192,653.6500000000419,285.70600000005015,9.516945663603495,59.19150861110746,1.4346621555379122,64.89173279951846,5.475803909570704,62.041620705312965,3.97396432201057,59.445777480058894
184.70000000004205,653.7500000000421,285.8060000000503,10.555841524712621,59.95841023992306,1.1705329413310845,64.83091663915863,5.863187233021852,62.39466343954085,3.668671072134167,59.49746115466541
184.80000000004196,653.850000000042,285.9060000000502,10.051290996010742,60.73234753624228,0.9256074131660469,64.64747904153043,5.488449204588394,62.68991328888636,3.3535117850816305,59.55393165607616
184.9000000000421,653.9500000000421,286.00600000005034,8.00329408009251,61.513320500056786,2.504794626412732,62.15642774461695,5.254044353252621,61.83487412233687,3.044501648787946,59.60678965146779
185.000000000042,654.050000000042,286.10600000005024,5.955297165145532,62.29429346463677,4.660017440619625,58.93665633415369,5.307657302882578,60.61547489939523,2.7499471954119956,59.64495235512434
185.10000000004214,654.1500000000422,286.2060000000504,6.2052059760680605,64.899288864506,3.0287501601636633,60.313492085894396,4.616978068115862,62.6063904752002,2.4604288537416763,59.68597051668466
185.20000000004205,654.2500000000421,286.3060000000503,6.455114786990022,67.50428426436932,0.20174916890474925,63.14188799011498,3.3284319779473854,65.32308612724215,2.1594253977945144,59.7333058460425
185.3000000000422,654.3500000000422,286.4060000000504,5.633914404859376,67.5335031052259,1.6737098118887939,63.17326886509947,3.653812108374085,65.35338598516269,1.846809890527497,59.77902464271768
185.4000000000421,654.4500000000421,286.50600000005034,3.7416048314869412,64.98694539142126,4.503237282988056,62.3213818385522,4.122421057237498,63.65416361498673,1.5289779859357753,59.81653283728232
185.50000000004223,654.5500000000422,286.60600000005047,1.8492952575658559,62.44038767814349,5.750644305208831,61.7129339771883,3.799969781387343,62.07666082766589,1.2107831325495446,59.8475099475197
185.60000000004214,654.6500000000422,286.7060000000504,-1.3301478132397007,61.153335002329776,6.498434344949896,61.18136164146121,2.5841432658550976,61.16734832189549,0.9108585460574042,59.8776187484839
185.70000000004228,654.7500000000423,286.8060000000505,-4.509590884052486,59.86628232651314,4.75554864444949,64.16073221195815,0.12297888019850234,62.013507269235646,0.6257033027479258,59.90473707558942
185.8000000000422,654.8500000000422,286.9060000000504,-3.4188876690763763,59.38796001614952,2.226133764998508,68.24882159187472,-0.5963769520389341,63.81839080401212,0.34168126693103934,59.92985818060836
185.90000000004233,654.9500000000423,287.00600000005056,1.9419618244699528,59.71836806986865,1.405162767141955,68.12180365044428,1.673562295805954,63.92008586015646,0.05931911910323066,59.96146209055638
186.00000000004223,655.0500000000422,287.10600000005047,7.3028113145690545,60.04877612198561,1.12370036198329,66.66369919016536,4.213255838276172,63.356237656075486,-0.21524968646725043,60.010651144330716
186.10000000004237,655.1500000000424,287.2060000000506,4.541370539478567,56.59255528177197,2.46200438739494,64.61876437343751,3.5016874634367534,60.60565982760474,-0.4908970392219914,60.068548769973894
186.20000000004228,655.2500000000423,287.3060000000505,1.7799297643943595,53.1363344415662,4.3118135999873175,62.388514707824015,3.0458716821908385,57.7624245746951,-0.7726314728146935,60.10266894243518
186.30000000004242,655.3500000000424,287.40600000005065,-0.2604860213220302,53.24190065934081,2.5279273790498067,61.639370808594,1.1337206788638883,57.440635733967405,-1.0503050288138793,60.1139025070146
186.40000000004233,655.4500000000423,287.50600000005056,-1.5798768188843302,56.90925392905379,-0.40344160718439426,61.35794451850649,-0.9916592130343622,59.13359922378014,-1.321616583976247,60.127149300098544
186.50000000004246,655.5500000000425,287.6060000000507,-2.899267616726413,60.57660719862596,-2.002236865564108,61.75396243344616,-2.4507522411452607,61.16528481603606,-1.592180890015551,60.15612890667455
186.60000000004237,655.6500000000424,287.7060000000506,-4.869622897687561,63.89314831327502,-3.180219368942369,62.36391009674687,-4.024921133314965,63.12852920501095,-1.8593583728976504,60.18633905986782
186.7000000000425,655.7500000000425,287.80600000005074,-6.839978178653189,67.20968942793164,-4.20362503571006,63.08598250532653,-5.521801607181624,65.14783596662909,-2.1315233678370125,60.20354916647151
186.80000000004242,655.8500000000424,287.90600000005065,-7.562830958130289,68.87053952172627,-5.178216964733145,63.843462728104384,-6.370523961431717,66.35700112491533,-2.4026946107146667,60.21457320136827
186.90000000004255,655.9500000000426,288.0060000000508,-7.038181238243846,68.87569859748244,-5.450085420462089,61.73535991471671,-6.244133329352968,65.30552925609958,-2.6761097712057937,60.22881989612797
187.00000000004246,656.0500000000425,288.1060000000507,-6.513531517873875,68.88085767067096,-5.500041201029702,58.72233614506053,-6.006786359451788,63.80159690786574,-2.9553217063549835,60.24081566225734
187.1000000000426,656.1500000000426,288.20600000005084,-4.848870878549624,62.8471910872394,-4.1043546727443525,58.36210165099007,-4.476612775646988,60.60464636911473,-3.244205508828427,60.24356236155255
187.2000000000425,656.2500000000425,288.30600000005074,-3.184210239229158,56.81352450382157,-2.252149521884722,58.83959008372281,-2.71817988055694,57.82655729377219,-3.5347074867802677,60.243048959904144
187.30000000004264,656.3500000000427,288.4060000000509,-2.0035526115380335,56.07493306298137,-1.0956323697123607,60.080268677764025,-1.549592490625197,58.0776008703727,-3.8225476345416722,60.23944972560476
187.40000000004255,656.4500000000426,288.5060000000508,-1.3068979946562485,60.63141675569247,-0.15880616388556024,61.56195469049096,-0.7328520792709043,61.09668572309171,-4.100469019210628,60.236751302034435
187.5000000000427,656.5500000000427,288.6060000000509,-0.6102433788026065,65.18790044589477,-1.3046234837771984,62.832212682488,-0.9574334312899024,64.01005656419139,-4.364050806103672,60.23557803909068
187.6000000000426,656.6500000000426,288.70600000005084,-2.322518711490968,63.8510840960329,-3.108117704690377,64.03570393127897,-2.7153182080906726,63.94339401365593,-4.623573728979906,60.23738419451319
187.70000000004273,656.7500000000427,288.806000000051,-4.034794044183222,62.51426774616799,-2.532405386433452,63.29795583697965,-3.283599715308337,62.90611179157382,-4.892603662289102,60.234418866034055
187.80000000004264,656.8500000000427,288.9060000000509,-4.368593633357853,63.068928083165794,-1.20536468948226,61.94718479394195,-2.7869791614200565,62.50805643855387,-5.169912558082009,60.22235663348897
187.90000000004278,656.9500000000428,289.006000000051,-3.3239174813733636,65.5150651037947,-2.4497605586836064,62.40126344775445,-2.886839020028485,63.95816427577458,-5.444241234408989,60.21032862713652
188.0000000000427,657.0500000000427,289.1060000000509,-2.279241330617115,67.96120212364465,-4.506189025452542,63.42529463582233,-3.3927151780348286,65.69324837973349,-5.709506965453433,60.215091247555115
188.10000000004283,657.1500000000428,289.20600000005106,-4.102337319809078,68.59809545307748,-6.133241286623971,62.1923691133847,-5.117789303216524,65.39523228323108,-5.965201827015975,60.23326301631693
188.20000000004273,657.2500000000427,289.306000000051,-5.9254333089968965,69.23498878250886,-7.624701062191225,60.246720421203555,-6.775067185594061,64.74085460185621,-6.212818385308565,60.236261040895684
188.30000000004287,657.3500000000429,289.4060000000511,-8.01357410288812,69.15014637158592,-6.209373037271561,59.46408430112358,-7.11147357007984,64.30711533635474,-6.459349318944367,60.22741835419167
188.40000000004278,657.4500000000428,289.506000000051,-10.366759701018857,68.34356822154638,-3.876112025296301,59.04871530805058,-7.121435863157579,63.69614176479848,-6.712433067263842,60.218546923212
188.50000000004292,657.5500000000429,289.60600000005115,-12.71994529800258,67.53699007047904,-4.547218651390004,60.59538182439141,-8.633581974696291,64.06618594743523,-6.9712023696452246,60.21079271514031
188.60000000004283,657.6500000000428,289.70600000005106,-12.3915603154898,64.34300012194757,-6.1670729500046075,62.7616384998601,-9.279316632747204,63.55231931090383,-7.2302618361129465,60.19640226802561
188.70000000004296,657.750000000043,289.8060000000512,-12.063175332976272,61.149010173408854,-7.858102883863005,62.924754238165725,-9.960639108419638,62.03688220578729,-7.484864695940393,60.1746319882979
188.80000000004287,657.8500000000429,289.9060000000511,-11.071025248564016,60.7178247503284,-9.57160933404618,62.45529915598022,-10.321317291305098,61.58656195315431,-7.732877659424187,60.15644517225423
188.900000000043,657.950000000043,290.00600000005124,-9.415110063389497,63.04944384795514,-8.448474044674343,61.23152011941297,-8.93179205403192,62.140481983684055,-7.977341202740696,60.13797200942917
189.00000000004292,658.0500000000429,290.10600000005115,-7.75919487860846,65.38106294376847,-6.429557155852365,59.76953351897557,-7.094376017230412,62.57529823137202,-8.220882083837745,60.10969738091903
189.10000000004305,658.1500000000431,290.2060000000513,-7.010154812660119,63.50519430190351,-6.830206637377037,61.78610943150232,-6.920180725018578,62.64565186670291,-8.46726647241744,60.06606038382878
189.20000000004296,658.250000000043,290.3060000000512,-6.26111474671348,61.62932566004282,-7.9949297073919094,64.90117876608666,-7.1280222270526945,63.26525221306474,-8.720192052265514,60.019398804478776
189.3000000000431,658.3500000000431,290.40600000005134,-7.562652300659143,61.25701534292574,-9.911510271533409,64.07895236665472,-8.737081286096275,62.66798385479023,-8.978213220934604,59.985833497532134
189.400000000043,658.450000000043,290.50600000005124,-10.914767470957035,62.388263347962585,-12.065519517357862,62.01336942313453,-11.490143494157447,62.200816385548556,-9.228533559365408,59.97598484035882
189.50000000004314,658.5500000000432,290.6060000000514,-14.266882640088726,63.519511351610106,-11.497997792624771,61.6675128800968,-12.882440216356748,62.59351211585346,-9.462852195786175,59.9819472122762
189.60000000004305,658.6500000000431,290.7060000000513,-14.901880808029349,61.42883000264288,-10.071045237503098,61.86472783042178,-12.486463022766223,61.64677891653233,-9.697531717443466,59.97993532886985
189.7000000000432,658.7500000000432,290.8060000000514,-15.536878975971415,59.33814865367091,-11.106006720308613,60.38079093509192,-13.321442848140014,59.85946979438142,-9.943630831862995,59.966321367561115
189.8000000000431,658.8500000000431,290.90600000005134,-15.360639764065569,58.64564633427188,-12.918414739217063,58.365963984737185,-14.139527251641315,58.50580515950453,-10.197948756459603,59.94743950783285
189.90000000004324,658.9500000000432,291.0060000000515,-14.373163173712861,59.35132304202652,-13.40200212816313,58.99170759815235,-13.887582650937995,59.17151532008944,-10.452435665867904,59.92406007808222
190.00000000004314,659.0500000000432,291.1060000000514,-13.385686583992774,60.05699975073386,-13.465961950932826,60.451315597776514,-13.4258242674628,60.25415767425518,-10.702039973569585,59.89941933977934
190.10000000004328,659.1500000000433,291.2060000000515,-13.857376538996858,62.9716612079288,-16.16178357724821,62.738352708164925,-15.009580058122534,62.85500695804686,-10.946964863094127,59.868221724358925
190.2000000000432,659.2500000000432,291.3060000000514,-14.32906649399987,65.8863226651171,-19.688719454963902,65.28668322120915,-17.008892974481885,65.58650294316313,-11.19419132885287,59.82848429990526
190.30000000004333,659.3500000000433,291.40600000005156,-15.473290184026903,66.98564888758061,-17.611272650696687,64.95509564351627,-16.542281417361796,65.97037226554843,-11.441968648240655,59.78257027765642
190.40000000004324,659.4500000000432,291.5060000000515,-17.290047607907532,66.26963987845954,-13.764020793961969,63.71406025026343,-15.52703420093475,64.99185006436149,-11.685023087128494,59.73813022138796
190.50000000004337,659.5500000000434,291.6060000000516,-19.106805030015213,65.55363086845837,-15.992091803908227,63.27176057580771,-17.54944841696172,64.41269572213304,-11.924870960430033,59.70474510317718
190.60000000004328,659.6500000000433,291.7060000000515,-16.83159156961888,62.81477471000589,-20.138685818958415,63.08169323289243,-18.485138694288647,62.948233971449156,-12.17122133761267,59.6765109257292
190.70000000004342,659.7500000000434,291.80600000005165,-14.556378109217377,60.0759185515472,-20.54869781049801,62.24883077943004,-17.552537959857695,61.16237466548861,-12.425290028834505,59.63579681689162
190.80000000004333,659.8500000000433,291.90600000005156,-14.221762524799702,59.28311308360259,-19.778736534787765,61.212980396897166,-17.000249529793734,60.248046740249876,-12.68600985434953,59.58246455740058
190.90000000004346,659.9500000000435,292.0060000000517,-15.827744812993252,60.43635830278792,-17.663738962886,60.6380868839729,-16.745741887939626,60.53722259338041,-12.946979785092116,59.528075275824136
191.00000000004337,660.0500000000434,292.1060000000516,-17.43372710125976,61.58960352211263,-15.123993088131417,60.20875869788347,-16.278860094695588,60.899181109998054,-13.204542288333641,59.474477240230655
191.1000000000435,660.1500000000435,292.20600000005174,-19.21610848085319,63.06982083262901,-16.463733500287706,61.29621966631619,-17.839920990570448,62.183020249472605,-13.459126949769594,59.42165948319868
191.20000000004342,660.2500000000434,292.30600000005165,-20.99848986044257,64.55003814314202,-19.02857484167987,62.8626666821859,-20.013532351061222,63.70635241266396,-13.715521819312768,59.36206759622314
191.30000000004355,660.3500000000436,292.4060000000518,-20.622446372279914,64.36336138666483,-18.868062487638724,62.18313477619653,-19.745254429959317,63.27324808143068,-13.965039188482232,59.298093161299605
191.40000000004346,660.4500000000435,292.5060000000517,-18.08797802012622,62.50979056610147,-17.846912126953395,60.79434637057992,-17.967445073539807,61.6520684683407,-14.217445158959885,59.24196682625846
191.5000000000436,660.5500000000436,292.60600000005184,-15.553509668591142,60.65621974675091,-17.857005357113657,60.16803127551103,-16.7052575128524,60.41212551113097,-14.477856545306045,59.205579053926805
191.6000000000435,660.6500000000435,292.70600000005174,-14.449281084473785,61.59036936868442,-18.192754457143124,59.78249722519686,-16.321017770808453,60.68643329694064,-14.731998991041173,59.16563385091558
191.70000000004364,660.7500000000437,292.8060000000519,-13.345052500353919,62.52451899062005,-16.14236914486237,62.28624619082497,-14.743710822608145,62.40538259072251,-14.973844988158085,59.10772132431367
191.80000000004355,660.8500000000436,292.9060000000518,-13.206370298569718,63.10813750366063,-13.338467704522762,65.7024003167856,-13.27241900154624,64.40526891022311,-15.205546954126653,59.03096707317266
191.9000000000437,660.9500000000437,293.0060000000519,-14.033234477434485,63.341224908420905,-13.166044258373665,65.19180486820476,-13.599639367904075,64.26651488831283,-15.422947930765027,58.93800466776345
192.0000000000436,661.0500000000436,293.10600000005184,-14.860098656757563,63.574312312933074,-13.824613860661403,63.44118324171395,-14.342356258709483,63.507747777323516,-15.632746891370607,58.83874901335346
192.10000000004374,661.1500000000437,293.206000000052,-16.74109437623969,63.24027420201106,-15.147446633388434,61.97431314869109,-15.944270504814062,62.60729367535107,-15.856381153120191,58.75588794214933
192.20000000004364,661.2500000000437,293.3060000000519,-18.62209009571754,62.9062360910898,-16.680046722495778,60.59704880282871,-17.651068409106657,61.75164244695925,-16.081353465141717,58.68709722787334
192.30000000004378,661.3500000000438,293.406000000052,-19.661569162966725,62.27400158262448,-18.374060926522795,61.191273954586975,-19.017815044744758,61.73263776860573,-16.294197596916362,58.61834257613
192.4000000000437,661.4500000000437,293.5060000000519,-19.859531579455822,61.34357067714004,-20.119048008795307,62.408074735398536,-19.989289794125565,61.87582270626929,-16.499262775302952,58.55028669594985
192.50000000004383,661.5500000000438,293.60600000005206,-20.057493994009683,60.41313977191348,-19.649555904788027,61.299347555484374,-19.853524949398853,60.856243663698926,-16.705382047672327,58.48961657358578
192.60000000004374,661.6500000000437,293.706000000052,-15.84444292884534,60.07516169293207,-18.480754586055355,59.45624312691112,-17.162598757450347,59.765702409921595,-16.916706482258544,58.4279170269747
192.70000000004387,661.7500000000439,293.8060000000521,-11.631391863671414,59.737183613949895,-18.572722202282122,60.364282790327536,-15.102057032976768,60.050733202138716,-17.136056957229382,58.3496331633275
192.80000000004378,661.8500000000438,293.906000000052,-13.742095021457596,58.01409033204402,-19.062827375782106,62.14110479610392,-16.40246119861985,60.07759756407397,-17.35909273696693,58.26373941197228
192.90000000004392,661.9500000000439,294.00600000005215,-22.17655239111324,54.905881849637936,-18.921487876261534,62.138164625578945,-20.549020133687385,58.52202323760844,-17.57922536350833,58.18444865663002
193.00000000004383,662.0500000000438,294.10600000005206,-30.611009756287206,51.797673369610955,-18.580744796356473,61.57319429572033,-24.59587727632184,56.68543383266564,-17.78767417056798,58.113086304994646
193.10000000004396,662.150000000044,294.2060000000522,-28.87641836400628,54.09481278003189,-18.724045723922632,61.03415267305277,-23.800232043964456,57.56448272654233,-17.987716538154338,58.041812797869234
193.20000000004387,662.2500000000439,294.3060000000521,-27.141826971729298,56.3919521904476,-19.02020265341108,60.503299063160625,-23.08101481257019,58.44762562680411,-18.198600001647097,57.96049384455763
193.300000000044,662.350000000044,294.40600000005225,-26.104787818941965,57.50855348288982,-18.92464371650659,59.5257614364345,-22.514715767724276,58.51715745966216,-18.417311410451703,57.87290087622834
193.40000000004392,662.4500000000439,294.50600000005215,-25.765300904421395,57.444616659431084,-18.705385032674126,58.407165699535504,-22.235342968547762,57.925891179483294,-18.639960259895446,57.78742617096412
193.50000000004405,662.5500000000441,294.6060000000523,-25.425813989747418,57.38067983620874,-21.227872059624964,59.45335280863472,-23.32684302468619,58.41701632242173,-18.870014337142134,57.710938202513205
193.60000000004396,662.650000000044,294.7060000000522,-24.74030462352644,57.853012975392474,-24.616173519073964,61.18315555135225,-24.678239071300204,59.51808426337236,-19.103556480034975,57.62899558118099
193.7000000000441,662.7500000000441,294.80600000005234,-24.054795257303905,58.32534611457728,-23.247683056129492,60.565009694281024,-23.6512391567167,59.44517790442915,-19.32602400376222,57.54215919680512
193.800000000044,662.850000000044,294.90600000005225,-24.386865232337303,58.85785000797808,-20.377047779891242,59.20540638676928,-22.38195650611427,59.03162819737368,-19.542001478191654,57.46467561004302
193.90000000004414,662.9500000000442,295.0060000000524,-25.736514546832705,59.45052465549113,-22.04605912917072,58.16727781515703,-23.89128683800171,58.80890123532408,-19.75637561924012,57.39834929318108
194.00000000004405,663.0500000000441,295.1060000000523,-27.086163860248035,60.043199303398936,-25.148643092921528,57.230667580909426,-26.117403476584784,58.63693344215418,-19.977140474593096,57.33205496386195
194.1000000000442,663.1500000000442,295.2060000000524,-25.994211788321707,61.533853603563884,-27.028025384382666,58.264439329693694,-26.511118586352186,59.89914646662879,-20.199493385502805,57.26428834130289
194.2000000000441,663.2500000000441,295.30600000005234,-24.902259716397857,63.02450790372545,-28.52113346464434,59.92043696606828,-26.7116965905211,61.472472434896865,-20.432446608817997,57.19428312309872
194.30000000004424,663.3500000000442,295.4060000000525,-24.392067082759176,62.958803662058905,-28.974371682271745,61.383091806477005,-26.68321938251546,62.170947734267955,-20.67360040287077,57.112349121472946
194.40000000004414,663.4500000000442,295.5060000000524,-24.463633886378872,61.3367408813177,-29.099229944219537,62.784691027278015,-26.781431915299205,62.06071595429786,-20.912716353282523,57.014482581432524
194.50000000004428,663.5500000000443,295.6060000000525,-24.535200689156166,59.71467810167958,-27.559450651252117,60.97892864356018,-26.047325670204142,60.34680337261988,-21.14198665159325,56.91394937932722
194.6000000000442,663.6500000000442,295.7060000000524,-22.70644102031235,60.58883348445599,-25.493996342459017,58.160315229753834,-24.100218681385684,59.37457435710491,-21.362686248947256,56.824479413444486
194.70000000004433,663.7500000000443,295.80600000005256,-20.877681351464375,61.46298886723438,-25.92764765979071,58.91014541114316,-23.40266450562754,60.18656713918877,-21.584976821676232,56.74397898122012
194.80000000004424,663.8500000000442,295.9060000000525,-21.406142134029178,61.01028367815797,-27.150490225207317,60.786852514089006,-24.278316179618248,60.89856809612348,-21.801865780715065,56.665258244636206
194.90000000004437,663.9500000000444,296.0060000000526,-24.291823363828595,59.2307179195779,-28.14030274428156,59.17318784439454,-26.216063054055077,59.201952881986216,-22.018618079345615,56.588012451082015
195.00000000004428,664.0500000000443,296.1060000000525,-27.177504592049726,57.4511521613048,-29.056526827877576,56.45730051283301,-28.117015709963653,56.9542263370689,-22.240524832299556,56.51606063115659
195.10000000004442,664.1500000000444,296.20600000005265,-26.518306678766347,56.35479683706995,-27.67571299456723,57.2907890779476,-27.09700983666679,56.822792957508774,-22.465708135450985,56.43649607790118
195.20000000004433,664.2500000000443,296.30600000005256,-25.859108765484464,55.25844151283758,-25.56951876853853,59.245133186148934,-25.714313767011497,57.251787349493256,-22.685833855341016,56.34464692074845
195.30000000004446,664.3500000000445,296.4060000000527,-26.647007630939935,54.64532953094698,-25.77723422680751,58.827193651280304,-26.212120928873723,56.736261591113646,-22.898463123928064,56.24648410981126
195.40000000004437,664.4500000000444,296.5060000000526,-28.882003272556144,54.5154608905417,-26.715658004325363,57.66011191549905,-27.798830638440755,56.087786403020374,-23.10789746751596,56.15575656164797
195.5000000000445,664.5500000000445,296.60600000005275,-31.11699891310444,54.38559225065644,-25.962944860249472,56.9982946046406,-28.539971886676955,55.69194342764852,-23.32074483219316,56.07752606200655
195.60000000004442,664.6500000000444,296.70600000005265,-30.94430546786752,55.423259191721336,-24.676188479319883,56.49603448014112,-27.8102469735937,55.959646835931224,-23.52773155383163,55.99456231858895
195.70000000004455,664.7500000000446,296.8060000000528,-30.7716120226302,56.46092613278859,-26.780150155298863,57.77321832913687,-28.775881088964532,57.117072230962734,-23.728860919146626,55.902516403891056
195.80000000004446,664.8500000000445,296.9060000000527,-29.26390457313569,58.084420078977644,-29.954864898782407,59.6123318523468,-29.609384735959047,58.84837596566222,-23.936553922545848,55.79972255482532
195.9000000000446,664.9500000000446,297.00600000005284,-26.42118312175693,60.29374102925158,-29.84778001086845,56.51593590447584,-28.13448156631269,58.40483846686371,-24.156865012837237,55.69026810212049
196.0000000000445,665.0500000000445,297.10600000005275,-23.578461671652434,62.503061978356435,-28.704337347614526,51.86095802288341,-26.14139950963348,57.182010000619925,-24.38380587062701,55.57579813766829
196.10000000004464,665.1500000000447,297.2060000000529,-23.58056205631388,62.100367860735126,-26.604927408299822,53.17525789740688,-25.09274473230685,57.63781287907101,-24.60808911308399,55.44085793915628
196.20000000004455,665.2500000000446,297.3060000000528,-23.58266244097532,61.697673743114734,-24.20363306689842,56.37459284735025,-23.89314775393687,59.03613329523249,-24.836523144793045,55.297235800470894
196.3000000000447,665.3500000000447,297.4060000000529,-22.54232754116852,60.74250362111066,-24.19787652954981,56.86280932722374,-23.370102035359167,58.80265647416719,-25.070692152225494,55.161819264198044
196.4000000000446,665.4500000000446,297.50600000005284,-20.459557358761217,59.234857495714586,-24.94860561234222,56.494883134816995,-22.70408148555172,57.86487031526579,-25.301875338580594,55.041007782282605
196.50000000004474,665.5500000000447,297.606000000053,-18.376787179935206,57.72721137058606,-25.628670744080214,56.38897832947602,-22.00272896200771,57.05809485003104,-25.5221789070144,54.92997326283959
196.60000000004464,665.6500000000447,297.7060000000529,-24.2998775455417,56.8245126981506,-26.286420943968963,56.36581711981089,-25.293149244755334,56.59516490898075,-25.743176796321737,54.81643125724248
196.70000000004478,665.7500000000448,297.806000000053,-30.22296791116166,55.92181402571309,-24.809684980609514,55.51533400928301,-27.51632644588559,55.71857401749805,-25.980023430893336,54.69060431937733
196.8000000000447,665.8500000000447,297.9060000000529,-31.94076638030104,55.67806362465113,-22.658900757130848,54.40359135187446,-27.299833568715943,55.04082748826279,-26.223244635556984,54.556941795570005
196.90000000004483,665.9500000000448,298.00600000005306,-29.453272960502286,56.093261493782975,-23.82616177306491,54.03763486390523,-26.6397173667836,55.06544817884411,-26.460588761711062,54.43554485405284
197.00000000004474,666.0500000000447,298.106000000053,-26.965779542767187,56.50845936304956,-26.041226545768122,53.907189797181594,-26.503503044267653,55.20782458011558,-26.690567137474307,54.331247007771985
197.10000000004487,666.1500000000449,298.2060000000531,-29.07278742624998,57.22657256728506,-27.204250519291378,55.00484852309294,-28.13851897277068,56.115710545189,-26.92358015636788,54.22927308760803
197.20000000004478,666.2500000000448,298.306000000053,-31.179795309727986,57.94468577151893,-28.03505108350932,56.49032949817967,-29.607423196618655,57.2175076348493,-27.155927921622098,54.11734832287156
197.30000000004492,666.3500000000449,298.40600000005315,-31.881668716482313,56.17105407091651,-28.93128306321933,59.25167828085253,-30.40647588985082,57.71136617588452,-27.382671948547806,54.00060549731507
197.40000000004483,666.4500000000448,298.50600000005306,-31.178407649033755,51.90567746996167,-29.848177595127197,62.41593268579318,-30.513292622080478,57.16080507787743,-27.60759375287218,53.8859203555402
197.50000000004496,666.550000000045,298.6060000000532,-30.475146581863484,47.640300873183065,-28.809368349162618,59.91260530781952,-29.64225746551305,53.77645309050129,-27.834278090776056,53.77883466705592
197.60000000004487,666.6500000000449,298.7060000000531,-30.393591678604437,52.672869559810366,-27.1529684383033,55.61951526677724,-28.77328005845387,54.146192413293804,-28.069024851325384,53.68033527409161
197.700000000045,666.750000000045,298.80600000005325,-30.312036775345206,57.705438246449106,-28.652445185257573,53.565052796347224,-29.48224098030139,55.63524552139816,-28.308128098149673,53.576732025954826
197.80000000004492,666.8500000000449,298.90600000005315,-30.777983167216554,59.182967749883886,-31.148514558088046,52.21752534616302,-30.9632488626523,55.70024654802346,-28.54544722132431,53.461120404864495
197.90000000004505,666.9500000000451,299.0060000000533,-31.791430853234655,57.105458076523334,-32.67478926173377,51.63108730718917,-32.23311005748421,54.36827269185625,-28.7864932232927,53.34012556748188
198.00000000004496,667.050000000045,299.1060000000532,-32.804878536525784,55.02794840385745,-33.89481301810423,51.284993292109064,-33.34984577731501,53.15647084798326,-29.032120123907696,53.222630106252936
198.1000000000451,667.1500000000451,299.20600000005334,-27.76619082589463,54.482967982465546,-31.752889796281234,52.00884689448973,-29.75954031108793,53.24590743847764,-29.272880504612058,53.114837700050266
198.200000000045,667.250000000045,299.30600000005325,-22.727503115274935,53.93798756107488,-28.549299110765418,53.070578690869674,-25.638401113020176,53.50428312597228,-29.505722358315698,53.015036801111584
198.30000000004515,667.3500000000452,299.4060000000534,-21.150514710192585,54.68040715256005,-28.21322890446026,53.251834740255035,-24.681871807326424,53.96612094640754,-29.722070011818417,52.917765486258425
198.40000000004505,667.4500000000451,299.5060000000533,-23.03522560440519,56.710226754593485,-28.782691478418922,53.15504581771712,-25.908958541412055,54.9326362861553,-29.93511817593906,52.81692074748151
198.5000000000452,667.5500000000452,299.6060000000534,-24.919936498362574,58.74004635512986,-28.064421418607278,55.844588019953946,-26.492178958484928,57.292317187541904,-30.159943631329345,52.71817813412318
198.6000000000451,667.6500000000451,299.70600000005334,-26.23111354343666,57.451051515727755,-26.939498949322903,59.41402425901163,-26.58530624637978,58.43253788736969,-30.39096633856299,52.621070980610256
198.70000000004524,667.7500000000452,299.8060000000535,-27.54229058851373,56.16205667632272,-26.163243224415776,56.28423391966057,-26.85276690646475,56.22314529799165,-30.61147445208163,52.534770839645326
198.80000000004515,667.8500000000452,299.9060000000534,-28.277669291410973,55.95743045531498,-25.497092786886995,51.03889835121974,-26.887381039148984,53.49816440326736,-30.82954964594576,52.4562327320544
198.90000000004528,667.9500000000453,300.0060000000535,-28.437249653173872,56.83717285074102,-27.285028228325004,52.55296590333016,-27.861138940749438,54.695069377035594,-31.043593072896787,52.37279854271625
199.0000000000452,668.0500000000452,300.1060000000534,-28.596830014627304,57.7169152442509,-29.84793815558327,56.20158180304425,-29.22238408510529,56.959248523647574,-31.2513013069696,52.27763099671147
199.10000000004533,668.1500000000453,300.20600000005356,-28.073278116778233,54.36622678570445,-30.627201087137394,56.622513426384465,-29.350239601957814,55.49437010604446,-31.44988475012611,52.16850366836401
199.20000000004524,668.2500000000452,300.3060000000535,-27.54972621893035,51.015538327165615,-30.84320707432836,56.024176333856175,-29.196466646629354,53.519857330510895,-31.63932936544326,52.04358731023418
199.30000000004537,668.3500000000454,300.4060000000536,-26.645679331334502,50.000525312260585,-29.49319979746565,57.407564821836466,-28.069439564400078,53.704045067048526,-31.82475323228915,51.90509487249
199.40000000004528,668.4500000000453,300.5060000000535,-25.36113745468519,51.32118773675603,-27.648662017620076,59.41676138603165,-26.50489973615263,55.36897456139384,-32.014163097764374,51.76751854364079
199.50000000004542,668.5500000000454,300.60600000005365,-24.076595580758013,52.641850160326165,-28.181250582332,59.08560171299387,-26.128923081545008,55.86372593666002,-32.211682179514284,51.64244309679109
199.60000000004533,668.6500000000453,300.70600000005356,-28.784515225765894,51.92114104178317,-29.46451062206599,58.01538217773863,-29.124512923915944,54.9682616097609,-32.415931341561,51.52220951572934
199.70000000004546,668.7500000000455,300.8060000000537,-33.49243487078448,51.200431923238554,-30.88309983782782,56.39501224198313,-32.187767354306146,53.797722082610846,-32.63290075699042,51.410357387090784
199.80000000004537,668.8500000000454,300.9060000000536,-34.744023979172184,51.36285361595952,-32.344424582731826,54.600910601321665,-33.54422428095201,52.98188210864059,-32.85530088877646,51.31202909203673
199.9000000000455,668.9500000000455,301.00600000005375,-32.53928255722174,52.40840611834043,-31.982109667576516,53.74959876812329,-32.26069611239913,53.07900244323186,-33.07639929495918,51.218186441117034
200.00000000004542,669.0500000000454,301.10600000005365,-30.33454113759853,53.45395861992876,-31.043908545675915,53.19601003114561,-30.689224841637223,53.32498432553719,-33.29803887963912,51.11361809328031
200.10000000004555,669.1500000000456,301.2060000000538,-33.23644070684105,52.76184847607942,-31.069745991365288,55.22256400041828,-32.15309334910317,53.992206238248855,-33.51820957626649,50.988178859332706
200.20000000004546,669.2500000000455,301.3060000000537,-36.138340276076974,52.06973833223165,-31.400016668028954,58.06389987452341,-33.769178472052964,55.066819103377526,-33.728381965865076,50.86062348848982
200.3000000000456,669.3500000000456,301.40600000005384,-36.800859426952556,52.75086853484318,-31.662802635077334,56.88385869955147,-34.23183103101495,54.81736361719732,-33.93193042596385,50.73963138116095
200.4000000000455,669.4500000000455,301.50600000005375,-35.223998163548394,54.80523908140675,-31.904277641256577,54.433908986511355,-33.564137902402486,54.619574033959054,-34.13392347036649,50.61892194176515
200.50000000004565,669.5500000000457,301.6060000000539,-33.64713690060012,56.85960962628083,-30.90660845887962,54.56942659299367,-32.27687267973987,55.714518109637254,-34.33243516974456,50.48911945412318
200.60000000004555,669.6500000000456,301.7060000000538,-33.07564733670868,55.207014143089815,-29.51763058653695,55.52140756112684,-31.29663896162281,55.36421085210833,-34.53163414341843,50.358194583719474
200.7000000000457,669.7500000000457,301.8060000000539,-32.50415777281594,53.55441865989504,-28.60163780079188,54.00347469227157,-30.55289778680391,53.77894667608331,-34.72800311062545,50.23523435283972
200.8000000000456,669.8500000000456,301.90600000005384,-32.32467933074594,52.61553352977651,-27.835008726166084,51.705569035093724,-30.07984402845601,52.16055128243512,-34.92276637277923,50.118147835898306
200.90000000004574,669.9500000000457,302.006000000054,-32.53721200978123,52.39035875142525,-29.958344989588273,51.428372784259736,-31.24777849968475,51.90936576784249,-35.12406854146441,50.00169606275233
201.00000000004565,670.0500000000457,302.1060000000539,-32.74974468875943,52.16518397290541,-32.994301883376934,51.789295291440276,-32.872023286068185,51.97723963217284,-35.329838016161624,49.8819581316818
201.10000000004578,670.1500000000458,302.206000000054,-32.83842524257103,51.57004860364904,-33.74971222360906,49.48332969953918,-33.29406873309004,50.52668915159411,-35.5236063866468,49.757593985799964
201.2000000000457,670.2500000000457,302.3060000000539,-32.92710579638243,50.97491323439402,-33.78494997010788,46.33518892095086,-33.356027883245154,48.65505107767244,-35.70736022747888,49.63046711016982
201.30000000004583,670.3500000000458,302.40600000005406,-32.09983504852228,51.072801720559205,-34.12015645200127,47.49466146994132,-33.109995750261774,49.28373159525026,-35.885115765322,49.50311174534958
201.40000000004574,670.4500000000457,302.506000000054,-30.356613000672944,51.86371406087409,-34.55008990268531,50.01443296045407,-32.453351451679126,50.93907351066408,-36.06700873661627,49.381056257216855
201.50000000004587,670.5500000000459,302.6060000000541,-28.6133909540728,52.65462640002578,-34.65975088498211,49.83914037363047,-31.636570919527454,51.24688338682813,-36.26135023495293,49.26368000561638
201.60000000004578,670.6500000000458,302.706000000054,-29.598593170132222,50.909076757553166,-34.66827319335065,48.81277492280129,-32.13343318174144,49.86092584017723,-36.456236021821695,49.141465277843345
201.70000000004592,670.7500000000459,302.80600000005415,-30.583795386193884,49.16352711507658,-36.5223918086428,49.259639518953236,-33.55309359741834,49.21158331701491,-36.64597984792824,49.012403546283814
201.80000000004583,670.8500000000458,302.90600000005406,-30.457221245566053,50.47680298959055,-38.959330308599824,50.1717346548776,-34.70827577708294,50.324268822234075,-36.829000581081736,48.87885052847415
201.90000000004596,670.950000000046,303.0060000000542,-29.218870750290684,54.84890437548144,-37.46411970706434,51.99504073999114,-33.341495228677516,53.42197255773629,-37.00601406610294,48.74606421651663
202.00000000004587,671.0500000000459,303.1060000000541,-27.980520257720347,59.221005757252506,-34.727177814007476,54.106097650305635,-31.35384903586391,56.66355170377907,-37.18305227703017,48.612979420257005
202.100000000046,671.150000000046,303.20600000005425,-32.62556975807624,54.64487016107126,-34.82850416868295,54.54361418073179,-33.72703696337959,54.59424217090152,-37.36105677691763,48.48112380447823
202.20000000004592,671.2500000000459,303.30600000005415,-37.270619258421576,50.068734564900424,-35.826125756823394,54.45264427697126,-36.54837250762249,52.26068942093585,-37.54293538034374,48.34820828485053
202.30000000004605,671.3500000000461,303.4060000000543,-39.12666280030422,49.72711612986579,-36.94643693269081,52.51048491933704,-38.03654986649751,51.11880052460141,-37.71887781154027,48.218234412361596
202.40000000004596,671.450000000046,303.5060000000542,-38.19370038885231,53.62001484817009,-38.10549218877457,49.983739420117296,-38.14959628881344,51.801877134143695,-37.88613189251905,48.1026994580593
202.5000000000461,671.5500000000461,303.60600000005434,-37.26073797918175,57.512913562879525,-38.12766283863098,49.414228511680655,-37.69420040890637,53.46357103728009,-38.049199095001036,47.99676786942498
202.600000000046,671.650000000046,303.70600000005425,-40.19171175722112,53.59826819748,-37.79081729811512,49.462791682707,-38.99126452766812,51.5305299400935,-38.21507917444231,47.883262511348875
202.70000000004615,671.7500000000462,303.8060000000544,-43.12268553526716,49.68362283207158,-37.57072084463733,50.64702905801493,-40.346703189952244,50.16532594504325,-38.373655681417276,47.7559846428407
202.80000000004605,671.8500000000461,303.9060000000543,-43.160258319716,49.44594129923516,-37.38749252379938,52.189900391499265,-40.273875421757694,50.81792084536721,-38.5281693978384,47.60967712946238
202.9000000000462,671.9500000000462,304.0060000000544,-40.304430115909824,52.88522359218097,-37.36350224589465,50.13120087540154,-38.83396618090224,51.508212233791255,-38.6876428921948,47.45424659751537
203.0000000000461,672.0500000000461,304.10600000005434,-37.448601913205984,56.324505881892996,-37.38979766560863,46.93516319967097,-37.41919978940731,51.629834540781985,-38.85067010685067,47.298482896783
203.10000000004624,672.1500000000462,304.2060000000545,-36.96695487362629,52.77464493256707,-39.52154372932926,47.35961118277423,-38.24424930147778,50.06712805767065,-39.00371437087833,47.147468742888805
203.20000000004615,672.2500000000462,304.3060000000544,-36.48530783404769,49.224783983249225,-42.31816894180042,48.92737042315235,-39.401738387924055,49.07607720320078,-39.1508525493341,47.008717445416174
203.30000000004628,672.3500000000463,304.4060000000545,-38.392606496971226,46.62279492698866,-42.32262864319601,49.98571553232638,-40.35761757008362,48.30425522965752,-39.30386436154146,46.88279001276402
203.4000000000462,672.4500000000462,304.5060000000544,-42.68885085796671,44.96867776204289,-41.44535187004106,50.883193021597066,-42.06710136400389,47.925935391819976,-39.46501863422962,46.76162412141941
203.50000000004633,672.5500000000463,304.60600000005456,-46.985095217527686,43.314560597849464,-42.230436535674116,49.807872480662425,-44.6077658766009,46.561216539255945,-39.632929373685336,46.63960014698684
203.60000000004624,672.6500000000462,304.7060000000545,-48.16758297029353,43.29055892518769,-43.54047744356443,48.10956308994825,-45.85403020692898,45.70006100756797,-39.8107795365453,46.508239269911606
203.70000000004637,672.7500000000464,304.8060000000546,-49.35007072306206,43.26655725252586,-42.149893930919,47.857094057787755,-45.74998232699053,45.56182565515681,-39.99351286199108,46.36263108574204
203.80000000004628,672.8500000000463,304.9060000000545,-50.23329206872931,45.53477997372745,-39.90648165644566,48.06120619012313,-45.06988686258749,46.79799308192529,-40.15762438638413,46.2140393737988
203.90000000004642,672.9500000000464,305.00600000005466,-50.817247007854554,50.095227084549876,-42.66541531315422,48.64841875626501,-46.74133116050439,49.37182292040744,-40.304582729975195,46.07684210060357
204.00000000004633,673.0500000000463,305.10600000005456,-51.401201946264344,54.65567419041034,-47.00403715392492,49.356610406403306,-49.20261955009463,52.00614229840682,-40.458417581249705,45.94806437676212
204.10000000004646,673.1500000000465,305.2060000000547,-50.4455822660538,48.54096184814299,-45.78723140297889,48.44705986833768,-48.11640683451634,48.49401085824034,-40.63586009007011,45.80838962806154
204.20000000004637,673.2500000000464,305.3060000000546,-49.489962585845426,42.42624950588956,-42.81608010200917,47.02664337763439,-46.15302134392729,44.72644644176198,-40.82040764563298,45.65226769252203
204.3000000000465,673.3500000000465,305.40600000005475,-46.63522288097203,38.14996386384494,-42.073421558453234,43.83698077486515,-44.35432221971263,40.99347231935504,-41.0053199225495,45.48508484772335
204.40000000004642,673.4500000000464,305.50600000005466,-41.88136315497879,35.712104918609285,-42.03449756776347,40.08860887523254,-41.957930361371126,37.90035689692091,-41.1886007535098,45.32402823208943
204.50000000004655,673.5500000000466,305.6060000000548,-37.127503431983236,33.274245977348784,-45.208942808453514,41.95379627698004,-41.16822312021837,37.61402112716441,-41.36492043633152,45.179928963770735
204.60000000004646,673.6500000000465,305.7060000000547,-38.82801989562037,39.376549855286676,-49.398136224420554,45.59168661068226,-44.11307806002046,42.48411823298447,-41.540348278611056,45.02783779698944
204.7000000000466,673.7500000000466,305.80600000005484,-40.528536359261366,45.47885373323844,-47.29431798133723,44.94175029221246,-43.9114271702993,45.21030201272545,-41.71202694343683,44.86517168322984
204.8000000000465,673.8500000000465,305.90600000005475,-41.94363401726237,48.17179333177613,-43.20323290452137,42.93776345606787,-42.57343346089187,45.554778393922,-41.87465801057418,44.70157123306066
204.90000000004665,673.9500000000467,306.0060000000549,-43.07331287016195,47.455368657268636,-41.81515167677211,44.30109121346911,-42.44423227346703,45.87822993536887,-42.028459693638524,44.53951492739432
205.00000000004655,674.0500000000466,306.1060000000548,-44.202991722521254,46.738943982502676,-41.28065060932697,46.72778147089814,-42.74182116592411,46.733362726700406,-42.18043979536935,44.379943024584584
205.1000000000467,674.1500000000467,306.2060000000549,-44.179076108831545,45.46452475950709,-43.226373606701955,45.10966396090547,-43.70272485776675,45.28709436020628,-42.33793480390304,44.22346351899506
205.2000000000466,674.2500000000466,306.30600000005484,-44.155160495141885,44.190105536514416,-45.95532525376523,42.214238738729286,-45.055242874453555,43.20217213762185,-42.50449109295432,44.06812455061155
205.30000000004674,674.3500000000467,306.406000000055,-44.38549709545094,43.935509721644415,-46.680100652205596,43.2418073455811,-45.53279887382827,43.58865853361276,-42.67427197182243,43.90950905166166
205.40000000004665,674.4500000000467,306.5060000000549,-44.87008590928245,44.700737312992196,-46.77197828982522,45.508216105237224,-45.82103209955383,45.10447670911471,-42.83817482947694,43.75118327147654
205.50000000004678,674.5500000000468,306.606000000055,-45.354674723376576,45.46596490256148,-45.9836391747244,44.58960390339442,-45.66915694905049,45.02778440297795,-42.98660293163994,43.59969450750386
205.6000000000467,674.6500000000467,306.7060000000549,-46.39755372281299,42.43041675944992,-44.917336875393616,42.665195611479106,-45.6574452991033,42.54780618546451,-43.12836395741064,43.44805068445583
205.70000000004683,674.7500000000468,306.80600000005506,-47.44043272225177,39.39486861633146,-46.73921318090009,43.019776004258624,-47.089822951575925,41.20732231029504,-43.28377502306672,43.28422627905562
205.80000000004674,674.8500000000467,306.906000000055,-47.62048557247311,39.48349357492696,-49.47314588518135,44.09403703214131,-48.54681572882723,41.788765303534134,-43.44593538658875,43.11604504779158
205.90000000004687,674.9500000000469,307.0060000000551,-46.93771227509438,42.6962916293835,-51.529676886553666,44.19547066176682,-49.23369458082402,43.44588114557516,-43.61117196385393,42.9534397272151
206.00000000004678,675.0500000000468,307.106000000055,-46.25493897848519,45.90908968171669,-53.37229156133044,43.98969564023714,-49.813615269907814,44.94939266097691,-43.78155818691927,42.801711699098405
206.10000000004692,675.1500000000469,307.20600000005516,-47.21181002779502,44.60415242742774,-51.01694935750609,40.711774997343305,-49.11437969265056,42.65796371238552,-43.94221401548458,42.64569875777594
206.20000000004683,675.2500000000468,307.30600000005506,-48.16868107710266,43.29921517314177,-47.335936564447785,36.463703108535775,-47.75230882077523,39.88145914083877,-44.09047820739711,42.48019118961511
206.30000000004696,675.350000000047,307.4060000000552,-50.35516647933208,43.330106198578,-45.459773710694925,38.2939811469212,-47.9074700950135,40.812043672749596,-44.24507049738871,42.30785210892464
206.40000000004687,675.4500000000469,307.5060000000551,-53.771266232163974,44.69682550122748,-44.15356346763779,42.04373810387805,-48.96241484990088,43.37028180255277,-44.41802496748072,42.132663829711184
206.500000000047,675.550000000047,307.60600000005525,-57.1873659810379,46.063544802517484,-45.56809956227267,42.472339316365684,-51.37773277165529,44.26794205944158,-44.598685556328846,41.95505392993273
206.60000000004692,675.6500000000469,307.70600000005516,-52.17762850525366,44.53523633259411,-47.84181870831259,41.85215450745504,-50.009723606783126,43.193695420024575,-44.75655197041562,41.78328272782082
206.70000000004705,675.7500000000471,307.8060000000553,-47.16789102945802,43.00692786266727,-49.69874764750806,42.66402004282664,-48.43331933848304,42.83547395274695,-44.89612567528672,41.60997413261528
206.80000000004696,675.850000000047,307.9060000000552,-45.25642880521409,41.322442327739225,-51.42405862703994,43.928112001338164,-48.34024371612702,42.625277164538694,-45.0248846789924,41.42989780546916
206.9000000000471,675.9500000000471,308.00600000005534,-46.44324182668019,39.481779728096356,-50.62308215182419,43.08301351957994,-48.53316198925219,41.28239662383815,-45.14724471179747,41.24021777305039
207.000000000047,676.050000000047,308.10600000005525,-47.630054846951566,37.641117130216315,-49.02433069331656,41.571854900808376,-48.32719277013406,39.606486015512345,-45.26324579832164,41.03980425856216
207.10000000004715,676.1500000000472,308.2060000000554,-46.28421739364837,39.53698515561138,-50.19636078301252,41.49855085512108,-48.24028908833044,40.517768005366236,-45.389166327599675,40.84732638940577
207.20000000004705,676.2500000000471,308.3060000000553,-44.938379940348234,41.43285318100214,-52.243374516854125,41.8793061469265,-48.59087722860118,41.65607966396432,-45.53622748619785,40.66873900776988
207.3000000000472,676.3500000000472,308.4060000000554,-44.59138699914615,43.03708593359858,-50.91124772518288,40.35053792205834,-47.751317362164514,41.69381192782846,-45.69730261187592,40.495839196479864
207.4000000000471,676.4500000000471,308.50600000005534,-45.243238568158674,44.34968341394379,-48.51202392869653,38.21876227270631,-46.877631248427605,41.28422284332505,-45.85304252968992,40.32490900511603
207.50000000004724,676.5500000000472,308.6060000000555,-45.89509013744427,45.66228089161608,-49.42595044660799,39.236076564794566,-47.660520292026135,42.449178728205325,-45.99640032166651,40.16547874992177
207.60000000004715,676.6500000000472,308.7060000000554,-47.12119606733347,41.31682708203066,-51.386134955359466,41.247840309051185,-49.25366551134647,41.28233369554093,-46.1292230983019,40.00371860642474
207.70000000004728,676.7500000000473,308.8060000000555,-48.347301997225465,36.97137327243538,-50.38425233924871,40.58461939552161,-49.36577716823709,38.77799633397849,-46.265293830045984,39.828153535632445
207.8000000000472,676.8500000000472,308.9060000000554,-48.92840338878472,37.169850145532045,-48.44698010760432,39.07666648736394,-48.687691748194524,38.12325831644799,-46.41261562249254,39.64230663402012
207.90000000004733,676.9500000000473,309.00600000005556,-48.864500243234076,41.91225769272559,-49.30172001831079,39.628397683245,-49.08311013077243,40.770327687985294,-46.56852869339832,39.45412374134034
208.00000000004724,677.0500000000472,309.1060000000555,-48.80059709658352,46.65466523500193,-51.03814797128706,40.83055543631707,-49.91937253393529,43.7426103356595,-46.71846027967962,39.270367418927655
208.10000000004737,677.1500000000474,309.2060000000556,-46.41068631399146,41.02269054150516,-49.64449173722566,43.32465713261778,-48.02758902560856,42.17367383706147,-46.85953857292853,39.096693926405
208.20000000004728,677.2500000000473,309.3060000000555,-44.02077553140484,35.39071584802121,-47.26238786816474,46.226741125531056,-45.64158169978479,40.80872848677613,-47.001882089186566,38.923231671030315
208.30000000004742,677.3500000000474,309.40600000005566,-44.59294855898257,34.094589562254384,-48.466723412471715,43.99174988965658,-46.529835985727146,39.04316972595548,-47.136189876704854,38.73801442186925
208.40000000004733,677.4500000000473,309.50600000005556,-48.12720539110508,37.13431167598854,-50.803618768072525,40.13452437595582,-49.4654120795888,38.63441802597218,-47.25908026609042,38.53587983607281
208.50000000004746,677.5500000000475,309.6060000000557,-51.66146222165519,40.174033785262885,-50.4839886080558,36.6719787383757,-51.0727254148555,38.423006261819296,-47.37974480288306,38.326523049123445
208.60000000004737,677.6500000000474,309.7060000000556,-51.86997774577676,33.81430468870919,-49.32545565619282,33.334068850779744,-50.59771670098479,33.57418676974447,-47.513814971322375,38.127503059394314
208.7000000000475,677.7500000000475,309.80600000005575,-52.0784932698988,27.454575592141033,-50.01686447514173,34.88050865419827,-51.047678872520265,31.167542123169653,-47.657627575101735,37.93221878775069
208.80000000004742,677.8500000000474,309.90600000005566,-51.40856211793112,26.767282155904084,-51.29246543045814,37.96937467112349,-51.350513774194624,32.36832841351379,-47.806966080360596,37.732034251744466
208.90000000004756,677.9500000000476,310.0060000000558,-49.86018429154044,31.752424369212807,-51.44594520644626,38.47563238628206,-50.65306474899335,35.11402837774743,-47.955565122947064,37.52721579952088
209.00000000004746,678.0500000000475,310.1060000000557,-48.31180646736021,36.73756657998978,-51.24507092688569,38.16632958758142,-49.77843869712295,37.4519480837856,-48.10942540160671,37.32015661173404
209.1000000000476,678.1500000000476,310.20600000005584,-51.407511838133274,36.41893957168847,-52.49033664872221,37.41466490222731,-51.94892424342774,36.91680223695789,-48.273058098801876,37.12362112033431
209.2000000000475,678.2500000000475,310.30600000005575,-54.5032172088993,36.10031256338788,-54.19227815907436,36.52330698993807,-54.34774768398683,36.311809776662976,-48.42746809003918,36.92942818884068
209.30000000004765,678.3500000000477,310.4060000000559,-54.95856415224668,36.47953063458717,-53.86103298340732,37.75095759096711,-54.409798567826996,37.11524411277714,-48.57597155177103,36.735812590817
209.40000000004756,678.4500000000476,310.5060000000558,-52.77355267320427,37.55659378395495,-52.88772885622554,39.6477687730987,-52.83064076471491,38.60218127852683,-48.727649215697475,36.54994501900813
209.5000000000477,678.5500000000477,310.60600000005593,-50.58854119588368,38.63365693153769,-53.544024548752006,38.25817604158008,-52.06628287231784,38.445916486558886,-48.88405389772956,36.37194043869729
209.6000000000476,678.6500000000476,310.70600000005584,-52.01995193061841,35.9671752497398,-54.714930709082275,35.83077155103813,-53.36744131985034,35.89897340038897,-49.04110091981889,36.18548512214297
209.70000000004774,678.7500000000477,310.806000000056,-53.451362665356406,33.300693567935845,-52.2356076731202,34.59631594498153,-52.843485169238306,33.94850475645869,-49.192588544558085,35.98500132914207
209.80000000004765,678.8500000000477,310.9060000000559,-53.495546366690206,32.44584741158434,-48.603580683971295,33.73858103813886,-51.049563525330754,33.0922142248616,-49.33359500481295,35.77821993810402
209.90000000004778,678.9500000000478,311.006000000056,-52.15250303726953,33.40263677722128,-49.78134432438997,34.40524862956783,-50.96692368082975,33.903942703394556,-49.46501980128764,35.569582810828486
210.0000000000477,679.0500000000477,311.10600000005593,-50.809459709649104,34.35942614342782,-52.47798921159187,35.55330648213135,-51.64372446062049,34.95636631277958,-49.595831759772516,35.355305715453625
210.10000000004783,679.1500000000478,311.20600000005606,-53.230278110569685,36.51367269245912,-53.99728107942864,35.270581838250834,-53.61377959499916,35.89212726535497,-49.74033827974044,35.151099440638006
210.20000000004774,679.2500000000477,311.306000000056,-55.651096511484766,38.66791924148552,-55.144777258075806,34.53603114424886,-55.397936884780286,36.60197519286719,-49.89447713771209,34.948552426577706
210.30000000004787,679.3500000000479,311.4060000000561,-58.26851950622576,38.760223530957944,-54.20881637154453,33.84891493618557,-56.23866793888514,36.304569233571755,-50.04526281154372,34.74633757360435
210.40000000004778,679.4500000000478,311.506000000056,-61.082547094404354,36.79058556482354,-52.614921676980494,33.1767780394274,-56.848734385692424,34.98368180212547,-50.183117347573564,34.54207877306475
210.50000000004792,679.5500000000479,311.60600000005616,-63.89657468105153,34.820947600144024,-51.163287313199916,33.504658092901444,-57.529930997125724,34.16280284652274,-50.308539850001424,34.33846320768669
210.60000000004783,679.6500000000478,311.70600000005606,-63.505194286545766,35.89320076979665,-49.756577264269815,34.14833297179271,-56.63088577540779,35.02076687079468,-50.43289073392774,34.13900620361159
210.70000000004796,679.750000000048,311.8060000000562,-63.11381389203911,36.96545393945171,-48.604510135477874,35.26919143711962,-55.85916201375849,36.11732268828567,-50.57569073697106,33.94065607670251
210.80000000004787,679.8500000000479,311.9060000000561,-60.82770773779769,38.656075026593804,-47.53285656016999,36.540739455591144,-54.180282148983835,37.598407241092474,-50.737009179026316,33.74357086656149
210.900000000048,679.950000000048,312.00600000005625,-56.64687582744715,40.965064030043955,-51.49605646519282,36.047658711973114,-54.071466146319985,38.50636137100854,-50.90049626795892,33.54688320228243
211.00000000004792,680.0500000000479,312.10600000005616,-52.46604391836991,43.274053032387435,-57.04921009594124,34.99732678204331,-54.75762700715558,39.13568990721537,-51.052947482484946,33.343891500840265
211.10000000004806,680.1500000000481,312.2060000000563,-50.91946199279108,43.287265402582975,-56.62742536194653,34.67741884608262,-53.7734436773688,38.982342124332796,-51.191807607741964,33.13153776893303
211.20000000004796,680.250000000048,312.3060000000562,-49.37288006721577,43.300477772778486,-54.318817992268094,34.58817111803409,-51.84584902974193,38.94432444540629,-51.323918232873794,32.91290614112266
211.3000000000481,680.3500000000481,312.40600000005634,-49.27383369788942,42.18793844679135,-54.10817025752241,33.910780691954216,-51.691001977705916,38.04935956937278,-51.460129854448546,32.69970608175723
211.400000000048,680.450000000048,312.50600000005625,-50.62232288202804,39.949647426792104,-54.56003608966037,33.04766099338661,-52.59117948584421,36.498654210089356,-51.60492006439511,32.49839829213696
211.50000000004815,680.5500000000482,312.6060000000564,-51.97081206496345,37.71135640648467,-54.28203986565835,32.78173394668,-53.1264259653109,35.24654517658233,-51.752510022890014,32.29508884786001
211.60000000004806,680.6500000000481,312.7060000000563,-50.816832059059415,34.844256749032354,-53.77356088779812,32.704394052611285,-52.29519647342877,33.77432540082182,-51.890923187522,32.08813597114416
211.7000000000482,680.7500000000482,312.80600000005643,-49.66285205315276,31.977157091573524,-53.48818710268802,31.57188953727539,-51.57551957792039,31.774523314424457,-52.026254829051574,31.892439149590736
211.8000000000481,680.8500000000481,312.90600000005634,-50.853116782244584,30.666293043106766,-53.273267588756056,30.10617514257134,-52.06319218550032,30.386234092839054,-52.16209140746845,31.707439960480656
211.90000000004824,680.9500000000482,313.0060000000565,-54.38762624182028,30.9116646006255,-53.4371741496042,32.73902056690164,-53.91240019571224,31.825342583763568,-52.30457181357111,31.521887455345485
212.00000000004815,681.0500000000482,313.1060000000564,-57.92213570030399,31.15703615831043,-53.720709996854865,36.66614803534069,-55.82142284857943,33.91159209682556,-52.45195376134401,31.323150640336422
212.10000000004828,681.1500000000483,313.2060000000565,-59.20792962393827,31.748346286774716,-55.33872244241785,35.49758983595283,-57.27332603317806,33.62296806136377,-52.59823757751529,31.111404183443305
212.2000000000482,681.2500000000482,313.30600000005643,-60.49372354756962,32.339656415237656,-57.37814854929741,32.71986774644275,-58.93593604843352,32.5297620808402,-52.73045047528147,30.89664279506156
212.30000000004833,681.3500000000483,313.40600000005657,-60.4637709281318,33.57601271717644,-56.61745498956888,32.71629775323195,-58.54061295885034,33.14615523520419,-52.8471266432052,30.68743573031152
212.40000000004824,681.4500000000482,313.5060000000565,-59.118071768167866,35.45741519133877,-54.97251311680958,33.5887757877189,-57.04529244248872,34.523095489528835,-52.95978413517132,30.49029022248453
212.50000000004837,681.5500000000484,313.6060000000566,-57.772372608471706,37.338817663257636,-54.95640305939961,32.361243168894894,-56.36438783393566,34.850030416076265,-53.080854339807615,30.302154516223407
212.60000000004828,681.6500000000483,313.7060000000565,-56.98589562743406,34.57906839349895,-55.45466094208469,30.47054929318969,-56.220278284759374,32.52480884334432,-53.20614292127656,30.111715343124054
212.70000000004842,681.7500000000484,313.80600000005666,-56.199418646394626,31.819319123733983,-54.737757348275444,32.03467274044566,-55.468587997335035,31.92699593208982,-53.321592157354885,29.917044915944103
212.80000000004833,681.8500000000483,313.90600000005657,-55.11140784764801,30.384394575644727,-53.63711855255423,34.68979112840844,-54.37426320010112,32.53709285202658,-53.43548469881272,29.7151471499757
212.90000000004846,681.9500000000485,314.0060000000567,-53.72186323177339,30.274294746658178,-53.25260338119644,34.14567955375704,-53.48723330648491,32.20998715020761,-53.55800643065428,29.508852703651435
213.00000000004837,682.0500000000484,314.1060000000566,-52.33231861627698,30.16419491912586,-53.09423251156873,32.59128483615307,-52.71327556392285,31.377739877639463,-53.69017606325551,29.295423383503582
213.1000000000485,682.1500000000485,314.20600000005675,-51.7171703520251,33.056286536163846,-55.06614478832507,32.60592528064696,-53.391657570175084,32.831105908405405,-53.82010093402538,29.079982695733204
213.20000000004842,682.2500000000484,314.30600000005666,-51.10202208777462,35.94837815319525,-57.71077805658121,33.11605051163287,-54.40640007217792,34.53221433241406,-53.94847664237949,28.865989438104
213.30000000004856,682.3500000000486,314.4060000000568,-52.38042362920504,36.45502126148889,-58.940868343182586,34.24925643763075,-55.66064598619381,35.35213884955982,-54.07868641152328,28.656179404182296
213.40000000004846,682.4500000000485,314.5060000000567,-55.55237497263372,34.576215865674435,-59.724260847488516,35.57922468775416,-57.63831791006112,35.0777202767143,-54.211467071113994,28.453927338204537
213.5000000000486,682.5500000000486,314.60600000005684,-58.72432631376896,32.69741047083998,-58.814821710542574,34.58643166135004,-58.76957401215577,33.64192106609501,-54.3396794893728,28.255270729506467
213.6000000000485,682.6500000000485,314.70600000005675,-57.1680817707129,32.84143558596381,-57.37080416223601,32.86013507622281,-57.26944296647446,32.850785331093306,-54.46292675259595,28.050953221827665
213.70000000004865,682.7500000000487,314.8060000000569,-55.6118372276533,32.985460701087966,-55.19122413554586,30.301486354387816,-55.40153068159958,31.64347352773789,-54.58719235260115,27.844308043683267
213.80000000004856,682.8500000000486,314.9060000000568,-56.37519699241203,32.66138168160776,-52.77936122167446,27.47998959020757,-54.577279107043246,30.070685635907665,-54.71267090380085,27.65079595473078
213.9000000000487,682.9500000000487,315.00600000005693,-59.45816106047787,31.869198528432797,-52.49474511185757,30.03207033524956,-55.97645308616772,30.95063443184118,-54.84050953730005,27.46620918153474
214.0000000000486,683.0500000000486,315.10600000005684,-62.541125124465886,31.077015375495655,-52.88189114859774,34.28107028843654,-57.71150813653181,32.6790428319661,-54.970373041871646,27.2784942920889
214.10000000004874,683.1500000000487,315.206000000057,-57.257889431795675,30.769885504767437,-54.763527610788785,33.02891761591212,-56.01070852129223,31.89940156033978,-55.10913844400289,27.08259093042496
214.20000000004865,683.2500000000487,315.3060000000569,-51.97465373913748,30.462755634039915,-57.11710841638183,30.039558856478415,-54.54588107775966,30.251157245259165,-55.2508402197634,26.886918193906062
214.30000000004878,683.3500000000488,315.406000000057,-51.326181414063214,29.403574699632678,-54.80627108310001,30.08331478604624,-53.066226248581614,29.743444742839458,-55.384030077910325,26.689498879373392
214.4000000000487,683.4500000000487,315.50600000005693,-55.312472447534034,27.592342703017685,-51.022459605304284,31.08489640388794,-53.16746602641916,29.338619553452812,-55.50323209138644,26.481691862565636
214.50000000004883,683.5500000000488,315.60600000005707,-59.29876347909388,25.78111070765654,-52.55470539469008,31.811954341106656,-55.92673443689198,28.796532524381597,-55.61881320163859,26.254941045436674
214.60000000004874,683.6500000000487,315.706000000057,-59.35743327090743,26.543184520783768,-55.76570610530458,32.452320589976274,-57.561569688106005,29.49775255538002,-55.74258406430032,26.01617875983923
214.70000000004887,683.7500000000489,315.8060000000571,-59.416103062721106,27.30525833391273,-56.85988190272079,29.26470864604496,-58.137992482720946,28.284983489978842,-55.85770530357299,25.787431052011687
214.80000000004878,683.8500000000488,315.906000000057,-57.68039947993503,29.603794112195146,-57.285586677001774,24.868261487120805,-57.482993078468404,27.236027799657975,-55.96101919874322,25.573652434795015
214.90000000004892,683.9500000000489,316.00600000005716,-54.15032252605006,33.43879185263706,-58.0902806285811,25.57427140662097,-56.12030157731558,29.506531629629016,-56.056917432117224,25.371763419022194
215.00000000004883,684.0500000000488,316.10600000005707,-50.62024557521432,37.2737895893792,-59.01465537261476,27.891583556371543,-54.81745047391454,32.582686572875375,-56.15018456891395,25.173776141924296
215.10000000004896,684.150000000049,316.2060000000572,-53.31127764165139,33.558351262199366,-56.81217077279629,29.970274332106573,-55.06172420722384,31.764312797152968,-56.24558786155999,24.97002770262071
215.20000000004887,684.2500000000489,316.3060000000571,-56.00230970808234,29.842912935027986,-53.62225690959606,31.973610989961117,-54.8122833088392,30.90826196249455,-56.33851954063701,24.77160633484469
215.300000000049,684.350000000049,316.40600000005725,-56.97058851627016,27.63103745197885,-54.61308307609896,30.095596718434038,-55.79183579618456,28.863317085206447,-56.43003210268589,24.572887281034813
215.40000000004892,684.4500000000489,316.50600000005716,-56.216114069586965,26.922724810115096,-56.92414293205209,26.99189268358043,-56.57012850081953,26.957308746847765,-56.52835960644391,24.360471021922873
215.50000000004906,684.5500000000491,316.6060000000573,-55.46163962282806,26.21441216963338,-57.432090536293146,25.575910191441324,-56.4468650795606,25.89516118053735,-56.63958282926577,24.13325397186675
215.60000000004896,684.650000000049,316.7060000000572,-54.55648310245072,28.32339379404438,-57.37063427335712,24.692892395333928,-55.96355868790392,26.508143094689153,-56.7620056402132,23.907925081246155
215.7000000000491,684.7500000000491,316.80600000005734,-53.65132658207132,30.432375418460175,-57.182316391304454,25.81094119317862,-55.41682148668789,28.1216583058194,-56.88388615945595,23.69314209477818
215.800000000049,684.850000000049,316.90600000005725,-54.96306870236285,31.5482723840477,-56.95393694544644,27.56090575554893,-55.958502823904645,29.554589069798315,-57.00256223352073,23.4819223817544
215.90000000004915,684.9500000000492,317.0060000000574,-58.49170945897614,31.67108469276295,-56.408234490070974,27.999731332745764,-57.44997197452356,29.835408012754357,-57.11324008795208,23.27181365306668
216.00000000004906,685.0500000000491,317.1060000000573,-62.02035021379726,31.7938970004252,-55.76232476884838,28.024513021186593,-58.891337491322815,29.9092050108059,-57.20533716973782,23.064635078675952
216.1000000000492,685.1500000000492,317.20600000005743,-61.91621913223088,29.773236223397404,-59.922282812856686,26.081965704831287,-60.91925097254378,27.927600964114347,-57.28102227459291,22.859694546966626
216.2000000000491,685.2500000000491,317.30600000005734,-61.812088050664734,27.752575446374202,-65.59988330426064,23.518156599446225,-63.70598567746269,25.635366022910212,-57.35563234797638,22.65359721454048
216.30000000004924,685.3500000000492,317.4060000000575,-60.528130194718166,27.731302242433465,-61.882919752721435,25.088363187388858,-61.205524973719804,26.40983271491116,-57.43623705452623,22.4464030707301
216.40000000004915,685.4500000000492,317.5060000000574,-58.06434556672017,29.709416607638385,-55.19925177591359,27.964048411217707,-56.63179867131688,28.836732509428046,-57.51569186434944,22.2359010168835
216.50000000004928,685.5500000000493,317.6060000000575,-55.600560941960346,31.68753096904246,-57.55942454492051,26.970188599228486,-56.57999274344043,29.328859784135474,-57.58212869944146,22.016725704962425
216.6000000000492,685.6500000000492,317.70600000005743,-59.71110743941769,25.953159973739353,-62.77554701413073,24.754367200832256,-61.24332722677421,25.353763587285805,-57.64367814089184,21.788152570346934
216.70000000004933,685.7500000000493,317.80600000005757,-63.821653936884374,20.21878897842321,-61.46325449729696,22.78086597462746,-62.642454217090666,21.499827476525333,-57.71716235664584,21.575330421684153
216.80000000004924,685.8500000000492,317.9060000000575,-64.22402740278422,20.001090184679306,-58.08935725452484,20.883886907826977,-61.15669232865453,20.44248854625314,-57.800182816028325,21.37517845555529
216.90000000004937,685.9500000000494,318.0060000000576,-60.91822784443751,25.300063581618936,-57.63358730072338,22.66005319059921,-59.275907572580444,23.98005838610907,-57.88845603404897,21.186284408470073
217.00000000004928,686.0500000000493,318.1060000000575,-57.612428287567866,30.599036974223825,-58.09933122474583,25.596160106416658,-57.85587975615685,28.09759854032024,-57.982628777969346,21.008117696368235
217.10000000004942,686.1500000000494,318.20600000005766,-57.28504418366998,27.136999890700263,-59.46444515807526,23.52872993973376,-58.374744670872616,25.332864915217012,-58.0739727730196,20.82666110113777
217.20000000004933,686.2500000000493,318.30600000005757,-56.957660079772836,23.67496280718457,-61.1135706723908,19.88123543620082,-59.03561537608182,21.778099121692698,-58.14716441703251,20.625246452610707
217.30000000004947,686.3500000000495,318.4060000000577,-56.92716913453603,22.201938528161605,-60.0157633866238,19.173920380831465,-58.471466260579916,20.687929454496533,-58.21875969486214,20.416258939568028
217.40000000004937,686.4500000000494,318.5060000000576,-57.193571347372384,22.717927049703498,-58.050503640416125,19.395083043004174,-57.622037493894254,21.056505046353834,-58.302783660880074,20.205350233792537
217.5000000000495,686.5500000000495,318.60600000005775,-57.459973560510306,23.233915570120484,-58.812617096616826,20.412634631926878,-58.13629532856356,21.823275101023683,-58.3961058409326,19.990565016239223
217.60000000004942,686.6500000000494,318.70600000005766,-58.33353788448543,21.478098061379722,-60.43600629822103,21.681677460077687,-59.38477209135323,21.579887760728703,-58.47988569152142,19.769237626858498
217.70000000004956,686.7500000000496,318.8060000000578,-59.20710220846254,19.722280552634967,-58.72935241018089,21.828962138688333,-58.96822730932171,20.775621345661648,-58.54932122859331,19.55053830656258
217.80000000004947,686.8500000000495,318.9060000000577,-59.46300928689839,18.85447852865369,-55.971105970846246,21.622007402774308,-57.71705762887232,20.238242965714,-58.60871559625985,19.34696038646432
217.9000000000496,686.9500000000496,319.00600000005784,-59.10125912101878,18.874691987671277,-55.98289781878374,21.80096148754896,-57.542078469901256,20.33782673761012,-58.667162765456986,19.152864867500313
218.0000000000495,687.0500000000495,319.10600000005775,-58.73950895642567,18.894905445620875,-56.86943859677548,22.101781515312755,-57.804473776600574,20.498343480466815,-58.728925712000226,18.953250349443103
218.10000000004965,687.1500000000497,319.2060000000579,-60.971549308438235,16.760597901436324,-59.3842401810974,20.485070593783004,-60.17789474476781,18.622834247609664,-58.78866904698566,18.74050311274274
218.20000000004956,687.2500000000496,319.3060000000578,-63.20358966044572,14.626290357256627,-62.413229386834466,18.262823584925847,-62.808409523640094,16.444556971091238,-58.84183774755766,18.529030074039806
218.3000000000497,687.3500000000497,319.40600000005793,-64.71600798169167,15.584824211494594,-62.85052413150943,16.883448947559792,-63.78326605660055,16.234136579527192,-58.889182620142066,18.31864422040773
218.4000000000496,687.4500000000496,319.50600000005784,-65.50880427359927,19.63619945799963,-62.469389048969354,15.770244531929944,-63.98909666128431,17.703221994964785,-58.940539791874066,18.10790571710255
218.50000000004974,687.5500000000497,319.606000000058,-66.30160056290045,23.687574701591068,-63.7029693529971,15.996737542795398,-65.00228495794877,19.84215612219323,-58.99966206469664,17.893599653921424
218.60000000004965,687.6500000000497,319.7060000000579,-61.85645221167741,21.86924320344068,-65.44645977747662,16.64629289752631,-63.65145599457701,19.25776805048349,-59.05733306258407,17.670285805959452
218.70000000004978,687.7500000000498,319.806000000058,-57.411303860444264,20.050911705286158,-66.37379862224643,15.900457604729617,-61.892551241345345,17.97568465500789,-59.119346893623536,17.451951662812146
218.8000000000497,687.8500000000497,319.90600000005793,-57.8644024991887,17.662164667072815,-67.04340539002851,14.713972635167277,-62.453903944608605,16.188068651120048,-59.18479134189067,17.242712653357522
218.90000000004983,687.9500000000498,320.00600000005807,-63.215748118156476,14.703002089925938,-68.37130888026395,15.415738139663722,-65.79352849921021,15.059370114794831,-59.24511563936985,17.030871934893202
219.00000000004974,688.0500000000497,320.106000000058,-68.56709373241733,11.743839516216942,-69.9070955453465,16.713793265650416,-69.23709463888191,14.22881639093368,-59.294868692417936,16.81190842025514
219.10000000004987,688.1500000000499,320.2060000000581,-64.49024458190729,15.675255474184146,-66.99350224282378,15.36946794994256,-65.74187341236554,15.522361712063354,-59.338966060908874,16.591702530814587
219.20000000004978,688.2500000000498,320.306000000058,-60.41339543140653,19.60667143214241,-62.67484158658747,13.190706707936467,-61.544118508997,16.39868907003944,-59.39443826322341,16.378378304762762
219.30000000004992,688.3500000000499,320.40600000005816,-57.352471073678956,19.82474786041866,-60.707941967613166,12.721880782019657,-59.03020652064606,16.27331432121916,-59.458785525628464,16.164756564534702
219.40000000004983,688.4500000000498,320.50600000005807,-55.30747150671038,16.329484766425,-59.48370372646841,12.793034427887045,-57.395587616589395,14.561259597156024,-59.524316844981094,15.947357084970458
219.50000000004997,688.55000000005,320.6060000000582,-53.26247194294895,12.834221675852117,-58.5329373227848,10.679625959649881,-55.897704632866876,11.756923817750998,-59.590577076338334,15.731172734079511
219.60000000004987,688.6500000000499,320.7060000000581,-57.63822659153317,16.19336065536162,-57.66853044644813,7.876355773373893,-57.65337851899065,12.034858214367755,-59.659254955956364,15.520155192350316
219.70000000005,688.75000000005,320.80600000005825,-62.013981240127336,19.552499634878764,-60.01115773893067,9.54578349811219,-61.012569489529,14.549141566495477,-59.72804534563265,15.30323521190146
219.80000000004992,688.8500000000499,320.90600000005816,-64.29850944120675,20.949786873179548,-63.36653266043756,12.627642137612138,-63.83252105082215,16.788714505395845,-59.789643189403115,15.07589762386978
219.90000000005006,688.9500000000501,321.0060000000583,-64.49181119896609,20.38522237419578,-62.246259902899865,15.604957753399066,-63.36903555093298,17.995090063797424,-59.84206684164648,14.842248103085314
220.00000000004997,689.05000000005,321.1060000000582,-64.6851129554458,19.82065787360933,-59.71262472491248,18.549259782846704,-62.198868840179145,19.18495882822802,-59.88631058361275,14.61033086126954
220.1000000000501,689.1500000000501,321.20600000005834,-62.32115105953189,16.049595779659427,-60.58991423136015,16.655264858973695,-61.45553264544602,16.35243031931656,-59.92764223327813,14.373769590946551
220.20000000005,689.25000000005,321.30600000005825,-59.95718916362336,12.278533685718095,-62.544337845240186,13.233386691567762,-61.250763504431774,12.755960188642929,-59.964946011187806,14.14321268476959
220.30000000005015,689.3500000000502,321.4060000000584,-59.61915405010383,10.242775752718922,-65.76501329209046,10.965654336878949,-62.692083671097144,10.604215044798934,-60.00469455685927,13.923746180537087
220.40000000005006,689.4500000000501,321.5060000000583,-61.30704571491197,9.942321977191119,-69.38555773753842,9.06238907978483,-65.34630172622519,9.502355528487975,-60.04777944062345,13.703145294318816
220.5000000000502,689.5500000000502,321.60600000005843,-62.99493737896501,9.64186820284683,-67.86838021112729,10.28803075202873,-65.43165879504615,9.96494947743778,-60.08924111907208,13.466934059328713
220.6000000000501,689.6500000000501,321.70600000005834,-63.17248281182325,11.698045315397037,-64.72876417248202,12.501748293530454,-63.95062349215263,12.099896804463746,-60.13335754062399,13.211072488023948
220.70000000005024,689.7500000000502,321.8060000000585,-63.350028244681894,13.754222427951918,-63.72691086404243,11.087019045819229,-63.538469554362166,12.420620736885574,-60.19272116855367,12.953267901193476
220.80000000005015,689.8500000000502,321.9060000000584,-61.57413099122618,12.728620883147315,-63.40014052087951,8.526464499921227,-62.487135756052844,10.62754269153427,-60.260030034209365,12.699431509918297
220.90000000005028,689.9500000000503,322.0060000000585,-57.84479105537441,8.621240687172888,-63.0649538880982,7.603949174339485,-60.45487247173631,8.112594930756186,-60.3195325446243,12.454709102698441
221.0000000000502,690.0500000000502,322.10600000005843,-54.11545112287399,4.513860494784674,-62.727109479657436,7.198709390361796,-58.42128030126571,5.856284942573235,-60.37208172219106,12.20775256070865
221.10000000005033,690.1500000000503,322.20600000005857,-57.0386467969401,7.524699165107046,-62.547376778864034,6.931285992103756,-59.79301178790207,7.227992578605401,-60.42116924397078,11.968350372523307
221.20000000005024,690.2500000000502,322.3060000000585,-59.961842470999564,10.535537835422572,-62.4175740908524,6.707383557618482,-61.189708280925984,8.621460696520527,-60.46847319917593,11.762608014272496
221.30000000005037,690.3500000000504,322.4060000000586,-61.38206975405171,10.102799749058178,-61.372155393767784,7.476829766282354,-61.37711257390975,8.789814757670266,-60.50973631531193,11.569335446461297
221.40000000005028,690.4500000000503,322.5060000000585,-61.29932864911787,6.226484912953023,-60.037594800012016,8.559965019142435,-60.66846172456494,7.393224966047729,-60.54741558312777,11.355676829224432
221.50000000005042,690.5500000000504,322.60600000005866,-61.21658754485668,2.350170080238784,-61.42943531338802,9.435858281301972,-61.323011429122346,5.893014180770377,-60.58560768908322,11.11402009063407
221.60000000005033,690.6500000000503,322.70600000005857,-62.46682732132191,5.209066312898175,-63.68224459466791,10.246306704500482,-63.07453595799491,7.727686508699328,-60.62452775694962,10.86156511761621
221.70000000005047,690.7500000000505,322.8060000000587,-63.71706709778998,8.067962545564068,-64.38304699284991,7.637515662595538,-64.05005704531995,7.852739104079803,-60.65294510032933,10.609968366512582
221.80000000005037,690.8500000000504,322.9060000000586,-64.98764872533002,10.293153034030233,-64.59374195583614,3.948964793080913,-64.79069534058308,7.121058913555573,-60.67032295554378,10.359432874305185
221.9000000000505,690.9500000000505,323.00600000005875,-66.27857220390673,11.884637779586292,-64.46328222460097,4.891496148880989,-65.37092721425385,8.38806696423364,-60.688333570226064,10.10298762837358
222.00000000005042,691.0500000000504,323.10600000005866,-67.56949568128834,13.476122523152233,-64.22508943237949,7.296474518497249,-65.89729255683392,10.386298520824742,-60.717220716839314,9.83666732705894
222.10000000005056,691.1500000000506,323.2060000000588,-66.49861817502597,11.132147813594887,-65.34599300235465,5.682932436370258,-65.9223055886903,8.407540124982573,-60.74232464892973,9.575121434324574
222.20000000005047,691.2500000000505,323.3060000000587,-65.42774066876603,8.78817310404287,-66.89608489584957,2.800383899886377,-66.16191278230781,5.794278501964624,-60.75662809043001,9.332149012540336
222.3000000000506,691.3500000000506,323.40600000005884,-64.35246182115159,5.9559271488293835,-65.64762762002806,4.674829819765456,-65.00004472058983,5.31537848429742,-60.77983061324262,9.104886385970778
222.4000000000505,691.4500000000505,323.50600000005875,-63.27278163219645,2.635409948955381,-63.51541797779902,8.051484510493877,-63.39409980499774,5.343447229724629,-60.82429904283879,8.879938165642631
222.50000000005065,691.5500000000507,323.6060000000589,-62.193101445389736,-0.685107249162285,-64.50108695818038,7.439615526737073,-63.347094201785055,3.377254138787394,-60.8817192180624,8.648385487649792
222.60000000005056,691.6500000000506,323.7060000000588,-65.35543877029198,-0.526856531540057,-66.47134918462974,5.568212755100286,-65.91339397746086,2.5206781117801147,-60.926585328397486,8.410044376636558
222.7000000000507,691.7500000000507,323.80600000005893,-68.51777609520141,-0.36860581391746905,-66.40649072347429,6.982389582235456,-67.46213340933785,3.3068918841589934,-60.955455414725485,8.16548211127772
222.8000000000506,691.8500000000506,323.90600000005884,-68.95992765051257,0.32451699190728617,-65.6989625735685,9.43411785826498,-67.32944511204053,4.879317425086133,-60.96529458658075,7.915927788011167
222.90000000005074,691.9500000000507,324.006000000059,-66.68189344174446,1.5525118848525472,-64.44758137053694,7.310063340316136,-65.5647374061407,4.431287612584342,-60.96099981988672,7.66567063924067
223.00000000005065,692.0500000000507,324.1060000000589,-64.40385923509919,2.7805067770927723,-63.024457098655255,3.741024786833254,-63.714158166877226,3.260765781963013,-60.94575163381252,7.423992179189828
223.10000000005078,692.1500000000508,324.206000000059,-66.30229739900766,2.62352320466463,-62.82153788663396,3.562002445601213,-64.56191764282082,3.0927628251329216,-60.926699837023705,7.181055924709379
223.2000000000507,692.2500000000507,324.30600000005893,-68.20073556291182,2.466539632236845,-63.003946587008656,4.453511536359148,-65.60234107496024,3.4600255842979966,-60.91276961474903,6.924986381232001
223.30000000005083,692.3500000000508,324.40600000005907,-67.82779462876609,2.0753478219325716,-64.43086550901619,5.996442939221049,-66.12933006889114,4.035895380576811,-60.90699028954212,6.659271549700487
223.40000000005074,692.4500000000507,324.506000000059,-65.18347460118925,1.449947774229669,-66.25078765763273,7.745086650498633,-65.71713112941099,4.597517212364151,-60.91417916027045,6.395409102276127
223.50000000005087,692.5500000000509,324.6060000000591,-62.539154572660955,0.8245477275413562,-65.80927220222718,7.138890720800875,-64.17421338744407,3.9817192241711155,-60.92760632576501,6.137878153021856
223.60000000005078,692.6500000000508,324.706000000059,-58.038522237599366,2.1939997349756384,-64.65361855839049,5.789061222677444,-61.34607039799493,3.991530478826541,-60.93562803536,5.880759065717722
223.70000000005092,692.7500000000509,324.80600000005916,-53.537889902527546,3.563451742413034,-65.95225640640722,3.548546871520532,-59.74507315446738,3.555999306966783,-60.94616378991538,5.6260752625573955
223.80000000005083,692.8500000000508,324.90600000005907,-54.057834173064684,4.393097174211856,-68.02593367039161,1.0267636203227326,-61.04188392172814,2.709930397267294,-60.963068678088966,5.367320017694117
223.90000000005097,692.950000000051,325.0060000000592,-59.59835503898488,4.682936031475608,-66.8610924324888,1.2568823856844895,-63.22972373573684,2.9699092085800487,-60.98342333470862,5.106414768852641
224.00000000005087,693.0500000000509,325.1060000000591,-65.13887590126856,4.9727748893715376,-64.67356114467516,2.3560228376700465,-64.90621852297187,3.664398863520792,-61.007232690995565,4.847172168836358
224.100000000051,693.150000000051,325.20600000005925,-63.56416584108374,6.505135429160052,-64.36401097438394,3.523017506777776,-63.96408840773384,5.014076467968914,-61.031329935663855,4.586305607030825
224.20000000005092,693.2500000000509,325.30600000005916,-61.989455780902496,8.037495968945082,-64.64750747086181,4.711439823324793,-63.31848162588216,6.374467896134938,-61.05805479470674,4.337578189559385
224.30000000005106,693.3500000000511,325.4060000000593,-61.502915554271915,8.224983773397025,-65.07998010425595,5.945137954363753,-63.29144782926393,7.085060863880389,-61.08709752564915,4.103500383389989
224.40000000005097,693.450000000051,325.5060000000592,-62.104545158972364,7.06759884526101,-65.55949783336439,7.19313371098165,-63.83202149616838,7.13036627812133,-61.11348198597514,3.866789872641106
224.5000000000511,693.5500000000511,325.60600000005934,-62.70617476363214,5.910213916515855,-64.28936249066305,5.061854071720596,-63.49776862714759,5.486033994118225,-61.13137920156089,3.6126499442057587
224.600000000051,693.650000000051,325.70600000005925,-63.22561675399311,3.5672956757400374,-62.466705127083934,1.8634348372344913,-62.846160940538525,2.7153652564872646,-61.14016758769487,3.36022335328456
224.70000000005115,693.7500000000512,325.8060000000594,-63.74505874435526,1.2243774349588925,-60.87484178209648,0.9019288169280218,-62.30995026322587,1.0631531259434572,-61.141387679518736,3.1215933365879662
224.80000000005106,693.8500000000511,325.9060000000593,-63.59111024778734,1.9266812197904162,-59.355860758537524,0.6468164409123629,-61.473485503162436,1.2867488303513896,-61.1378850685195,2.887037264914365
224.9000000000512,693.9500000000512,326.00600000005943,-62.76377126566665,5.674207024006174,-60.87873826322818,1.3225122641254352,-61.82125476444742,3.4983596440658045,-61.13593265874148,2.643768688328488
225.0000000000511,694.0500000000511,326.10600000005934,-61.936432283773875,9.421732825663206,-63.36220266844806,2.292147517715935,-62.649317476110966,5.856940171689571,-61.13310815113352,2.3876465498234913
225.10000000005124,694.1500000000513,326.2060000000595,-61.55092434933779,8.184406578909122,-62.722393231347766,2.865097176291173,-62.13665879034278,5.524751877600147,-61.12589441711324,2.1229651932872367
225.20000000005115,694.2500000000512,326.3060000000594,-61.16541641490258,6.947080332157851,-61.0962867946221,3.312777700004507,-61.13085160476234,5.129929016081179,-61.11430654223427,1.8710009880100356
225.30000000005128,694.3500000000513,326.4060000000595,-62.822107738968725,4.2343493507198104,-61.890305016965904,4.546610339896548,-62.35620637796731,4.390479845308179,-61.106033560162416,1.623491828494282
225.4000000000512,694.4500000000512,326.50600000005943,-66.52099831734033,0.04621363763325892,-63.44857312915482,6.028701541979774,-64.98478572324757,3.0374575898065164,-61.105876852210386,1.369476690438711
225.50000000005133,694.5500000000513,326.60600000005957,-70.21988889229961,-4.141922072606287,-63.25754247832453,6.239551426300493,-66.73871568531207,1.048814676847103,-61.11264676216566,1.1122515981259107
225.60000000005124,694.6500000000513,326.7060000000595,-67.2619287923545,-2.7711457267198596,-62.51410169360623,6.048956685268054,-64.88801524298036,1.6389054792740974,-61.1259767038326,0.8617963311061638
225.70000000005138,694.7500000000514,326.8060000000596,-64.30396869240266,-1.4003693808303153,-62.73391482460184,4.704175755184647,-63.51894175850225,1.6519031871771657,-61.14014020246131,0.607193210118963
225.80000000005128,694.8500000000513,326.9060000000595,-63.21318628211875,-0.7616586536473335,-63.25791340167224,2.99491497712003,-63.23554984189549,1.1166281617363483,-61.15020051450611,0.349596197406597
225.90000000005142,694.9500000000514,327.00600000005966,-63.98958155765989,-0.8550135436632793,-62.825997613790086,3.6455789876955063,-63.407789585724984,1.3952827220161135,-61.15007788250934,0.09144528041073777
226.00000000005133,695.0500000000513,327.10600000005957,-64.76597683259061,-0.9483684335200265,-62.09221413269916,5.041482402775081,-63.42909548264488,2.0465569846275273,-61.13888870729818,-0.1682963546635319
226.10000000005147,695.1500000000515,327.2060000000597,-64.35791370873893,-0.7323301392668047,-63.25625900141773,2.119420548854485,-63.80708635507833,0.6935452047938401,-61.128332462963115,-0.4252009311544338
226.20000000005138,695.2500000000514,327.3060000000596,-63.94985058488819,-0.5162918450140739,-65.01961808390372,-2.1662092802858366,-64.48473433439595,-1.3412505626499551,-61.11802998480311,-0.6789204143325507
226.3000000000515,695.3500000000515,327.40600000005975,-63.770443204479854,0.727716190560723,-65.93184526425841,-0.5606826893637837,-64.85114423436913,0.08351675059846964,-61.10020595724364,-0.9241946340892152
226.40000000005142,695.4500000000514,327.50600000005966,-63.81969156704373,2.999693965334306,-66.57529395007961,2.905209080751317,-65.19749275856168,2.9524515230428117,-61.07420566049305,-1.1552819049511112
226.50000000005156,695.5500000000516,327.6060000000598,-63.86893993138554,5.27167173806244,-66.2292422669134,2.373600781455159,-65.04909109914948,3.8226362597587995,-61.03411193676303,-1.381447408185113
226.60000000005147,695.6500000000515,327.7060000000597,-67.36265692489869,3.5706551750367073,-65.5707167840384,0.5796240433215876,-66.46668685446855,2.075139609179147,-61.001600520006306,-1.6221217960456746
226.7000000000516,695.7500000000516,327.80600000005984,-70.85637391841978,1.8696386120071065,-64.5447838768373,-0.3755006641390331,-67.70057889762853,0.7470689739340367,-60.99095821036849,-1.867926334061667
226.8000000000515,695.8500000000515,327.90600000005975,-70.5646684117344,0.38439546983059747,-63.40282757286353,-1.0657247311989337,-66.98374799229896,-0.34066463068416813,-60.996669318895556,-2.1130266848155617
226.90000000005165,695.9500000000517,328.0060000000599,-66.48754041265643,-0.8850742519450505,-62.76842190651347,-2.7855105410809093,-64.62798115958495,-1.83529239651298,-61.01393462158627,-2.360112152659697
227.00000000005156,696.0500000000516,328.1060000000598,-62.410412415568466,-2.154543972484583,-62.294295388363324,-4.8304211107834565,-62.3523539019659,-3.4924825416340197,-61.02562672911004,-2.6083776602757993
227.1000000000517,696.1500000000517,328.20600000005993,-62.17088055406094,-1.0346754901570954,-62.669790573854044,-5.496888472199641,-62.420335563957494,-3.2657819811783684,-61.02163011953603,-2.8499005322699626
227.2000000000516,696.2500000000516,328.30600000005984,-61.93134869255396,0.08519299216784626,-63.313587349086994,-5.7280579797933795,-62.62246802082048,-2.8214324938127664,-61.01086935276547,-3.0971437409915468
227.30000000005174,696.3500000000518,328.40600000006,-61.3349813048956,1.5249833772633314,-63.6253390858052,-4.320470378161234,-62.4801601953504,-1.3977435004489513,-60.988747742325764,-3.3483874393972637
227.40000000005165,696.4500000000517,328.5060000000599,-60.381778391826906,3.2846956644608625,-63.83223449491472,-2.3953805332137303,-62.107006443370814,0.44465756562356606,-60.95359955412573,-3.598640865816663
227.50000000005178,696.5500000000518,328.60600000006,-59.42857547946436,5.04440795022128,-63.69071977012134,-0.8302667850790386,-61.559647624792845,2.1070705825711205,-60.90939541797439,-3.8582307776883304
227.6000000000517,696.6500000000517,328.70600000005993,-59.841672933249896,4.0242552428857525,-63.43918079287853,0.6211703012731489,-61.640426863064214,2.3227127720794507,-60.88638936037814,-4.128418642133635
227.70000000005183,696.7500000000518,328.80600000006007,-60.25477038703638,3.0041025355479047,-64.37946156496456,0.4494307210794126,-62.317115976000466,1.7267666283136587,-60.87900623706293,-4.396542718083997
227.80000000005174,696.8500000000518,328.90600000006,-60.9366060612603,0.8085778401813057,-65.69610646717788,-0.23489096265426435,-63.316356264219095,0.2868434387635207,-60.87432691697408,-4.659352654974992
227.90000000005188,696.9500000000519,329.0060000000601,-61.88717995536747,-2.562318840786721,-68.02097777467691,-2.4348015426739384,-64.95407886502218,-2.4985601917303297,-60.85871898238097,-4.9147277860311
228.00000000005178,697.0500000000518,329.10600000006,-62.83775385137973,-5.9332155195982645,-70.66423636700131,-5.113319140992411,-66.75099510919051,-5.523267330295338,-60.83772604296206,-5.1631607684757
228.10000000005192,697.1500000000519,329.20600000006016,-67.46732997736964,-5.15910979549798,-68.82732069705047,-4.696324214477485,-68.14732533721005,-4.927717004987732,-60.81087174663937,-5.4058186004588435
228.20000000005183,697.2500000000518,329.30600000006007,-72.09690610334904,-4.3850040713994565,-65.57561315946614,-3.301799020182479,-68.83625963140759,-3.843401545790968,-60.78240175774853,-5.652494228083593
228.30000000005197,697.350000000052,329.4060000000602,-72.92993870333494,-3.6791614193211015,-65.44892725303286,-4.20098011221281,-69.1894329781839,-3.940070765766956,-60.75641410212619,-5.9053172757115355
228.40000000005188,697.4500000000519,329.5060000000601,-69.96642778521351,-3.0415818391242615,-66.30909027950048,-5.824489502798055,-68.137759032357,-4.433035670961159,-60.727626905478274,-6.161781136482665
228.500000000052,697.550000000052,329.60600000006025,-67.00291686914349,-2.4040022604136495,-63.36402091530272,-5.747771300089069,-65.1834688922231,-4.075886780251359,-60.69102359409135,-6.417628692993826
228.60000000005192,697.6500000000519,329.70600000006016,-67.99215516927379,-4.623574717248595,-59.21729922118359,-5.134139122321787,-63.60472719522869,-4.878856919785191,-60.65221556220611,-6.677437460379339
228.70000000005206,697.7500000000521,329.8060000000603,-68.98139346940634,-6.843147174088587,-60.180923782954835,-5.2175916887002325,-64.58115862618058,-6.03036943139441,-60.61011121529226,-6.932156053737899
228.80000000005197,697.850000000052,329.9060000000602,-69.20518544810942,-7.366632603676982,-62.758341893891135,-5.521176278819303,-65.98176367100028,-6.443904441248143,-60.55718230160694,-7.1870211541355555
228.9000000000521,697.9500000000521,330.00600000006034,-68.66353110697828,-6.194031009548675,-61.36255714945511,-5.882013857595765,-65.01304412821669,-6.03802243357222,-60.51049389407845,-7.458140160815305
229.000000000052,698.050000000052,330.10600000006025,-68.12187676657061,-5.021429416096516,-58.71207677062767,-6.260931327466412,-63.41697676859914,-5.641180371781464,-60.47952136380558,-7.750321373387465
229.10000000005215,698.1500000000522,330.2060000000604,-68.9673296580992,-5.142281150649649,-60.33572905018136,-5.589147829513596,-64.65152935414028,-5.365714490081622,-60.454118029036536,-8.03983135783565
229.20000000005206,698.2500000000521,330.3060000000603,-69.81278254962588,-5.2631328852025066,-63.30910742791582,-4.585564027030976,-66.56094498877084,-4.924348456116741,-60.4077714892461,-8.308965129426218
229.3000000000522,698.3500000000522,330.40600000006043,-69.36228541759405,-5.369458652277846,-64.62002788026872,-5.653935460889589,-66.9911566489314,-5.511697056583717,-60.34853004058384,-8.56248462606444
229.4000000000521,698.4500000000521,330.50600000006034,-67.6158382647108,-5.461258451905502,-65.4059616210761,-7.376608546161846,-66.51089994289345,-6.418933499033674,-60.28958545191595,-8.817439757690467
229.50000000005224,698.5500000000523,330.6060000000605,-65.86939111135645,-5.553058252444934,-65.32118705941188,-8.08591742883548,-65.59528908538417,-6.819487840640207,-60.23384244683387,-9.09266055677077
229.60000000005215,698.6500000000522,330.7060000000604,-63.22967977357536,-7.387951986987442,-64.96145198208845,-8.475216564377627,-64.0955658778319,-7.9315842756825345,-60.19133977163413,-9.380482570880831
229.70000000005228,698.7500000000523,330.8060000000605,-60.58996843578828,-9.22284572153412,-64.37839297873464,-6.919071373084077,-62.48418070726146,-8.070958547309099,-60.15517940817323,-9.65200505425689
229.8000000000522,698.8500000000522,330.90600000006043,-60.03887318052055,-9.742552178198402,-63.724810630553904,-4.748575343776153,-61.88184190553723,-7.245563760987277,-60.116881598939,-9.905324626831348
229.90000000005233,698.9500000000523,331.00600000006057,-61.5763940034006,-8.947071359733803,-65.75050385938647,-5.819542151718874,-63.66344893139353,-7.3833067557263385,-60.07501872237567,-10.150725544489088
230.00000000005224,699.0500000000523,331.1060000000605,-63.113914823572514,-8.151590541415814,-68.62228410972862,-7.9141287996079175,-65.86809946665056,-8.032859670511865,-60.02935743618441,-10.39886857144782
230.10000000005238,699.1500000000524,331.2060000000606,-59.47962323263003,-7.632994205450776,-68.06150409480651,-10.006629810272845,-63.77056366371827,-8.81981200786181,-59.979609150286564,-10.656841005860185
230.20000000005228,699.2500000000523,331.3060000000605,-55.84533164169582,-7.114397869486915,-66.41675768392511,-12.098472198652395,-61.13104466281047,-9.606435034069655,-59.92346030512946,-10.916075714651644
230.30000000005242,699.3500000000524,331.40600000006066,-54.967139764633586,-5.814056340025388,-64.95931855287718,-9.977715274056095,-59.96322915875538,-7.895885807040742,-59.867570606471524,-11.171440380201913
230.40000000005233,699.4500000000523,331.50600000006057,-56.84504759566948,-3.7319696187109455,-63.56102908895302,-6.5266638339965715,-60.203038342311245,-5.129316726353759,-59.818074409926545,-11.423185625904658
230.50000000005247,699.5500000000525,331.6060000000607,-58.72295542454841,-1.6498829001976978,-63.924107939265255,-8.3476517462935,-61.32353168190683,-4.998767323245599,-59.7716239390384,-11.674054589046854
230.60000000005238,699.6500000000524,331.7060000000606,-56.48605970014924,-4.910049832252069,-64.84340836064436,-11.833494185374352,-60.6647340303968,-8.37177200881321,-59.72706070515848,-11.933898383154947
230.7000000000525,699.7500000000525,331.80600000006075,-54.24916397574499,-8.170216764313853,-63.75641430960964,-12.893636293630212,-59.002789142677315,-10.531926528972033,-59.6751087719463,-12.194446392922643
230.80000000005242,699.8500000000524,331.90600000006066,-55.91091835533458,-10.011286129070093,-62.03585358518496,-13.187767773642161,-58.97338597025977,-11.599526951356127,-59.61097594039127,-12.451435217494051
230.90000000005256,699.9500000000526,332.0060000000608,-61.47132283073477,-10.433257929510592,-61.40360883638281,-11.779940122622843,-61.43746583355879,-11.106599026066718,-59.53508923387295,-12.707777880681936
231.00000000005247,700.0500000000525,332.1060000000607,-67.03172730299723,-10.85522973060091,-61.11504281558311,-9.834651695175447,-64.07338505929016,-10.344940712888178,-59.447078392721046,-12.969936529157833
231.1000000000526,700.1500000000526,332.20600000006084,-66.64221721171845,-12.516226102929377,-61.93585426758546,-9.688540252026176,-64.28903573965195,-11.102383177477776,-59.3532612882469,-13.252884869737406
231.2000000000525,700.2500000000525,332.30600000006075,-66.25270712044056,-14.177222475254066,-63.10699544667201,-10.11058995992157,-64.67985128355629,-12.14390621758782,-59.26054505517728,-13.543182170956456
231.30000000005265,700.3500000000527,332.4060000000609,-64.8477519570785,-14.089746848508401,-63.50997871457124,-11.185317616036011,-64.17886533582487,-12.637532232272207,-59.170873296348134,-13.831621704823794
231.40000000005256,700.4500000000526,332.5060000000608,-62.42735172377667,-12.25379922637415,-63.670385800797604,-12.46615409721362,-63.048868762287135,-12.359976661793885,-59.07777634430502,-14.111179116021251
231.5000000000527,700.5500000000527,332.60600000006093,-60.00695149336229,-10.417851604594675,-62.893910836578144,-12.761269138606846,-61.45043116497021,-11.589560371600761,-58.9707107195955,-14.384668612727001
231.6000000000526,700.6500000000526,332.70600000006084,-63.07076614202754,-9.26236865390369,-61.82157838373361,-12.745103726368963,-62.44617226288057,-11.003736190136326,-58.84722578926652,-14.657430299907945
231.70000000005274,700.7500000000528,332.806000000061,-66.13458079069976,-8.106885703210079,-61.73191198476416,-12.594484934756373,-63.933246387731955,-10.350685318983226,-58.7364785697716,-14.939174211843934
231.80000000005265,700.8500000000527,332.9060000000609,-67.21640322358228,-9.16575850761417,-61.952561180720224,-12.401407181378087,-64.58448220215125,-10.783582844496127,-58.639681835581015,-15.222575355897238
231.90000000005278,700.9500000000528,333.006000000061,-66.31623344486209,-12.43898706244843,-63.26097630241222,-11.44499734972652,-64.78860487363715,-11.941992206087475,-58.55126425934437,-15.50200788629027
232.0000000000527,701.0500000000527,333.10600000006093,-65.41606366770553,-15.712215615941425,-64.91289645213296,-10.247535283638596,-65.16448005991924,-12.979875449790011,-58.46730876601127,-15.772578040820063
232.10000000005283,701.1500000000528,333.20600000006107,-67.47618414268925,-16.45689943506792,-63.65449696583022,-10.260934481962119,-65.56534055425973,-13.358916958515021,-58.38376434298803,-16.037950156143072
232.20000000005274,701.2500000000528,333.306000000061,-69.5363046176683,-17.201583254192727,-61.47704917649053,-10.656710920400576,-65.50667689707942,-13.929147087296652,-58.29034560832463,-16.31393947696466
232.30000000005288,701.3500000000529,333.4060000000611,-67.9522994294799,-17.314479219778516,-60.1515726004953,-13.496830644195041,-64.0519360149876,-15.405654931986778,-58.18170564518385,-16.605039306401263
232.40000000005278,701.4500000000528,333.506000000061,-62.724168585837006,-16.79558733316075,-59.095139564660045,-17.10884824498461,-60.909654075248525,-16.95221778907268,-58.057337886078265,-16.897033779398562
232.50000000005292,701.5500000000529,333.60600000006116,-57.49603774526637,-16.276695447095165,-58.46958321865942,-17.57731425777295,-57.9828104819629,-16.92700485243406,-57.92942338663661,-17.18341019000708
232.60000000005283,701.6500000000528,333.70600000006107,-58.08943552076367,-16.802320473319448,-57.98009319531068,-17.053079772410147,-58.03476435803718,-16.9277001228648,-57.80259637208658,-17.481523941861166
232.70000000005297,701.750000000053,333.8060000000612,-58.68283329626232,-17.327945499544924,-58.55099423708674,-15.846954010206934,-58.61691376667453,-16.58744975487593,-57.67419857330119,-17.77799999770306
232.80000000005288,701.8500000000529,333.9060000000611,-59.22856864945638,-18.190698295455167,-59.45675561409492,-14.425494161305146,-59.34266213177565,-16.30809622838016,-57.544750191222825,-18.063572234915064
232.900000000053,701.950000000053,334.00600000006125,-59.72664158044934,-19.390578860339684,-59.27735356555863,-15.104549388335235,-59.50199757300398,-17.24756412433746,-57.405815075022126,-18.339962580925054
233.00000000005292,702.0500000000529,334.10600000006116,-60.224714511594286,-20.59045942562693,-58.755268331157474,-16.44692516343419,-59.489991421375876,-18.51869229453056,-57.250198382923855,-18.611217627815652
233.10000000005306,702.1500000000531,334.2060000000613,-61.0118105684006,-22.555670204175772,-60.9733781185303,-18.401617919497884,-60.99259434346545,-20.478644061836828,-57.096583909985135,-18.879799774980103
233.20000000005297,702.250000000053,334.3060000000612,-61.79890662520513,-24.520880982720143,-64.05681264671142,-20.54967393205375,-62.92785963595827,-22.535277457386947,-56.9504661620591,-19.14784173085724
233.3000000000531,702.3500000000531,334.40600000006134,-62.74811520728934,-25.439571788471046,-62.32409875143715,-20.368839658116862,-62.53610697936324,-22.904205723293956,-56.804430755470946,-19.41337031933585
233.400000000053,702.450000000053,334.50600000006125,-63.85943631430465,-25.31174262364676,-59.07049588544737,-19.452566348810393,-61.46496609987601,-22.38215448622858,-56.66224488815827,-19.68243876146127
233.50000000005315,702.5500000000532,334.6060000000614,-64.97075742008175,-25.18391345549656,-60.339753877606775,-21.51943457143441,-62.65525564884426,-23.351674013465484,-56.529124312844196,-19.954630890881624
233.60000000005306,702.6500000000531,334.7060000000613,-63.75010304822402,-18.80553846022395,-63.03728371490346,-24.528347485179637,-63.393693381563736,-21.666942972701793,-56.40106671927702,-20.217570166596914
233.7000000000532,702.7500000000532,334.80600000006143,-62.52944867636351,-12.427163464936841,-62.4125702385967,-23.70712683748212,-62.47100945748011,-18.06714515120948,-56.262731718976006,-20.483904593050095
233.8000000000531,702.8500000000531,334.90600000006134,-62.07071474694701,-13.011354462539018,-60.73872729836448,-21.676390332344305,-61.40472102265575,-17.34387239744166,-56.11738909200521,-20.75570457290482
233.90000000005324,702.9500000000533,335.0060000000615,-62.373901258350905,-20.55811143821528,-59.24211873358451,-21.961857587661513,-60.80800999596771,-21.259984512938395,-55.9724935754289,-21.028966820975143
234.00000000005315,703.0500000000532,335.1060000000614,-62.67708776886079,-28.104868409891967,-57.801478918763536,-22.978757606976547,-60.23928334381216,-25.541813008434257,-55.83542092063737,-21.300088978986356
234.10000000005329,703.1500000000533,335.2060000000615,-61.30125337606419,-28.16664092529153,-57.79349808711497,-23.661859362101932,-59.54737573158958,-25.914250143696734,-55.69225714100657,-21.567957038399264
234.2000000000532,703.2500000000532,335.30600000006143,-59.92541898327072,-28.228413440690954,-58.23793588020789,-24.23955113941509,-59.08167743173931,-26.23398229005302,-55.535961549044636,-21.845925452734647
234.30000000005333,703.3500000000533,335.40600000006157,-60.19644753473791,-29.270392737563853,-57.22273115088843,-23.874804797223064,-58.709589342813175,-26.57259876739346,-55.37240970478226,-22.125683279931593
234.40000000005324,703.4500000000533,335.5060000000615,-62.114339026952166,-31.29257881381493,-55.74658667920593,-23.21244641829678,-58.93046285307905,-27.252512616055853,-55.20213262816803,-22.39957073224302
234.50000000005338,703.5500000000534,335.6060000000616,-64.03223051579545,-33.314764887791945,-56.13039861348357,-23.17366381510413,-60.08131456463951,-28.244214351448036,-55.024496149447934,-22.67469008779173
234.60000000005329,703.6500000000533,335.7060000000615,-59.63317445373022,-31.072405302266223,-57.101565200292214,-23.331799877268402,-58.36736982701122,-27.202102589767314,-54.842432568382215,-22.95660330814369
234.70000000005342,703.7500000000534,335.80600000006166,-55.23411839165498,-28.830045716735402,-58.681091881192415,-21.344163218174057,-56.957605136423695,-25.08710446745473,-54.65962813323407,-23.229197576025868
234.80000000005333,703.8500000000533,335.90600000006157,-56.88190451503998,-27.50991490192105,-60.45273227536341,-18.678914123079526,-58.66731839520169,-23.094414512500286,-54.473847826595296,-23.494275444414814
234.90000000005347,703.9500000000535,336.0060000000617,-64.57653281096871,-27.112012855846068,-59.84574589697007,-19.627565299160185,-62.21113935396939,-23.36978907750313,-54.28874601844856,-23.762277264515394
235.00000000005338,704.0500000000534,336.1060000000616,-72.27116109939719,-26.71411080965117,-58.48761422451578,-21.717448135965903,-65.37938766195649,-24.215779472808535,-54.098977454769425,-24.03612095571583
235.1000000000535,704.1500000000535,336.20600000006175,-65.96171051467138,-26.09009463774076,-59.84852579478417,-23.644410465343018,-62.905118154727774,-24.86725255154189,-53.908097385281245,-24.30830694606588
235.20000000005342,704.2500000000534,336.30600000006166,-59.65225992995992,-25.466078465831767,-62.06808259669033,-25.51992421359502,-60.86017126332513,-25.493001339713395,-53.71193919056413,-24.571799974419072
235.30000000005356,704.3500000000536,336.4060000000618,-55.05273423876723,-24.715603155139053,-60.68240380213408,-27.356716738936015,-57.86756902045066,-26.036159947037532,-53.50583811408858,-24.828589692923806
235.40000000005347,704.4500000000535,336.5060000000617,-52.16313343745182,-23.838668705936893,-58.158229559919135,-29.18128150970941,-55.16068149868548,-26.509975107823152,-53.28502165263934,-25.095217413662994
235.5000000000536,704.5500000000536,336.60600000006184,-49.273532637939766,-22.96173425928849,-56.76934672419523,-28.393489081982096,-53.0214396810675,-25.677611670635294,-53.05574538756748,-25.3681640261009
235.6000000000535,704.6500000000535,336.70600000006175,-49.75688304327021,-26.84765230387884,-55.7389769629955,-26.78074175226088,-52.74793000313285,-26.81419702806986,-52.84282507109494,-25.640286223150703
235.70000000005365,704.7500000000537,336.8060000000619,-50.24023344860175,-30.73357034847802,-56.02856652032865,-27.771806735576483,-53.134399984465205,-29.25268854202725,-52.63617290660918,-25.91347577688884
235.80000000005356,704.8500000000536,336.9060000000618,-52.082117438915176,-31.56907181623714,-56.73498533473355,-29.585128236011187,-54.408551386824364,-30.577100026124164,-52.42836985645774,-26.182918417064343
235.9000000000537,704.9500000000537,337.00600000006193,-55.282535011302905,-29.35415671370744,-56.68684239228635,-27.90797741113672,-55.984688701794624,-28.63106706242208,-52.21651091962269,-26.444221374518552
236.0000000000536,705.0500000000536,337.10600000006184,-58.482952580321154,-27.1392416121425,-56.400416790588345,-25.12857217148444,-57.441684685454746,-26.133906891813467,-52.001380057744434,-26.700818656289528
236.10000000005374,705.1500000000538,337.206000000062,-55.41764104214393,-26.712851867499797,-58.124511188848665,-24.089550144745314,-56.7710761154963,-25.401201006122555,-51.795251804983344,-26.9577408265507
236.20000000005365,705.2500000000537,337.3060000000619,-52.35232950397368,-26.286462122858065,-60.483506637568404,-23.60012281495953,-56.41791807077104,-24.943292468908798,-51.60744100906068,-27.219384954615652
236.30000000005379,705.3500000000538,337.406000000062,-52.30462661658714,-25.554151110832816,-59.873325306037515,-26.452332919720916,-56.08897596131233,-26.003242015276868,-51.42546119322467,-27.48209763946098
236.4000000000537,705.4500000000537,337.50600000006193,-55.2745323734938,-24.5159188320854,-58.325509204981486,-30.359796947589732,-56.80002078923764,-27.437857889837566,-51.22863258634757,-27.737424585571606
236.50000000005383,705.5500000000538,337.60600000006207,-58.24443812879774,-23.477686554005412,-58.89021769893674,-33.66479023399043,-58.56732791386724,-28.571238393997923,-51.01333809935628,-27.988402429604943
236.60000000005374,705.6500000000538,337.706000000062,-58.227629533477916,-23.682394070543147,-60.12203922062658,-36.779529602669484,-59.17483437705225,-30.230961836606316,-50.78598874960403,-28.25014639494996
236.70000000005388,705.7500000000539,337.8060000000621,-58.21082093815806,-23.887101587081347,-59.79545124822796,-33.42541118193795,-59.00313609319301,-28.65625638450965,-50.55506389464245,-28.52592777473694
236.80000000005379,705.8500000000538,337.906000000062,-58.753756125351806,-25.92951649668494,-58.97673396358021,-28.028495571503207,-58.86524504446601,-26.979006034094073,-50.32360009683319,-28.808754108761978
236.90000000005392,705.9500000000539,338.00600000006216,-59.85643509385511,-29.809638795402034,-57.51494836079444,-28.24656941485884,-58.68569172732478,-29.02810410513044,-50.08849019109101,-29.088735973980434
237.00000000005383,706.0500000000538,338.10600000006207,-60.959114062492645,-33.689761090480175,-55.85008855297606,-30.237797816536844,-58.40460130773435,-31.963779453508508,-49.84163630599066,-29.361692650827678
237.10000000005397,706.150000000054,338.2060000000622,-62.31553939493734,-30.833391061545637,-53.73907614147504,-28.06157338724478,-58.027307768206185,-29.44748222439521,-49.59293000253002,-29.628446422609482
237.20000000005388,706.2500000000539,338.3060000000621,-63.67196472737894,-27.977021032617593,-51.487173434560255,-24.569311226344357,-57.5795690809696,-26.273166129480977,-49.34782324360604,-29.883263505905855
237.300000000054,706.350000000054,338.40600000006225,-62.761474464076954,-26.5093317746198,-53.352086911173444,-26.178292043848057,-58.0567806876252,-26.343811909233928,-49.10570149339114,-30.1279052035095
237.40000000005392,706.4500000000539,338.50600000006216,-59.58406860993217,-26.43032328455931,-56.51704759920144,-29.39819169114246,-58.050558104566804,-27.914257487850886,-48.86502393697631,-30.37182290468444
237.50000000005406,706.5500000000541,338.6060000000623,-56.4066627562899,-26.351314794373167,-56.266019309494816,-33.175807756077546,-56.336341032892356,-29.763561275225356,-48.62067466025948,-30.62428830043901
237.60000000005397,706.650000000054,338.7060000000622,-54.17122352761337,-26.04043535465497,-54.93625766207873,-37.129544794392345,-54.55374059484605,-31.58499007452366,-48.37237883419179,-30.893865478383592
237.7000000000541,706.7500000000541,338.80600000006234,-51.93578429893176,-25.729555914936064,-54.687659081342304,-35.70685744753016,-53.311721690137034,-30.718206681233113,-48.12643184301401,-31.17002092340281
237.800000000054,706.850000000054,338.90600000006225,-52.00365857936653,-27.809254333162794,-54.78048041523557,-32.586351879565676,-53.39206949730105,-30.197803106364233,-47.88241056825658,-31.448770719173314
237.90000000005415,706.9500000000542,339.0060000000624,-54.37484636393224,-32.27953060416997,-54.29501264434876,-30.161882995673537,-54.334929504140504,-31.220706799921754,-47.6319066002759,-31.7268501818831
238.00000000005406,707.0500000000541,339.1060000000623,-56.74603414846397,-36.74980687144416,-53.626927262051076,-27.957215169166318,-55.18648070525752,-32.353511020305234,-47.37040823586829,-32.00048662297036
238.1000000000542,707.1500000000542,339.20600000006243,-59.06437424950653,-34.34059705947363,-53.053807595144654,-28.63246722916032,-56.059090922325595,-31.486532144316975,-47.09591771979185,-32.2580503502857
238.2000000000541,707.2500000000541,339.30600000006234,-61.38271435054382,-31.93138724750858,-52.51067710141892,-30.217167671255318,-56.94669572598137,-31.07427745938195,-46.824481208298074,-32.51336845280536
238.30000000005424,707.3500000000543,339.4060000000625,-60.77378895452062,-30.80379522316855,-53.08928783632734,-29.445476493611057,-56.93153839542398,-30.1246358583898,-46.55246981526663,-32.76951696948733
238.40000000005415,707.4500000000542,339.5060000000624,-57.23759806778936,-30.95782098367865,-54.022132642222644,-27.929661649123,-55.629865355006004,-29.443741316400825,-46.27250416133467,-33.025802697585746
238.50000000005429,707.5500000000543,339.6060000000625,-53.701407183149556,-31.11184674377854,-55.95826268096457,-29.123013510076206,-54.82983493205707,-30.117430126927374,-45.98251263219994,-33.284596178646105
238.6000000000542,707.6500000000542,339.70600000006243,-54.02869373385574,-30.51036357011185,-58.21121963425181,-31.171891696130977,-56.119956684053776,-30.841127633121413,-45.70428652324635,-33.55170769447517
238.70000000005433,707.7500000000543,339.80600000006257,-54.35598028456266,-29.908880396443788,-55.01106161205779,-31.75672949678427,-54.683520948310225,-30.83280494661403,-45.438446149168634,-33.819663164257406
238.80000000005424,707.8500000000543,339.9060000000625,-51.76653224062536,-27.961472506109587,-50.08886728772213,-31.879238756260264,-50.927699764173745,-29.920355631184925,-45.165024281980806,-34.07141569130847
238.90000000005438,707.9500000000544,340.0060000000626,-46.260349608372124,-24.668139902026013,-49.84205963692252,-31.19629879883032,-48.05120462264732,-27.932219350428166,-44.87641992806366,-34.31299839424845
239.00000000005429,708.0500000000543,340.1060000000625,-40.754166981892865,-21.37480730179846,-51.07168987797047,-30.25900645798792,-45.91292842993167,-25.81690687989319,-44.58792583866052,-34.56459523919497
239.10000000005442,708.1500000000544,340.20600000006266,-45.85012785621782,-25.163489898067265,-53.25215720497129,-30.29696714400264,-49.551142530594554,-27.730228521034952,-44.30141437394177,-34.828776818864995
239.20000000005433,708.2500000000543,340.30600000006257,-50.94608873053118,-28.95217249432746,-55.73288887386823,-30.642902469021095,-53.3394888021997,-29.797537481674276,-44.0028431860309,-35.08698785540117
239.30000000005447,708.3500000000545,340.4060000000627,-53.537676511899015,-31.930098457548873,-58.42106212420792,-30.607963130387695,-55.97936931805347,-31.269030793968284,-43.692540670332676,-35.33815521525414
239.40000000005438,708.4500000000544,340.5060000000626,-53.624891205764655,-34.09726778948398,-61.174743242138724,-30.452747582593027,-57.399817223951686,-32.27500768603851,-43.37800688615546,-35.59181213088492
239.5000000000545,708.5500000000545,340.60600000006275,-53.712105900697196,-36.2644371195086,-58.492264129072126,-29.68760859686934,-56.10218501488466,-32.97602285818897,-43.06503489306366,-35.84910182935707
239.60000000005442,708.6500000000544,340.70600000006266,-55.754068023924894,-34.92155448194838,-54.093102843702425,-28.72986221035848,-54.923585433813656,-31.825708346153426,-42.75846123034797,-36.09227412870248
239.70000000005456,708.7500000000546,340.8060000000628,-57.79603014715724,-33.5786718443851,-51.925204310234356,-31.541913823090194,-54.8606172286958,-32.56029283373765,-42.44900040323048,-36.32463786009106
239.80000000005447,708.8500000000545,340.9060000000627,-54.70902146028646,-34.009941661912485,-50.46191506442591,-35.544427957799634,-52.58546826235619,-34.77718480985606,-42.14152059245224,-36.55791644664866
239.9000000000546,708.9500000000546,341.00600000006284,-46.49304197449398,-36.2153639306599,-50.82855370603066,-34.93980053256245,-48.66079784026232,-35.577582231611174,-41.836740487532715,-36.80037760790961
240.0000000000545,709.0500000000545,341.10600000006275,-38.27706249656258,-38.42078619639253,-51.773064310093204,-32.880286303926454,-45.02506340332789,-35.65053625015949,-41.52436149708757,-37.05131590072129
240.10000000005465,709.1500000000547,341.2060000000629,-44.43244883217445,-35.11076188010073,-53.653411202332265,-35.35817292569135,-49.042930017253354,-35.234467402896044,-41.20676014161207,-37.30818947620485
240.20000000005456,709.2500000000546,341.3060000000628,-50.58783516777233,-31.800737563816465,-55.829285342446255,-39.26892296895891,-53.20856025510929,-35.53483026638769,-40.885752026966514,-37.56259421115577
240.3000000000547,709.3500000000547,341.40600000006293,-53.782663537538205,-31.12832748835272,-53.49288439553718,-38.98573690593782,-53.637773966537694,-35.05703219714527,-40.564736174555755,-37.81220139039798
240.4000000000546,709.4500000000546,341.50600000006284,-54.016933947933275,-33.093531647943216,-49.731554478695145,-37.378149971810544,-51.87424421331421,-35.235840809876876,-40.250996195890956,-38.05594018105009
240.50000000005474,709.5500000000548,341.606000000063,-54.25120435679788,-35.05873580693966,-48.35059705654764,-35.740003886554554,-51.30090070667276,-35.399369846747106,-39.943301748495365,-38.288624800039905
240.60000000005465,709.6500000000547,341.7060000000629,-51.691537196045886,-35.931701751377304,-47.72133620908401,-34.09220754308558,-49.70643670256494,-35.01195464723144,-39.6127149022116,-38.50075829625525
240.70000000005479,709.7500000000548,341.806000000063,-49.131870035288074,-36.80466769581694,-48.503312917318375,-34.01021118242905,-48.81759147630322,-35.407439439122996,-39.259239341460145,-38.7079199467995
240.8000000000547,709.8500000000547,341.90600000006293,-48.056896261992485,-36.251175325053026,-49.730943588970824,-34.4226779725347,-48.893919925481654,-35.33692664879386,-38.89853464677727,-38.919396517947334
240.90000000005483,709.9500000000548,342.00600000006307,-48.466615872899965,-34.27122464220968,-48.9992170576572,-35.36445532530097,-48.73291646527858,-34.81783998375533,-38.544403691173805,-39.13882623058396
241.00000000005474,710.0500000000548,342.106000000063,-48.876335484210465,-32.29127396160826,-47.6487461485974,-36.47338338148557,-48.26254081640393,-34.382328671546915,-38.20386601592266,-39.367178304392375
241.10000000005488,710.1500000000549,342.2060000000631,-50.02323539353159,-34.394424687708174,-48.277807582723746,-36.211166518207804,-49.150521488127666,-35.302795602957985,-37.866528702086995,-39.59787021719052
241.20000000005479,710.2500000000548,342.306000000063,-51.170135302850106,-36.497575413803304,-49.53198449148423,-35.5159565239649,-50.35105989716717,-36.0067659688841,-37.52459770570892,-39.81829108028137
241.30000000005492,710.3500000000549,342.40600000006316,-50.42645671517733,-39.95436136366518,-50.41519996972322,-36.71718699013866,-50.42082834245028,-38.33577417690192,-37.17206445672262,-40.02677857529805
241.40000000005483,710.4500000000548,342.50600000006307,-47.79219963466917,-44.76478253430492,-51.18126973346311,-38.51729338910642,-49.486734684066136,-41.64103796170567,-36.812940439392634,-40.23557013664802
241.50000000005497,710.550000000055,342.6060000000632,-45.15794255622258,-49.57520370068393,-52.557444589432045,-39.42629999168455,-48.857693572827316,-44.500751846184244,-36.456917620794854,-40.450156114268204
241.60000000005488,710.6500000000549,342.7060000000631,-46.28122722212512,-46.622385965186616,-54.12628421069711,-40.0539066595319,-50.20375571641111,-43.33814631235926,-36.103217419793395,-40.66912512001029
241.700000000055,710.750000000055,342.80600000006325,-47.404511888030214,-43.66956822968258,-51.81617959072234,-40.72805793421005,-49.61034573937628,-42.19881308194631,-35.742442902030305,-40.89134556743501
241.80000000005492,710.8500000000549,342.90600000006316,-47.26455599112078,-42.85022485360749,-48.281145214602404,-41.41690750572926,-47.772850602861595,-42.13356617966838,-35.36613518633003,-41.11066231120777
241.90000000005506,710.9500000000551,343.0060000000633,-45.86135953417654,-44.16435583226189,-46.86184161184922,-42.93814315149746,-46.36160057301288,-43.55124949187967,-34.980651863669294,-41.31745032237651
242.00000000005497,711.050000000055,343.1060000000632,-44.458163079792406,-45.47848680945367,-46.11066351416481,-44.72223755663968,-45.28441329697861,-45.10036218304668,-34.59839341540068,-41.5116538932429
242.1000000000551,711.1500000000551,343.20600000006334,-47.70182668585371,-44.139940295810284,-46.67358987618777,-44.15151370680012,-47.18770828102074,-44.145727001305204,-34.22360630423868,-41.71020859560655
242.200000000055,711.250000000055,343.30600000006325,-50.94549029190764,-42.80139378216994,-47.65149659246728,-42.83716304217789,-49.298493442187464,-42.819278412173915,-33.85645928071959,-41.91258380197406
242.30000000005515,711.3500000000552,343.4060000000634,-51.39450408359854,-41.51586069822699,-47.45122643297941,-42.09436649076556,-49.42286525828898,-41.80511359449628,-33.49627879410565,-42.120296698596285
242.40000000005506,711.4500000000551,343.5060000000633,-49.04886806708803,-40.28334104387035,-46.8789004192778,-41.532060711321684,-47.96388424318292,-40.907700877596014,-33.132332366218805,-42.32601877148896
242.5000000000552,711.5500000000552,343.60600000006343,-46.70323205211906,-39.05082139061193,-45.61887726766052,-43.403968049964696,-46.16105465988979,-41.227394720288316,-32.75314045199567,-42.5233592271964
242.6000000000551,711.6500000000551,343.70600000006334,-47.157264536840565,-39.811037607632564,-44.1416865995648,-46.044574265327945,-45.64947556820268,-42.927805936480254,-32.36055301051556,-42.716170703080735
242.70000000005524,711.7500000000553,343.8060000000635,-47.61129702156311,-40.57125382465492,-42.97152689227627,-46.40479446719989,-45.29141195691969,-43.488024145927405,-31.972695591332883,-42.90721069636714
242.80000000005515,711.8500000000552,343.9060000000634,-47.9815015621873,-40.59692664233714,-41.89832433017254,-46.0448927725748,-44.939912946179916,-43.32090970745597,-31.598563107877105,-43.093059142468874
242.9000000000553,711.9500000000553,344.0060000000635,-48.26787815890009,-39.88805606230273,-42.31914643326863,-46.011571349047585,-45.29351229608436,-42.949813705675155,-31.23625111191722,-43.28265453393136
243.0000000000552,712.0500000000552,344.10600000006343,-48.55425475653438,-39.17918548507456,-43.21176579741792,-46.081380537087576,-45.88301027697615,-42.63028301108107,-30.876992734199963,-43.48403561780202
243.10000000005533,712.1500000000553,344.20600000006357,-50.50963660199969,-43.54639824276092,-42.72856754348222,-45.89849943856704,-46.61910207274096,-44.722448840663986,-30.511220490094264,-43.69460532002419
243.20000000005524,712.2500000000553,344.3060000000635,-52.46501844746055,-47.91361100043735,-41.81090056955925,-45.63582140772667,-47.1379595085099,-46.77471620408201,-30.14512719168843,-43.88907527384681
243.30000000005538,712.3500000000554,344.4060000000636,-50.767085925508106,-49.37420885491502,-42.65505168115219,-46.74506713775014,-46.71106880333015,-48.05963799633258,-29.78009749559433,-44.06420487313816
243.4000000000553,712.4500000000553,344.5060000000635,-45.415839044240776,-47.928191812624334,-44.0555663967573,-48.287551948639475,-44.735702720499035,-48.107871880631905,-29.407796991575967,-44.22579703211514
243.50000000005542,712.5500000000554,344.60600000006366,-40.06459216591869,-46.482174773777515,-43.732158898392484,-49.71502277119406,-41.89837553215558,-48.098598772485786,-29.018448981001143,-44.381946331366784
243.60000000005533,712.6500000000553,344.70600000006357,-40.04402855657531,-51.24958133952986,-42.864354913304275,-51.10617338702843,-41.4541917349398,-51.177877363279144,-28.614641555681807,-44.54365272020175
243.70000000005547,712.7500000000555,344.8060000000637,-40.02346494723188,-56.01698790529305,-40.73589804097375,-51.19672120570301,-40.37968149410281,-53.60685455549803,-28.205439439418907,-44.70445752634105
243.80000000005538,712.8500000000554,344.9060000000636,-40.56053929218252,-57.96872433836639,-38.209340258276605,-50.87655235302173,-39.38493977522956,-54.42263834569406,-27.793434556366766,-44.86482520014645
243.9000000000555,712.9500000000555,345.00600000006375,-41.65525159019217,-57.10479064500721,-36.51788637338605,-50.856892473876705,-39.086568981789114,-53.980841559441956,-27.383831458575035,-45.024908517001435
244.00000000005542,713.0500000000554,345.10600000006366,-42.74996388629828,-56.24085695170623,-35.09014950794041,-50.93213016499104,-38.92005669711935,-53.586493558348636,-26.97999186633181,-45.18311967567305
244.10000000005556,713.1500000000556,345.2060000000638,-40.41805776534814,-55.47827577799251,-36.066696487269866,-52.990458404973936,-38.242377126309,-54.23436709148322,-26.57568157943153,-45.3360976315587
244.20000000005547,713.2500000000555,345.3060000000637,-38.086151644403294,-54.71569460428052,-37.80249099387399,-55.6750257634591,-37.94432131913864,-55.19536018386981,-26.161340792105833,-45.48391438545627
244.3000000000556,713.3500000000556,345.40600000006384,-36.95610997951307,-54.06554614144196,-37.54016647481274,-55.40445003323741,-37.24813822716291,-54.73499808733969,-25.74379191872384,-45.62937742546809
244.4000000000555,713.4500000000555,345.50600000006375,-37.02793276801001,-53.52783038922977,-36.64685700248446,-54.20067122563403,-36.837394885247235,-53.8642508074319,-25.328896610955166,-45.77195265870786
244.50000000005565,713.5500000000557,345.6060000000639,-37.099755555563156,-52.990114639131946,-35.54576202440234,-53.713583740512505,-36.32275878998275,-53.351849189822225,-24.916540391274815,-45.90922572162169
244.60000000005556,713.6500000000556,345.7060000000638,-35.47705833701651,-56.25013442652722,-34.37905057105187,-53.45281983012125,-34.92805445403419,-54.851477128324234,-24.50774222995219,-46.04640346778158
244.7000000000557,713.7500000000557,345.80600000006393,-33.85436111846617,-59.51015421392991,-34.556191118486616,-54.966768409772385,-34.20527611847639,-57.23846131185115,-24.106210396680996,-46.18573731963645
244.8000000000556,713.8500000000556,345.90600000006384,-32.33017150191455,-59.99267873355417,-35.15770598047365,-57.041152510629665,-33.7439387411941,-58.516915622091915,-23.700001723709395,-46.32669217143431
244.90000000005574,713.9500000000558,346.006000000064,-30.904489487135205,-57.6977079915912,-34.327937543501136,-55.30608844226093,-32.61621351531817,-56.501898216926065,-23.288787818680472,-46.46325163811184
245.00000000005565,714.0500000000557,346.1060000000639,-29.478807473715847,-55.40273725215812,-33.04618490844228,-52.36804074572243,-31.262496191079062,-53.88538899894027,-22.883855046798253,-46.5864750716451
245.1000000000558,714.1500000000558,346.206000000064,-30.48864599561418,-57.63986087323482,-30.241930380629988,-53.643324901060055,-30.365288188122086,-55.64159288714744,-22.491387976193824,-46.70813009224129
245.2000000000557,714.2500000000557,346.30600000006393,-31.498484517510224,-59.87698449430642,-26.95688578311524,-56.249134899691775,-29.22768515031273,-58.0630596969991,-22.096352627898284,-46.829118718787385
245.30000000005583,714.3500000000558,346.40600000006407,-30.512764361228427,-60.59614319790694,-27.005674844295974,-57.24919950523252,-28.7592196027622,-58.92267135156973,-21.69328620397543,-46.94486680199215
245.40000000005574,714.4500000000558,346.506000000064,-27.53148553122898,-59.797336987422426,-28.107253478213835,-57.742186619993895,-27.819369504721408,-58.769761803708164,-21.278458135138525,-47.05922556062992
245.50000000005588,714.5500000000559,346.6060000000641,-24.550206703804704,-58.99853077588947,-28.022817315314903,-58.16679170621529,-26.286512009559804,-58.58266124105238,-20.853869930276534,-47.170605588643454
245.6000000000558,714.6500000000558,346.706000000064,-26.185002009591937,-56.328536453970855,-27.563850165262675,-58.56980246770914,-26.874426087427306,-57.44916946084,-20.435823515939994,-47.27345730895004
245.70000000005592,714.7500000000559,346.80600000006416,-27.81979731538289,-53.65854213204617,-26.73034021005537,-56.69872610934948,-27.27506876271913,-55.17863412069782,-20.019938708368713,-47.36289712527816
245.80000000005583,714.8500000000558,346.90600000006407,-27.98861142151475,-54.34459296366222,-25.77855357995368,-54.10951697882609,-26.883582500734214,-54.22705497124416,-19.6004609621686,-47.44132075126284
245.90000000005597,714.950000000056,347.0060000000642,-26.691444331268222,-58.38668894131346,-26.905521789872978,-55.430583622578986,-26.7984830605706,-56.90863628194622,-19.180776141888472,-47.51925841562815
246.00000000005588,715.0500000000559,347.1060000000641,-25.39427724147616,-62.428784916797035,-28.688938894330906,-57.98647419070765,-27.04160806790353,-60.20762955375234,-18.75327374920901,-47.59740331881572
246.100000000056,715.150000000056,347.20600000006425,-24.904347036123255,-62.61191566572364,-27.653301595683885,-57.671030858204475,-26.27882431590357,-60.14147326196406,-18.314141515409414,-47.6669765630182
246.20000000005592,715.2500000000559,347.30600000006416,-24.41441683077146,-62.79504641464984,-25.727436593927276,-56.448850507639115,-25.07092671234937,-59.62194846114448,-17.872540058948147,-47.7475792602803
246.30000000005606,715.3500000000561,347.4060000000643,-25.07848823683661,-63.16249047421525,-24.33892958567536,-56.03817801981448,-24.708708911255982,-59.600334247014864,-17.434462741396224,-47.849516387359174
246.40000000005597,715.450000000056,347.5060000000642,-26.896561251728514,-63.71424784400498,-23.120114574779098,-55.88377117195446,-25.008337913253804,-59.79900950797972,-16.998229148455508,-47.955791847473556
246.5000000000561,715.5500000000561,347.60600000006434,-28.714634263894137,-64.26600521336391,-23.811816479889764,-57.05086817617105,-26.26322537189195,-60.65843669476748,-16.56218838531537,-48.04622920776582
246.600000000056,715.650000000056,347.70600000006425,-25.670965969340145,-64.04845527890504,-25.10683951424329,-58.635282184832754,-25.388902741791718,-61.3418687318689,-16.12921877815357,-48.10873541035252
246.70000000005615,715.7500000000562,347.8060000000644,-22.627297674779232,-63.83090534444566,-25.061387076317914,-60.253865634517325,-23.84434237554857,-62.04238548948149,-15.69939707271247,-48.15902267525774
246.80000000005606,715.8500000000561,347.9060000000643,-21.40446167491789,-62.849711610752635,-24.592626596006564,-61.88323943395574,-22.998544135462225,-62.366475522354186,-15.267081942260205,-48.204328261614755
246.9000000000562,715.9500000000562,348.00600000006443,-22.002457965660145,-61.10487407953697,-22.099840255162746,-62.144509153690635,-22.051149110411444,-61.6246916166138,-14.829034907437013,-48.250655609977144
247.0000000000561,716.0500000000561,348.10600000006434,-22.60045425565949,-59.3600365493115,-18.967887855359564,-61.973746007673476,-20.784171055509525,-60.666891278492486,-14.387564704696414,-48.29666791337527
247.10000000005624,716.1500000000563,348.2060000000645,-21.878057265843907,-59.37126220786244,-18.520610152832727,-61.3765773671741,-20.19933370933832,-60.373919787518275,-13.949987574244892,-48.329972986533086
247.20000000005615,716.2500000000562,348.3060000000644,-21.155660276029963,-59.38248786641335,-18.921124456981136,-60.64475436047317,-20.038392366505548,-60.013621113443264,-13.519528715875667,-48.35546867834816
247.3000000000563,716.3500000000563,348.4060000000645,-19.33757587437863,-59.811482798224155,-19.724535757569374,-61.669050129095936,-19.531055815974,-60.74026646366005,-13.089519667252643,-48.385685534132925
247.4000000000562,716.4500000000562,348.50600000006443,-16.423804063364557,-60.6582470023525,-20.65517768816043,-63.24790971954299,-18.539490875762493,-61.95307836094774,-12.649566164416557,-48.43363356277049
247.50000000005633,716.5500000000563,348.60600000006457,-13.51003225574435,-61.50501120652866,-18.014348387325256,-65.27762731664437,-15.762190321534803,-63.39131926158652,-12.193909869263566,-48.491612153206084
247.60000000005624,716.6500000000563,348.7060000000645,-16.626707450465876,-62.433137752284054,-14.24568607003534,-67.44972112586395,-15.436196760250608,-64.941429439074,-11.71927367292122,-48.54852728591084
247.70000000005638,716.7500000000564,348.8060000000646,-19.743382645194487,-63.36126429804156,-13.611991561736403,-63.87087971170089,-16.677687103465445,-63.61607200487123,-11.247650768902403,-48.60475887630145
247.8000000000563,716.8500000000563,348.9060000000645,-17.49323954359515,-63.81870142447193,-13.9682868843572,-58.47595349658579,-15.730763213976175,-61.14732746052886,-10.781808783805134,-48.65869976526596
247.90000000005642,716.9500000000564,349.00600000006466,-9.876278157762737,-63.80544913263892,-13.932748418794535,-60.2830318282586,-11.904513288278636,-62.044240480448764,-10.328229101544924,-48.70759593294525
248.00000000005633,717.0500000000563,349.10600000006457,-2.259316778281516,-63.79219684148318,-13.77347296792772,-64.36442737717893,-8.016394873104618,-64.07831210933105,-9.885935016355068,-48.743554763014785
248.10000000005647,717.1500000000565,349.2060000000647,-5.874875429134948,-64.97998763063501,-14.667442035406799,-65.10382372444138,-10.271158732270873,-65.0419056775382,-9.447377581720204,-48.7714372608355
248.20000000005638,717.2500000000564,349.3060000000646,-9.49043407998016,-66.16777841978413,-15.894014633814354,-64.78785190649515,-12.692224356897256,-65.47781516313964,-9.007141356441261,-48.792408598279316
248.3000000000565,717.3500000000565,349.40600000006475,-11.014897766035942,-65.13237465660328,-15.872653207863259,-63.20777954290326,-13.443775486949601,-64.17007709975327,-8.56896767196348,-48.80763952489545
248.40000000005642,717.4500000000564,349.50600000006466,-10.448266492021434,-61.873776346121794,-15.457207354564463,-61.2285175347379,-12.95273692329295,-61.551146940429845,-8.13057831868522,-48.82470387519509
248.50000000005656,717.5500000000566,349.6060000000648,-9.881635220479344,-58.615178038082576,-13.556934375453915,-61.00162298621807,-11.71928479796663,-59.80840051215032,-7.68935695167164,-48.856512184793324
248.60000000005647,717.6500000000565,349.7060000000647,-13.68427526738167,-59.68338338924864,-11.187768621440659,-61.328107633518194,-12.436021944411165,-60.50574551138342,-7.227121393640655,-48.88447539889821
248.7000000000566,717.7500000000566,349.80600000006484,-17.48691531429264,-60.75158874041714,-10.924205928518743,-62.610702590535844,-14.205560621405692,-61.68114566547649,-6.751814008968923,-48.89798565829747
248.8000000000565,717.8500000000565,349.90600000006475,-16.810708243570428,-60.574542060453254,-11.325570515688202,-64.19522711796809,-14.068139379629315,-62.38488458921067,-6.277999293183084,-48.90423421298541
248.90000000005665,717.9500000000567,350.0060000000649,-11.655654065354941,-59.152243352176235,-11.6201531257997,-63.602022800822574,-11.63790359557732,-61.377133076499405,-5.817932382869752,-48.90014103539537
249.00000000005656,718.0500000000566,350.1060000000648,-6.50059989015234,-57.729944647111495,-11.881015111695977,-62.32111464046497,-9.190807500924159,-60.02552964378823,-5.36848393383008,-48.882983977582285
249.1000000000567,718.1500000000567,350.20600000006493,-6.646458711474459,-61.975724426382726,-9.03660475883222,-62.09094844977322,-7.84153173515334,-62.033336438077974,-4.912352163658781,-48.86195235289357
249.2000000000566,718.2500000000566,350.30600000006484,-6.792317532796246,-66.2215042056443,-5.211582091959352,-62.192595511481436,-6.001949812377799,-64.20704985856287,-4.446606717701919,-48.84267258363656
249.30000000005674,718.3500000000568,350.406000000065,-5.489347664528645,-66.74089016632405,-4.952789086990877,-62.48899372197704,-5.221068375759761,-64.61494194415054,-3.970497710398259,-48.833628401483566
249.40000000005665,718.4500000000567,350.5060000000649,-2.737549109965248,-63.53388231687548,-5.820173865986522,-62.846892295027935,-4.278861487975885,-63.1903873059517,-3.4875083402346605,-48.81913520017303
249.5000000000568,718.5500000000568,350.606000000065,0.014249442250436447,-60.32687446971305,-3.7576421142121803,-62.43664475136136,-1.871696335980872,-61.3817596105372,-2.999411211013886,-48.78142536730441
249.6000000000567,718.6500000000567,350.70600000006493,-1.3750993505043758,-61.15450069558026,-0.769873566547969,-61.78382475064895,-1.0724864585261724,-61.46916272311461,-2.5140376596662257,-48.733297291325925
249.70000000005683,718.7500000000568,350.80600000006507,-2.764448143262347,-61.98212692144935,0.11571924202191758,-60.505318380355895,-1.3243644506202148,-61.243722650902626,-2.0329213431216995,-48.696043975732195
249.80000000005674,718.8500000000568,350.906000000065,-3.4122490012804034,-61.65459910371427,0.3374670827125894,-59.02922684142895,-1.537390959283907,-60.341912972571606,-1.5569795801692596,-48.679580106424275
249.90000000005688,718.9500000000569,351.0060000000651,-3.318501926247576,-60.171917245000046,1.1916642401638764,-59.70127108411733,-1.0634188430418496,-59.936594164558684,-1.0863108286414767,-48.67268232048366
250.0000000000568,719.0500000000568,351.106000000065,-3.2247548508206356,-58.689235388397215,2.2455822337726143,-61.051673992264675,-0.48958630852401064,-59.870454690330945,-0.6249311836523217,-48.6666460580835
250.10000000005692,719.1500000000569,351.20600000006516,-2.4373035238451255,-60.915028074215776,1.7831732576053898,-62.698834910587124,-0.32706513311986785,-61.806931492401446,-0.16498365303669416,-48.64473407059717
250.20000000005683,719.2500000000568,351.30600000006507,-1.6498521968714057,-63.14082076002927,0.8419241874288104,-64.43970888441514,-0.4039640047212977,-63.790264822222206,0.29197172144859185,-48.606138580352386
250.30000000005697,719.350000000057,351.4060000000652,-1.7683207218407329,-64.8439354964714,2.005297440543645,-64.82860394815697,0.11848835935145596,-64.83626972231419,0.7434264688046449,-48.56259515631124
250.40000000005688,719.4500000000569,351.5060000000651,-2.7927090966886254,-66.02437228472525,3.8332882670585233,-64.79055830497354,0.5202895851849489,-65.4074652948494,1.1967003796391742,-48.510693917611
250.500000000057,719.550000000057,351.60600000006525,-3.8170974698705558,-67.2048090704956,5.119704955993373,-64.08576917569177,0.6513037430614086,-65.64528912309368,1.6572214321690808,-48.443229724551394
250.60000000005692,719.6500000000569,351.70600000006516,-1.9182905339192478,-64.02893228600328,6.23509823366809,-63.17042947260706,2.1584038498744214,-63.59968087930517,2.120388706112764,-48.37960042334864
250.70000000005706,719.7500000000571,351.8060000000653,-0.019483597963622312,-60.85305550150375,6.5045818818736265,-64.03882100481401,3.242549141955002,-62.445938253158886,2.5854318969841406,-48.33002388485389
250.80000000005697,719.850000000057,351.9060000000652,3.004899610415261,-59.81225291700251,6.506936174358375,-65.47049608299248,4.755917892386818,-62.6413744999975,3.0586379658680563,-48.282375661291
250.9000000000571,719.9500000000571,352.00600000006534,7.154859088661656,-60.9065245276208,6.916799501392066,-65.51565465431665,7.035829295026861,-63.211089590968726,3.5419375499809216,-48.232745778673205
251.000000000057,720.050000000057,352.10600000006525,11.30481856267979,-62.0007961390122,7.455349891506081,-65.12296590925253,9.380084227092937,-63.56188102413236,4.0253753469274445,-48.18351228138861
251.10000000005715,720.1500000000572,352.2060000000654,8.062513897450847,-64.4540753440779,4.748801831964274,-65.54279163285555,6.40565786470756,-64.99843348846673,4.49988793947015,-48.131982694906945
251.20000000005706,720.2500000000571,352.3060000000653,4.820209232229277,-66.90735454913803,1.0174858446283466,-66.21920087196013,2.9188475384288117,-66.56327771054907,4.9747285748239225,-48.07813837275662
251.3000000000572,720.3500000000572,352.40600000006543,3.714821412671546,-66.994813222477,4.573487246826724,-62.067456482451874,4.144154329749135,-64.53113485246445,5.44240060303221,-48.02355119394459
251.4000000000571,720.4500000000571,352.50600000006534,4.746350433894744,-64.71645136950596,10.430746763781023,-56.391032005172065,7.588548598837884,-60.55374168733901,5.899496208677957,-47.9643397236975
251.50000000005724,720.5500000000573,352.6060000000655,5.777879456530514,-62.43808951824889,8.651167906722694,-57.95862359881837,7.214523681626604,-60.19835655853363,6.350389958464011,-47.90286894601041
251.60000000005715,720.6500000000572,352.7060000000654,9.270617202935803,-63.16008126817887,4.45995588757607,-61.81379920665529,6.865286545255937,-62.48694023741708,6.792784273863586,-47.85772340357537
251.7000000000573,720.7500000000573,352.8060000000655,12.763354949349031,-63.882073018110496,4.186007672967504,-61.589588104691494,8.474681311158268,-62.735830561400995,7.249881878869861,-47.81590810565046
251.8000000000572,720.8500000000572,352.90600000006543,15.221614956215154,-64.51472707301876,5.149090129041513,-60.07714962530513,10.185352542628333,-62.29593834916194,7.7195569022734825,-47.76235140911179
251.90000000005733,720.9500000000573,353.00600000006557,16.645397225916298,-65.05804343311131,7.283066446449082,-62.959057474905464,11.964231836182691,-64.00855045400839,8.194916531769604,-47.68931575038506
252.00000000005724,721.0500000000573,353.1060000000655,18.069179494178194,-65.60135979210587,9.786798718733905,-67.22865363393397,13.92798910645605,-66.41500671301992,8.665640747897333,-47.59170465237624
252.10000000005738,721.1500000000574,353.2060000000656,16.986754847530396,-64.23057877129568,12.208516031813641,-64.82688058337168,14.597635439672018,-64.52872967733367,9.126586337256395,-47.476447487806404
252.2000000000573,721.2500000000573,353.3060000000655,15.904330200885058,-62.8597977504886,14.604333884177548,-60.31835936893397,15.254332042531303,-61.58907855971128,9.584106578009777,-47.36667280315488
252.30000000005742,721.3500000000574,353.40600000006566,16.553185554402642,-62.17697399821919,12.556743414631793,-60.57174144132207,14.554964484517217,-61.37435771977063,10.046835948929727,-47.25991997271108
252.40000000005733,721.4500000000573,353.50600000006557,18.93332090410436,-62.18210751291067,9.10597137479667,-62.32888244098527,14.019646139450515,-62.25549497694797,10.510419250705484,-47.14111786490394
252.50000000005747,721.5500000000575,353.6060000000657,21.313456252302593,-62.187241027291655,11.286784064420655,-62.89446683292796,16.300120158361622,-62.540853930109805,10.968955761965875,-47.012992018190864
252.60000000005738,721.6500000000574,353.7060000000656,21.070593273748532,-61.652623535395584,15.24599192536322,-63.08377019220584,18.158292599555878,-62.36819686380071,11.41519140021664,-46.88548313323321
252.7000000000575,721.7500000000575,353.80600000006575,20.827730295193923,-61.1180060434983,17.03748953074504,-61.947745357708925,18.932609912969482,-61.53287570060361,11.878180426576565,-46.761743614974186
252.80000000005742,721.8500000000574,353.90600000006566,18.37127890032171,-61.45607489100938,18.14444705788115,-60.3931958319503,18.25786297910143,-60.924635361479844,12.355043028940862,-46.633768104045004
252.90000000005756,721.9500000000576,354.0060000000658,13.701239094214237,-62.66683007592231,17.1635176670731,-59.116355953907046,15.43237838064367,-60.891593014914676,12.828833104817097,-46.503187416800316
253.00000000005747,722.0500000000575,354.1060000000657,9.031199294834794,-63.87758525730824,15.52325556771265,-57.92721385904086,12.277227431273722,-60.90239955817455,13.292192602301519,-46.37348762148049
253.1000000000576,722.1500000000576,354.20600000006584,16.03842537002185,-58.96191775912625,16.414181246050983,-58.575632001568685,16.226303308036417,-58.768774880347465,13.74915916395111,-46.23952171300003
253.2000000000575,722.2500000000575,354.30600000006575,23.04565144519298,-54.04625026095544,18.10442937762104,-59.80433232223274,20.57504041140701,-56.92529129159409,14.202458784878674,-46.096919927688404
253.30000000005765,722.3500000000577,354.4060000000659,23.88249431406155,-53.55152202252572,19.518743153927296,-60.296519785269716,21.700618733994425,-56.92402090389771,14.661365932688836,-45.94430053318884
253.40000000005756,722.4500000000576,354.5060000000658,18.548953990850002,-57.477733033646544,20.845919765723515,-60.556124241472546,19.69743687828676,-59.016928637559545,15.125819932282422,-45.792777210056336
253.5000000000577,722.5500000000577,354.60600000006593,13.215413672967307,-61.40394404165268,21.458981238392052,-62.094868352092575,17.33719745567968,-61.74940619687263,15.592278284171114,-45.645857097746145
253.6000000000576,722.6500000000576,354.70600000006584,17.129861093118667,-59.921562485683104,21.84653266793791,-64.03755129948657,19.48819688052829,-61.97955689258484,16.048316406105446,-45.49738517692985
253.70000000005774,722.7500000000578,354.806000000066,21.044308513278928,-58.43918092971016,23.395597278057494,-61.96980618146907,22.21995289566821,-60.204493555589615,16.50098223038185,-45.340788290629916
253.80000000005765,722.8500000000577,354.9060000000659,22.497918215946836,-58.085851261157984,25.311455522818758,-58.63561010000566,23.904686869382797,-58.360730680581824,16.95130060671791,-45.183155895708275
253.9000000000578,722.9500000000578,355.006000000066,21.49069020681382,-58.86157347741673,26.82603915083905,-58.83959920276374,24.158364678826437,-58.85058634009023,17.398129042657697,-45.02201079040912
254.0000000000577,723.0500000000577,355.10600000006593,20.483462200359835,-59.63729569386989,28.21390447928927,-60.16090993860617,24.348683339824554,-59.89910281623803,17.845099824655367,-44.85424700816214
254.10000000005783,723.1500000000578,355.20600000006607,24.111043903573062,-60.75271039109241,26.612503461959662,-60.45209123500007,25.361773682766362,-60.60240081304624,18.299778890964312,-44.66643606155773
254.20000000005774,723.2500000000578,355.306000000066,27.738625606778044,-61.86812508831239,24.067123602013282,-60.417968499059604,25.902874604395663,-61.143046793686,18.76436013523249,-44.47139066036324
254.30000000005788,723.3500000000579,355.4060000000661,29.688611525987227,-60.507980509296274,26.095971778007137,-59.43772177686414,27.892291651997184,-59.972851143080206,19.224362698535657,-44.27419861141298
254.4000000000578,723.4500000000578,355.506000000066,29.96100166507482,-56.67227665978032,29.569313012747124,-58.15869906009368,29.765157338910974,-57.415487859937,19.66877744062074,-44.07671036523319
254.50000000005792,723.5500000000579,355.60600000006616,30.233391804238266,-52.836572814485365,28.638549340816883,-57.49148675850977,29.435970572527573,-55.164029786497565,20.09895806505592,-43.87299720924246
254.60000000005783,723.6500000000578,355.70600000006607,30.63553592915826,-56.29595852260122,26.317015703400774,-57.01747774523416,28.476275816279518,-56.65671813391769,20.520413906303556,-43.649438952584006
254.70000000005797,723.750000000058,355.8060000000662,31.037680054079168,-59.75534423072493,25.078993996842943,-57.70017791713029,28.058337025461057,-58.72776107392761,20.945039199550518,-43.415591795791656
254.80000000005788,723.8500000000579,355.9060000000661,31.659108914251085,-61.66563652648352,24.183133951425457,-58.74815467249204,27.92112143283827,-60.20689559948778,21.384590825170456,-43.187480662907156
254.90000000005801,723.950000000058,356.00600000006625,32.499822509168276,-62.02683541347833,26.43760047894921,-55.736772700623085,29.468711494058745,-58.88180405705071,21.837242142575516,-42.97462239925491
255.00000000005792,724.0500000000579,356.10600000006616,33.34053610396274,-62.38803429914107,29.686906973261287,-51.4434879774439,31.513721538612014,-56.91576113829248,22.285662000981024,-42.77397678208889
255.10000000005806,724.1500000000581,356.2060000000663,33.972885027559556,-60.45317919645403,31.36981166215124,-52.40390103850553,32.671348344855396,-56.428540117479784,22.71790893294427,-42.56923496210072
255.20000000005797,724.250000000058,356.3060000000662,34.60523395115494,-58.51832409377138,32.55806315111912,-55.023376551724446,33.581648551137036,-56.77085032274792,23.147071023152584,-42.351954000635594
255.3000000000581,724.3500000000581,356.40600000006634,33.916719422177756,-56.63485226091802,31.635697947001265,-55.87393775028961,32.77620868458951,-56.25439500560381,23.573488628265043,-42.125076749039614
255.40000000005801,724.450000000058,356.50600000006625,31.90734144370051,-54.802763697783085,30.046822210648525,-56.16589443046431,30.977081827174516,-55.4843290641237,23.990999084676794,-41.89792406890285
255.50000000005815,724.5500000000582,356.6060000000664,29.897963466697604,-52.97067513660029,30.04366546274184,-58.38126241918276,29.970814464719723,-55.675968777891526,24.40133501208029,-41.673548782085575
255.60000000005806,724.6500000000581,356.7060000000663,30.429341099461,-54.49950171153043,30.54126207778712,-61.2040234504897,30.48530158862406,-57.851762581010064,24.82165574239678,-41.44934753856625
255.7000000000582,724.7500000000582,356.80600000006643,30.960718732225605,-56.02832828646403,31.488649006711064,-58.33913255011807,31.224683869468336,-57.18373041829105,25.25283607663764,-41.21407467563611
255.8000000000581,724.8500000000581,356.90600000006634,32.6612541722809,-55.300770855923695,32.578074981603784,-53.67814104628094,32.61966457694234,-54.489455951102315,25.68866329439785,-40.96734535013697
255.90000000005824,724.9500000000583,357.0060000000665,35.530947416912454,-52.31682942515966,33.41713365978636,-52.001488283994625,34.474040538349406,-52.15915885457714,26.11897818922932,-40.71086868570552
256.00000000005815,725.0500000000582,357.1060000000664,38.40064066004656,-49.332887997679904,34.17712898139826,-51.26725827877395,36.288884820722416,-50.30007313822693,26.535706675202565,-40.44369949651957
256.1000000000583,725.1500000000583,357.2060000000665,38.7089549002601,-51.97962479001547,35.85560249146742,-49.88686383091193,37.282278695863766,-50.9332443104637,26.94131786432333,-40.16957131326225
256.2000000000582,725.2500000000582,357.30600000006643,39.01726914047294,-54.62636158234503,37.82412174419864,-48.30241745454198,38.42069544233579,-51.464389518443504,27.345783132218045,-39.88504781014983
256.30000000005833,725.3500000000583,357.40600000006657,38.87606746542674,-55.41380554558011,38.59068125963759,-49.378579139905995,38.73337436253217,-52.39619234274305,27.746875937941596,-39.59331434427088
256.40000000005824,725.4500000000583,357.5060000000665,38.2853498761708,-54.34195668405461,38.97767454362856,-51.29493284169936,38.63151220989968,-52.81844476287698,28.143858108450644,-39.29803030247284
256.5000000000584,725.5500000000584,357.6060000000666,37.69463228936901,-53.270107821396415,38.93510549215476,-50.8718471553401,38.314868890761886,-52.07097748836826,28.539124225258643,-39.00402863007722
256.6000000000583,725.6500000000583,357.7060000000665,41.30601651665537,-50.264063459223465,38.75688517734496,-49.70999113857627,40.031450847000166,-49.98702729889987,28.9410754452164,-38.709546913317425
256.7000000000584,725.7500000000584,357.80600000006666,44.91740074394993,-47.258019097043686,38.18932996778827,-48.953463739807965,41.553365355869104,-48.10574141842582,29.349223840417178,-38.40810457192724
256.80000000005833,725.8500000000583,357.90600000006657,44.244214765113504,-45.39888187237745,37.49882689718275,-48.32493485152096,40.87152083114813,-46.861908361949205,29.755800729684548,-38.101185803461355
256.90000000005847,725.9500000000585,358.0060000000667,39.286458590157785,-44.68665178253552,39.82202150541528,-48.45328099282207,39.554240047786536,-46.5699663876788,30.15214535544285,-37.79462869704796
257.0000000000584,726.0500000000584,358.1060000000666,34.32870241825086,-43.97442169442865,43.09691011400974,-48.82064030048851,38.7128062661303,-46.39753099745858,30.53864729029429,-37.49336274900527
257.1000000000585,726.1500000000585,358.20600000006675,34.56907117114347,-46.22863296776737,40.318645692977434,-48.594346504080995,37.44385843206045,-47.41148973592418,30.91898555565552,-37.1896522149701
257.2000000000584,726.2500000000584,358.30600000006666,34.80943992403553,-48.482844241100956,35.628859269582684,-48.180583307072695,35.2191495968091,-48.33171377408682,31.288840583147174,-36.87205654770066
257.30000000005856,726.3500000000586,358.4060000000668,36.18027251827251,-48.919497631095155,36.7231275193115,-49.698132146021536,36.451700018792,-49.308814888558345,31.653087054785097,-36.54199396275704
257.40000000005847,726.4500000000585,358.5060000000667,38.681568951200674,-47.538593142004615,39.643939343343206,-51.82556899409017,39.16275414727194,-49.682081068047395,32.01904084948087,-36.21096716338086
257.5000000000586,726.5500000000586,358.60600000006684,41.18286538248484,-46.15768865533772,40.2740779518924,-49.60491055650156,40.72847166718862,-47.88129960591964,32.385253274755264,-35.89242955016297
257.6000000000585,726.6500000000585,358.70600000006675,40.87200240550997,-48.9136606419997,40.18084607398781,-46.01116940215915,40.52642423974889,-47.462415022079426,32.742133120360876,-35.569476567590094
257.70000000005865,726.7500000000587,358.8060000000669,40.561139428534375,-51.669632628667934,41.677076699752696,-42.92205814320141,41.11910806414353,-47.29584538593467,33.090115504241375,-35.22385987596212
257.80000000005856,726.8500000000586,358.9060000000668,41.43027442477312,-51.28813358580787,43.675242851150394,-39.99230369273846,42.55275863796176,-45.640218639273165,33.43109889637844,-34.869866120359326
257.9000000000587,726.9500000000587,359.00600000006693,43.47940739146127,-47.76916352077983,46.07895890111495,-42.25512577213995,44.77918314628811,-45.01214464645989,33.76925088513088,-34.525641890026165
258.0000000000586,727.0500000000586,359.10600000006684,45.52854035508764,-44.2501934565096,48.61074333962424,-46.157708854958216,47.06964184735594,-45.203951155733904,34.10408672044618,-34.19031674830608
258.10000000005874,727.1500000000588,359.206000000067,42.36628140181577,-42.00939701561522,48.51303575237488,-46.65955116735448,45.43965857709533,-44.33447409148485,34.43758182582644,-33.86198900169803
258.20000000005865,727.2500000000587,359.3060000000669,39.204022448551086,-39.76860057472594,47.584962265299325,-46.087475345658916,43.394492356925205,-42.92803796019243,34.773131247720066,-33.54097502370392
258.3000000000588,727.3500000000588,359.406000000067,39.42572994432791,-39.676147035000696,45.296379376213444,-44.76306812408445,42.36105466027068,-42.21960757954257,35.107973869186765,-33.2210149750538
258.4000000000587,727.4500000000587,359.50600000006693,43.03140388118939,-41.732036391389066,42.57816194070781,-43.20108256658193,42.8047829109486,-42.4665594789855,35.445047055120824,-32.89604743006073
258.50000000005883,727.5500000000588,359.60600000006707,46.6370778155594,-43.787925747210274,45.03919110978048,-40.20512462540733,45.83813446266994,-41.9965251863088,35.78762795314305,-32.554405804290795
258.60000000005874,727.6500000000588,359.706000000067,45.99809823752783,-44.872783314992844,49.13577183217913,-36.756333301587404,47.56693503485348,-40.814558308290124,36.1269392714991,-32.197861021082176
258.7000000000589,727.7500000000589,359.8060000000671,45.3591186594948,-45.95764088277788,49.53742572093193,-37.83879908819524,47.44827219021336,-41.89821998548656,36.45740411338814,-31.83809059403143
258.8000000000588,727.8500000000588,359.906000000067,46.200533882236016,-46.9545399284415,48.77226061387043,-40.35218816757404,47.48639724805322,-43.653364048007774,36.786511693667364,-31.48130153272415
258.9000000000589,727.9500000000589,360.00600000006716,48.522343902268105,-47.86348045219542,47.65747770866013,-40.174545320106496,48.089910805464115,-44.01901288615096,37.12290533004151,-31.128490755736244
259.00000000005883,728.0500000000588,360.10600000006707,50.84415392102346,-48.772420972674766,46.43228918339098,-39.147102919917124,48.63822155220722,-43.95976194629594,37.464778445844196,-30.772890243933315
259.10000000005897,728.150000000059,360.2060000000672,51.00692951507756,-44.12436537812839,45.86524659252193,-38.337374337266866,48.43608805379974,-41.23086985769763,37.81238554278569,-30.406420039625356
259.2000000000589,728.2500000000589,360.3060000000671,51.16970510913129,-39.476309783592576,45.50603955912153,-37.59639748622055,48.337872334126416,-38.53635363490656,38.15248054457834,-30.036881637168875
259.300000000059,728.350000000059,360.40600000006725,52.33665484363816,-37.65996619495963,46.522185779920484,-37.55140273637401,49.429420311779324,-37.60568446566682,38.47330792942422,-29.667140133076185
259.4000000000589,728.4500000000589,360.50600000006716,54.507778716222866,-38.67533460555459,47.972654079390594,-37.72619180714981,51.24021639780673,-38.2007632063522,38.780444121741944,-29.298300006057964
259.50000000005906,728.5500000000591,360.6060000000673,56.67890258597949,-39.69070301284074,47.078213483643886,-37.91249852512893,51.87855803481169,-38.80160076898484,39.0767602288225,-28.93426475951895
259.60000000005897,728.650000000059,360.7060000000672,54.057815012613474,-35.105133033278435,45.44327534477089,-38.10244239484252,49.75054517869218,-36.60378771406047,39.36783527933294,-28.578182965085354
259.7000000000591,728.7500000000591,360.80600000006734,51.436727439241494,-30.519563053705696,47.91887980808752,-36.683479416992924,49.6778036236645,-33.60152123534931,39.6527571681479,-28.227205285992707
259.800000000059,728.850000000059,360.90600000006725,50.25678178439541,-30.58662994444413,51.6925503515149,-34.75644059442112,50.974666067955155,-32.671535269432624,39.94404479331281,-27.880561696003785
259.90000000005915,728.9500000000592,361.0060000000674,50.51797804466201,-35.30633369449201,53.004043588649225,-34.95240570655909,51.76101081665561,-35.12936970052555,40.24178535456321,-27.533130732239034
260.00000000005906,729.0500000000591,361.1060000000673,50.77917430588698,-40.02603744228273,53.53800715297602,-35.818793111395145,52.1585907294315,-37.92241527683893,40.53577551433848,-27.179872209826666
260.1000000000592,729.1500000000592,361.20600000006743,52.66252497771343,-40.945779180393416,54.84607026223227,-36.0571763830143,53.754297619972846,-38.501477781703855,40.81854227742188,-26.817379771018928
260.2000000000591,729.2500000000591,361.30600000006734,54.5458756495356,-41.86552091850202,56.398585858454645,-36.09724256066477,55.47223075399512,-38.9813817395834,41.099455041981194,-26.444524330097778
260.30000000005924,729.3500000000593,361.4060000000675,55.48148987532384,-40.919353916758205,56.65084411685471,-37.144975022847774,56.06616699608927,-39.03216446980299,41.38196339954957,-26.068490901187907
260.40000000005915,729.4500000000592,361.5060000000674,55.46936765731928,-38.10727817958704,56.49249479640614,-38.510917889493804,55.98093122686271,-38.309098034540426,41.660110544983205,-25.691759484663713
260.5000000000593,729.5500000000593,361.6060000000675,55.45724544090508,-35.29520244307584,56.2530223270317,-35.776080467477094,55.85513388396839,-35.53564145527646,41.92414044296186,-25.301546317058914
260.6000000000592,729.6500000000592,361.70600000006743,58.125020803316815,-33.605977446061495,55.9879320212498,-31.746259801205778,57.0564764122833,-32.676118623633634,42.17335389133651,-24.906927438106965
260.70000000005933,729.7500000000593,361.80600000006757,60.792796165734615,-31.916752449043308,54.70992891802939,-32.23925300389378,57.751362541882,-32.07800272646854,42.4308684422119,-24.513155420304088
260.80000000005924,729.8500000000593,361.9060000000675,60.582331022111305,-31.990799032803633,53.112058616804504,-34.16050321254919,56.847194819457904,-33.07565112267641,42.69551663484056,-24.115214094586175
260.9000000000594,729.9500000000594,362.0060000000676,57.49362537927826,-33.82811719315718,53.760727192759305,-35.89238670951158,55.62717628601878,-34.86025195133438,42.959363013107016,-23.716078202665212
261.0000000000593,730.0500000000593,362.1060000000675,54.40491974150637,-35.66543535069013,55.1188290957223,-37.564470192471255,54.76187441861433,-36.61495277158069,43.22053474594205,-23.325766338371153
261.1000000000594,730.1500000000594,362.20600000006766,59.832832823258414,-32.756876666605166,57.32604793738566,-33.54847059767493,58.57944038032204,-33.15267363214005,43.4828879171707,-22.95193028622987
261.20000000005933,730.2500000000593,362.30600000006757,65.26074590499812,-29.848317982526808,59.80140896921775,-27.736234248147337,62.53107743710794,-28.792276115337074,43.749235477089115,-22.58329187159032
261.30000000005947,730.3500000000595,362.4060000000677,65.29388731175816,-27.19696631221917,59.725263871190606,-25.826393078940065,62.50957559147438,-26.511679695579616,44.021065001551534,-22.208877333367305
261.4000000000594,730.4500000000594,362.5060000000676,59.93225705636891,-24.80282165508259,58.843379998300406,-25.148887225271192,59.38781852733466,-24.97585444017689,44.29247749438855,-21.82332854034103
261.5000000000595,730.5500000000595,362.60600000006775,54.57062680497888,-22.408677000445838,57.45245303446166,-23.85419575706225,56.01153991972027,-23.131436378754046,44.55523508589438,-21.43388743573991
261.6000000000594,730.6500000000594,362.70600000006766,55.942717176807115,-24.219997625056912,55.90077562145028,-22.364603569199247,55.92174639912869,-23.29230059712808,44.81093185490822,-21.051403274302157
261.70000000005956,730.7500000000596,362.8060000000678,57.31480754863846,-26.0313182496721,58.13973756760131,-24.752161256527756,57.727272558119886,-25.391739753099927,45.06644275739189,-20.661464273332257
261.80000000005947,730.8500000000595,362.9060000000677,59.424705962590714,-24.408251270425335,61.57574351746083,-28.364082057787925,60.50022474002577,-26.386166664106632,45.308628379244674,-20.264040295491274
261.9000000000596,730.9500000000596,363.00600000006784,62.27241241691536,-19.350796695492956,62.457761316279246,-27.33162831480497,62.3650868665973,-23.341212505148963,45.540355334756406,-19.865454772077346
262.0000000000595,731.0500000000595,363.10600000006775,65.12011887010193,-14.293342125861066,62.533256544076984,-24.83252998435245,63.82668770708946,-19.56293605510676,45.76884816332749,-19.46782945704609
262.10000000005965,731.1500000000597,363.2060000000679,66.06828526947712,-18.11421488328824,60.78003489158017,-21.65304988252909,63.424160080528644,-19.883632382908665,45.98667345602937,-19.066761439575963
262.20000000005956,731.2500000000596,363.3060000000678,67.01645166885014,-21.935087640706726,58.44932370008921,-18.258712380028236,62.732887684469674,-20.09690001036748,46.19614581095407,-18.661482735687965
262.3000000000597,731.3500000000597,363.40600000006793,65.3361888664528,-25.316984109523627,58.427437973733134,-18.964485756860196,61.88181342009297,-22.14073493319191,46.40191966082642,-18.25966974784729
262.4000000000596,731.4500000000596,363.50600000006784,61.027496868567916,-28.25990429077159,59.13465502312878,-20.96503098550539,60.08107594584835,-24.61246763813849,46.60792295559835,-17.866547394190196
262.50000000005974,731.5500000000598,363.606000000068,56.71880487527272,-31.202824467594088,58.79266070014957,-21.59548678322744,57.75573278771114,-26.399155625410764,46.81215248730601,-17.479582821278417
262.60000000005965,731.6500000000597,363.7060000000679,60.10164183192131,-26.734022070048034,58.11933647133908,-21.793282762266763,59.1104891516302,-24.2636524161574,47.02007121051307,-17.089835622127097
262.7000000000598,731.7500000000598,363.806000000068,63.48447878857761,-22.265219672491817,56.79963801334361,-21.52982437367837,60.14205840096061,-21.897522023085095,47.234528748018114,-16.6880769825145
262.8000000000597,731.8500000000597,363.90600000006793,64.7310184139899,-18.456907782163277,55.27582137847461,-21.12070671164532,60.00341989623226,-19.788807246904298,47.44535297775049,-16.277082602997037
262.90000000005983,731.9500000000598,364.00600000006807,63.841260713273805,-15.309086397465222,56.91810353105767,-19.032097987742215,60.37968212216573,-17.17059219260372,47.64219728289637,-15.859563296204085
263.00000000005974,732.0500000000598,364.106000000068,62.95150301209979,-12.161265016589402,59.56020634963231,-16.413123667336148,61.25585468086605,-14.287194341962774,47.82511729347126,-15.436178064477495
263.1000000000599,732.1500000000599,364.2060000000681,61.29260207847105,-15.393247723807251,60.84440803074302,-17.37186511301819,61.06850505460703,-16.38255641841272,48.009884625454575,-15.016119773667945
263.2000000000598,732.2500000000598,364.306000000068,59.63370114484607,-18.62523043101775,61.69979882793399,-19.460411533249008,60.66674998639003,-19.042820982133378,48.19370824454309,-14.607807878762655
263.3000000000599,732.3500000000599,364.40600000006816,60.58733769217097,-19.807067872818838,63.068717435591935,-18.422078817377514,61.82802756388145,-19.114573345098176,48.375246953291445,-14.20565307131463
263.40000000005983,732.4500000000598,364.50600000006807,64.15351171418041,-18.938760054118347,64.59980271963012,-16.39631058853044,64.37665721690527,-17.667535321324394,48.548457621481475,-13.801832027733617
263.50000000005997,732.55000000006,364.6060000000682,67.71968573332418,-18.070452235902597,63.70635762381832,-16.101814760029594,65.71302167857125,-17.086133497966095,48.710142013020636,-13.394655875580357
263.6000000000599,732.6500000000599,364.7060000000681,66.49838023403902,-18.01297131046577,62.04727135828481,-16.354036529596858,64.27282579616191,-17.183503920031313,48.86547232788126,-12.979456248458446
263.70000000006,732.75000000006,364.80600000006825,65.27707473475107,-17.95549038502881,60.85301084473554,-16.696915161747867,63.0650427897433,-17.32620277338834,49.03614512673504,-12.551789407977417
263.8000000000599,732.8500000000599,364.90600000006816,65.59877885372451,-17.194423852876785,59.805537410215535,-17.068422276712102,62.70215813197002,-17.131423064794443,49.22226432461069,-12.111173994588812
263.90000000006006,732.9500000000601,365.0060000000683,67.46349258725594,-15.729771715695588,60.14310191856085,-14.386781482632038,63.80329725290839,-15.058276599163813,49.406286176018654,-11.67356521124122
264.00000000005997,733.05000000006,365.1060000000682,69.32820631902436,-14.265119581049708,60.91804682828019,-10.740988720887167,65.12312657365227,-12.503054150968438,49.58189978300266,-11.25083940681511
264.1000000000601,733.1500000000601,365.20600000006834,68.26293934850479,-17.018576388835704,61.99315012221842,-11.952175068560509,65.1280447353616,-14.485375728698106,49.754565248532,-10.832920645313166
264.20000000006,733.25000000006,365.30600000006825,67.19767237798763,-19.77203319661544,63.16304027397317,-14.697144287150048,65.1803563259804,-17.234588741882742,49.9231500214072,-10.407802998380564
264.30000000006015,733.3500000000602,365.4060000000684,65.06338733309184,-18.45672577276161,64.03449681112728,-14.25288752817333,64.54894207210955,-16.35480665046747,50.07818124098622,-9.980945556793186
264.40000000006006,733.4500000000601,365.5060000000683,61.860084216398754,-13.072654127068077,64.81171115454725,-12.801506780053518,63.335897685473,-12.937080453560798,50.220241429117216,-9.552669252094965
264.5000000000602,733.5500000000602,365.60600000006843,58.65678110193989,-7.688582483754721,62.84714094627698,-7.860661687891281,60.75196102410844,-7.774622085823001,50.34979434529885,-9.114328597481501
264.6000000000601,733.6500000000601,365.70600000006834,59.17357178775634,-6.275068611092059,60.01674404072365,-1.8178804912285518,59.59515791423999,-4.046474551160305,50.47652422362939,-8.667953986964317
264.70000000006024,733.7500000000603,365.8060000000685,59.69036247357396,-4.861554738426182,60.13762751699689,-3.6829702588151676,59.91399499528543,-4.272262498620675,50.606676456242646,-8.231127684017103
264.80000000006015,733.8500000000602,365.9060000000684,61.37841547617531,-3.4853823578920595,61.19049426824854,-8.045282426800373,61.284454872211924,-5.765332392346217,50.735509696073784,-7.8066461698866165
264.9000000000603,733.9500000000603,366.0060000000685,64.23773079274513,-2.1465514693934327,63.310150173971756,-7.769160031132039,63.773940483358444,-4.957855750262736,50.86815757899126,-7.382873350198846
265.0000000000602,734.0500000000602,366.10600000006843,67.09704610814362,-0.8077205818746978,65.76668686404766,-6.028268831383773,66.43186648609563,-3.4179947066292353,51.001190740781695,-6.951758400374147
265.10000000006033,734.1500000000603,366.20600000006857,68.02315627997312,-1.0901063714925634,65.93700731525607,-6.201505880083629,66.98008179761459,-3.6458061257880963,51.117446772281134,-6.5143046389933525
265.20000000006024,734.2500000000603,366.3060000000685,68.94926645180053,-1.3724921611097871,65.3853647463739,-6.979204478655387,67.1673155990872,-4.175848319882586,51.22251190460863,-6.077011623420359
265.3000000000604,734.3500000000604,366.4060000000686,69.16761200226402,-1.7702297030947762,63.80029387439536,-5.0557243432352985,66.4839529383297,-3.4129770231650376,51.32265827021753,-5.643848747675499
265.4000000000603,734.4500000000603,366.5060000000685,68.67819293307166,-2.2833189971671817,61.88887722372248,-2.2792404002914557,65.28353507839707,-2.2812796987293185,51.42897653809542,-5.213269441841817
265.5000000000604,734.5500000000604,366.60600000006866,68.18877386353228,-2.7964082890744986,60.66920544701886,-2.565976080128222,64.42898965527557,-2.68119218460136,51.55148684253727,-4.782825792056582
265.60000000006033,734.6500000000603,366.70600000006857,67.12743311557617,0.2721906324864989,59.667979419172,-3.8200442687838563,63.39770626737408,-1.7739268181486787,51.68734779953789,-4.355377341316845
265.70000000006047,734.7500000000605,366.8060000000687,66.06609236761764,3.340789554054473,62.07744393289111,-1.778602622082187,64.07176815025437,0.781093465986143,51.80735981091269,-3.941029770507791
265.8000000000604,734.8500000000604,366.9060000000686,67.17223663452103,4.4965308234040915,65.56396861357393,1.303526337128865,66.36810262404748,2.9000285802664783,51.908269057854284,-3.5348217475565282
265.9000000000605,734.9500000000605,367.00600000006875,70.44586591104765,3.739414445168303,64.9222020339692,1.6514404697665657,67.68403397250842,2.695427457467434,52.00362712578429,-3.1307544318046263
266.0000000000604,735.0500000000604,367.10600000006866,73.71949518259567,2.982298067576187,62.97676453497111,1.1359183446293954,68.34812985878338,2.059108206102791,52.108515168232444,-2.7219329415271436
266.10000000006056,735.1500000000606,367.2060000000688,68.77378885572203,3.286584347776934,63.632266722505506,2.481662558907672,66.20302778911378,2.884123453342303,52.21558328292859,-2.2965677770585007
266.20000000006047,735.2500000000605,367.3060000000687,63.82808252885965,3.590870627976989,65.1091182816389,4.415175088678309,64.46860040524928,4.003022858327649,52.30676434313048,-1.8674419030959455
266.3000000000606,735.3500000000606,367.40600000006884,61.400530904516124,2.4052797946569626,63.957174221850984,4.712650518237213,62.678852563183554,3.558965156447088,52.38828602298403,-1.4451422312563658
266.4000000000605,735.4500000000605,367.50600000006875,61.49113397659896,-0.270188148566584,61.97508418027322,4.493482654939005,61.73310907843609,2.1116472531862103,52.4736608423791,-1.0251414616968835
266.50000000006065,735.5500000000607,367.6060000000689,61.581737049882925,-2.945656087087395,63.8241261448141,3.880998851657309,62.70293159734851,0.46767138228495697,52.56883336796287,-0.5960863527277791
266.60000000006056,735.6500000000606,367.7060000000688,63.650504876824364,2.135281487876096,66.88299926461218,3.1443100151670267,65.26675207071827,2.6397957515215613,52.66014071422133,-0.16144503440802813
266.7000000000607,735.7500000000607,367.80600000006893,65.71927270377051,7.216219062851141,67.09300048603166,4.020279712064539,66.40613659490108,5.6182493874578405,52.74395428258979,0.2748161964557974
266.8000000000606,735.8500000000606,367.90600000006884,65.29723734597643,9.187272412606065,66.40335795346179,5.405509996529073,65.85029764971911,7.296391204567569,52.82210309511144,0.7161152629521446
266.90000000006074,735.9500000000608,368.006000000069,62.38439880948873,8.048441544701728,65.16610051149871,6.823525678217548,63.77524966049372,7.435983611459638,52.88822285419339,1.1545758895150209
267.00000000006065,736.0500000000607,368.1060000000689,59.47156027426195,6.909610680387006,63.755912046173364,8.251894643196565,61.613736160217655,7.580752661791785,52.938399851094005,1.5808109615155095
267.1000000000608,736.1500000000608,368.206000000069,58.62480057651011,11.679360452585613,62.37720513584786,10.3461600238678,60.501002856178985,11.012760238226706,52.97955432173171,1.995127280631767
267.2000000000607,736.2500000000607,368.30600000006893,57.778040878760194,16.449110224773374,61.00843976917308,12.650708482377789,59.39324032396664,14.549909353575583,53.01834493187751,2.411420360435644
267.30000000006083,736.3500000000608,368.40600000006907,58.865078703755344,16.693233538002026,63.19285047308086,12.179998345668622,61.028964588418106,14.436615941835324,53.060442798322796,2.8322081797008933
267.40000000006074,736.4500000000608,368.506000000069,61.88591404678588,12.411730403280844,66.49931677397514,10.832890761153521,64.19261541038051,11.622310582217182,53.11901142669376,3.255145295816886
267.5000000000609,736.5500000000609,368.6060000000691,64.90674938765427,8.130227271806728,64.27225104554482,10.77847079034598,64.58950021659955,9.454349031076354,53.189789568936234,3.66889415619951
267.6000000000608,736.6500000000608,368.706000000069,64.3680963691894,9.193336234322437,60.2977541565802,11.132267959164276,62.3329252628848,10.162802096743356,53.24186100084402,4.0851485882748175
267.7000000000609,736.7500000000609,368.80600000006916,63.8294433507233,10.256445196840563,60.310974797445134,12.962985585692559,62.07020907408422,11.609715391266562,53.273853789007106,4.512009725911709
267.80000000006083,736.8500000000608,368.90600000006907,61.89533919912553,11.656232864864187,61.58347465348975,15.2600991444637,61.73940692630764,13.458166004663944,53.29677252560095,4.940434545277008
267.90000000006097,736.950000000061,369.0060000000692,58.56578391778863,13.392699237579034,61.14463930855203,13.996126776166761,59.855211613170326,13.694413006872898,53.322231113641095,5.361119237205922
268.0000000000609,737.0500000000609,369.1060000000691,55.23622864113918,15.129165609437424,60.165382323247364,11.607600961480546,57.700805482193275,13.368383285458986,53.35474076509409,5.779855601659668
268.100000000061,737.150000000061,369.20600000006925,59.58664621163531,15.466605901652564,59.64833985328935,11.821852322887201,59.617493032462335,13.644229112269883,53.39244342902288,6.201360251164182
268.2000000000609,737.2500000000609,369.30600000006916,63.93706378212156,15.804046193866936,59.277259861310014,12.858033315732667,61.60716182171579,14.331039754799802,53.43294836945544,6.631811933575198
268.30000000006106,737.3500000000611,369.4060000000693,64.83715978735907,17.004531201315988,59.67218451124445,13.304157791085833,62.25467214930176,15.15434449620091,53.47426533800759,7.062148906817374
268.40000000006097,737.450000000061,369.5060000000692,62.286934235769436,19.068060921886712,60.30900536296946,13.563948630041862,61.29796979936945,16.316004775964288,53.503191541395026,7.48170547649277
268.5000000000611,737.5500000000611,369.60600000006934,59.73670868617122,21.131590640816754,59.989585831399744,16.771598569266125,59.86314725878548,18.95159460504144,53.51526358332663,7.8902244709587235
268.600000000061,737.650000000061,369.70600000006925,60.45187022069029,20.504999071484125,59.3681956536215,20.91015137871457,59.91003293715589,20.707575225099347,53.523351435417666,8.288215438596186
268.70000000006115,737.7500000000612,369.8060000000694,61.167031755210985,19.878407502150072,58.966149258055204,20.5966363337269,60.06659050663309,20.237521917938487,53.532302383760985,8.688745518184112
268.80000000006106,737.8500000000611,369.9060000000693,61.955856165248996,20.359285630714567,58.63336931976769,18.877205129520416,60.29461274250834,19.618245380117493,53.53781450518885,9.092492741920152
268.9000000000612,737.9500000000612,370.00600000006943,62.818343450627694,21.947633454470335,57.69682659445382,17.439678836756663,60.25758502254075,19.6936561456135,53.53910373660531,9.50796596600981
269.0000000000611,738.0500000000611,370.10600000006934,63.68083073691694,23.53598127644178,56.56962193712223,16.091175147272363,60.12522633701958,19.81357821185707,53.536926292602764,9.935031335502867
269.10000000006124,738.1500000000613,370.2060000000695,66.03523165220955,22.212937178451174,57.904167372344475,18.44389751827236,61.96969951227701,20.328417348361768,53.54263447974882,10.350608925022195
269.20000000006115,738.2500000000612,370.3060000000694,68.3896325674968,20.88989308046358,60.016107570675324,21.96542811444606,64.20287006908606,21.427660597454818,53.54874006593143,10.750189469338789
269.3000000000613,738.3500000000613,370.4060000000695,67.70382454082036,20.071129044071558,60.50913123312198,23.61137235806075,64.10647788697116,21.84125070106615,53.55285473023855,11.138571174531508
269.4000000000612,738.4500000000612,370.50600000006943,63.97780757963515,19.756645068042804,60.490918096707844,24.665026176801398,62.23436283817149,22.210835622422103,53.559748725692614,11.522441501328139
269.50000000006133,738.5500000000613,370.60600000006957,60.25179061977559,19.442161094277996,60.0973909051527,24.064843208286515,60.17459076246415,21.753502151282255,53.57174764109792,11.90572374366568
269.60000000006124,738.6500000000613,370.7060000000695,58.69894814526233,22.816593712857006,59.585343486111036,22.94239599315624,59.14214581568668,22.879494853006623,53.57996689386966,12.292404326064672
269.7000000000614,738.7500000000614,370.8060000000696,57.14610567074553,26.191026331443688,58.66500922199604,23.539044381167763,57.90555744637078,24.865035356305725,53.58557973215013,12.688825930516677
269.8000000000613,738.8500000000613,370.9060000000695,56.82543425482912,26.535929955159546,57.615742270457126,24.67856506283814,57.22058826264312,25.607247508998842,53.59658739153261,13.08640721727395
269.9000000000614,738.9500000000614,371.00600000006966,57.73693389448589,23.85130459144556,58.483993560402155,25.290317451211433,58.11046372744402,24.570811021328495,53.60448877500817,13.482303890485102
270.00000000006133,739.0500000000613,371.10600000006957,58.648433532812525,21.166679232878646,59.957776924293704,25.735406168650904,59.303105228553115,23.451042700764773,53.604573035097665,13.877848395173293
270.10000000006147,739.1500000000615,371.2060000000697,57.39666304240222,26.856196691789847,59.23202706945381,27.49542256191151,58.314345055928015,27.17580962685068,53.588918573274526,14.269048287599045
270.2000000000614,739.2500000000614,371.3060000000696,56.14489255199476,32.54571415068811,57.81168777977267,29.670679272262554,56.97829016588371,31.108196711475333,53.57165341856804,14.654110524370688
270.3000000000615,739.3500000000615,371.40600000006975,55.333145229045876,33.410836026424946,57.385147323130276,28.167909892178205,56.359146276088076,30.789372959301573,53.556700080314705,15.033573742019504
270.4000000000614,739.4500000000614,371.50600000006966,54.96142107247674,29.451562330865308,57.27243807572383,25.503658593239077,56.11692957410028,27.47761046205219,53.53885074161691,15.412616538155058
270.50000000006156,739.5500000000616,371.6060000000698,54.5896969171125,25.492288635447974,57.85915340172841,25.301408900612934,56.224425159420456,25.396848768030452,53.51282840116423,15.79826102461816
270.60000000006147,739.6500000000615,371.7060000000697,56.174779236965016,21.778572918653712,58.66673964480625,25.87663339648278,57.42075944088563,23.827603157568248,53.47371180827508,16.179132573117457
270.7000000000616,739.7500000000616,371.80600000006984,57.759861556821136,18.064857201851005,56.93709605892531,28.1858208295105,57.34847880787322,23.12533901568075,53.43734408061026,16.550160589849213
270.8000000000615,739.8500000000615,371.90600000006975,59.13463644703849,19.22010067721843,54.406222003809475,31.042575503751266,56.77042922542398,25.131338090484846,53.40915483765279,16.91460345514304
270.90000000006165,739.9500000000617,372.0060000000699,60.29910390814168,25.244303332760566,55.14447042928429,29.43529431127171,57.721787168712986,27.33979882201614,53.38885036186979,17.28275228670166
271.00000000006156,740.0500000000616,372.1060000000698,61.46357136765987,31.268505985286296,56.91507331836248,26.418317587330833,59.18932234301117,28.843411786308565,53.37081655059812,17.665444692780017
271.1000000000617,740.1500000000617,372.20600000006993,60.06004095297903,32.41962140049983,56.191024725948886,26.15060066271902,58.12553283946396,29.285111031609425,53.33686950877847,18.052976611450113
271.2000000000616,740.2500000000616,372.30600000006984,58.65651053830139,33.570736815710745,54.67919145818782,26.751071039835256,56.6678509982446,30.160903927773,53.29340385779773,18.43744835403365
271.30000000006174,740.3500000000618,372.40600000007,58.97646093546708,33.5546121550227,56.09369094000605,26.309599698945522,57.535075937736565,29.932105926984114,53.25232600442971,18.822949289891405
271.40000000006165,740.4500000000617,372.5060000000699,61.01989214021891,32.37124742131802,58.432295497093556,25.53909413257918,59.72609381865623,28.9551707769486,53.213622704537194,19.20634462656929
271.5000000000618,740.5500000000618,372.60600000007,63.06332334430846,31.187882688724393,58.5403049621326,27.725555220392046,60.80181415322053,29.45671895455822,53.17391830256656,19.58131792024061
271.6000000000617,740.6500000000617,372.70600000006993,64.02839594109582,31.805373925017513,57.94391597975208,30.845795248042396,60.98615596042395,31.325584586529956,53.128970576305456,19.966878997949696
271.70000000006183,740.7500000000618,372.80600000007007,64.99346853788538,32.42286516131203,54.95641687843951,30.401675408100903,59.974942708162445,31.412270284706466,53.08314512702427,20.35446090165486
271.80000000006174,740.8500000000618,372.90600000007,62.15283206748227,32.69349582969667,51.21383037405305,28.83196824586934,56.68333122076766,30.762732037783007,53.03251091829014,20.728392177002746
271.9000000000619,740.9500000000619,373.0060000000701,55.50648653928825,32.61726593103073,52.678793733282745,27.807526787408325,54.092640136285496,30.212396359219525,52.97111711195146,21.084999206871206
272.0000000000618,741.0500000000618,373.10600000007,48.860141016805315,32.541036031457395,55.788246516812045,26.95527449790125,52.324193766808676,29.748155264679323,52.89528114435693,21.433657499006337
272.1000000000619,741.1500000000619,373.20600000007016,51.42380156995881,30.997343061101446,53.12753167526205,26.421935187580388,52.27566662261043,28.709639124340917,52.81593625365925,21.790260579601362
272.20000000006183,741.2500000000618,373.30600000007007,53.987462123106475,29.45365009074901,48.644658643325776,25.989305238722554,51.316060383216126,27.721477664735783,52.7506261463968,22.14934859891448
272.30000000006197,741.350000000062,373.4060000000702,55.11839653690964,28.249756721807245,51.031206562863986,25.738083225746728,53.074801549886814,26.993919973776986,52.69072933394832,22.506349738920296
272.4000000000619,741.4500000000619,373.5060000000701,54.816604814914,27.38566295343947,55.5870453008371,25.544147929145744,55.20182505787555,26.464905441292608,52.623938581045174,22.85713241029938
272.500000000062,741.550000000062,373.60600000007025,54.51481309362014,26.521569185545946,55.989265362041095,26.90805234356557,55.25203922783062,26.714810764555757,52.55091167793636,23.21228107210433
272.6000000000619,741.6500000000619,373.70600000007016,55.34471805232675,26.424659619795875,55.079816372468585,28.76390613851621,55.21226721239766,27.59428287915604,52.48229612866776,23.5753124704831
272.70000000006206,741.7500000000621,373.8060000000703,56.174623011035244,26.327750054045584,53.9711912772388,30.962822410222962,55.07290714413702,28.645286232134275,52.41346018631944,23.938676543178318
272.80000000006197,741.850000000062,373.9060000000702,55.66415282771264,28.266563102531947,52.79966846467835,33.27007420048195,54.231910646195495,30.76831865150695,52.33335419686369,24.30861827808501
272.9000000000621,741.9500000000621,374.00600000007034,53.81330750568468,32.24109876020925,54.355033074051235,34.583417413877044,54.084170289867956,33.41225808704314,52.23824303881853,24.687054420448522
273.000000000062,742.050000000062,374.10600000007025,51.962462184857976,36.21563441461226,56.77152002387212,35.58289476209869,54.36699110436505,35.89926458835548,52.13380875331786,25.056924368621406
273.10000000006215,742.1500000000622,374.2060000000704,52.04007344744064,34.92982593819467,57.03228789042272,35.0122270770226,54.53618066893168,34.971026507608634,52.0393269092106,25.402825390604207
273.20000000006206,742.2500000000621,374.3060000000703,52.11768471002313,33.644017461779995,56.61230236487898,33.94572412018601,54.364993537451056,33.794870790983,51.95099620189111,25.737017460133618
273.3000000000622,742.3500000000622,374.40600000007043,51.677233148553434,33.62317900947817,55.79171083724271,35.18773617463504,53.73447199289807,34.40545759205661,51.863565401341795,26.073593596486454
273.4000000000621,742.4500000000621,374.50600000007034,50.718718764322226,34.86731057814272,54.84461215154126,37.15875296667476,52.781665457931744,36.01303177240874,51.772359105863465,26.421112015687214
273.50000000006224,742.5500000000623,374.6060000000705,49.76020438191591,36.111442143798826,55.44253165468139,36.7228198509615,52.60136801829865,36.41713099738016,51.67759110000078,26.783054411306495
273.60000000006215,742.6500000000622,374.7060000000704,51.73437072423068,32.522099856992455,56.528351636623306,35.52679729362981,54.13136118042699,34.02444857531113,51.58593629002621,27.151099681546285
273.7000000000623,742.7500000000623,374.8060000000705,53.70853706654993,28.932757570177916,55.125894123669525,35.11223555610933,54.417215595109724,32.022496563143626,51.480889407879864,27.502307760472423
273.8000000000622,742.8500000000622,374.90600000007043,55.10963526406671,29.649355938369936,52.93766477325955,34.94445091863057,54.02365001866313,32.29690342850026,51.35018144998233,27.83488581184273
273.90000000006233,742.9500000000623,375.00600000007057,55.93766531821548,34.671894950841306,52.17512732670505,34.10382996992558,54.056396322460266,34.387862460383445,51.207090412888995,28.157147389163853
274.00000000006224,743.0500000000623,375.1060000000705,56.765695370404835,39.694433959318836,51.86280837436802,33.05073439744613,54.31425187238643,36.37258417838248,51.07826005347121,28.473671542835756
274.1000000000624,743.1500000000624,375.2060000000706,54.45164736125012,38.32468513560457,55.52651568184518,33.63130461857181,54.98908152154765,35.97799487708819,50.976918915058235,28.781622493356092
274.2000000000623,743.2500000000623,375.3060000000705,52.137599352100665,36.95493631189342,60.445810224398485,34.72776929883973,56.291704788249575,35.841352805366576,50.885364907057074,29.086881725583705
274.3000000000624,743.3500000000624,375.40600000007066,51.42381210589341,36.25352816992592,58.149470439446276,34.839208989122675,54.78664127266984,35.5463685795243,50.789656849244885,29.39940505168478
274.40000000006233,743.4500000000623,375.50600000007057,52.31028561863644,36.22046070803671,53.574509296736736,34.63958815745569,52.94239745768659,35.4300244327462,50.67307204531029,29.715840778164388
274.50000000006247,743.5500000000625,375.6060000000707,53.19675913010041,36.187393247496416,52.9489178366295,37.0397402862896,53.072838483364954,36.61356676689301,50.5367230280079,30.01951241255544
274.6000000000624,743.6500000000624,375.7060000000706,52.03440851923851,38.3117522020952,53.57049574514804,40.26087334683224,52.802452132193274,39.286312774463724,50.39999336680989,30.312236506863584
274.7000000000625,743.7500000000625,375.80600000007075,50.87205790837396,40.43611115669882,52.13809134676999,40.075472748847474,51.50507462757197,40.25579195277315,50.27369405812911,30.6124883757994
274.8000000000624,743.8500000000624,375.90600000007066,50.592682775421345,40.40834991029914,50.05706095925636,38.814324683915004,50.32487186733886,39.61133729710707,50.150522477366245,30.91541555892402
274.90000000006256,743.9500000000626,376.0060000000708,51.19628311817097,38.22846846827873,49.14258893877072,38.43512712244182,50.16943602847084,38.33179779536027,50.0267182502023,31.228940517691438
275.00000000006247,744.0500000000625,376.1060000000707,51.79988346155522,36.04858702740266,48.59650376960584,38.334440245193356,50.19819361558053,37.19151363629801,49.91389040788087,31.55754393170573
275.1000000000626,744.1500000000626,376.20600000007084,53.4206293905273,35.69092929302085,49.97539704236797,40.22125530027853,51.698013216447634,37.956092296649686,49.80987146155193,31.894346234799418
275.2000000000625,744.2500000000625,376.30600000007075,55.041375319495714,35.33327155863986,51.96217824179783,42.73570254208174,53.50177678064677,39.034487050360795,49.69449491141355,32.226289047193944
275.30000000006265,744.3500000000627,376.4060000000709,53.40064338822002,36.412955199661674,51.625191927988,42.32569367365637,52.51291765810401,39.36932443665902,49.57004826487532,32.54870117441361
275.40000000006256,744.4500000000626,376.5060000000708,48.498433604879835,38.929980212479904,50.55438429705721,40.99217235295536,49.52640895096852,39.96107628271763,49.43833223868346,32.85575908632297
275.5000000000627,744.5500000000627,376.60600000007094,43.59622382619948,41.44700522270361,49.27020065276183,40.27745051434539,46.43321223948065,40.8622278685245,49.29552710396714,33.14471106349945
275.6000000000626,744.6500000000626,376.70600000007084,46.13717303197132,39.82054470246385,47.91863510977482,39.75813903774403,47.02790407087307,39.78934187010394,49.15036393092692,33.42351836255156
275.70000000006274,744.7500000000628,376.806000000071,48.67812223774895,38.194084182220394,47.918142244435906,39.57912530162685,48.29813224109243,38.88660474192362,49.00858200936665,33.71259385908751
275.80000000006265,744.8500000000627,376.9060000000709,49.273226168361155,37.48226282313197,48.34430390722315,39.507574009456164,48.808765037792156,38.49491841629407,48.87226251392615,34.015310156464025
275.9000000000628,744.9500000000628,377.006000000071,47.92248482869511,37.685080622899406,48.54110638747654,39.75033425477523,48.231795608085825,38.71770743883732,48.73602813467789,34.323294408382296
276.0000000000627,745.0500000000627,377.10600000007094,46.57174349023692,37.887898424294114,48.66547965247393,40.09235077470444,47.61861157135542,38.99012459949928,48.59807698765111,34.628538359542986
276.10000000006283,745.1500000000628,377.20600000007107,47.1408158439863,40.68450720757989,49.59517067022941,40.621943559354165,48.367993257107855,40.65322538346703,48.454630019996934,34.93260982576998
276.20000000006274,745.2500000000628,377.306000000071,47.70988819773439,43.48111599085931,50.7791725562846,41.210770953683564,49.2445303770095,42.345943472271436,48.312522597100354,35.240574648858185
276.3000000000629,745.3500000000629,377.4060000000711,49.630023743818654,45.092680883884064,49.639508666611995,42.96970121609736,49.63476620521533,44.03119104999071,48.17144965236495,35.55083249939804
276.4000000000628,745.4500000000628,377.506000000071,52.9012224788328,45.51920188962691,47.76605558746519,45.09813764593575,50.333639033149,45.30866976778133,48.029408796368116,35.85615104736071
276.5000000000629,745.5500000000629,377.60600000007116,56.17242121051823,45.94572289440599,47.162706693127554,45.15514755282244,51.66756395182289,45.550435223614215,47.88038035990558,36.147985355355054
276.60000000006283,745.6500000000628,377.70600000007107,54.14666772970915,44.840482386109315,46.96044332927358,44.55802277079987,50.55355552949136,44.69925257845459,47.7219238401915,36.42876290628387
276.70000000006297,745.750000000063,377.8060000000712,52.120914248895474,43.73524187781013,46.23921482496351,44.69993640752278,49.18006453692949,44.217589142666455,47.56032132332341,36.717430404031845
276.8000000000629,745.8500000000629,377.9060000000711,49.420932258250915,43.73554395743861,45.35410259272922,45.075230596623754,47.38751742549007,44.40538727703118,47.39531642217987,37.019829862364986
276.900000000063,745.950000000063,378.00600000007125,46.04672175946179,44.84138862220956,45.63819776756149,45.56143963797276,45.84245976351164,45.20141413009116,47.2324558742863,37.32246941330398
277.0000000000629,746.0500000000629,378.10600000007116,42.672511262884214,45.94723328594236,46.291516332658034,46.08267442199887,44.482013797771124,46.01495385397061,47.07665361917009,37.612696655494325
277.10000000006306,746.1500000000631,378.2060000000713,42.79748646962686,45.408759152802425,48.676890665215964,45.84128190078373,45.73718856742141,45.62502052679308,46.932134714084114,37.87925226635413
277.20000000006297,746.250000000063,378.3060000000712,42.92246167636923,44.87028501966371,51.609229974830015,45.35905970517003,47.26584582559963,45.11467236241687,46.78722058008724,38.12487795920413
277.3000000000631,746.3500000000631,378.40600000007134,43.96055341308273,44.57952089743932,51.22239706721215,45.33204207664321,47.59147524014744,44.955781487041264,46.6312475342491,38.36999536300502
277.400000000063,746.450000000063,378.50600000007125,45.911761677458074,44.536466785505404,49.78740451614327,45.44877325821391,47.84958309680067,44.99262002185966,46.46234837080415,38.62884872846663
277.50000000006315,746.5500000000632,378.6060000000714,47.86296994022985,44.49341267363696,46.95896955747878,47.41530218446602,47.41096974885431,45.95435742905149,46.277711568996914,38.89340548375435
277.60000000006306,746.6500000000631,378.7060000000713,47.27026797340135,44.554102588295905,43.6905001560393,49.96597776464357,45.480384064720326,47.26004017646974,46.08195668262006,39.15369782496734
277.7000000000632,746.7500000000632,378.80600000007144,46.6775660065715,44.614792502954984,42.38171562094275,50.16990758708627,44.529640813757126,47.39235004502063,45.883159325850635,39.41763531046103
277.8000000000631,746.8500000000631,378.90600000007134,46.44691642564748,44.74925241799338,41.69177893595994,49.63275980472003,44.06934768080371,47.19100611135671,45.68435143837496,39.678265646982354
277.90000000006324,746.9500000000633,379.0060000000715,46.57831922971282,44.957482333225194,43.3091772031896,49.344058472323454,44.94374821645121,47.15077040277433,45.4896358869264,39.92792437764177
278.00000000006315,747.0500000000632,379.1060000000714,46.70972203335972,45.16571224906339,45.65520755773575,49.133813913295384,46.18246479554773,47.14976308117939,45.300491837749135,40.167426670328794
278.1000000000633,747.1500000000633,379.2060000000715,46.179608718733114,46.33402012407206,46.57704655812339,46.44030303092676,46.37832763842825,46.38716157749941,45.11762208588129,40.4128705778696
278.2000000000632,747.2500000000632,379.30600000007144,45.64949540410771,47.50232799907808,47.049140922114134,42.96260278637163,46.34931816311092,45.232465392724855,44.94244076335419,40.662044828068055
278.30000000006333,747.3500000000633,379.4060000000716,46.02550175200822,46.805328291331804,45.781021035486,43.2605166470142,45.90326139374711,45.032922469173,44.76598565026766,40.9021279234498
278.40000000006324,747.4500000000633,379.5060000000715,47.30762776013778,44.24302100556114,43.96335980871464,44.75072969409823,45.63549378442621,44.496875349829686,44.584573795600974,41.12764450648876
278.5000000000634,747.5500000000634,379.6060000000716,48.589753765213544,41.68071372287328,43.45891730033474,45.51381712130336,46.024335532774145,43.59726542208832,44.403744612576155,41.347848625890904
278.6000000000633,747.6500000000633,379.7060000000715,45.053413050584595,43.98721423691099,43.36917543824289,46.04728593260296,44.21129424441374,45.017250084756974,44.20732765037746,41.577464886918676
278.7000000000634,747.7500000000634,379.80600000007166,41.51707233594761,46.29371475095393,43.23221364646035,45.16836019307911,42.374642991203984,45.731037472016524,44.00316420788708,41.810863815591915
278.80000000006333,747.8500000000633,379.9060000000716,42.28344877982737,47.74203302882174,43.08034029799229,43.84341512346829,42.68189453890983,45.792724076145014,43.802388617662174,42.04005007521112
278.90000000006347,747.9500000000635,380.0060000000717,47.35254237130924,48.332169072698626,43.314990703776786,45.78675588499794,45.33376653754301,47.05946247884828,43.61184804348038,42.267247401066946
279.0000000000634,748.0500000000634,380.1060000000716,52.42163595870178,48.92230511737372,43.67170124200334,48.762186904935895,48.04666860035256,48.842246011154806,43.41886813725337,42.4986294486781
279.1000000000635,748.1500000000635,380.20600000007175,51.062617589431284,50.772824376374444,43.471036911969534,47.61891178766454,47.26682725070041,49.19586808201949,43.215782722045574,42.73985117232369
279.2000000000634,748.2500000000634,380.30600000007166,49.70359922016388,52.62334363537096,43.09435946633506,45.17499263217682,46.398979343249465,48.899168133773884,43.00728485845031,42.97766669220123
279.30000000006356,748.3500000000636,380.4060000000718,47.92059631214806,52.75397497961467,43.115856782513966,46.49206281417944,45.51822654733101,49.62301889689705,42.804902215750914,43.207723479385635
279.40000000006347,748.4500000000635,380.5060000000717,45.7136088664697,51.164718413477,43.26309349666584,48.996813834926705,44.488351181567765,50.08076612420185,42.61096741118595,43.42794897728668
279.5000000000636,748.5500000000636,380.60600000007184,43.506621420636016,49.57546184743388,41.21254570129379,49.56356857693734,42.35958356096491,49.56951521218561,42.42938999094843,43.64273766582929
279.6000000000635,748.6500000000635,380.70600000007175,41.06352471005683,48.14040812687598,38.467960695124816,49.518324496490095,39.76574270259083,48.82936631168304,42.2482901127994,43.85666571477617
279.70000000006365,748.7500000000637,380.8060000000719,38.6204279994721,46.705354406314825,37.805009926274174,48.96033538739613,38.21271896287314,47.83284489685548,42.06353883341698,44.06039499843589
279.80000000006356,748.8500000000636,380.9060000000718,39.450385671409784,45.53953632708956,37.79941733504483,48.24042679621039,38.624901503227306,46.889981561649975,41.87851044267934,44.25052750951174
279.9000000000637,748.9500000000637,381.00600000007194,43.55339771753854,44.642953888509254,41.690296590360845,47.257687202743305,42.62184715394969,45.95032054562628,41.685856588760124,44.444846441534494
280.0000000000636,749.0500000000636,381.10600000007184,47.6564097593771,43.74637145224837,46.81164063446583,46.19194834572766,47.234025196921465,44.96915989898801,41.478759221847895,44.652278148106646
280.10000000006374,749.1500000000638,381.206000000072,45.035327900545084,46.48976266935007,44.13197399438681,48.638439955869565,44.58365094746595,47.56410131260982,41.26681389668806,44.865563378800985
280.20000000006365,749.2500000000637,381.3060000000719,42.414246041719025,49.233153886445535,38.988830305860745,52.19405697231453,40.701538173789885,50.71360542938003,41.066422420005054,45.078555643006155
280.3000000000638,749.3500000000638,381.406000000072,40.977577406764944,50.52156974612728,37.69092546561186,51.0059889297572,39.3342514361884,50.76377933794224,40.872448463080225,45.289628919111905
280.4000000000637,749.4500000000637,381.50600000007194,40.72532199266777,50.355010252101266,37.60730657266524,48.3199150850056,39.166314282666505,49.33746266855343,40.679094225161016,45.49676888836832
280.50000000006384,749.5500000000638,381.6060000000721,40.47306657893129,50.188450757669806,37.80094210482197,49.048546069863804,39.13700434187663,49.6184984137668,40.49032686308171,45.706382022329834
280.60000000006374,749.6500000000638,381.706000000072,40.786234556076444,49.387891604090335,38.08213166561255,50.85550489139295,39.4341831108445,50.12169824774164,40.30166637593936,45.909271516805994
280.7000000000639,749.7500000000639,381.8060000000721,41.09940253322231,48.587332450509045,40.2046807411695,51.79588695780104,40.65204163719591,50.19160970415504,40.097074405907364,46.101269369419754
280.8000000000638,749.8500000000638,381.906000000072,40.28177418565926,49.19908652310984,42.90871176645639,52.46261320787982,41.595242976057826,50.83084986549483,39.88028911789469,46.28729794131892
280.9000000000639,749.9500000000639,382.00600000007216,38.33334951627352,51.22315381828608,41.42693373810718,50.415332256558,39.880141627190355,50.81924303742204,39.659334509284506,46.471496497342834
281.00000000006384,750.0500000000638,382.1060000000721,36.384924849370336,53.24722110983202,38.62332127699362,47.51099640292243,37.50412306318198,50.37910875637722,39.444682192841235,46.653055979046826
281.100000000064,750.150000000064,382.2060000000722,38.31511268554505,49.596557590657156,38.322758705597344,49.59476188689485,38.3189356955712,49.59565973877601,39.240993998320974,46.8259585617485
281.2000000000639,750.2500000000639,382.3060000000721,40.24530052171537,45.9458940714906,38.812632938356224,53.25371726072048,39.5289667300358,49.59980566610554,39.03962790048885,46.98987896610948
281.300000000064,750.350000000064,382.40600000007225,40.04938734407065,47.115687217753404,39.559088497389645,52.63664006085123,39.804237920730145,49.87616363930232,38.83883617841535,47.14928404966592
281.4000000000639,750.4500000000639,382.50600000007216,37.72737315805509,53.105937017098796,40.38656973808169,50.6692367904227,39.05697144806839,51.88758690376075,38.64360816033553,47.310667144270525
281.50000000006406,750.5500000000641,382.6060000000723,35.40535897550389,59.09618681033615,40.764588555013894,49.653739149424084,38.084973765258894,54.37496297988012,38.456806120038145,47.47413148996269
281.600000000064,750.650000000064,382.7060000000722,38.49457585857891,55.53915167701258,41.00067187026703,48.93884328495294,39.74762386442297,52.23899748098276,38.26406241404899,47.651603036531746
281.7000000000641,750.7500000000641,382.80600000007234,41.58379274166097,51.98211654368093,41.54411321601336,48.633262105449894,41.563952978837165,50.307689324565416,38.05398778436475,47.84009954275717
281.800000000064,750.850000000064,382.90600000007225,42.987677201858745,50.29919497551964,42.18461499205582,48.456938194373244,42.58614609695728,49.37806658494644,37.832579732517445,48.03018261314356
281.90000000006415,750.9500000000642,383.0060000000724,42.70622924350112,50.490386967714386,42.497598136734545,48.488700360296605,42.60191369011783,49.489543664005495,37.61362208160451,48.21675800207931
282.00000000006406,751.0500000000641,383.1060000000723,42.42478128343481,50.68157895939141,42.70715434560207,48.586173918696325,42.565967814518444,49.63387643904387,37.405017691635635,48.39160315879609
282.1000000000642,751.1500000000642,383.20600000007244,39.47748240769123,50.06602222450269,42.07419501598756,51.252568144875006,40.7758387118394,50.659295184688844,37.20783893839114,48.55160783671148
282.2000000000641,751.2500000000641,383.30600000007234,36.53018353195435,49.45046548961537,41.175178148962075,54.730200473442885,38.85268084045821,52.09033298152913,37.01801845460544,48.697055176856246
282.30000000006424,751.3500000000643,383.4060000000725,36.47994612033472,48.483520760824135,39.48419808328543,54.43885764315387,37.982072101810076,51.461189201989,36.83661696514328,48.83409590012737
282.40000000006415,751.4500000000642,383.5060000000724,39.32677016538909,47.16518803903622,37.54312437692713,52.957312135845285,38.43494727115811,50.061250087440754,36.66064845360836,48.977872631873964
282.5000000000643,751.5500000000643,383.6060000000725,42.1735942062968,45.8468553183722,36.19421265317116,53.35232389900451,39.183903429733974,49.599589608688355,36.483514114231255,49.13632278406628
282.6000000000642,751.6500000000642,383.70600000007244,38.56610404966388,46.279814093299564,35.032299449498225,54.33993269258804,36.79920174958105,50.3098733929438,36.29637785217082,49.302606970620936
282.70000000006434,751.7500000000643,383.8060000000726,34.95861389302276,46.71277286822791,37.42712692382195,51.66363994697892,36.19287040842235,49.18820640760342,36.108143525613286,49.45706774155208
282.80000000006424,751.8500000000643,383.9060000000725,33.786504664699095,48.068518820555646,40.94513566041295,47.83032566728113,37.36582016255602,47.94942224391839,35.92041140220028,49.590602872676506
282.9000000000644,751.9500000000644,384.0060000000726,35.04977635841922,50.34705194791379,41.09537289120947,48.651994433588904,38.07257462481435,49.49952319075135,35.731645943650335,49.71674222553161
283.0000000000643,752.0500000000643,384.1060000000725,36.31304805040026,52.62558507139905,40.18210333492965,50.94365784015775,38.24757569266495,51.7846214557784,35.53899020202471,49.8552123012325
283.1000000000644,752.1500000000644,384.20600000007266,34.878110061285945,48.89338511149464,39.62464400307491,51.89622992368473,37.25137703218043,50.39480751758968,35.33709289410445,50.00852461914856
283.20000000006434,752.2500000000643,384.3060000000726,33.44317207217489,45.161185151598715,39.17954579427749,52.425931064772676,36.31135893322619,48.79355810818569,35.12841053366404,50.1760968570094
283.3000000000645,752.3500000000645,384.4060000000727,33.87534082715743,45.68857841772592,38.76264392204324,51.40566403939296,36.318992374600334,48.54712122855944,34.92340970297428,50.34904736356564
283.4000000000644,752.4500000000644,384.5060000000726,36.17461632141742,50.475564898890845,38.35464615605788,49.89593338444895,37.26463123873765,50.1857491416699,34.72506601286599,50.50048828001939
283.5000000000645,752.5500000000645,384.60600000007275,38.473891813104814,55.26255137712717,38.082700750414226,51.91591751623949,38.27829628175952,53.58923444668333,34.526557961737446,50.626388534588656
283.6000000000644,752.6500000000644,384.70600000007266,36.78113468400652,55.49742438142864,37.85371924786599,55.050548418340924,37.31742696593625,55.27398639988478,34.32221860376954,50.748561583141175
283.70000000006456,752.7500000000646,384.8060000000728,35.08837755490437,55.73229738573063,38.22573572247202,55.643400774622954,36.65705663868819,55.68784908017679,34.12030630112402,50.873750853226994
283.8000000000645,752.8500000000645,384.9060000000727,35.487920958465295,54.29144360472619,38.78754103121153,55.433586224895336,37.137730994838414,54.86251491481076,33.927408709223414,50.999466014107526
283.9000000000646,752.9500000000646,385.00600000007285,37.97976488928677,51.1748630427371,37.563973060775126,53.982867873546276,37.77186897503095,52.57886545814169,33.733044033351334,51.12871331586589
284.0000000000645,753.0500000000645,385.10600000007275,40.47160881724387,48.0582824853422,35.7766030044298,52.14028516535739,38.12410591083683,50.099283825349794,33.524059765531526,51.261238752453416
284.10000000006465,753.1500000000647,385.2060000000729,38.536414297609866,52.04531500526123,36.176270223724345,53.586822112107804,37.356342260667105,52.81606855868452,33.308639894468214,51.38847759302705
284.20000000006456,753.2500000000646,385.3060000000728,36.60121977798026,56.032347525171204,37.266580790463564,56.07202841942649,36.93390028422191,56.052187972298846,33.090839573689784,51.50982952076175
284.3000000000647,753.3500000000647,385.40600000007294,34.59257868565762,55.8309017727875,36.66479319806117,54.80989118203869,35.628685941859395,55.3203964774131,32.873531009634,51.63742559016573
284.4000000000646,753.4500000000646,385.50600000007285,32.510491020841116,51.440977758948776,35.528658820697345,52.364382303684124,34.01957492076923,51.90268003131645,32.66845232796982,51.769412049319804
284.50000000006474,753.5500000000648,385.606000000073,30.42840335814089,47.051053749924144,33.982373705017636,51.57388248920489,32.20538853157926,49.312468119564514,32.474296157239785,51.9027767316066
284.60000000006465,753.6500000000647,385.7060000000729,31.619413635315528,50.10552780686896,32.30656730407629,51.30601711386284,31.96299046969591,50.70577246036591,32.28011973658603,52.03598556784933
284.7000000000648,753.7500000000648,385.806000000073,32.81042391249287,53.16000186382073,33.90499259914273,53.894608403242906,33.3577082558178,53.52730513353182,32.077137894048875,52.17292344735198
284.8000000000647,753.8500000000647,385.90600000007294,32.75002160411786,54.626291176457826,36.53738579407408,57.38523863576413,34.64370369909597,56.00576490611098,31.87799051130947,52.31337326201627
284.90000000006484,753.9500000000648,386.0060000000731,31.438206713433953,54.50439574890358,36.982167465096595,56.245434744532,34.210187089265276,55.37491524671779,31.67654940165505,52.45777773282822
285.00000000006474,754.0500000000648,386.106000000073,30.12639182556691,54.38250032075031,36.73612444712045,53.64338850428292,33.43125813634368,54.01294441251662,31.467443513997686,52.60761778654397
285.1000000000649,754.1500000000649,386.2060000000731,33.156890457147284,53.33577867631992,36.715285268877565,53.061152756144615,34.936087863012425,53.19846571623226,31.257436489720767,52.756709743792676
285.2000000000648,754.2500000000648,386.306000000073,36.187389088720764,52.28905703189191,36.76556309237107,53.11675189770017,36.476476090545916,52.702904464796035,31.05127744284418,52.902525556850264
285.3000000000649,754.3500000000649,386.40600000007316,35.639224043637824,52.36454437254912,35.092030757561794,55.38344307144516,35.365627400599806,53.87399372199714,30.850576329593196,53.042676263063974
285.40000000006484,754.4500000000648,386.5060000000731,31.51239533119334,53.56224069537728,32.874137322316486,58.34837383149843,32.19326632675491,55.95530726343785,30.65497350961713,53.173057291516635
285.500000000065,754.550000000065,386.6060000000732,27.385566624672318,54.75993701728761,32.15028450771704,54.29658089641606,29.767925566194677,54.528258956851836,30.460765420139513,53.29218250774587
285.6000000000649,754.6500000000649,386.7060000000731,32.382148033608175,54.54204963725797,31.898233992484673,48.028980487555586,32.140191013046426,51.28551506240677,30.264210661189278,53.40418570984837
285.700000000065,754.750000000065,386.80600000007325,37.37872944255539,54.324162257227826,32.39220830762668,48.08801939926902,34.885468875091036,51.20609082824842,30.065201618816733,53.520442509226825
285.8000000000649,754.8500000000649,386.90600000007316,38.490693797645974,54.6602705919793,33.12176941036191,50.14494440420572,35.80623160400394,52.40260749809251,29.867589622452666,53.64514950218949
285.90000000006506,754.9500000000651,387.0060000000733,35.718041108989475,55.550374640072874,32.190788199806775,52.75256955335454,33.95441465439812,54.151472096713704,29.67445500604992,53.76762300160176
286.000000000065,755.050000000065,387.1060000000732,32.94538842075543,56.44047868771494,30.735425208214213,55.53410001049632,31.840406814484822,55.98728934910563,29.486600105626618,53.87245691487765
286.1000000000651,755.1500000000651,387.20600000007335,30.812683541091516,56.63937473200654,32.70035068889947,54.88944538520965,31.756517114995493,55.76441005860809,29.290295686970858,53.970719567463014
286.200000000065,755.250000000065,387.30600000007325,28.679978661432457,56.83827077629767,35.745367261750324,53.16283758034492,32.212672961591394,55.000554178321295,29.07576634688415,54.07736947307772
286.30000000006515,755.3500000000652,387.4060000000734,27.39432288738676,56.64369250545511,32.05243712226464,52.72593705176726,29.7233800048257,54.684814778611184,28.85393430634954,54.193085899579614
286.40000000006506,755.4500000000651,387.5060000000733,26.95571621675312,56.055639920505,26.231734345340108,52.69631250353954,26.593725281046616,54.375976212022266,28.641593766936822,54.31739814279493
286.5000000000652,755.5500000000652,387.60600000007344,26.517109548641294,55.46758733486061,27.58568707830464,53.47582892808143,27.051398313472966,54.47170813147102,28.43931574231403,54.445458689757196
286.6000000000651,755.6500000000651,387.70600000007335,29.944507866637853,53.81764085018091,31.205320489486127,54.510863553520544,30.574914178061988,54.16425220185073,28.231534887839,54.559333217059184
286.70000000006524,755.7500000000653,387.8060000000735,33.37190618464221,52.16769436549746,32.5114745970367,54.48783901850793,32.941690390839454,53.3277666920027,28.0152327193733,54.66575710013993
286.80000000006515,755.8500000000652,387.9060000000734,34.32204379867195,51.9725396571079,33.08705629584876,54.13069053943338,33.704550047260355,53.051615098270645,27.791547313875075,54.77185414263191
286.9000000000653,755.9500000000653,388.0060000000735,32.79492071519767,53.232176721213975,29.67995718968939,52.84622464333713,31.23743895244353,53.03920068227555,27.573487087327464,54.8833256772293
287.0000000000652,756.0500000000652,388.10600000007344,31.26779763403973,54.49181378464448,25.015169413348318,51.26892166936393,28.141483523694024,52.8803677270042,27.36136367079677,54.99626403100892
287.10000000006534,756.1500000000653,388.2060000000736,33.28497016115336,54.72057349809207,25.730115331626237,53.101049734382286,29.5075427463898,53.91081161623718,27.153227721998284,55.10272421806673
287.20000000006524,756.2500000000653,388.3060000000735,35.30214268826241,54.94933321153915,28.14392451504368,56.009840228423954,31.723033601653043,55.479586719981555,26.94378071733793,55.197847458627656
287.3000000000654,756.3500000000654,388.4060000000736,36.0517399185821,56.66496573624992,27.58190190739664,55.21068017157176,31.81682091298937,55.93782295391084,26.732317681915234,55.288389380806905
287.4000000000653,756.4500000000653,388.5060000000735,35.5337618554235,59.867471068328726,26.080142948466623,53.240588366528435,30.80695240194506,56.55402971742858,26.526247268857485,55.38102862756329
287.5000000000654,756.5500000000654,388.60600000007366,35.01578379005178,63.06997639876233,28.506791256285922,52.664002160135354,31.76128752316885,57.866989279448845,26.32480080946655,55.47849063108324
287.60000000006534,756.6500000000653,388.7060000000736,31.119965296019682,63.74897455066716,32.1739892222771,52.52747035154241,31.646977259148393,58.13822245110478,26.12323977801541,55.58049559938033
287.7000000000655,756.7500000000655,388.8060000000737,27.224146801978726,64.42797270257353,33.07780333181596,53.680014287161754,30.15097506689734,59.05399349486764,25.915703369668392,55.6794544375565
287.8000000000654,756.8500000000654,388.9060000000736,24.702930328467936,62.81620904616214,33.10896991125618,55.23963477193922,28.90595011986206,59.02792190905068,25.700980652300657,55.774116882291594
287.9000000000655,756.9500000000655,389.00600000007375,23.55631587187529,58.91368358742598,30.329078772276198,55.65177369726277,26.942697322075745,57.282728642344374,25.490197612711977,55.86744531353546
288.0000000000654,757.0500000000654,389.10600000007366,22.409701417246424,55.011158131062246,26.661485199492773,55.701550026325826,24.5355933083696,55.35635407869404,25.29131301418758,55.9584161677034
288.10000000006556,757.1500000000656,389.2060000000738,24.257987672409147,54.71802736084353,25.3818088231325,56.668848079389846,24.819898247770823,55.69343772011669,25.104751908537636,56.04579677650955
288.2000000000655,757.2500000000655,389.3060000000737,26.106273927567663,54.42489659062547,24.856211558389045,57.92588983359633,25.481242742978353,56.175393212110905,24.915821512722783,56.13745183152455
288.3000000000656,757.3500000000656,389.40600000007385,28.293854471964185,55.29513537509864,24.607258789687613,58.58280394364476,26.4505566308259,56.9389696593717,24.721830446907056,56.232703448803214
288.4000000000655,757.4500000000655,389.50600000007375,30.820729304698485,57.32874371120651,24.445667440436402,59.05020406156556,27.633198372567442,58.18947388638604,24.52580498747898,56.32951556937124
288.50000000006565,757.5500000000657,389.6060000000739,33.347604134210684,59.36235204690244,26.154234492160217,58.535040793117986,29.75091931318545,58.94869642001021,24.332078211037786,56.42544008427176
288.60000000006556,757.6500000000656,389.7060000000738,30.962287716109973,60.76201469873252,28.453377878638953,57.70959435128498,29.707832797374465,59.235804525008746,24.14079439888635,56.52027927183897
288.7000000000657,757.7500000000657,389.80600000007394,28.57697129800384,62.16167735056579,28.630754000231864,58.06965599965094,28.60386264911785,60.115666675108365,23.94652500232953,56.60849255986846
288.8000000000656,757.8500000000656,389.90600000007385,27.173368965638225,62.2929468018781,28.138098356677084,58.80408862235311,27.655733661157655,60.54851771211561,23.748763426012147,56.6899619511298
288.90000000006575,757.9500000000658,390.006000000074,26.751480716426368,61.155823056003946,27.348325837104873,57.85124189166717,27.04990327676562,59.50353247383556,23.5494471252796,56.764717208615366
289.00000000006565,758.0500000000657,390.1060000000739,26.329592465607917,60.01869931065911,26.464726936014777,56.36557010417734,26.397159700811347,58.19213470741822,23.347346470650898,56.834382909456345
289.1000000000658,758.1500000000658,390.206000000074,23.46130001669904,59.683159164224335,27.239780234135722,56.261063100106554,25.350540125417382,57.972111132165445,23.139931374115132,56.903085401309944
289.2000000000657,758.2500000000657,390.30600000007394,20.59300756779669,59.347619017790315,28.538618435145413,56.59271339429537,24.56581300147105,57.97016620604285,22.936954558146425,56.97517905908052
289.30000000006584,758.3500000000658,390.4060000000741,19.811385683698653,59.07538110103567,27.71686659420439,58.25996949843874,23.76412613895152,58.667675299737205,22.73944981784529,57.04919169468292
289.40000000006575,758.4500000000658,390.506000000074,21.116434358914304,58.866445413794935,26.225454742734513,60.34899585664146,23.67094455082441,59.6077206352182,22.549086699502087,57.12245613054681
289.5000000000659,758.5500000000659,390.6060000000741,22.421483033452144,58.65750972539329,26.0375802691572,61.16240494704418,24.229531651304672,59.90995733621874,22.364879189373937,57.19254914468536
289.6000000000658,758.6500000000658,390.706000000074,22.694082518650458,56.68868494651652,26.261349176401847,61.572987533458615,24.477715847526152,59.130836239987566,22.18609178269495,57.25940096470487
289.7000000000659,758.7500000000659,390.80600000007416,22.966682003849392,54.71986016763527,23.476738558198548,60.491288540745536,23.22171028102397,57.6055743541904,22.002303679722537,57.327806303956166
289.80000000006584,758.8500000000658,390.9060000000741,21.78740762294742,55.566068975319716,19.74211335687643,58.93834273548731,20.764760489911925,57.25220585540352,21.812425308789255,57.39824490282649
289.900000000066,758.950000000066,391.0060000000742,19.15625937976855,59.22731136214895,18.625270315289942,59.18641331488732,18.890764847529248,59.206862338518135,21.62124960951116,57.46931653307281
290.0000000000659,759.0500000000659,391.1060000000741,16.525111138692413,62.88855374572743,18.335095320791343,60.00322590818397,17.430103229741878,61.4458898269557,21.429045592079067,57.54024139624815
290.100000000066,759.150000000066,391.20600000007425,17.073826061116645,61.63242503387032,17.520953949893485,62.198340841788045,17.297390005505065,61.91538293782918,21.238589038184607,57.60733463628726
290.2000000000659,759.2500000000659,391.30600000007416,17.622540983539622,60.37629632201606,16.54134951343942,64.82870914423941,17.08194524848952,62.602502733127736,21.055824060720965,57.66922595302988
290.30000000006606,759.3500000000661,391.4060000000743,18.267413840231153,59.16587524993379,16.265657845154333,63.31885704400407,17.266535842692743,61.24236614696893,20.876846904974304,57.730590138822095
290.400000000066,759.450000000066,391.5060000000742,19.008444630934235,58.00116181750825,16.212254418545328,60.50156692719172,17.61034952473978,59.25136437234998,20.699703586410727,57.79275649168071
290.5000000000661,759.5500000000661,391.60600000007435,19.74947542239106,56.836448388160626,15.867282047417648,58.83114314326666,17.808378734904355,57.833795765713646,20.519076600374447,57.855083146167146
290.600000000066,759.650000000066,391.70600000007425,21.627128599759633,60.32756954275677,15.430235273133695,57.52288767352054,18.528681936446663,58.92522860813865,20.33351448852504,57.917413813887016
290.70000000006615,759.7500000000662,391.8060000000744,23.504781777132475,63.81869069736085,15.349606849013584,57.71892926597014,19.42719431307303,60.7688099816655,20.147172046624313,57.9827827346096
290.80000000006606,759.8500000000661,391.9060000000743,24.181537943422434,63.69388877958472,15.381531587645057,58.39001203402037,19.781534765533745,61.04195040680254,19.960945180322458,58.05275203853846
290.9000000000662,759.9500000000662,392.00600000007444,23.657397101810922,59.95316379899782,18.01005710360986,59.056218047092074,20.83372710271039,59.50469092304495,19.776495432623648,58.12351633419461
291.0000000000661,760.0500000000661,392.10600000007435,23.13325625749131,56.21243882253637,21.458561809067568,59.720884032280104,22.29590903327944,57.96666142740824,19.593112488149224,58.19641627574457
291.10000000006625,760.1500000000663,392.2060000000745,18.51441379902093,58.69389807531576,19.580530894807257,60.69168137282801,19.04747234691409,59.692789724071886,19.408180373362654,58.27290032059229
291.20000000006615,760.2500000000662,392.3060000000744,13.895571340561048,61.175357328089504,16.02043610750109,61.7591517725661,14.95800372403107,61.4672545503278,19.230471530641267,58.343727056027
291.3000000000663,760.3500000000663,392.4060000000745,11.179910806262882,62.3008905246042,16.967943711326562,60.75665752088973,14.073927258794722,61.528774022746965,19.06008002359004,58.41171001701048
291.4000000000662,760.4500000000662,392.50600000007444,10.367432191093105,62.070497668449526,19.33890469601304,59.10049022406899,14.853168443553072,60.58549394625926,18.888464406786994,58.47944721463088
291.50000000006634,760.5500000000663,392.6060000000746,9.554953576890073,61.840104813688875,17.035351654021987,58.53697759348289,13.295152615456029,60.188541203585885,18.70628356289776,58.54213764570666
291.60000000006625,760.6500000000663,392.7060000000745,10.20134846653284,63.71013423120077,13.255636293852884,58.31851380345803,11.728492380192861,61.0143240173294,18.513294344256302,58.59772535354615
291.7000000000664,760.7500000000664,392.8060000000746,10.847743356177077,65.58016364871692,15.019833260437185,59.08281883284962,12.93378830830713,62.331491240783265,18.323412063262857,58.65190420851368
291.8000000000663,760.8500000000663,392.9060000000745,12.68144717901885,66.56753403227799,18.534739375682737,60.157471909208155,15.608093277350793,63.36250297074307,18.136987343653676,58.707265134988155
291.9000000000664,760.9500000000664,393.00600000007466,15.702459931913332,66.67224538423258,18.642863475918055,58.473736971228846,17.172661703915693,62.572991177730714,17.95407159932704,58.75974219388047
292.00000000006634,761.0500000000663,393.1060000000746,18.72347268067445,66.77695673375223,17.67516168107343,55.91893213755038,18.19931718087394,61.3479444356513,17.775258944107033,58.810395558640096
292.1000000000665,761.1500000000665,393.2060000000747,15.529242594326973,63.21458837545313,16.786090895297665,59.33879751946396,16.157666744812317,61.27669294745854,17.60492743478584,58.8630857796229
292.2000000000664,761.2500000000664,393.3060000000746,12.335012507986757,59.652220017162136,15.921850954392102,64.64540085646819,14.12843173118943,62.14881043681516,17.444929952788847,58.91872480100611
292.3000000000665,761.3500000000665,393.40600000007476,10.982390749942743,59.156958075858086,14.919837747694666,65.38938119136868,12.951114248818705,62.273169633613385,17.29111981636842,58.978334027229266
292.4000000000664,761.4500000000664,393.50600000007466,11.471377315301899,61.72880254338391,13.874317194086156,64.69253321571134,12.672847254694027,63.21066787954762,17.135667518432633,59.04169968108272
292.50000000006656,761.5500000000666,393.6060000000748,11.960363880261957,64.30064700954277,12.461988750564439,63.07469085411345,12.211176315413198,63.687668931828114,16.96429113423899,59.10880900432273
292.6000000000665,761.6500000000665,393.7060000000747,11.848620965940258,64.81187570939784,10.933826237022576,61.16600816130961,11.391223601481418,62.98894193535372,16.77453953871877,59.17982733412305
292.7000000000666,761.7500000000666,393.80600000007485,11.736878051618305,65.32310440925406,12.332451179279282,61.9246164152306,12.034664615448794,63.62386041224233,16.59534720315654,59.2405072519169
292.8000000000665,761.8500000000665,393.90600000007476,12.110166983906486,65.65268831769029,14.655324787997603,63.525527069927534,13.382745885952044,64.58910769380891,16.431621452349987,59.28863934454435
292.90000000006665,761.9500000000667,394.0060000000749,12.968487761513979,65.8006274351921,13.446498655660339,65.09996914085855,13.20749320858716,65.45029828802532,16.273343059063762,59.33657154112174
293.00000000006656,762.0500000000666,394.1060000000748,13.826808537069384,65.94856655074325,11.12239892546052,66.66605271168253,12.474603731264953,66.30730963121289,16.11573373810232,59.390186274230565
293.1000000000667,762.1500000000667,394.20600000007494,11.60779673302288,63.169012500326936,9.08624968590707,65.41828029762563,10.347023209464975,64.29364639897628,15.958241189813375,59.442681343015835
293.2000000000666,762.2500000000666,394.30600000007485,9.388784928981423,60.389458449916944,7.141032179874948,63.28192178672959,8.264908554428185,61.83569011832327,15.799564662365173,59.49317163158605
293.30000000006675,762.3500000000668,394.406000000075,8.20021450954767,59.5260085810464,6.187894551524904,62.52241402193219,7.194054530536287,61.024211301489295,15.63603610891557,59.54338338845742
293.40000000006665,762.4500000000667,394.5060000000749,8.042085471976401,60.57866288860444,5.54804530431725,62.197701227803975,6.795065388146826,61.38818205820421,15.468749781207551,59.59104837177763
293.5000000000668,762.5500000000668,394.606000000075,7.883956434897549,61.6313171960589,6.9565203093205685,62.143552171276,7.420238372109059,61.88743468366745,15.308296526602591,59.63875959744076
293.6000000000667,762.6500000000667,394.70600000007494,8.462986319196611,62.52544143163221,9.011834549202002,62.174844294691916,8.737410434199306,62.35014286316206,15.157309481415995,59.68822434613594
293.70000000006684,762.7500000000668,394.8060000000751,9.042016203496988,63.41956566720755,9.69226855908926,60.28362777219977,9.367142381293124,61.851596719703664,15.003076170761709,59.74081040565822
293.80000000006675,762.8500000000668,394.906000000075,9.397206665813162,62.71109252244925,9.93852986654989,57.785303258763356,9.667868266181525,60.248197890606306,14.844022019332664,59.79337994754174
293.9000000000669,762.9500000000669,395.0060000000751,9.528557706745273,60.40002200163929,13.056202702203763,59.85078225010863,11.292380204474519,60.12540212587396,14.683871169932727,59.84484846164359
294.0000000000668,763.0500000000668,395.106000000075,9.659908746461772,58.08895148639332,17.08063706933835,63.35746234229424,13.370272907900063,60.72320691434378,14.526697477794388,59.88830333724163
294.1000000000669,763.1500000000669,395.20600000007516,7.97322954170683,64.09335839129095,15.51988272577696,64.62451441008696,11.746556133741894,64.35893640068895,14.373396286384375,59.92184834799457
294.20000000006684,763.2500000000668,395.3060000000751,6.286550336955724,70.09776529617493,12.195384586101094,65.18431552571508,9.24096746152841,67.64104041094501,14.21347099099363,59.96390318145228
294.300000000067,763.350000000067,395.4060000000752,6.155092483356581,72.00770016369549,11.1038056274713,66.26932236518257,8.62944905541394,69.13851126443903,14.04630932462912,60.01365246971644
294.4000000000669,763.4500000000669,395.5060000000751,7.578855976744399,69.82316300481084,10.717359038902579,67.52018364307091,9.14810750782349,68.67167332394087,13.875075175722301,60.06710543423405
294.500000000067,763.550000000067,395.60600000007526,9.002619470156727,67.6386258446576,10.746702441808404,64.5553140720081,9.874660955982566,66.09696995833285,13.703778207719225,60.12011426696259
294.6000000000669,763.6500000000669,395.70600000007516,10.458099449448659,63.57019153563457,10.907347946743872,60.259161080456686,10.682723698096265,61.91467630804563,13.532624450375907,60.17254806871488
294.70000000006706,763.7500000000671,395.8060000000753,11.913579428743901,59.5017572266023,11.08082934220677,59.27179723208527,11.497204385475335,59.386777229343785,13.368602681489477,60.22089653681918
294.800000000067,763.850000000067,395.9060000000752,13.489203005969529,59.195199633249395,11.258364176766369,59.32931416146702,12.37378359136795,59.262256897358206,13.212242896154367,60.263543659119335
294.9000000000671,763.9500000000671,396.00600000007535,15.184970180810362,62.65051874548131,10.920013553947042,60.73989560930876,13.052491867378702,61.695207177395034,13.059351671531003,60.30869733034196
295.000000000067,764.050000000067,396.10600000007526,16.8807373528511,66.10583785567077,10.418751734733672,62.57776058752909,13.649744543792385,64.34179922159993,12.90465616336442,60.35942844823609
295.10000000006715,764.1500000000672,396.2060000000754,14.407694356124168,66.5278579205829,10.256112546643182,63.84888913138234,12.331903451383674,65.18837352598263,12.746976766119845,60.41199885090613
295.20000000006706,764.2500000000671,396.3060000000753,11.934651359402856,66.94987798549408,10.20040682057163,64.9410482756441,11.067529089987243,65.9454631305691,12.598798172381855,60.46173943770264
295.3000000000672,764.3500000000672,396.40600000007544,10.380391776501796,66.7893030322747,9.334662601941686,62.461726215138484,9.857527189221742,64.6255146237066,12.453035241357645,60.51594881726943
295.4000000000671,764.4500000000671,396.50600000007535,9.744915604958768,66.04613306249126,8.213116755142082,58.8545679893728,8.979016180050426,62.45035052593204,12.302599203743261,60.57509359191067
295.50000000006725,764.5500000000673,396.6060000000755,9.109439432221643,65.3029630943792,6.411237419917924,59.16423583157052,7.760338426069784,62.23359946297486,12.149347411299162,60.62806266556851
295.60000000006715,764.6500000000672,396.7060000000754,6.701885811525193,67.04568501875617,4.394515931348007,60.71079611116862,5.5482008714366,63.8782405649624,11.995398403445302,60.67192776207484
295.7000000000673,764.7500000000673,396.8060000000755,4.294332190823269,68.7884069431371,5.78864174985799,62.988062778136836,5.04148697034063,65.88823486063697,11.845418314557513,60.72132996590463
295.8000000000672,764.8500000000672,396.90600000007544,3.5266633696561396,67.57575349296364,8.259877239830878,65.4960788296296,5.893270304743509,66.53591616129663,11.69918331769743,60.77711164945316
295.90000000006734,764.9500000000673,397.0060000000756,4.398879343605573,63.40772467618643,9.57344667287618,62.878291564561785,6.986163008240877,63.143008120374105,11.55291790872032,60.833875153239255
296.00000000006725,765.0500000000673,397.1060000000755,5.271095318287449,59.23969586315152,10.521437352610796,58.6418295746532,7.8962663354491225,58.94076271890236,11.402885014228717,60.884110258965144
296.1000000000674,765.1500000000674,397.2060000000756,7.234538875729127,60.617977902903,8.565748110405886,58.39971604307818,7.900143493067507,59.50884697299059,11.248813613589618,60.92078566228062
296.2000000000673,765.2500000000673,397.3060000000755,9.197982433166342,61.99625994265135,5.693107317706631,59.41897570364986,7.445544875436486,60.707617823150606,11.098570377555394,60.950748906419996
296.3000000000674,765.3500000000674,397.40600000007566,9.104179035959804,62.52768902479762,7.396931826428612,60.9031295927759,8.250555431194208,61.71540930878676,10.950958099000244,60.97906329525941
296.40000000006734,765.4500000000673,397.5060000000756,6.953128689657621,62.212265151623065,10.54595589802723,62.53409218504321,8.749542293842426,62.37317866833314,10.801430783169595,61.010665868024574
296.5000000000675,765.5500000000675,397.6060000000757,4.802078345462011,61.89684127788746,9.740006846306322,62.541269442947645,7.2710425958841665,62.219055360417556,10.64937702120272,61.05136664579639
296.6000000000674,765.6500000000674,397.7060000000756,5.7777341139388785,60.75166349021898,7.6851189187183735,62.035672386863716,6.731426516328626,61.39366793854135,10.495919924830247,61.10194623485423
296.7000000000675,765.7500000000675,397.80600000007576,6.753389882417966,59.6064857025479,5.8831610076559,63.96335119332947,6.318275445036933,61.784918447938686,10.345521647781158,61.14170198035297
296.8000000000674,765.8500000000674,397.90600000007566,6.699910527259421,60.21833450964896,4.161075733065139,66.65943290056627,5.430493130162279,63.438883705107614,10.196806406494797,61.16856481982138
296.90000000006756,765.9500000000676,398.0060000000758,5.6172960512429,62.58720990677888,4.799868194871554,65.19545666413295,5.2085821230572265,63.891333285455914,10.053291222349324,61.19834316325347
297.0000000000675,766.0500000000675,398.1060000000757,4.534681574704739,64.95608530178532,6.184200991391929,62.41777792462807,5.359441283048334,63.686931613206696,9.91618683908469,61.24173790686921
297.1000000000676,766.1500000000676,398.20600000007585,2.6759638554166623,64.18844338733867,4.495860510013571,62.17870293586695,3.585912182715117,63.18357316160281,9.786310290039932,61.29545221985449
297.2000000000675,766.2500000000675,398.30600000007576,0.817246136132812,63.420801472893764,1.837202155438634,62.74129228611752,1.327224145785723,63.08104687950564,9.65739947032539,61.3436155195298
297.30000000006766,766.3500000000677,398.4060000000759,0.3206962808235094,63.74356643728865,2.3394383504291416,62.20519585366024,1.3300673156263256,62.974381145474446,9.522932006044623,61.38053765317655
297.40000000006756,766.4500000000676,398.5060000000758,1.1863142858053304,65.15673827757148,3.8398517674483577,61.32214601758085,2.513083026626844,63.23944214757616,9.383341053942031,61.40758544509988
297.5000000000677,766.5500000000677,398.60600000007594,2.0519322906946544,66.56991011656572,3.380562221061057,61.57960773132599,2.716247255877856,64.07475892394586,9.245477259647531,61.437146582279766
297.6000000000676,766.6500000000676,398.70600000007585,2.778133158790322,66.076553082342,2.3024191098574374,62.19723098562229,2.5402761343238796,64.13689203398215,9.110716767954314,61.472133898081964
297.70000000006775,766.7500000000678,398.806000000076,3.5043340268876406,65.58319604811717,3.4283588658614628,62.80490786510095,3.4663464463745517,64.19405195660906,8.969960938704645,61.51036614892912
297.80000000006766,766.8500000000677,398.9060000000759,4.1435306487214,64.23678319942759,5.2503247875592045,63.40944378412214,4.696927718140302,63.82311349177486,8.823068104564404,61.550572747391556
297.9000000000678,766.9500000000678,399.006000000076,4.695723024530313,62.037314538579196,5.575482639874812,64.95059904766815,5.135602832202562,63.49395679312367,8.680600962415982,61.5861136516022
298.0000000000677,767.0500000000677,399.10600000007594,5.247915400252376,59.83784588133219,5.427964261720338,66.78752883982844,5.3379398309863575,63.31268736058031,8.550772709007976,61.61336246999036
298.10000000006784,767.1500000000678,399.2060000000761,5.6737822274646135,62.94613010817511,4.389710988249252,65.07800652398933,5.031746607856933,64.01206831608222,8.430607167793438,61.6462967397992
298.20000000006775,767.2500000000678,399.306000000076,6.099649054675882,66.05441433501096,3.070173012168707,62.2485519681888,4.584911033422294,64.15148315159988,8.300990369818534,61.692150307992264
298.3000000000679,767.3500000000679,399.4060000000761,6.864733858260259,65.80347327599118,2.664031041879656,64.38917877323267,4.764382450069958,65.09632602461193,8.160436209843452,61.73832030739713
298.4000000000678,767.4500000000678,399.506000000076,7.9690366372933426,62.19330694023666,2.546329914323641,68.0993049488366,5.257683275808492,65.14630594453664,8.016213672462344,61.779723308117354
298.5000000000679,767.5500000000679,399.60600000007616,9.073339412745666,58.583140607847305,2.1868314906205857,66.06954740146975,5.630085451683126,62.32634400465852,7.879368891852573,61.81415872079526
298.60000000006784,767.6500000000678,399.7060000000761,4.906941845056859,59.934918590826314,1.7509760263485914,62.22719500178472,3.328958935702725,61.08105679630552,7.750946453234487,61.84128012051543
298.700000000068,767.750000000068,399.8060000000762,0.7405442773585786,61.2866965738084,-0.17155064002972686,60.30045319539578,0.2844968186644259,60.793574884602094,7.622858236526719,61.869289485536385
298.8000000000679,767.8500000000679,399.9060000000761,0.03829926274459128,63.15599818270731,-2.5635524208985023,58.978641047530004,-1.2626265790769555,61.067319615118656,7.492952665848449,61.900342101076404
298.900000000068,767.950000000068,400.00600000007626,2.8002067917913234,65.54282341612421,-1.3478575396480126,61.455729534966515,0.7261746260716554,63.49927647554536,7.372964596989962,61.9326526425117
299.0000000000679,768.0500000000679,400.10600000007616,5.562114317292465,67.92964864623602,1.00710996698573,65.13247084958823,3.284612142139098,66.53105974791212,7.265445272050915,61.966193616483196
299.10000000006806,768.1500000000681,400.2060000000763,3.117984990621386,65.46293688234161,1.204529807685447,64.44724418002177,2.1612573991534165,64.9550905311817,7.156102548576303,61.99935318838517
299.200000000068,768.250000000068,400.3060000000762,0.673855663955865,62.99622511845281,0.7206188093570954,62.384553942257874,0.6972372366564803,62.69038953035535,7.032721913290581,62.03373768430954
299.3000000000681,768.3500000000681,400.40600000007635,-1.2763688341718749,62.36105537269373,1.569704850560861,62.58236556902028,0.1466680081944931,62.471710470857005,6.899911890702956,62.07145479182694
299.400000000068,768.450000000068,400.50600000007626,-2.73268850509833,63.557427640078245,2.8397373235386274,63.49401988685855,0.05352440922014878,63.5257237634684,6.764062586615647,62.11027210489705
299.50000000006816,768.5500000000682,400.6060000000764,-4.189008173889225,64.75379990686386,3.5878479908532173,62.80130255599803,-0.3005800915180039,63.77755123143095,6.638042410396133,62.14913887779184
299.60000000006806,768.6500000000681,400.7060000000763,-2.509710576650444,65.06820588808402,4.171141246540474,61.60194154872289,0.8307153349450149,63.33507371840346,6.524356717956497,62.18863845130524
299.7000000000682,768.7500000000682,400.80600000007644,-0.8304129794078441,65.38261186930488,1.2929209042976533,60.94188044120583,0.2312539624449046,63.16224615525536,6.405228558494169,62.22403267067827
299.8000000000681,768.8500000000681,400.90600000007635,-0.4658855364459167,65.51150427504898,-2.6784089906040904,60.45212456448075,-1.5721472635250036,62.98181441976486,6.2772737422379645,62.253176790036385
299.90000000006825,768.9500000000683,401.0060000000765,-1.416128244175674,65.45488310582307,-1.381475376136445,60.27269336009324,-1.3988018101560595,62.86378823295816,6.148945271354922,62.28049526702824
300.00000000006816,769.0500000000682,401.1060000000764,-2.3663709495236875,65.3982619374915,1.5791203922149055,60.19125942024466,-0.393625278654391,62.79476067886808,6.024640180993968,62.30535873699414
